<?xml version="1.0" encoding="utf-8"?>
<gpx xmlns:xsd="http://www.w3.org/2001/XMLSchema" xmlns:xsi="http://www.w3.org/2001/XMLSchema-instance" version="1.1" creator="ROUTEEDITOR1" xmlns="http://www.topografix.com/GPX/1/1">
  <metadata>
    <desc>Created/Modified by using GPS Route Editor.</desc>
    <link href="http://www.gpsnote.net">
      <text>GpsNote.NET</text>
    </link>
  </metadata>
  <trk>
    <trkseg>
      <trkpt lat="37.5707114881681" lon="126.977132190415">
        <ele>30.52</ele>
      </trkpt>
      <trkpt lat="37.570621562845" lon="126.977125339066">
        <ele>30.5</ele>
      </trkpt>
      <trkpt lat="37.570531628529" lon="126.977118487033">
        <ele>30.49</ele>
      </trkpt>
      <trkpt lat="37.570441694213" lon="126.977111634999">
        <ele>30.46</ele>
      </trkpt>
      <trkpt lat="37.570351759897" lon="126.977104782965">
        <ele>30.43</ele>
      </trkpt>
      <trkpt lat="37.570261825581" lon="126.977097930931">
        <ele>30.48</ele>
      </trkpt>
      <trkpt lat="37.570171891264" lon="126.977091078898">
        <ele>30.38</ele>
      </trkpt>
      <trkpt lat="37.570081956948" lon="126.977084226864">
        <ele>30.36</ele>
      </trkpt>
      <trkpt lat="37.569992022632" lon="126.97707737483">
        <ele>30.43</ele>
      </trkpt>
      <trkpt lat="37.569902088316" lon="126.977070522797">
        <ele>30.43</ele>
      </trkpt>
      <trkpt lat="37.569812154" lon="126.977063670763">
        <ele>30.4</ele>
      </trkpt>
      <trkpt lat="37.569722219684" lon="126.977056818729">
        <ele>30.41</ele>
      </trkpt>
      <trkpt lat="37.5696406925141" lon="126.97705060723">
        <ele>30.37</ele>
      </trkpt>
      <trkpt lat="37.569632270901" lon="126.977050768696">
        <ele>30.37</ele>
      </trkpt>
      <trkpt lat="37.56954218183" lon="126.977052495952">
        <ele>30.33</ele>
      </trkpt>
      <trkpt lat="37.569452092759" lon="126.977054223208">
        <ele>30.27</ele>
      </trkpt>
      <trkpt lat="37.569362003689" lon="126.977055950464">
        <ele>30.23</ele>
      </trkpt>
      <trkpt lat="37.569271914618" lon="126.97705767772">
        <ele>30.21</ele>
      </trkpt>
      <trkpt lat="37.569181825547" lon="126.977059404976">
        <ele>30.18</ele>
      </trkpt>
      <trkpt lat="37.569091736477" lon="126.977061132232">
        <ele>30.21</ele>
      </trkpt>
      <trkpt lat="37.569001647406" lon="126.977062859488">
        <ele>30.2</ele>
      </trkpt>
      <trkpt lat="37.568911558335" lon="126.977064586744">
        <ele>30.21</ele>
      </trkpt>
      <trkpt lat="37.568821469264" lon="126.977066314">
        <ele>30.26</ele>
      </trkpt>
      <trkpt lat="37.568731380194" lon="126.977068041256">
        <ele>30.33</ele>
      </trkpt>
      <trkpt lat="37.568641291123" lon="126.977069768513">
        <ele>30.41</ele>
      </trkpt>
      <trkpt lat="37.568551202052" lon="126.977071495769">
        <ele>30.46</ele>
      </trkpt>
      <trkpt lat="37.568461112982" lon="126.977073223025">
        <ele>30.56</ele>
      </trkpt>
      <trkpt lat="37.568371023911" lon="126.977074950281">
        <ele>30.6</ele>
      </trkpt>
      <trkpt lat="37.56828093484" lon="126.977076677537">
        <ele>30.66</ele>
      </trkpt>
      <trkpt lat="37.56819084577" lon="126.977078404793">
        <ele>30.68</ele>
      </trkpt>
      <trkpt lat="37.568100756699" lon="126.977080132049">
        <ele>30.69</ele>
      </trkpt>
      <trkpt lat="37.568010667628" lon="126.977081859305">
        <ele>30.68</ele>
      </trkpt>
      <trkpt lat="37.567920578557" lon="126.977083586561">
        <ele>30.73</ele>
      </trkpt>
      <trkpt lat="37.5678576122546" lon="126.977084793799">
        <ele>30.72</ele>
      </trkpt>
      <trkpt lat="37.56783049247" lon="126.97708551953">
        <ele>30.73</ele>
      </trkpt>
      <trkpt lat="37.56774041331" lon="126.977087930066">
        <ele>30.75</ele>
      </trkpt>
      <trkpt lat="37.56765033415" lon="126.977090340602">
        <ele>30.77</ele>
      </trkpt>
      <trkpt lat="37.56756025499" lon="126.977092751138">
        <ele>30.8</ele>
      </trkpt>
      <trkpt lat="37.567470175829" lon="126.977095161674">
        <ele>30.77</ele>
      </trkpt>
      <trkpt lat="37.567380096669" lon="126.97709757221">
        <ele>30.77</ele>
      </trkpt>
      <trkpt lat="37.567290017509" lon="126.977099982746">
        <ele>30.72</ele>
      </trkpt>
      <trkpt lat="37.567199938349" lon="126.977102393282">
        <ele>30.65</ele>
      </trkpt>
      <trkpt lat="37.567109859188" lon="126.977104803818">
        <ele>30.64</ele>
      </trkpt>
      <trkpt lat="37.567019780028" lon="126.977107214354">
        <ele>30.59</ele>
      </trkpt>
      <trkpt lat="37.566929700868" lon="126.97710962489">
        <ele>30.5</ele>
      </trkpt>
      <trkpt lat="37.566839621707" lon="126.977112035426">
        <ele>30.38</ele>
      </trkpt>
      <trkpt lat="37.566749542547" lon="126.977114445962">
        <ele>30.32</ele>
      </trkpt>
      <trkpt lat="37.566659463387" lon="126.977116856499">
        <ele>30.3</ele>
      </trkpt>
      <trkpt lat="37.566569384227" lon="126.977119267035">
        <ele>30.28</ele>
      </trkpt>
      <trkpt lat="37.566479305066" lon="126.977121677571">
        <ele>30.28</ele>
      </trkpt>
      <trkpt lat="37.566389225906" lon="126.977124088107">
        <ele>30.26</ele>
      </trkpt>
      <trkpt lat="37.566299146746" lon="126.977126498643">
        <ele>30.2</ele>
      </trkpt>
      <trkpt lat="37.566209067586" lon="126.977128909179">
        <ele>30.11</ele>
      </trkpt>
      <trkpt lat="37.566118988425" lon="126.977131319715">
        <ele>30.1</ele>
      </trkpt>
      <trkpt lat="37.566028909265" lon="126.977133730251">
        <ele>30.06</ele>
      </trkpt>
      <trkpt lat="37.565938830105" lon="126.977136140787">
        <ele>30.03</ele>
      </trkpt>
      <trkpt lat="37.565848750945" lon="126.977138551323">
        <ele>30.01</ele>
      </trkpt>
      <trkpt lat="37.565758671784" lon="126.977140961859">
        <ele>29.92</ele>
      </trkpt>
      <trkpt lat="37.565668592624" lon="126.977143372395">
        <ele>29.85</ele>
      </trkpt>
      <trkpt lat="37.565578513464" lon="126.977145782931">
        <ele>29.8</ele>
      </trkpt>
      <trkpt lat="37.565488434304" lon="126.977148193467">
        <ele>29.81</ele>
      </trkpt>
      <trkpt lat="37.565398355143" lon="126.977150604003">
        <ele>29.79</ele>
      </trkpt>
      <trkpt lat="37.565308275983" lon="126.977153014539">
        <ele>29.84</ele>
      </trkpt>
      <trkpt lat="37.5653059894293" lon="126.977153075728">
        <ele>29.84</ele>
      </trkpt>
      <trkpt lat="37.565218335613" lon="126.97714644595">
        <ele>29.89</ele>
      </trkpt>
      <trkpt lat="37.565128398858" lon="126.977139643499">
        <ele>29.88</ele>
      </trkpt>
      <trkpt lat="37.5650898176898" lon="126.977136725376">
        <ele>29.88</ele>
      </trkpt>
      <trkpt lat="37.565039455617" lon="126.977123512746">
        <ele>29.89</ele>
      </trkpt>
      <trkpt lat="37.56495125876" lon="126.977100374054">
        <ele>29.91</ele>
      </trkpt>
      <trkpt lat="37.564863061902" lon="126.977077235362">
        <ele>29.96</ele>
      </trkpt>
      <trkpt lat="37.564774865045" lon="126.97705409667">
        <ele>29.96</ele>
      </trkpt>
      <trkpt lat="37.564686668187" lon="126.977030957978">
        <ele>30.01</ele>
      </trkpt>
      <trkpt lat="37.56459847133" lon="126.977007819286">
        <ele>30.08</ele>
      </trkpt>
      <trkpt lat="37.564510274472" lon="126.976984680594">
        <ele>30.08</ele>
      </trkpt>
      <trkpt lat="37.564422077615" lon="126.976961541902">
        <ele>30.21</ele>
      </trkpt>
      <trkpt lat="37.564333880757" lon="126.97693840321">
        <ele>30.3</ele>
      </trkpt>
      <trkpt lat="37.5642456839" lon="126.976915264518">
        <ele>30.31</ele>
      </trkpt>
      <trkpt lat="37.564237013791" lon="126.976912989891">
        <ele>30.3</ele>
      </trkpt>
      <trkpt lat="37.564159312651" lon="126.976883185971">
        <ele>30.34</ele>
      </trkpt>
      <trkpt lat="37.564073140433" lon="126.97685013279">
        <ele>30.43</ele>
      </trkpt>
      <trkpt lat="37.563986968214" lon="126.976817079609">
        <ele>30.49</ele>
      </trkpt>
      <trkpt lat="37.563900795996" lon="126.976784026427">
        <ele>30.53</ele>
      </trkpt>
      <trkpt lat="37.563814623778" lon="126.976750973246">
        <ele>30.61</ele>
      </trkpt>
      <trkpt lat="37.563728451559" lon="126.976717920064">
        <ele>30.65</ele>
      </trkpt>
      <trkpt lat="37.563642279341" lon="126.976684866883">
        <ele>30.71</ele>
      </trkpt>
      <trkpt lat="37.563556107123" lon="126.976651813702">
        <ele>30.75</ele>
      </trkpt>
      <trkpt lat="37.563469934904" lon="126.97661876052">
        <ele>30.82</ele>
      </trkpt>
      <trkpt lat="37.563383762686" lon="126.976585707339">
        <ele>31.02</ele>
      </trkpt>
      <trkpt lat="37.563297590468" lon="126.976552654157">
        <ele>31.19</ele>
      </trkpt>
      <trkpt lat="37.563211418249" lon="126.976519600976">
        <ele>31.3</ele>
      </trkpt>
      <trkpt lat="37.563125246031" lon="126.976486547795">
        <ele>31.42</ele>
      </trkpt>
      <trkpt lat="37.563039073813" lon="126.976453494613">
        <ele>31.54</ele>
      </trkpt>
      <trkpt lat="37.562952901594" lon="126.976420441432">
        <ele>31.78</ele>
      </trkpt>
      <trkpt lat="37.562866729376" lon="126.97638738825">
        <ele>31.94</ele>
      </trkpt>
      <trkpt lat="37.5627834645948" lon="126.976355450278">
        <ele>32.05</ele>
      </trkpt>
      <trkpt lat="37.562780550618" lon="126.976354362361">
        <ele>32.05</ele>
      </trkpt>
      <trkpt lat="37.562694184562" lon="126.976322118077">
        <ele>32.17</ele>
      </trkpt>
      <trkpt lat="37.562607818507" lon="126.976289873792">
        <ele>32.28</ele>
      </trkpt>
      <trkpt lat="37.562521452451" lon="126.976257629508">
        <ele>32.5</ele>
      </trkpt>
      <trkpt lat="37.562435086396" lon="126.976225385223">
        <ele>32.58</ele>
      </trkpt>
      <trkpt lat="37.562348720341" lon="126.976193140939">
        <ele>32.75</ele>
      </trkpt>
      <trkpt lat="37.562262354285" lon="126.976160896654">
        <ele>32.89</ele>
      </trkpt>
      <trkpt lat="37.56217598823" lon="126.97612865237">
        <ele>33.04</ele>
      </trkpt>
      <trkpt lat="37.562089622174" lon="126.976096408085">
        <ele>33.19</ele>
      </trkpt>
      <trkpt lat="37.562003256119" lon="126.976064163801">
        <ele>33.39</ele>
      </trkpt>
      <trkpt lat="37.561916890063" lon="126.976031919517">
        <ele>33.45</ele>
      </trkpt>
      <trkpt lat="37.561830524008" lon="126.975999675232">
        <ele>33.67</ele>
      </trkpt>
      <trkpt lat="37.561744157953" lon="126.975967430948">
        <ele>33.83</ele>
      </trkpt>
      <trkpt lat="37.561657791897" lon="126.975935186663">
        <ele>33.93</ele>
      </trkpt>
      <trkpt lat="37.561571425842" lon="126.975902942379">
        <ele>34.03</ele>
      </trkpt>
      <trkpt lat="37.561485059786" lon="126.975870698094">
        <ele>34.19</ele>
      </trkpt>
      <trkpt lat="37.561398693731" lon="126.97583845381">
        <ele>34.33</ele>
      </trkpt>
      <trkpt lat="37.561312327675" lon="126.975806209525">
        <ele>34.55</ele>
      </trkpt>
      <trkpt lat="37.56122596162" lon="126.975773965241">
        <ele>34.66</ele>
      </trkpt>
      <trkpt lat="37.561139595565" lon="126.975741720957">
        <ele>34.89</ele>
      </trkpt>
      <trkpt lat="37.561053229509" lon="126.975709476672">
        <ele>35.11</ele>
      </trkpt>
      <trkpt lat="37.560966863454" lon="126.975677232388">
        <ele>35.34</ele>
      </trkpt>
      <trkpt lat="37.560880497398" lon="126.975644988103">
        <ele>35.49</ele>
      </trkpt>
      <trkpt lat="37.5608520638584" lon="126.9756343726">
        <ele>35.56</ele>
      </trkpt>
      <trkpt lat="37.560793626709" lon="126.975653740802">
        <ele>35.75</ele>
      </trkpt>
      <trkpt lat="37.560713346037" lon="126.975680348745">
        <ele>35.94</ele>
      </trkpt>
      <trkpt lat="37.560709566553" lon="126.975687856895">
        <ele>35.94</ele>
      </trkpt>
      <trkpt lat="37.56066141252" lon="126.975783517494">
        <ele>35.99</ele>
      </trkpt>
      <trkpt lat="37.5606132783299" lon="126.975879138675">
        <ele>36.03</ele>
      </trkpt>
      <trkpt lat="37.560613271296" lon="126.975879184466">
        <ele>36.03</ele>
      </trkpt>
      <trkpt lat="37.560596199962" lon="126.975990315476">
        <ele>35.99</ele>
      </trkpt>
      <trkpt lat="37.5605843790517" lon="126.976067267262">
        <ele>35.88</ele>
      </trkpt>
      <trkpt lat="37.560588877761" lon="126.976101615242">
        <ele>35.8</ele>
      </trkpt>
      <trkpt lat="37.560603504952" lon="126.97621329495">
        <ele>35.67</ele>
      </trkpt>
      <trkpt lat="37.560617860766" lon="126.976322902663">
        <ele>35.62</ele>
      </trkpt>
      <trkpt lat="37.560618412362" lon="126.976324884901">
        <ele>35.62</ele>
      </trkpt>
      <trkpt lat="37.560648143176" lon="126.976431726765">
        <ele>35.53</ele>
      </trkpt>
      <trkpt lat="37.56067787399" lon="126.976538568629">
        <ele>35.44</ele>
      </trkpt>
      <trkpt lat="37.560707604804" lon="126.976645410493">
        <ele>35.22</ele>
      </trkpt>
      <trkpt lat="37.5607226811844" lon="126.976699589588">
        <ele>35.27</ele>
      </trkpt>
      <trkpt lat="37.5607393306" lon="126.976751308381">
        <ele>35.22</ele>
      </trkpt>
      <trkpt lat="37.560773108821" lon="126.976856235112">
        <ele>35.05</ele>
      </trkpt>
      <trkpt lat="37.560806887041" lon="126.976961161843">
        <ele>34.91</ele>
      </trkpt>
      <trkpt lat="37.560840665262" lon="126.977066088574">
        <ele>34.68</ele>
      </trkpt>
      <trkpt lat="37.560874443482" lon="126.977171015305">
        <ele>34.54</ele>
      </trkpt>
      <trkpt lat="37.560908221703" lon="126.977275942036">
        <ele>34.47</ele>
      </trkpt>
      <trkpt lat="37.560941999923" lon="126.977380868767">
        <ele>34.35</ele>
      </trkpt>
      <trkpt lat="37.5609631487254" lon="126.977446564196">
        <ele>34.25</ele>
      </trkpt>
      <trkpt lat="37.560972996031" lon="126.977487033669">
        <ele>34.26</ele>
      </trkpt>
      <trkpt lat="37.560999333305" lon="126.977595271971">
        <ele>34.24</ele>
      </trkpt>
      <trkpt lat="37.561025670579" lon="126.977703510272">
        <ele>34.26</ele>
      </trkpt>
      <trkpt lat="37.5610436325521" lon="126.977777328599">
        <ele>34.27</ele>
      </trkpt>
      <trkpt lat="37.561050392457" lon="126.977812304593">
        <ele>34.29</ele>
      </trkpt>
      <trkpt lat="37.561071649901" lon="126.977922291373">
        <ele>34.31</ele>
      </trkpt>
      <trkpt lat="37.561092907344" lon="126.978032278153">
        <ele>34.32</ele>
      </trkpt>
      <trkpt lat="37.561114164787" lon="126.978142264932">
        <ele>34.38</ele>
      </trkpt>
      <trkpt lat="37.56113542223" lon="126.978252251712">
        <ele>34.4</ele>
      </trkpt>
      <trkpt lat="37.561156679674" lon="126.978362238491">
        <ele>34.44</ele>
      </trkpt>
      <trkpt lat="37.561177937117" lon="126.978472225271">
        <ele>34.26</ele>
      </trkpt>
      <trkpt lat="37.56119919456" lon="126.978582212051">
        <ele>34.37</ele>
      </trkpt>
      <trkpt lat="37.561220452003" lon="126.97869219883">
        <ele>34.35</ele>
      </trkpt>
      <trkpt lat="37.5612371502001" lon="126.978778595904">
        <ele>34.34</ele>
      </trkpt>
      <trkpt lat="37.561241377074" lon="126.978802283136">
        <ele>34.4</ele>
      </trkpt>
      <trkpt lat="37.561261084831" lon="126.97891272463">
        <ele>34.77</ele>
      </trkpt>
      <trkpt lat="37.561280792588" lon="126.979023166124">
        <ele>34.8</ele>
      </trkpt>
      <trkpt lat="37.561300500345" lon="126.979133607618">
        <ele>34.72</ele>
      </trkpt>
      <trkpt lat="37.561320208102" lon="126.979244049113">
        <ele>34.64</ele>
      </trkpt>
      <trkpt lat="37.561339915859" lon="126.979354490607">
        <ele>34.5</ele>
      </trkpt>
      <trkpt lat="37.561359623616" lon="126.979464932101">
        <ele>34.44</ele>
      </trkpt>
      <trkpt lat="37.561379331373" lon="126.979575373595">
        <ele>34.35</ele>
      </trkpt>
      <trkpt lat="37.5613823979302" lon="126.979592558461">
        <ele>34.35</ele>
      </trkpt>
      <trkpt lat="37.561403704632" lon="126.979684305139">
        <ele>34.19</ele>
      </trkpt>
      <trkpt lat="37.561428937627" lon="126.979792958438">
        <ele>34.02</ele>
      </trkpt>
      <trkpt lat="37.561454170622" lon="126.979901611737">
        <ele>33.9</ele>
      </trkpt>
      <trkpt lat="37.561479403616" lon="126.980010265035">
        <ele>33.63</ele>
      </trkpt>
      <trkpt lat="37.561504636611" lon="126.980118918334">
        <ele>33.5</ele>
      </trkpt>
      <trkpt lat="37.561529869606" lon="126.980227571632">
        <ele>33.23</ele>
      </trkpt>
      <trkpt lat="37.5615476880144" lon="126.980304297717">
        <ele>33.12</ele>
      </trkpt>
      <trkpt lat="37.561556890768" lon="126.980335482009">
        <ele>33.12</ele>
      </trkpt>
      <trkpt lat="37.561588209175" lon="126.980441607027">
        <ele>32.96</ele>
      </trkpt>
      <trkpt lat="37.561619527583" lon="126.980547732044">
        <ele>32.89</ele>
      </trkpt>
      <trkpt lat="37.5616283751962" lon="126.980577712914">
        <ele>32.91</ele>
      </trkpt>
      <trkpt lat="37.561665515517" lon="126.98064418111">
        <ele>32.6</ele>
      </trkpt>
      <trkpt lat="37.561717279405" lon="126.980736820382">
        <ele>32.54</ele>
      </trkpt>
      <trkpt lat="37.561769043293" lon="126.980829459654">
        <ele>32.4</ele>
      </trkpt>
      <trkpt lat="37.561820807182" lon="126.980922098926">
        <ele>32.34</ele>
      </trkpt>
      <trkpt lat="37.5618598120236" lon="126.980991903963">
        <ele>32.33</ele>
      </trkpt>
      <trkpt lat="37.561876386473" lon="126.981010472555">
        <ele>32.3</ele>
      </trkpt>
      <trkpt lat="37.561943629583" lon="126.981085805968">
        <ele>32.2</ele>
      </trkpt>
      <trkpt lat="37.562010872693" lon="126.981161139381">
        <ele>32.13</ele>
      </trkpt>
      <trkpt lat="37.5620691296715" lon="126.981226405504">
        <ele>32.05</ele>
      </trkpt>
      <trkpt lat="37.562079692188" lon="126.981233666458">
        <ele>32.01</ele>
      </trkpt>
      <trkpt lat="37.56215873137" lon="126.981288000085">
        <ele>31.93</ele>
      </trkpt>
      <trkpt lat="37.562237770553" lon="126.981342333713">
        <ele>31.76</ele>
      </trkpt>
      <trkpt lat="37.5622648371518" lon="126.98136094001">
        <ele>31.66</ele>
      </trkpt>
      <trkpt lat="37.562318608772" lon="126.981392184928">
        <ele>31.57</ele>
      </trkpt>
      <trkpt lat="37.562400383904" lon="126.981439701765">
        <ele>31.39</ele>
      </trkpt>
      <trkpt lat="37.562482159036" lon="126.981487218603">
        <ele>31.25</ele>
      </trkpt>
      <trkpt lat="37.562563934168" lon="126.98153473544">
        <ele>31.07</ele>
      </trkpt>
      <trkpt lat="37.5626324392489" lon="126.981574541487">
        <ele>30.9</ele>
      </trkpt>
      <trkpt lat="37.562645806991" lon="126.981581981267">
        <ele>30.88</ele>
      </trkpt>
      <trkpt lat="37.562728184126" lon="126.981627828036">
        <ele>30.74</ele>
      </trkpt>
      <trkpt lat="37.562810561262" lon="126.981673674805">
        <ele>30.58</ele>
      </trkpt>
      <trkpt lat="37.562892938397" lon="126.981719521574">
        <ele>30.42</ele>
      </trkpt>
      <trkpt lat="37.562975315533" lon="126.981765368344">
        <ele>30.25</ele>
      </trkpt>
      <trkpt lat="37.5630485044307" lon="126.981806101424">
        <ele>30.15</ele>
      </trkpt>
      <trkpt lat="37.563058030346" lon="126.981810123556">
        <ele>30.05</ele>
      </trkpt>
      <trkpt lat="37.563143434927" lon="126.981846183978">
        <ele>29.93</ele>
      </trkpt>
      <trkpt lat="37.563228839507" lon="126.9818822444">
        <ele>29.73</ele>
      </trkpt>
      <trkpt lat="37.563314244088" lon="126.981918304823">
        <ele>29.64</ele>
      </trkpt>
      <trkpt lat="37.5633841741" lon="126.981947831409">
        <ele>29.55</ele>
      </trkpt>
      <trkpt lat="37.563400044312" lon="126.981952639812">
        <ele>29.54</ele>
      </trkpt>
      <trkpt lat="37.563487632456" lon="126.981979177523">
        <ele>29.38</ele>
      </trkpt>
      <trkpt lat="37.563575220601" lon="126.982005715234">
        <ele>29.36</ele>
      </trkpt>
      <trkpt lat="37.563662808745" lon="126.982032252944">
        <ele>29.33</ele>
      </trkpt>
      <trkpt lat="37.56375039689" lon="126.982058790655">
        <ele>29.26</ele>
      </trkpt>
      <trkpt lat="37.5638218642034" lon="126.98208044403">
        <ele>29.18</ele>
      </trkpt>
      <trkpt lat="37.56383817302" lon="126.982084217117">
        <ele>29.17</ele>
      </trkpt>
      <trkpt lat="37.563926782534" lon="126.982104717161">
        <ele>29.1</ele>
      </trkpt>
      <trkpt lat="37.564015392048" lon="126.982125217204">
        <ele>28.95</ele>
      </trkpt>
      <trkpt lat="37.564104001561" lon="126.982145717247">
        <ele>28.76</ele>
      </trkpt>
      <trkpt lat="37.5641620132601" lon="126.982159138406">
        <ele>28.7</ele>
      </trkpt>
      <trkpt lat="37.564192107324" lon="126.982169056097">
        <ele>28.6</ele>
      </trkpt>
      <trkpt lat="37.564279258001" lon="126.982197777161">
        <ele>28.58</ele>
      </trkpt>
      <trkpt lat="37.564366408678" lon="126.982226498225">
        <ele>28.45</ele>
      </trkpt>
      <trkpt lat="37.564453559356" lon="126.982255219289">
        <ele>28.4</ele>
      </trkpt>
      <trkpt lat="37.564540710033" lon="126.982283940353">
        <ele>28.3</ele>
      </trkpt>
      <trkpt lat="37.564627860711" lon="126.982312661417">
        <ele>28.16</ele>
      </trkpt>
      <trkpt lat="37.5646980769259" lon="126.98233580162">
        <ele>28.08</ele>
      </trkpt>
      <trkpt lat="37.564715173538" lon="126.982340538478">
        <ele>28.07</ele>
      </trkpt>
      <trkpt lat="37.564803158696" lon="126.982364916009">
        <ele>28.04</ele>
      </trkpt>
      <trkpt lat="37.564891143853" lon="126.98238929354">
        <ele>27.92</ele>
      </trkpt>
      <trkpt lat="37.56497912901" lon="126.982413671072">
        <ele>27.84</ele>
      </trkpt>
      <trkpt lat="37.565067114168" lon="126.982438048603">
        <ele>27.68</ele>
      </trkpt>
      <trkpt lat="37.565155099325" lon="126.982462426134">
        <ele>27.69</ele>
      </trkpt>
      <trkpt lat="37.5652027075127" lon="126.982475616655">
        <ele>27.57</ele>
      </trkpt>
      <trkpt lat="37.565243539338" lon="126.982483793139">
        <ele>27.54</ele>
      </trkpt>
      <trkpt lat="37.565332515667" lon="126.982501610456">
        <ele>27.48</ele>
      </trkpt>
      <trkpt lat="37.565421491996" lon="126.982519427772">
        <ele>27.36</ele>
      </trkpt>
      <trkpt lat="37.565510468325" lon="126.982537245088">
        <ele>27.28</ele>
      </trkpt>
      <trkpt lat="37.565599444655" lon="126.982555062405">
        <ele>27.25</ele>
      </trkpt>
      <trkpt lat="37.5656011174027" lon="126.982555397369">
        <ele>27.25</ele>
      </trkpt>
      <trkpt lat="37.565687184333" lon="126.982580774478">
        <ele>27.25</ele>
      </trkpt>
      <trkpt lat="37.565774900317" lon="126.982606637817">
        <ele>27.28</ele>
      </trkpt>
      <trkpt lat="37.5657875270696" lon="126.982610360855">
        <ele>27.29</ele>
      </trkpt>
      <trkpt lat="37.565854898282" lon="126.982657535524">
        <ele>27.36</ele>
      </trkpt>
      <trkpt lat="37.5658822794317" lon="126.982676708352">
        <ele>27.39</ele>
      </trkpt>
      <trkpt lat="37.565921083369" lon="126.982732128065">
        <ele>27.38</ele>
      </trkpt>
      <trkpt lat="37.5659569468148" lon="126.982783348173">
        <ele>27.3</ele>
      </trkpt>
      <trkpt lat="37.565964359367" lon="126.982827347158">
        <ele>27.27</ele>
      </trkpt>
      <trkpt lat="37.565983015224" lon="126.982938083482">
        <ele>27.28</ele>
      </trkpt>
      <trkpt lat="37.5659999436204" lon="126.983038566044">
        <ele>27.21</ele>
      </trkpt>
      <trkpt lat="37.566000227401" lon="126.98304904088">
        <ele>27.19</ele>
      </trkpt>
      <trkpt lat="37.566003292108" lon="126.983162164721">
        <ele>27.11</ele>
      </trkpt>
      <trkpt lat="37.566006356815" lon="126.983275288562">
        <ele>27.05</ele>
      </trkpt>
      <trkpt lat="37.566009421523" lon="126.983388412403">
        <ele>26.95</ele>
      </trkpt>
      <trkpt lat="37.56601248623" lon="126.983501536244">
        <ele>26.95</ele>
      </trkpt>
      <trkpt lat="37.566015550937" lon="126.983614660085">
        <ele>26.93</ele>
      </trkpt>
      <trkpt lat="37.566018615645" lon="126.983727783926">
        <ele>26.93</ele>
      </trkpt>
      <trkpt lat="37.566021680352" lon="126.983840907768">
        <ele>26.99</ele>
      </trkpt>
      <trkpt lat="37.5660239867434" lon="126.983926040812">
        <ele>27.08</ele>
      </trkpt>
      <trkpt lat="37.566024483757" lon="126.98395404087">
        <ele>26.95</ele>
      </trkpt>
      <trkpt lat="37.566026492422" lon="126.984067202143">
        <ele>26.98</ele>
      </trkpt>
      <trkpt lat="37.566028501087" lon="126.984180363415">
        <ele>27.05</ele>
      </trkpt>
      <trkpt lat="37.566030509752" lon="126.984293524687">
        <ele>27.04</ele>
      </trkpt>
      <trkpt lat="37.566032518417" lon="126.984406685959">
        <ele>27.11</ele>
      </trkpt>
      <trkpt lat="37.566034527082" lon="126.984519847231">
        <ele>27.07</ele>
      </trkpt>
      <trkpt lat="37.566036535747" lon="126.984633008504">
        <ele>27.08</ele>
      </trkpt>
      <trkpt lat="37.566038544412" lon="126.984746169776">
        <ele>27.15</ele>
      </trkpt>
      <trkpt lat="37.566040553076" lon="126.984859331048">
        <ele>27.15</ele>
      </trkpt>
      <trkpt lat="37.566042561741" lon="126.98497249232">
        <ele>27.17</ele>
      </trkpt>
      <trkpt lat="37.566044570406" lon="126.985085653592">
        <ele>27.18</ele>
      </trkpt>
      <trkpt lat="37.566046579071" lon="126.985198814865">
        <ele>27.16</ele>
      </trkpt>
      <trkpt lat="37.566048587736" lon="126.985311976137">
        <ele>27.13</ele>
      </trkpt>
      <trkpt lat="37.566050596401" lon="126.985425137409">
        <ele>27.15</ele>
      </trkpt>
      <trkpt lat="37.566052605066" lon="126.985538298681">
        <ele>27.16</ele>
      </trkpt>
      <trkpt lat="37.566054613731" lon="126.985651459953">
        <ele>27.12</ele>
      </trkpt>
      <trkpt lat="37.566056622396" lon="126.985764621226">
        <ele>27.15</ele>
      </trkpt>
      <trkpt lat="37.56605863106" lon="126.985877782498">
        <ele>27.13</ele>
      </trkpt>
      <trkpt lat="37.566060639725" lon="126.98599094377">
        <ele>27.11</ele>
      </trkpt>
      <trkpt lat="37.56606264839" lon="126.986104105042">
        <ele>27.13</ele>
      </trkpt>
      <trkpt lat="37.566064657055" lon="126.986217266314">
        <ele>27.11</ele>
      </trkpt>
      <trkpt lat="37.56606666572" lon="126.986330427587">
        <ele>27.12</ele>
      </trkpt>
      <trkpt lat="37.566068674385" lon="126.986443588859">
        <ele>27.06</ele>
      </trkpt>
      <trkpt lat="37.56607068305" lon="126.986556750131">
        <ele>27.03</ele>
      </trkpt>
      <trkpt lat="37.566072691715" lon="126.986669911403">
        <ele>26.98</ele>
      </trkpt>
      <trkpt lat="37.56607470038" lon="126.986783072675">
        <ele>26.94</ele>
      </trkpt>
      <trkpt lat="37.566076709044" lon="126.986896233948">
        <ele>26.96</ele>
      </trkpt>
      <trkpt lat="37.566078717709" lon="126.98700939522">
        <ele>26.89</ele>
      </trkpt>
      <trkpt lat="37.566080726374" lon="126.987122556492">
        <ele>26.81</ele>
      </trkpt>
      <trkpt lat="37.566082735039" lon="126.987235717764">
        <ele>26.77</ele>
      </trkpt>
      <trkpt lat="37.5660847271942" lon="126.987347948934">
        <ele>26.79</ele>
      </trkpt>
      <trkpt lat="37.566084776309" lon="126.98734887722">
        <ele>26.79</ele>
      </trkpt>
      <trkpt lat="37.566090751911" lon="126.987461817479">
        <ele>26.92</ele>
      </trkpt>
      <trkpt lat="37.566096727512" lon="126.987574757739">
        <ele>27</ele>
      </trkpt>
      <trkpt lat="37.566102703114" lon="126.987687697998">
        <ele>26.92</ele>
      </trkpt>
      <trkpt lat="37.566108678716" lon="126.987800638258">
        <ele>26.78</ele>
      </trkpt>
      <trkpt lat="37.566114654317" lon="126.987913578517">
        <ele>26.64</ele>
      </trkpt>
      <trkpt lat="37.5661153533775" lon="126.987926790917">
        <ele>26.64</ele>
      </trkpt>
      <trkpt lat="37.566125761467" lon="126.988025879928">
        <ele>26.59</ele>
      </trkpt>
      <trkpt lat="37.566137548467" lon="126.988138096702">
        <ele>26.65</ele>
      </trkpt>
      <trkpt lat="37.566149335467" lon="126.988250313476">
        <ele>26.57</ele>
      </trkpt>
      <trkpt lat="37.566161122467" lon="126.988362530249">
        <ele>26.5</ele>
      </trkpt>
      <trkpt lat="37.5661694321858" lon="126.98844164197">
        <ele>26.47</ele>
      </trkpt>
      <trkpt lat="37.566171067483" lon="126.98840831318">
        <ele>26.51</ele>
      </trkpt>
      <trkpt lat="37.566176610677" lon="126.988295338001">
        <ele>26.56</ele>
      </trkpt>
      <trkpt lat="37.566182153872" lon="126.988182362823">
        <ele>26.67</ele>
      </trkpt>
      <trkpt lat="37.566187697066" lon="126.988069387644">
        <ele>26.69</ele>
      </trkpt>
      <trkpt lat="37.566193240261" lon="126.987956412466">
        <ele>26.87</ele>
      </trkpt>
      <trkpt lat="37.5661946401318" lon="126.987927881864">
        <ele>26.89</ele>
      </trkpt>
      <trkpt lat="37.566193356426" lon="126.987843292378">
        <ele>26.88</ele>
      </trkpt>
      <trkpt lat="37.566191639006" lon="126.987730123332">
        <ele>26.89</ele>
      </trkpt>
      <trkpt lat="37.566189921585" lon="126.987616954286">
        <ele>26.93</ele>
      </trkpt>
      <trkpt lat="37.566188204165" lon="126.98750378524">
        <ele>26.9</ele>
      </trkpt>
      <trkpt lat="37.5661874433278" lon="126.987453650053">
        <ele>26.9</ele>
      </trkpt>
      <trkpt lat="37.566185835157" lon="126.987390637124">
        <ele>26.9</ele>
      </trkpt>
      <trkpt lat="37.566182947898" lon="126.987277505656">
        <ele>26.88</ele>
      </trkpt>
      <trkpt lat="37.5661803976796" lon="126.987177580457">
        <ele>26.91</ele>
      </trkpt>
      <trkpt lat="37.566180284214" lon="126.987164368172">
        <ele>26.91</ele>
      </trkpt>
      <trkpt lat="37.566179312212" lon="126.987051185166">
        <ele>26.92</ele>
      </trkpt>
      <trkpt lat="37.56617834021" lon="126.986938002161">
        <ele>26.94</ele>
      </trkpt>
      <trkpt lat="37.566177368207" lon="126.986824819155">
        <ele>27.04</ele>
      </trkpt>
      <trkpt lat="37.5661769874977" lon="126.986780488126">
        <ele>27.04</ele>
      </trkpt>
      <trkpt lat="37.566175558609" lon="126.986711655571">
        <ele>27.01</ele>
      </trkpt>
      <trkpt lat="37.566173209717" lon="126.98659850449">
        <ele>27.04</ele>
      </trkpt>
      <trkpt lat="37.566170860825" lon="126.986485353409">
        <ele>27.06</ele>
      </trkpt>
      <trkpt lat="37.566168511932" lon="126.986372202328">
        <ele>27.19</ele>
      </trkpt>
      <trkpt lat="37.56616616304" lon="126.986259051247">
        <ele>27.17</ele>
      </trkpt>
      <trkpt lat="37.566163814147" lon="126.986145900166">
        <ele>27.15</ele>
      </trkpt>
      <trkpt lat="37.566161465255" lon="126.986032749086">
        <ele>27.12</ele>
      </trkpt>
      <trkpt lat="37.566159116363" lon="126.985919598005">
        <ele>27.13</ele>
      </trkpt>
      <trkpt lat="37.56615676747" lon="126.985806446924">
        <ele>27.12</ele>
      </trkpt>
      <trkpt lat="37.566154418578" lon="126.985693295843">
        <ele>27.07</ele>
      </trkpt>
      <trkpt lat="37.566152069685" lon="126.985580144762">
        <ele>27.06</ele>
      </trkpt>
      <trkpt lat="37.566149720793" lon="126.985466993682">
        <ele>27.03</ele>
      </trkpt>
      <trkpt lat="37.566147371901" lon="126.985353842601">
        <ele>27.02</ele>
      </trkpt>
      <trkpt lat="37.566145023008" lon="126.98524069152">
        <ele>26.99</ele>
      </trkpt>
      <trkpt lat="37.566142674116" lon="126.985127540439">
        <ele>27.1</ele>
      </trkpt>
      <trkpt lat="37.566140325224" lon="126.985014389358">
        <ele>27.17</ele>
      </trkpt>
      <trkpt lat="37.566137976331" lon="126.984901238278">
        <ele>27.14</ele>
      </trkpt>
      <trkpt lat="37.566135627439" lon="126.984788087197">
        <ele>27.13</ele>
      </trkpt>
      <trkpt lat="37.566133278546" lon="126.984674936116">
        <ele>27.08</ele>
      </trkpt>
      <trkpt lat="37.566130929654" lon="126.984561785035">
        <ele>27.03</ele>
      </trkpt>
      <trkpt lat="37.566128580762" lon="126.984448633954">
        <ele>27.05</ele>
      </trkpt>
      <trkpt lat="37.5661266518211" lon="126.984355712838">
        <ele>27.08</ele>
      </trkpt>
      <trkpt lat="37.56612680639" lon="126.984335476933">
        <ele>27.08</ele>
      </trkpt>
      <trkpt lat="37.566127670932" lon="126.984222292625">
        <ele>26.96</ele>
      </trkpt>
      <trkpt lat="37.566128535474" lon="126.984109108317">
        <ele>26.94</ele>
      </trkpt>
      <trkpt lat="37.566129400016" lon="126.983995924009">
        <ele>26.95</ele>
      </trkpt>
      <trkpt lat="37.566130264557" lon="126.983882739701">
        <ele>26.97</ele>
      </trkpt>
      <trkpt lat="37.566131129099" lon="126.983769555393">
        <ele>26.97</ele>
      </trkpt>
      <trkpt lat="37.566131993641" lon="126.983656371085">
        <ele>26.92</ele>
      </trkpt>
      <trkpt lat="37.566132858183" lon="126.983543186777">
        <ele>26.91</ele>
      </trkpt>
      <trkpt lat="37.566133722725" lon="126.983430002469">
        <ele>26.96</ele>
      </trkpt>
      <trkpt lat="37.5661338658303" lon="126.983411267331">
        <ele>26.99</ele>
      </trkpt>
      <trkpt lat="37.566181830774" lon="126.983338530982">
        <ele>26.85</ele>
      </trkpt>
      <trkpt lat="37.566239310145" lon="126.983251366498">
        <ele>26.86</ele>
      </trkpt>
      <trkpt lat="37.5662911421601" lon="126.983172765936">
        <ele>26.81</ele>
      </trkpt>
      <trkpt lat="37.566296914741" lon="126.983164334792">
        <ele>26.87</ele>
      </trkpt>
      <trkpt lat="37.56635566866" lon="126.983078521747">
        <ele>26.82</ele>
      </trkpt>
      <trkpt lat="37.566414422579" lon="126.982992708701">
        <ele>26.75</ele>
      </trkpt>
      <trkpt lat="37.566473176499" lon="126.982906895656">
        <ele>26.74</ele>
      </trkpt>
      <trkpt lat="37.5665092626048" lon="126.982854190088">
        <ele>26.89</ele>
      </trkpt>
      <trkpt lat="37.566544023846" lon="126.982854141866">
        <ele>26.87</ele>
      </trkpt>
      <trkpt lat="37.566634123371" lon="126.982854016876">
        <ele>26.76</ele>
      </trkpt>
      <trkpt lat="37.566724222896" lon="126.982853891887">
        <ele>26.53</ele>
      </trkpt>
      <trkpt lat="37.566814322421" lon="126.982853766897">
        <ele>26.58</ele>
      </trkpt>
      <trkpt lat="37.566904421945" lon="126.982853641908">
        <ele>26.57</ele>
      </trkpt>
      <trkpt lat="37.56699452147" lon="126.982853516918">
        <ele>26.55</ele>
      </trkpt>
      <trkpt lat="37.567084620995" lon="126.982853391929">
        <ele>26.52</ele>
      </trkpt>
      <trkpt lat="37.56717472052" lon="126.982853266939">
        <ele>26.55</ele>
      </trkpt>
      <trkpt lat="37.567264820044" lon="126.98285314195">
        <ele>26.61</ele>
      </trkpt>
      <trkpt lat="37.567354919569" lon="126.98285301696">
        <ele>26.65</ele>
      </trkpt>
      <trkpt lat="37.567445019094" lon="126.982852891971">
        <ele>26.72</ele>
      </trkpt>
      <trkpt lat="37.567535118618" lon="126.982852766981">
        <ele>26.83</ele>
      </trkpt>
      <trkpt lat="37.567625218143" lon="126.982852641992">
        <ele>26.82</ele>
      </trkpt>
      <trkpt lat="37.567715317668" lon="126.982852517002">
        <ele>26.85</ele>
      </trkpt>
      <trkpt lat="37.567805417193" lon="126.982852392013">
        <ele>27</ele>
      </trkpt>
      <trkpt lat="37.567895516717" lon="126.982852267023">
        <ele>27.05</ele>
      </trkpt>
      <trkpt lat="37.567985616242" lon="126.982852142034">
        <ele>27.13</ele>
      </trkpt>
      <trkpt lat="37.568075715767" lon="126.982852017044">
        <ele>27.18</ele>
      </trkpt>
      <trkpt lat="37.568165815292" lon="126.982851892055">
        <ele>27.15</ele>
      </trkpt>
      <trkpt lat="37.568255914816" lon="126.982851767065">
        <ele>27.21</ele>
      </trkpt>
      <trkpt lat="37.568346014341" lon="126.982851642076">
        <ele>27.23</ele>
      </trkpt>
      <trkpt lat="37.568436113866" lon="126.982851517086">
        <ele>27.28</ele>
      </trkpt>
      <trkpt lat="37.568526213391" lon="126.982851392097">
        <ele>27.35</ele>
      </trkpt>
      <trkpt lat="37.5685507035177" lon="126.982851358123">
        <ele>27.42</ele>
      </trkpt>
      <trkpt lat="37.568616120484" lon="126.982857666889">
        <ele>27.35</ele>
      </trkpt>
      <trkpt lat="37.568705955749" lon="126.982866330538">
        <ele>27.48</ele>
      </trkpt>
      <trkpt lat="37.568795791013" lon="126.982874994188">
        <ele>27.6</ele>
      </trkpt>
      <trkpt lat="37.568885626277" lon="126.982883657837">
        <ele>27.73</ele>
      </trkpt>
      <trkpt lat="37.568975461542" lon="126.982892321487">
        <ele>27.6</ele>
      </trkpt>
      <trkpt lat="37.569065296806" lon="126.982900985136">
        <ele>27.52</ele>
      </trkpt>
      <trkpt lat="37.56915513207" lon="126.982909648785">
        <ele>27.53</ele>
      </trkpt>
      <trkpt lat="37.569244967335" lon="126.982918312435">
        <ele>27.59</ele>
      </trkpt>
      <trkpt lat="37.569334802599" lon="126.982926976084">
        <ele>27.58</ele>
      </trkpt>
      <trkpt lat="37.5693437207251" lon="126.982927836142">
        <ele>27.62</ele>
      </trkpt>
      <trkpt lat="37.56942413092" lon="126.982941619454">
        <ele>27.72</ele>
      </trkpt>
      <trkpt lat="37.569513403368" lon="126.982956921867">
        <ele>27.84</ele>
      </trkpt>
      <trkpt lat="37.569602675817" lon="126.982972224281">
        <ele>27.96</ele>
      </trkpt>
      <trkpt lat="37.569691948265" lon="126.982987526694">
        <ele>27.93</ele>
      </trkpt>
      <trkpt lat="37.569781220714" lon="126.983002829107">
        <ele>28.09</ele>
      </trkpt>
      <trkpt lat="37.5698612203371" lon="126.983016542042">
        <ele>28.15</ele>
      </trkpt>
      <trkpt lat="37.569869834559" lon="126.983021137746">
        <ele>28.15</ele>
      </trkpt>
      <trkpt lat="37.569952766421" lon="126.983065382056">
        <ele>28.16</ele>
      </trkpt>
      <trkpt lat="37.5699794815716" lon="126.98307963464">
        <ele>28.23</ele>
      </trkpt>
      <trkpt lat="37.570026292561" lon="126.983128919918">
        <ele>28.27</ele>
      </trkpt>
      <trkpt lat="37.5700791602268" lon="126.983184582011">
        <ele>28.25</ele>
      </trkpt>
      <trkpt lat="37.57008857805" lon="126.983208334297">
        <ele>28.23</ele>
      </trkpt>
      <trkpt lat="37.5701178584082" lon="126.983282181028">
        <ele>28.26</ele>
      </trkpt>
      <trkpt lat="37.570121003979" lon="126.983312619261">
        <ele>28.21</ele>
      </trkpt>
      <trkpt lat="37.570132604555" lon="126.983424872684">
        <ele>28.17</ele>
      </trkpt>
      <trkpt lat="37.570144205132" lon="126.983537126106">
        <ele>28.14</ele>
      </trkpt>
      <trkpt lat="37.570155805709" lon="126.983649379529">
        <ele>28.04</ele>
      </trkpt>
      <trkpt lat="37.5701565234625" lon="126.9836563249">
        <ele>28.04</ele>
      </trkpt>
      <trkpt lat="37.570156933192" lon="126.983762515607">
        <ele>27.94</ele>
      </trkpt>
      <trkpt lat="37.570157369944" lon="126.9838757099">
        <ele>27.81</ele>
      </trkpt>
      <trkpt lat="37.570157806697" lon="126.983988904192">
        <ele>27.49</ele>
      </trkpt>
      <trkpt lat="37.570158243449" lon="126.984102098484">
        <ele>27.35</ele>
      </trkpt>
      <trkpt lat="37.570158680201" lon="126.984215292777">
        <ele>27.25</ele>
      </trkpt>
      <trkpt lat="37.570159116953" lon="126.984328487069">
        <ele>27.12</ele>
      </trkpt>
      <trkpt lat="37.570159553706" lon="126.984441681361">
        <ele>27.02</ele>
      </trkpt>
      <trkpt lat="37.570159990458" lon="126.984554875654">
        <ele>26.89</ele>
      </trkpt>
      <trkpt lat="37.57016042721" lon="126.984668069946">
        <ele>26.69</ele>
      </trkpt>
      <trkpt lat="37.570160863963" lon="126.984781264238">
        <ele>26.61</ele>
      </trkpt>
      <trkpt lat="37.570161300715" lon="126.98489445853">
        <ele>26.69</ele>
      </trkpt>
      <trkpt lat="37.570161737467" lon="126.985007652823">
        <ele>26.66</ele>
      </trkpt>
      <trkpt lat="37.570162174219" lon="126.985120847115">
        <ele>26.62</ele>
      </trkpt>
      <trkpt lat="37.570162610972" lon="126.985234041407">
        <ele>26.56</ele>
      </trkpt>
      <trkpt lat="37.570163047724" lon="126.9853472357">
        <ele>26.49</ele>
      </trkpt>
      <trkpt lat="37.570163484476" lon="126.985460429992">
        <ele>26.2</ele>
      </trkpt>
      <trkpt lat="37.570163921229" lon="126.985573624284">
        <ele>26.19</ele>
      </trkpt>
      <trkpt lat="37.570164357981" lon="126.985686818577">
        <ele>26.16</ele>
      </trkpt>
      <trkpt lat="37.570164794733" lon="126.985800012869">
        <ele>26.11</ele>
      </trkpt>
      <trkpt lat="37.570165231485" lon="126.985913207161">
        <ele>26.04</ele>
      </trkpt>
      <trkpt lat="37.570165668238" lon="126.986026401453">
        <ele>26.04</ele>
      </trkpt>
      <trkpt lat="37.57016610499" lon="126.986139595746">
        <ele>26</ele>
      </trkpt>
      <trkpt lat="37.570166541742" lon="126.986252790038">
        <ele>26</ele>
      </trkpt>
      <trkpt lat="37.570166978495" lon="126.98636598433">
        <ele>26.02</ele>
      </trkpt>
      <trkpt lat="37.570167415247" lon="126.986479178623">
        <ele>26.01</ele>
      </trkpt>
      <trkpt lat="37.570167851999" lon="126.986592372915">
        <ele>26</ele>
      </trkpt>
      <trkpt lat="37.570168288752" lon="126.986705567207">
        <ele>25.86</ele>
      </trkpt>
      <trkpt lat="37.570168725504" lon="126.9868187615">
        <ele>25.86</ele>
      </trkpt>
      <trkpt lat="37.570169162256" lon="126.986931955792">
        <ele>25.99</ele>
      </trkpt>
      <trkpt lat="37.570169599008" lon="126.987045150084">
        <ele>25.87</ele>
      </trkpt>
      <trkpt lat="37.570170035761" lon="126.987158344376">
        <ele>25.76</ele>
      </trkpt>
      <trkpt lat="37.5701704684212" lon="126.98727047819">
        <ele>25.74</ele>
      </trkpt>
      <trkpt lat="37.57017046445" lon="126.98727153867">
        <ele>25.74</ele>
      </trkpt>
      <trkpt lat="37.57017004055" lon="126.987384733047">
        <ele>25.65</ele>
      </trkpt>
      <trkpt lat="37.57016961665" lon="126.987497927424">
        <ele>25.62</ele>
      </trkpt>
      <trkpt lat="37.570169192751" lon="126.987611121801">
        <ele>25.69</ele>
      </trkpt>
      <trkpt lat="37.570168768851" lon="126.987724316178">
        <ele>25.81</ele>
      </trkpt>
      <trkpt lat="37.570168344951" lon="126.987837510555">
        <ele>25.76</ele>
      </trkpt>
      <trkpt lat="37.570167921051" lon="126.987950704932">
        <ele>25.69</ele>
      </trkpt>
      <trkpt lat="37.570167497151" lon="126.988063899309">
        <ele>25.65</ele>
      </trkpt>
      <trkpt lat="37.570167073252" lon="126.988177093687">
        <ele>25.61</ele>
      </trkpt>
      <trkpt lat="37.5701667310563" lon="126.98826847046">
        <ele>25.54</ele>
      </trkpt>
      <trkpt lat="37.57016768672" lon="126.988290255256">
        <ele>25.54</ele>
      </trkpt>
      <trkpt lat="37.570172644906" lon="126.98840327942">
        <ele>25.47</ele>
      </trkpt>
      <trkpt lat="37.570177603092" lon="126.988516303585">
        <ele>25.44</ele>
      </trkpt>
      <trkpt lat="37.570182561278" lon="126.988629327749">
        <ele>25.38</ele>
      </trkpt>
      <trkpt lat="37.570187519464" lon="126.988742351913">
        <ele>25.36</ele>
      </trkpt>
      <trkpt lat="37.57019247765" lon="126.988855376077">
        <ele>25.26</ele>
      </trkpt>
      <trkpt lat="37.570197435836" lon="126.988968400242">
        <ele>25.38</ele>
      </trkpt>
      <trkpt lat="37.570202394022" lon="126.989081424406">
        <ele>25.26</ele>
      </trkpt>
      <trkpt lat="37.570207352208" lon="126.98919444857">
        <ele>25.22</ele>
      </trkpt>
      <trkpt lat="37.570212310394" lon="126.989307472734">
        <ele>25.16</ele>
      </trkpt>
      <trkpt lat="37.57021726858" lon="126.989420496899">
        <ele>25.12</ele>
      </trkpt>
      <trkpt lat="37.570222226766" lon="126.989533521063">
        <ele>25.07</ele>
      </trkpt>
      <trkpt lat="37.570227184952" lon="126.989646545227">
        <ele>24.99</ele>
      </trkpt>
      <trkpt lat="37.570232143137" lon="126.989759569391">
        <ele>24.96</ele>
      </trkpt>
      <trkpt lat="37.570237101323" lon="126.989872593556">
        <ele>24.79</ele>
      </trkpt>
      <trkpt lat="37.570242059509" lon="126.98998561772">
        <ele>24.67</ele>
      </trkpt>
      <trkpt lat="37.570247017695" lon="126.990098641884">
        <ele>24.64</ele>
      </trkpt>
      <trkpt lat="37.5702499416433" lon="126.990165294641">
        <ele>24.58</ele>
      </trkpt>
      <trkpt lat="37.570253971146" lon="126.99021145975">
        <ele>24.58</ele>
      </trkpt>
      <trkpt lat="37.570263792525" lon="126.990323981088">
        <ele>24.47</ele>
      </trkpt>
      <trkpt lat="37.570273613904" lon="126.990436502427">
        <ele>24.42</ele>
      </trkpt>
      <trkpt lat="37.570283435283" lon="126.990549023766">
        <ele>24.39</ele>
      </trkpt>
      <trkpt lat="37.570293256662" lon="126.990661545105">
        <ele>24.28</ele>
      </trkpt>
      <trkpt lat="37.570303078041" lon="126.990774066443">
        <ele>24.22</ele>
      </trkpt>
      <trkpt lat="37.57031289942" lon="126.990886587782">
        <ele>24.13</ele>
      </trkpt>
      <trkpt lat="37.5703227208" lon="126.990999109121">
        <ele>24.18</ele>
      </trkpt>
      <trkpt lat="37.570332542179" lon="126.99111163046">
        <ele>24.13</ele>
      </trkpt>
      <trkpt lat="37.570342363558" lon="126.991224151798">
        <ele>23.95</ele>
      </trkpt>
      <trkpt lat="37.570352184937" lon="126.991336673137">
        <ele>23.97</ele>
      </trkpt>
      <trkpt lat="37.570362006316" lon="126.991449194476">
        <ele>23.91</ele>
      </trkpt>
      <trkpt lat="37.570371827695" lon="126.991561715815">
        <ele>24.02</ele>
      </trkpt>
      <trkpt lat="37.570381649074" lon="126.991674237153">
        <ele>23.95</ele>
      </trkpt>
      <trkpt lat="37.570391470453" lon="126.991786758492">
        <ele>23.99</ele>
      </trkpt>
      <trkpt lat="37.5703925662896" lon="126.991799313245">
        <ele>23.99</ele>
      </trkpt>
      <trkpt lat="37.570395025691" lon="126.99189983173">
        <ele>23.92</ele>
      </trkpt>
      <trkpt lat="37.570397793967" lon="126.99201297428">
        <ele>23.89</ele>
      </trkpt>
      <trkpt lat="37.570400562243" lon="126.99212611683">
        <ele>23.86</ele>
      </trkpt>
      <trkpt lat="37.57040333052" lon="126.992239259381">
        <ele>23.79</ele>
      </trkpt>
      <trkpt lat="37.570406098796" lon="126.992352401931">
        <ele>23.65</ele>
      </trkpt>
      <trkpt lat="37.570408867072" lon="126.992465544482">
        <ele>23.54</ele>
      </trkpt>
      <trkpt lat="37.570411635349" lon="126.992578687032">
        <ele>23.41</ele>
      </trkpt>
      <trkpt lat="37.570414403625" lon="126.992691829582">
        <ele>23.29</ele>
      </trkpt>
      <trkpt lat="37.570417171901" lon="126.992804972133">
        <ele>23.24</ele>
      </trkpt>
      <trkpt lat="37.570419940177" lon="126.992918114683">
        <ele>23.24</ele>
      </trkpt>
      <trkpt lat="37.570422708454" lon="126.993031257233">
        <ele>23.24</ele>
      </trkpt>
      <trkpt lat="37.5704227174431" lon="126.993031624642">
        <ele>23.24</ele>
      </trkpt>
      <trkpt lat="37.570428467743" lon="126.993144221696">
        <ele>23.22</ele>
      </trkpt>
      <trkpt lat="37.570434236777" lon="126.993257185579">
        <ele>23.18</ele>
      </trkpt>
      <trkpt lat="37.570440005811" lon="126.993370149462">
        <ele>23.09</ele>
      </trkpt>
      <trkpt lat="37.570445774844" lon="126.993483113344">
        <ele>23.07</ele>
      </trkpt>
      <trkpt lat="37.570451543878" lon="126.993596077227">
        <ele>23.06</ele>
      </trkpt>
      <trkpt lat="37.570457312912" lon="126.99370904111">
        <ele>23.02</ele>
      </trkpt>
      <trkpt lat="37.570463081946" lon="126.993822004992">
        <ele>23.03</ele>
      </trkpt>
      <trkpt lat="37.57046885098" lon="126.993934968875">
        <ele>22.99</ele>
      </trkpt>
      <trkpt lat="37.570474620013" lon="126.994047932758">
        <ele>22.97</ele>
      </trkpt>
      <trkpt lat="37.570480389047" lon="126.99416089664">
        <ele>22.87</ele>
      </trkpt>
      <trkpt lat="37.570486158081" lon="126.994273860523">
        <ele>22.98</ele>
      </trkpt>
      <trkpt lat="37.570491927115" lon="126.994386824406">
        <ele>22.91</ele>
      </trkpt>
      <trkpt lat="37.570497696149" lon="126.994499788288">
        <ele>22.92</ele>
      </trkpt>
      <trkpt lat="37.570503465182" lon="126.994612752171">
        <ele>22.95</ele>
      </trkpt>
      <trkpt lat="37.570509234216" lon="126.994725716054">
        <ele>22.79</ele>
      </trkpt>
      <trkpt lat="37.57051500325" lon="126.994838679936">
        <ele>22.71</ele>
      </trkpt>
      <trkpt lat="37.570520772284" lon="126.994951643819">
        <ele>22.74</ele>
      </trkpt>
      <trkpt lat="37.570526541318" lon="126.995064607702">
        <ele>22.68</ele>
      </trkpt>
      <trkpt lat="37.570532310351" lon="126.995177571584">
        <ele>22.71</ele>
      </trkpt>
      <trkpt lat="37.570538079385" lon="126.995290535467">
        <ele>22.58</ele>
      </trkpt>
      <trkpt lat="37.570543848419" lon="126.99540349935">
        <ele>22.56</ele>
      </trkpt>
      <trkpt lat="37.570549617453" lon="126.995516463232">
        <ele>22.47</ele>
      </trkpt>
      <trkpt lat="37.570555386486" lon="126.995629427115">
        <ele>22.44</ele>
      </trkpt>
      <trkpt lat="37.57056115552" lon="126.995742390998">
        <ele>22.49</ele>
      </trkpt>
      <trkpt lat="37.570566924554" lon="126.99585535488">
        <ele>22.43</ele>
      </trkpt>
      <trkpt lat="37.570572693588" lon="126.995968318763">
        <ele>22.36</ele>
      </trkpt>
      <trkpt lat="37.570578462622" lon="126.996081282646">
        <ele>22.36</ele>
      </trkpt>
      <trkpt lat="37.570584231655" lon="126.996194246528">
        <ele>22.24</ele>
      </trkpt>
      <trkpt lat="37.570590000689" lon="126.996307210411">
        <ele>22.2</ele>
      </trkpt>
      <trkpt lat="37.570595769723" lon="126.996420174294">
        <ele>22.2</ele>
      </trkpt>
      <trkpt lat="37.570601538757" lon="126.996533138176">
        <ele>22.2</ele>
      </trkpt>
      <trkpt lat="37.570607307791" lon="126.996646102059">
        <ele>22.2</ele>
      </trkpt>
      <trkpt lat="37.570613076824" lon="126.996759065942">
        <ele>22.17</ele>
      </trkpt>
      <trkpt lat="37.5706161969558" lon="126.996820161469">
        <ele>22.16</ele>
      </trkpt>
      <trkpt lat="37.570619241825" lon="126.996871995605">
        <ele>22.12</ele>
      </trkpt>
      <trkpt lat="37.570625873233" lon="126.996984884963">
        <ele>22.14</ele>
      </trkpt>
      <trkpt lat="37.570632504642" lon="126.99709777432">
        <ele>22.11</ele>
      </trkpt>
      <trkpt lat="37.57063913605" lon="126.997210663677">
        <ele>22.15</ele>
      </trkpt>
      <trkpt lat="37.570645767458" lon="126.997323553034">
        <ele>22.16</ele>
      </trkpt>
      <trkpt lat="37.570652398867" lon="126.997436442391">
        <ele>22.17</ele>
      </trkpt>
      <trkpt lat="37.570659030275" lon="126.997549331749">
        <ele>22.15</ele>
      </trkpt>
      <trkpt lat="37.570665661683" lon="126.997662221106">
        <ele>22.14</ele>
      </trkpt>
      <trkpt lat="37.570672293092" lon="126.997775110463">
        <ele>22.06</ele>
      </trkpt>
      <trkpt lat="37.5706789245" lon="126.99788799982">
        <ele>21.94</ele>
      </trkpt>
      <trkpt lat="37.570685555908" lon="126.998000889178">
        <ele>21.85</ele>
      </trkpt>
      <trkpt lat="37.570692187317" lon="126.998113778535">
        <ele>21.77</ele>
      </trkpt>
      <trkpt lat="37.570698818725" lon="126.998226667892">
        <ele>21.66</ele>
      </trkpt>
      <trkpt lat="37.5707007529997" lon="126.998259595891">
        <ele>21.64</ele>
      </trkpt>
      <trkpt lat="37.570705544685" lon="126.998339548516">
        <ele>21.64</ele>
      </trkpt>
      <trkpt lat="37.570712309582" lon="126.998452425543">
        <ele>21.54</ele>
      </trkpt>
      <trkpt lat="37.570719074478" lon="126.998565302571">
        <ele>21.45</ele>
      </trkpt>
      <trkpt lat="37.570725839375" lon="126.998678179599">
        <ele>21.38</ele>
      </trkpt>
      <trkpt lat="37.570732604271" lon="126.998791056626">
        <ele>21.32</ele>
      </trkpt>
      <trkpt lat="37.570739369168" lon="126.998903933654">
        <ele>21.28</ele>
      </trkpt>
      <trkpt lat="37.570746134064" lon="126.999016810681">
        <ele>21.29</ele>
      </trkpt>
      <trkpt lat="37.570752898961" lon="126.999129687709">
        <ele>21.27</ele>
      </trkpt>
      <trkpt lat="37.570759663857" lon="126.999242564737">
        <ele>21.23</ele>
      </trkpt>
      <trkpt lat="37.570766428754" lon="126.999355441764">
        <ele>21.19</ele>
      </trkpt>
      <trkpt lat="37.57077319365" lon="126.999468318792">
        <ele>21.15</ele>
      </trkpt>
      <trkpt lat="37.570779958547" lon="126.999581195819">
        <ele>21.1</ele>
      </trkpt>
      <trkpt lat="37.570786723443" lon="126.999694072847">
        <ele>21.03</ele>
      </trkpt>
      <trkpt lat="37.57079348834" lon="126.999806949874">
        <ele>20.97</ele>
      </trkpt>
      <trkpt lat="37.570800253236" lon="126.999919826902">
        <ele>21</ele>
      </trkpt>
      <trkpt lat="37.570807018133" lon="127.00003270393">
        <ele>20.95</ele>
      </trkpt>
      <trkpt lat="37.570813783029" lon="127.000145580957">
        <ele>20.9</ele>
      </trkpt>
      <trkpt lat="37.570820547926" lon="127.000258457985">
        <ele>20.9</ele>
      </trkpt>
      <trkpt lat="37.570827312822" lon="127.000371335012">
        <ele>20.89</ele>
      </trkpt>
      <trkpt lat="37.570834077719" lon="127.00048421204">
        <ele>20.89</ele>
      </trkpt>
      <trkpt lat="37.570840842615" lon="127.000597089067">
        <ele>20.79</ele>
      </trkpt>
      <trkpt lat="37.5708449778753" lon="127.000666088771">
        <ele>20.75</ele>
      </trkpt>
      <trkpt lat="37.570847849624" lon="127.000709942198">
        <ele>20.77</ele>
      </trkpt>
      <trkpt lat="37.570855237367" lon="127.00082275775">
        <ele>20.75</ele>
      </trkpt>
      <trkpt lat="37.570862625111" lon="127.000935573301">
        <ele>20.71</ele>
      </trkpt>
      <trkpt lat="37.570870012855" lon="127.001048388852">
        <ele>20.74</ele>
      </trkpt>
      <trkpt lat="37.570877400599" lon="127.001161204404">
        <ele>20.73</ele>
      </trkpt>
      <trkpt lat="37.570884788342" lon="127.001274019955">
        <ele>20.76</ele>
      </trkpt>
      <trkpt lat="37.570892176086" lon="127.001386835507">
        <ele>20.73</ele>
      </trkpt>
      <trkpt lat="37.57089956383" lon="127.001499651058">
        <ele>20.83</ele>
      </trkpt>
      <trkpt lat="37.570906951573" lon="127.001612466609">
        <ele>20.85</ele>
      </trkpt>
      <trkpt lat="37.570914339317" lon="127.001725282161">
        <ele>20.92</ele>
      </trkpt>
      <trkpt lat="37.570921727061" lon="127.001838097712">
        <ele>21.03</ele>
      </trkpt>
      <trkpt lat="37.570929114804" lon="127.001950913264">
        <ele>21.01</ele>
      </trkpt>
      <trkpt lat="37.5709294251708" lon="127.001955652755">
        <ele>21.01</ele>
      </trkpt>
      <trkpt lat="37.570932945882" lon="127.002064003837">
        <ele>20.89</ele>
      </trkpt>
      <trkpt lat="37.570936620988" lon="127.002177106472">
        <ele>20.76</ele>
      </trkpt>
      <trkpt lat="37.570940296094" lon="127.002290209106">
        <ele>20.6</ele>
      </trkpt>
      <trkpt lat="37.5709439712" lon="127.002403311741">
        <ele>20.54</ele>
      </trkpt>
      <trkpt lat="37.570947646306" lon="127.002516414375">
        <ele>20.48</ele>
      </trkpt>
      <trkpt lat="37.570951321412" lon="127.00262951701">
        <ele>20.58</ele>
      </trkpt>
      <trkpt lat="37.570954996518" lon="127.002742619644">
        <ele>20.5</ele>
      </trkpt>
      <trkpt lat="37.570958671624" lon="127.002855722279">
        <ele>20.41</ele>
      </trkpt>
      <trkpt lat="37.57096234673" lon="127.002968824913">
        <ele>20.34</ele>
      </trkpt>
      <trkpt lat="37.570966021836" lon="127.003081927548">
        <ele>20.29</ele>
      </trkpt>
      <trkpt lat="37.570969696942" lon="127.003195030182">
        <ele>20.31</ele>
      </trkpt>
      <trkpt lat="37.570973372048" lon="127.003308132817">
        <ele>20.24</ele>
      </trkpt>
      <trkpt lat="37.570977047154" lon="127.003421235451">
        <ele>20.2</ele>
      </trkpt>
      <trkpt lat="37.57098072226" lon="127.003534338086">
        <ele>20.14</ele>
      </trkpt>
      <trkpt lat="37.570984397366" lon="127.00364744072">
        <ele>20.09</ele>
      </trkpt>
      <trkpt lat="37.570988072472" lon="127.003760543355">
        <ele>20.09</ele>
      </trkpt>
      <trkpt lat="37.570991747578" lon="127.003873645989">
        <ele>20.05</ele>
      </trkpt>
      <trkpt lat="37.570995422684" lon="127.003986748623">
        <ele>20.04</ele>
      </trkpt>
      <trkpt lat="37.57099909779" lon="127.004099851258">
        <ele>20.01</ele>
      </trkpt>
      <trkpt lat="37.571002772896" lon="127.004212953892">
        <ele>20.27</ele>
      </trkpt>
      <trkpt lat="37.571006448002" lon="127.004326056527">
        <ele>20.22</ele>
      </trkpt>
      <trkpt lat="37.571007835303" lon="127.004368751194">
        <ele>20.19</ele>
      </trkpt>
      <trkpt lat="37.571009058559" lon="127.004439201099">
        <ele>20.14</ele>
      </trkpt>
      <trkpt lat="37.571011023585" lon="127.004552371101">
        <ele>20.1</ele>
      </trkpt>
      <trkpt lat="37.571012988611" lon="127.004665541104">
        <ele>20</ele>
      </trkpt>
      <trkpt lat="37.571014953637" lon="127.004778711106">
        <ele>19.91</ele>
      </trkpt>
      <trkpt lat="37.571016918663" lon="127.004891881109">
        <ele>19.92</ele>
      </trkpt>
      <trkpt lat="37.571018883689" lon="127.005005051111">
        <ele>19.91</ele>
      </trkpt>
      <trkpt lat="37.571020848715" lon="127.005118221114">
        <ele>19.92</ele>
      </trkpt>
      <trkpt lat="37.57102281374" lon="127.005231391116">
        <ele>19.91</ele>
      </trkpt>
      <trkpt lat="37.571024778766" lon="127.005344561119">
        <ele>19.94</ele>
      </trkpt>
      <trkpt lat="37.571026743792" lon="127.005457731121">
        <ele>19.95</ele>
      </trkpt>
      <trkpt lat="37.571028708818" lon="127.005570901124">
        <ele>19.96</ele>
      </trkpt>
      <trkpt lat="37.571030673844" lon="127.005684071126">
        <ele>20</ele>
      </trkpt>
      <trkpt lat="37.57103263887" lon="127.005797241129">
        <ele>20.02</ele>
      </trkpt>
      <trkpt lat="37.571034603896" lon="127.005910411131">
        <ele>20.04</ele>
      </trkpt>
      <trkpt lat="37.571036568922" lon="127.006023581134">
        <ele>20.09</ele>
      </trkpt>
      <trkpt lat="37.571038533948" lon="127.006136751136">
        <ele>20.11</ele>
      </trkpt>
      <trkpt lat="37.571040498974" lon="127.006249921139">
        <ele>20.12</ele>
      </trkpt>
      <trkpt lat="37.571042464" lon="127.006363091141">
        <ele>20.14</ele>
      </trkpt>
      <trkpt lat="37.5710434173212" lon="127.00641799495">
        <ele>20.16</ele>
      </trkpt>
      <trkpt lat="37.571045370604" lon="127.006476223345">
        <ele>20.15</ele>
      </trkpt>
      <trkpt lat="37.571049164452" lon="127.006589319932">
        <ele>20.17</ele>
      </trkpt>
      <trkpt lat="37.571052958299" lon="127.006702416518">
        <ele>20.2</ele>
      </trkpt>
      <trkpt lat="37.571056752147" lon="127.006815513105">
        <ele>20.24</ele>
      </trkpt>
      <trkpt lat="37.571060545994" lon="127.006928609691">
        <ele>20.19</ele>
      </trkpt>
      <trkpt lat="37.571064339842" lon="127.007041706278">
        <ele>20.15</ele>
      </trkpt>
      <trkpt lat="37.571068133689" lon="127.007154802864">
        <ele>20.13</ele>
      </trkpt>
      <trkpt lat="37.571071927537" lon="127.007267899451">
        <ele>20.18</ele>
      </trkpt>
      <trkpt lat="37.571075721384" lon="127.007380996037">
        <ele>20.17</ele>
      </trkpt>
      <trkpt lat="37.571079515231" lon="127.007494092624">
        <ele>20.17</ele>
      </trkpt>
      <trkpt lat="37.5710799110014" lon="127.007505890734">
        <ele>20.17</ele>
      </trkpt>
      <trkpt lat="37.571082670568" lon="127.007607219879">
        <ele>20.18</ele>
      </trkpt>
      <trkpt lat="37.571085751538" lon="127.007720350707">
        <ele>20.14</ele>
      </trkpt>
      <trkpt lat="37.571088832508" lon="127.007833481535">
        <ele>20.17</ele>
      </trkpt>
      <trkpt lat="37.571091913477" lon="127.007946612363">
        <ele>20.17</ele>
      </trkpt>
      <trkpt lat="37.571094994447" lon="127.008059743191">
        <ele>20.16</ele>
      </trkpt>
      <trkpt lat="37.571098075417" lon="127.008172874019">
        <ele>20.2</ele>
      </trkpt>
      <trkpt lat="37.571101156387" lon="127.008286004847">
        <ele>20.2</ele>
      </trkpt>
      <trkpt lat="37.571104237357" lon="127.008399135675">
        <ele>20.24</ele>
      </trkpt>
      <trkpt lat="37.5711054503566" lon="127.00844367609">
        <ele>20.25</ele>
      </trkpt>
      <trkpt lat="37.571116360457" lon="127.00851092396">
        <ele>20.27</ele>
      </trkpt>
      <trkpt lat="37.571134355226" lon="127.00862184044">
        <ele>20.35</ele>
      </trkpt>
      <trkpt lat="37.571152349995" lon="127.008732756921">
        <ele>20.39</ele>
      </trkpt>
      <trkpt lat="37.5711542594379" lon="127.008744526379">
        <ele>20.4</ele>
      </trkpt>
      <trkpt lat="37.571186190879" lon="127.008837419672">
        <ele>20.43</ele>
      </trkpt>
      <trkpt lat="37.571221912811" lon="127.00894134006">
        <ele>20.41</ele>
      </trkpt>
      <trkpt lat="37.571257634742" lon="127.009045260449">
        <ele>20.38</ele>
      </trkpt>
      <trkpt lat="37.571293356673" lon="127.009149180837">
        <ele>20.4</ele>
      </trkpt>
      <trkpt lat="37.571329078604" lon="127.009253101226">
        <ele>20.44</ele>
      </trkpt>
      <trkpt lat="37.5713383474192" lon="127.009280065582">
        <ele>20.45</ele>
      </trkpt>
      <trkpt lat="37.571353774213" lon="127.009361620156">
        <ele>20.49</ele>
      </trkpt>
      <trkpt lat="37.571374606347" lon="127.009471750352">
        <ele>20.49</ele>
      </trkpt>
      <trkpt lat="37.571395438482" lon="127.009581880549">
        <ele>20.44</ele>
      </trkpt>
      <trkpt lat="37.571416270616" lon="127.009692010746">
        <ele>20.37</ele>
      </trkpt>
      <trkpt lat="37.57143710275" lon="127.009802140942">
        <ele>20.35</ele>
      </trkpt>
      <trkpt lat="37.5714402226909" lon="127.009818634676">
        <ele>20.35</ele>
      </trkpt>
      <trkpt lat="37.571458001462" lon="127.009912251382">
        <ele>20.29</ele>
      </trkpt>
      <trkpt lat="37.571478911901" lon="127.010022358342">
        <ele>20.34</ele>
      </trkpt>
      <trkpt lat="37.571499822341" lon="127.010132465302">
        <ele>20.33</ele>
      </trkpt>
      <trkpt lat="37.57152073278" lon="127.010242572262">
        <ele>20.34</ele>
      </trkpt>
      <trkpt lat="37.571541643219" lon="127.010352679221">
        <ele>20.34</ele>
      </trkpt>
      <trkpt lat="37.571562553658" lon="127.010462786181">
        <ele>20.34</ele>
      </trkpt>
      <trkpt lat="37.571583464098" lon="127.010572893141">
        <ele>20.31</ele>
      </trkpt>
      <trkpt lat="37.5715961510767" lon="127.010639698275">
        <ele>20.3</ele>
      </trkpt>
      <trkpt lat="37.57160575945" lon="127.010682547732">
        <ele>20.28</ele>
      </trkpt>
      <trkpt lat="37.571630191416" lon="127.010791504418">
        <ele>20.29</ele>
      </trkpt>
      <trkpt lat="37.571654623383" lon="127.010900461105">
        <ele>20.29</ele>
      </trkpt>
      <trkpt lat="37.571679055349" lon="127.011009417791">
        <ele>20.14</ele>
      </trkpt>
      <trkpt lat="37.571703487316" lon="127.011118374478">
        <ele>20.11</ele>
      </trkpt>
      <trkpt lat="37.571727919282" lon="127.011227331164">
        <ele>20.03</ele>
      </trkpt>
      <trkpt lat="37.571752351249" lon="127.01133628785">
        <ele>19.96</ele>
      </trkpt>
      <trkpt lat="37.571776783216" lon="127.011445244537">
        <ele>20.12</ele>
      </trkpt>
      <trkpt lat="37.5717852119373" lon="127.011482833226">
        <ele>20.09</ele>
      </trkpt>
      <trkpt lat="37.571797492348" lon="127.011555356458">
        <ele>20.07</ele>
      </trkpt>
      <trkpt lat="37.571816240708" lon="127.011666076827">
        <ele>20.1</ele>
      </trkpt>
      <trkpt lat="37.571834989068" lon="127.011776797197">
        <ele>20.19</ele>
      </trkpt>
      <trkpt lat="37.571853737427" lon="127.011887517566">
        <ele>20.27</ele>
      </trkpt>
      <trkpt lat="37.571872485787" lon="127.011998237935">
        <ele>20.58</ele>
      </trkpt>
      <trkpt lat="37.571891234147" lon="127.012108958305">
        <ele>20.41</ele>
      </trkpt>
      <trkpt lat="37.571909982507" lon="127.012219678674">
        <ele>20.31</ele>
      </trkpt>
      <trkpt lat="37.571928730866" lon="127.012330399044">
        <ele>20.17</ele>
      </trkpt>
      <trkpt lat="37.5719403695858" lon="127.0123991327">
        <ele>20.21</ele>
      </trkpt>
      <trkpt lat="37.571952459548" lon="127.01243928194">
        <ele>20.27</ele>
      </trkpt>
      <trkpt lat="37.571984341182" lon="127.012545156833">
        <ele>20.18</ele>
      </trkpt>
      <trkpt lat="37.572016222817" lon="127.012651031725">
        <ele>20.27</ele>
      </trkpt>
      <trkpt lat="37.572048104451" lon="127.012756906617">
        <ele>20.27</ele>
      </trkpt>
      <trkpt lat="37.572079986086" lon="127.012862781509">
        <ele>20.12</ele>
      </trkpt>
      <trkpt lat="37.57211186772" lon="127.012968656401">
        <ele>19.95</ele>
      </trkpt>
      <trkpt lat="37.572143749355" lon="127.013074531294">
        <ele>19.85</ele>
      </trkpt>
      <trkpt lat="37.572175630989" lon="127.013180406186">
        <ele>19.81</ele>
      </trkpt>
      <trkpt lat="37.572207512624" lon="127.013286281078">
        <ele>19.72</ele>
      </trkpt>
      <trkpt lat="37.572239394258" lon="127.01339215597">
        <ele>19.59</ele>
      </trkpt>
      <trkpt lat="37.5722618347777" lon="127.013466678108">
        <ele>19.6</ele>
      </trkpt>
      <trkpt lat="37.5722618280198" lon="127.013475360777">
        <ele>19.6</ele>
      </trkpt>
      <trkpt lat="37.572269580451" lon="127.013498210455">
        <ele>19.58</ele>
      </trkpt>
      <trkpt lat="37.572304910741" lon="127.013602343687">
        <ele>19.45</ele>
      </trkpt>
      <trkpt lat="37.57234024103" lon="127.013706476919">
        <ele>19.25</ele>
      </trkpt>
      <trkpt lat="37.57237557132" lon="127.013810610151">
        <ele>19.27</ele>
      </trkpt>
      <trkpt lat="37.57241090161" lon="127.013914743383">
        <ele>19.25</ele>
      </trkpt>
      <trkpt lat="37.572446231899" lon="127.014018876615">
        <ele>19.2</ele>
      </trkpt>
      <trkpt lat="37.572481562189" lon="127.014123009847">
        <ele>19.14</ele>
      </trkpt>
      <trkpt lat="37.572516892478" lon="127.014227143079">
        <ele>19.17</ele>
      </trkpt>
      <trkpt lat="37.572552222768" lon="127.014331276311">
        <ele>19.11</ele>
      </trkpt>
      <trkpt lat="37.572587553058" lon="127.014435409543">
        <ele>19.12</ele>
      </trkpt>
      <trkpt lat="37.572622883347" lon="127.014539542775">
        <ele>19.21</ele>
      </trkpt>
      <trkpt lat="37.572658213637" lon="127.014643676007">
        <ele>19.21</ele>
      </trkpt>
      <trkpt lat="37.572693543926" lon="127.014747809239">
        <ele>19.3</ele>
      </trkpt>
      <trkpt lat="37.572717628635" lon="127.014818797011">
        <ele>19.32</ele>
      </trkpt>
      <trkpt lat="37.572727128136" lon="127.014852794217">
        <ele>19.33</ele>
      </trkpt>
      <trkpt lat="37.57275697276" lon="127.014959603382">
        <ele>19.35</ele>
      </trkpt>
      <trkpt lat="37.572786817383" lon="127.015066412548">
        <ele>19.34</ele>
      </trkpt>
      <trkpt lat="37.572816662006" lon="127.015173221713">
        <ele>19.45</ele>
      </trkpt>
      <trkpt lat="37.572846506629" lon="127.015280030879">
        <ele>19.55</ele>
      </trkpt>
      <trkpt lat="37.572876351253" lon="127.015386840044">
        <ele>19.62</ele>
      </trkpt>
      <trkpt lat="37.572906195876" lon="127.01549364921">
        <ele>19.67</ele>
      </trkpt>
      <trkpt lat="37.572936040499" lon="127.015600458376">
        <ele>19.75</ele>
      </trkpt>
      <trkpt lat="37.572965885122" lon="127.015707267541">
        <ele>19.79</ele>
      </trkpt>
      <trkpt lat="37.572995729746" lon="127.015814076707">
        <ele>19.66</ele>
      </trkpt>
      <trkpt lat="37.5730116177572" lon="127.015870937376">
        <ele>19.53</ele>
      </trkpt>
      <trkpt lat="37.573024114218" lon="127.015921492727">
        <ele>19.43</ele>
      </trkpt>
      <trkpt lat="37.573050836474" lon="127.016029599584">
        <ele>19.44</ele>
      </trkpt>
      <trkpt lat="37.57307755873" lon="127.016137706441">
        <ele>19.38</ele>
      </trkpt>
      <trkpt lat="37.573104280986" lon="127.016245813297">
        <ele>19.38</ele>
      </trkpt>
      <trkpt lat="37.573131003242" lon="127.016353920154">
        <ele>19.33</ele>
      </trkpt>
      <trkpt lat="37.573157725498" lon="127.01646202701">
        <ele>19.31</ele>
      </trkpt>
      <trkpt lat="37.573184447754" lon="127.016570133867">
        <ele>19.24</ele>
      </trkpt>
      <trkpt lat="37.57321117001" lon="127.016678240724">
        <ele>19.22</ele>
      </trkpt>
      <trkpt lat="37.573237892267" lon="127.01678634758">
        <ele>19.24</ele>
      </trkpt>
      <trkpt lat="37.573264614523" lon="127.016894454437">
        <ele>19.21</ele>
      </trkpt>
      <trkpt lat="37.573291336779" lon="127.017002561293">
        <ele>19.17</ele>
      </trkpt>
      <trkpt lat="37.573318059035" lon="127.01711066815">
        <ele>19.09</ele>
      </trkpt>
      <trkpt lat="37.5733266300169" lon="127.017145342689">
        <ele>19.15</ele>
      </trkpt>
      <trkpt lat="37.573346594902" lon="127.017218028503">
        <ele>19.14</ele>
      </trkpt>
      <trkpt lat="37.573375987152" lon="127.017325036359">
        <ele>19.2</ele>
      </trkpt>
      <trkpt lat="37.573405379402" lon="127.017432044216">
        <ele>19.24</ele>
      </trkpt>
      <trkpt lat="37.573434771652" lon="127.017539052072">
        <ele>19.19</ele>
      </trkpt>
      <trkpt lat="37.573464163901" lon="127.017646059928">
        <ele>19.15</ele>
      </trkpt>
      <trkpt lat="37.573493556151" lon="127.017753067785">
        <ele>19.04</ele>
      </trkpt>
      <trkpt lat="37.573522948401" lon="127.017860075641">
        <ele>18.94</ele>
      </trkpt>
      <trkpt lat="37.57355234065" lon="127.017967083497">
        <ele>18.95</ele>
      </trkpt>
      <trkpt lat="37.5735817329" lon="127.018074091353">
        <ele>18.88</ele>
      </trkpt>
      <trkpt lat="37.5736060172857" lon="127.018162503097">
        <ele>18.87</ele>
      </trkpt>
      <trkpt lat="37.573612020247" lon="127.018180672289">
        <ele>18.89</ele>
      </trkpt>
      <trkpt lat="37.573646563166" lon="127.018285223513">
        <ele>18.88</ele>
      </trkpt>
      <trkpt lat="37.573681106084" lon="127.018389774736">
        <ele>18.91</ele>
      </trkpt>
      <trkpt lat="37.573715649003" lon="127.018494325959">
        <ele>18.83</ele>
      </trkpt>
      <trkpt lat="37.573750191922" lon="127.018598877182">
        <ele>18.8</ele>
      </trkpt>
      <trkpt lat="37.57378473484" lon="127.018703428405">
        <ele>18.86</ele>
      </trkpt>
      <trkpt lat="37.573819277759" lon="127.018807979629">
        <ele>18.81</ele>
      </trkpt>
      <trkpt lat="37.573853820678" lon="127.018912530852">
        <ele>18.86</ele>
      </trkpt>
      <trkpt lat="37.573888363596" lon="127.019017082075">
        <ele>18.74</ele>
      </trkpt>
      <trkpt lat="37.573922906515" lon="127.019121633298">
        <ele>18.69</ele>
      </trkpt>
      <trkpt lat="37.573957449434" lon="127.019226184521">
        <ele>18.66</ele>
      </trkpt>
      <trkpt lat="37.573991992353" lon="127.019330735745">
        <ele>18.52</ele>
      </trkpt>
      <trkpt lat="37.5740196630201" lon="127.019414486691">
        <ele>18.62</ele>
      </trkpt>
      <trkpt lat="37.574026882492" lon="127.01943510059">
        <ele>18.45</ele>
      </trkpt>
      <trkpt lat="37.574063170695" lon="127.019538714998">
        <ele>18.45</ele>
      </trkpt>
      <trkpt lat="37.574099458898" lon="127.019642329406">
        <ele>18.35</ele>
      </trkpt>
      <trkpt lat="37.5741357471" lon="127.019745943814">
        <ele>18.51</ele>
      </trkpt>
      <trkpt lat="37.574172035303" lon="127.019849558222">
        <ele>18.37</ele>
      </trkpt>
      <trkpt lat="37.574208323506" lon="127.01995317263">
        <ele>18.27</ele>
      </trkpt>
      <trkpt lat="37.574244611708" lon="127.020056787038">
        <ele>18.17</ele>
      </trkpt>
      <trkpt lat="37.574280899911" lon="127.020160401446">
        <ele>18.24</ele>
      </trkpt>
      <trkpt lat="37.574317188114" lon="127.020264015854">
        <ele>18.16</ele>
      </trkpt>
      <trkpt lat="37.574353476316" lon="127.020367630262">
        <ele>18.13</ele>
      </trkpt>
      <trkpt lat="37.574389764519" lon="127.02047124467">
        <ele>18</ele>
      </trkpt>
      <trkpt lat="37.574426052722" lon="127.020574859077">
        <ele>17.93</ele>
      </trkpt>
      <trkpt lat="37.574462340924" lon="127.020678473485">
        <ele>17.9</ele>
      </trkpt>
      <trkpt lat="37.5744977114021" lon="127.020779467496">
        <ele>17.92</ele>
      </trkpt>
      <trkpt lat="37.574498764252" lon="127.020782006438">
        <ele>17.92</ele>
      </trkpt>
      <trkpt lat="37.574540395513" lon="127.020882399986">
        <ele>17.9</ele>
      </trkpt>
      <trkpt lat="37.574582026774" lon="127.020982793533">
        <ele>17.88</ele>
      </trkpt>
      <trkpt lat="37.574623658036" lon="127.021083187081">
        <ele>17.8</ele>
      </trkpt>
      <trkpt lat="37.574665289297" lon="127.021183580629">
        <ele>17.89</ele>
      </trkpt>
      <trkpt lat="37.574706920558" lon="127.021283974176">
        <ele>17.91</ele>
      </trkpt>
      <trkpt lat="37.574748551819" lon="127.021384367724">
        <ele>17.84</ele>
      </trkpt>
      <trkpt lat="37.57479018308" lon="127.021484761271">
        <ele>17.76</ele>
      </trkpt>
      <trkpt lat="37.574831814341" lon="127.021585154819">
        <ele>17.73</ele>
      </trkpt>
      <trkpt lat="37.574873445602" lon="127.021685548367">
        <ele>17.75</ele>
      </trkpt>
      <trkpt lat="37.57491154499" lon="127.021777424822">
        <ele>17.59</ele>
      </trkpt>
      <trkpt lat="37.574914664213" lon="127.021786192613">
        <ele>17.59</ele>
      </trkpt>
      <trkpt lat="37.574951431436" lon="127.021889541228">
        <ele>17.68</ele>
      </trkpt>
      <trkpt lat="37.574988198659" lon="127.021992889842">
        <ele>17.6</ele>
      </trkpt>
      <trkpt lat="37.575024965881" lon="127.022096238457">
        <ele>17.53</ele>
      </trkpt>
      <trkpt lat="37.575061733104" lon="127.022199587071">
        <ele>17.5</ele>
      </trkpt>
      <trkpt lat="37.575098500327" lon="127.022302935686">
        <ele>17.47</ele>
      </trkpt>
      <trkpt lat="37.57513526755" lon="127.0224062843">
        <ele>17.37</ele>
      </trkpt>
      <trkpt lat="37.575172034773" lon="127.022509632915">
        <ele>17.35</ele>
      </trkpt>
      <trkpt lat="37.575208801996" lon="127.022612981529">
        <ele>17.39</ele>
      </trkpt>
      <trkpt lat="37.5752377504118" lon="127.022694352337">
        <ele>17.37</ele>
      </trkpt>
      <trkpt lat="37.575245310873" lon="127.022716472438">
        <ele>17.33</ele>
      </trkpt>
      <trkpt lat="37.575280863247" lon="127.022820490179">
        <ele>17.35</ele>
      </trkpt>
      <trkpt lat="37.57531641562" lon="127.02292450792">
        <ele>17.43</ele>
      </trkpt>
      <trkpt lat="37.575346185733" lon="127.02301160815">
        <ele>17.43</ele>
      </trkpt>
      <trkpt lat="37.57534616885" lon="127.023030019622">
        <ele>17.43</ele>
      </trkpt>
      <trkpt lat="37.575346065045" lon="127.023143223013">
        <ele>17.48</ele>
      </trkpt>
      <trkpt lat="37.57534596124" lon="127.023256426404">
        <ele>17.48</ele>
      </trkpt>
      <trkpt lat="37.575345857435" lon="127.023369629796">
        <ele>17.47</ele>
      </trkpt>
      <trkpt lat="37.5753458552875" lon="127.023371972014">
        <ele>17.47</ele>
      </trkpt>
      <trkpt lat="37.575341148266" lon="127.023482675396">
        <ele>17.46</ele>
      </trkpt>
      <trkpt lat="37.5753378541043" lon="127.023560150043">
        <ele>17.44</ele>
      </trkpt>
      <trkpt lat="37.57532438373" lon="127.023591490478">
        <ele>17.39</ele>
      </trkpt>
      <trkpt lat="37.57528157171" lon="127.023691097756">
        <ele>17.36</ele>
      </trkpt>
      <trkpt lat="37.57523875969" lon="127.023790705033">
        <ele>17.24</ele>
      </trkpt>
      <trkpt lat="37.575195947671" lon="127.023890312311">
        <ele>17.28</ele>
      </trkpt>
      <trkpt lat="37.575153135651" lon="127.023989919589">
        <ele>17.45</ele>
      </trkpt>
      <trkpt lat="37.5751410771285" lon="127.024017975181">
        <ele>17.39</ele>
      </trkpt>
      <trkpt lat="37.575107614391" lon="127.024087580925">
        <ele>17.43</ele>
      </trkpt>
      <trkpt lat="37.575061030833" lon="127.024184479254">
        <ele>17.5</ele>
      </trkpt>
      <trkpt lat="37.575014447274" lon="127.024281377582">
        <ele>17.62</ele>
      </trkpt>
      <trkpt lat="37.574967863715" lon="127.024378275911">
        <ele>17.64</ele>
      </trkpt>
      <trkpt lat="37.574921280156" lon="127.024475174239">
        <ele>17.52</ele>
      </trkpt>
      <trkpt lat="37.574874696597" lon="127.024572072568">
        <ele>17.52</ele>
      </trkpt>
      <trkpt lat="37.574828113038" lon="127.024668970896">
        <ele>17.51</ele>
      </trkpt>
      <trkpt lat="37.57478152948" lon="127.024765869225">
        <ele>17.52</ele>
      </trkpt>
      <trkpt lat="37.574734945921" lon="127.024862767553">
        <ele>17.5</ele>
      </trkpt>
      <trkpt lat="37.574688362362" lon="127.024959665882">
        <ele>17.45</ele>
      </trkpt>
      <trkpt lat="37.57467766003" lon="127.024981927772">
        <ele>17.56</ele>
      </trkpt>
      <trkpt lat="37.574644968667" lon="127.025058842192">
        <ele>17.45</ele>
      </trkpt>
      <trkpt lat="37.574602526417" lon="127.025158697957">
        <ele>17.41</ele>
      </trkpt>
      <trkpt lat="37.574560084166" lon="127.025258553723">
        <ele>17.56</ele>
      </trkpt>
      <trkpt lat="37.574517641916" lon="127.025358409488">
        <ele>17.5</ele>
      </trkpt>
      <trkpt lat="37.574475199665" lon="127.025458265254">
        <ele>17.54</ele>
      </trkpt>
      <trkpt lat="37.574432757414" lon="127.025558121019">
        <ele>17.54</ele>
      </trkpt>
      <trkpt lat="37.574390315164" lon="127.025657976784">
        <ele>17.66</ele>
      </trkpt>
      <trkpt lat="37.574347872913" lon="127.02575783255">
        <ele>17.75</ele>
      </trkpt>
      <trkpt lat="37.574305430663" lon="127.025857688315">
        <ele>17.77</ele>
      </trkpt>
      <trkpt lat="37.5742921718736" lon="127.025888882857">
        <ele>17.77</ele>
      </trkpt>
      <trkpt lat="37.574260436735" lon="127.02595573302">
        <ele>17.75</ele>
      </trkpt>
      <trkpt lat="37.574214283516" lon="127.026052954915">
        <ele>17.74</ele>
      </trkpt>
      <trkpt lat="37.574168130297" lon="127.026150176809">
        <ele>17.71</ele>
      </trkpt>
      <trkpt lat="37.574121977077" lon="127.026247398703">
        <ele>17.69</ele>
      </trkpt>
      <trkpt lat="37.574075823858" lon="127.026344620597">
        <ele>17.65</ele>
      </trkpt>
      <trkpt lat="37.5740301626299" lon="127.026440806111">
        <ele>17.54</ele>
      </trkpt>
      <trkpt lat="37.574029693129" lon="127.026441858828">
        <ele>17.54</ele>
      </trkpt>
      <trkpt lat="37.573985649687" lon="127.026540613256">
        <ele>17.51</ele>
      </trkpt>
      <trkpt lat="37.573941606245" lon="127.026639367684">
        <ele>17.54</ele>
      </trkpt>
      <trkpt lat="37.573897562804" lon="127.026738122112">
        <ele>17.46</ele>
      </trkpt>
      <trkpt lat="37.5738946001678" lon="127.026744764949">
        <ele>17.46</ele>
      </trkpt>
      <trkpt lat="37.573878058068" lon="127.026848285861">
        <ele>17.54</ele>
      </trkpt>
      <trkpt lat="37.573860322998" lon="127.026959272418">
        <ele>17.48</ele>
      </trkpt>
      <trkpt lat="37.5738573367334" lon="127.026977960542">
        <ele>17.48</ele>
      </trkpt>
      <trkpt lat="37.573857251573" lon="127.027072100663">
        <ele>17.52</ele>
      </trkpt>
      <trkpt lat="37.573857149171" lon="127.027185301802">
        <ele>17.52</ele>
      </trkpt>
      <trkpt lat="37.573857046768" lon="127.027298502942">
        <ele>17.52</ele>
      </trkpt>
      <trkpt lat="37.573856944365" lon="127.027411704081">
        <ele>17.56</ele>
      </trkpt>
      <trkpt lat="37.5738569410431" lon="127.027415376332">
        <ele>17.56</ele>
      </trkpt>
      <trkpt lat="37.573857419358" lon="127.027524903645">
        <ele>17.59</ele>
      </trkpt>
      <trkpt lat="37.573857913711" lon="127.027638103156">
        <ele>17.62</ele>
      </trkpt>
      <trkpt lat="37.573858408063" lon="127.027751302666">
        <ele>17.61</ele>
      </trkpt>
      <trkpt lat="37.573858902415" lon="127.027864502177">
        <ele>17.67</ele>
      </trkpt>
      <trkpt lat="37.573859396767" lon="127.027977701688">
        <ele>17.8</ele>
      </trkpt>
      <trkpt lat="37.573859891119" lon="127.028090901199">
        <ele>17.77</ele>
      </trkpt>
      <trkpt lat="37.573860000134" lon="127.02811586403">
        <ele>17.76</ele>
      </trkpt>
      <trkpt lat="37.573858526441" lon="127.0282040826">
        <ele>17.6</ele>
      </trkpt>
      <trkpt lat="37.573856635829" lon="127.028317258877">
        <ele>17.48</ele>
      </trkpt>
      <trkpt lat="37.573854745217" lon="127.028430435155">
        <ele>17.39</ele>
      </trkpt>
      <trkpt lat="37.573852854605" lon="127.028543611432">
        <ele>17.3</ele>
      </trkpt>
      <trkpt lat="37.573850963993" lon="127.02865678771">
        <ele>17.1</ele>
      </trkpt>
      <trkpt lat="37.573849073381" lon="127.028769963987">
        <ele>17.05</ele>
      </trkpt>
      <trkpt lat="37.573847182769" lon="127.028883140265">
        <ele>16.94</ele>
      </trkpt>
      <trkpt lat="37.573845292157" lon="127.028996316542">
        <ele>16.81</ele>
      </trkpt>
      <trkpt lat="37.573843401545" lon="127.02910949282">
        <ele>16.66</ele>
      </trkpt>
      <trkpt lat="37.573841510933" lon="127.029222669097">
        <ele>16.5</ele>
      </trkpt>
      <trkpt lat="37.5738403886397" lon="127.029289852072">
        <ele>16.44</ele>
      </trkpt>
      <trkpt lat="37.573840438093" lon="127.029335855457">
        <ele>16.45</ele>
      </trkpt>
      <trkpt lat="37.573840559782" lon="127.029449056542">
        <ele>16.3</ele>
      </trkpt>
      <trkpt lat="37.573840681471" lon="127.029562257628">
        <ele>16.18</ele>
      </trkpt>
      <trkpt lat="37.57384080316" lon="127.029675458713">
        <ele>16.03</ele>
      </trkpt>
      <trkpt lat="37.57384092485" lon="127.029788659799">
        <ele>15.92</ele>
      </trkpt>
      <trkpt lat="37.573841046539" lon="127.029901860884">
        <ele>15.83</ele>
      </trkpt>
      <trkpt lat="37.573841168228" lon="127.03001506197">
        <ele>15.63</ele>
      </trkpt>
      <trkpt lat="37.573841289917" lon="127.030128263055">
        <ele>15.47</ele>
      </trkpt>
      <trkpt lat="37.573841411607" lon="127.030241464141">
        <ele>15.44</ele>
      </trkpt>
      <trkpt lat="37.573841533296" lon="127.030354665227">
        <ele>15.4</ele>
      </trkpt>
      <trkpt lat="37.573841654985" lon="127.030467866312">
        <ele>15.49</ele>
      </trkpt>
      <trkpt lat="37.573841776675" lon="127.030581067398">
        <ele>15.53</ele>
      </trkpt>
      <trkpt lat="37.573841898364" lon="127.030694268483">
        <ele>15.46</ele>
      </trkpt>
      <trkpt lat="37.573842020053" lon="127.030807469569">
        <ele>15.39</ele>
      </trkpt>
      <trkpt lat="37.573842141742" lon="127.030920670654">
        <ele>15.23</ele>
      </trkpt>
      <trkpt lat="37.573842263432" lon="127.03103387174">
        <ele>15.05</ele>
      </trkpt>
      <trkpt lat="37.5738423301107" lon="127.031095899708">
        <ele>15.01</ele>
      </trkpt>
      <trkpt lat="37.57384431282" lon="127.031147012228">
        <ele>15.12</ele>
      </trkpt>
      <trkpt lat="37.573848698811" lon="127.031260079265">
        <ele>15.05</ele>
      </trkpt>
      <trkpt lat="37.573853084802" lon="127.031373146302">
        <ele>15.05</ele>
      </trkpt>
      <trkpt lat="37.573857470794" lon="127.031486213339">
        <ele>15</ele>
      </trkpt>
      <trkpt lat="37.573861856785" lon="127.031599280376">
        <ele>15.07</ele>
      </trkpt>
      <trkpt lat="37.573866242776" lon="127.031712347413">
        <ele>15.12</ele>
      </trkpt>
      <trkpt lat="37.573870628767" lon="127.03182541445">
        <ele>15.01</ele>
      </trkpt>
      <trkpt lat="37.573875014759" lon="127.031938481487">
        <ele>14.95</ele>
      </trkpt>
      <trkpt lat="37.57387940075" lon="127.032051548524">
        <ele>14.94</ele>
      </trkpt>
      <trkpt lat="37.573883786741" lon="127.032164615561">
        <ele>14.98</ele>
      </trkpt>
      <trkpt lat="37.573888172732" lon="127.032277682598">
        <ele>15</ele>
      </trkpt>
      <trkpt lat="37.573892558724" lon="127.032390749635">
        <ele>15.04</ele>
      </trkpt>
      <trkpt lat="37.573896944715" lon="127.032503816672">
        <ele>14.98</ele>
      </trkpt>
      <trkpt lat="37.573901330706" lon="127.032616883709">
        <ele>15.08</ele>
      </trkpt>
      <trkpt lat="37.573905716697" lon="127.032729950746">
        <ele>15.08</ele>
      </trkpt>
      <trkpt lat="37.573910102689" lon="127.032843017783">
        <ele>15.07</ele>
      </trkpt>
      <trkpt lat="37.5739110578378" lon="127.032867640695">
        <ele>15.07</ele>
      </trkpt>
      <trkpt lat="37.573913489233" lon="127.03295613715">
        <ele>15.07</ele>
      </trkpt>
      <trkpt lat="37.57391659753" lon="127.033069271086">
        <ele>15.08</ele>
      </trkpt>
      <trkpt lat="37.573919705827" lon="127.033182405022">
        <ele>15.07</ele>
      </trkpt>
      <trkpt lat="37.573922814124" lon="127.033295538957">
        <ele>15.25</ele>
      </trkpt>
      <trkpt lat="37.573925922421" lon="127.033408672893">
        <ele>15.27</ele>
      </trkpt>
      <trkpt lat="37.573929030718" lon="127.033521806829">
        <ele>15.32</ele>
      </trkpt>
      <trkpt lat="37.573932139015" lon="127.033634940765">
        <ele>15.38</ele>
      </trkpt>
      <trkpt lat="37.573935247312" lon="127.033748074701">
        <ele>15.62</ele>
      </trkpt>
      <trkpt lat="37.573938355609" lon="127.033861208636">
        <ele>15.82</ele>
      </trkpt>
      <trkpt lat="37.573941463906" lon="127.033974342572">
        <ele>15.93</ele>
      </trkpt>
      <trkpt lat="37.573943575948" lon="127.034051215404">
        <ele>16.18</ele>
      </trkpt>
      <trkpt lat="37.573944215617" lon="127.034087489222">
        <ele>16.25</ele>
      </trkpt>
      <trkpt lat="37.573946211374" lon="127.034200662826">
        <ele>16.54</ele>
      </trkpt>
      <trkpt lat="37.57394820713" lon="127.03431383643">
        <ele>17.43</ele>
      </trkpt>
      <trkpt lat="37.573950202886" lon="127.034427010035">
        <ele>17.92</ele>
      </trkpt>
      <trkpt lat="37.573952198643" lon="127.034540183639">
        <ele>18.01</ele>
      </trkpt>
      <trkpt lat="37.573954194399" lon="127.034653357243">
        <ele>17.92</ele>
      </trkpt>
      <trkpt lat="37.573956190155" lon="127.034766530847">
        <ele>17.43</ele>
      </trkpt>
      <trkpt lat="37.573958185912" lon="127.034879704451">
        <ele>16.68</ele>
      </trkpt>
      <trkpt lat="37.573960181668" lon="127.034992878055">
        <ele>16.41</ele>
      </trkpt>
      <trkpt lat="37.573962177424" lon="127.035106051659">
        <ele>16.11</ele>
      </trkpt>
      <trkpt lat="37.573964173181" lon="127.035219225263">
        <ele>15.81</ele>
      </trkpt>
      <trkpt lat="37.573966168937" lon="127.035332398868">
        <ele>15.69</ele>
      </trkpt>
      <trkpt lat="37.573968164693" lon="127.035445572472">
        <ele>15.37</ele>
      </trkpt>
      <trkpt lat="37.573970160449" lon="127.035558746076">
        <ele>15.12</ele>
      </trkpt>
      <trkpt lat="37.573972156206" lon="127.03567191968">
        <ele>15.02</ele>
      </trkpt>
      <trkpt lat="37.573974151962" lon="127.035785093284">
        <ele>14.83</ele>
      </trkpt>
      <trkpt lat="37.573976147718" lon="127.035898266888">
        <ele>14.68</ele>
      </trkpt>
      <trkpt lat="37.573978143475" lon="127.036011440492">
        <ele>14.57</ele>
      </trkpt>
      <trkpt lat="37.573980139231" lon="127.036124614096">
        <ele>14.45</ele>
      </trkpt>
      <trkpt lat="37.573982134987" lon="127.036237787701">
        <ele>14.41</ele>
      </trkpt>
      <trkpt lat="37.573984130744" lon="127.036350961305">
        <ele>14.33</ele>
      </trkpt>
      <trkpt lat="37.5739861265" lon="127.036464134909">
        <ele>14.27</ele>
      </trkpt>
      <trkpt lat="37.573988122256" lon="127.036577308513">
        <ele>14.25</ele>
      </trkpt>
      <trkpt lat="37.5739898757017" lon="127.036676741371">
        <ele>14.23</ele>
      </trkpt>
      <trkpt lat="37.573990439761" lon="127.036690467214">
        <ele>14.23</ele>
      </trkpt>
      <trkpt lat="37.573995085554" lon="127.036803518075">
        <ele>14.23</ele>
      </trkpt>
      <trkpt lat="37.573999731347" lon="127.036916568936">
        <ele>14.2</ele>
      </trkpt>
      <trkpt lat="37.574004377139" lon="127.037029619797">
        <ele>14.19</ele>
      </trkpt>
      <trkpt lat="37.574009022932" lon="127.037142670657">
        <ele>14.23</ele>
      </trkpt>
      <trkpt lat="37.574013668725" lon="127.037255721518">
        <ele>14.29</ele>
      </trkpt>
      <trkpt lat="37.574018314517" lon="127.037368772379">
        <ele>14.42</ele>
      </trkpt>
      <trkpt lat="37.57402296031" lon="127.03748182324">
        <ele>14.5</ele>
      </trkpt>
      <trkpt lat="37.574027606103" lon="127.0375948741">
        <ele>14.58</ele>
      </trkpt>
      <trkpt lat="37.574032251895" lon="127.037707924961">
        <ele>14.7</ele>
      </trkpt>
      <trkpt lat="37.5740342995365" lon="127.037757752324">
        <ele>14.78</ele>
      </trkpt>
      <trkpt lat="37.574029184107" lon="127.037820732956">
        <ele>14.83</ele>
      </trkpt>
      <trkpt lat="37.574020037132" lon="127.037933349546">
        <ele>14.96</ele>
      </trkpt>
      <trkpt lat="37.574010890157" lon="127.038045966135">
        <ele>15.25</ele>
      </trkpt>
      <trkpt lat="37.574001743183" lon="127.038158582725">
        <ele>15.22</ele>
      </trkpt>
      <trkpt lat="37.573999682911" lon="127.038183948574">
        <ele>15.21</ele>
      </trkpt>
      <trkpt lat="37.573977160958" lon="127.03826696215">
        <ele>15.08</ele>
      </trkpt>
      <trkpt lat="37.573948091343" lon="127.038374109732">
        <ele>14.85</ele>
      </trkpt>
      <trkpt lat="37.573919021727" lon="127.038481257314">
        <ele>14.74</ele>
      </trkpt>
      <trkpt lat="37.5739053686823" lon="127.038531581018">
        <ele>14.72</ele>
      </trkpt>
      <trkpt lat="37.573887583446" lon="127.038587301646">
        <ele>14.63</ele>
      </trkpt>
      <trkpt lat="37.573854047453" lon="127.03869236893">
        <ele>14.55</ele>
      </trkpt>
      <trkpt lat="37.573820511461" lon="127.038797436215">
        <ele>14.44</ele>
      </trkpt>
      <trkpt lat="37.573786975469" lon="127.038902503499">
        <ele>14.36</ele>
      </trkpt>
      <trkpt lat="37.573753439477" lon="127.039007570784">
        <ele>14.25</ele>
      </trkpt>
      <trkpt lat="37.573719903485" lon="127.039112638068">
        <ele>14.16</ele>
      </trkpt>
      <trkpt lat="37.573686367493" lon="127.039217705353">
        <ele>14.21</ele>
      </trkpt>
      <trkpt lat="37.5736528315" lon="127.039322772638">
        <ele>14.11</ele>
      </trkpt>
      <trkpt lat="37.573619295508" lon="127.039427839922">
        <ele>14.1</ele>
      </trkpt>
      <trkpt lat="37.573585759516" lon="127.039532907207">
        <ele>13.98</ele>
      </trkpt>
      <trkpt lat="37.573552223524" lon="127.039637974491">
        <ele>14.04</ele>
      </trkpt>
      <trkpt lat="37.573518687532" lon="127.039743041776">
        <ele>13.9</ele>
      </trkpt>
      <trkpt lat="37.5734896030543" lon="127.039834162595">
        <ele>13.78</ele>
      </trkpt>
      <trkpt lat="37.573485558963" lon="127.039848303527">
        <ele>13.83</ele>
      </trkpt>
      <trkpt lat="37.573455092345" lon="127.039954835842">
        <ele>13.79</ele>
      </trkpt>
      <trkpt lat="37.573424625727" lon="127.040061368157">
        <ele>13.85</ele>
      </trkpt>
      <trkpt lat="37.573394159109" lon="127.040167900472">
        <ele>13.81</ele>
      </trkpt>
      <trkpt lat="37.57336369249" lon="127.040274432788">
        <ele>13.78</ele>
      </trkpt>
      <trkpt lat="37.573333225872" lon="127.040380965103">
        <ele>13.72</ele>
      </trkpt>
      <trkpt lat="37.573302759254" lon="127.040487497418">
        <ele>13.74</ele>
      </trkpt>
      <trkpt lat="37.573272292636" lon="127.040594029734">
        <ele>13.79</ele>
      </trkpt>
      <trkpt lat="37.573241826018" lon="127.040700562049">
        <ele>13.8</ele>
      </trkpt>
      <trkpt lat="37.5732381526952" lon="127.040713406518">
        <ele>13.8</ele>
      </trkpt>
      <trkpt lat="37.573210618851" lon="127.040806754552">
        <ele>13.84</ele>
      </trkpt>
      <trkpt lat="37.573179310157" lon="127.040912900467">
        <ele>13.97</ele>
      </trkpt>
      <trkpt lat="37.573148001463" lon="127.041019046381">
        <ele>13.89</ele>
      </trkpt>
      <trkpt lat="37.573116692769" lon="127.041125192296">
        <ele>13.86</ele>
      </trkpt>
      <trkpt lat="37.573085384075" lon="127.041231338211">
        <ele>13.86</ele>
      </trkpt>
      <trkpt lat="37.5730585581239" lon="127.041322286274">
        <ele>13.8</ele>
      </trkpt>
      <trkpt lat="37.573051737084" lon="127.041336043122">
        <ele>13.82</ele>
      </trkpt>
      <trkpt lat="37.573004097098" lon="127.041432124674">
        <ele>13.75</ele>
      </trkpt>
      <trkpt lat="37.572956457111" lon="127.041528206226">
        <ele>13.71</ele>
      </trkpt>
      <trkpt lat="37.572908817124" lon="127.041624287778">
        <ele>13.7</ele>
      </trkpt>
      <trkpt lat="37.572861177138" lon="127.04172036933">
        <ele>13.61</ele>
      </trkpt>
      <trkpt lat="37.572813537151" lon="127.041816450882">
        <ele>13.58</ele>
      </trkpt>
      <trkpt lat="37.5727892024391" lon="127.041865529755">
        <ele>13.56</ele>
      </trkpt>
      <trkpt lat="37.572767618936" lon="127.041913812621">
        <ele>13.53</ele>
      </trkpt>
      <trkpt lat="37.572723498547" lon="127.042012511095">
        <ele>13.47</ele>
      </trkpt>
      <trkpt lat="37.572679378157" lon="127.04211120957">
        <ele>13.45</ele>
      </trkpt>
      <trkpt lat="37.572635257768" lon="127.042209908044">
        <ele>13.44</ele>
      </trkpt>
      <trkpt lat="37.572591137379" lon="127.042308606519">
        <ele>13.48</ele>
      </trkpt>
      <trkpt lat="37.57254701699" lon="127.042407304994">
        <ele>13.5</ele>
      </trkpt>
      <trkpt lat="37.5725204496309" lon="127.042466736876">
        <ele>13.48</ele>
      </trkpt>
      <trkpt lat="37.572503806784" lon="127.04250662398">
        <ele>13.47</ele>
      </trkpt>
      <trkpt lat="37.572461974186" lon="127.04260688214">
        <ele>13.53</ele>
      </trkpt>
      <trkpt lat="37.572420141587" lon="127.042707140301">
        <ele>13.55</ele>
      </trkpt>
      <trkpt lat="37.572378308989" lon="127.042807398461">
        <ele>13.59</ele>
      </trkpt>
      <trkpt lat="37.57233647639" lon="127.042907656622">
        <ele>13.61</ele>
      </trkpt>
      <trkpt lat="37.572294643791" lon="127.043007914782">
        <ele>13.68</ele>
      </trkpt>
      <trkpt lat="37.572252811193" lon="127.043108172943">
        <ele>13.63</ele>
      </trkpt>
      <trkpt lat="37.572210978594" lon="127.043208431103">
        <ele>13.73</ele>
      </trkpt>
      <trkpt lat="37.572169145996" lon="127.043308689264">
        <ele>13.72</ele>
      </trkpt>
      <trkpt lat="37.572127313397" lon="127.043408947425">
        <ele>13.82</ele>
      </trkpt>
      <trkpt lat="37.5721217971336" lon="127.043422167986">
        <ele>13.82</ele>
      </trkpt>
      <trkpt lat="37.572083923776" lon="127.043508151222">
        <ele>13.83</ele>
      </trkpt>
      <trkpt lat="37.57204029765" lon="127.043607194866">
        <ele>13.84</ele>
      </trkpt>
      <trkpt lat="37.571996671525" lon="127.043706238511">
        <ele>13.83</ele>
      </trkpt>
      <trkpt lat="37.571953045399" lon="127.043805282155">
        <ele>13.89</ele>
      </trkpt>
      <trkpt lat="37.571909419274" lon="127.0439043258">
        <ele>13.84</ele>
      </trkpt>
      <trkpt lat="37.571865793148" lon="127.044003369445">
        <ele>13.87</ele>
      </trkpt>
      <trkpt lat="37.571822167023" lon="127.044102413089">
        <ele>13.88</ele>
      </trkpt>
      <trkpt lat="37.571778540898" lon="127.044201456734">
        <ele>13.92</ele>
      </trkpt>
      <trkpt lat="37.571734914772" lon="127.044300500379">
        <ele>13.84</ele>
      </trkpt>
      <trkpt lat="37.571691288647" lon="127.044399544023">
        <ele>13.87</ele>
      </trkpt>
      <trkpt lat="37.571647662521" lon="127.044498587668">
        <ele>13.79</ele>
      </trkpt>
      <trkpt lat="37.5716220432528" lon="127.044556750654">
        <ele>13.77</ele>
      </trkpt>
      <trkpt lat="37.571604925886" lon="127.044598229846">
        <ele>13.74</ele>
      </trkpt>
      <trkpt lat="37.571563454774" lon="127.044698723588">
        <ele>13.62</ele>
      </trkpt>
      <trkpt lat="37.571521983662" lon="127.04479921733">
        <ele>13.59</ele>
      </trkpt>
      <trkpt lat="37.571480512549" lon="127.044899711072">
        <ele>13.54</ele>
      </trkpt>
      <trkpt lat="37.571439041437" lon="127.045000204814">
        <ele>13.54</ele>
      </trkpt>
      <trkpt lat="37.571397570325" lon="127.045100698556">
        <ele>13.59</ele>
      </trkpt>
      <trkpt lat="37.571356099212" lon="127.045201192298">
        <ele>13.49</ele>
      </trkpt>
      <trkpt lat="37.5713146281" lon="127.04530168604">
        <ele>13.56</ele>
      </trkpt>
      <trkpt lat="37.571273156988" lon="127.045402179781">
        <ele>13.55</ele>
      </trkpt>
      <trkpt lat="37.571239470288" lon="127.045483810158">
        <ele>13.48</ele>
      </trkpt>
      <trkpt lat="37.571232011854" lon="127.045502880138">
        <ele>13.51</ele>
      </trkpt>
      <trkpt lat="37.571192277377" lon="127.04560447461">
        <ele>13.53</ele>
      </trkpt>
      <trkpt lat="37.571152542901" lon="127.045706069081">
        <ele>13.54</ele>
      </trkpt>
      <trkpt lat="37.571112808424" lon="127.045807663553">
        <ele>13.54</ele>
      </trkpt>
      <trkpt lat="37.571073073948" lon="127.045909258024">
        <ele>13.55</ele>
      </trkpt>
      <trkpt lat="37.571033339471" lon="127.046010852496">
        <ele>13.48</ele>
      </trkpt>
      <trkpt lat="37.570993604995" lon="127.046112446968">
        <ele>13.4</ele>
      </trkpt>
      <trkpt lat="37.570953870518" lon="127.046214041439">
        <ele>13.28</ele>
      </trkpt>
      <trkpt lat="37.570914136042" lon="127.046315635911">
        <ele>13.14</ele>
      </trkpt>
      <trkpt lat="37.570874401565" lon="127.046417230382">
        <ele>13.02</ele>
      </trkpt>
      <trkpt lat="37.570834667089" lon="127.046518824854">
        <ele>12.92</ele>
      </trkpt>
      <trkpt lat="37.570794932612" lon="127.046620419326">
        <ele>12.55</ele>
      </trkpt>
      <trkpt lat="37.570755198136" lon="127.046722013797">
        <ele>12.28</ele>
      </trkpt>
      <trkpt lat="37.570715463659" lon="127.046823608269">
        <ele>11.86</ele>
      </trkpt>
      <trkpt lat="37.570675729183" lon="127.04692520274">
        <ele>11.43</ele>
      </trkpt>
      <trkpt lat="37.570635994706" lon="127.047026797212">
        <ele>10.99</ele>
      </trkpt>
      <trkpt lat="37.570596260229" lon="127.047128391684">
        <ele>10.47</ele>
      </trkpt>
      <trkpt lat="37.570556525753" lon="127.047229986155">
        <ele>10.14</ele>
      </trkpt>
      <trkpt lat="37.570516791276" lon="127.047331580627">
        <ele>9.67</ele>
      </trkpt>
      <trkpt lat="37.5704972323693" lon="127.047381589511">
        <ele>9.39</ele>
      </trkpt>
      <trkpt lat="37.570472905963" lon="127.04743026675">
        <ele>9.14</ele>
      </trkpt>
      <trkpt lat="37.570424996681" lon="127.047526133419">
        <ele>8.69</ele>
      </trkpt>
      <trkpt lat="37.5703770874" lon="127.047622000088">
        <ele>8.23</ele>
      </trkpt>
      <trkpt lat="37.570329178119" lon="127.047717866756">
        <ele>7.79</ele>
      </trkpt>
      <trkpt lat="37.570281268837" lon="127.047813733425">
        <ele>7.42</ele>
      </trkpt>
      <trkpt lat="37.570233359556" lon="127.047909600093">
        <ele>7.02</ele>
      </trkpt>
      <trkpt lat="37.5701974630983" lon="127.047981429052">
        <ele>6.77</ele>
      </trkpt>
      <trkpt lat="37.570183426336" lon="127.04800366837">
        <ele>6.61</ele>
      </trkpt>
      <trkpt lat="37.570127445226" lon="127.04809236273">
        <ele>6.5</ele>
      </trkpt>
      <trkpt lat="37.570071464117" lon="127.04818105709">
        <ele>6.5</ele>
      </trkpt>
      <trkpt lat="37.570015483007" lon="127.04826975145">
        <ele>6.5</ele>
      </trkpt>
      <trkpt lat="37.569959501898" lon="127.04835844581">
        <ele>6.5</ele>
      </trkpt>
      <trkpt lat="37.569903520788" lon="127.04844714017">
        <ele>6.5</ele>
      </trkpt>
      <trkpt lat="37.569847539679" lon="127.04853583453">
        <ele>6.5</ele>
      </trkpt>
      <trkpt lat="37.569791558569" lon="127.04862452889">
        <ele>6.5</ele>
      </trkpt>
      <trkpt lat="37.56973557746" lon="127.048713223251">
        <ele>6.6</ele>
      </trkpt>
      <trkpt lat="37.569679596351" lon="127.048801917611">
        <ele>6.7</ele>
      </trkpt>
      <trkpt lat="37.569623615241" lon="127.048890611971">
        <ele>6.84</ele>
      </trkpt>
      <trkpt lat="37.569567634132" lon="127.048979306331">
        <ele>7.12</ele>
      </trkpt>
      <trkpt lat="37.569511653022" lon="127.049068000691">
        <ele>7.4</ele>
      </trkpt>
      <trkpt lat="37.5694632891591" lon="127.049144626573">
        <ele>7.68</ele>
      </trkpt>
      <trkpt lat="37.569454322424" lon="127.049155130034">
        <ele>7.82</ele>
      </trkpt>
      <trkpt lat="37.569388423572" lon="127.049232322681">
        <ele>8.15</ele>
      </trkpt>
      <trkpt lat="37.569322524721" lon="127.049309515328">
        <ele>8.59</ele>
      </trkpt>
      <trkpt lat="37.569256625869" lon="127.049386707975">
        <ele>8.95</ele>
      </trkpt>
      <trkpt lat="37.569190727017" lon="127.049463900622">
        <ele>9.53</ele>
      </trkpt>
      <trkpt lat="37.569124828166" lon="127.049541093269">
        <ele>9.89</ele>
      </trkpt>
      <trkpt lat="37.5691014738966" lon="127.04956845001">
        <ele>10.01</ele>
      </trkpt>
      <trkpt lat="37.569061332076" lon="127.049621338246">
        <ele>10.27</ele>
      </trkpt>
      <trkpt lat="37.56899915495" lon="127.049703258759">
        <ele>10.76</ele>
      </trkpt>
      <trkpt lat="37.568936977824" lon="127.049785179272">
        <ele>11</ele>
      </trkpt>
      <trkpt lat="37.568874800698" lon="127.049867099785">
        <ele>11.41</ele>
      </trkpt>
      <trkpt lat="37.568812623572" lon="127.049949020298">
        <ele>11.66</ele>
      </trkpt>
      <trkpt lat="37.568750446446" lon="127.050030940811">
        <ele>11.93</ele>
      </trkpt>
      <trkpt lat="37.56868826932" lon="127.050112861324">
        <ele>12.08</ele>
      </trkpt>
      <trkpt lat="37.568626092194" lon="127.050194781837">
        <ele>12.15</ele>
      </trkpt>
      <trkpt lat="37.5685935963523" lon="127.050237596232">
        <ele>12.27</ele>
      </trkpt>
      <trkpt lat="37.568564401549" lon="127.050277275736">
        <ele>12.28</ele>
      </trkpt>
      <trkpt lat="37.568503243515" lon="127.050360397392">
        <ele>12.33</ele>
      </trkpt>
      <trkpt lat="37.568442085482" lon="127.050443519048">
        <ele>12.32</ele>
      </trkpt>
      <trkpt lat="37.568380927448" lon="127.050526640705">
        <ele>12.28</ele>
      </trkpt>
      <trkpt lat="37.568319769414" lon="127.050609762361">
        <ele>12.31</ele>
      </trkpt>
      <trkpt lat="37.568258611381" lon="127.050692884018">
        <ele>12.27</ele>
      </trkpt>
      <trkpt lat="37.568197453347" lon="127.050776005674">
        <ele>12.2</ele>
      </trkpt>
      <trkpt lat="37.568136295314" lon="127.050859127331">
        <ele>12.16</ele>
      </trkpt>
      <trkpt lat="37.56807513728" lon="127.050942248987">
        <ele>12.03</ele>
      </trkpt>
      <trkpt lat="37.568013979246" lon="127.051025370644">
        <ele>11.91</ele>
      </trkpt>
      <trkpt lat="37.567952821213" lon="127.0511084923">
        <ele>11.93</ele>
      </trkpt>
      <trkpt lat="37.567891663179" lon="127.051191613957">
        <ele>11.88</ele>
      </trkpt>
      <trkpt lat="37.567830505145" lon="127.051274735613">
        <ele>11.85</ele>
      </trkpt>
      <trkpt lat="37.567769347112" lon="127.05135785727">
        <ele>11.85</ele>
      </trkpt>
      <trkpt lat="37.567708189078" lon="127.051440978926">
        <ele>11.83</ele>
      </trkpt>
      <trkpt lat="37.567647031044" lon="127.051524100583">
        <ele>11.77</ele>
      </trkpt>
      <trkpt lat="37.567585873011" lon="127.051607222239">
        <ele>11.76</ele>
      </trkpt>
      <trkpt lat="37.567555868095" lon="127.05164800279">
        <ele>11.74</ele>
      </trkpt>
      <trkpt lat="37.567523649649" lon="127.051689065612">
        <ele>11.68</ele>
      </trkpt>
      <trkpt lat="37.567460400222" lon="127.051769677815">
        <ele>11.65</ele>
      </trkpt>
      <trkpt lat="37.567397150796" lon="127.051850290018">
        <ele>11.6</ele>
      </trkpt>
      <trkpt lat="37.56733390137" lon="127.051930902221">
        <ele>11.52</ele>
      </trkpt>
      <trkpt lat="37.567270651943" lon="127.052011514424">
        <ele>11.51</ele>
      </trkpt>
      <trkpt lat="37.567207402517" lon="127.052092126627">
        <ele>11.52</ele>
      </trkpt>
      <trkpt lat="37.567144153091" lon="127.05217273883">
        <ele>11.52</ele>
      </trkpt>
      <trkpt lat="37.567080903664" lon="127.052253351033">
        <ele>11.43</ele>
      </trkpt>
      <trkpt lat="37.567017654238" lon="127.052333963236">
        <ele>11.39</ele>
      </trkpt>
      <trkpt lat="37.566954404812" lon="127.052414575438">
        <ele>11.43</ele>
      </trkpt>
      <trkpt lat="37.566891155385" lon="127.052495187641">
        <ele>11.4</ele>
      </trkpt>
      <trkpt lat="37.566827905959" lon="127.052575799844">
        <ele>11.39</ele>
      </trkpt>
      <trkpt lat="37.566764656533" lon="127.052656412047">
        <ele>11.42</ele>
      </trkpt>
      <trkpt lat="37.566701407106" lon="127.05273702425">
        <ele>11.37</ele>
      </trkpt>
      <trkpt lat="37.56663815768" lon="127.052817636453">
        <ele>11.37</ele>
      </trkpt>
      <trkpt lat="37.566574908254" lon="127.052898248656">
        <ele>11.41</ele>
      </trkpt>
      <trkpt lat="37.566511658827" lon="127.052978860859">
        <ele>11.37</ele>
      </trkpt>
      <trkpt lat="37.566448409401" lon="127.053059473062">
        <ele>11.4</ele>
      </trkpt>
      <trkpt lat="37.566385159975" lon="127.053140085265">
        <ele>11.43</ele>
      </trkpt>
      <trkpt lat="37.566321910548" lon="127.053220697468">
        <ele>11.4</ele>
      </trkpt>
      <trkpt lat="37.566258661122" lon="127.053301309671">
        <ele>11.37</ele>
      </trkpt>
      <trkpt lat="37.566195411696" lon="127.053381921874">
        <ele>11.4</ele>
      </trkpt>
      <trkpt lat="37.566132162269" lon="127.053462534077">
        <ele>11.43</ele>
      </trkpt>
      <trkpt lat="37.566068912843" lon="127.05354314628">
        <ele>11.39</ele>
      </trkpt>
      <trkpt lat="37.566005663417" lon="127.053623758482">
        <ele>11.37</ele>
      </trkpt>
      <trkpt lat="37.56594241399" lon="127.053704370685">
        <ele>11.4</ele>
      </trkpt>
      <trkpt lat="37.565880843832" lon="127.05378284264">
        <ele>11.35</ele>
      </trkpt>
      <trkpt lat="37.565879202629" lon="127.053785028956">
        <ele>11.35</ele>
      </trkpt>
      <trkpt lat="37.5658173869" lon="127.053867376302">
        <ele>11.29</ele>
      </trkpt>
      <trkpt lat="37.565755571172" lon="127.053949723647">
        <ele>11.34</ele>
      </trkpt>
      <trkpt lat="37.565693755444" lon="127.054032070992">
        <ele>11.3</ele>
      </trkpt>
      <trkpt lat="37.565631939716" lon="127.054114418337">
        <ele>11.37</ele>
      </trkpt>
      <trkpt lat="37.565570123988" lon="127.054196765683">
        <ele>11.29</ele>
      </trkpt>
      <trkpt lat="37.565508308259" lon="127.054279113028">
        <ele>11.32</ele>
      </trkpt>
      <trkpt lat="37.565446492531" lon="127.054361460373">
        <ele>11.37</ele>
      </trkpt>
      <trkpt lat="37.565384676803" lon="127.054443807718">
        <ele>11.47</ele>
      </trkpt>
      <trkpt lat="37.565322861075" lon="127.054526155064">
        <ele>11.54</ele>
      </trkpt>
      <trkpt lat="37.565261045346" lon="127.054608502409">
        <ele>11.6</ele>
      </trkpt>
      <trkpt lat="37.565199229618" lon="127.054690849754">
        <ele>11.6</ele>
      </trkpt>
      <trkpt lat="37.56513741389" lon="127.0547731971">
        <ele>11.66</ele>
      </trkpt>
      <trkpt lat="37.565075598162" lon="127.054855544445">
        <ele>11.73</ele>
      </trkpt>
      <trkpt lat="37.565013782433" lon="127.05493789179">
        <ele>11.81</ele>
      </trkpt>
      <trkpt lat="37.5649925800728" lon="127.054966136351">
        <ele>11.84</ele>
      </trkpt>
      <trkpt lat="37.564952955284" lon="127.055021383232">
        <ele>11.92</ele>
      </trkpt>
      <trkpt lat="37.564892644226" lon="127.055105471954">
        <ele>12.06</ele>
      </trkpt>
      <trkpt lat="37.564832333168" lon="127.055189560676">
        <ele>12.17</ele>
      </trkpt>
      <trkpt lat="37.56477202211" lon="127.055273649399">
        <ele>12.41</ele>
      </trkpt>
      <trkpt lat="37.564711711052" lon="127.055357738121">
        <ele>12.64</ele>
      </trkpt>
      <trkpt lat="37.564651399994" lon="127.055441826843">
        <ele>12.94</ele>
      </trkpt>
      <trkpt lat="37.564591088936" lon="127.055525915565">
        <ele>13.14</ele>
      </trkpt>
      <trkpt lat="37.564530777878" lon="127.055610004287">
        <ele>13.51</ele>
      </trkpt>
      <trkpt lat="37.564470466821" lon="127.055694093009">
        <ele>13.74</ele>
      </trkpt>
      <trkpt lat="37.564410155763" lon="127.055778181731">
        <ele>14.12</ele>
      </trkpt>
      <trkpt lat="37.564349844705" lon="127.055862270454">
        <ele>14.29</ele>
      </trkpt>
      <trkpt lat="37.564289533647" lon="127.055946359176">
        <ele>14.48</ele>
      </trkpt>
      <trkpt lat="37.564229222589" lon="127.056030447898">
        <ele>14.84</ele>
      </trkpt>
      <trkpt lat="37.564168911531" lon="127.05611453662">
        <ele>15.01</ele>
      </trkpt>
      <trkpt lat="37.564108600473" lon="127.056198625342">
        <ele>15.11</ele>
      </trkpt>
      <trkpt lat="37.564048289415" lon="127.056282714064">
        <ele>15.18</ele>
      </trkpt>
      <trkpt lat="37.563987978357" lon="127.056366802786">
        <ele>15.23</ele>
      </trkpt>
      <trkpt lat="37.5639497538637" lon="127.056420097305">
        <ele>15.28</ele>
      </trkpt>
      <trkpt lat="37.563926991293" lon="127.056450104182">
        <ele>15.27</ele>
      </trkpt>
      <trkpt lat="37.563864834286" lon="127.056532042976">
        <ele>15.29</ele>
      </trkpt>
      <trkpt lat="37.563802677279" lon="127.056613981771">
        <ele>15.35</ele>
      </trkpt>
      <trkpt lat="37.563740520272" lon="127.056695920565">
        <ele>15.35</ele>
      </trkpt>
      <trkpt lat="37.563678363265" lon="127.056777859359">
        <ele>15.29</ele>
      </trkpt>
      <trkpt lat="37.563616206258" lon="127.056859798154">
        <ele>15.17</ele>
      </trkpt>
      <trkpt lat="37.563554049251" lon="127.056941736948">
        <ele>15.1</ele>
      </trkpt>
      <trkpt lat="37.563491892244" lon="127.057023675743">
        <ele>15</ele>
      </trkpt>
      <trkpt lat="37.563429735237" lon="127.057105614537">
        <ele>14.88</ele>
      </trkpt>
      <trkpt lat="37.56336757823" lon="127.057187553332">
        <ele>14.89</ele>
      </trkpt>
      <trkpt lat="37.563305421223" lon="127.057269492126">
        <ele>14.82</ele>
      </trkpt>
      <trkpt lat="37.563243264216" lon="127.057351430921">
        <ele>14.77</ele>
      </trkpt>
      <trkpt lat="37.563181107209" lon="127.057433369715">
        <ele>14.68</ele>
      </trkpt>
      <trkpt lat="37.563118950202" lon="127.05751530851">
        <ele>14.59</ele>
      </trkpt>
      <trkpt lat="37.563056793195" lon="127.057597247304">
        <ele>14.51</ele>
      </trkpt>
      <trkpt lat="37.5630087485699" lon="127.057660582378">
        <ele>14.4</ele>
      </trkpt>
      <trkpt lat="37.562995495812" lon="127.057680158255">
        <ele>14.41</ele>
      </trkpt>
      <trkpt lat="37.56293712496" lon="127.057766378844">
        <ele>14.4</ele>
      </trkpt>
      <trkpt lat="37.562878754108" lon="127.057852599433">
        <ele>14.3</ele>
      </trkpt>
      <trkpt lat="37.562820383257" lon="127.057938820022">
        <ele>14.19</ele>
      </trkpt>
      <trkpt lat="37.562762012405" lon="127.058025040611">
        <ele>13.95</ele>
      </trkpt>
      <trkpt lat="37.562703641553" lon="127.0581112612">
        <ele>13.7</ele>
      </trkpt>
      <trkpt lat="37.5626960590107" lon="127.058122461504">
        <ele>13.7</ele>
      </trkpt>
      <trkpt lat="37.56265291916" lon="127.058204691011">
        <ele>13.53</ele>
      </trkpt>
      <trkpt lat="37.562603338658" lon="127.058299197137">
        <ele>13.36</ele>
      </trkpt>
      <trkpt lat="37.562553758156" lon="127.058393703263">
        <ele>13.1</ele>
      </trkpt>
      <trkpt lat="37.562504177655" lon="127.05848820939">
        <ele>12.93</ele>
      </trkpt>
      <trkpt lat="37.562454597153" lon="127.058582715516">
        <ele>12.79</ele>
      </trkpt>
      <trkpt lat="37.5624455939557" lon="127.058599876643">
        <ele>12.74</ele>
      </trkpt>
      <trkpt lat="37.562411579369" lon="127.058682063655">
        <ele>12.68</ele>
      </trkpt>
      <trkpt lat="37.562370017706" lon="127.058782486129">
        <ele>12.61</ele>
      </trkpt>
      <trkpt lat="37.562328456043" lon="127.058882908603">
        <ele>12.44</ele>
      </trkpt>
      <trkpt lat="37.56228689438" lon="127.058983331077">
        <ele>12.44</ele>
      </trkpt>
      <trkpt lat="37.562245332717" lon="127.059083753551">
        <ele>12.37</ele>
      </trkpt>
      <trkpt lat="37.562203771054" lon="127.059184176025">
        <ele>12.31</ele>
      </trkpt>
      <trkpt lat="37.5621743407042" lon="127.059255286475">
        <ele>12.31</ele>
      </trkpt>
      <trkpt lat="37.5621685293" lon="127.059287506563">
        <ele>12.35</ele>
      </trkpt>
      <trkpt lat="37.562148619534" lon="127.05939789201">
        <ele>12.35</ele>
      </trkpt>
      <trkpt lat="37.562128709768" lon="127.059508277458">
        <ele>12.35</ele>
      </trkpt>
      <trkpt lat="37.562108800002" lon="127.059618662905">
        <ele>12.31</ele>
      </trkpt>
      <trkpt lat="37.562088890236" lon="127.059729048352">
        <ele>12.25</ele>
      </trkpt>
      <trkpt lat="37.56206898047" lon="127.0598394338">
        <ele>12.21</ele>
      </trkpt>
      <trkpt lat="37.562049070704" lon="127.059949819247">
        <ele>12.22</ele>
      </trkpt>
      <trkpt lat="37.562029160938" lon="127.060060204695">
        <ele>12.18</ele>
      </trkpt>
      <trkpt lat="37.562009251172" lon="127.060170590142">
        <ele>12.2</ele>
      </trkpt>
      <trkpt lat="37.5619958051523" lon="127.060245138728">
        <ele>12.16</ele>
      </trkpt>
      <trkpt lat="37.561990526323" lon="127.060281280439">
        <ele>12.17</ele>
      </trkpt>
      <trkpt lat="37.561974266361" lon="127.060392604891">
        <ele>12.2</ele>
      </trkpt>
      <trkpt lat="37.5619580064" lon="127.060503929343">
        <ele>12.21</ele>
      </trkpt>
      <trkpt lat="37.561941746438" lon="127.060615253796">
        <ele>12.24</ele>
      </trkpt>
      <trkpt lat="37.561925486477" lon="127.060726578248">
        <ele>12.17</ele>
      </trkpt>
      <trkpt lat="37.561909226516" lon="127.0608379027">
        <ele>12.21</ele>
      </trkpt>
      <trkpt lat="37.561892966554" lon="127.060949227152">
        <ele>12.21</ele>
      </trkpt>
      <trkpt lat="37.561876706593" lon="127.061060551604">
        <ele>12.2</ele>
      </trkpt>
      <trkpt lat="37.561860446632" lon="127.061171876056">
        <ele>12.23</ele>
      </trkpt>
      <trkpt lat="37.56184418667" lon="127.061283200508">
        <ele>12.2</ele>
      </trkpt>
      <trkpt lat="37.561827926709" lon="127.06139452496">
        <ele>12.21</ele>
      </trkpt>
      <trkpt lat="37.561811666748" lon="127.061505849412">
        <ele>12.17</ele>
      </trkpt>
      <trkpt lat="37.561795406786" lon="127.061617173864">
        <ele>12.18</ele>
      </trkpt>
      <trkpt lat="37.561779146825" lon="127.061728498316">
        <ele>12.17</ele>
      </trkpt>
      <trkpt lat="37.561762886864" lon="127.061839822768">
        <ele>12.17</ele>
      </trkpt>
      <trkpt lat="37.561746626902" lon="127.06195114722">
        <ele>12.12</ele>
      </trkpt>
      <trkpt lat="37.561730366941" lon="127.062062471672">
        <ele>12.16</ele>
      </trkpt>
      <trkpt lat="37.56171410698" lon="127.062173796124">
        <ele>12.17</ele>
      </trkpt>
      <trkpt lat="37.561697847018" lon="127.062285120576">
        <ele>12.17</ele>
      </trkpt>
      <trkpt lat="37.561681587057" lon="127.062396445028">
        <ele>12.19</ele>
      </trkpt>
      <trkpt lat="37.561665327095" lon="127.06250776948">
        <ele>12.19</ele>
      </trkpt>
      <trkpt lat="37.561649067134" lon="127.062619093932">
        <ele>12.16</ele>
      </trkpt>
      <trkpt lat="37.561632807173" lon="127.062730418384">
        <ele>12.13</ele>
      </trkpt>
      <trkpt lat="37.561616547211" lon="127.062841742836">
        <ele>12.14</ele>
      </trkpt>
      <trkpt lat="37.56160028725" lon="127.062953067288">
        <ele>12.15</ele>
      </trkpt>
      <trkpt lat="37.561584027289" lon="127.06306439174">
        <ele>12.02</ele>
      </trkpt>
      <trkpt lat="37.561567767327" lon="127.063175716192">
        <ele>11.93</ele>
      </trkpt>
      <trkpt lat="37.561551507366" lon="127.063287040644">
        <ele>12.07</ele>
      </trkpt>
      <trkpt lat="37.561535247405" lon="127.063398365096">
        <ele>12.08</ele>
      </trkpt>
      <trkpt lat="37.561518987443" lon="127.063509689548">
        <ele>12.05</ele>
      </trkpt>
      <trkpt lat="37.561502727482" lon="127.063621014">
        <ele>12.06</ele>
      </trkpt>
      <trkpt lat="37.561486467521" lon="127.063732338452">
        <ele>12.07</ele>
      </trkpt>
      <trkpt lat="37.561470207559" lon="127.063843662904">
        <ele>12.05</ele>
      </trkpt>
      <trkpt lat="37.561453947598" lon="127.063954987356">
        <ele>12.14</ele>
      </trkpt>
      <trkpt lat="37.561437687637" lon="127.064066311808">
        <ele>12.02</ele>
      </trkpt>
      <trkpt lat="37.561421427675" lon="127.06417763626">
        <ele>12.15</ele>
      </trkpt>
      <trkpt lat="37.561405167714" lon="127.064288960712">
        <ele>12.18</ele>
      </trkpt>
      <trkpt lat="37.561388907752" lon="127.064400285164">
        <ele>12.26</ele>
      </trkpt>
      <trkpt lat="37.561372647791" lon="127.064511609616">
        <ele>12.34</ele>
      </trkpt>
      <trkpt lat="37.5613599403695" lon="127.064598611468">
        <ele>12.31</ele>
      </trkpt>
      <trkpt lat="37.561356627206" lon="127.064622987102">
        <ele>12.28</ele>
      </trkpt>
      <trkpt lat="37.561341462866" lon="127.06473455429">
        <ele>12.22</ele>
      </trkpt>
      <trkpt lat="37.561326298527" lon="127.064846121478">
        <ele>12.16</ele>
      </trkpt>
      <trkpt lat="37.561311134188" lon="127.064957688666">
        <ele>12.13</ele>
      </trkpt>
      <trkpt lat="37.561295969848" lon="127.065069255854">
        <ele>12.14</ele>
      </trkpt>
      <trkpt lat="37.561280805509" lon="127.065180823042">
        <ele>12.13</ele>
      </trkpt>
      <trkpt lat="37.56126564117" lon="127.06529239023">
        <ele>12.13</ele>
      </trkpt>
      <trkpt lat="37.561250476831" lon="127.065403957418">
        <ele>12.11</ele>
      </trkpt>
      <trkpt lat="37.561235312491" lon="127.065515524606">
        <ele>12.1</ele>
      </trkpt>
      <trkpt lat="37.561220148152" lon="127.065627091794">
        <ele>12.12</ele>
      </trkpt>
      <trkpt lat="37.561204983813" lon="127.065738658982">
        <ele>12.18</ele>
      </trkpt>
      <trkpt lat="37.561189819473" lon="127.06585022617">
        <ele>12.17</ele>
      </trkpt>
      <trkpt lat="37.561174655134" lon="127.065961793358">
        <ele>12.24</ele>
      </trkpt>
      <trkpt lat="37.561159490795" lon="127.066073360546">
        <ele>12.23</ele>
      </trkpt>
      <trkpt lat="37.561144326456" lon="127.066184927734">
        <ele>12.25</ele>
      </trkpt>
      <trkpt lat="37.561129162116" lon="127.066296494922">
        <ele>12.31</ele>
      </trkpt>
      <trkpt lat="37.561113997777" lon="127.06640806211">
        <ele>12.31</ele>
      </trkpt>
      <trkpt lat="37.561098833438" lon="127.066519629298">
        <ele>12.4</ele>
      </trkpt>
      <trkpt lat="37.561083669099" lon="127.066631196486">
        <ele>12.41</ele>
      </trkpt>
      <trkpt lat="37.561068504759" lon="127.066742763674">
        <ele>12.4</ele>
      </trkpt>
      <trkpt lat="37.56105334042" lon="127.066854330862">
        <ele>12.33</ele>
      </trkpt>
      <trkpt lat="37.561038176081" lon="127.06696589805">
        <ele>12.27</ele>
      </trkpt>
      <trkpt lat="37.561023011741" lon="127.067077465238">
        <ele>12.3</ele>
      </trkpt>
      <trkpt lat="37.561007847402" lon="127.067189032426">
        <ele>12.28</ele>
      </trkpt>
      <trkpt lat="37.560992683063" lon="127.067300599614">
        <ele>12.26</ele>
      </trkpt>
      <trkpt lat="37.560977518724" lon="127.067412166802">
        <ele>12.3</ele>
      </trkpt>
      <trkpt lat="37.560962354384" lon="127.06752373399">
        <ele>12.3</ele>
      </trkpt>
      <trkpt lat="37.560947190045" lon="127.067635301178">
        <ele>12.25</ele>
      </trkpt>
      <trkpt lat="37.560932025706" lon="127.067746868366">
        <ele>12.22</ele>
      </trkpt>
      <trkpt lat="37.560916861367" lon="127.067858435554">
        <ele>12.19</ele>
      </trkpt>
      <trkpt lat="37.560901697027" lon="127.067970002742">
        <ele>12.23</ele>
      </trkpt>
      <trkpt lat="37.560886532688" lon="127.06808156993">
        <ele>12.23</ele>
      </trkpt>
      <trkpt lat="37.560871368349" lon="127.068193137118">
        <ele>12.19</ele>
      </trkpt>
      <trkpt lat="37.560856204009" lon="127.068304704305">
        <ele>12.2</ele>
      </trkpt>
      <trkpt lat="37.56084103967" lon="127.068416271493">
        <ele>12.26</ele>
      </trkpt>
      <trkpt lat="37.560825875331" lon="127.068527838681">
        <ele>12.24</ele>
      </trkpt>
      <trkpt lat="37.560810710992" lon="127.068639405869">
        <ele>12.24</ele>
      </trkpt>
      <trkpt lat="37.560795546652" lon="127.068750973057">
        <ele>12.23</ele>
      </trkpt>
      <trkpt lat="37.560780382313" lon="127.068862540245">
        <ele>12.29</ele>
      </trkpt>
      <trkpt lat="37.560765217974" lon="127.068974107433">
        <ele>12.3</ele>
      </trkpt>
      <trkpt lat="37.560750053635" lon="127.069085674621">
        <ele>12.37</ele>
      </trkpt>
      <trkpt lat="37.560734889295" lon="127.069197241809">
        <ele>12.47</ele>
      </trkpt>
      <trkpt lat="37.560719724956" lon="127.069308808997">
        <ele>12.68</ele>
      </trkpt>
      <trkpt lat="37.560704560617" lon="127.069420376185">
        <ele>12.97</ele>
      </trkpt>
      <trkpt lat="37.560689396277" lon="127.069531943373">
        <ele>13.37</ele>
      </trkpt>
      <trkpt lat="37.560674231938" lon="127.069643510561">
        <ele>13.58</ele>
      </trkpt>
      <trkpt lat="37.560659067599" lon="127.069755077749">
        <ele>14.05</ele>
      </trkpt>
      <trkpt lat="37.56064390326" lon="127.069866644937">
        <ele>14.56</ele>
      </trkpt>
      <trkpt lat="37.5606349404824" lon="127.069932585947">
        <ele>14.79</ele>
      </trkpt>
      <trkpt lat="37.560627587851" lon="127.069977941268">
        <ele>15.01</ele>
      </trkpt>
      <trkpt lat="37.560609608866" lon="127.070088846143">
        <ele>15.43</ele>
      </trkpt>
      <trkpt lat="37.56059162988" lon="127.070199751019">
        <ele>15.92</ele>
      </trkpt>
      <trkpt lat="37.560573650895" lon="127.070310655895">
        <ele>16.29</ele>
      </trkpt>
      <trkpt lat="37.560555671909" lon="127.07042156077">
        <ele>16.79</ele>
      </trkpt>
      <trkpt lat="37.560537692923" lon="127.070532465646">
        <ele>17.27</ele>
      </trkpt>
      <trkpt lat="37.560519713938" lon="127.070643370521">
        <ele>17.71</ele>
      </trkpt>
      <trkpt lat="37.5605093824939" lon="127.070707100898">
        <ele>18.15</ele>
      </trkpt>
      <trkpt lat="37.560493547189" lon="127.07075094169">
        <ele>18.31</ele>
      </trkpt>
      <trkpt lat="37.560456319185" lon="127.070854009187">
        <ele>18.47</ele>
      </trkpt>
      <trkpt lat="37.56041909118" lon="127.070957076684">
        <ele>18.62</ele>
      </trkpt>
      <trkpt lat="37.560381863176" lon="127.071060144182">
        <ele>18.69</ele>
      </trkpt>
      <trkpt lat="37.560344635171" lon="127.071163211679">
        <ele>18.7</ele>
      </trkpt>
      <trkpt lat="37.560307407167" lon="127.071266279177">
        <ele>18.7</ele>
      </trkpt>
      <trkpt lat="37.560270179162" lon="127.071369346674">
        <ele>18.69</ele>
      </trkpt>
      <trkpt lat="37.560232951158" lon="127.071472414171">
        <ele>18.69</ele>
      </trkpt>
      <trkpt lat="37.560195723153" lon="127.071575481669">
        <ele>18.68</ele>
      </trkpt>
      <trkpt lat="37.560158495149" lon="127.071678549166">
        <ele>18.68</ele>
      </trkpt>
      <trkpt lat="37.560121267144" lon="127.071781616663">
        <ele>18.67</ele>
      </trkpt>
      <trkpt lat="37.560084039139" lon="127.071884684161">
        <ele>18.67</ele>
      </trkpt>
      <trkpt lat="37.560046811135" lon="127.071987751658">
        <ele>18.66</ele>
      </trkpt>
      <trkpt lat="37.56000958313" lon="127.072090819155">
        <ele>18.66</ele>
      </trkpt>
      <trkpt lat="37.559972355126" lon="127.072193886653">
        <ele>18.65</ele>
      </trkpt>
      <trkpt lat="37.5599669598023" lon="127.072208823862">
        <ele>18.65</ele>
      </trkpt>
      <trkpt lat="37.559930197733" lon="127.072293872499">
        <ele>18.64</ele>
      </trkpt>
      <trkpt lat="37.559887204859" lon="127.072393336037">
        <ele>18.64</ele>
      </trkpt>
      <trkpt lat="37.559844211984" lon="127.072492799574">
        <ele>18.63</ele>
      </trkpt>
      <trkpt lat="37.559801219109" lon="127.072592263112">
        <ele>18.63</ele>
      </trkpt>
      <trkpt lat="37.559758226234" lon="127.072691726649">
        <ele>18.62</ele>
      </trkpt>
      <trkpt lat="37.559715233359" lon="127.072791190187">
        <ele>18.62</ele>
      </trkpt>
      <trkpt lat="37.559672240484" lon="127.072890653725">
        <ele>18.61</ele>
      </trkpt>
      <trkpt lat="37.55962924761" lon="127.072990117262">
        <ele>18.61</ele>
      </trkpt>
      <trkpt lat="37.559586254735" lon="127.0730895808">
        <ele>18.61</ele>
      </trkpt>
      <trkpt lat="37.55954326186" lon="127.073189044337">
        <ele>18.47</ele>
      </trkpt>
      <trkpt lat="37.559500268985" lon="127.073288507875">
        <ele>18.34</ele>
      </trkpt>
      <trkpt lat="37.55945727611" lon="127.073387971412">
        <ele>17.58</ele>
      </trkpt>
      <trkpt lat="37.559414283235" lon="127.07348743495">
        <ele>17.44</ele>
      </trkpt>
      <trkpt lat="37.559371290361" lon="127.073586898487">
        <ele>17.41</ele>
      </trkpt>
      <trkpt lat="37.559328297486" lon="127.073686362025">
        <ele>17.27</ele>
      </trkpt>
      <trkpt lat="37.559285304611" lon="127.073785825562">
        <ele>17.13</ele>
      </trkpt>
      <trkpt lat="37.559269987646" lon="127.07382126119">
        <ele>17.08</ele>
      </trkpt>
      <trkpt lat="37.559244706798" lon="127.073886832693">
        <ele>16.99</ele>
      </trkpt>
      <trkpt lat="37.559205434509" lon="127.073988694112">
        <ele>16.68</ele>
      </trkpt>
      <trkpt lat="37.559166162221" lon="127.07409055553">
        <ele>16.31</ele>
      </trkpt>
      <trkpt lat="37.559126889932" lon="127.074192416948">
        <ele>16.24</ele>
      </trkpt>
      <trkpt lat="37.559087617643" lon="127.074294278366">
        <ele>16.06</ele>
      </trkpt>
      <trkpt lat="37.559048345355" lon="127.074396139784">
        <ele>15.98</ele>
      </trkpt>
      <trkpt lat="37.559009073066" lon="127.074498001203">
        <ele>16.04</ele>
      </trkpt>
      <trkpt lat="37.558969800777" lon="127.074599862621">
        <ele>15.96</ele>
      </trkpt>
      <trkpt lat="37.558930528489" lon="127.074701724039">
        <ele>15.92</ele>
      </trkpt>
      <trkpt lat="37.5588912562" lon="127.074803585457">
        <ele>15.91</ele>
      </trkpt>
      <trkpt lat="37.558851983911" lon="127.074905446875">
        <ele>15.92</ele>
      </trkpt>
      <trkpt lat="37.558812711622" lon="127.075007308293">
        <ele>15.84</ele>
      </trkpt>
      <trkpt lat="37.558773439334" lon="127.075109169712">
        <ele>15.74</ele>
      </trkpt>
      <trkpt lat="37.558734167045" lon="127.07521103113">
        <ele>15.8</ele>
      </trkpt>
      <trkpt lat="37.558694894756" lon="127.075312892548">
        <ele>15.78</ele>
      </trkpt>
      <trkpt lat="37.558655622468" lon="127.075414753966">
        <ele>15.7</ele>
      </trkpt>
      <trkpt lat="37.558616350179" lon="127.075516615384">
        <ele>15.74</ele>
      </trkpt>
      <trkpt lat="37.55857707789" lon="127.075618476803">
        <ele>15.74</ele>
      </trkpt>
      <trkpt lat="37.558537805602" lon="127.075720338221">
        <ele>15.69</ele>
      </trkpt>
      <trkpt lat="37.558498533313" lon="127.075822199639">
        <ele>15.7</ele>
      </trkpt>
      <trkpt lat="37.558459261024" lon="127.075924061057">
        <ele>15.63</ele>
      </trkpt>
      <trkpt lat="37.5584206585058" lon="127.076024185277">
        <ele>15.65</ele>
      </trkpt>
      <trkpt lat="37.558419978078" lon="127.076025915906">
        <ele>15.65</ele>
      </trkpt>
      <trkpt lat="37.558380080909" lon="127.076127392116">
        <ele>15.58</ele>
      </trkpt>
      <trkpt lat="37.55834018374" lon="127.076228868327">
        <ele>15.58</ele>
      </trkpt>
      <trkpt lat="37.55830028657" lon="127.076330344538">
        <ele>15.59</ele>
      </trkpt>
      <trkpt lat="37.558260389401" lon="127.076431820748">
        <ele>15.55</ele>
      </trkpt>
      <trkpt lat="37.558220492231" lon="127.076533296959">
        <ele>15.47</ele>
      </trkpt>
      <trkpt lat="37.558180595062" lon="127.07663477317">
        <ele>15.43</ele>
      </trkpt>
      <trkpt lat="37.558140697892" lon="127.07673624938">
        <ele>15.4</ele>
      </trkpt>
      <trkpt lat="37.558100800723" lon="127.076837725591">
        <ele>15.38</ele>
      </trkpt>
      <trkpt lat="37.558060903553" lon="127.076939201801">
        <ele>15.36</ele>
      </trkpt>
      <trkpt lat="37.558021006384" lon="127.077040678012">
        <ele>15.42</ele>
      </trkpt>
      <trkpt lat="37.557981109214" lon="127.077142154223">
        <ele>15.37</ele>
      </trkpt>
      <trkpt lat="37.557941212045" lon="127.077243630433">
        <ele>15.36</ele>
      </trkpt>
      <trkpt lat="37.557901314876" lon="127.077345106644">
        <ele>15.4</ele>
      </trkpt>
      <trkpt lat="37.557861417706" lon="127.077446582855">
        <ele>15.43</ele>
      </trkpt>
      <trkpt lat="37.557821520537" lon="127.077548059065">
        <ele>15.42</ele>
      </trkpt>
      <trkpt lat="37.557781623367" lon="127.077649535276">
        <ele>15.42</ele>
      </trkpt>
      <trkpt lat="37.557741726198" lon="127.077751011486">
        <ele>15.49</ele>
      </trkpt>
      <trkpt lat="37.557701829028" lon="127.077852487697">
        <ele>15.47</ele>
      </trkpt>
      <trkpt lat="37.557661931859" lon="127.077953963908">
        <ele>15.37</ele>
      </trkpt>
      <trkpt lat="37.557622034689" lon="127.078055440118">
        <ele>15.43</ele>
      </trkpt>
      <trkpt lat="37.55758213752" lon="127.078156916329">
        <ele>15.48</ele>
      </trkpt>
      <trkpt lat="37.557542240351" lon="127.07825839254">
        <ele>15.47</ele>
      </trkpt>
      <trkpt lat="37.557502343181" lon="127.07835986875">
        <ele>15.59</ele>
      </trkpt>
      <trkpt lat="37.557462446012" lon="127.078461344961">
        <ele>15.55</ele>
      </trkpt>
      <trkpt lat="37.557422548842" lon="127.078562821171">
        <ele>15.59</ele>
      </trkpt>
      <trkpt lat="37.557382651673" lon="127.078664297382">
        <ele>15.65</ele>
      </trkpt>
      <trkpt lat="37.557342754503" lon="127.078765773593">
        <ele>15.72</ele>
      </trkpt>
      <trkpt lat="37.5573319608991" lon="127.078793226519">
        <ele>15.7</ele>
      </trkpt>
      <trkpt lat="37.5572949897" lon="127.078861484178">
        <ele>15.65</ele>
      </trkpt>
      <trkpt lat="37.557244307037" lon="127.078955056473">
        <ele>15.68</ele>
      </trkpt>
      <trkpt lat="37.557193624373" lon="127.079048628768">
        <ele>15.65</ele>
      </trkpt>
      <trkpt lat="37.55714294171" lon="127.079142201063">
        <ele>15.62</ele>
      </trkpt>
      <trkpt lat="37.557092259047" lon="127.079235773358">
        <ele>15.59</ele>
      </trkpt>
      <trkpt lat="37.5570862950388" lon="127.07924678434">
        <ele>15.59</ele>
      </trkpt>
      <trkpt lat="37.557008177579" lon="127.079265309254">
        <ele>15.51</ele>
      </trkpt>
      <trkpt lat="37.5569498891829" lon="127.079279131868">
        <ele>15.52</ele>
      </trkpt>
      <trkpt lat="37.556919630071" lon="127.079272037451">
        <ele>15.55</ele>
      </trkpt>
      <trkpt lat="37.556831059958" lon="127.079251271695">
        <ele>15.62</ele>
      </trkpt>
      <trkpt lat="37.5567838178305" lon="127.079240195516">
        <ele>15.66</ele>
      </trkpt>
      <trkpt lat="37.556745790617" lon="127.079217675138">
        <ele>15.65</ele>
      </trkpt>
      <trkpt lat="37.556664294397" lon="127.079169411658">
        <ele>15.68</ele>
      </trkpt>
      <trkpt lat="37.556582798177" lon="127.079121148177">
        <ele>15.67</ele>
      </trkpt>
      <trkpt lat="37.556501301958" lon="127.079072884697">
        <ele>15.63</ele>
      </trkpt>
      <trkpt lat="37.556419805738" lon="127.079024621217">
        <ele>15.72</ele>
      </trkpt>
      <trkpt lat="37.556338309518" lon="127.078976357736">
        <ele>15.82</ele>
      </trkpt>
      <trkpt lat="37.556256813298" lon="127.078928094256">
        <ele>16</ele>
      </trkpt>
      <trkpt lat="37.5562365754538" lon="127.078916109052">
        <ele>16.08</ele>
      </trkpt>
      <trkpt lat="37.556174423273" lon="127.07888231512">
        <ele>16.21</ele>
      </trkpt>
      <trkpt lat="37.556091737962" lon="127.078837356734">
        <ele>16.42</ele>
      </trkpt>
      <trkpt lat="37.556009052651" lon="127.078792398347">
        <ele>16.58</ele>
      </trkpt>
      <trkpt lat="37.55592636734" lon="127.078747439961">
        <ele>16.91</ele>
      </trkpt>
      <trkpt lat="37.555843682029" lon="127.078702481574">
        <ele>17.12</ele>
      </trkpt>
      <trkpt lat="37.555760996718" lon="127.078657523188">
        <ele>17.22</ele>
      </trkpt>
      <trkpt lat="37.555678311407" lon="127.078612564802">
        <ele>17.51</ele>
      </trkpt>
      <trkpt lat="37.555595626096" lon="127.078567606415">
        <ele>17.71</ele>
      </trkpt>
      <trkpt lat="37.555512940785" lon="127.078522648029">
        <ele>17.99</ele>
      </trkpt>
      <trkpt lat="37.555430255474" lon="127.078477689642">
        <ele>18.21</ele>
      </trkpt>
      <trkpt lat="37.555347570163" lon="127.078432731256">
        <ele>18.36</ele>
      </trkpt>
      <trkpt lat="37.555264884852" lon="127.07838777287">
        <ele>18.54</ele>
      </trkpt>
      <trkpt lat="37.555182199541" lon="127.078342814483">
        <ele>18.78</ele>
      </trkpt>
      <trkpt lat="37.55509951423" lon="127.078297856097">
        <ele>18.99</ele>
      </trkpt>
      <trkpt lat="37.555016828919" lon="127.07825289771">
        <ele>19.27</ele>
      </trkpt>
      <trkpt lat="37.554934143608" lon="127.078207939324">
        <ele>19.5</ele>
      </trkpt>
      <trkpt lat="37.554851458297" lon="127.078162980938">
        <ele>19.72</ele>
      </trkpt>
      <trkpt lat="37.554768772986" lon="127.078118022551">
        <ele>19.92</ele>
      </trkpt>
      <trkpt lat="37.554686087676" lon="127.078073064165">
        <ele>20.12</ele>
      </trkpt>
      <trkpt lat="37.554603402365" lon="127.078028105778">
        <ele>20.33</ele>
      </trkpt>
      <trkpt lat="37.554520717054" lon="127.077983147392">
        <ele>20.39</ele>
      </trkpt>
      <trkpt lat="37.554438031743" lon="127.077938189006">
        <ele>20.54</ele>
      </trkpt>
      <trkpt lat="37.554355346432" lon="127.077893230619">
        <ele>20.72</ele>
      </trkpt>
      <trkpt lat="37.554272661121" lon="127.077848272233">
        <ele>20.79</ele>
      </trkpt>
      <trkpt lat="37.55418997581" lon="127.077803313846">
        <ele>20.92</ele>
      </trkpt>
      <trkpt lat="37.554107290499" lon="127.07775835546">
        <ele>20.97</ele>
      </trkpt>
      <trkpt lat="37.554024605188" lon="127.077713397074">
        <ele>20.91</ele>
      </trkpt>
      <trkpt lat="37.553941919877" lon="127.077668438687">
        <ele>20.89</ele>
      </trkpt>
      <trkpt lat="37.553859234566" lon="127.077623480301">
        <ele>20.8</ele>
      </trkpt>
      <trkpt lat="37.553776549255" lon="127.077578521914">
        <ele>20.65</ele>
      </trkpt>
      <trkpt lat="37.5537253786007" lon="127.077550698955">
        <ele>20.6</ele>
      </trkpt>
      <trkpt lat="37.553693264666" lon="127.077535419893">
        <ele>20.53</ele>
      </trkpt>
      <trkpt lat="37.553609007023" lon="127.077495332071">
        <ele>20.45</ele>
      </trkpt>
      <trkpt lat="37.553524749381" lon="127.077455244248">
        <ele>20.19</ele>
      </trkpt>
      <trkpt lat="37.553440491738" lon="127.077415156425">
        <ele>19.93</ele>
      </trkpt>
      <trkpt lat="37.553356234096" lon="127.077375068602">
        <ele>19.68</ele>
      </trkpt>
      <trkpt lat="37.553271976453" lon="127.07733498078">
        <ele>19.5</ele>
      </trkpt>
      <trkpt lat="37.553187718811" lon="127.077294892957">
        <ele>19.29</ele>
      </trkpt>
      <trkpt lat="37.553103461168" lon="127.077254805134">
        <ele>19.05</ele>
      </trkpt>
      <trkpt lat="37.553019203526" lon="127.077214717312">
        <ele>18.75</ele>
      </trkpt>
      <trkpt lat="37.552934945883" lon="127.077174629489">
        <ele>18.54</ele>
      </trkpt>
      <trkpt lat="37.552850688241" lon="127.077134541666">
        <ele>18.34</ele>
      </trkpt>
      <trkpt lat="37.552766430598" lon="127.077094453844">
        <ele>18.15</ele>
      </trkpt>
      <trkpt lat="37.552682172955" lon="127.077054366021">
        <ele>17.98</ele>
      </trkpt>
      <trkpt lat="37.552597915313" lon="127.077014278198">
        <ele>17.81</ele>
      </trkpt>
      <trkpt lat="37.55251365767" lon="127.076974190375">
        <ele>17.65</ele>
      </trkpt>
      <trkpt lat="37.552429400028" lon="127.076934102553">
        <ele>17.49</ele>
      </trkpt>
      <trkpt lat="37.552345142385" lon="127.07689401473">
        <ele>17.34</ele>
      </trkpt>
      <trkpt lat="37.552260884743" lon="127.076853926907">
        <ele>17.14</ele>
      </trkpt>
      <trkpt lat="37.5521766271" lon="127.076813839085">
        <ele>17</ele>
      </trkpt>
      <trkpt lat="37.552092369458" lon="127.076773751262">
        <ele>16.97</ele>
      </trkpt>
      <trkpt lat="37.5520295478457" lon="127.076743862203">
        <ele>16.89</ele>
      </trkpt>
      <trkpt lat="37.552007903681" lon="127.076734382465">
        <ele>16.9</ele>
      </trkpt>
      <trkpt lat="37.551922827933" lon="127.076697120884">
        <ele>16.86</ele>
      </trkpt>
      <trkpt lat="37.551837752185" lon="127.076659859304">
        <ele>16.83</ele>
      </trkpt>
      <trkpt lat="37.551752676437" lon="127.076622597724">
        <ele>16.79</ele>
      </trkpt>
      <trkpt lat="37.551667600689" lon="127.076585336143">
        <ele>16.8</ele>
      </trkpt>
      <trkpt lat="37.551582524942" lon="127.076548074563">
        <ele>16.81</ele>
      </trkpt>
      <trkpt lat="37.551497449194" lon="127.076510812982">
        <ele>16.81</ele>
      </trkpt>
      <trkpt lat="37.551412373446" lon="127.076473551402">
        <ele>16.79</ele>
      </trkpt>
      <trkpt lat="37.551327297698" lon="127.076436289821">
        <ele>16.8</ele>
      </trkpt>
      <trkpt lat="37.551242221951" lon="127.076399028241">
        <ele>16.81</ele>
      </trkpt>
      <trkpt lat="37.551157146203" lon="127.07636176666">
        <ele>16.81</ele>
      </trkpt>
      <trkpt lat="37.551072070455" lon="127.07632450508">
        <ele>16.79</ele>
      </trkpt>
      <trkpt lat="37.550986994707" lon="127.076287243499">
        <ele>16.73</ele>
      </trkpt>
      <trkpt lat="37.550901918959" lon="127.076249981919">
        <ele>16.71</ele>
      </trkpt>
      <trkpt lat="37.550816843212" lon="127.076212720338">
        <ele>16.74</ele>
      </trkpt>
      <trkpt lat="37.550731767464" lon="127.076175458758">
        <ele>16.72</ele>
      </trkpt>
      <trkpt lat="37.550646691716" lon="127.076138197177">
        <ele>16.68</ele>
      </trkpt>
      <trkpt lat="37.5505841799103" lon="127.07611081818">
        <ele>16.63</ele>
      </trkpt>
      <trkpt lat="37.550562000022" lon="127.076099648043">
        <ele>16.67</ele>
      </trkpt>
      <trkpt lat="37.55047837232" lon="127.076057531831">
        <ele>16.67</ele>
      </trkpt>
      <trkpt lat="37.550394744618" lon="127.076015415618">
        <ele>16.71</ele>
      </trkpt>
      <trkpt lat="37.550311116917" lon="127.075973299406">
        <ele>16.83</ele>
      </trkpt>
      <trkpt lat="37.5502617634423" lon="127.075948444228">
        <ele>16.82</ele>
      </trkpt>
      <trkpt lat="37.550228180103" lon="127.075929159656">
        <ele>16.87</ele>
      </trkpt>
      <trkpt lat="37.550146238139" lon="127.075882106096">
        <ele>16.93</ele>
      </trkpt>
      <trkpt lat="37.550064296175" lon="127.075835052535">
        <ele>16.94</ele>
      </trkpt>
      <trkpt lat="37.549982354211" lon="127.075787998974">
        <ele>16.98</ele>
      </trkpt>
      <trkpt lat="37.549900412247" lon="127.075740945414">
        <ele>16.99</ele>
      </trkpt>
      <trkpt lat="37.549818470283" lon="127.075693891853">
        <ele>17</ele>
      </trkpt>
      <trkpt lat="37.549736528319" lon="127.075646838293">
        <ele>17.03</ele>
      </trkpt>
      <trkpt lat="37.549654586355" lon="127.075599784732">
        <ele>17.05</ele>
      </trkpt>
      <trkpt lat="37.549572644392" lon="127.075552731172">
        <ele>17.1</ele>
      </trkpt>
      <trkpt lat="37.549490702428" lon="127.075505677611">
        <ele>17.14</ele>
      </trkpt>
      <trkpt lat="37.549408760464" lon="127.075458624051">
        <ele>17.23</ele>
      </trkpt>
      <trkpt lat="37.5493268185" lon="127.07541157049">
        <ele>17.35</ele>
      </trkpt>
      <trkpt lat="37.549244876536" lon="127.07536451693">
        <ele>17.54</ele>
      </trkpt>
      <trkpt lat="37.549162934572" lon="127.075317463369">
        <ele>17.72</ele>
      </trkpt>
      <trkpt lat="37.549080992608" lon="127.075270409808">
        <ele>17.88</ele>
      </trkpt>
      <trkpt lat="37.5490733593253" lon="127.075266026546">
        <ele>17.94</ele>
      </trkpt>
      <trkpt lat="37.549000521412" lon="127.075219528354">
        <ele>18.22</ele>
      </trkpt>
      <trkpt lat="37.548920201299" lon="127.075168253684">
        <ele>18.68</ele>
      </trkpt>
      <trkpt lat="37.548839881185" lon="127.075116979014">
        <ele>18.95</ele>
      </trkpt>
      <trkpt lat="37.548759561072" lon="127.075065704343">
        <ele>19.25</ele>
      </trkpt>
      <trkpt lat="37.548679240959" lon="127.075014429673">
        <ele>19.61</ele>
      </trkpt>
      <trkpt lat="37.548598920846" lon="127.074963155003">
        <ele>19.9</ele>
      </trkpt>
      <trkpt lat="37.548518600732" lon="127.074911880332">
        <ele>20.05</ele>
      </trkpt>
      <trkpt lat="37.548438280619" lon="127.074860605662">
        <ele>20.14</ele>
      </trkpt>
      <trkpt lat="37.548357960506" lon="127.074809330992">
        <ele>20.24</ele>
      </trkpt>
      <trkpt lat="37.548277640393" lon="127.074758056321">
        <ele>20.26</ele>
      </trkpt>
      <trkpt lat="37.54819732028" lon="127.074706781651">
        <ele>20.29</ele>
      </trkpt>
      <trkpt lat="37.548117000166" lon="127.074655506981">
        <ele>20.37</ele>
      </trkpt>
      <trkpt lat="37.548036680053" lon="127.07460423231">
        <ele>20.43</ele>
      </trkpt>
      <trkpt lat="37.54795635994" lon="127.07455295764">
        <ele>20.54</ele>
      </trkpt>
      <trkpt lat="37.547876039827" lon="127.074501682969">
        <ele>20.6</ele>
      </trkpt>
      <trkpt lat="37.547795719714" lon="127.074450408299">
        <ele>20.55</ele>
      </trkpt>
      <trkpt lat="37.5477153996" lon="127.074399133629">
        <ele>20.62</ele>
      </trkpt>
      <trkpt lat="37.547635079487" lon="127.074347858958">
        <ele>20.69</ele>
      </trkpt>
      <trkpt lat="37.547554759374" lon="127.074296584288">
        <ele>20.62</ele>
      </trkpt>
      <trkpt lat="37.5475084371157" lon="127.074267013133">
        <ele>20.73</ele>
      </trkpt>
      <trkpt lat="37.547475749066" lon="127.074242339007">
        <ele>20.73</ele>
      </trkpt>
      <trkpt lat="37.547398523374" lon="127.074184046253">
        <ele>20.85</ele>
      </trkpt>
      <trkpt lat="37.5473226175509" lon="127.074126749783">
        <ele>20.95</ele>
      </trkpt>
      <trkpt lat="37.547321201263" lon="127.074125990558">
        <ele>20.95</ele>
      </trkpt>
      <trkpt lat="37.547238334073" lon="127.074081568185">
        <ele>20.96</ele>
      </trkpt>
      <trkpt lat="37.547155466882" lon="127.074037145812">
        <ele>20.93</ele>
      </trkpt>
      <trkpt lat="37.547072599691" lon="127.073992723438">
        <ele>21.02</ele>
      </trkpt>
      <trkpt lat="37.546989732501" lon="127.073948301065">
        <ele>21.14</ele>
      </trkpt>
      <trkpt lat="37.54690686531" lon="127.073903878692">
        <ele>21.48</ele>
      </trkpt>
      <trkpt lat="37.546823998119" lon="127.073859456319">
        <ele>21.69</ele>
      </trkpt>
      <trkpt lat="37.546741130929" lon="127.073815033946">
        <ele>22.02</ele>
      </trkpt>
      <trkpt lat="37.546658263738" lon="127.073770611573">
        <ele>22.27</ele>
      </trkpt>
      <trkpt lat="37.546575396547" lon="127.073726189199">
        <ele>22.47</ele>
      </trkpt>
      <trkpt lat="37.546492529357" lon="127.073681766826">
        <ele>22.77</ele>
      </trkpt>
      <trkpt lat="37.546409662166" lon="127.073637344453">
        <ele>23.05</ele>
      </trkpt>
      <trkpt lat="37.546326794975" lon="127.07359292208">
        <ele>23.37</ele>
      </trkpt>
      <trkpt lat="37.546243927785" lon="127.073548499707">
        <ele>23.7</ele>
      </trkpt>
      <trkpt lat="37.5462299604641" lon="127.073541012286">
        <ele>23.86</ele>
      </trkpt>
      <trkpt lat="37.54616007951" lon="127.073507109624">
        <ele>24.24</ele>
      </trkpt>
      <trkpt lat="37.54607603235" lon="127.073466334244">
        <ele>25.04</ele>
      </trkpt>
      <trkpt lat="37.54599198519" lon="127.073425558864">
        <ele>25.54</ele>
      </trkpt>
      <trkpt lat="37.54590793803" lon="127.073384783485">
        <ele>26.19</ele>
      </trkpt>
      <trkpt lat="37.54582389087" lon="127.073344008105">
        <ele>26.51</ele>
      </trkpt>
      <trkpt lat="37.54573984371" lon="127.073303232725">
        <ele>26.67</ele>
      </trkpt>
      <trkpt lat="37.54565579655" lon="127.073262457345">
        <ele>26.63</ele>
      </trkpt>
      <trkpt lat="37.545571749391" lon="127.073221681965">
        <ele>26.52</ele>
      </trkpt>
      <trkpt lat="37.545487702231" lon="127.073180906586">
        <ele>26.11</ele>
      </trkpt>
      <trkpt lat="37.545403655071" lon="127.073140131206">
        <ele>25.54</ele>
      </trkpt>
      <trkpt lat="37.545319607911" lon="127.073099355826">
        <ele>25.03</ele>
      </trkpt>
      <trkpt lat="37.545235560751" lon="127.073058580446">
        <ele>24.25</ele>
      </trkpt>
      <trkpt lat="37.5452252017951" lon="127.073053554811">
        <ele>24.25</ele>
      </trkpt>
      <trkpt lat="37.545151335552" lon="127.07301838999">
        <ele>23.9</ele>
      </trkpt>
      <trkpt lat="37.545067085325" lon="127.072978281761">
        <ele>23.35</ele>
      </trkpt>
      <trkpt lat="37.544982835098" lon="127.072938173533">
        <ele>22.87</ele>
      </trkpt>
      <trkpt lat="37.544898584871" lon="127.072898065304">
        <ele>22.44</ele>
      </trkpt>
      <trkpt lat="37.544814334644" lon="127.072857957076">
        <ele>22.1</ele>
      </trkpt>
      <trkpt lat="37.544730084417" lon="127.072817848847">
        <ele>21.84</ele>
      </trkpt>
      <trkpt lat="37.54464583419" lon="127.072777740618">
        <ele>21.38</ele>
      </trkpt>
      <trkpt lat="37.544561583963" lon="127.07273763239">
        <ele>21.06</ele>
      </trkpt>
      <trkpt lat="37.544477333735" lon="127.072697524161">
        <ele>20.74</ele>
      </trkpt>
      <trkpt lat="37.544393083508" lon="127.072657415932">
        <ele>20.39</ele>
      </trkpt>
      <trkpt lat="37.544308833281" lon="127.072617307704">
        <ele>20.03</ele>
      </trkpt>
      <trkpt lat="37.544224583054" lon="127.072577199475">
        <ele>19.74</ele>
      </trkpt>
      <trkpt lat="37.544140332827" lon="127.072537091246">
        <ele>19.34</ele>
      </trkpt>
      <trkpt lat="37.5440560826" lon="127.072496983018">
        <ele>18.97</ele>
      </trkpt>
      <trkpt lat="37.543971832373" lon="127.072456874789">
        <ele>18.51</ele>
      </trkpt>
      <trkpt lat="37.543887582146" lon="127.072416766561">
        <ele>17.93</ele>
      </trkpt>
      <trkpt lat="37.543803331918" lon="127.072376658332">
        <ele>17.43</ele>
      </trkpt>
      <trkpt lat="37.543719081691" lon="127.072336550103">
        <ele>17.01</ele>
      </trkpt>
      <trkpt lat="37.543634831464" lon="127.072296441875">
        <ele>16.46</ele>
      </trkpt>
      <trkpt lat="37.543550581237" lon="127.072256333646">
        <ele>15.99</ele>
      </trkpt>
      <trkpt lat="37.54346633101" lon="127.072216225417">
        <ele>15.4</ele>
      </trkpt>
      <trkpt lat="37.5434363947432" lon="127.072201973935">
        <ele>15.33</ele>
      </trkpt>
      <trkpt lat="37.543381763485" lon="127.0721771945">
        <ele>14.92</ele>
      </trkpt>
      <trkpt lat="37.543297021074" lon="127.072138757365">
        <ele>14.48</ele>
      </trkpt>
      <trkpt lat="37.543212278663" lon="127.072100320229">
        <ele>14.14</ele>
      </trkpt>
      <trkpt lat="37.543127536252" lon="127.072061883094">
        <ele>14</ele>
      </trkpt>
      <trkpt lat="37.543042793841" lon="127.072023445959">
        <ele>13.74</ele>
      </trkpt>
      <trkpt lat="37.542958051431" lon="127.071985008824">
        <ele>13.64</ele>
      </trkpt>
      <trkpt lat="37.54287330902" lon="127.071946571689">
        <ele>13.45</ele>
      </trkpt>
      <trkpt lat="37.542788566609" lon="127.071908134553">
        <ele>13.35</ele>
      </trkpt>
      <trkpt lat="37.542703824198" lon="127.071869697418">
        <ele>13.31</ele>
      </trkpt>
      <trkpt lat="37.542619081787" lon="127.071831260283">
        <ele>13.33</ele>
      </trkpt>
      <trkpt lat="37.542534339376" lon="127.071792823148">
        <ele>13.31</ele>
      </trkpt>
      <trkpt lat="37.542449596966" lon="127.071754386012">
        <ele>13.27</ele>
      </trkpt>
      <trkpt lat="37.542364854555" lon="127.071715948877">
        <ele>13.3</ele>
      </trkpt>
      <trkpt lat="37.542280112144" lon="127.071677511742">
        <ele>13.31</ele>
      </trkpt>
      <trkpt lat="37.542195369733" lon="127.071639074607">
        <ele>13.36</ele>
      </trkpt>
      <trkpt lat="37.542110627322" lon="127.071600637472">
        <ele>13.27</ele>
      </trkpt>
      <trkpt lat="37.542025884912" lon="127.071562200336">
        <ele>13.25</ele>
      </trkpt>
      <trkpt lat="37.541941142501" lon="127.071523763201">
        <ele>13.28</ele>
      </trkpt>
      <trkpt lat="37.54185640009" lon="127.071485326066">
        <ele>13.27</ele>
      </trkpt>
      <trkpt lat="37.541771657679" lon="127.071446888931">
        <ele>13.29</ele>
      </trkpt>
      <trkpt lat="37.541686915268" lon="127.071408451795">
        <ele>13.23</ele>
      </trkpt>
      <trkpt lat="37.541602172857" lon="127.07137001466">
        <ele>13.26</ele>
      </trkpt>
      <trkpt lat="37.5415640486269" lon="127.071352722419">
        <ele>13.26</ele>
      </trkpt>
      <trkpt lat="37.541517523777" lon="127.071331256181">
        <ele>13.25</ele>
      </trkpt>
      <trkpt lat="37.541432951021" lon="127.071292234908">
        <ele>13.22</ele>
      </trkpt>
      <trkpt lat="37.541348378266" lon="127.071253213634">
        <ele>13.26</ele>
      </trkpt>
      <trkpt lat="37.54126380551" lon="127.071214192361">
        <ele>13.29</ele>
      </trkpt>
      <trkpt lat="37.541179232755" lon="127.071175171088">
        <ele>13.32</ele>
      </trkpt>
      <trkpt lat="37.541094659999" lon="127.071136149814">
        <ele>13.23</ele>
      </trkpt>
      <trkpt lat="37.541010087244" lon="127.071097128541">
        <ele>13.31</ele>
      </trkpt>
      <trkpt lat="37.540925514489" lon="127.071058107268">
        <ele>13.24</ele>
      </trkpt>
      <trkpt lat="37.540840941733" lon="127.071019085994">
        <ele>13.22</ele>
      </trkpt>
      <trkpt lat="37.540756368978" lon="127.070980064721">
        <ele>13.3</ele>
      </trkpt>
      <trkpt lat="37.540671796222" lon="127.070941043448">
        <ele>13.26</ele>
      </trkpt>
      <trkpt lat="37.540587223467" lon="127.070902022174">
        <ele>13.25</ele>
      </trkpt>
      <trkpt lat="37.540502650711" lon="127.070863000901">
        <ele>13.23</ele>
      </trkpt>
      <trkpt lat="37.540418077956" lon="127.070823979628">
        <ele>13.28</ele>
      </trkpt>
      <trkpt lat="37.5403335052" lon="127.070784958354">
        <ele>13.25</ele>
      </trkpt>
      <trkpt lat="37.540248932445" lon="127.070745937081">
        <ele>13.29</ele>
      </trkpt>
      <trkpt lat="37.5402206763566" lon="127.070732899921">
        <ele>13.29</ele>
      </trkpt>
      <trkpt lat="37.540160719569" lon="127.070730133619">
        <ele>13.29</ele>
      </trkpt>
      <trkpt lat="37.540070680315" lon="127.070725979364">
        <ele>13.31</ele>
      </trkpt>
      <trkpt lat="37.53998064106" lon="127.070721825109">
        <ele>13.32</ele>
      </trkpt>
      <trkpt lat="37.539890601806" lon="127.070717670854">
        <ele>13.42</ele>
      </trkpt>
      <trkpt lat="37.5398462451449" lon="127.070715624315">
        <ele>13.41</ele>
      </trkpt>
      <trkpt lat="37.539824627003" lon="127.070766207228">
        <ele>13.41</ele>
      </trkpt>
      <trkpt lat="37.539782018184" lon="127.07086590489">
        <ele>13.43</ele>
      </trkpt>
      <trkpt lat="37.539739758756" lon="127.070964785035">
        <ele>13.49</ele>
      </trkpt>
      <trkpt lat="37.539739471605" lon="127.07096563991">
        <ele>13.49</ele>
      </trkpt>
      <trkpt lat="37.539704453097" lon="127.071069893447">
        <ele>13.47</ele>
      </trkpt>
      <trkpt lat="37.539669434588" lon="127.071174146984">
        <ele>13.5</ele>
      </trkpt>
      <trkpt lat="37.539634416079" lon="127.071278400521">
        <ele>13.46</ele>
      </trkpt>
      <trkpt lat="37.539599397571" lon="127.071382654057">
        <ele>13.55</ele>
      </trkpt>
      <trkpt lat="37.539564379062" lon="127.071486907594">
        <ele>13.58</ele>
      </trkpt>
      <trkpt lat="37.539529360553" lon="127.071591161131">
        <ele>13.58</ele>
      </trkpt>
      <trkpt lat="37.539494342044" lon="127.071695414668">
        <ele>13.6</ele>
      </trkpt>
      <trkpt lat="37.539459323536" lon="127.071799668204">
        <ele>13.59</ele>
      </trkpt>
      <trkpt lat="37.539424305027" lon="127.071903921741">
        <ele>13.66</ele>
      </trkpt>
      <trkpt lat="37.539389286518" lon="127.072008175278">
        <ele>13.67</ele>
      </trkpt>
      <trkpt lat="37.53935426801" lon="127.072112428815">
        <ele>13.69</ele>
      </trkpt>
      <trkpt lat="37.539353974345" lon="127.072113303083">
        <ele>13.69</ele>
      </trkpt>
      <trkpt lat="37.539322655373" lon="127.07221838349">
        <ele>13.75</ele>
      </trkpt>
      <trkpt lat="37.539291071539" lon="127.072324352552">
        <ele>13.75</ele>
      </trkpt>
      <trkpt lat="37.539259487705" lon="127.072430321614">
        <ele>13.79</ele>
      </trkpt>
      <trkpt lat="37.539227903872" lon="127.072536290676">
        <ele>13.89</ele>
      </trkpt>
      <trkpt lat="37.539196320038" lon="127.072642259738">
        <ele>13.87</ele>
      </trkpt>
      <trkpt lat="37.539164736204" lon="127.0727482288">
        <ele>13.94</ele>
      </trkpt>
      <trkpt lat="37.53913315237" lon="127.072854197862">
        <ele>13.98</ele>
      </trkpt>
      <trkpt lat="37.539101568537" lon="127.072960166924">
        <ele>14.02</ele>
      </trkpt>
      <trkpt lat="37.539069984703" lon="127.073066135986">
        <ele>14.14</ele>
      </trkpt>
      <trkpt lat="37.539038400869" lon="127.073172105048">
        <ele>14.17</ele>
      </trkpt>
      <trkpt lat="37.539006817035" lon="127.07327807411">
        <ele>14.24</ele>
      </trkpt>
      <trkpt lat="37.538975233202" lon="127.073384043171">
        <ele>14.21</ele>
      </trkpt>
      <trkpt lat="37.538943649368" lon="127.073490012233">
        <ele>14.22</ele>
      </trkpt>
      <trkpt lat="37.538912065534" lon="127.073595981295">
        <ele>14.17</ele>
      </trkpt>
      <trkpt lat="37.5388913943726" lon="127.073665336511">
        <ele>14.24</ele>
      </trkpt>
      <trkpt lat="37.538882029055" lon="127.07370261974">
        <ele>14.26</ele>
      </trkpt>
      <trkpt lat="37.53885492363" lon="127.073810526151">
        <ele>14.31</ele>
      </trkpt>
      <trkpt lat="37.538827818204" lon="127.073918432563">
        <ele>14.36</ele>
      </trkpt>
      <trkpt lat="37.538800712779" lon="127.074026338975">
        <ele>14.5</ele>
      </trkpt>
      <trkpt lat="37.538773607353" lon="127.074134245387">
        <ele>14.58</ele>
      </trkpt>
      <trkpt lat="37.538746501927" lon="127.074242151799">
        <ele>14.64</ele>
      </trkpt>
      <trkpt lat="37.538719396502" lon="127.07435005821">
        <ele>14.7</ele>
      </trkpt>
      <trkpt lat="37.538692291076" lon="127.074457964622">
        <ele>14.73</ele>
      </trkpt>
      <trkpt lat="37.53866518565" lon="127.074565871034">
        <ele>14.74</ele>
      </trkpt>
      <trkpt lat="37.538638080225" lon="127.074673777446">
        <ele>14.81</ele>
      </trkpt>
      <trkpt lat="37.538610974799" lon="127.074781683857">
        <ele>14.88</ele>
      </trkpt>
      <trkpt lat="37.538583869374" lon="127.074889590269">
        <ele>14.91</ele>
      </trkpt>
      <trkpt lat="37.538556763948" lon="127.074997496681">
        <ele>14.85</ele>
      </trkpt>
      <trkpt lat="37.538529658522" lon="127.075105403093">
        <ele>14.88</ele>
      </trkpt>
      <trkpt lat="37.538502553097" lon="127.075213309504">
        <ele>14.83</ele>
      </trkpt>
      <trkpt lat="37.538475447671" lon="127.075321215916">
        <ele>14.82</ele>
      </trkpt>
      <trkpt lat="37.538448342246" lon="127.075429122328">
        <ele>14.89</ele>
      </trkpt>
      <trkpt lat="37.53842123682" lon="127.07553702874">
        <ele>14.94</ele>
      </trkpt>
      <trkpt lat="37.538394131394" lon="127.075644935151">
        <ele>15</ele>
      </trkpt>
      <trkpt lat="37.538367025969" lon="127.075752841563">
        <ele>14.96</ele>
      </trkpt>
      <trkpt lat="37.5383552717524" lon="127.075799634974">
        <ele>15</ele>
      </trkpt>
      <trkpt lat="37.538340149571" lon="127.075860837496">
        <ele>15.04</ele>
      </trkpt>
      <trkpt lat="37.538313448537" lon="127.075968901973">
        <ele>15.08</ele>
      </trkpt>
      <trkpt lat="37.538286747503" lon="127.07607696645">
        <ele>15.12</ele>
      </trkpt>
      <trkpt lat="37.538260046468" lon="127.076185030928">
        <ele>15.18</ele>
      </trkpt>
      <trkpt lat="37.538233345434" lon="127.076293095405">
        <ele>15.25</ele>
      </trkpt>
      <trkpt lat="37.5382066444" lon="127.076401159882">
        <ele>15.3</ele>
      </trkpt>
      <trkpt lat="37.538179943366" lon="127.07650922436">
        <ele>15.35</ele>
      </trkpt>
      <trkpt lat="37.538153242332" lon="127.076617288837">
        <ele>15.51</ele>
      </trkpt>
      <trkpt lat="37.538126541297" lon="127.076725353315">
        <ele>15.68</ele>
      </trkpt>
      <trkpt lat="37.538099840263" lon="127.076833417792">
        <ele>15.78</ele>
      </trkpt>
      <trkpt lat="37.538073139229" lon="127.076941482269">
        <ele>15.92</ele>
      </trkpt>
      <trkpt lat="37.538046438195" lon="127.077049546747">
        <ele>16.22</ele>
      </trkpt>
      <trkpt lat="37.538019737161" lon="127.077157611224">
        <ele>16.46</ele>
      </trkpt>
      <trkpt lat="37.537993036126" lon="127.077265675701">
        <ele>16.61</ele>
      </trkpt>
      <trkpt lat="37.537966335092" lon="127.077373740179">
        <ele>16.72</ele>
      </trkpt>
      <trkpt lat="37.537939634058" lon="127.077481804656">
        <ele>16.94</ele>
      </trkpt>
      <trkpt lat="37.537912933024" lon="127.077589869133">
        <ele>17.13</ele>
      </trkpt>
      <trkpt lat="37.537886231989" lon="127.077697933611">
        <ele>17.39</ele>
      </trkpt>
      <trkpt lat="37.537859530955" lon="127.077805998088">
        <ele>17.68</ele>
      </trkpt>
      <trkpt lat="37.537832829921" lon="127.077914062565">
        <ele>17.88</ele>
      </trkpt>
      <trkpt lat="37.537806128887" lon="127.078022127043">
        <ele>18.2</ele>
      </trkpt>
      <trkpt lat="37.537779427853" lon="127.07813019152">
        <ele>18.4</ele>
      </trkpt>
      <trkpt lat="37.5377544047474" lon="127.07823146508">
        <ele>18.81</ele>
      </trkpt>
      <trkpt lat="37.537752740293" lon="127.078238261163">
        <ele>18.81</ele>
      </trkpt>
      <trkpt lat="37.537726253684" lon="127.078346407838">
        <ele>18.97</ele>
      </trkpt>
      <trkpt lat="37.537699767074" lon="127.078454554513">
        <ele>19.38</ele>
      </trkpt>
      <trkpt lat="37.537673280465" lon="127.078562701188">
        <ele>19.63</ele>
      </trkpt>
      <trkpt lat="37.537646793855" lon="127.078670847863">
        <ele>19.95</ele>
      </trkpt>
      <trkpt lat="37.537620307246" lon="127.078778994537">
        <ele>20.24</ele>
      </trkpt>
      <trkpt lat="37.537593820636" lon="127.078887141212">
        <ele>20.29</ele>
      </trkpt>
      <trkpt lat="37.537567334026" lon="127.078995287887">
        <ele>20.5</ele>
      </trkpt>
      <trkpt lat="37.537540847417" lon="127.079103434562">
        <ele>20.5</ele>
      </trkpt>
      <trkpt lat="37.537514360807" lon="127.079211581237">
        <ele>20.6</ele>
      </trkpt>
      <trkpt lat="37.537487874198" lon="127.079319727912">
        <ele>20.54</ele>
      </trkpt>
      <trkpt lat="37.537461387588" lon="127.079427874587">
        <ele>20.53</ele>
      </trkpt>
      <trkpt lat="37.537434900979" lon="127.079536021262">
        <ele>20.49</ele>
      </trkpt>
      <trkpt lat="37.537408414369" lon="127.079644167937">
        <ele>20.41</ele>
      </trkpt>
      <trkpt lat="37.53738192776" lon="127.079752314612">
        <ele>20.37</ele>
      </trkpt>
      <trkpt lat="37.53735544115" lon="127.079860461287">
        <ele>20.25</ele>
      </trkpt>
      <trkpt lat="37.537328954541" lon="127.079968607962">
        <ele>20.2</ele>
      </trkpt>
      <trkpt lat="37.537302467931" lon="127.080076754637">
        <ele>20.12</ele>
      </trkpt>
      <trkpt lat="37.537275981322" lon="127.080184901312">
        <ele>20.06</ele>
      </trkpt>
      <trkpt lat="37.537249494712" lon="127.080293047987">
        <ele>19.97</ele>
      </trkpt>
      <trkpt lat="37.537223008103" lon="127.080401194662">
        <ele>19.87</ele>
      </trkpt>
      <trkpt lat="37.537196521493" lon="127.080509341337">
        <ele>19.79</ele>
      </trkpt>
      <trkpt lat="37.537170034884" lon="127.080617488012">
        <ele>19.74</ele>
      </trkpt>
      <trkpt lat="37.537143548274" lon="127.080725634687">
        <ele>19.66</ele>
      </trkpt>
      <trkpt lat="37.537117061664" lon="127.080833781361">
        <ele>19.6</ele>
      </trkpt>
      <trkpt lat="37.537090575055" lon="127.080941928036">
        <ele>19.48</ele>
      </trkpt>
      <trkpt lat="37.537064088445" lon="127.081050074711">
        <ele>19.3</ele>
      </trkpt>
      <trkpt lat="37.537037601836" lon="127.081158221386">
        <ele>19.18</ele>
      </trkpt>
      <trkpt lat="37.537011115226" lon="127.081266368061">
        <ele>19.03</ele>
      </trkpt>
      <trkpt lat="37.5369869817802" lon="127.081364906606">
        <ele>18.9</ele>
      </trkpt>
      <trkpt lat="37.536984672589" lon="127.08137453147">
        <ele>18.85</ele>
      </trkpt>
      <trkpt lat="37.536958680915" lon="127.081482866498">
        <ele>18.66</ele>
      </trkpt>
      <trkpt lat="37.536932689242" lon="127.081591201527">
        <ele>18.54</ele>
      </trkpt>
      <trkpt lat="37.536906697569" lon="127.081699536555">
        <ele>18.38</ele>
      </trkpt>
      <trkpt lat="37.536880705896" lon="127.081807871583">
        <ele>18.27</ele>
      </trkpt>
      <trkpt lat="37.536854714222" lon="127.081916206611">
        <ele>18.06</ele>
      </trkpt>
      <trkpt lat="37.536828722549" lon="127.082024541639">
        <ele>17.96</ele>
      </trkpt>
      <trkpt lat="37.536802730876" lon="127.082132876668">
        <ele>17.81</ele>
      </trkpt>
      <trkpt lat="37.536776739202" lon="127.082241211696">
        <ele>17.71</ele>
      </trkpt>
      <trkpt lat="37.536750747529" lon="127.082349546724">
        <ele>17.58</ele>
      </trkpt>
      <trkpt lat="37.536724755856" lon="127.082457881752">
        <ele>17.56</ele>
      </trkpt>
      <trkpt lat="37.536698764182" lon="127.08256621678">
        <ele>17.5</ele>
      </trkpt>
      <trkpt lat="37.536672772509" lon="127.082674551809">
        <ele>17.45</ele>
      </trkpt>
      <trkpt lat="37.536646780836" lon="127.082782886837">
        <ele>17.48</ele>
      </trkpt>
      <trkpt lat="37.536620789163" lon="127.082891221865">
        <ele>17.48</ele>
      </trkpt>
      <trkpt lat="37.536594797489" lon="127.082999556893">
        <ele>17.5</ele>
      </trkpt>
      <trkpt lat="37.5365743033586" lon="127.083084977797">
        <ele>17.56</ele>
      </trkpt>
      <trkpt lat="37.536568968156" lon="127.083107952281">
        <ele>17.61</ele>
      </trkpt>
      <trkpt lat="37.536543744003" lon="127.083216572684">
        <ele>17.63</ele>
      </trkpt>
      <trkpt lat="37.53651851985" lon="127.083325193086">
        <ele>17.59</ele>
      </trkpt>
      <trkpt lat="37.5365058108456" lon="127.08337992068">
        <ele>17.64</ele>
      </trkpt>
      <trkpt lat="37.536473856794" lon="127.083419179586">
        <ele>17.64</ele>
      </trkpt>
      <trkpt lat="37.5364242894689" lon="127.083480078247">
        <ele>17.81</ele>
      </trkpt>
      <trkpt lat="37.536404782404" lon="127.083488980381">
        <ele>17.81</ele>
      </trkpt>
      <trkpt lat="37.536320100761" lon="127.083527625215">
        <ele>17.59</ele>
      </trkpt>
      <trkpt lat="37.536235419118" lon="127.08356627005">
        <ele>17.55</ele>
      </trkpt>
      <trkpt lat="37.536150737475" lon="127.083604914885">
        <ele>17.53</ele>
      </trkpt>
      <trkpt lat="37.536066055832" lon="127.083643559719">
        <ele>17.46</ele>
      </trkpt>
      <trkpt lat="37.535981374189" lon="127.083682204554">
        <ele>17.39</ele>
      </trkpt>
      <trkpt lat="37.535910576864" lon="127.08371451322">
        <ele>17.37</ele>
      </trkpt>
      <trkpt lat="37.535896509566" lon="127.083720177231">
        <ele>17.37</ele>
      </trkpt>
      <trkpt lat="37.535810711915" lon="127.083754722521">
        <ele>17.22</ele>
      </trkpt>
      <trkpt lat="37.535724914264" lon="127.083789267811">
        <ele>17.27</ele>
      </trkpt>
      <trkpt lat="37.535639116613" lon="127.0838238131">
        <ele>17.22</ele>
      </trkpt>
      <trkpt lat="37.535553318962" lon="127.08385835839">
        <ele>17.27</ele>
      </trkpt>
      <trkpt lat="37.53546752131" lon="127.08389290368">
        <ele>17.26</ele>
      </trkpt>
      <trkpt lat="37.535381723659" lon="127.083927448969">
        <ele>17.4</ele>
      </trkpt>
      <trkpt lat="37.535295926008" lon="127.083961994259">
        <ele>17.5</ele>
      </trkpt>
      <trkpt lat="37.535210128357" lon="127.083996539549">
        <ele>17.56</ele>
      </trkpt>
      <trkpt lat="37.535124330706" lon="127.084031084838">
        <ele>17.6</ele>
      </trkpt>
      <trkpt lat="37.535038533055" lon="127.084065630128">
        <ele>17.79</ele>
      </trkpt>
      <trkpt lat="37.534952735404" lon="127.084100175418">
        <ele>17.82</ele>
      </trkpt>
      <trkpt lat="37.534866937752" lon="127.084134720707">
        <ele>17.96</ele>
      </trkpt>
      <trkpt lat="37.534781140101" lon="127.084169265997">
        <ele>17.99</ele>
      </trkpt>
      <trkpt lat="37.5347136163557" lon="127.08419645354">
        <ele>18.21</ele>
      </trkpt>
      <trkpt lat="37.534695350713" lon="127.084203843486">
        <ele>18.21</ele>
      </trkpt>
      <trkpt lat="37.534609591856" lon="127.084238539956">
        <ele>18.24</ele>
      </trkpt>
      <trkpt lat="37.534523832999" lon="127.084273236425">
        <ele>18.43</ele>
      </trkpt>
      <trkpt lat="37.534438074142" lon="127.084307932895">
        <ele>18.45</ele>
      </trkpt>
      <trkpt lat="37.534352315285" lon="127.084342629365">
        <ele>18.58</ele>
      </trkpt>
      <trkpt lat="37.534266556427" lon="127.084377325834">
        <ele>18.64</ele>
      </trkpt>
      <trkpt lat="37.53418079757" lon="127.084412022304">
        <ele>18.8</ele>
      </trkpt>
      <trkpt lat="37.534095038713" lon="127.084446718774">
        <ele>18.77</ele>
      </trkpt>
      <trkpt lat="37.534009279856" lon="127.084481415243">
        <ele>19.03</ele>
      </trkpt>
      <trkpt lat="37.5340033542534" lon="127.084483812634">
        <ele>19.03</ele>
      </trkpt>
      <trkpt lat="37.533922974809" lon="127.084513899712">
        <ele>19.19</ele>
      </trkpt>
      <trkpt lat="37.53383662922" lon="127.084546219996">
        <ele>19.41</ele>
      </trkpt>
      <trkpt lat="37.533750283632" lon="127.08457854028">
        <ele>19.42</ele>
      </trkpt>
      <trkpt lat="37.533663938043" lon="127.084610860564">
        <ele>19.55</ele>
      </trkpt>
      <trkpt lat="37.533577592455" lon="127.084643180847">
        <ele>19.62</ele>
      </trkpt>
      <trkpt lat="37.5335143962526" lon="127.084666836013">
        <ele>19.7</ele>
      </trkpt>
      <trkpt lat="37.533491592838" lon="127.084676843612">
        <ele>19.7</ele>
      </trkpt>
      <trkpt lat="37.533406537701" lon="127.084714171253">
        <ele>19.65</ele>
      </trkpt>
      <trkpt lat="37.533321482563" lon="127.084751498895">
        <ele>19.78</ele>
      </trkpt>
      <trkpt lat="37.533236427425" lon="127.084788826537">
        <ele>19.83</ele>
      </trkpt>
      <trkpt lat="37.533151372287" lon="127.084826154178">
        <ele>19.97</ele>
      </trkpt>
      <trkpt lat="37.53306631715" lon="127.08486348182">
        <ele>19.95</ele>
      </trkpt>
      <trkpt lat="37.532981262012" lon="127.084900809462">
        <ele>20.06</ele>
      </trkpt>
      <trkpt lat="37.532896206874" lon="127.084938137104">
        <ele>20.15</ele>
      </trkpt>
      <trkpt lat="37.5328700748693" lon="127.084949605501">
        <ele>20.15</ele>
      </trkpt>
      <trkpt lat="37.532818125758" lon="127.084993055585">
        <ele>20.27</ele>
      </trkpt>
      <trkpt lat="37.532743137573" lon="127.085055775484">
        <ele>20.26</ele>
      </trkpt>
      <trkpt lat="37.532668149388" lon="127.085118495383">
        <ele>20.27</ele>
      </trkpt>
      <trkpt lat="37.5326576025582" lon="127.08512731672">
        <ele>20.27</ele>
      </trkpt>
      <trkpt lat="37.532591091596" lon="127.085177093016">
        <ele>20.19</ele>
      </trkpt>
      <trkpt lat="37.53251369508" lon="127.085235015976">
        <ele>20.22</ele>
      </trkpt>
      <trkpt lat="37.532436298565" lon="127.085292938936">
        <ele>20.32</ele>
      </trkpt>
      <trkpt lat="37.532358902049" lon="127.085350861896">
        <ele>20.44</ele>
      </trkpt>
      <trkpt lat="37.532281505534" lon="127.085408784856">
        <ele>20.44</ele>
      </trkpt>
      <trkpt lat="37.532204109019" lon="127.085466707815">
        <ele>20.57</ele>
      </trkpt>
      <trkpt lat="37.532126712503" lon="127.085524630775">
        <ele>20.6</ele>
      </trkpt>
      <trkpt lat="37.532049315988" lon="127.085582553735">
        <ele>20.68</ele>
      </trkpt>
      <trkpt lat="37.531971919472" lon="127.085640476695">
        <ele>20.74</ele>
      </trkpt>
      <trkpt lat="37.531894522957" lon="127.085698399655">
        <ele>20.84</ele>
      </trkpt>
      <trkpt lat="37.5318267841223" lon="127.085749094881">
        <ele>20.8</ele>
      </trkpt>
      <trkpt lat="37.531817258056" lon="127.085756592883">
        <ele>20.84</ele>
      </trkpt>
      <trkpt lat="37.5317409163" lon="127.085816681762">
        <ele>20.83</ele>
      </trkpt>
      <trkpt lat="37.531664574544" lon="127.085876770641">
        <ele>20.85</ele>
      </trkpt>
      <trkpt lat="37.531588232788" lon="127.085936859521">
        <ele>20.78</ele>
      </trkpt>
      <trkpt lat="37.531511891032" lon="127.0859969484">
        <ele>20.79</ele>
      </trkpt>
      <trkpt lat="37.531435549276" lon="127.086057037279">
        <ele>20.77</ele>
      </trkpt>
      <trkpt lat="37.53135920752" lon="127.086117126158">
        <ele>20.89</ele>
      </trkpt>
      <trkpt lat="37.531282865764" lon="127.086177215038">
        <ele>20.94</ele>
      </trkpt>
      <trkpt lat="37.531206524008" lon="127.086237303917">
        <ele>21.05</ele>
      </trkpt>
      <trkpt lat="37.531130182252" lon="127.086297392796">
        <ele>21.13</ele>
      </trkpt>
      <trkpt lat="37.531053840496" lon="127.086357481675">
        <ele>21.23</ele>
      </trkpt>
      <trkpt lat="37.53097749874" lon="127.086417570555">
        <ele>21.33</ele>
      </trkpt>
      <trkpt lat="37.5309414074832" lon="127.086445978117">
        <ele>21.36</ele>
      </trkpt>
      <trkpt lat="37.530901024377" lon="127.086477391624">
        <ele>21.46</ele>
      </trkpt>
      <trkpt lat="37.530824431108" lon="127.086536972558">
        <ele>21.53</ele>
      </trkpt>
      <trkpt lat="37.53074783784" lon="127.086596553491">
        <ele>21.54</ele>
      </trkpt>
      <trkpt lat="37.530671244572" lon="127.086656134424">
        <ele>21.55</ele>
      </trkpt>
      <trkpt lat="37.530619197503" lon="127.086731487761">
        <ele>21.71</ele>
      </trkpt>
      <trkpt lat="37.53054233501" lon="127.086790520292">
        <ele>21.73</ele>
      </trkpt>
      <trkpt lat="37.53052722529" lon="127.086802124977">
        <ele>21.7</ele>
      </trkpt>
      <trkpt lat="37.530465578517" lon="127.086849769319">
        <ele>21.82</ele>
      </trkpt>
      <trkpt lat="37.53038884796" lon="127.086909071318">
        <ele>21.88</ele>
      </trkpt>
      <trkpt lat="37.530312117404" lon="127.086968373317">
        <ele>21.97</ele>
      </trkpt>
      <trkpt lat="37.530235386847" lon="127.087027675316">
        <ele>22.3</ele>
      </trkpt>
      <trkpt lat="37.530158656291" lon="127.087086977314">
        <ele>22.53</ele>
      </trkpt>
      <trkpt lat="37.530081925735" lon="127.087146279313">
        <ele>22.82</ele>
      </trkpt>
      <trkpt lat="37.530005195178" lon="127.087205581312">
        <ele>23.06</ele>
      </trkpt>
      <trkpt lat="37.529928464622" lon="127.087264883311">
        <ele>23.4</ele>
      </trkpt>
      <trkpt lat="37.5298678309205" lon="127.08731174469">
        <ele>23.56</ele>
      </trkpt>
      <trkpt lat="37.529851757587" lon="127.087324233065">
        <ele>23.6</ele>
      </trkpt>
      <trkpt lat="37.529775139154" lon="127.0873837627">
        <ele>23.86</ele>
      </trkpt>
      <trkpt lat="37.529698520721" lon="127.087443292336">
        <ele>23.86</ele>
      </trkpt>
      <trkpt lat="37.529621902288" lon="127.087502821972">
        <ele>23.86</ele>
      </trkpt>
      <trkpt lat="37.529545283855" lon="127.087562351607">
        <ele>23.86</ele>
      </trkpt>
      <trkpt lat="37.529468665422" lon="127.087621881243">
        <ele>24</ele>
      </trkpt>
      <trkpt lat="37.529392046989" lon="127.087681410879">
        <ele>24.1</ele>
      </trkpt>
      <trkpt lat="37.529315428556" lon="127.087740940515">
        <ele>24.21</ele>
      </trkpt>
      <trkpt lat="37.529238810123" lon="127.08780047015">
        <ele>24.21</ele>
      </trkpt>
      <trkpt lat="37.5292360831052" lon="127.08780258894">
        <ele>24.21</ele>
      </trkpt>
      <trkpt lat="37.529161213443" lon="127.087857964974">
        <ele>24.24</ele>
      </trkpt>
      <trkpt lat="37.529083580661" lon="127.087915384701">
        <ele>24.24</ele>
      </trkpt>
      <trkpt lat="37.529005947879" lon="127.087972804428">
        <ele>24.24</ele>
      </trkpt>
      <trkpt lat="37.528928315097" lon="127.088030224155">
        <ele>24.25</ele>
      </trkpt>
      <trkpt lat="37.528850682315" lon="127.088087643883">
        <ele>24.36</ele>
      </trkpt>
      <trkpt lat="37.528773049533" lon="127.08814506361">
        <ele>24.41</ele>
      </trkpt>
      <trkpt lat="37.528695416751" lon="127.088202483337">
        <ele>24.48</ele>
      </trkpt>
      <trkpt lat="37.528617783969" lon="127.088259903064">
        <ele>24.52</ele>
      </trkpt>
      <trkpt lat="37.528540151186" lon="127.088317322791">
        <ele>24.59</ele>
      </trkpt>
      <trkpt lat="37.528462518404" lon="127.088374742519">
        <ele>24.73</ele>
      </trkpt>
      <trkpt lat="37.5284128885295" lon="127.088411450386">
        <ele>24.8</ele>
      </trkpt>
      <trkpt lat="37.528384950535" lon="127.08843229972">
        <ele>24.85</ele>
      </trkpt>
      <trkpt lat="37.528307497713" lon="127.088490100568">
        <ele>25</ele>
      </trkpt>
      <trkpt lat="37.52823004489" lon="127.088547901417">
        <ele>25.13</ele>
      </trkpt>
      <trkpt lat="37.528152592067" lon="127.088605702265">
        <ele>25.22</ele>
      </trkpt>
      <trkpt lat="37.528075139244" lon="127.088663503114">
        <ele>25.33</ele>
      </trkpt>
      <trkpt lat="37.527997686422" lon="127.088721303962">
        <ele>25.33</ele>
      </trkpt>
      <trkpt lat="37.527920233599" lon="127.088779104811">
        <ele>25.33</ele>
      </trkpt>
      <trkpt lat="37.527842780776" lon="127.088836905659">
        <ele>25.33</ele>
      </trkpt>
      <trkpt lat="37.527765327953" lon="127.088894706507">
        <ele>25.33</ele>
      </trkpt>
      <trkpt lat="37.52768787513" lon="127.088952507356">
        <ele>25.33</ele>
      </trkpt>
      <trkpt lat="37.527610422308" lon="127.089010308204">
        <ele>25.33</ele>
      </trkpt>
      <trkpt lat="37.527532969485" lon="127.089068109053">
        <ele>25.33</ele>
      </trkpt>
      <trkpt lat="37.527455516662" lon="127.089125909901">
        <ele>25.33</ele>
      </trkpt>
      <trkpt lat="37.527378063839" lon="127.08918371075">
        <ele>25.33</ele>
      </trkpt>
      <trkpt lat="37.527300611017" lon="127.089241511598">
        <ele>25.33</ele>
      </trkpt>
      <trkpt lat="37.527223158194" lon="127.089299312447">
        <ele>25.33</ele>
      </trkpt>
      <trkpt lat="37.5271621258949" lon="127.089344859123">
        <ele>25.33</ele>
      </trkpt>
      <trkpt lat="37.52714587659" lon="127.089357467796">
        <ele>25.33</ele>
      </trkpt>
      <trkpt lat="37.527069231377" lon="127.089416940764">
        <ele>25.33</ele>
      </trkpt>
      <trkpt lat="37.526992586164" lon="127.089476413731">
        <ele>25.33</ele>
      </trkpt>
      <trkpt lat="37.526915940951" lon="127.089535886699">
        <ele>25.33</ele>
      </trkpt>
      <trkpt lat="37.526839295739" lon="127.089595359667">
        <ele>25.33</ele>
      </trkpt>
      <trkpt lat="37.526762650526" lon="127.089654832635">
        <ele>25.33</ele>
      </trkpt>
      <trkpt lat="37.526686005313" lon="127.089714305603">
        <ele>25.33</ele>
      </trkpt>
      <trkpt lat="37.5266093601" lon="127.089773778571">
        <ele>25.33</ele>
      </trkpt>
      <trkpt lat="37.526532714888" lon="127.089833251539">
        <ele>25.33</ele>
      </trkpt>
      <trkpt lat="37.526456069675" lon="127.089892724507">
        <ele>25.33</ele>
      </trkpt>
      <trkpt lat="37.526379424462" lon="127.089952197475">
        <ele>25.33</ele>
      </trkpt>
      <trkpt lat="37.526302779249" lon="127.090011670443">
        <ele>25.33</ele>
      </trkpt>
      <trkpt lat="37.526226134036" lon="127.09007114341">
        <ele>25.33</ele>
      </trkpt>
      <trkpt lat="37.526149488824" lon="127.090130616378">
        <ele>25.33</ele>
      </trkpt>
      <trkpt lat="37.526072843611" lon="127.090190089346">
        <ele>25.33</ele>
      </trkpt>
      <trkpt lat="37.525996198398" lon="127.090249562314">
        <ele>25.33</ele>
      </trkpt>
      <trkpt lat="37.5259730310871" lon="127.090267539024">
        <ele>25.33</ele>
      </trkpt>
      <trkpt lat="37.525919333791" lon="127.090308585582">
        <ele>25.33</ele>
      </trkpt>
      <trkpt lat="37.525842374139" lon="127.090367414035">
        <ele>25.33</ele>
      </trkpt>
      <trkpt lat="37.525765414487" lon="127.090426242487">
        <ele>25.33</ele>
      </trkpt>
      <trkpt lat="37.525688454835" lon="127.09048507094">
        <ele>25.33</ele>
      </trkpt>
      <trkpt lat="37.525611495183" lon="127.090543899392">
        <ele>25.33</ele>
      </trkpt>
      <trkpt lat="37.525534535531" lon="127.090602727845">
        <ele>25.33</ele>
      </trkpt>
      <trkpt lat="37.525457575879" lon="127.090661556297">
        <ele>25.33</ele>
      </trkpt>
      <trkpt lat="37.525380616227" lon="127.09072038475">
        <ele>25.33</ele>
      </trkpt>
      <trkpt lat="37.525303656575" lon="127.090779213202">
        <ele>25.33</ele>
      </trkpt>
      <trkpt lat="37.525226696923" lon="127.090838041655">
        <ele>25.33</ele>
      </trkpt>
      <trkpt lat="37.525149737271" lon="127.090896870107">
        <ele>25.33</ele>
      </trkpt>
      <trkpt lat="37.525072777619" lon="127.09095569856">
        <ele>25.33</ele>
      </trkpt>
      <trkpt lat="37.524995817967" lon="127.091014527012">
        <ele>25.33</ele>
      </trkpt>
      <trkpt lat="37.524918858315" lon="127.091073355465">
        <ele>25.33</ele>
      </trkpt>
      <trkpt lat="37.5248817699783" lon="127.091101706028">
        <ele>25.33</ele>
      </trkpt>
      <trkpt lat="37.524841990105" lon="127.091132370434">
        <ele>25.33</ele>
      </trkpt>
      <trkpt lat="37.524765206953" lon="127.091191558901">
        <ele>25.33</ele>
      </trkpt>
      <trkpt lat="37.524688423801" lon="127.091250747368">
        <ele>25.33</ele>
      </trkpt>
      <trkpt lat="37.524611640649" lon="127.091309935835">
        <ele>25.33</ele>
      </trkpt>
      <trkpt lat="37.524534857497" lon="127.091369124302">
        <ele>25.33</ele>
      </trkpt>
      <trkpt lat="37.524458074346" lon="127.091428312769">
        <ele>25.33</ele>
      </trkpt>
      <trkpt lat="37.524381291194" lon="127.091487501237">
        <ele>25.33</ele>
      </trkpt>
      <trkpt lat="37.524304508042" lon="127.091546689704">
        <ele>25.33</ele>
      </trkpt>
      <trkpt lat="37.52422772489" lon="127.091605878171">
        <ele>25.33</ele>
      </trkpt>
      <trkpt lat="37.524150941738" lon="127.091665066638">
        <ele>25.33</ele>
      </trkpt>
      <trkpt lat="37.524074158586" lon="127.091724255105">
        <ele>25.33</ele>
      </trkpt>
      <trkpt lat="37.523997375435" lon="127.091783443572">
        <ele>25.33</ele>
      </trkpt>
      <trkpt lat="37.523920592283" lon="127.091842632039">
        <ele>25.33</ele>
      </trkpt>
      <trkpt lat="37.523843809131" lon="127.091901820506">
        <ele>25.33</ele>
      </trkpt>
      <trkpt lat="37.523767025979" lon="127.091961008974">
        <ele>25.33</ele>
      </trkpt>
      <trkpt lat="37.523690242827" lon="127.092020197441">
        <ele>25.33</ele>
      </trkpt>
      <trkpt lat="37.523613459675" lon="127.092079385908">
        <ele>25.33</ele>
      </trkpt>
      <trkpt lat="37.523536676524" lon="127.092138574375">
        <ele>25.33</ele>
      </trkpt>
      <trkpt lat="37.523459893372" lon="127.092197762842">
        <ele>25.33</ele>
      </trkpt>
      <trkpt lat="37.52338311022" lon="127.092256951309">
        <ele>25.33</ele>
      </trkpt>
      <trkpt lat="37.523306327068" lon="127.092316139776">
        <ele>25.33</ele>
      </trkpt>
      <trkpt lat="37.523229543916" lon="127.092375328243">
        <ele>25.33</ele>
      </trkpt>
      <trkpt lat="37.523152760764" lon="127.09243451671">
        <ele>25.33</ele>
      </trkpt>
      <trkpt lat="37.523075977612" lon="127.092493705178">
        <ele>25.33</ele>
      </trkpt>
      <trkpt lat="37.522999194461" lon="127.092552893645">
        <ele>25.33</ele>
      </trkpt>
      <trkpt lat="37.522922411309" lon="127.092612082112">
        <ele>25.33</ele>
      </trkpt>
      <trkpt lat="37.522845628157" lon="127.092671270579">
        <ele>25.33</ele>
      </trkpt>
      <trkpt lat="37.522768845005" lon="127.092730459046">
        <ele>25.33</ele>
      </trkpt>
      <trkpt lat="37.522692061853" lon="127.092789647513">
        <ele>25.33</ele>
      </trkpt>
      <trkpt lat="37.522615278701" lon="127.09284883598">
        <ele>25.33</ele>
      </trkpt>
      <trkpt lat="37.52253849555" lon="127.092908024447">
        <ele>25.33</ele>
      </trkpt>
      <trkpt lat="37.522461712398" lon="127.092967212914">
        <ele>25.33</ele>
      </trkpt>
      <trkpt lat="37.522384929246" lon="127.093026401382">
        <ele>25.33</ele>
      </trkpt>
      <trkpt lat="37.522308146094" lon="127.093085589849">
        <ele>25.33</ele>
      </trkpt>
      <trkpt lat="37.522231362942" lon="127.093144778316">
        <ele>25.33</ele>
      </trkpt>
      <trkpt lat="37.52215457979" lon="127.093203966783">
        <ele>25.33</ele>
      </trkpt>
      <trkpt lat="37.522077796639" lon="127.09326315525">
        <ele>25.33</ele>
      </trkpt>
      <trkpt lat="37.522001013487" lon="127.093322343717">
        <ele>25.33</ele>
      </trkpt>
      <trkpt lat="37.521924230335" lon="127.093381532184">
        <ele>25.33</ele>
      </trkpt>
      <trkpt lat="37.521847447183" lon="127.093440720651">
        <ele>25.33</ele>
      </trkpt>
      <trkpt lat="37.521770664031" lon="127.093499909118">
        <ele>25.33</ele>
      </trkpt>
      <trkpt lat="37.521693880879" lon="127.093559097586">
        <ele>25.33</ele>
      </trkpt>
      <trkpt lat="37.521617097727" lon="127.093618286053">
        <ele>25.33</ele>
      </trkpt>
      <trkpt lat="37.521540314576" lon="127.09367747452">
        <ele>25.33</ele>
      </trkpt>
      <trkpt lat="37.521463531424" lon="127.093736662987">
        <ele>25.33</ele>
      </trkpt>
      <trkpt lat="37.521386748272" lon="127.093795851454">
        <ele>25.33</ele>
      </trkpt>
      <trkpt lat="37.52130996512" lon="127.093855039921">
        <ele>25.33</ele>
      </trkpt>
      <trkpt lat="37.521233181968" lon="127.093914228388">
        <ele>25.33</ele>
      </trkpt>
      <trkpt lat="37.521156398816" lon="127.093973416855">
        <ele>25.33</ele>
      </trkpt>
      <trkpt lat="37.521079615665" lon="127.094032605323">
        <ele>25.33</ele>
      </trkpt>
      <trkpt lat="37.521002832513" lon="127.09409179379">
        <ele>25.33</ele>
      </trkpt>
      <trkpt lat="37.520926049361" lon="127.094150982257">
        <ele>25.33</ele>
      </trkpt>
      <trkpt lat="37.520849266209" lon="127.094210170724">
        <ele>25.33</ele>
      </trkpt>
      <trkpt lat="37.520772483057" lon="127.094269359191">
        <ele>25.33</ele>
      </trkpt>
      <trkpt lat="37.520695699905" lon="127.094328547658">
        <ele>25.33</ele>
      </trkpt>
      <trkpt lat="37.520618916754" lon="127.094387736125">
        <ele>25.33</ele>
      </trkpt>
      <trkpt lat="37.520542133602" lon="127.094446924592">
        <ele>25.33</ele>
      </trkpt>
      <trkpt lat="37.52046535045" lon="127.094506113059">
        <ele>25.33</ele>
      </trkpt>
      <trkpt lat="37.520388567298" lon="127.094565301527">
        <ele>25.5</ele>
      </trkpt>
      <trkpt lat="37.520311784146" lon="127.094624489994">
        <ele>25.63</ele>
      </trkpt>
      <trkpt lat="37.520235000994" lon="127.094683678461">
        <ele>25.7</ele>
      </trkpt>
      <trkpt lat="37.520158217843" lon="127.094742866928">
        <ele>25.45</ele>
      </trkpt>
      <trkpt lat="37.520081434691" lon="127.094802055395">
        <ele>25.29</ele>
      </trkpt>
      <trkpt lat="37.520004651539" lon="127.094861243862">
        <ele>25.3</ele>
      </trkpt>
      <trkpt lat="37.519927868387" lon="127.094920432329">
        <ele>25.3</ele>
      </trkpt>
      <trkpt lat="37.519851085235" lon="127.094979620796">
        <ele>25.35</ele>
      </trkpt>
      <trkpt lat="37.519774302083" lon="127.095038809263">
        <ele>25.35</ele>
      </trkpt>
      <trkpt lat="37.519697518931" lon="127.095097997731">
        <ele>25.39</ele>
      </trkpt>
      <trkpt lat="37.51962073578" lon="127.095157186198">
        <ele>25.3</ele>
      </trkpt>
      <trkpt lat="37.519543952628" lon="127.095216374665">
        <ele>25.4</ele>
      </trkpt>
      <trkpt lat="37.5195337215894" lon="127.095224261284">
        <ele>25.5</ele>
      </trkpt>
      <trkpt lat="37.519466611337" lon="127.095274401794">
        <ele>25.6</ele>
      </trkpt>
      <trkpt lat="37.519389184243" lon="127.095332250391">
        <ele>25.55</ele>
      </trkpt>
      <trkpt lat="37.519311757149" lon="127.095390098989">
        <ele>25.46</ele>
      </trkpt>
      <trkpt lat="37.519234330055" lon="127.095447947586">
        <ele>25.3</ele>
      </trkpt>
      <trkpt lat="37.519156902961" lon="127.095505796183">
        <ele>25.15</ele>
      </trkpt>
      <trkpt lat="37.519079475868" lon="127.09556364478">
        <ele>24.9</ele>
      </trkpt>
      <trkpt lat="37.519002048774" lon="127.095621493378">
        <ele>24.65</ele>
      </trkpt>
      <trkpt lat="37.51892462168" lon="127.095679341975">
        <ele>24.49</ele>
      </trkpt>
      <trkpt lat="37.518847194586" lon="127.095737190572">
        <ele>24.27</ele>
      </trkpt>
      <trkpt lat="37.518769767492" lon="127.095795039169">
        <ele>24</ele>
      </trkpt>
      <trkpt lat="37.518692340399" lon="127.095852887766">
        <ele>23.8</ele>
      </trkpt>
      <trkpt lat="37.518614913305" lon="127.095910736364">
        <ele>23.67</ele>
      </trkpt>
      <trkpt lat="37.518537486211" lon="127.095968584961">
        <ele>23.4</ele>
      </trkpt>
      <trkpt lat="37.518460059117" lon="127.096026433558">
        <ele>23.16</ele>
      </trkpt>
      <trkpt lat="37.5183849260978" lon="127.096082568169">
        <ele>22.85</ele>
      </trkpt>
      <trkpt lat="37.518382634887" lon="127.096084288144">
        <ele>22.85</ele>
      </trkpt>
      <trkpt lat="37.518305304434" lon="127.096142338874">
        <ele>22.59</ele>
      </trkpt>
      <trkpt lat="37.518227973981" lon="127.096200389604">
        <ele>22.26</ele>
      </trkpt>
      <trkpt lat="37.518150643528" lon="127.096258440334">
        <ele>21.97</ele>
      </trkpt>
      <trkpt lat="37.518073313075" lon="127.096316491064">
        <ele>21.64</ele>
      </trkpt>
      <trkpt lat="37.517995982622" lon="127.096374541794">
        <ele>21.27</ele>
      </trkpt>
      <trkpt lat="37.517918652169" lon="127.096432592524">
        <ele>20.86</ele>
      </trkpt>
      <trkpt lat="37.517841321716" lon="127.096490643254">
        <ele>20.58</ele>
      </trkpt>
      <trkpt lat="37.517763991264" lon="127.096548693984">
        <ele>20.07</ele>
      </trkpt>
      <trkpt lat="37.517686660811" lon="127.096606744713">
        <ele>19.63</ele>
      </trkpt>
      <trkpt lat="37.517609330358" lon="127.096664795443">
        <ele>19.22</ele>
      </trkpt>
      <trkpt lat="37.517531999905" lon="127.096722846173">
        <ele>18.88</ele>
      </trkpt>
      <trkpt lat="37.517454669452" lon="127.096780896903">
        <ele>18.53</ele>
      </trkpt>
      <trkpt lat="37.517377338999" lon="127.096838947633">
        <ele>18.14</ele>
      </trkpt>
      <trkpt lat="37.517300008546" lon="127.096896998363">
        <ele>17.81</ele>
      </trkpt>
      <trkpt lat="37.517220944799" lon="127.096975335587">
        <ele>17.47</ele>
      </trkpt>
      <trkpt lat="37.517142964076" lon="127.097031998286">
        <ele>17.21</ele>
      </trkpt>
      <trkpt lat="37.517064983353" lon="127.097088660985">
        <ele>16.8</ele>
      </trkpt>
      <trkpt lat="37.516987002631" lon="127.097145323684">
        <ele>16.59</ele>
      </trkpt>
      <trkpt lat="37.516909021908" lon="127.097201986383">
        <ele>16.28</ele>
      </trkpt>
      <trkpt lat="37.516831041186" lon="127.097258649082">
        <ele>16.13</ele>
      </trkpt>
      <trkpt lat="37.516753060463" lon="127.097315311781">
        <ele>15.91</ele>
      </trkpt>
      <trkpt lat="37.51667507974" lon="127.09737197448">
        <ele>15.74</ele>
      </trkpt>
      <trkpt lat="37.516597099018" lon="127.097428637179">
        <ele>15.59</ele>
      </trkpt>
      <trkpt lat="37.516519118295" lon="127.097485299878">
        <ele>15.5</ele>
      </trkpt>
      <trkpt lat="37.516441137573" lon="127.097541962577">
        <ele>15.37</ele>
      </trkpt>
      <trkpt lat="37.51636315685" lon="127.097598625276">
        <ele>15.26</ele>
      </trkpt>
      <trkpt lat="37.516285176128" lon="127.097655287975">
        <ele>15.1</ele>
      </trkpt>
      <trkpt lat="37.516207195405" lon="127.097711950674">
        <ele>15.08</ele>
      </trkpt>
      <trkpt lat="37.516129214682" lon="127.097768613373">
        <ele>15.04</ele>
      </trkpt>
      <trkpt lat="37.51605123396" lon="127.097825276072">
        <ele>14.93</ele>
      </trkpt>
      <trkpt lat="37.5160120568052" lon="127.09785374315">
        <ele>14.96</ele>
      </trkpt>
      <trkpt lat="37.515973053124" lon="127.097881499793">
        <ele>14.9</ele>
      </trkpt>
      <trkpt lat="37.515894670249" lon="127.09793728031">
        <ele>14.9</ele>
      </trkpt>
      <trkpt lat="37.515816287374" lon="127.097993060827">
        <ele>14.85</ele>
      </trkpt>
      <trkpt lat="37.515737904499" lon="127.098048841344">
        <ele>14.77</ele>
      </trkpt>
      <trkpt lat="37.515659521624" lon="127.098104621861">
        <ele>14.75</ele>
      </trkpt>
      <trkpt lat="37.515581138749" lon="127.098160402378">
        <ele>14.73</ele>
      </trkpt>
      <trkpt lat="37.515502755874" lon="127.098216182895">
        <ele>14.7</ele>
      </trkpt>
      <trkpt lat="37.515424372999" lon="127.098271963412">
        <ele>14.7</ele>
      </trkpt>
      <trkpt lat="37.515345990124" lon="127.098327743929">
        <ele>14.67</ele>
      </trkpt>
      <trkpt lat="37.515267607249" lon="127.098383524446">
        <ele>14.62</ele>
      </trkpt>
      <trkpt lat="37.5152510267896" lon="127.098395323791">
        <ele>14.6</ele>
      </trkpt>
      <trkpt lat="37.515190107667" lon="127.098441205526">
        <ele>14.56</ele>
      </trkpt>
      <trkpt lat="37.515112845056" lon="127.098499396493">
        <ele>14.51</ele>
      </trkpt>
      <trkpt lat="37.515035582445" lon="127.09855758746">
        <ele>14.48</ele>
      </trkpt>
      <trkpt lat="37.514958319833" lon="127.098615778426">
        <ele>14.41</ele>
      </trkpt>
      <trkpt lat="37.514881057222" lon="127.098673969393">
        <ele>14.4</ele>
      </trkpt>
      <trkpt lat="37.514803794611" lon="127.09873216036">
        <ele>14.34</ele>
      </trkpt>
      <trkpt lat="37.514726532" lon="127.098790351327">
        <ele>14.28</ele>
      </trkpt>
      <trkpt lat="37.514649269389" lon="127.098848542294">
        <ele>14.27</ele>
      </trkpt>
      <trkpt lat="37.514572006777" lon="127.098906733261">
        <ele>14.21</ele>
      </trkpt>
      <trkpt lat="37.514494744166" lon="127.098964924227">
        <ele>14.2</ele>
      </trkpt>
      <trkpt lat="37.514417481555" lon="127.099023115194">
        <ele>14.18</ele>
      </trkpt>
      <trkpt lat="37.514340218944" lon="127.099081306161">
        <ele>14.21</ele>
      </trkpt>
      <trkpt lat="37.514262956333" lon="127.099139497128">
        <ele>14.23</ele>
      </trkpt>
      <trkpt lat="37.514185693721" lon="127.099197688095">
        <ele>14.24</ele>
      </trkpt>
      <trkpt lat="37.51410843111" lon="127.099255879062">
        <ele>14.22</ele>
      </trkpt>
      <trkpt lat="37.514038403608" lon="127.099308620847">
        <ele>14.23</ele>
      </trkpt>
      <trkpt lat="37.514030558291" lon="127.099312518339">
        <ele>14.24</ele>
      </trkpt>
      <trkpt lat="37.513946779361" lon="127.099354139057">
        <ele>14.25</ele>
      </trkpt>
      <trkpt lat="37.513863000431" lon="127.099395759774">
        <ele>14.3</ele>
      </trkpt>
      <trkpt lat="37.513779221502" lon="127.099437380491">
        <ele>14.3</ele>
      </trkpt>
      <trkpt lat="37.5137526807305" lon="127.099450565739">
        <ele>14.27</ele>
      </trkpt>
      <trkpt lat="37.513693204872" lon="127.099470489885">
        <ele>14.26</ele>
      </trkpt>
      <trkpt lat="37.5136209925913" lon="127.099494680675">
        <ele>14.27</ele>
      </trkpt>
      <trkpt lat="37.513605675191" lon="127.099496137462">
        <ele>14.27</ele>
      </trkpt>
      <trkpt lat="37.513515832243" lon="127.099504682129">
        <ele>14.29</ele>
      </trkpt>
      <trkpt lat="37.5134616570374" lon="127.099509834554">
        <ele>14.3</ele>
      </trkpt>
      <trkpt lat="37.513427651402" lon="127.099495905751">
        <ele>14.31</ele>
      </trkpt>
      <trkpt lat="37.513341995111" lon="127.099460820696">
        <ele>14.26</ele>
      </trkpt>
      <trkpt lat="37.5132903220988" lon="127.099439655286">
        <ele>14.26</ele>
      </trkpt>
      <trkpt lat="37.513266399638" lon="127.09940631046">
        <ele>14.28</ele>
      </trkpt>
      <trkpt lat="37.513206102065" lon="127.099322263417">
        <ele>14.21</ele>
      </trkpt>
      <trkpt lat="37.5131706326959" lon="127.099272823689">
        <ele>14.26</ele>
      </trkpt>
      <trkpt lat="37.513155295583" lon="127.09923041571">
        <ele>14.18</ele>
      </trkpt>
      <trkpt lat="37.513118047997" lon="127.099127424039">
        <ele>14.21</ele>
      </trkpt>
      <trkpt lat="37.513080800411" lon="127.099024432368">
        <ele>14.27</ele>
      </trkpt>
      <trkpt lat="37.5130555030412" lon="127.098954483719">
        <ele>14.19</ele>
      </trkpt>
      <trkpt lat="37.513046695914" lon="127.098919920003">
        <ele>14.21</ele>
      </trkpt>
      <trkpt lat="37.513019245011" lon="127.098812188487">
        <ele>14.2</ele>
      </trkpt>
      <trkpt lat="37.512991794109" lon="127.098704456972">
        <ele>14.2</ele>
      </trkpt>
      <trkpt lat="37.512964343206" lon="127.098596725456">
        <ele>14.17</ele>
      </trkpt>
      <trkpt lat="37.512936892304" lon="127.09848899394">
        <ele>14.23</ele>
      </trkpt>
      <trkpt lat="37.512909441401" lon="127.098381262424">
        <ele>14.23</ele>
      </trkpt>
      <trkpt lat="37.512881990499" lon="127.098273530908">
        <ele>14.23</ele>
      </trkpt>
      <trkpt lat="37.512854539596" lon="127.098165799393">
        <ele>14.24</ele>
      </trkpt>
      <trkpt lat="37.512827088693" lon="127.098058067877">
        <ele>14.24</ele>
      </trkpt>
      <trkpt lat="37.512799637791" lon="127.097950336361">
        <ele>14.22</ele>
      </trkpt>
      <trkpt lat="37.512772186888" lon="127.097842604845">
        <ele>14.25</ele>
      </trkpt>
      <trkpt lat="37.512744735986" lon="127.097734873329">
        <ele>14.21</ele>
      </trkpt>
      <trkpt lat="37.512717285083" lon="127.097627141814">
        <ele>14.25</ele>
      </trkpt>
      <trkpt lat="37.512689834181" lon="127.097519410298">
        <ele>14.22</ele>
      </trkpt>
      <trkpt lat="37.512662383278" lon="127.097411678782">
        <ele>14.18</ele>
      </trkpt>
      <trkpt lat="37.512634932376" lon="127.097303947266">
        <ele>14.21</ele>
      </trkpt>
      <trkpt lat="37.512607481473" lon="127.09719621575">
        <ele>14.19</ele>
      </trkpt>
      <trkpt lat="37.512580030571" lon="127.097088484235">
        <ele>14.18</ele>
      </trkpt>
      <trkpt lat="37.5125658521057" lon="127.097032840617">
        <ele>14.25</ele>
      </trkpt>
      <trkpt lat="37.512553351942" lon="127.096980452723">
        <ele>14.22</ele>
      </trkpt>
      <trkpt lat="37.512527498305" lon="127.096872100737">
        <ele>14.19</ele>
      </trkpt>
      <trkpt lat="37.512501644667" lon="127.096763748751">
        <ele>14.17</ele>
      </trkpt>
      <trkpt lat="37.51247579103" lon="127.096655396765">
        <ele>14.19</ele>
      </trkpt>
      <trkpt lat="37.512449937393" lon="127.096547044778">
        <ele>14.15</ele>
      </trkpt>
      <trkpt lat="37.512424083756" lon="127.096438692792">
        <ele>14.24</ele>
      </trkpt>
      <trkpt lat="37.512398230119" lon="127.096330340806">
        <ele>14.19</ele>
      </trkpt>
      <trkpt lat="37.5123863968673" lon="127.096280747927">
        <ele>14.22</ele>
      </trkpt>
      <trkpt lat="37.512378676731" lon="127.096220179987">
        <ele>14.22</ele>
      </trkpt>
      <trkpt lat="37.512364440774" lon="127.096108492506">
        <ele>14.15</ele>
      </trkpt>
      <trkpt lat="37.512350204817" lon="127.095996805025">
        <ele>14.16</ele>
      </trkpt>
      <trkpt lat="37.51233596886" lon="127.095885117544">
        <ele>14.15</ele>
      </trkpt>
      <trkpt lat="37.512321732903" lon="127.095773430063">
        <ele>14.17</ele>
      </trkpt>
      <trkpt lat="37.512307496946" lon="127.095661742583">
        <ele>14.23</ele>
      </trkpt>
      <trkpt lat="37.5122952321946" lon="127.095565520097">
        <ele>14.2</ele>
      </trkpt>
      <trkpt lat="37.512293687617" lon="127.095549978902">
        <ele>14.21</ele>
      </trkpt>
      <trkpt lat="37.512282532747" lon="127.095437741112">
        <ele>14.2</ele>
      </trkpt>
      <trkpt lat="37.512271377878" lon="127.095325503321">
        <ele>14.16</ele>
      </trkpt>
      <trkpt lat="37.512260223008" lon="127.095213265531">
        <ele>14.12</ele>
      </trkpt>
      <trkpt lat="37.512249068139" lon="127.095101027741">
        <ele>14.2</ele>
      </trkpt>
      <trkpt lat="37.512237913269" lon="127.09498878995">
        <ele>14.17</ele>
      </trkpt>
      <trkpt lat="37.5122267584" lon="127.09487655216">
        <ele>14.18</ele>
      </trkpt>
      <trkpt lat="37.51221560353" lon="127.094764314369">
        <ele>14.17</ele>
      </trkpt>
      <trkpt lat="37.512204448661" lon="127.094652076579">
        <ele>14.2</ele>
      </trkpt>
      <trkpt lat="37.512193293791" lon="127.094539838788">
        <ele>14.16</ele>
      </trkpt>
      <trkpt lat="37.512182138921" lon="127.094427600998">
        <ele>14.16</ele>
      </trkpt>
      <trkpt lat="37.512170984052" lon="127.094315363208">
        <ele>14.18</ele>
      </trkpt>
      <trkpt lat="37.512159829182" lon="127.094203125417">
        <ele>14.15</ele>
      </trkpt>
      <trkpt lat="37.512148674313" lon="127.094090887627">
        <ele>14.18</ele>
      </trkpt>
      <trkpt lat="37.512137519443" lon="127.093978649836">
        <ele>14.2</ele>
      </trkpt>
      <trkpt lat="37.512126364574" lon="127.093866412046">
        <ele>14.19</ele>
      </trkpt>
      <trkpt lat="37.512115209704" lon="127.093754174255">
        <ele>14.18</ele>
      </trkpt>
      <trkpt lat="37.512104054835" lon="127.093641936465">
        <ele>14.24</ele>
      </trkpt>
      <trkpt lat="37.512092899965" lon="127.093529698675">
        <ele>14.22</ele>
      </trkpt>
      <trkpt lat="37.512081745096" lon="127.093417460884">
        <ele>14.2</ele>
      </trkpt>
      <trkpt lat="37.512070590226" lon="127.093305223094">
        <ele>14.18</ele>
      </trkpt>
      <trkpt lat="37.512059435357" lon="127.093192985303">
        <ele>14.21</ele>
      </trkpt>
      <trkpt lat="37.512048280487" lon="127.093080747513">
        <ele>14.23</ele>
      </trkpt>
      <trkpt lat="37.5120393905563" lon="127.092991299027">
        <ele>14.22</ele>
      </trkpt>
      <trkpt lat="37.512037368654" lon="127.092968473796">
        <ele>14.15</ele>
      </trkpt>
      <trkpt lat="37.512027410744" lon="127.092856059068">
        <ele>14.14</ele>
      </trkpt>
      <trkpt lat="37.512017452834" lon="127.09274364434">
        <ele>14.2</ele>
      </trkpt>
      <trkpt lat="37.512007494923" lon="127.092631229612">
        <ele>14.22</ele>
      </trkpt>
      <trkpt lat="37.511997537013" lon="127.092518814884">
        <ele>14.26</ele>
      </trkpt>
      <trkpt lat="37.511987579103" lon="127.092406400156">
        <ele>14.21</ele>
      </trkpt>
      <trkpt lat="37.511977621193" lon="127.092293985428">
        <ele>14.18</ele>
      </trkpt>
      <trkpt lat="37.511967663283" lon="127.0921815707">
        <ele>14.19</ele>
      </trkpt>
      <trkpt lat="37.511957705372" lon="127.092069155972">
        <ele>14.18</ele>
      </trkpt>
      <trkpt lat="37.511947747462" lon="127.091956741244">
        <ele>14.13</ele>
      </trkpt>
      <trkpt lat="37.511937789552" lon="127.091844326516">
        <ele>14.07</ele>
      </trkpt>
      <trkpt lat="37.511927831642" lon="127.091731911788">
        <ele>14.04</ele>
      </trkpt>
      <trkpt lat="37.511917873732" lon="127.09161949706">
        <ele>14.03</ele>
      </trkpt>
      <trkpt lat="37.511907915821" lon="127.091507082332">
        <ele>14.07</ele>
      </trkpt>
      <trkpt lat="37.511897957911" lon="127.091394667603">
        <ele>14.08</ele>
      </trkpt>
      <trkpt lat="37.511888000001" lon="127.091282252875">
        <ele>14.08</ele>
      </trkpt>
      <trkpt lat="37.511878042091" lon="127.091169838147">
        <ele>14.06</ele>
      </trkpt>
      <trkpt lat="37.511868084181" lon="127.091057423419">
        <ele>14.01</ele>
      </trkpt>
      <trkpt lat="37.51185812627" lon="127.090945008691">
        <ele>14.07</ele>
      </trkpt>
      <trkpt lat="37.51184816836" lon="127.090832593963">
        <ele>14.06</ele>
      </trkpt>
      <trkpt lat="37.5118462603562" lon="127.090811054529">
        <ele>14.07</ele>
      </trkpt>
      <trkpt lat="37.511837120625" lon="127.090720342052">
        <ele>14.06</ele>
      </trkpt>
      <trkpt lat="37.511825814576" lon="127.090608128732">
        <ele>14.06</ele>
      </trkpt>
      <trkpt lat="37.511814508528" lon="127.090495915412">
        <ele>14.04</ele>
      </trkpt>
      <trkpt lat="37.51180320248" lon="127.090383702092">
        <ele>14.06</ele>
      </trkpt>
      <trkpt lat="37.511791896432" lon="127.090271488772">
        <ele>14.1</ele>
      </trkpt>
      <trkpt lat="37.511780590384" lon="127.090159275452">
        <ele>14.09</ele>
      </trkpt>
      <trkpt lat="37.511769284336" lon="127.090047062131">
        <ele>14.1</ele>
      </trkpt>
      <trkpt lat="37.511757978288" lon="127.089934848811">
        <ele>14.12</ele>
      </trkpt>
      <trkpt lat="37.511746672239" lon="127.089822635491">
        <ele>14.07</ele>
      </trkpt>
      <trkpt lat="37.511735366191" lon="127.089710422171">
        <ele>14.1</ele>
      </trkpt>
      <trkpt lat="37.511724060143" lon="127.089598208851">
        <ele>14.07</ele>
      </trkpt>
      <trkpt lat="37.511712754095" lon="127.089485995531">
        <ele>14.04</ele>
      </trkpt>
      <trkpt lat="37.511701448047" lon="127.089373782211">
        <ele>14.05</ele>
      </trkpt>
      <trkpt lat="37.511690141999" lon="127.089261568891">
        <ele>14.12</ele>
      </trkpt>
      <trkpt lat="37.511678835951" lon="127.089149355571">
        <ele>14.13</ele>
      </trkpt>
      <trkpt lat="37.511667529902" lon="127.089037142251">
        <ele>14.16</ele>
      </trkpt>
      <trkpt lat="37.511656223854" lon="127.088924928931">
        <ele>14.14</ele>
      </trkpt>
      <trkpt lat="37.5116476832778" lon="127.088840163111">
        <ele>14.13</ele>
      </trkpt>
      <trkpt lat="37.511646647663" lon="127.088812527533">
        <ele>14.13</ele>
      </trkpt>
      <trkpt lat="37.511642413769" lon="127.0886995453">
        <ele>14.11</ele>
      </trkpt>
      <trkpt lat="37.511638179875" lon="127.088586563067">
        <ele>14.13</ele>
      </trkpt>
      <trkpt lat="37.511633945982" lon="127.088473580834">
        <ele>14.14</ele>
      </trkpt>
      <trkpt lat="37.5116311452614" lon="127.088398843098">
        <ele>14.13</ele>
      </trkpt>
      <trkpt lat="37.511632276229" lon="127.088360582625">
        <ele>14.16</ele>
      </trkpt>
      <trkpt lat="37.511635617343" lon="127.088247553196">
        <ele>14.15</ele>
      </trkpt>
      <trkpt lat="37.511638958458" lon="127.088134523766">
        <ele>14.18</ele>
      </trkpt>
      <trkpt lat="37.511642299572" lon="127.088021494337">
        <ele>14.08</ele>
      </trkpt>
      <trkpt lat="37.511645640686" lon="127.087908464908">
        <ele>14.11</ele>
      </trkpt>
      <trkpt lat="37.5116489818" lon="127.087795435479">
        <ele>14.16</ele>
      </trkpt>
      <trkpt lat="37.511652322915" lon="127.08768240605">
        <ele>14.19</ele>
      </trkpt>
      <trkpt lat="37.511655664029" lon="127.087569376621">
        <ele>14.18</ele>
      </trkpt>
      <trkpt lat="37.511659005143" lon="127.087456347192">
        <ele>14.17</ele>
      </trkpt>
      <trkpt lat="37.511662346258" lon="127.087343317762">
        <ele>14.17</ele>
      </trkpt>
      <trkpt lat="37.511665687372" lon="127.087230288333">
        <ele>14.2</ele>
      </trkpt>
      <trkpt lat="37.511669028486" lon="127.087117258904">
        <ele>14.22</ele>
      </trkpt>
      <trkpt lat="37.5116723696" lon="127.087004229475">
        <ele>14.22</ele>
      </trkpt>
      <trkpt lat="37.511675710715" lon="127.086891200046">
        <ele>14.26</ele>
      </trkpt>
      <trkpt lat="37.511679051829" lon="127.086778170617">
        <ele>14.19</ele>
      </trkpt>
      <trkpt lat="37.511682392943" lon="127.086665141187">
        <ele>14.18</ele>
      </trkpt>
      <trkpt lat="37.511685734058" lon="127.086552111758">
        <ele>14.19</ele>
      </trkpt>
      <trkpt lat="37.511689075172" lon="127.086439082329">
        <ele>14.22</ele>
      </trkpt>
      <trkpt lat="37.511692416286" lon="127.0863260529">
        <ele>14.19</ele>
      </trkpt>
      <trkpt lat="37.5116957574" lon="127.086213023471">
        <ele>14.15</ele>
      </trkpt>
      <trkpt lat="37.511699098515" lon="127.086099994042">
        <ele>14.13</ele>
      </trkpt>
      <trkpt lat="37.511702439629" lon="127.085986964613">
        <ele>14.14</ele>
      </trkpt>
      <trkpt lat="37.5117026255784" lon="127.08598067397">
        <ele>14.14</ele>
      </trkpt>
      <trkpt lat="37.511707803899" lon="127.085874059614">
        <ele>14.14</ele>
      </trkpt>
      <trkpt lat="37.511713287404" lon="127.085761161949">
        <ele>14.21</ele>
      </trkpt>
      <trkpt lat="37.511718770909" lon="127.085648264284">
        <ele>14.24</ele>
      </trkpt>
      <trkpt lat="37.511724254414" lon="127.085535366619">
        <ele>14.33</ele>
      </trkpt>
      <trkpt lat="37.511729737919" lon="127.085422468953">
        <ele>14.3</ele>
      </trkpt>
      <trkpt lat="37.511735221423" lon="127.085309571288">
        <ele>14.29</ele>
      </trkpt>
      <trkpt lat="37.511740704928" lon="127.085196673623">
        <ele>14.25</ele>
      </trkpt>
      <trkpt lat="37.511746188433" lon="127.085083775958">
        <ele>14.19</ele>
      </trkpt>
      <trkpt lat="37.511751671938" lon="127.084970878293">
        <ele>14.18</ele>
      </trkpt>
      <trkpt lat="37.511757155443" lon="127.084857980628">
        <ele>14.23</ele>
      </trkpt>
      <trkpt lat="37.511762638947" lon="127.084745082962">
        <ele>14.19</ele>
      </trkpt>
      <trkpt lat="37.511768122452" lon="127.084632185297">
        <ele>14.21</ele>
      </trkpt>
      <trkpt lat="37.511773605957" lon="127.084519287632">
        <ele>14.24</ele>
      </trkpt>
      <trkpt lat="37.5117748923243" lon="127.084492803136">
        <ele>14.22</ele>
      </trkpt>
      <trkpt lat="37.511778608877" lon="127.084406355177">
        <ele>14.24</ele>
      </trkpt>
      <trkpt lat="37.511783464503" lon="127.08429341206">
        <ele>14.26</ele>
      </trkpt>
      <trkpt lat="37.51178832013" lon="127.084180468943">
        <ele>14.25</ele>
      </trkpt>
      <trkpt lat="37.511793175757" lon="127.084067525826">
        <ele>14.22</ele>
      </trkpt>
      <trkpt lat="37.511798031383" lon="127.083954582708">
        <ele>14.23</ele>
      </trkpt>
      <trkpt lat="37.51180288701" lon="127.083841639591">
        <ele>14.23</ele>
      </trkpt>
      <trkpt lat="37.511807742637" lon="127.083728696474">
        <ele>14.23</ele>
      </trkpt>
      <trkpt lat="37.511812598263" lon="127.083615753357">
        <ele>14.24</ele>
      </trkpt>
      <trkpt lat="37.51181745389" lon="127.083502810239">
        <ele>14.26</ele>
      </trkpt>
      <trkpt lat="37.511822309516" lon="127.083389867122">
        <ele>14.25</ele>
      </trkpt>
      <trkpt lat="37.511827165143" lon="127.083276924005">
        <ele>14.27</ele>
      </trkpt>
      <trkpt lat="37.51183202077" lon="127.083163980888">
        <ele>14.21</ele>
      </trkpt>
      <trkpt lat="37.511836876396" lon="127.083051037771">
        <ele>14.21</ele>
      </trkpt>
      <trkpt lat="37.511841732023" lon="127.082938094653">
        <ele>14.23</ele>
      </trkpt>
      <trkpt lat="37.51184658765" lon="127.082825151536">
        <ele>14.26</ele>
      </trkpt>
      <trkpt lat="37.511851443276" lon="127.082712208419">
        <ele>14.25</ele>
      </trkpt>
      <trkpt lat="37.511856298903" lon="127.082599265302">
        <ele>14.26</ele>
      </trkpt>
      <trkpt lat="37.51186115453" lon="127.082486322184">
        <ele>14.25</ele>
      </trkpt>
      <trkpt lat="37.511866010156" lon="127.082373379067">
        <ele>14.26</ele>
      </trkpt>
      <trkpt lat="37.511870865783" lon="127.08226043595">
        <ele>14.25</ele>
      </trkpt>
      <trkpt lat="37.511875721409" lon="127.082147492833">
        <ele>14.24</ele>
      </trkpt>
      <trkpt lat="37.511880577036" lon="127.082034549715">
        <ele>14.22</ele>
      </trkpt>
      <trkpt lat="37.511885432663" lon="127.081921606598">
        <ele>14.19</ele>
      </trkpt>
      <trkpt lat="37.511890288289" lon="127.081808663481">
        <ele>14.08</ele>
      </trkpt>
      <trkpt lat="37.511895143916" lon="127.081695720364">
        <ele>14.05</ele>
      </trkpt>
      <trkpt lat="37.511899999543" lon="127.081582777246">
        <ele>14.08</ele>
      </trkpt>
      <trkpt lat="37.511904855169" lon="127.081469834129">
        <ele>14.11</ele>
      </trkpt>
      <trkpt lat="37.5119063061741" lon="127.081436083387">
        <ele>14.12</ele>
      </trkpt>
      <trkpt lat="37.511909697599" lon="127.081356889987">
        <ele>14.15</ele>
      </trkpt>
      <trkpt lat="37.511914534404" lon="127.081243945408">
        <ele>14.18</ele>
      </trkpt>
      <trkpt lat="37.511919371209" lon="127.081131000829">
        <ele>14.05</ele>
      </trkpt>
      <trkpt lat="37.511924208014" lon="127.08101805625">
        <ele>14.14</ele>
      </trkpt>
      <trkpt lat="37.511929044819" lon="127.080905111671">
        <ele>14.18</ele>
      </trkpt>
      <trkpt lat="37.511933881624" lon="127.080792167092">
        <ele>14.15</ele>
      </trkpt>
      <trkpt lat="37.511938718429" lon="127.080679222513">
        <ele>14.17</ele>
      </trkpt>
      <trkpt lat="37.511943555233" lon="127.080566277934">
        <ele>14.19</ele>
      </trkpt>
      <trkpt lat="37.511948392038" lon="127.080453333355">
        <ele>14.21</ele>
      </trkpt>
      <trkpt lat="37.511953228843" lon="127.080340388776">
        <ele>14.19</ele>
      </trkpt>
      <trkpt lat="37.511958065648" lon="127.080227444197">
        <ele>14.23</ele>
      </trkpt>
      <trkpt lat="37.511962902453" lon="127.080114499618">
        <ele>14.24</ele>
      </trkpt>
      <trkpt lat="37.511967739258" lon="127.080001555039">
        <ele>14.25</ele>
      </trkpt>
      <trkpt lat="37.511972576063" lon="127.07988861046">
        <ele>14.22</ele>
      </trkpt>
      <trkpt lat="37.511977412868" lon="127.079775665882">
        <ele>14.23</ele>
      </trkpt>
      <trkpt lat="37.511982249673" lon="127.079662721303">
        <ele>14.25</ele>
      </trkpt>
      <trkpt lat="37.511987086478" lon="127.079549776724">
        <ele>14.2</ele>
      </trkpt>
      <trkpt lat="37.511991923283" lon="127.079436832145">
        <ele>14.2</ele>
      </trkpt>
      <trkpt lat="37.511996760088" lon="127.079323887566">
        <ele>14.2</ele>
      </trkpt>
      <trkpt lat="37.512001596893" lon="127.079210942987">
        <ele>14.21</ele>
      </trkpt>
      <trkpt lat="37.512006433698" lon="127.079097998408">
        <ele>14.21</ele>
      </trkpt>
      <trkpt lat="37.512011270503" lon="127.078985053829">
        <ele>14.2</ele>
      </trkpt>
      <trkpt lat="37.512016107308" lon="127.07887210925">
        <ele>14.25</ele>
      </trkpt>
      <trkpt lat="37.512020944113" lon="127.078759164671">
        <ele>14.24</ele>
      </trkpt>
      <trkpt lat="37.5120257592542" lon="127.07864672596">
        <ele>14.28</ele>
      </trkpt>
      <trkpt lat="37.512025882843" lon="127.078646243703">
        <ele>14.28</ele>
      </trkpt>
      <trkpt lat="37.512053476397" lon="127.078538570727">
        <ele>14.37</ele>
      </trkpt>
      <trkpt lat="37.5120739808246" lon="127.078458560275">
        <ele>14.32</ele>
      </trkpt>
      <trkpt lat="37.512096222763" lon="127.078450510088">
        <ele>14.28</ele>
      </trkpt>
      <trkpt lat="37.512182796771" lon="127.078419175724">
        <ele>14.19</ele>
      </trkpt>
      <trkpt lat="37.51226937078" lon="127.07838784136">
        <ele>14.06</ele>
      </trkpt>
      <trkpt lat="37.512355944789" lon="127.078356506996">
        <ele>14.03</ele>
      </trkpt>
      <trkpt lat="37.512442518798" lon="127.078325172633">
        <ele>14.07</ele>
      </trkpt>
      <trkpt lat="37.512529092807" lon="127.078293838269">
        <ele>14.12</ele>
      </trkpt>
      <trkpt lat="37.512570370424" lon="127.078278898359">
        <ele>14.11</ele>
      </trkpt>
      <trkpt lat="37.512616213297" lon="127.078265103817">
        <ele>14.14</ele>
      </trkpt>
      <trkpt lat="37.512703831783" lon="127.078238738608">
        <ele>14.09</ele>
      </trkpt>
      <trkpt lat="37.512791450269" lon="127.078212373399">
        <ele>14.1</ele>
      </trkpt>
      <trkpt lat="37.5127961786127" lon="127.078210950597">
        <ele>14.09</ele>
      </trkpt>
      <trkpt lat="37.512880096962" lon="127.078192193323">
        <ele>14.07</ele>
      </trkpt>
      <trkpt lat="37.512968802307" lon="127.078172366069">
        <ele>14.01</ele>
      </trkpt>
      <trkpt lat="37.513057507653" lon="127.078152538814">
        <ele>14.03</ele>
      </trkpt>
      <trkpt lat="37.513146212998" lon="127.07813271156">
        <ele>14</ele>
      </trkpt>
      <trkpt lat="37.513234918343" lon="127.078112884305">
        <ele>14.01</ele>
      </trkpt>
      <trkpt lat="37.513323623689" lon="127.078093057051">
        <ele>14.02</ele>
      </trkpt>
      <trkpt lat="37.513412329034" lon="127.078073229797">
        <ele>14</ele>
      </trkpt>
      <trkpt lat="37.51350103438" lon="127.078053402542">
        <ele>14.02</ele>
      </trkpt>
      <trkpt lat="37.513589739725" lon="127.078033575288">
        <ele>14.03</ele>
      </trkpt>
      <trkpt lat="37.513678445071" lon="127.078013748033">
        <ele>14.01</ele>
      </trkpt>
      <trkpt lat="37.513767150416" lon="127.077993920779">
        <ele>13.95</ele>
      </trkpt>
      <trkpt lat="37.513855855761" lon="127.077974093524">
        <ele>14.02</ele>
      </trkpt>
      <trkpt lat="37.513944561107" lon="127.07795426627">
        <ele>14.07</ele>
      </trkpt>
      <trkpt lat="37.514033266452" lon="127.077934439016">
        <ele>14.08</ele>
      </trkpt>
      <trkpt lat="37.514121971798" lon="127.077914611761">
        <ele>14.05</ele>
      </trkpt>
      <trkpt lat="37.514210677143" lon="127.077894784507">
        <ele>14</ele>
      </trkpt>
      <trkpt lat="37.514299382489" lon="127.077874957252">
        <ele>14.03</ele>
      </trkpt>
      <trkpt lat="37.514388087834" lon="127.077855129998">
        <ele>13.99</ele>
      </trkpt>
      <trkpt lat="37.514476793179" lon="127.077835302743">
        <ele>13.96</ele>
      </trkpt>
      <trkpt lat="37.514565498525" lon="127.077815475489">
        <ele>13.98</ele>
      </trkpt>
      <trkpt lat="37.51465420387" lon="127.077795648235">
        <ele>14</ele>
      </trkpt>
      <trkpt lat="37.514742909216" lon="127.07777582098">
        <ele>13.99</ele>
      </trkpt>
      <trkpt lat="37.5148229878467" lon="127.077757921953">
        <ele>13.96</ele>
      </trkpt>
    </trkseg>
  </trk>
</gpx>