<?xml version="1.0" encoding="UTF-8"?>
 <gpx creator="Garmin Connect" version="1.1"
	 xsi:schemaLocation="http://www.topografix.com/GPX/1/1 http://www.topografix.com/GPX/11.xsd"
	 xmlns:ns3="http://www.garmin.com/xmlschemas/TrackPointExtension/v1"
	 xmlns="http://www.topografix.com/GPX/1/1"
	 xmlns:xsi="http://www.w3.org/2001/XMLSchema-instance" xmlns:ns2="http://www.garmin.com/xmlschemas/GpxExtensions/v3">
	 <metadata>
		<name>Sanlam Cape Town Marathon 2025 - 42.195 km</name>
		 <link href="https://www.goandrace.com">
		 <text>Garmin Connect</text>
		 </link>
	 <time>2026-07-04T07:29:43</time>
	 </metadata>
	 <trk>
		 <name>Sanlam Cape Town Marathon 2025 - 42.195 km</name>
		 <trkseg>
			 <trkpt lat="-33.903184" lon="18.408735">
				 <ele>10.7</ele>
			 </trkpt>
			 <trkpt lat="-33.902971" lon="18.408563">
				 <ele>10.4</ele>
			 </trkpt>
			 <trkpt lat="-33.902752" lon="18.408349">
				 <ele>10.1</ele>
			 </trkpt>
			 <trkpt lat="-33.902585" lon="18.408262">
				 <ele>9.9</ele>
			 </trkpt>
			 <trkpt lat="-33.90247" lon="18.408263">
				 <ele>9.7</ele>
			 </trkpt>
			 <trkpt lat="-33.902126" lon="18.408261">
				 <ele>9.6</ele>
			 </trkpt>
			 <trkpt lat="-33.901947" lon="18.40826">
				 <ele>9.6</ele>
			 </trkpt>
			 <trkpt lat="-33.901821" lon="18.408262">
				 <ele>9.7</ele>
			 </trkpt>
			 <trkpt lat="-33.901682" lon="18.408259">
				 <ele>9.6</ele>
			 </trkpt>
			 <trkpt lat="-33.90148" lon="18.408253">
				 <ele>9.5</ele>
			 </trkpt>
			 <trkpt lat="-33.901282" lon="18.408255">
				 <ele>9.5</ele>
			 </trkpt>
			 <trkpt lat="-33.901125" lon="18.408248">
				 <ele>9.5</ele>
			 </trkpt>
			 <trkpt lat="-33.900924" lon="18.408254">
				 <ele>9.6</ele>
			 </trkpt>
			 <trkpt lat="-33.900674" lon="18.408248">
				 <ele>9.8</ele>
			 </trkpt>
			 <trkpt lat="-33.900479" lon="18.40824">
				 <ele>9.9</ele>
			 </trkpt>
			 <trkpt lat="-33.900368" lon="18.408245">
				 <ele>9.9</ele>
			 </trkpt>
			 <trkpt lat="-33.900252" lon="18.408249">
				 <ele>9.7</ele>
			 </trkpt>
			 <trkpt lat="-33.900135" lon="18.40825">
				 <ele>9.5</ele>
			 </trkpt>
			 <trkpt lat="-33.900003" lon="18.40823">
				 <ele>9.5</ele>
			 </trkpt>
			 <trkpt lat="-33.899908" lon="18.408222">
				 <ele>9.5</ele>
			 </trkpt>
			 <trkpt lat="-33.899828" lon="18.408222">
				 <ele>9.5</ele>
			 </trkpt>
			 <trkpt lat="-33.899766" lon="18.408266">
				 <ele>9.5</ele>
			 </trkpt>
			 <trkpt lat="-33.899721" lon="18.40832">
				 <ele>9.2</ele>
			 </trkpt>
			 <trkpt lat="-33.899721" lon="18.408434">
				 <ele>8.9</ele>
			 </trkpt>
			 <trkpt lat="-33.899696" lon="18.408603">
				 <ele>8.8</ele>
			 </trkpt>
			 <trkpt lat="-33.899684" lon="18.408922">
				 <ele>8.8</ele>
			 </trkpt>
			 <trkpt lat="-33.899654" lon="18.409142">
				 <ele>8.8</ele>
			 </trkpt>
			 <trkpt lat="-33.899621" lon="18.409606">
				 <ele>9</ele>
			 </trkpt>
			 <trkpt lat="-33.8996" lon="18.409869">
				 <ele>9.2</ele>
			 </trkpt>
			 <trkpt lat="-33.899579" lon="18.410124">
				 <ele>9.3</ele>
			 </trkpt>
			 <trkpt lat="-33.899549" lon="18.41038">
				 <ele>9.3</ele>
			 </trkpt>
			 <trkpt lat="-33.899519" lon="18.410593">
				 <ele>9.1</ele>
			 </trkpt>
			 <trkpt lat="-33.899541" lon="18.41074">
				 <ele>9.1</ele>
			 </trkpt>
			 <trkpt lat="-33.899554" lon="18.410833">
				 <ele>9.3</ele>
			 </trkpt>
			 <trkpt lat="-33.899605" lon="18.41098">
				 <ele>9.4</ele>
			 </trkpt>
			 <trkpt lat="-33.899656" lon="18.411067">
				 <ele>9.3</ele>
			 </trkpt>
			 <trkpt lat="-33.899764" lon="18.411222">
				 <ele>9.1</ele>
			 </trkpt>
			 <trkpt lat="-33.899874" lon="18.411398">
				 <ele>9</ele>
			 </trkpt>
			 <trkpt lat="-33.89995" lon="18.411499">
				 <ele>8.9</ele>
			 </trkpt>
			 <trkpt lat="-33.900068" lon="18.411591">
				 <ele>8.8</ele>
			 </trkpt>
			 <trkpt lat="-33.900202" lon="18.411694">
				 <ele>8.7</ele>
			 </trkpt>
			 <trkpt lat="-33.900364" lon="18.411819">
				 <ele>8.6</ele>
			 </trkpt>
			 <trkpt lat="-33.900523" lon="18.411961">
				 <ele>8.5</ele>
			 </trkpt>
			 <trkpt lat="-33.900684" lon="18.412095">
				 <ele>8.5</ele>
			 </trkpt>
			 <trkpt lat="-33.900779" lon="18.412213">
				 <ele>8.5</ele>
			 </trkpt>
			 <trkpt lat="-33.900932" lon="18.412362">
				 <ele>8.5</ele>
			 </trkpt>
			 <trkpt lat="-33.901073" lon="18.41256">
				 <ele>8.7</ele>
			 </trkpt>
			 <trkpt lat="-33.901183" lon="18.41273">
				 <ele>9.1</ele>
			 </trkpt>
			 <trkpt lat="-33.901317" lon="18.412926">
				 <ele>9.5</ele>
			 </trkpt>
			 <trkpt lat="-33.901418" lon="18.413096">
				 <ele>9.7</ele>
			 </trkpt>
			 <trkpt lat="-33.901657" lon="18.413477">
				 <ele>9.9</ele>
			 </trkpt>
			 <trkpt lat="-33.901863" lon="18.413787">
				 <ele>9.9</ele>
			 </trkpt>
			 <trkpt lat="-33.902065" lon="18.414084">
				 <ele>10</ele>
			 </trkpt>
			 <trkpt lat="-33.90224" lon="18.414315">
				 <ele>10.1</ele>
			 </trkpt>
			 <trkpt lat="-33.90233" lon="18.414463">
				 <ele>10.2</ele>
			 </trkpt>
			 <trkpt lat="-33.902524" lon="18.414741">
				 <ele>10.2</ele>
			 </trkpt>
			 <trkpt lat="-33.902766" lon="18.415195">
				 <ele>10.2</ele>
			 </trkpt>
			 <trkpt lat="-33.902921" lon="18.415481">
				 <ele>10.3</ele>
			 </trkpt>
			 <trkpt lat="-33.903019" lon="18.415614">
				 <ele>10.5</ele>
			 </trkpt>
			 <trkpt lat="-33.903181" lon="18.415885">
				 <ele>10.7</ele>
			 </trkpt>
			 <trkpt lat="-33.903393" lon="18.416275">
				 <ele>10.9</ele>
			 </trkpt>
			 <trkpt lat="-33.903448" lon="18.416402">
				 <ele>11.1</ele>
			 </trkpt>
			 <trkpt lat="-33.903543" lon="18.41647">
				 <ele>11.5</ele>
			 </trkpt>
			 <trkpt lat="-33.90373" lon="18.416639">
				 <ele>11.8</ele>
			 </trkpt>
			 <trkpt lat="-33.903904" lon="18.416811">
				 <ele>12.2</ele>
			 </trkpt>
			 <trkpt lat="-33.904138" lon="18.417057">
				 <ele>12.5</ele>
			 </trkpt>
			 <trkpt lat="-33.904229" lon="18.417154">
				 <ele>12.9</ele>
			 </trkpt>
			 <trkpt lat="-33.904537" lon="18.417442">
				 <ele>13.4</ele>
			 </trkpt>
			 <trkpt lat="-33.904744" lon="18.417634">
				 <ele>13.7</ele>
			 </trkpt>
			 <trkpt lat="-33.904936" lon="18.417834">
				 <ele>13.9</ele>
			 </trkpt>
			 <trkpt lat="-33.90506" lon="18.41794">
				 <ele>14</ele>
			 </trkpt>
			 <trkpt lat="-33.905134" lon="18.417978">
				 <ele>14.2</ele>
			 </trkpt>
			 <trkpt lat="-33.905239" lon="18.417976">
				 <ele>14.4</ele>
			 </trkpt>
			 <trkpt lat="-33.905304" lon="18.417932">
				 <ele>14.5</ele>
			 </trkpt>
			 <trkpt lat="-33.905493" lon="18.417678">
				 <ele>14.6</ele>
			 </trkpt>
			 <trkpt lat="-33.905674" lon="18.417413">
				 <ele>14.7</ele>
			 </trkpt>
			 <trkpt lat="-33.905764" lon="18.417263">
				 <ele>14.8</ele>
			 </trkpt>
			 <trkpt lat="-33.905984" lon="18.41694">
				 <ele>14.8</ele>
			 </trkpt>
			 <trkpt lat="-33.906237" lon="18.416583">
				 <ele>14.8</ele>
			 </trkpt>
			 <trkpt lat="-33.906376" lon="18.41638">
				 <ele>14.8</ele>
			 </trkpt>
			 <trkpt lat="-33.906428" lon="18.416279">
				 <ele>14.9</ele>
			 </trkpt>
			 <trkpt lat="-33.906595" lon="18.416069">
				 <ele>15.2</ele>
			 </trkpt>
			 <trkpt lat="-33.9068" lon="18.415771">
				 <ele>15.5</ele>
			 </trkpt>
			 <trkpt lat="-33.907009" lon="18.415485">
				 <ele>15.7</ele>
			 </trkpt>
			 <trkpt lat="-33.907103" lon="18.415357">
				 <ele>15.8</ele>
			 </trkpt>
			 <trkpt lat="-33.907213" lon="18.415141">
				 <ele>15.8</ele>
			 </trkpt>
			 <trkpt lat="-33.907388" lon="18.414891">
				 <ele>15.9</ele>
			 </trkpt>
			 <trkpt lat="-33.907545" lon="18.414637">
				 <ele>16</ele>
			 </trkpt>
			 <trkpt lat="-33.907698" lon="18.414441">
				 <ele>16.3</ele>
			 </trkpt>
			 <trkpt lat="-33.907881" lon="18.414178">
				 <ele>16.5</ele>
			 </trkpt>
			 <trkpt lat="-33.908044" lon="18.413936">
				 <ele>16.6</ele>
			 </trkpt>
			 <trkpt lat="-33.908205" lon="18.413691">
				 <ele>16.7</ele>
			 </trkpt>
			 <trkpt lat="-33.908275" lon="18.413536">
				 <ele>16.6</ele>
			 </trkpt>
			 <trkpt lat="-33.908344" lon="18.413454">
				 <ele>16.5</ele>
			 </trkpt>
			 <trkpt lat="-33.908445" lon="18.413428">
				 <ele>16.6</ele>
			 </trkpt>
			 <trkpt lat="-33.908516" lon="18.413429">
				 <ele>16.8</ele>
			 </trkpt>
			 <trkpt lat="-33.908607" lon="18.413448">
				 <ele>17.2</ele>
			 </trkpt>
			 <trkpt lat="-33.908702" lon="18.413498">
				 <ele>17.4</ele>
			 </trkpt>
			 <trkpt lat="-33.908809" lon="18.41359">
				 <ele>17.4</ele>
			 </trkpt>
			 <trkpt lat="-33.908917" lon="18.413692">
				 <ele>17.1</ele>
			 </trkpt>
			 <trkpt lat="-33.909056" lon="18.413821">
				 <ele>16.8</ele>
			 </trkpt>
			 <trkpt lat="-33.909244" lon="18.413988">
				 <ele>16.5</ele>
			 </trkpt>
			 <trkpt lat="-33.909333" lon="18.414076">
				 <ele>16.6</ele>
			 </trkpt>
			 <trkpt lat="-33.909514" lon="18.414288">
				 <ele>16.7</ele>
			 </trkpt>
			 <trkpt lat="-33.909676" lon="18.414466">
				 <ele>16.6</ele>
			 </trkpt>
			 <trkpt lat="-33.909816" lon="18.414639">
				 <ele>16.3</ele>
			 </trkpt>
			 <trkpt lat="-33.909979" lon="18.414819">
				 <ele>15.6</ele>
			 </trkpt>
			 <trkpt lat="-33.910256" lon="18.415115">
				 <ele>15</ele>
			 </trkpt>
			 <trkpt lat="-33.910598" lon="18.415516">
				 <ele>14.7</ele>
			 </trkpt>
			 <trkpt lat="-33.91087" lon="18.415838">
				 <ele>14.8</ele>
			 </trkpt>
			 <trkpt lat="-33.911015" lon="18.416029">
				 <ele>15</ele>
			 </trkpt>
			 <trkpt lat="-33.911154" lon="18.41625">
				 <ele>15</ele>
			 </trkpt>
			 <trkpt lat="-33.911275" lon="18.416544">
				 <ele>15</ele>
			 </trkpt>
			 <trkpt lat="-33.911335" lon="18.416764">
				 <ele>14.9</ele>
			 </trkpt>
			 <trkpt lat="-33.911392" lon="18.41709">
				 <ele>15</ele>
			 </trkpt>
			 <trkpt lat="-33.911422" lon="18.417501">
				 <ele>15.3</ele>
			 </trkpt>
			 <trkpt lat="-33.911459" lon="18.41798">
				 <ele>15.7</ele>
			 </trkpt>
			 <trkpt lat="-33.911482" lon="18.418287">
				 <ele>16.5</ele>
			 </trkpt>
			 <trkpt lat="-33.911531" lon="18.418748">
				 <ele>17.3</ele>
			 </trkpt>
			 <trkpt lat="-33.911631" lon="18.419158">
				 <ele>17.6</ele>
			 </trkpt>
			 <trkpt lat="-33.911823" lon="18.419589">
				 <ele>17.7</ele>
			 </trkpt>
			 <trkpt lat="-33.912031" lon="18.419862">
				 <ele>17.8</ele>
			 </trkpt>
			 <trkpt lat="-33.912194" lon="18.420041">
				 <ele>18</ele>
			 </trkpt>
			 <trkpt lat="-33.912382" lon="18.420204">
				 <ele>18.1</ele>
			 </trkpt>
			 <trkpt lat="-33.912654" lon="18.420363">
				 <ele>17.9</ele>
			 </trkpt>
			 <trkpt lat="-33.912865" lon="18.420501">
				 <ele>17.6</ele>
			 </trkpt>
			 <trkpt lat="-33.913356" lon="18.420791">
				 <ele>17.4</ele>
			 </trkpt>
			 <trkpt lat="-33.91377" lon="18.421042">
				 <ele>16.7</ele>
			 </trkpt>
			 <trkpt lat="-33.914033" lon="18.42121">
				 <ele>15.7</ele>
			 </trkpt>
			 <trkpt lat="-33.914303" lon="18.421369">
				 <ele>14.5</ele>
			 </trkpt>
			 <trkpt lat="-33.914669" lon="18.421587">
				 <ele>13.2</ele>
			 </trkpt>
			 <trkpt lat="-33.914877" lon="18.421745">
				 <ele>11.8</ele>
			 </trkpt>
			 <trkpt lat="-33.915146" lon="18.422019">
				 <ele>10.6</ele>
			 </trkpt>
			 <trkpt lat="-33.91523" lon="18.422382">
				 <ele>9.6</ele>
			 </trkpt>
			 <trkpt lat="-33.915095" lon="18.422721">
				 <ele>8.7</ele>
			 </trkpt>
			 <trkpt lat="-33.914858" lon="18.423082">
				 <ele>8</ele>
			 </trkpt>
			 <trkpt lat="-33.914685" lon="18.42335">
				 <ele>7.2</ele>
			 </trkpt>
			 <trkpt lat="-33.914494" lon="18.423687">
				 <ele>6.2</ele>
			 </trkpt>
			 <trkpt lat="-33.914347" lon="18.424004">
				 <ele>5.4</ele>
			 </trkpt>
			 <trkpt lat="-33.914261" lon="18.424223">
				 <ele>4.7</ele>
			 </trkpt>
			 <trkpt lat="-33.91416" lon="18.424475">
				 <ele>4.5</ele>
			 </trkpt>
			 <trkpt lat="-33.914103" lon="18.424713">
				 <ele>4.5</ele>
			 </trkpt>
			 <trkpt lat="-33.914058" lon="18.425058">
				 <ele>4.5</ele>
			 </trkpt>
			 <trkpt lat="-33.914013" lon="18.425397">
				 <ele>4.5</ele>
			 </trkpt>
			 <trkpt lat="-33.914017" lon="18.425695">
				 <ele>4.6</ele>
			 </trkpt>
			 <trkpt lat="-33.914045" lon="18.425978">
				 <ele>4.8</ele>
			 </trkpt>
			 <trkpt lat="-33.914107" lon="18.426353">
				 <ele>4.7</ele>
			 </trkpt>
			 <trkpt lat="-33.914174" lon="18.426646">
				 <ele>5.5</ele>
			 </trkpt>
			 <trkpt lat="-33.914251" lon="18.426864">
				 <ele>6.4</ele>
			 </trkpt>
			 <trkpt lat="-33.914354" lon="18.427115">
				 <ele>7.2</ele>
			 </trkpt>
			 <trkpt lat="-33.914526" lon="18.427418">
				 <ele>7.9</ele>
			 </trkpt>
			 <trkpt lat="-33.914759" lon="18.427826">
				 <ele>8.3</ele>
			 </trkpt>
			 <trkpt lat="-33.915302" lon="18.428711">
				 <ele>8.7</ele>
			 </trkpt>
			 <trkpt lat="-33.915519" lon="18.42908">
				 <ele>9.1</ele>
			 </trkpt>
			 <trkpt lat="-33.91574" lon="18.429418">
				 <ele>9.3</ele>
			 </trkpt>
			 <trkpt lat="-33.915874" lon="18.42963">
				 <ele>8.7</ele>
			 </trkpt>
			 <trkpt lat="-33.916213" lon="18.43018">
				 <ele>8.2</ele>
			 </trkpt>
			 <trkpt lat="-33.916463" lon="18.430585">
				 <ele>8.2</ele>
			 </trkpt>
			 <trkpt lat="-33.916755" lon="18.431052">
				 <ele>7.5</ele>
			 </trkpt>
			 <trkpt lat="-33.917019" lon="18.431474">
				 <ele>7.3</ele>
			 </trkpt>
			 <trkpt lat="-33.917245" lon="18.431875">
				 <ele>7.1</ele>
			 </trkpt>
			 <trkpt lat="-33.91744" lon="18.432218">
				 <ele>7.1</ele>
			 </trkpt>
			 <trkpt lat="-33.917647" lon="18.432544">
				 <ele>7.4</ele>
			 </trkpt>
			 <trkpt lat="-33.917731" lon="18.432694">
				 <ele>7.5</ele>
			 </trkpt>
			 <trkpt lat="-33.917902" lon="18.433013">
				 <ele>7.6</ele>
			 </trkpt>
			 <trkpt lat="-33.918132" lon="18.433445">
				 <ele>7.8</ele>
			 </trkpt>
			 <trkpt lat="-33.918318" lon="18.433788">
				 <ele>8.5</ele>
			 </trkpt>
			 <trkpt lat="-33.91848" lon="18.434089">
				 <ele>8.9</ele>
			 </trkpt>
			 <trkpt lat="-33.918657" lon="18.434402">
				 <ele>8.9</ele>
			 </trkpt>
			 <trkpt lat="-33.918809" lon="18.434675">
				 <ele>8.5</ele>
			 </trkpt>
			 <trkpt lat="-33.918926" lon="18.43488">
				 <ele>8</ele>
			 </trkpt>
			 <trkpt lat="-33.919065" lon="18.435124">
				 <ele>7.5</ele>
			 </trkpt>
			 <trkpt lat="-33.919173" lon="18.435272">
				 <ele>7.1</ele>
			 </trkpt>
			 <trkpt lat="-33.919273" lon="18.435396">
				 <ele>6.5</ele>
			 </trkpt>
			 <trkpt lat="-33.919424" lon="18.435578">
				 <ele>5.8</ele>
			 </trkpt>
			 <trkpt lat="-33.919623" lon="18.435744">
				 <ele>5.3</ele>
			 </trkpt>
			 <trkpt lat="-33.919853" lon="18.435905">
				 <ele>4.7</ele>
			 </trkpt>
			 <trkpt lat="-33.919994" lon="18.436005">
				 <ele>4.3</ele>
			 </trkpt>
			 <trkpt lat="-33.920184" lon="18.436089">
				 <ele>3.9</ele>
			 </trkpt>
			 <trkpt lat="-33.9203" lon="18.436128">
				 <ele>3.5</ele>
			 </trkpt>
			 <trkpt lat="-33.920449" lon="18.436168">
				 <ele>3.3</ele>
			 </trkpt>
			 <trkpt lat="-33.920623" lon="18.436181">
				 <ele>3</ele>
			 </trkpt>
			 <trkpt lat="-33.920754" lon="18.436181">
				 <ele>2.7</ele>
			 </trkpt>
			 <trkpt lat="-33.920885" lon="18.436161">
				 <ele>2.5</ele>
			 </trkpt>
			 <trkpt lat="-33.920997" lon="18.436137">
				 <ele>2.6</ele>
			 </trkpt>
			 <trkpt lat="-33.921081" lon="18.436111">
				 <ele>2.9</ele>
			 </trkpt>
			 <trkpt lat="-33.921218" lon="18.436057">
				 <ele>3.6</ele>
			 </trkpt>
			 <trkpt lat="-33.921326" lon="18.435993">
				 <ele>4.6</ele>
			 </trkpt>
			 <trkpt lat="-33.921448" lon="18.435909">
				 <ele>5.5</ele>
			 </trkpt>
			 <trkpt lat="-33.921563" lon="18.435802">
				 <ele>6</ele>
			 </trkpt>
			 <trkpt lat="-33.921686" lon="18.435678">
				 <ele>6.5</ele>
			 </trkpt>
			 <trkpt lat="-33.921907" lon="18.43541">
				 <ele>7.1</ele>
			 </trkpt>
			 <trkpt lat="-33.922098" lon="18.435161">
				 <ele>7.7</ele>
			 </trkpt>
			 <trkpt lat="-33.922332" lon="18.434872">
				 <ele>8.5</ele>
			 </trkpt>
			 <trkpt lat="-33.92259" lon="18.434548">
				 <ele>9.4</ele>
			 </trkpt>
			 <trkpt lat="-33.922742" lon="18.434337">
				 <ele>9.9</ele>
			 </trkpt>
			 <trkpt lat="-33.922836" lon="18.434232">
				 <ele>10.4</ele>
			 </trkpt>
			 <trkpt lat="-33.922977" lon="18.434058">
				 <ele>10.5</ele>
			 </trkpt>
			 <trkpt lat="-33.923132" lon="18.433862">
				 <ele>10.5</ele>
			 </trkpt>
			 <trkpt lat="-33.923297" lon="18.433676">
				 <ele>10.7</ele>
			 </trkpt>
			 <trkpt lat="-33.923467" lon="18.43354">
				 <ele>11.1</ele>
			 </trkpt>
			 <trkpt lat="-33.923563" lon="18.433452">
				 <ele>11.5</ele>
			 </trkpt>
			 <trkpt lat="-33.923747" lon="18.433353">
				 <ele>11.8</ele>
			 </trkpt>
			 <trkpt lat="-33.923907" lon="18.433274">
				 <ele>12</ele>
			 </trkpt>
			 <trkpt lat="-33.924025" lon="18.433241">
				 <ele>11.8</ele>
			 </trkpt>
			 <trkpt lat="-33.924177" lon="18.433202">
				 <ele>11.5</ele>
			 </trkpt>
			 <trkpt lat="-33.924372" lon="18.433182">
				 <ele>11.3</ele>
			 </trkpt>
			 <trkpt lat="-33.924698" lon="18.433182">
				 <ele>10.9</ele>
			 </trkpt>
			 <trkpt lat="-33.92491" lon="18.433212">
				 <ele>10.5</ele>
			 </trkpt>
			 <trkpt lat="-33.925143" lon="18.433222">
				 <ele>10.5</ele>
			 </trkpt>
			 <trkpt lat="-33.925433" lon="18.433268">
				 <ele>10.6</ele>
			 </trkpt>
			 <trkpt lat="-33.925683" lon="18.433299">
				 <ele>10.6</ele>
			 </trkpt>
			 <trkpt lat="-33.925963" lon="18.433356">
				 <ele>10.5</ele>
			 </trkpt>
			 <trkpt lat="-33.926276" lon="18.433399">
				 <ele>10.4</ele>
			 </trkpt>
			 <trkpt lat="-33.926685" lon="18.433479">
				 <ele>10.5</ele>
			 </trkpt>
			 <trkpt lat="-33.926951" lon="18.433565">
				 <ele>11</ele>
			 </trkpt>
			 <trkpt lat="-33.927196" lon="18.433665">
				 <ele>11.5</ele>
			 </trkpt>
			 <trkpt lat="-33.927447" lon="18.4338">
				 <ele>12.4</ele>
			 </trkpt>
			 <trkpt lat="-33.927753" lon="18.434018">
				 <ele>13.3</ele>
			 </trkpt>
			 <trkpt lat="-33.927971" lon="18.434212">
				 <ele>14.4</ele>
			 </trkpt>
			 <trkpt lat="-33.928181" lon="18.434424">
				 <ele>15.2</ele>
			 </trkpt>
			 <trkpt lat="-33.928402" lon="18.43466">
				 <ele>16</ele>
			 </trkpt>
			 <trkpt lat="-33.928715" lon="18.435014">
				 <ele>17</ele>
			 </trkpt>
			 <trkpt lat="-33.928983" lon="18.435296">
				 <ele>18.4</ele>
			 </trkpt>
			 <trkpt lat="-33.929396" lon="18.435751">
				 <ele>19.9</ele>
			 </trkpt>
			 <trkpt lat="-33.929842" lon="18.436249">
				 <ele>21.4</ele>
			 </trkpt>
			 <trkpt lat="-33.930072" lon="18.436503">
				 <ele>22.7</ele>
			 </trkpt>
			 <trkpt lat="-33.93031" lon="18.436816">
				 <ele>24.2</ele>
			 </trkpt>
			 <trkpt lat="-33.930529" lon="18.437125">
				 <ele>25.5</ele>
			 </trkpt>
			 <trkpt lat="-33.930755" lon="18.437451">
				 <ele>26.8</ele>
			 </trkpt>
			 <trkpt lat="-33.930974" lon="18.437842">
				 <ele>28.1</ele>
			 </trkpt>
			 <trkpt lat="-33.931115" lon="18.438127">
				 <ele>29.5</ele>
			 </trkpt>
			 <trkpt lat="-33.931291" lon="18.438499">
				 <ele>30.9</ele>
			 </trkpt>
			 <trkpt lat="-33.93144" lon="18.438893">
				 <ele>32.3</ele>
			 </trkpt>
			 <trkpt lat="-33.931531" lon="18.439198">
				 <ele>33.2</ele>
			 </trkpt>
			 <trkpt lat="-33.931593" lon="18.439447">
				 <ele>33.5</ele>
			 </trkpt>
			 <trkpt lat="-33.931647" lon="18.43968">
				 <ele>33.6</ele>
			 </trkpt>
			 <trkpt lat="-33.931692" lon="18.439898">
				 <ele>33.6</ele>
			 </trkpt>
			 <trkpt lat="-33.931722" lon="18.440153">
				 <ele>33.5</ele>
			 </trkpt>
			 <trkpt lat="-33.931724" lon="18.440366">
				 <ele>33.2</ele>
			 </trkpt>
			 <trkpt lat="-33.931671" lon="18.440517">
				 <ele>32.6</ele>
			 </trkpt>
			 <trkpt lat="-33.931527" lon="18.440574">
				 <ele>31.7</ele>
			 </trkpt>
			 <trkpt lat="-33.931336" lon="18.440593">
				 <ele>30.6</ele>
			 </trkpt>
			 <trkpt lat="-33.930899" lon="18.440618">
				 <ele>29.3</ele>
			 </trkpt>
			 <trkpt lat="-33.93048" lon="18.440639">
				 <ele>27.9</ele>
			 </trkpt>
			 <trkpt lat="-33.930216" lon="18.440669">
				 <ele>26.5</ele>
			 </trkpt>
			 <trkpt lat="-33.929907" lon="18.440688">
				 <ele>25.2</ele>
			 </trkpt>
			 <trkpt lat="-33.929554" lon="18.440705">
				 <ele>24</ele>
			 </trkpt>
			 <trkpt lat="-33.92914" lon="18.440738">
				 <ele>22.9</ele>
			 </trkpt>
			 <trkpt lat="-33.928674" lon="18.440777">
				 <ele>21.8</ele>
			 </trkpt>
			 <trkpt lat="-33.928201" lon="18.440815">
				 <ele>20.8</ele>
			 </trkpt>
			 <trkpt lat="-33.928082" lon="18.440819">
				 <ele>19.8</ele>
			 </trkpt>
			 <trkpt lat="-33.927976" lon="18.440837">
				 <ele>18.8</ele>
			 </trkpt>
			 <trkpt lat="-33.92789" lon="18.44086">
				 <ele>18</ele>
			 </trkpt>
			 <trkpt lat="-33.927855" lon="18.440905">
				 <ele>17.5</ele>
			 </trkpt>
			 <trkpt lat="-33.927839" lon="18.440974">
				 <ele>16.6</ele>
			 </trkpt>
			 <trkpt lat="-33.927837" lon="18.441112">
				 <ele>16</ele>
			 </trkpt>
			 <trkpt lat="-33.927917" lon="18.441736">
				 <ele>15.5</ele>
			 </trkpt>
			 <trkpt lat="-33.927953" lon="18.442082">
				 <ele>15.1</ele>
			 </trkpt>
			 <trkpt lat="-33.928024" lon="18.442458">
				 <ele>14.7</ele>
			 </trkpt>
			 <trkpt lat="-33.928113" lon="18.443017">
				 <ele>14.5</ele>
			 </trkpt>
			 <trkpt lat="-33.928204" lon="18.443486">
				 <ele>14.1</ele>
			 </trkpt>
			 <trkpt lat="-33.928245" lon="18.443664">
				 <ele>13.6</ele>
			 </trkpt>
			 <trkpt lat="-33.928363" lon="18.444182">
				 <ele>13.3</ele>
			 </trkpt>
			 <trkpt lat="-33.928463" lon="18.444583">
				 <ele>12.7</ele>
			 </trkpt>
			 <trkpt lat="-33.928555" lon="18.444953">
				 <ele>12.2</ele>
			 </trkpt>
			 <trkpt lat="-33.928617" lon="18.445277">
				 <ele>12.1</ele>
			 </trkpt>
			 <trkpt lat="-33.928685" lon="18.445584">
				 <ele>12.4</ele>
			 </trkpt>
			 <trkpt lat="-33.928733" lon="18.445848">
				 <ele>12.5</ele>
			 </trkpt>
			 <trkpt lat="-33.928798" lon="18.446152">
				 <ele>12.7</ele>
			 </trkpt>
			 <trkpt lat="-33.928855" lon="18.446452">
				 <ele>12.9</ele>
			 </trkpt>
			 <trkpt lat="-33.928911" lon="18.446716">
				 <ele>13.2</ele>
			 </trkpt>
			 <trkpt lat="-33.928983" lon="18.447069">
				 <ele>13.6</ele>
			 </trkpt>
			 <trkpt lat="-33.929038" lon="18.447283">
				 <ele>14.4</ele>
			 </trkpt>
			 <trkpt lat="-33.929082" lon="18.447472">
				 <ele>15.2</ele>
			 </trkpt>
			 <trkpt lat="-33.929161" lon="18.447887">
				 <ele>16</ele>
			 </trkpt>
			 <trkpt lat="-33.929218" lon="18.448141">
				 <ele>16.6</ele>
			 </trkpt>
			 <trkpt lat="-33.929278" lon="18.448471">
				 <ele>17.2</ele>
			 </trkpt>
			 <trkpt lat="-33.929347" lon="18.448788">
				 <ele>17.5</ele>
			 </trkpt>
			 <trkpt lat="-33.929398" lon="18.44902">
				 <ele>17.9</ele>
			 </trkpt>
			 <trkpt lat="-33.929429" lon="18.449138">
				 <ele>18.2</ele>
			 </trkpt>
			 <trkpt lat="-33.929496" lon="18.449475">
				 <ele>18.5</ele>
			 </trkpt>
			 <trkpt lat="-33.929587" lon="18.449845">
				 <ele>18.5</ele>
			 </trkpt>
			 <trkpt lat="-33.929664" lon="18.450173">
				 <ele>18.6</ele>
			 </trkpt>
			 <trkpt lat="-33.929744" lon="18.45052">
				 <ele>18.5</ele>
			 </trkpt>
			 <trkpt lat="-33.92983" lon="18.450889">
				 <ele>18.5</ele>
			 </trkpt>
			 <trkpt lat="-33.929876" lon="18.451063">
				 <ele>18.5</ele>
			 </trkpt>
			 <trkpt lat="-33.929907" lon="18.451155">
				 <ele>18.6</ele>
			 </trkpt>
			 <trkpt lat="-33.929994" lon="18.451421">
				 <ele>18.9</ele>
			 </trkpt>
			 <trkpt lat="-33.930136" lon="18.451851">
				 <ele>19.3</ele>
			 </trkpt>
			 <trkpt lat="-33.93025" lon="18.452219">
				 <ele>19.8</ele>
			 </trkpt>
			 <trkpt lat="-33.930397" lon="18.45267">
				 <ele>20.3</ele>
			 </trkpt>
			 <trkpt lat="-33.930439" lon="18.452786">
				 <ele>20.7</ele>
			 </trkpt>
			 <trkpt lat="-33.930526" lon="18.453055">
				 <ele>21.3</ele>
			 </trkpt>
			 <trkpt lat="-33.930596" lon="18.453268">
				 <ele>21.8</ele>
			 </trkpt>
			 <trkpt lat="-33.93072" lon="18.453667">
				 <ele>22.5</ele>
			 </trkpt>
			 <trkpt lat="-33.930864" lon="18.454048">
				 <ele>23.1</ele>
			 </trkpt>
			 <trkpt lat="-33.931019" lon="18.454476">
				 <ele>23.7</ele>
			 </trkpt>
			 <trkpt lat="-33.931115" lon="18.454731">
				 <ele>24.5</ele>
			 </trkpt>
			 <trkpt lat="-33.931217" lon="18.455001">
				 <ele>25.3</ele>
			 </trkpt>
			 <trkpt lat="-33.931352" lon="18.455319">
				 <ele>25.9</ele>
			 </trkpt>
			 <trkpt lat="-33.931432" lon="18.455508">
				 <ele>26.5</ele>
			 </trkpt>
			 <trkpt lat="-33.931705" lon="18.455973">
				 <ele>27.2</ele>
			 </trkpt>
			 <trkpt lat="-33.931881" lon="18.456242">
				 <ele>27.9</ele>
			 </trkpt>
			 <trkpt lat="-33.932015" lon="18.456448">
				 <ele>28.7</ele>
			 </trkpt>
			 <trkpt lat="-33.932209" lon="18.456706">
				 <ele>29.5</ele>
			 </trkpt>
			 <trkpt lat="-33.932444" lon="18.457042">
				 <ele>30.1</ele>
			 </trkpt>
			 <trkpt lat="-33.932699" lon="18.457393">
				 <ele>30.5</ele>
			 </trkpt>
			 <trkpt lat="-33.932765" lon="18.457481">
				 <ele>30.7</ele>
			 </trkpt>
			 <trkpt lat="-33.93298" lon="18.457788">
				 <ele>30.8</ele>
			 </trkpt>
			 <trkpt lat="-33.933267" lon="18.45818">
				 <ele>30.9</ele>
			 </trkpt>
			 <trkpt lat="-33.933468" lon="18.458464">
				 <ele>31</ele>
			 </trkpt>
			 <trkpt lat="-33.933766" lon="18.458898">
				 <ele>31.1</ele>
			 </trkpt>
			 <trkpt lat="-33.933967" lon="18.459181">
				 <ele>31.1</ele>
			 </trkpt>
			 <trkpt lat="-33.934238" lon="18.459543">
				 <ele>31</ele>
			 </trkpt>
			 <trkpt lat="-33.934597" lon="18.460032">
				 <ele>30.8</ele>
			 </trkpt>
			 <trkpt lat="-33.934844" lon="18.460365">
				 <ele>30.8</ele>
			 </trkpt>
			 <trkpt lat="-33.935176" lon="18.460781">
				 <ele>31.1</ele>
			 </trkpt>
			 <trkpt lat="-33.935357" lon="18.461014">
				 <ele>31.4</ele>
			 </trkpt>
			 <trkpt lat="-33.935657" lon="18.461396">
				 <ele>31.6</ele>
			 </trkpt>
			 <trkpt lat="-33.935992" lon="18.46181">
				 <ele>32</ele>
			 </trkpt>
			 <trkpt lat="-33.936543" lon="18.462463">
				 <ele>32.3</ele>
			 </trkpt>
			 <trkpt lat="-33.936676" lon="18.46262">
				 <ele>32.6</ele>
			 </trkpt>
			 <trkpt lat="-33.937099" lon="18.463161">
				 <ele>33.1</ele>
			 </trkpt>
			 <trkpt lat="-33.937428" lon="18.463572">
				 <ele>33.5</ele>
			 </trkpt>
			 <trkpt lat="-33.937857" lon="18.464029">
				 <ele>34</ele>
			 </trkpt>
			 <trkpt lat="-33.938122" lon="18.464262">
				 <ele>34.5</ele>
			 </trkpt>
			 <trkpt lat="-33.938365" lon="18.464482">
				 <ele>34.8</ele>
			 </trkpt>
			 <trkpt lat="-33.938548" lon="18.464627">
				 <ele>35</ele>
			 </trkpt>
			 <trkpt lat="-33.93909" lon="18.465074">
				 <ele>35.2</ele>
			 </trkpt>
			 <trkpt lat="-33.939225" lon="18.465184">
				 <ele>35.5</ele>
			 </trkpt>
			 <trkpt lat="-33.939327" lon="18.465284">
				 <ele>35.5</ele>
			 </trkpt>
			 <trkpt lat="-33.939723" lon="18.465648">
				 <ele>35.5</ele>
			 </trkpt>
			 <trkpt lat="-33.940073" lon="18.465945">
				 <ele>35.1</ele>
			 </trkpt>
			 <trkpt lat="-33.94053" lon="18.466323">
				 <ele>34.5</ele>
			 </trkpt>
			 <trkpt lat="-33.940902" lon="18.466655">
				 <ele>33.8</ele>
			 </trkpt>
			 <trkpt lat="-33.941081" lon="18.466813">
				 <ele>32.9</ele>
			 </trkpt>
			 <trkpt lat="-33.941525" lon="18.467192">
				 <ele>31.8</ele>
			 </trkpt>
			 <trkpt lat="-33.941944" lon="18.467554">
				 <ele>30.8</ele>
			 </trkpt>
			 <trkpt lat="-33.942359" lon="18.467887">
				 <ele>29.8</ele>
			 </trkpt>
			 <trkpt lat="-33.942875" lon="18.468311">
				 <ele>29.1</ele>
			 </trkpt>
			 <trkpt lat="-33.942984" lon="18.468374">
				 <ele>28.3</ele>
			 </trkpt>
			 <trkpt lat="-33.943109" lon="18.468447">
				 <ele>27.4</ele>
			 </trkpt>
			 <trkpt lat="-33.943278" lon="18.468543">
				 <ele>26.5</ele>
			 </trkpt>
			 <trkpt lat="-33.943584" lon="18.468693">
				 <ele>25.7</ele>
			 </trkpt>
			 <trkpt lat="-33.943934" lon="18.468867">
				 <ele>25.2</ele>
			 </trkpt>
			 <trkpt lat="-33.944208" lon="18.469037">
				 <ele>24.9</ele>
			 </trkpt>
			 <trkpt lat="-33.944645" lon="18.469263">
				 <ele>24.8</ele>
			 </trkpt>
			 <trkpt lat="-33.944963" lon="18.469453">
				 <ele>24.9</ele>
			 </trkpt>
			 <trkpt lat="-33.945315" lon="18.469633">
				 <ele>25.3</ele>
			 </trkpt>
			 <trkpt lat="-33.945788" lon="18.469884">
				 <ele>25.5</ele>
			 </trkpt>
			 <trkpt lat="-33.946038" lon="18.469996">
				 <ele>25.7</ele>
			 </trkpt>
			 <trkpt lat="-33.946328" lon="18.470155">
				 <ele>26</ele>
			 </trkpt>
			 <trkpt lat="-33.946543" lon="18.470262">
				 <ele>26.4</ele>
			 </trkpt>
			 <trkpt lat="-33.946905" lon="18.470467">
				 <ele>26.8</ele>
			 </trkpt>
			 <trkpt lat="-33.947281" lon="18.470654">
				 <ele>27.3</ele>
			 </trkpt>
			 <trkpt lat="-33.947655" lon="18.470836">
				 <ele>27.6</ele>
			 </trkpt>
			 <trkpt lat="-33.948001" lon="18.471017">
				 <ele>28</ele>
			 </trkpt>
			 <trkpt lat="-33.948373" lon="18.471205">
				 <ele>28.3</ele>
			 </trkpt>
			 <trkpt lat="-33.948537" lon="18.47129">
				 <ele>28.3</ele>
			 </trkpt>
			 <trkpt lat="-33.948848" lon="18.471449">
				 <ele>27.8</ele>
			 </trkpt>
			 <trkpt lat="-33.949123" lon="18.471557">
				 <ele>27.4</ele>
			 </trkpt>
			 <trkpt lat="-33.949441" lon="18.471691">
				 <ele>26.9</ele>
			 </trkpt>
			 <trkpt lat="-33.949713" lon="18.471751">
				 <ele>26.5</ele>
			 </trkpt>
			 <trkpt lat="-33.950134" lon="18.471825">
				 <ele>25.8</ele>
			 </trkpt>
			 <trkpt lat="-33.950486" lon="18.471855">
				 <ele>25.3</ele>
			 </trkpt>
			 <trkpt lat="-33.950718" lon="18.471869">
				 <ele>24.7</ele>
			 </trkpt>
			 <trkpt lat="-33.951039" lon="18.471893">
				 <ele>24.1</ele>
			 </trkpt>
			 <trkpt lat="-33.951352" lon="18.471902">
				 <ele>23.4</ele>
			 </trkpt>
			 <trkpt lat="-33.951836" lon="18.471939">
				 <ele>22.6</ele>
			 </trkpt>
			 <trkpt lat="-33.952217" lon="18.471956">
				 <ele>22.1</ele>
			 </trkpt>
			 <trkpt lat="-33.952478" lon="18.471971">
				 <ele>22.3</ele>
			 </trkpt>
			 <trkpt lat="-33.953128" lon="18.471995">
				 <ele>22.5</ele>
			 </trkpt>
			 <trkpt lat="-33.953618" lon="18.471994">
				 <ele>22</ele>
			 </trkpt>
			 <trkpt lat="-33.95396" lon="18.471939">
				 <ele>21.2</ele>
			 </trkpt>
			 <trkpt lat="-33.954255" lon="18.47189">
				 <ele>20.6</ele>
			 </trkpt>
			 <trkpt lat="-33.954819" lon="18.471747">
				 <ele>20.4</ele>
			 </trkpt>
			 <trkpt lat="-33.955348" lon="18.471621">
				 <ele>20.1</ele>
			 </trkpt>
			 <trkpt lat="-33.955661" lon="18.471553">
				 <ele>19.7</ele>
			 </trkpt>
			 <trkpt lat="-33.955896" lon="18.471495">
				 <ele>19.5</ele>
			 </trkpt>
			 <trkpt lat="-33.956258" lon="18.471407">
				 <ele>19.2</ele>
			 </trkpt>
			 <trkpt lat="-33.956853" lon="18.471237">
				 <ele>18.8</ele>
			 </trkpt>
			 <trkpt lat="-33.957226" lon="18.471129">
				 <ele>17.8</ele>
			 </trkpt>
			 <trkpt lat="-33.957656" lon="18.471017">
				 <ele>16.8</ele>
			 </trkpt>
			 <trkpt lat="-33.957872" lon="18.470956">
				 <ele>16.5</ele>
			 </trkpt>
			 <trkpt lat="-33.958066" lon="18.470923">
				 <ele>16.7</ele>
			 </trkpt>
			 <trkpt lat="-33.958373" lon="18.470877">
				 <ele>16.8</ele>
			 </trkpt>
			 <trkpt lat="-33.958886" lon="18.470787">
				 <ele>16.6</ele>
			 </trkpt>
			 <trkpt lat="-33.959059" lon="18.470749">
				 <ele>16.4</ele>
			 </trkpt>
			 <trkpt lat="-33.959262" lon="18.470654">
				 <ele>16.3</ele>
			 </trkpt>
			 <trkpt lat="-33.959694" lon="18.470392">
				 <ele>16.1</ele>
			 </trkpt>
			 <trkpt lat="-33.959984" lon="18.470206">
				 <ele>15.9</ele>
			 </trkpt>
			 <trkpt lat="-33.960152" lon="18.470095">
				 <ele>15.9</ele>
			 </trkpt>
			 <trkpt lat="-33.960253" lon="18.470045">
				 <ele>16.1</ele>
			 </trkpt>
			 <trkpt lat="-33.960468" lon="18.470005">
				 <ele>16.3</ele>
			 </trkpt>
			 <trkpt lat="-33.960595" lon="18.46998">
				 <ele>16.4</ele>
			 </trkpt>
			 <trkpt lat="-33.960782" lon="18.469958">
				 <ele>16.5</ele>
			 </trkpt>
			 <trkpt lat="-33.9612" lon="18.469925">
				 <ele>16.6</ele>
			 </trkpt>
			 <trkpt lat="-33.961486" lon="18.469891">
				 <ele>16.9</ele>
			 </trkpt>
			 <trkpt lat="-33.961734" lon="18.469857">
				 <ele>17.3</ele>
			 </trkpt>
			 <trkpt lat="-33.961937" lon="18.469821">
				 <ele>17.5</ele>
			 </trkpt>
			 <trkpt lat="-33.962121" lon="18.469739">
				 <ele>18</ele>
			 </trkpt>
			 <trkpt lat="-33.962327" lon="18.469619">
				 <ele>18.5</ele>
			 </trkpt>
			 <trkpt lat="-33.962491" lon="18.469505">
				 <ele>18.9</ele>
			 </trkpt>
			 <trkpt lat="-33.962652" lon="18.46934">
				 <ele>19.4</ele>
			 </trkpt>
			 <trkpt lat="-33.962951" lon="18.469003">
				 <ele>19.7</ele>
			 </trkpt>
			 <trkpt lat="-33.963193" lon="18.468735">
				 <ele>20.1</ele>
			 </trkpt>
			 <trkpt lat="-33.963311" lon="18.468615">
				 <ele>20.4</ele>
			 </trkpt>
			 <trkpt lat="-33.963411" lon="18.468519">
				 <ele>20.6</ele>
			 </trkpt>
			 <trkpt lat="-33.963559" lon="18.468419">
				 <ele>20.8</ele>
			 </trkpt>
			 <trkpt lat="-33.963804" lon="18.468291">
				 <ele>21.1</ele>
			 </trkpt>
			 <trkpt lat="-33.964144" lon="18.468127">
				 <ele>21.5</ele>
			 </trkpt>
			 <trkpt lat="-33.964418" lon="18.468001">
				 <ele>22</ele>
			 </trkpt>
			 <trkpt lat="-33.964696" lon="18.467863">
				 <ele>22.4</ele>
			 </trkpt>
			 <trkpt lat="-33.964931" lon="18.467758">
				 <ele>22.5</ele>
			 </trkpt>
			 <trkpt lat="-33.965276" lon="18.467598">
				 <ele>22.6</ele>
			 </trkpt>
			 <trkpt lat="-33.965576" lon="18.467445">
				 <ele>22.9</ele>
			 </trkpt>
			 <trkpt lat="-33.965857" lon="18.467306">
				 <ele>23.2</ele>
			 </trkpt>
			 <trkpt lat="-33.966271" lon="18.467114">
				 <ele>23.5</ele>
			 </trkpt>
			 <trkpt lat="-33.966488" lon="18.467017">
				 <ele>24</ele>
			 </trkpt>
			 <trkpt lat="-33.966785" lon="18.466865">
				 <ele>24.7</ele>
			 </trkpt>
			 <trkpt lat="-33.967113" lon="18.466697">
				 <ele>25.4</ele>
			 </trkpt>
			 <trkpt lat="-33.96743" lon="18.466569">
				 <ele>26</ele>
			 </trkpt>
			 <trkpt lat="-33.968073" lon="18.466315">
				 <ele>26.3</ele>
			 </trkpt>
			 <trkpt lat="-33.968894" lon="18.466006">
				 <ele>26.5</ele>
			 </trkpt>
			 <trkpt lat="-33.96943" lon="18.465794">
				 <ele>26.6</ele>
			 </trkpt>
			 <trkpt lat="-33.969917" lon="18.465604">
				 <ele>26.9</ele>
			 </trkpt>
			 <trkpt lat="-33.970366" lon="18.465436">
				 <ele>27.1</ele>
			 </trkpt>
			 <trkpt lat="-33.97099" lon="18.465216">
				 <ele>27.3</ele>
			 </trkpt>
			 <trkpt lat="-33.971524" lon="18.465022">
				 <ele>27.3</ele>
			 </trkpt>
			 <trkpt lat="-33.971748" lon="18.464939">
				 <ele>27.1</ele>
			 </trkpt>
			 <trkpt lat="-33.972127" lon="18.464798">
				 <ele>27</ele>
			 </trkpt>
			 <trkpt lat="-33.972477" lon="18.464675">
				 <ele>26.9</ele>
			 </trkpt>
			 <trkpt lat="-33.972705" lon="18.464609">
				 <ele>26.7</ele>
			 </trkpt>
			 <trkpt lat="-33.973055" lon="18.464521">
				 <ele>26.8</ele>
			 </trkpt>
			 <trkpt lat="-33.973285" lon="18.464468">
				 <ele>27.1</ele>
			 </trkpt>
			 <trkpt lat="-33.973788" lon="18.464419">
				 <ele>27.5</ele>
			 </trkpt>
			 <trkpt lat="-33.973979" lon="18.464416">
				 <ele>27.7</ele>
			 </trkpt>
			 <trkpt lat="-33.974303" lon="18.464423">
				 <ele>28.1</ele>
			 </trkpt>
			 <trkpt lat="-33.974475" lon="18.464439">
				 <ele>28.5</ele>
			 </trkpt>
			 <trkpt lat="-33.974602" lon="18.464459">
				 <ele>29</ele>
			 </trkpt>
			 <trkpt lat="-33.974698" lon="18.464535">
				 <ele>29.5</ele>
			 </trkpt>
			 <trkpt lat="-33.974734" lon="18.464632">
				 <ele>29.7</ele>
			 </trkpt>
			 <trkpt lat="-33.974774" lon="18.464788">
				 <ele>29.8</ele>
			 </trkpt>
			 <trkpt lat="-33.974831" lon="18.465031">
				 <ele>29.9</ele>
			 </trkpt>
			 <trkpt lat="-33.974902" lon="18.465298">
				 <ele>30</ele>
			 </trkpt>
			 <trkpt lat="-33.974986" lon="18.465552">
				 <ele>30.2</ele>
			 </trkpt>
			 <trkpt lat="-33.975151" lon="18.465907">
				 <ele>30.5</ele>
			 </trkpt>
			 <trkpt lat="-33.975347" lon="18.466145">
				 <ele>30.7</ele>
			 </trkpt>
			 <trkpt lat="-33.975547" lon="18.466332">
				 <ele>30.9</ele>
			 </trkpt>
			 <trkpt lat="-33.975698" lon="18.466484">
				 <ele>31</ele>
			 </trkpt>
			 <trkpt lat="-33.975854" lon="18.466583">
				 <ele>31.1</ele>
			 </trkpt>
			 <trkpt lat="-33.976095" lon="18.466697">
				 <ele>31.2</ele>
			 </trkpt>
			 <trkpt lat="-33.976303" lon="18.466773">
				 <ele>31.3</ele>
			 </trkpt>
			 <trkpt lat="-33.976524" lon="18.466828">
				 <ele>31.5</ele>
			 </trkpt>
			 <trkpt lat="-33.976722" lon="18.466858">
				 <ele>31.5</ele>
			 </trkpt>
			 <trkpt lat="-33.97698" lon="18.46688">
				 <ele>31.6</ele>
			 </trkpt>
			 <trkpt lat="-33.97723" lon="18.466878">
				 <ele>31.8</ele>
			 </trkpt>
			 <trkpt lat="-33.97745" lon="18.466858">
				 <ele>31.9</ele>
			 </trkpt>
			 <trkpt lat="-33.97774" lon="18.466845">
				 <ele>31.7</ele>
			 </trkpt>
			 <trkpt lat="-33.978354" lon="18.46683">
				 <ele>31.5</ele>
			 </trkpt>
			 <trkpt lat="-33.978913" lon="18.466807">
				 <ele>31.5</ele>
			 </trkpt>
			 <trkpt lat="-33.979222" lon="18.466796">
				 <ele>31.4</ele>
			 </trkpt>
			 <trkpt lat="-33.9798" lon="18.46678">
				 <ele>31.4</ele>
			 </trkpt>
			 <trkpt lat="-33.980227" lon="18.46676">
				 <ele>31.4</ele>
			 </trkpt>
			 <trkpt lat="-33.980529" lon="18.466759">
				 <ele>31.4</ele>
			 </trkpt>
			 <trkpt lat="-33.980754" lon="18.466768">
				 <ele>31.5</ele>
			 </trkpt>
			 <trkpt lat="-33.981161" lon="18.466778">
				 <ele>31.5</ele>
			 </trkpt>
			 <trkpt lat="-33.981449" lon="18.466805">
				 <ele>31.5</ele>
			 </trkpt>
			 <trkpt lat="-33.981723" lon="18.466854">
				 <ele>31.5</ele>
			 </trkpt>
			 <trkpt lat="-33.981976" lon="18.46693">
				 <ele>31.8</ele>
			 </trkpt>
			 <trkpt lat="-33.982208" lon="18.467017">
				 <ele>32</ele>
			 </trkpt>
			 <trkpt lat="-33.982337" lon="18.467061">
				 <ele>32.3</ele>
			 </trkpt>
			 <trkpt lat="-33.982518" lon="18.467132">
				 <ele>32.5</ele>
			 </trkpt>
			 <trkpt lat="-33.982627" lon="18.467162">
				 <ele>32.5</ele>
			 </trkpt>
			 <trkpt lat="-33.982842" lon="18.467148">
				 <ele>32.7</ele>
			 </trkpt>
			 <trkpt lat="-33.98309" lon="18.467108">
				 <ele>32.8</ele>
			 </trkpt>
			 <trkpt lat="-33.983229" lon="18.467082">
				 <ele>32.8</ele>
			 </trkpt>
			 <trkpt lat="-33.983277" lon="18.467084">
				 <ele>32.7</ele>
			 </trkpt>
			 <trkpt lat="-33.983347" lon="18.467139">
				 <ele>32.5</ele>
			 </trkpt>
			 <trkpt lat="-33.98338" lon="18.467233">
				 <ele>32.2</ele>
			 </trkpt>
			 <trkpt lat="-33.983335" lon="18.46743">
				 <ele>31.9</ele>
			 </trkpt>
			 <trkpt lat="-33.983273" lon="18.46763">
				 <ele>31.7</ele>
			 </trkpt>
			 <trkpt lat="-33.983216" lon="18.467785">
				 <ele>31.5</ele>
			 </trkpt>
			 <trkpt lat="-33.983152" lon="18.467913">
				 <ele>31.4</ele>
			 </trkpt>
			 <trkpt lat="-33.983072" lon="18.467994">
				 <ele>31.2</ele>
			 </trkpt>
			 <trkpt lat="-33.983017" lon="18.468045">
				 <ele>31</ele>
			 </trkpt>
			 <trkpt lat="-33.982954" lon="18.468063">
				 <ele>30.9</ele>
			 </trkpt>
			 <trkpt lat="-33.982905" lon="18.468032">
				 <ele>30.9</ele>
			 </trkpt>
			 <trkpt lat="-33.982822" lon="18.467903">
				 <ele>30.9</ele>
			 </trkpt>
			 <trkpt lat="-33.982749" lon="18.467773">
				 <ele>30.9</ele>
			 </trkpt>
			 <trkpt lat="-33.982634" lon="18.467637">
				 <ele>30.9</ele>
			 </trkpt>
			 <trkpt lat="-33.982471" lon="18.467497">
				 <ele>30.9</ele>
			 </trkpt>
			 <trkpt lat="-33.982341" lon="18.467434">
				 <ele>30.9</ele>
			 </trkpt>
			 <trkpt lat="-33.98219" lon="18.467424">
				 <ele>30.6</ele>
			 </trkpt>
			 <trkpt lat="-33.982013" lon="18.467443">
				 <ele>30.3</ele>
			 </trkpt>
			 <trkpt lat="-33.981972" lon="18.46746">
				 <ele>29.9</ele>
			 </trkpt>
			 <trkpt lat="-33.981683" lon="18.467572">
				 <ele>29.5</ele>
			 </trkpt>
			 <trkpt lat="-33.981369" lon="18.467703">
				 <ele>29.1</ele>
			 </trkpt>
			 <trkpt lat="-33.980841" lon="18.467959">
				 <ele>28.6</ele>
			 </trkpt>
			 <trkpt lat="-33.980373" lon="18.468189">
				 <ele>28.4</ele>
			 </trkpt>
			 <trkpt lat="-33.980002" lon="18.468367">
				 <ele>28.2</ele>
			 </trkpt>
			 <trkpt lat="-33.97953" lon="18.468642">
				 <ele>28</ele>
			 </trkpt>
			 <trkpt lat="-33.979314" lon="18.468785">
				 <ele>27.9</ele>
			 </trkpt>
			 <trkpt lat="-33.979004" lon="18.469019">
				 <ele>27.9</ele>
			 </trkpt>
			 <trkpt lat="-33.978764" lon="18.469184">
				 <ele>28.1</ele>
			 </trkpt>
			 <trkpt lat="-33.978484" lon="18.469395">
				 <ele>28.5</ele>
			 </trkpt>
			 <trkpt lat="-33.978137" lon="18.469655">
				 <ele>28.9</ele>
			 </trkpt>
			 <trkpt lat="-33.977929" lon="18.469812">
				 <ele>29.3</ele>
			 </trkpt>
			 <trkpt lat="-33.977607" lon="18.470062">
				 <ele>29.6</ele>
			 </trkpt>
			 <trkpt lat="-33.977417" lon="18.470203">
				 <ele>30</ele>
			 </trkpt>
			 <trkpt lat="-33.977161" lon="18.470411">
				 <ele>30.3</ele>
			 </trkpt>
			 <trkpt lat="-33.976895" lon="18.470617">
				 <ele>30.5</ele>
			 </trkpt>
			 <trkpt lat="-33.976621" lon="18.470814">
				 <ele>30.7</ele>
			 </trkpt>
			 <trkpt lat="-33.976447" lon="18.470932">
				 <ele>30.8</ele>
			 </trkpt>
			 <trkpt lat="-33.976286" lon="18.471027">
				 <ele>30.7</ele>
			 </trkpt>
			 <trkpt lat="-33.976042" lon="18.471155">
				 <ele>30.7</ele>
			 </trkpt>
			 <trkpt lat="-33.975938" lon="18.471218">
				 <ele>30.5</ele>
			 </trkpt>
			 <trkpt lat="-33.975778" lon="18.471292">
				 <ele>30.2</ele>
			 </trkpt>
			 <trkpt lat="-33.975605" lon="18.471371">
				 <ele>29.9</ele>
			 </trkpt>
			 <trkpt lat="-33.975216" lon="18.471569">
				 <ele>29.7</ele>
			 </trkpt>
			 <trkpt lat="-33.974943" lon="18.471709">
				 <ele>29.6</ele>
			 </trkpt>
			 <trkpt lat="-33.974651" lon="18.471852">
				 <ele>29.5</ele>
			 </trkpt>
			 <trkpt lat="-33.974265" lon="18.472048">
				 <ele>29.5</ele>
			 </trkpt>
			 <trkpt lat="-33.974005" lon="18.472179">
				 <ele>29.5</ele>
			 </trkpt>
			 <trkpt lat="-33.973535" lon="18.472392">
				 <ele>29.4</ele>
			 </trkpt>
			 <trkpt lat="-33.973246" lon="18.472542">
				 <ele>29.4</ele>
			 </trkpt>
			 <trkpt lat="-33.972988" lon="18.472657">
				 <ele>29.3</ele>
			 </trkpt>
			 <trkpt lat="-33.972833" lon="18.472728">
				 <ele>29.3</ele>
			 </trkpt>
			 <trkpt lat="-33.97266" lon="18.472804">
				 <ele>29.3</ele>
			 </trkpt>
			 <trkpt lat="-33.972506" lon="18.472863">
				 <ele>29</ele>
			 </trkpt>
			 <trkpt lat="-33.972383" lon="18.472912">
				 <ele>28.6</ele>
			 </trkpt>
			 <trkpt lat="-33.972202" lon="18.472973">
				 <ele>28.3</ele>
			 </trkpt>
			 <trkpt lat="-33.971852" lon="18.473073">
				 <ele>27.8</ele>
			 </trkpt>
			 <trkpt lat="-33.971441" lon="18.473207">
				 <ele>27.2</ele>
			 </trkpt>
			 <trkpt lat="-33.971042" lon="18.473338">
				 <ele>26.5</ele>
			 </trkpt>
			 <trkpt lat="-33.970423" lon="18.473536">
				 <ele>25.8</ele>
			 </trkpt>
			 <trkpt lat="-33.970063" lon="18.473671">
				 <ele>25.2</ele>
			 </trkpt>
			 <trkpt lat="-33.969755" lon="18.473781">
				 <ele>24.6</ele>
			 </trkpt>
			 <trkpt lat="-33.969143" lon="18.474013">
				 <ele>24.2</ele>
			 </trkpt>
			 <trkpt lat="-33.968839" lon="18.474139">
				 <ele>23.9</ele>
			 </trkpt>
			 <trkpt lat="-33.968641" lon="18.474224">
				 <ele>23.8</ele>
			 </trkpt>
			 <trkpt lat="-33.968322" lon="18.474357">
				 <ele>23.8</ele>
			 </trkpt>
			 <trkpt lat="-33.967955" lon="18.474504">
				 <ele>23.8</ele>
			 </trkpt>
			 <trkpt lat="-33.967517" lon="18.474697">
				 <ele>24.1</ele>
			 </trkpt>
			 <trkpt lat="-33.967068" lon="18.474877">
				 <ele>24.6</ele>
			 </trkpt>
			 <trkpt lat="-33.966679" lon="18.475044">
				 <ele>25.2</ele>
			 </trkpt>
			 <trkpt lat="-33.966283" lon="18.475205">
				 <ele>25.6</ele>
			 </trkpt>
			 <trkpt lat="-33.965874" lon="18.475368">
				 <ele>26</ele>
			 </trkpt>
			 <trkpt lat="-33.965231" lon="18.475633">
				 <ele>26.3</ele>
			 </trkpt>
			 <trkpt lat="-33.964526" lon="18.475933">
				 <ele>26.5</ele>
			 </trkpt>
			 <trkpt lat="-33.963986" lon="18.476229">
				 <ele>26.6</ele>
			 </trkpt>
			 <trkpt lat="-33.963807" lon="18.47631">
				 <ele>26.9</ele>
			 </trkpt>
			 <trkpt lat="-33.963717" lon="18.47636">
				 <ele>27.2</ele>
			 </trkpt>
			 <trkpt lat="-33.963695" lon="18.476431">
				 <ele>27.3</ele>
			 </trkpt>
			 <trkpt lat="-33.963695" lon="18.476503">
				 <ele>27.1</ele>
			 </trkpt>
			 <trkpt lat="-33.963728" lon="18.47667">
				 <ele>26.6</ele>
			 </trkpt>
			 <trkpt lat="-33.963795" lon="18.476935">
				 <ele>26.1</ele>
			 </trkpt>
			 <trkpt lat="-33.963929" lon="18.477358">
				 <ele>25.5</ele>
			 </trkpt>
			 <trkpt lat="-33.964067" lon="18.477785">
				 <ele>25</ele>
			 </trkpt>
			 <trkpt lat="-33.964266" lon="18.478466">
				 <ele>24.3</ele>
			 </trkpt>
			 <trkpt lat="-33.964476" lon="18.479008">
				 <ele>23.4</ele>
			 </trkpt>
			 <trkpt lat="-33.964679" lon="18.47952">
				 <ele>22.4</ele>
			 </trkpt>
			 <trkpt lat="-33.964838" lon="18.479894">
				 <ele>21.4</ele>
			 </trkpt>
			 <trkpt lat="-33.964981" lon="18.480153">
				 <ele>20.3</ele>
			 </trkpt>
			 <trkpt lat="-33.965132" lon="18.480435">
				 <ele>19.1</ele>
			 </trkpt>
			 <trkpt lat="-33.965278" lon="18.480677">
				 <ele>17.8</ele>
			 </trkpt>
			 <trkpt lat="-33.96549" lon="18.481036">
				 <ele>16.7</ele>
			 </trkpt>
			 <trkpt lat="-33.965811" lon="18.481525">
				 <ele>16.1</ele>
			 </trkpt>
			 <trkpt lat="-33.966052" lon="18.481871">
				 <ele>15.5</ele>
			 </trkpt>
			 <trkpt lat="-33.966218" lon="18.482143">
				 <ele>15</ele>
			 </trkpt>
			 <trkpt lat="-33.966352" lon="18.482423">
				 <ele>15</ele>
			 </trkpt>
			 <trkpt lat="-33.966507" lon="18.482742">
				 <ele>15.4</ele>
			 </trkpt>
			 <trkpt lat="-33.966772" lon="18.483333">
				 <ele>15.7</ele>
			 </trkpt>
			 <trkpt lat="-33.966931" lon="18.483705">
				 <ele>16.2</ele>
			 </trkpt>
			 <trkpt lat="-33.967117" lon="18.484138">
				 <ele>16.8</ele>
			 </trkpt>
			 <trkpt lat="-33.967264" lon="18.48449">
				 <ele>17.7</ele>
			 </trkpt>
			 <trkpt lat="-33.967402" lon="18.484851">
				 <ele>18.8</ele>
			 </trkpt>
			 <trkpt lat="-33.967558" lon="18.485232">
				 <ele>20</ele>
			 </trkpt>
			 <trkpt lat="-33.96769" lon="18.485564">
				 <ele>20.9</ele>
			 </trkpt>
			 <trkpt lat="-33.967746" lon="18.485697">
				 <ele>21.9</ele>
			 </trkpt>
			 <trkpt lat="-33.967916" lon="18.48611">
				 <ele>22.8</ele>
			 </trkpt>
			 <trkpt lat="-33.967993" lon="18.486308">
				 <ele>23.5</ele>
			 </trkpt>
			 <trkpt lat="-33.968122" lon="18.486622">
				 <ele>23.7</ele>
			 </trkpt>
			 <trkpt lat="-33.968238" lon="18.486904">
				 <ele>24</ele>
			 </trkpt>
			 <trkpt lat="-33.968496" lon="18.487562">
				 <ele>24.1</ele>
			 </trkpt>
			 <trkpt lat="-33.968699" lon="18.48805">
				 <ele>24.1</ele>
			 </trkpt>
			 <trkpt lat="-33.968902" lon="18.488597">
				 <ele>24.1</ele>
			 </trkpt>
			 <trkpt lat="-33.969221" lon="18.489397">
				 <ele>24.1</ele>
			 </trkpt>
			 <trkpt lat="-33.969191" lon="18.489458">
				 <ele>23.8</ele>
			 </trkpt>
			 <trkpt lat="-33.968521" lon="18.489992">
				 <ele>23.5</ele>
			 </trkpt>
			 <trkpt lat="-33.968466" lon="18.490032">
				 <ele>23.4</ele>
			 </trkpt>
			 <trkpt lat="-33.968162" lon="18.490258">
				 <ele>23.2</ele>
			 </trkpt>
			 <trkpt lat="-33.968005" lon="18.490382">
				 <ele>23</ele>
			 </trkpt>
			 <trkpt lat="-33.967508" lon="18.490726">
				 <ele>22.9</ele>
			 </trkpt>
			 <trkpt lat="-33.96731" lon="18.490885">
				 <ele>22.8</ele>
			 </trkpt>
			 <trkpt lat="-33.967086" lon="18.490995">
				 <ele>22.6</ele>
			 </trkpt>
			 <trkpt lat="-33.966994" lon="18.491031">
				 <ele>22.5</ele>
			 </trkpt>
			 <trkpt lat="-33.96691" lon="18.491052">
				 <ele>22.1</ele>
			 </trkpt>
			 <trkpt lat="-33.966775" lon="18.491054">
				 <ele>21.7</ele>
			 </trkpt>
			 <trkpt lat="-33.966625" lon="18.491039">
				 <ele>21.5</ele>
			 </trkpt>
			 <trkpt lat="-33.966515" lon="18.491012">
				 <ele>21.5</ele>
			 </trkpt>
			 <trkpt lat="-33.966365" lon="18.490946">
				 <ele>21.2</ele>
			 </trkpt>
			 <trkpt lat="-33.966225" lon="18.490844">
				 <ele>20.9</ele>
			 </trkpt>
			 <trkpt lat="-33.966119" lon="18.490703">
				 <ele>20.6</ele>
			 </trkpt>
			 <trkpt lat="-33.965992" lon="18.490568">
				 <ele>20.4</ele>
			 </trkpt>
			 <trkpt lat="-33.965714" lon="18.490355">
				 <ele>20</ele>
			 </trkpt>
			 <trkpt lat="-33.965525" lon="18.490188">
				 <ele>19.5</ele>
			 </trkpt>
			 <trkpt lat="-33.965233" lon="18.489937">
				 <ele>19</ele>
			 </trkpt>
			 <trkpt lat="-33.964972" lon="18.489712">
				 <ele>18.4</ele>
			 </trkpt>
			 <trkpt lat="-33.96465" lon="18.489424">
				 <ele>17.6</ele>
			 </trkpt>
			 <trkpt lat="-33.964451" lon="18.489235">
				 <ele>16.8</ele>
			 </trkpt>
			 <trkpt lat="-33.964236" lon="18.48904">
				 <ele>15.9</ele>
			 </trkpt>
			 <trkpt lat="-33.963738" lon="18.488625">
				 <ele>15</ele>
			 </trkpt>
			 <trkpt lat="-33.963316" lon="18.488257">
				 <ele>14.1</ele>
			 </trkpt>
			 <trkpt lat="-33.963131" lon="18.488114">
				 <ele>13.4</ele>
			 </trkpt>
			 <trkpt lat="-33.962845" lon="18.487947">
				 <ele>13</ele>
			 </trkpt>
			 <trkpt lat="-33.962715" lon="18.487875">
				 <ele>12.8</ele>
			 </trkpt>
			 <trkpt lat="-33.962428" lon="18.487728">
				 <ele>12.9</ele>
			 </trkpt>
			 <trkpt lat="-33.962273" lon="18.487606">
				 <ele>13.3</ele>
			 </trkpt>
			 <trkpt lat="-33.961759" lon="18.487061">
				 <ele>13.9</ele>
			 </trkpt>
			 <trkpt lat="-33.961344" lon="18.486627">
				 <ele>14.9</ele>
			 </trkpt>
			 <trkpt lat="-33.961111" lon="18.48638">
				 <ele>16</ele>
			 </trkpt>
			 <trkpt lat="-33.960863" lon="18.486138">
				 <ele>17</ele>
			 </trkpt>
			 <trkpt lat="-33.960696" lon="18.486015">
				 <ele>17.9</ele>
			 </trkpt>
			 <trkpt lat="-33.960415" lon="18.485863">
				 <ele>18.8</ele>
			 </trkpt>
			 <trkpt lat="-33.959919" lon="18.485611">
				 <ele>19.5</ele>
			 </trkpt>
			 <trkpt lat="-33.959785" lon="18.485545">
				 <ele>20.1</ele>
			 </trkpt>
			 <trkpt lat="-33.959572" lon="18.485447">
				 <ele>20.5</ele>
			 </trkpt>
			 <trkpt lat="-33.95929" lon="18.485334">
				 <ele>20.8</ele>
			 </trkpt>
			 <trkpt lat="-33.959116" lon="18.48528">
				 <ele>21.4</ele>
			 </trkpt>
			 <trkpt lat="-33.958924" lon="18.485262">
				 <ele>21.7</ele>
			 </trkpt>
			 <trkpt lat="-33.958638" lon="18.485273">
				 <ele>21.9</ele>
			 </trkpt>
			 <trkpt lat="-33.958383" lon="18.485283">
				 <ele>22</ele>
			 </trkpt>
			 <trkpt lat="-33.957643" lon="18.485357">
				 <ele>22.1</ele>
			 </trkpt>
			 <trkpt lat="-33.957001" lon="18.485408">
				 <ele>22.4</ele>
			 </trkpt>
			 <trkpt lat="-33.956225" lon="18.485484">
				 <ele>22.5</ele>
			 </trkpt>
			 <trkpt lat="-33.955703" lon="18.485539">
				 <ele>22.5</ele>
			 </trkpt>
			 <trkpt lat="-33.955323" lon="18.48558">
				 <ele>22.5</ele>
			 </trkpt>
			 <trkpt lat="-33.954853" lon="18.485628">
				 <ele>22.5</ele>
			 </trkpt>
			 <trkpt lat="-33.95441" lon="18.485685">
				 <ele>22.6</ele>
			 </trkpt>
			 <trkpt lat="-33.953829" lon="18.485773">
				 <ele>22.3</ele>
			 </trkpt>
			 <trkpt lat="-33.953348" lon="18.485874">
				 <ele>22</ele>
			 </trkpt>
			 <trkpt lat="-33.953057" lon="18.485951">
				 <ele>21.6</ele>
			 </trkpt>
			 <trkpt lat="-33.952757" lon="18.486033">
				 <ele>21.4</ele>
			 </trkpt>
			 <trkpt lat="-33.952468" lon="18.486122">
				 <ele>21.2</ele>
			 </trkpt>
			 <trkpt lat="-33.952331" lon="18.486156">
				 <ele>21.1</ele>
			 </trkpt>
			 <trkpt lat="-33.952257" lon="18.486177">
				 <ele>21.2</ele>
			 </trkpt>
			 <trkpt lat="-33.952186" lon="18.486173">
				 <ele>21.3</ele>
			 </trkpt>
			 <trkpt lat="-33.952143" lon="18.486132">
				 <ele>21.3</ele>
			 </trkpt>
			 <trkpt lat="-33.952084" lon="18.486022">
				 <ele>21.2</ele>
			 </trkpt>
			 <trkpt lat="-33.951967" lon="18.485783">
				 <ele>21.1</ele>
			 </trkpt>
			 <trkpt lat="-33.951861" lon="18.485587">
				 <ele>20.9</ele>
			 </trkpt>
			 <trkpt lat="-33.951808" lon="18.485507">
				 <ele>20.7</ele>
			 </trkpt>
			 <trkpt lat="-33.951671" lon="18.485274">
				 <ele>20.5</ele>
			 </trkpt>
			 <trkpt lat="-33.951505" lon="18.485004">
				 <ele>20.4</ele>
			 </trkpt>
			 <trkpt lat="-33.951368" lon="18.484771">
				 <ele>20.2</ele>
			 </trkpt>
			 <trkpt lat="-33.951212" lon="18.484504">
				 <ele>19.8</ele>
			 </trkpt>
			 <trkpt lat="-33.951082" lon="18.484244">
				 <ele>19.4</ele>
			 </trkpt>
			 <trkpt lat="-33.951058" lon="18.484182">
				 <ele>19.1</ele>
			 </trkpt>
			 <trkpt lat="-33.951071" lon="18.484132">
				 <ele>19.2</ele>
			 </trkpt>
			 <trkpt lat="-33.951098" lon="18.484081">
				 <ele>19.5</ele>
			 </trkpt>
			 <trkpt lat="-33.951362" lon="18.483767">
				 <ele>19.5</ele>
			 </trkpt>
			 <trkpt lat="-33.951627" lon="18.483476">
				 <ele>19.6</ele>
			 </trkpt>
			 <trkpt lat="-33.952045" lon="18.482995">
				 <ele>19.7</ele>
			 </trkpt>
			 <trkpt lat="-33.952558" lon="18.482426">
				 <ele>19.8</ele>
			 </trkpt>
			 <trkpt lat="-33.952929" lon="18.482023">
				 <ele>19.9</ele>
			 </trkpt>
			 <trkpt lat="-33.95342" lon="18.481489">
				 <ele>20.1</ele>
			 </trkpt>
			 <trkpt lat="-33.953599" lon="18.48131">
				 <ele>20.4</ele>
			 </trkpt>
			 <trkpt lat="-33.953657" lon="18.481266">
				 <ele>20.7</ele>
			 </trkpt>
			 <trkpt lat="-33.953717" lon="18.481227">
				 <ele>20.9</ele>
			 </trkpt>
			 <trkpt lat="-33.953749" lon="18.481168">
				 <ele>20.8</ele>
			 </trkpt>
			 <trkpt lat="-33.953816" lon="18.481091">
				 <ele>20.5</ele>
			 </trkpt>
			 <trkpt lat="-33.953904" lon="18.481014">
				 <ele>20.7</ele>
			 </trkpt>
			 <trkpt lat="-33.95403" lon="18.480942">
				 <ele>20.9</ele>
			 </trkpt>
			 <trkpt lat="-33.954224" lon="18.480849">
				 <ele>21.1</ele>
			 </trkpt>
			 <trkpt lat="-33.954494" lon="18.480728">
				 <ele>21.3</ele>
			 </trkpt>
			 <trkpt lat="-33.954754" lon="18.480612">
				 <ele>21.6</ele>
			 </trkpt>
			 <trkpt lat="-33.955117" lon="18.48045">
				 <ele>22</ele>
			 </trkpt>
			 <trkpt lat="-33.955382" lon="18.480343">
				 <ele>22.5</ele>
			 </trkpt>
			 <trkpt lat="-33.955684" lon="18.480206">
				 <ele>23</ele>
			 </trkpt>
			 <trkpt lat="-33.956158" lon="18.480009">
				 <ele>23.5</ele>
			 </trkpt>
			 <trkpt lat="-33.956479" lon="18.479865">
				 <ele>24</ele>
			 </trkpt>
			 <trkpt lat="-33.956739" lon="18.479751">
				 <ele>24.4</ele>
			 </trkpt>
			 <trkpt lat="-33.956938" lon="18.479662">
				 <ele>24.5</ele>
			 </trkpt>
			 <trkpt lat="-33.957172" lon="18.479568">
				 <ele>24.7</ele>
			 </trkpt>
			 <trkpt lat="-33.957425" lon="18.479454">
				 <ele>24.8</ele>
			 </trkpt>
			 <trkpt lat="-33.95762" lon="18.479365">
				 <ele>24.9</ele>
			 </trkpt>
			 <trkpt lat="-33.957967" lon="18.479246">
				 <ele>24.9</ele>
			 </trkpt>
			 <trkpt lat="-33.958212" lon="18.479189">
				 <ele>25</ele>
			 </trkpt>
			 <trkpt lat="-33.958394" lon="18.479162">
				 <ele>25</ele>
			 </trkpt>
			 <trkpt lat="-33.958611" lon="18.479145">
				 <ele>24.9</ele>
			 </trkpt>
			 <trkpt lat="-33.958841" lon="18.479118">
				 <ele>24.8</ele>
			 </trkpt>
			 <trkpt lat="-33.959126" lon="18.479093">
				 <ele>24.8</ele>
			 </trkpt>
			 <trkpt lat="-33.959353" lon="18.479079">
				 <ele>24.8</ele>
			 </trkpt>
			 <trkpt lat="-33.95944" lon="18.479056">
				 <ele>24.9</ele>
			 </trkpt>
			 <trkpt lat="-33.959485" lon="18.479035">
				 <ele>25</ele>
			 </trkpt>
			 <trkpt lat="-33.959518" lon="18.479007">
				 <ele>25.2</ele>
			 </trkpt>
			 <trkpt lat="-33.959543" lon="18.478932">
				 <ele>25.4</ele>
			 </trkpt>
			 <trkpt lat="-33.95956" lon="18.478788">
				 <ele>25.5</ele>
			 </trkpt>
			 <trkpt lat="-33.959588" lon="18.478554">
				 <ele>25.4</ele>
			 </trkpt>
			 <trkpt lat="-33.959594" lon="18.478418">
				 <ele>25.3</ele>
			 </trkpt>
			 <trkpt lat="-33.959568" lon="18.478375">
				 <ele>25</ele>
			 </trkpt>
			 <trkpt lat="-33.95953" lon="18.47832">
				 <ele>24.6</ele>
			 </trkpt>
			 <trkpt lat="-33.959431" lon="18.478256">
				 <ele>24.2</ele>
			 </trkpt>
			 <trkpt lat="-33.959342" lon="18.478183">
				 <ele>23.9</ele>
			 </trkpt>
			 <trkpt lat="-33.959194" lon="18.478053">
				 <ele>23.5</ele>
			 </trkpt>
			 <trkpt lat="-33.958907" lon="18.47778">
				 <ele>23</ele>
			 </trkpt>
			 <trkpt lat="-33.958628" lon="18.477497">
				 <ele>22.2</ele>
			 </trkpt>
			 <trkpt lat="-33.958424" lon="18.477279">
				 <ele>21.3</ele>
			 </trkpt>
			 <trkpt lat="-33.958224" lon="18.477089">
				 <ele>20.2</ele>
			 </trkpt>
			 <trkpt lat="-33.957899" lon="18.476805">
				 <ele>19</ele>
			 </trkpt>
			 <trkpt lat="-33.957467" lon="18.476472">
				 <ele>17.8</ele>
			 </trkpt>
			 <trkpt lat="-33.956977" lon="18.476093">
				 <ele>16.9</ele>
			 </trkpt>
			 <trkpt lat="-33.95666" lon="18.475902">
				 <ele>16</ele>
			 </trkpt>
			 <trkpt lat="-33.956403" lon="18.475772">
				 <ele>15</ele>
			 </trkpt>
			 <trkpt lat="-33.956216" lon="18.475693">
				 <ele>13.9</ele>
			 </trkpt>
			 <trkpt lat="-33.955901" lon="18.475599">
				 <ele>12.8</ele>
			 </trkpt>
			 <trkpt lat="-33.955553" lon="18.475516">
				 <ele>11.9</ele>
			 </trkpt>
			 <trkpt lat="-33.955219" lon="18.475478">
				 <ele>11.5</ele>
			 </trkpt>
			 <trkpt lat="-33.954804" lon="18.475462">
				 <ele>11.1</ele>
			 </trkpt>
			 <trkpt lat="-33.95448" lon="18.475482">
				 <ele>11</ele>
			 </trkpt>
			 <trkpt lat="-33.95402" lon="18.475535">
				 <ele>10.9</ele>
			 </trkpt>
			 <trkpt lat="-33.953677" lon="18.475605">
				 <ele>10.8</ele>
			 </trkpt>
			 <trkpt lat="-33.953291" lon="18.4757">
				 <ele>10.5</ele>
			 </trkpt>
			 <trkpt lat="-33.952748" lon="18.475871">
				 <ele>10.3</ele>
			 </trkpt>
			 <trkpt lat="-33.952481" lon="18.475953">
				 <ele>10.5</ele>
			 </trkpt>
			 <trkpt lat="-33.952071" lon="18.476088">
				 <ele>10.9</ele>
			 </trkpt>
			 <trkpt lat="-33.95168" lon="18.476224">
				 <ele>11.3</ele>
			 </trkpt>
			 <trkpt lat="-33.95109" lon="18.476412">
				 <ele>11.5</ele>
			 </trkpt>
			 <trkpt lat="-33.950573" lon="18.476569">
				 <ele>11.3</ele>
			 </trkpt>
			 <trkpt lat="-33.949907" lon="18.476755">
				 <ele>11.3</ele>
			 </trkpt>
			 <trkpt lat="-33.949338" lon="18.476917">
				 <ele>10.9</ele>
			 </trkpt>
			 <trkpt lat="-33.948972" lon="18.477004">
				 <ele>10.6</ele>
			 </trkpt>
			 <trkpt lat="-33.948701" lon="18.477033">
				 <ele>10.5</ele>
			 </trkpt>
			 <trkpt lat="-33.948302" lon="18.477049">
				 <ele>10.6</ele>
			 </trkpt>
			 <trkpt lat="-33.947705" lon="18.477058">
				 <ele>10.7</ele>
			 </trkpt>
			 <trkpt lat="-33.947261" lon="18.477051">
				 <ele>10.3</ele>
			 </trkpt>
			 <trkpt lat="-33.946751" lon="18.47702">
				 <ele>9.7</ele>
			 </trkpt>
			 <trkpt lat="-33.946386" lon="18.476967">
				 <ele>9.6</ele>
			 </trkpt>
			 <trkpt lat="-33.946038" lon="18.476901">
				 <ele>9.5</ele>
			 </trkpt>
			 <trkpt lat="-33.945757" lon="18.476853">
				 <ele>9.4</ele>
			 </trkpt>
			 <trkpt lat="-33.945219" lon="18.476749">
				 <ele>9.2</ele>
			 </trkpt>
			 <trkpt lat="-33.944696" lon="18.476656">
				 <ele>9.3</ele>
			 </trkpt>
			 <trkpt lat="-33.944294" lon="18.476603">
				 <ele>9.3</ele>
			 </trkpt>
			 <trkpt lat="-33.943861" lon="18.476555">
				 <ele>9</ele>
			 </trkpt>
			 <trkpt lat="-33.943519" lon="18.476533">
				 <ele>8.6</ele>
			 </trkpt>
			 <trkpt lat="-33.94325" lon="18.476549">
				 <ele>8.3</ele>
			 </trkpt>
			 <trkpt lat="-33.943025" lon="18.476582">
				 <ele>8.3</ele>
			 </trkpt>
			 <trkpt lat="-33.942674" lon="18.476662">
				 <ele>8</ele>
			 </trkpt>
			 <trkpt lat="-33.942306" lon="18.476768">
				 <ele>7.5</ele>
			 </trkpt>
			 <trkpt lat="-33.942145" lon="18.476826">
				 <ele>7.2</ele>
			 </trkpt>
			 <trkpt lat="-33.941824" lon="18.476936">
				 <ele>7</ele>
			 </trkpt>
			 <trkpt lat="-33.941469" lon="18.477045">
				 <ele>6.7</ele>
			 </trkpt>
			 <trkpt lat="-33.941271" lon="18.477098">
				 <ele>6.4</ele>
			 </trkpt>
			 <trkpt lat="-33.941089" lon="18.477135">
				 <ele>6.1</ele>
			 </trkpt>
			 <trkpt lat="-33.940773" lon="18.477159">
				 <ele>5.8</ele>
			 </trkpt>
			 <trkpt lat="-33.94049" lon="18.477148">
				 <ele>5.3</ele>
			 </trkpt>
			 <trkpt lat="-33.94028" lon="18.477116">
				 <ele>4.6</ele>
			 </trkpt>
			 <trkpt lat="-33.940031" lon="18.47705">
				 <ele>4</ele>
			 </trkpt>
			 <trkpt lat="-33.939678" lon="18.476933">
				 <ele>3.5</ele>
			 </trkpt>
			 <trkpt lat="-33.93938" lon="18.476829">
				 <ele>3</ele>
			 </trkpt>
			 <trkpt lat="-33.938692" lon="18.476598">
				 <ele>2.6</ele>
			 </trkpt>
			 <trkpt lat="-33.938193" lon="18.476423">
				 <ele>2.4</ele>
			 </trkpt>
			 <trkpt lat="-33.937859" lon="18.476302">
				 <ele>2.1</ele>
			 </trkpt>
			 <trkpt lat="-33.937487" lon="18.476158">
				 <ele>1.9</ele>
			 </trkpt>
			 <trkpt lat="-33.937187" lon="18.475987">
				 <ele>1.8</ele>
			 </trkpt>
			 <trkpt lat="-33.937003" lon="18.475826">
				 <ele>1.7</ele>
			 </trkpt>
			 <trkpt lat="-33.936825" lon="18.475658">
				 <ele>2</ele>
			 </trkpt>
			 <trkpt lat="-33.936709" lon="18.475519">
				 <ele>2.5</ele>
			 </trkpt>
			 <trkpt lat="-33.936442" lon="18.475186">
				 <ele>3.1</ele>
			 </trkpt>
			 <trkpt lat="-33.936252" lon="18.474902">
				 <ele>3.6</ele>
			 </trkpt>
			 <trkpt lat="-33.936094" lon="18.474703">
				 <ele>4.2</ele>
			 </trkpt>
			 <trkpt lat="-33.935932" lon="18.474488">
				 <ele>4.7</ele>
			 </trkpt>
			 <trkpt lat="-33.935738" lon="18.474265">
				 <ele>5</ele>
			 </trkpt>
			 <trkpt lat="-33.935451" lon="18.473965">
				 <ele>5.4</ele>
			 </trkpt>
			 <trkpt lat="-33.935248" lon="18.473794">
				 <ele>5.6</ele>
			 </trkpt>
			 <trkpt lat="-33.934933" lon="18.473601">
				 <ele>5.8</ele>
			 </trkpt>
			 <trkpt lat="-33.93454" lon="18.473362">
				 <ele>6.2</ele>
			 </trkpt>
			 <trkpt lat="-33.93405" lon="18.473059">
				 <ele>6.5</ele>
			 </trkpt>
			 <trkpt lat="-33.933677" lon="18.472851">
				 <ele>6.5</ele>
			 </trkpt>
			 <trkpt lat="-33.933384" lon="18.472695">
				 <ele>6.4</ele>
			 </trkpt>
			 <trkpt lat="-33.933061" lon="18.472561">
				 <ele>6.2</ele>
			 </trkpt>
			 <trkpt lat="-33.932689" lon="18.47245">
				 <ele>5.9</ele>
			 </trkpt>
			 <trkpt lat="-33.93233" lon="18.472371">
				 <ele>5.6</ele>
			 </trkpt>
			 <trkpt lat="-33.932101" lon="18.472316">
				 <ele>5.5</ele>
			 </trkpt>
			 <trkpt lat="-33.931835" lon="18.472264">
				 <ele>5.4</ele>
			 </trkpt>
			 <trkpt lat="-33.931707" lon="18.472216">
				 <ele>5.3</ele>
			 </trkpt>
			 <trkpt lat="-33.931595" lon="18.472173">
				 <ele>5.1</ele>
			 </trkpt>
			 <trkpt lat="-33.931456" lon="18.472082">
				 <ele>4.9</ele>
			 </trkpt>
			 <trkpt lat="-33.931361" lon="18.472">
				 <ele>4.8</ele>
			 </trkpt>
			 <trkpt lat="-33.931216" lon="18.471819">
				 <ele>5.3</ele>
			 </trkpt>
			 <trkpt lat="-33.931098" lon="18.471614">
				 <ele>5.9</ele>
			 </trkpt>
			 <trkpt lat="-33.931024" lon="18.471461">
				 <ele>6.5</ele>
			 </trkpt>
			 <trkpt lat="-33.930954" lon="18.471289">
				 <ele>6.9</ele>
			 </trkpt>
			 <trkpt lat="-33.930908" lon="18.471042">
				 <ele>7.3</ele>
			 </trkpt>
			 <trkpt lat="-33.930851" lon="18.470567">
				 <ele>7.6</ele>
			 </trkpt>
			 <trkpt lat="-33.93083" lon="18.470324">
				 <ele>8</ele>
			 </trkpt>
			 <trkpt lat="-33.930804" lon="18.470082">
				 <ele>8.5</ele>
			 </trkpt>
			 <trkpt lat="-33.930769" lon="18.469702">
				 <ele>9.2</ele>
			 </trkpt>
			 <trkpt lat="-33.930729" lon="18.469456">
				 <ele>9.7</ele>
			 </trkpt>
			 <trkpt lat="-33.930678" lon="18.469113">
				 <ele>10.2</ele>
			 </trkpt>
			 <trkpt lat="-33.930593" lon="18.468747">
				 <ele>10.2</ele>
			 </trkpt>
			 <trkpt lat="-33.930486" lon="18.468285">
				 <ele>10.2</ele>
			 </trkpt>
			 <trkpt lat="-33.930396" lon="18.46797">
				 <ele>10.2</ele>
			 </trkpt>
			 <trkpt lat="-33.930259" lon="18.46742">
				 <ele>10.5</ele>
			 </trkpt>
			 <trkpt lat="-33.930166" lon="18.467108">
				 <ele>10.7</ele>
			 </trkpt>
			 <trkpt lat="-33.930002" lon="18.466518">
				 <ele>11</ele>
			 </trkpt>
			 <trkpt lat="-33.929885" lon="18.466064">
				 <ele>11.2</ele>
			 </trkpt>
			 <trkpt lat="-33.92978" lon="18.465628">
				 <ele>11.2</ele>
			 </trkpt>
			 <trkpt lat="-33.92966" lon="18.465144">
				 <ele>11.2</ele>
			 </trkpt>
			 <trkpt lat="-33.929594" lon="18.464795">
				 <ele>11.2</ele>
			 </trkpt>
			 <trkpt lat="-33.929461" lon="18.464299">
				 <ele>11.2</ele>
			 </trkpt>
			 <trkpt lat="-33.929323" lon="18.463665">
				 <ele>11.2</ele>
			 </trkpt>
			 <trkpt lat="-33.929187" lon="18.463158">
				 <ele>11.2</ele>
			 </trkpt>
			 <trkpt lat="-33.929137" lon="18.463014">
				 <ele>11.5</ele>
			 </trkpt>
			 <trkpt lat="-33.929025" lon="18.462528">
				 <ele>11.4</ele>
			 </trkpt>
			 <trkpt lat="-33.928969" lon="18.462252">
				 <ele>11.2</ele>
			 </trkpt>
			 <trkpt lat="-33.928881" lon="18.461881">
				 <ele>11</ele>
			 </trkpt>
			 <trkpt lat="-33.928753" lon="18.461306">
				 <ele>10.9</ele>
			 </trkpt>
			 <trkpt lat="-33.928593" lon="18.460678">
				 <ele>10.9</ele>
			 </trkpt>
			 <trkpt lat="-33.928506" lon="18.460289">
				 <ele>10.9</ele>
			 </trkpt>
			 <trkpt lat="-33.928457" lon="18.460014">
				 <ele>10.9</ele>
			 </trkpt>
			 <trkpt lat="-33.928445" lon="18.459922">
				 <ele>10.9</ele>
			 </trkpt>
			 <trkpt lat="-33.92844" lon="18.459803">
				 <ele>11</ele>
			 </trkpt>
			 <trkpt lat="-33.928428" lon="18.459675">
				 <ele>11.2</ele>
			 </trkpt>
			 <trkpt lat="-33.928412" lon="18.45957">
				 <ele>11.3</ele>
			 </trkpt>
			 <trkpt lat="-33.928329" lon="18.459373">
				 <ele>11.5</ele>
			 </trkpt>
			 <trkpt lat="-33.928295" lon="18.459252">
				 <ele>11.6</ele>
			 </trkpt>
			 <trkpt lat="-33.928246" lon="18.459068">
				 <ele>12</ele>
			 </trkpt>
			 <trkpt lat="-33.928184" lon="18.458842">
				 <ele>12.4</ele>
			 </trkpt>
			 <trkpt lat="-33.928094" lon="18.458533">
				 <ele>12.5</ele>
			 </trkpt>
			 <trkpt lat="-33.928022" lon="18.458303">
				 <ele>12.7</ele>
			 </trkpt>
			 <trkpt lat="-33.9279" lon="18.457817">
				 <ele>13</ele>
			 </trkpt>
			 <trkpt lat="-33.92778" lon="18.457323">
				 <ele>13.3</ele>
			 </trkpt>
			 <trkpt lat="-33.927652" lon="18.456791">
				 <ele>13.4</ele>
			 </trkpt>
			 <trkpt lat="-33.927593" lon="18.456388">
				 <ele>13.3</ele>
			 </trkpt>
			 <trkpt lat="-33.927544" lon="18.456003">
				 <ele>12.8</ele>
			 </trkpt>
			 <trkpt lat="-33.927497" lon="18.455596">
				 <ele>12.5</ele>
			 </trkpt>
			 <trkpt lat="-33.927483" lon="18.455391">
				 <ele>12.2</ele>
			 </trkpt>
			 <trkpt lat="-33.927433" lon="18.454767">
				 <ele>11.7</ele>
			 </trkpt>
			 <trkpt lat="-33.927366" lon="18.454288">
				 <ele>11.3</ele>
			 </trkpt>
			 <trkpt lat="-33.927288" lon="18.453691">
				 <ele>11.2</ele>
			 </trkpt>
			 <trkpt lat="-33.927239" lon="18.453271">
				 <ele>11</ele>
			 </trkpt>
			 <trkpt lat="-33.9272" lon="18.452871">
				 <ele>10.5</ele>
			 </trkpt>
			 <trkpt lat="-33.927101" lon="18.452131">
				 <ele>10</ele>
			 </trkpt>
			 <trkpt lat="-33.927055" lon="18.451574">
				 <ele>9.5</ele>
			 </trkpt>
			 <trkpt lat="-33.92695" lon="18.450813">
				 <ele>9.2</ele>
			 </trkpt>
			 <trkpt lat="-33.926861" lon="18.450086">
				 <ele>8.9</ele>
			 </trkpt>
			 <trkpt lat="-33.92682" lon="18.449571">
				 <ele>8.5</ele>
			 </trkpt>
			 <trkpt lat="-33.926761" lon="18.449056">
				 <ele>8.2</ele>
			 </trkpt>
			 <trkpt lat="-33.926711" lon="18.448545">
				 <ele>8.2</ele>
			 </trkpt>
			 <trkpt lat="-33.92664" lon="18.447825">
				 <ele>8.3</ele>
			 </trkpt>
			 <trkpt lat="-33.926591" lon="18.447482">
				 <ele>7.9</ele>
			 </trkpt>
			 <trkpt lat="-33.926544" lon="18.447106">
				 <ele>7.4</ele>
			 </trkpt>
			 <trkpt lat="-33.926507" lon="18.446752">
				 <ele>7</ele>
			 </trkpt>
			 <trkpt lat="-33.926461" lon="18.446416">
				 <ele>6.7</ele>
			 </trkpt>
			 <trkpt lat="-33.926416" lon="18.445875">
				 <ele>6.5</ele>
			 </trkpt>
			 <trkpt lat="-33.926384" lon="18.445489">
				 <ele>6.1</ele>
			 </trkpt>
			 <trkpt lat="-33.926351" lon="18.445118">
				 <ele>5.9</ele>
			 </trkpt>
			 <trkpt lat="-33.926336" lon="18.444897">
				 <ele>5.9</ele>
			 </trkpt>
			 <trkpt lat="-33.926305" lon="18.444645">
				 <ele>5.7</ele>
			 </trkpt>
			 <trkpt lat="-33.926295" lon="18.444363">
				 <ele>5.3</ele>
			 </trkpt>
			 <trkpt lat="-33.9263" lon="18.44416">
				 <ele>4.7</ele>
			 </trkpt>
			 <trkpt lat="-33.926305" lon="18.444014">
				 <ele>4.5</ele>
			 </trkpt>
			 <trkpt lat="-33.926302" lon="18.443641">
				 <ele>4.5</ele>
			 </trkpt>
			 <trkpt lat="-33.926297" lon="18.443285">
				 <ele>4.5</ele>
			 </trkpt>
			 <trkpt lat="-33.926304" lon="18.442924">
				 <ele>4.5</ele>
			 </trkpt>
			 <trkpt lat="-33.926306" lon="18.442776">
				 <ele>4.4</ele>
			 </trkpt>
			 <trkpt lat="-33.926309" lon="18.442392">
				 <ele>4.5</ele>
			 </trkpt>
			 <trkpt lat="-33.926315" lon="18.442183">
				 <ele>4.9</ele>
			 </trkpt>
			 <trkpt lat="-33.926314" lon="18.441854">
				 <ele>5.4</ele>
			 </trkpt>
			 <trkpt lat="-33.926311" lon="18.441706">
				 <ele>5.7</ele>
			 </trkpt>
			 <trkpt lat="-33.926309" lon="18.441432">
				 <ele>6</ele>
			 </trkpt>
			 <trkpt lat="-33.926306" lon="18.441014">
				 <ele>6.3</ele>
			 </trkpt>
			 <trkpt lat="-33.926307" lon="18.440761">
				 <ele>6.5</ele>
			 </trkpt>
			 <trkpt lat="-33.926304" lon="18.440531">
				 <ele>6.8</ele>
			 </trkpt>
			 <trkpt lat="-33.926316" lon="18.439956">
				 <ele>7.1</ele>
			 </trkpt>
			 <trkpt lat="-33.926328" lon="18.439482">
				 <ele>7.5</ele>
			 </trkpt>
			 <trkpt lat="-33.926325" lon="18.439025">
				 <ele>7.9</ele>
			 </trkpt>
			 <trkpt lat="-33.926335" lon="18.438617">
				 <ele>8.2</ele>
			 </trkpt>
			 <trkpt lat="-33.926342" lon="18.438344">
				 <ele>8.3</ele>
			 </trkpt>
			 <trkpt lat="-33.926347" lon="18.4382">
				 <ele>8.1</ele>
			 </trkpt>
			 <trkpt lat="-33.926367" lon="18.437962">
				 <ele>7.7</ele>
			 </trkpt>
			 <trkpt lat="-33.926399" lon="18.437773">
				 <ele>7.5</ele>
			 </trkpt>
			 <trkpt lat="-33.926434" lon="18.437562">
				 <ele>7.5</ele>
			 </trkpt>
			 <trkpt lat="-33.926472" lon="18.43736">
				 <ele>7.4</ele>
			 </trkpt>
			 <trkpt lat="-33.926622" lon="18.436653">
				 <ele>7.3</ele>
			 </trkpt>
			 <trkpt lat="-33.926702" lon="18.436209">
				 <ele>7.3</ele>
			 </trkpt>
			 <trkpt lat="-33.92678" lon="18.435796">
				 <ele>7.3</ele>
			 </trkpt>
			 <trkpt lat="-33.92683" lon="18.435446">
				 <ele>7.3</ele>
			 </trkpt>
			 <trkpt lat="-33.926849" lon="18.435412">
				 <ele>7.4</ele>
			 </trkpt>
			 <trkpt lat="-33.926879" lon="18.435373">
				 <ele>7.5</ele>
			 </trkpt>
			 <trkpt lat="-33.926926" lon="18.435342">
				 <ele>7.7</ele>
			 </trkpt>
			 <trkpt lat="-33.926995" lon="18.435307">
				 <ele>8.5</ele>
			 </trkpt>
			 <trkpt lat="-33.927073" lon="18.435285">
				 <ele>9.2</ele>
			 </trkpt>
			 <trkpt lat="-33.927252" lon="18.435263">
				 <ele>9.6</ele>
			 </trkpt>
			 <trkpt lat="-33.927372" lon="18.435225">
				 <ele>9.9</ele>
			 </trkpt>
			 <trkpt lat="-33.927427" lon="18.435165">
				 <ele>10.3</ele>
			 </trkpt>
			 <trkpt lat="-33.927425" lon="18.43489">
				 <ele>10.4</ele>
			 </trkpt>
			 <trkpt lat="-33.927412" lon="18.434593">
				 <ele>10.5</ele>
			 </trkpt>
			 <trkpt lat="-33.927396" lon="18.434454">
				 <ele>10.6</ele>
			 </trkpt>
			 <trkpt lat="-33.927375" lon="18.433869">
				 <ele>10.6</ele>
			 </trkpt>
			 <trkpt lat="-33.927362" lon="18.433291">
				 <ele>10.5</ele>
			 </trkpt>
			 <trkpt lat="-33.927357" lon="18.432945">
				 <ele>10.5</ele>
			 </trkpt>
			 <trkpt lat="-33.927346" lon="18.432642">
				 <ele>10.4</ele>
			 </trkpt>
			 <trkpt lat="-33.927346" lon="18.432382">
				 <ele>10.2</ele>
			 </trkpt>
			 <trkpt lat="-33.927322" lon="18.431994">
				 <ele>10.1</ele>
			 </trkpt>
			 <trkpt lat="-33.927307" lon="18.431652">
				 <ele>10.2</ele>
			 </trkpt>
			 <trkpt lat="-33.927291" lon="18.431312">
				 <ele>10.1</ele>
			 </trkpt>
			 <trkpt lat="-33.927278" lon="18.4311">
				 <ele>9.8</ele>
			 </trkpt>
			 <trkpt lat="-33.927265" lon="18.430771">
				 <ele>10.1</ele>
			 </trkpt>
			 <trkpt lat="-33.927249" lon="18.430525">
				 <ele>10.5</ele>
			 </trkpt>
			 <trkpt lat="-33.927254" lon="18.430351">
				 <ele>10.9</ele>
			 </trkpt>
			 <trkpt lat="-33.927274" lon="18.430147">
				 <ele>11.1</ele>
			 </trkpt>
			 <trkpt lat="-33.927201" lon="18.429191">
				 <ele>11.1</ele>
			 </trkpt>
			 <trkpt lat="-33.927177" lon="18.428295">
				 <ele>11.1</ele>
			 </trkpt>
			 <trkpt lat="-33.927187" lon="18.428056">
				 <ele>11.1</ele>
			 </trkpt>
			 <trkpt lat="-33.927255" lon="18.427769">
				 <ele>11</ele>
			 </trkpt>
			 <trkpt lat="-33.927399" lon="18.42724">
				 <ele>10.9</ele>
			 </trkpt>
			 <trkpt lat="-33.927403" lon="18.427124">
				 <ele>10.9</ele>
			 </trkpt>
			 <trkpt lat="-33.927389" lon="18.427075">
				 <ele>11.4</ele>
			 </trkpt>
			 <trkpt lat="-33.927366" lon="18.427017">
				 <ele>11.2</ele>
			 </trkpt>
			 <trkpt lat="-33.927334" lon="18.426938">
				 <ele>10.6</ele>
			 </trkpt>
			 <trkpt lat="-33.927267" lon="18.426827">
				 <ele>10.2</ele>
			 </trkpt>
			 <trkpt lat="-33.927199" lon="18.426721">
				 <ele>10.3</ele>
			 </trkpt>
			 <trkpt lat="-33.927126" lon="18.426624">
				 <ele>10.7</ele>
			 </trkpt>
			 <trkpt lat="-33.926859" lon="18.426288">
				 <ele>11.2</ele>
			 </trkpt>
			 <trkpt lat="-33.926315" lon="18.425562">
				 <ele>12</ele>
			 </trkpt>
			 <trkpt lat="-33.926091" lon="18.425235">
				 <ele>12.9</ele>
			 </trkpt>
			 <trkpt lat="-33.925825" lon="18.424882">
				 <ele>13.8</ele>
			 </trkpt>
			 <trkpt lat="-33.925473" lon="18.424397">
				 <ele>14.6</ele>
			 </trkpt>
			 <trkpt lat="-33.925286" lon="18.424118">
				 <ele>15.7</ele>
			 </trkpt>
			 <trkpt lat="-33.925109" lon="18.423884">
				 <ele>17.1</ele>
			 </trkpt>
			 <trkpt lat="-33.924984" lon="18.423732">
				 <ele>18.9</ele>
			 </trkpt>
			 <trkpt lat="-33.92486" lon="18.423536">
				 <ele>20.8</ele>
			 </trkpt>
			 <trkpt lat="-33.924736" lon="18.423342">
				 <ele>22.7</ele>
			 </trkpt>
			 <trkpt lat="-33.924634" lon="18.423191">
				 <ele>24.3</ele>
			 </trkpt>
			 <trkpt lat="-33.924576" lon="18.423108">
				 <ele>25.7</ele>
			 </trkpt>
			 <trkpt lat="-33.924514" lon="18.423012">
				 <ele>26.7</ele>
			 </trkpt>
			 <trkpt lat="-33.924442" lon="18.422925">
				 <ele>27.5</ele>
			 </trkpt>
			 <trkpt lat="-33.924176" lon="18.422594">
				 <ele>28.4</ele>
			 </trkpt>
			 <trkpt lat="-33.923986" lon="18.422342">
				 <ele>29.3</ele>
			 </trkpt>
			 <trkpt lat="-33.923736" lon="18.421965">
				 <ele>30</ele>
			 </trkpt>
			 <trkpt lat="-33.923595" lon="18.421756">
				 <ele>30.5</ele>
			 </trkpt>
			 <trkpt lat="-33.923591" lon="18.421698">
				 <ele>30.7</ele>
			 </trkpt>
			 <trkpt lat="-33.923613" lon="18.421653">
				 <ele>30.6</ele>
			 </trkpt>
			 <trkpt lat="-33.923677" lon="18.42157">
				 <ele>30.4</ele>
			 </trkpt>
			 <trkpt lat="-33.923879" lon="18.421383">
				 <ele>30.2</ele>
			 </trkpt>
			 <trkpt lat="-33.92398" lon="18.421274">
				 <ele>30.1</ele>
			 </trkpt>
			 <trkpt lat="-33.924194" lon="18.421055">
				 <ele>30.1</ele>
			 </trkpt>
			 <trkpt lat="-33.924392" lon="18.420833">
				 <ele>30.1</ele>
			 </trkpt>
			 <trkpt lat="-33.924565" lon="18.420656">
				 <ele>30.1</ele>
			 </trkpt>
			 <trkpt lat="-33.924671" lon="18.420555">
				 <ele>30.1</ele>
			 </trkpt>
			 <trkpt lat="-33.924755" lon="18.42048">
				 <ele>29.8</ele>
			 </trkpt>
			 <trkpt lat="-33.924819" lon="18.420402">
				 <ele>29.3</ele>
			 </trkpt>
			 <trkpt lat="-33.924917" lon="18.4203">
				 <ele>28.7</ele>
			 </trkpt>
			 <trkpt lat="-33.925009" lon="18.420131">
				 <ele>28.3</ele>
			 </trkpt>
			 <trkpt lat="-33.925027" lon="18.420061">
				 <ele>27.8</ele>
			 </trkpt>
			 <trkpt lat="-33.925057" lon="18.420003">
				 <ele>27.4</ele>
			 </trkpt>
			 <trkpt lat="-33.925236" lon="18.419816">
				 <ele>26.7</ele>
			 </trkpt>
			 <trkpt lat="-33.92548" lon="18.419532">
				 <ele>26.1</ele>
			 </trkpt>
			 <trkpt lat="-33.925792" lon="18.419188">
				 <ele>25.6</ele>
			 </trkpt>
			 <trkpt lat="-33.925974" lon="18.418978">
				 <ele>25.6</ele>
			 </trkpt>
			 <trkpt lat="-33.926305" lon="18.418593">
				 <ele>25.6</ele>
			 </trkpt>
			 <trkpt lat="-33.926593" lon="18.418241">
				 <ele>25.6</ele>
			 </trkpt>
			 <trkpt lat="-33.926931" lon="18.417915">
				 <ele>25.8</ele>
			 </trkpt>
			 <trkpt lat="-33.927196" lon="18.417631">
				 <ele>26.1</ele>
			 </trkpt>
			 <trkpt lat="-33.927724" lon="18.417067">
				 <ele>26.5</ele>
			 </trkpt>
			 <trkpt lat="-33.927821" lon="18.416958">
				 <ele>27.5</ele>
			 </trkpt>
			 <trkpt lat="-33.928151" lon="18.416605">
				 <ele>28.2</ele>
			 </trkpt>
			 <trkpt lat="-33.928377" lon="18.416361">
				 <ele>29.3</ele>
			 </trkpt>
			 <trkpt lat="-33.928666" lon="18.416052">
				 <ele>30.6</ele>
			 </trkpt>
			 <trkpt lat="-33.92897" lon="18.415724">
				 <ele>32.2</ele>
			 </trkpt>
			 <trkpt lat="-33.929413" lon="18.415259">
				 <ele>33.4</ele>
			 </trkpt>
			 <trkpt lat="-33.929863" lon="18.414802">
				 <ele>34.5</ele>
			 </trkpt>
			 <trkpt lat="-33.930216" lon="18.414413">
				 <ele>35.9</ele>
			 </trkpt>
			 <trkpt lat="-33.93057" lon="18.414035">
				 <ele>37.3</ele>
			 </trkpt>
			 <trkpt lat="-33.93092" lon="18.413662">
				 <ele>38.5</ele>
			 </trkpt>
			 <trkpt lat="-33.931075" lon="18.413495">
				 <ele>39.2</ele>
			 </trkpt>
			 <trkpt lat="-33.93109" lon="18.413435">
				 <ele>39.5</ele>
			 </trkpt>
			 <trkpt lat="-33.931051" lon="18.413401">
				 <ele>39.9</ele>
			 </trkpt>
			 <trkpt lat="-33.93098" lon="18.413346">
				 <ele>40.2</ele>
			 </trkpt>
			 <trkpt lat="-33.930735" lon="18.41319">
				 <ele>40.2</ele>
			 </trkpt>
			 <trkpt lat="-33.930457" lon="18.413015">
				 <ele>39.8</ele>
			 </trkpt>
			 <trkpt lat="-33.930256" lon="18.412899">
				 <ele>39.4</ele>
			 </trkpt>
			 <trkpt lat="-33.930173" lon="18.412863">
				 <ele>38.8</ele>
			 </trkpt>
			 <trkpt lat="-33.930076" lon="18.412844">
				 <ele>38.1</ele>
			 </trkpt>
			 <trkpt lat="-33.929982" lon="18.412863">
				 <ele>37.4</ele>
			 </trkpt>
			 <trkpt lat="-33.929853" lon="18.412911">
				 <ele>36.8</ele>
			 </trkpt>
			 <trkpt lat="-33.929752" lon="18.412939">
				 <ele>36.6</ele>
			 </trkpt>
			 <trkpt lat="-33.929574" lon="18.413021">
				 <ele>36.4</ele>
			 </trkpt>
			 <trkpt lat="-33.929109" lon="18.41323">
				 <ele>36</ele>
			 </trkpt>
			 <trkpt lat="-33.928865" lon="18.413353">
				 <ele>35.5</ele>
			 </trkpt>
			 <trkpt lat="-33.928534" lon="18.41351">
				 <ele>35.1</ele>
			 </trkpt>
			 <trkpt lat="-33.928255" lon="18.413641">
				 <ele>34.6</ele>
			 </trkpt>
			 <trkpt lat="-33.927988" lon="18.413769">
				 <ele>34.1</ele>
			 </trkpt>
			 <trkpt lat="-33.927867" lon="18.413829">
				 <ele>33.5</ele>
			 </trkpt>
			 <trkpt lat="-33.92779" lon="18.413868">
				 <ele>33.1</ele>
			 </trkpt>
			 <trkpt lat="-33.927688" lon="18.413898">
				 <ele>32.6</ele>
			 </trkpt>
			 <trkpt lat="-33.927556" lon="18.413892">
				 <ele>32.1</ele>
			 </trkpt>
			 <trkpt lat="-33.92729" lon="18.41387">
				 <ele>31.4</ele>
			 </trkpt>
			 <trkpt lat="-33.927184" lon="18.413869">
				 <ele>30.8</ele>
			 </trkpt>
			 <trkpt lat="-33.927151" lon="18.413884">
				 <ele>30.5</ele>
			 </trkpt>
			 <trkpt lat="-33.927108" lon="18.41392">
				 <ele>30.4</ele>
			 </trkpt>
			 <trkpt lat="-33.927056" lon="18.414008">
				 <ele>30.5</ele>
			 </trkpt>
			 <trkpt lat="-33.926892" lon="18.414241">
				 <ele>30.6</ele>
			 </trkpt>
			 <trkpt lat="-33.926645" lon="18.414507">
				 <ele>30.5</ele>
			 </trkpt>
			 <trkpt lat="-33.926369" lon="18.414809">
				 <ele>30.4</ele>
			 </trkpt>
			 <trkpt lat="-33.926121" lon="18.415082">
				 <ele>30.5</ele>
			 </trkpt>
			 <trkpt lat="-33.925904" lon="18.415325">
				 <ele>30.9</ele>
			 </trkpt>
			 <trkpt lat="-33.925605" lon="18.415652">
				 <ele>31.5</ele>
			 </trkpt>
			 <trkpt lat="-33.92527" lon="18.416032">
				 <ele>32.4</ele>
			 </trkpt>
			 <trkpt lat="-33.925047" lon="18.416261">
				 <ele>33</ele>
			 </trkpt>
			 <trkpt lat="-33.924687" lon="18.416656">
				 <ele>33.8</ele>
			 </trkpt>
			 <trkpt lat="-33.924505" lon="18.416867">
				 <ele>34.3</ele>
			 </trkpt>
			 <trkpt lat="-33.924232" lon="18.417141">
				 <ele>33.9</ele>
			 </trkpt>
			 <trkpt lat="-33.924041" lon="18.41733">
				 <ele>33.6</ele>
			 </trkpt>
			 <trkpt lat="-33.923703" lon="18.417704">
				 <ele>33.8</ele>
			 </trkpt>
			 <trkpt lat="-33.923504" lon="18.417913">
				 <ele>34.5</ele>
			 </trkpt>
			 <trkpt lat="-33.923167" lon="18.418298">
				 <ele>35</ele>
			 </trkpt>
			 <trkpt lat="-33.922901" lon="18.418578">
				 <ele>34.7</ele>
			 </trkpt>
			 <trkpt lat="-33.922633" lon="18.418888">
				 <ele>34.1</ele>
			 </trkpt>
			 <trkpt lat="-33.92244" lon="18.419109">
				 <ele>33.3</ele>
			 </trkpt>
			 <trkpt lat="-33.922184" lon="18.419389">
				 <ele>32.5</ele>
			 </trkpt>
			 <trkpt lat="-33.922018" lon="18.419555">
				 <ele>31.7</ele>
			 </trkpt>
			 <trkpt lat="-33.921716" lon="18.419904">
				 <ele>31.6</ele>
			 </trkpt>
			 <trkpt lat="-33.921501" lon="18.420148">
				 <ele>31.9</ele>
			 </trkpt>
			 <trkpt lat="-33.921236" lon="18.420446">
				 <ele>32.2</ele>
			 </trkpt>
			 <trkpt lat="-33.921042" lon="18.420641">
				 <ele>32.4</ele>
			 </trkpt>
			 <trkpt lat="-33.9208" lon="18.420914">
				 <ele>32.3</ele>
			 </trkpt>
			 <trkpt lat="-33.92058" lon="18.421142">
				 <ele>32.3</ele>
			 </trkpt>
			 <trkpt lat="-33.920244" lon="18.421495">
				 <ele>32.7</ele>
			 </trkpt>
			 <trkpt lat="-33.919957" lon="18.421802">
				 <ele>33.5</ele>
			 </trkpt>
			 <trkpt lat="-33.919747" lon="18.422046">
				 <ele>34.5</ele>
			 </trkpt>
			 <trkpt lat="-33.919613" lon="18.4222">
				 <ele>35.3</ele>
			 </trkpt>
			 <trkpt lat="-33.919533" lon="18.42229">
				 <ele>35.6</ele>
			 </trkpt>
			 <trkpt lat="-33.91948" lon="18.422324">
				 <ele>35.1</ele>
			 </trkpt>
			 <trkpt lat="-33.919426" lon="18.42232">
				 <ele>34.3</ele>
			 </trkpt>
			 <trkpt lat="-33.919342" lon="18.422226">
				 <ele>33.5</ele>
			 </trkpt>
			 <trkpt lat="-33.919255" lon="18.422119">
				 <ele>32.5</ele>
			 </trkpt>
			 <trkpt lat="-33.919084" lon="18.421913">
				 <ele>31.5</ele>
			 </trkpt>
			 <trkpt lat="-33.918953" lon="18.421744">
				 <ele>30.5</ele>
			 </trkpt>
			 <trkpt lat="-33.918749" lon="18.421484">
				 <ele>29.3</ele>
			 </trkpt>
			 <trkpt lat="-33.918536" lon="18.421216">
				 <ele>27.9</ele>
			 </trkpt>
			 <trkpt lat="-33.918433" lon="18.421111">
				 <ele>26.5</ele>
			 </trkpt>
			 <trkpt lat="-33.918283" lon="18.420965">
				 <ele>25</ele>
			 </trkpt>
			 <trkpt lat="-33.918095" lon="18.420738">
				 <ele>23.9</ele>
			 </trkpt>
			 <trkpt lat="-33.917929" lon="18.420555">
				 <ele>23.2</ele>
			 </trkpt>
			 <trkpt lat="-33.917738" lon="18.420317">
				 <ele>23</ele>
			 </trkpt>
			 <trkpt lat="-33.917628" lon="18.420172">
				 <ele>23.1</ele>
			 </trkpt>
			 <trkpt lat="-33.91745" lon="18.419956">
				 <ele>23.2</ele>
			 </trkpt>
			 <trkpt lat="-33.917221" lon="18.419667">
				 <ele>23.3</ele>
			 </trkpt>
			 <trkpt lat="-33.917003" lon="18.419387">
				 <ele>23.4</ele>
			 </trkpt>
			 <trkpt lat="-33.91682" lon="18.419148">
				 <ele>23.5</ele>
			 </trkpt>
			 <trkpt lat="-33.916688" lon="18.419003">
				 <ele>23.7</ele>
			 </trkpt>
			 <trkpt lat="-33.916623" lon="18.41894">
				 <ele>24.1</ele>
			 </trkpt>
			 <trkpt lat="-33.916484" lon="18.418855">
				 <ele>24.7</ele>
			 </trkpt>
			 <trkpt lat="-33.916304" lon="18.418751">
				 <ele>25.5</ele>
			 </trkpt>
			 <trkpt lat="-33.915673" lon="18.418431">
				 <ele>25.9</ele>
			 </trkpt>
			 <trkpt lat="-33.915486" lon="18.41833">
				 <ele>26.4</ele>
			 </trkpt>
			 <trkpt lat="-33.914984" lon="18.418078">
				 <ele>26.6</ele>
			 </trkpt>
			 <trkpt lat="-33.914624" lon="18.417884">
				 <ele>26.9</ele>
			 </trkpt>
			 <trkpt lat="-33.914284" lon="18.417718">
				 <ele>27.1</ele>
			 </trkpt>
			 <trkpt lat="-33.913797" lon="18.417478">
				 <ele>27.2</ele>
			 </trkpt>
			 <trkpt lat="-33.913478" lon="18.417308">
				 <ele>27.2</ele>
			 </trkpt>
			 <trkpt lat="-33.91327" lon="18.417189">
				 <ele>26.9</ele>
			 </trkpt>
			 <trkpt lat="-33.912934" lon="18.416984">
				 <ele>26.7</ele>
			 </trkpt>
			 <trkpt lat="-33.912741" lon="18.416866">
				 <ele>26.5</ele>
			 </trkpt>
			 <trkpt lat="-33.912673" lon="18.41681">
				 <ele>25.8</ele>
			 </trkpt>
			 <trkpt lat="-33.912565" lon="18.41673">
				 <ele>25.4</ele>
			 </trkpt>
			 <trkpt lat="-33.912331" lon="18.416535">
				 <ele>24.7</ele>
			 </trkpt>
			 <trkpt lat="-33.912119" lon="18.416359">
				 <ele>24.1</ele>
			 </trkpt>
			 <trkpt lat="-33.911868" lon="18.416137">
				 <ele>23.5</ele>
			 </trkpt>
			 <trkpt lat="-33.911639" lon="18.415923">
				 <ele>22.7</ele>
			 </trkpt>
			 <trkpt lat="-33.911414" lon="18.415699">
				 <ele>22</ele>
			 </trkpt>
			 <trkpt lat="-33.91117" lon="18.415452">
				 <ele>21.4</ele>
			 </trkpt>
			 <trkpt lat="-33.911053" lon="18.415308">
				 <ele>21.4</ele>
			 </trkpt>
			 <trkpt lat="-33.910876" lon="18.415104">
				 <ele>21.2</ele>
			 </trkpt>
			 <trkpt lat="-33.910464" lon="18.414653">
				 <ele>20.7</ele>
			 </trkpt>
			 <trkpt lat="-33.910223" lon="18.414387">
				 <ele>20.5</ele>
			 </trkpt>
			 <trkpt lat="-33.909927" lon="18.414053">
				 <ele>20.3</ele>
			 </trkpt>
			 <trkpt lat="-33.909547" lon="18.413604">
				 <ele>20.2</ele>
			 </trkpt>
			 <trkpt lat="-33.909388" lon="18.413405">
				 <ele>20.1</ele>
			 </trkpt>
			 <trkpt lat="-33.909215" lon="18.413212">
				 <ele>20.1</ele>
			 </trkpt>
			 <trkpt lat="-33.909036" lon="18.412991">
				 <ele>20.3</ele>
			 </trkpt>
			 <trkpt lat="-33.908944" lon="18.412877">
				 <ele>20.5</ele>
			 </trkpt>
			 <trkpt lat="-33.90887" lon="18.412761">
				 <ele>20.5</ele>
			 </trkpt>
			 <trkpt lat="-33.908807" lon="18.412643">
				 <ele>20.1</ele>
			 </trkpt>
			 <trkpt lat="-33.908728" lon="18.412477">
				 <ele>19.6</ele>
			 </trkpt>
			 <trkpt lat="-33.908639" lon="18.412242">
				 <ele>19.4</ele>
			 </trkpt>
			 <trkpt lat="-33.908493" lon="18.411849">
				 <ele>19</ele>
			 </trkpt>
			 <trkpt lat="-33.908423" lon="18.411682">
				 <ele>18.5</ele>
			 </trkpt>
			 <trkpt lat="-33.90835" lon="18.411495">
				 <ele>17.9</ele>
			 </trkpt>
			 <trkpt lat="-33.90832" lon="18.411418">
				 <ele>17.3</ele>
			 </trkpt>
			 <trkpt lat="-33.908287" lon="18.411325">
				 <ele>16.5</ele>
			 </trkpt>
			 <trkpt lat="-33.908262" lon="18.411261">
				 <ele>15.5</ele>
			 </trkpt>
			 <trkpt lat="-33.908124" lon="18.411223">
				 <ele>14.5</ele>
			 </trkpt>
			 <trkpt lat="-33.908031" lon="18.411173">
				 <ele>13.5</ele>
			 </trkpt>
			 <trkpt lat="-33.907922" lon="18.411088">
				 <ele>12.7</ele>
			 </trkpt>
			 <trkpt lat="-33.907813" lon="18.411017">
				 <ele>12</ele>
			 </trkpt>
			 <trkpt lat="-33.90768" lon="18.410951">
				 <ele>11.4</ele>
			 </trkpt>
			 <trkpt lat="-33.907615" lon="18.410918">
				 <ele>10.8</ele>
			 </trkpt>
			 <trkpt lat="-33.907548" lon="18.410817">
				 <ele>10.5</ele>
			 </trkpt>
			 <trkpt lat="-33.907522" lon="18.410736">
				 <ele>10.4</ele>
			 </trkpt>
			 <trkpt lat="-33.907513" lon="18.410698">
				 <ele>10.4</ele>
			 </trkpt>
			 <trkpt lat="-33.907524" lon="18.410545">
				 <ele>10.6</ele>
			 </trkpt>
			 <trkpt lat="-33.907539" lon="18.410473">
				 <ele>11.2</ele>
			 </trkpt>
			 <trkpt lat="-33.907554" lon="18.41041">
				 <ele>11.8</ele>
			 </trkpt>
			 <trkpt lat="-33.907588" lon="18.410328">
				 <ele>12.5</ele>
			 </trkpt>
			 <trkpt lat="-33.907593" lon="18.410225">
				 <ele>13.3</ele>
			 </trkpt>
			 <trkpt lat="-33.907596" lon="18.410121">
				 <ele>13.9</ele>
			 </trkpt>
			 <trkpt lat="-33.907578" lon="18.40997">
				 <ele>14.5</ele>
			 </trkpt>
			 <trkpt lat="-33.907563" lon="18.409884">
				 <ele>15</ele>
			 </trkpt>
			 <trkpt lat="-33.907557" lon="18.4098">
				 <ele>15.4</ele>
			 </trkpt>
			 <trkpt lat="-33.907583" lon="18.40973">
				 <ele>15.5</ele>
			 </trkpt>
			 <trkpt lat="-33.907625" lon="18.409636">
				 <ele>15.5</ele>
			 </trkpt>
			 <trkpt lat="-33.907653" lon="18.40958">
				 <ele>15.4</ele>
			 </trkpt>
			 <trkpt lat="-33.907672" lon="18.409506">
				 <ele>15.1</ele>
			 </trkpt>
			 <trkpt lat="-33.90764" lon="18.409394">
				 <ele>14.9</ele>
			 </trkpt>
			 <trkpt lat="-33.907627" lon="18.409292">
				 <ele>14.6</ele>
			 </trkpt>
			 <trkpt lat="-33.907598" lon="18.409175">
				 <ele>14.4</ele>
			 </trkpt>
			 <trkpt lat="-33.907547" lon="18.409021">
				 <ele>14.2</ele>
			 </trkpt>
			 <trkpt lat="-33.907493" lon="18.408854">
				 <ele>14</ele>
			 </trkpt>
			 <trkpt lat="-33.907454" lon="18.408706">
				 <ele>13.8</ele>
			 </trkpt>
			 <trkpt lat="-33.907431" lon="18.40858">
				 <ele>13.6</ele>
			 </trkpt>
			 <trkpt lat="-33.907417" lon="18.408488">
				 <ele>13.5</ele>
			 </trkpt>
			 <trkpt lat="-33.907404" lon="18.408311">
				 <ele>13.3</ele>
			 </trkpt>
			 <trkpt lat="-33.907406" lon="18.408102">
				 <ele>13.1</ele>
			 </trkpt>
			 <trkpt lat="-33.907413" lon="18.407929">
				 <ele>13</ele>
			 </trkpt>
			 <trkpt lat="-33.907428" lon="18.407655">
				 <ele>12.8</ele>
			 </trkpt>
			 <trkpt lat="-33.907453" lon="18.407283">
				 <ele>12.7</ele>
			 </trkpt>
			 <trkpt lat="-33.90748" lon="18.406951">
				 <ele>12.7</ele>
			 </trkpt>
			 <trkpt lat="-33.907492" lon="18.406734">
				 <ele>12.6</ele>
			 </trkpt>
			 <trkpt lat="-33.907507" lon="18.40655">
				 <ele>12.3</ele>
			 </trkpt>
			 <trkpt lat="-33.907522" lon="18.406328">
				 <ele>11.9</ele>
			 </trkpt>
			 <trkpt lat="-33.907537" lon="18.406059">
				 <ele>11.7</ele>
			 </trkpt>
			 <trkpt lat="-33.907563" lon="18.405717">
				 <ele>11.9</ele>
			 </trkpt>
			 <trkpt lat="-33.907598" lon="18.405237">
				 <ele>12.3</ele>
			 </trkpt>
			 <trkpt lat="-33.90762" lon="18.404831">
				 <ele>12.6</ele>
			 </trkpt>
			 <trkpt lat="-33.907638" lon="18.404552">
				 <ele>12.8</ele>
			 </trkpt>
			 <trkpt lat="-33.907655" lon="18.40428">
				 <ele>12.8</ele>
			 </trkpt>
			 <trkpt lat="-33.907686" lon="18.403922">
				 <ele>12.7</ele>
			 </trkpt>
			 <trkpt lat="-33.90771" lon="18.403557">
				 <ele>12.5</ele>
			 </trkpt>
			 <trkpt lat="-33.907732" lon="18.403236">
				 <ele>12.4</ele>
			 </trkpt>
			 <trkpt lat="-33.907755" lon="18.402959">
				 <ele>12.6</ele>
			 </trkpt>
			 <trkpt lat="-33.907778" lon="18.402571">
				 <ele>13</ele>
			 </trkpt>
			 <trkpt lat="-33.907814" lon="18.402123">
				 <ele>13.3</ele>
			 </trkpt>
			 <trkpt lat="-33.907823" lon="18.401956">
				 <ele>13.3</ele>
			 </trkpt>
			 <trkpt lat="-33.90785" lon="18.401503">
				 <ele>13.2</ele>
			 </trkpt>
			 <trkpt lat="-33.907879" lon="18.401046">
				 <ele>13.1</ele>
			 </trkpt>
			 <trkpt lat="-33.907909" lon="18.400673">
				 <ele>13</ele>
			 </trkpt>
			 <trkpt lat="-33.907916" lon="18.40056">
				 <ele>13.1</ele>
			 </trkpt>
			 <trkpt lat="-33.907938" lon="18.40019">
				 <ele>13.3</ele>
			 </trkpt>
			 <trkpt lat="-33.907958" lon="18.399902">
				 <ele>13.5</ele>
			 </trkpt>
			 <trkpt lat="-33.907979" lon="18.399619">
				 <ele>13.6</ele>
			 </trkpt>
			 <trkpt lat="-33.907995" lon="18.399351">
				 <ele>13.5</ele>
			 </trkpt>
			 <trkpt lat="-33.90801" lon="18.399086">
				 <ele>13.4</ele>
			 </trkpt>
			 <trkpt lat="-33.908029" lon="18.398813">
				 <ele>13.3</ele>
			 </trkpt>
			 <trkpt lat="-33.908046" lon="18.3985">
				 <ele>13.2</ele>
			 </trkpt>
			 <trkpt lat="-33.908058" lon="18.398271">
				 <ele>13.2</ele>
			 </trkpt>
			 <trkpt lat="-33.908065" lon="18.398124">
				 <ele>13.2</ele>
			 </trkpt>
			 <trkpt lat="-33.908086" lon="18.397925">
				 <ele>13.3</ele>
			 </trkpt>
			 <trkpt lat="-33.908109" lon="18.397783">
				 <ele>13.4</ele>
			 </trkpt>
			 <trkpt lat="-33.908124" lon="18.397689">
				 <ele>13.4</ele>
			 </trkpt>
			 <trkpt lat="-33.908141" lon="18.397606">
				 <ele>13.5</ele>
			 </trkpt>
			 <trkpt lat="-33.908154" lon="18.397525">
				 <ele>13.5</ele>
			 </trkpt>
			 <trkpt lat="-33.908128" lon="18.397482">
				 <ele>13.6</ele>
			 </trkpt>
			 <trkpt lat="-33.908085" lon="18.397461">
				 <ele>13.6</ele>
			 </trkpt>
			 <trkpt lat="-33.907911" lon="18.39737">
				 <ele>13.5</ele>
			 </trkpt>
			 <trkpt lat="-33.907671" lon="18.397247">
				 <ele>13.3</ele>
			 </trkpt>
			 <trkpt lat="-33.907452" lon="18.397151">
				 <ele>13</ele>
			 </trkpt>
			 <trkpt lat="-33.90734" lon="18.397097">
				 <ele>12.7</ele>
			 </trkpt>
			 <trkpt lat="-33.907264" lon="18.397064">
				 <ele>12.5</ele>
			 </trkpt>
			 <trkpt lat="-33.907197" lon="18.397018">
				 <ele>12.4</ele>
			 </trkpt>
			 <trkpt lat="-33.907169" lon="18.396979">
				 <ele>12.1</ele>
			 </trkpt>
			 <trkpt lat="-33.907159" lon="18.396936">
				 <ele>11.6</ele>
			 </trkpt>
			 <trkpt lat="-33.907162" lon="18.396892">
				 <ele>11.2</ele>
			 </trkpt>
			 <trkpt lat="-33.907205" lon="18.396744">
				 <ele>10.6</ele>
			 </trkpt>
			 <trkpt lat="-33.907282" lon="18.396516">
				 <ele>10.2</ele>
			 </trkpt>
			 <trkpt lat="-33.907372" lon="18.396273">
				 <ele>9.7</ele>
			 </trkpt>
			 <trkpt lat="-33.90744" lon="18.39606">
				 <ele>9.3</ele>
			 </trkpt>
			 <trkpt lat="-33.907518" lon="18.395833">
				 <ele>8.9</ele>
			 </trkpt>
			 <trkpt lat="-33.907613" lon="18.39557">
				 <ele>8.6</ele>
			 </trkpt>
			 <trkpt lat="-33.907661" lon="18.395445">
				 <ele>8.5</ele>
			 </trkpt>
			 <trkpt lat="-33.907724" lon="18.395321">
				 <ele>8.4</ele>
			 </trkpt>
			 <trkpt lat="-33.907806" lon="18.395158">
				 <ele>8.5</ele>
			 </trkpt>
			 <trkpt lat="-33.907886" lon="18.395028">
				 <ele>8.8</ele>
			 </trkpt>
			 <trkpt lat="-33.907995" lon="18.394878">
				 <ele>9.3</ele>
			 </trkpt>
			 <trkpt lat="-33.908095" lon="18.394742">
				 <ele>9.9</ele>
			 </trkpt>
			 <trkpt lat="-33.908264" lon="18.394521">
				 <ele>10.5</ele>
			 </trkpt>
			 <trkpt lat="-33.908396" lon="18.39436">
				 <ele>11</ele>
			 </trkpt>
			 <trkpt lat="-33.908572" lon="18.394158">
				 <ele>11.5</ele>
			 </trkpt>
			 <trkpt lat="-33.908709" lon="18.393973">
				 <ele>11.9</ele>
			 </trkpt>
			 <trkpt lat="-33.908815" lon="18.393844">
				 <ele>12.1</ele>
			 </trkpt>
			 <trkpt lat="-33.90894" lon="18.393692">
				 <ele>12.1</ele>
			 </trkpt>
			 <trkpt lat="-33.909002" lon="18.393606">
				 <ele>12.1</ele>
			 </trkpt>
			 <trkpt lat="-33.909052" lon="18.393526">
				 <ele>12</ele>
			 </trkpt>
			 <trkpt lat="-33.909111" lon="18.393407">
				 <ele>11.6</ele>
			 </trkpt>
			 <trkpt lat="-33.909156" lon="18.393303">
				 <ele>11.3</ele>
			 </trkpt>
			 <trkpt lat="-33.909263" lon="18.393022">
				 <ele>11.1</ele>
			 </trkpt>
			 <trkpt lat="-33.909369" lon="18.392736">
				 <ele>11.2</ele>
			 </trkpt>
			 <trkpt lat="-33.909477" lon="18.392447">
				 <ele>11.5</ele>
			 </trkpt>
			 <trkpt lat="-33.909547" lon="18.392247">
				 <ele>11.9</ele>
			 </trkpt>
			 <trkpt lat="-33.90965" lon="18.391968">
				 <ele>12.4</ele>
			 </trkpt>
			 <trkpt lat="-33.909768" lon="18.391695">
				 <ele>12.7</ele>
			 </trkpt>
			 <trkpt lat="-33.909854" lon="18.391526">
				 <ele>13</ele>
			 </trkpt>
			 <trkpt lat="-33.909937" lon="18.391387">
				 <ele>13.1</ele>
			 </trkpt>
			 <trkpt lat="-33.91009" lon="18.391162">
				 <ele>13.1</ele>
			 </trkpt>
			 <trkpt lat="-33.910156" lon="18.391077">
				 <ele>13.1</ele>
			 </trkpt>
			 <trkpt lat="-33.910272" lon="18.39091">
				 <ele>13.2</ele>
			 </trkpt>
			 <trkpt lat="-33.910379" lon="18.390763">
				 <ele>13.1</ele>
			 </trkpt>
			 <trkpt lat="-33.910508" lon="18.390585">
				 <ele>12.7</ele>
			 </trkpt>
			 <trkpt lat="-33.910724" lon="18.390296">
				 <ele>12.2</ele>
			 </trkpt>
			 <trkpt lat="-33.910833" lon="18.390154">
				 <ele>11.6</ele>
			 </trkpt>
			 <trkpt lat="-33.910972" lon="18.389973">
				 <ele>11.1</ele>
			 </trkpt>
			 <trkpt lat="-33.911033" lon="18.389889">
				 <ele>10.7</ele>
			 </trkpt>
			 <trkpt lat="-33.911295" lon="18.389561">
				 <ele>10.4</ele>
			 </trkpt>
			 <trkpt lat="-33.91143" lon="18.389395">
				 <ele>10.1</ele>
			 </trkpt>
			 <trkpt lat="-33.911549" lon="18.389251">
				 <ele>10</ele>
			 </trkpt>
			 <trkpt lat="-33.911642" lon="18.389162">
				 <ele>10</ele>
			 </trkpt>
			 <trkpt lat="-33.911773" lon="18.389052">
				 <ele>9.8</ele>
			 </trkpt>
			 <trkpt lat="-33.911917" lon="18.388942">
				 <ele>9.5</ele>
			 </trkpt>
			 <trkpt lat="-33.912045" lon="18.388861">
				 <ele>9.5</ele>
			 </trkpt>
			 <trkpt lat="-33.912213" lon="18.38876">
				 <ele>9.4</ele>
			 </trkpt>
			 <trkpt lat="-33.912368" lon="18.388668">
				 <ele>9.4</ele>
			 </trkpt>
			 <trkpt lat="-33.912486" lon="18.388595">
				 <ele>9.3</ele>
			 </trkpt>
			 <trkpt lat="-33.912725" lon="18.388457">
				 <ele>9.2</ele>
			 </trkpt>
			 <trkpt lat="-33.912889" lon="18.38836">
				 <ele>9.1</ele>
			 </trkpt>
			 <trkpt lat="-33.913039" lon="18.388277">
				 <ele>8.9</ele>
			 </trkpt>
			 <trkpt lat="-33.913369" lon="18.388072">
				 <ele>8.6</ele>
			 </trkpt>
			 <trkpt lat="-33.913533" lon="18.387976">
				 <ele>8.5</ele>
			 </trkpt>
			 <trkpt lat="-33.913742" lon="18.387858">
				 <ele>8.6</ele>
			 </trkpt>
			 <trkpt lat="-33.91396" lon="18.387728">
				 <ele>8.9</ele>
			 </trkpt>
			 <trkpt lat="-33.91418" lon="18.387598">
				 <ele>9.2</ele>
			 </trkpt>
			 <trkpt lat="-33.914407" lon="18.387463">
				 <ele>9.5</ele>
			 </trkpt>
			 <trkpt lat="-33.91459" lon="18.38735">
				 <ele>9.8</ele>
			 </trkpt>
			 <trkpt lat="-33.914779" lon="18.387243">
				 <ele>10.1</ele>
			 </trkpt>
			 <trkpt lat="-33.914888" lon="18.387177">
				 <ele>10.4</ele>
			 </trkpt>
			 <trkpt lat="-33.915049" lon="18.387094">
				 <ele>10.8</ele>
			 </trkpt>
			 <trkpt lat="-33.915274" lon="18.386986">
				 <ele>11.6</ele>
			 </trkpt>
			 <trkpt lat="-33.915446" lon="18.386928">
				 <ele>12.4</ele>
			 </trkpt>
			 <trkpt lat="-33.915602" lon="18.386884">
				 <ele>12.7</ele>
			 </trkpt>
			 <trkpt lat="-33.915835" lon="18.386815">
				 <ele>13</ele>
			 </trkpt>
			 <trkpt lat="-33.916097" lon="18.38673">
				 <ele>13.1</ele>
			 </trkpt>
			 <trkpt lat="-33.91636" lon="18.386644">
				 <ele>13.1</ele>
			 </trkpt>
			 <trkpt lat="-33.916579" lon="18.386582">
				 <ele>13</ele>
			 </trkpt>
			 <trkpt lat="-33.916863" lon="18.386497">
				 <ele>12.9</ele>
			 </trkpt>
			 <trkpt lat="-33.917024" lon="18.386438">
				 <ele>13</ele>
			 </trkpt>
			 <trkpt lat="-33.917229" lon="18.386362">
				 <ele>13.1</ele>
			 </trkpt>
			 <trkpt lat="-33.917353" lon="18.38631">
				 <ele>13.2</ele>
			 </trkpt>
			 <trkpt lat="-33.917483" lon="18.386252">
				 <ele>13</ele>
			 </trkpt>
			 <trkpt lat="-33.917742" lon="18.386125">
				 <ele>12.8</ele>
			 </trkpt>
			 <trkpt lat="-33.91788" lon="18.38604">
				 <ele>12.7</ele>
			 </trkpt>
			 <trkpt lat="-33.917978" lon="18.38597">
				 <ele>12.5</ele>
			 </trkpt>
			 <trkpt lat="-33.918161" lon="18.385843">
				 <ele>12.4</ele>
			 </trkpt>
			 <trkpt lat="-33.918282" lon="18.385748">
				 <ele>12.4</ele>
			 </trkpt>
			 <trkpt lat="-33.918368" lon="18.385679">
				 <ele>12.6</ele>
			 </trkpt>
			 <trkpt lat="-33.918448" lon="18.385599">
				 <ele>12.8</ele>
			 </trkpt>
			 <trkpt lat="-33.918509" lon="18.385522">
				 <ele>12.8</ele>
			 </trkpt>
			 <trkpt lat="-33.918627" lon="18.385357">
				 <ele>12.7</ele>
			 </trkpt>
			 <trkpt lat="-33.918739" lon="18.385188">
				 <ele>12.5</ele>
			 </trkpt>
			 <trkpt lat="-33.918857" lon="18.384996">
				 <ele>12.6</ele>
			 </trkpt>
			 <trkpt lat="-33.919039" lon="18.384708">
				 <ele>12.8</ele>
			 </trkpt>
			 <trkpt lat="-33.919096" lon="18.384595">
				 <ele>13.3</ele>
			 </trkpt>
			 <trkpt lat="-33.919171" lon="18.384434">
				 <ele>13.9</ele>
			 </trkpt>
			 <trkpt lat="-33.919232" lon="18.38429">
				 <ele>14.5</ele>
			 </trkpt>
			 <trkpt lat="-33.919445" lon="18.383808">
				 <ele>15</ele>
			 </trkpt>
			 <trkpt lat="-33.919519" lon="18.383604">
				 <ele>15.2</ele>
			 </trkpt>
			 <trkpt lat="-33.919695" lon="18.383137">
				 <ele>15.4</ele>
			 </trkpt>
			 <trkpt lat="-33.91982" lon="18.382813">
				 <ele>15.6</ele>
			 </trkpt>
			 <trkpt lat="-33.920142" lon="18.382099">
				 <ele>15.8</ele>
			 </trkpt>
			 <trkpt lat="-33.920196" lon="18.381971">
				 <ele>15.5</ele>
			 </trkpt>
			 <trkpt lat="-33.920259" lon="18.381828">
				 <ele>15.1</ele>
			 </trkpt>
			 <trkpt lat="-33.92032" lon="18.381707">
				 <ele>15</ele>
			 </trkpt>
			 <trkpt lat="-33.920459" lon="18.381454">
				 <ele>14.7</ele>
			 </trkpt>
			 <trkpt lat="-33.920721" lon="18.380959">
				 <ele>14.3</ele>
			 </trkpt>
			 <trkpt lat="-33.920996" lon="18.380404">
				 <ele>13.9</ele>
			 </trkpt>
			 <trkpt lat="-33.92111" lon="18.380189">
				 <ele>13.5</ele>
			 </trkpt>
			 <trkpt lat="-33.92136" lon="18.379681">
				 <ele>12.9</ele>
			 </trkpt>
			 <trkpt lat="-33.921499" lon="18.379424">
				 <ele>12.4</ele>
			 </trkpt>
			 <trkpt lat="-33.921559" lon="18.37926">
				 <ele>11.8</ele>
			 </trkpt>
			 <trkpt lat="-33.921582" lon="18.379176">
				 <ele>11.4</ele>
			 </trkpt>
			 <trkpt lat="-33.921567" lon="18.379077">
				 <ele>11.5</ele>
			 </trkpt>
			 <trkpt lat="-33.921522" lon="18.379031">
				 <ele>11.5</ele>
			 </trkpt>
			 <trkpt lat="-33.921461" lon="18.37899">
				 <ele>11</ele>
			 </trkpt>
			 <trkpt lat="-33.921406" lon="18.378987">
				 <ele>10.2</ele>
			 </trkpt>
			 <trkpt lat="-33.921345" lon="18.379012">
				 <ele>9.7</ele>
			 </trkpt>
			 <trkpt lat="-33.921277" lon="18.379113">
				 <ele>9.5</ele>
			 </trkpt>
			 <trkpt lat="-33.92118" lon="18.379319">
				 <ele>9.5</ele>
			 </trkpt>
			 <trkpt lat="-33.921072" lon="18.379588">
				 <ele>9.5</ele>
			 </trkpt>
			 <trkpt lat="-33.920796" lon="18.380167">
				 <ele>9.7</ele>
			 </trkpt>
			 <trkpt lat="-33.92053" lon="18.380681">
				 <ele>9.9</ele>
			 </trkpt>
			 <trkpt lat="-33.920286" lon="18.381165">
				 <ele>10.1</ele>
			 </trkpt>
			 <trkpt lat="-33.920101" lon="18.381469">
				 <ele>10.1</ele>
			 </trkpt>
			 <trkpt lat="-33.919984" lon="18.381564">
				 <ele>10</ele>
			 </trkpt>
			 <trkpt lat="-33.919882" lon="18.381638">
				 <ele>10</ele>
			 </trkpt>
			 <trkpt lat="-33.919785" lon="18.381666">
				 <ele>10.4</ele>
			 </trkpt>
			 <trkpt lat="-33.91973" lon="18.381689">
				 <ele>10.5</ele>
			 </trkpt>
			 <trkpt lat="-33.919534" lon="18.381742">
				 <ele>10.4</ele>
			 </trkpt>
			 <trkpt lat="-33.919356" lon="18.381821">
				 <ele>9.9</ele>
			 </trkpt>
			 <trkpt lat="-33.919254" lon="18.381894">
				 <ele>9.5</ele>
			 </trkpt>
			 <trkpt lat="-33.919169" lon="18.381979">
				 <ele>9</ele>
			 </trkpt>
			 <trkpt lat="-33.919085" lon="18.382112">
				 <ele>8.6</ele>
			 </trkpt>
			 <trkpt lat="-33.919011" lon="18.382304">
				 <ele>8.5</ele>
			 </trkpt>
			 <trkpt lat="-33.918967" lon="18.382498">
				 <ele>8.5</ele>
			 </trkpt>
			 <trkpt lat="-33.91896" lon="18.38267">
				 <ele>8.8</ele>
			 </trkpt>
			 <trkpt lat="-33.918981" lon="18.382857">
				 <ele>9.1</ele>
			 </trkpt>
			 <trkpt lat="-33.919014" lon="18.383038">
				 <ele>9.3</ele>
			 </trkpt>
			 <trkpt lat="-33.919074" lon="18.38327">
				 <ele>9.5</ele>
			 </trkpt>
			 <trkpt lat="-33.919124" lon="18.383531">
				 <ele>9.7</ele>
			 </trkpt>
			 <trkpt lat="-33.919162" lon="18.383788">
				 <ele>10.2</ele>
			 </trkpt>
			 <trkpt lat="-33.919149" lon="18.384068">
				 <ele>10.7</ele>
			 </trkpt>
			 <trkpt lat="-33.919104" lon="18.384278">
				 <ele>11</ele>
			 </trkpt>
			 <trkpt lat="-33.919075" lon="18.384359">
				 <ele>11.1</ele>
			 </trkpt>
			 <trkpt lat="-33.918981" lon="18.384572">
				 <ele>11.2</ele>
			 </trkpt>
			 <trkpt lat="-33.91892" lon="18.384695">
				 <ele>11.2</ele>
			 </trkpt>
			 <trkpt lat="-33.918845" lon="18.384825">
				 <ele>11.3</ele>
			 </trkpt>
			 <trkpt lat="-33.918693" lon="18.385076">
				 <ele>11.3</ele>
			 </trkpt>
			 <trkpt lat="-33.918559" lon="18.385318">
				 <ele>11.3</ele>
			 </trkpt>
			 <trkpt lat="-33.918428" lon="18.385487">
				 <ele>11.2</ele>
			 </trkpt>
			 <trkpt lat="-33.918342" lon="18.385581">
				 <ele>11.1</ele>
			 </trkpt>
			 <trkpt lat="-33.918152" lon="18.385737">
				 <ele>11</ele>
			 </trkpt>
			 <trkpt lat="-33.917965" lon="18.385872">
				 <ele>10.9</ele>
			 </trkpt>
			 <trkpt lat="-33.917753" lon="18.385995">
				 <ele>11.2</ele>
			 </trkpt>
			 <trkpt lat="-33.917524" lon="18.386121">
				 <ele>11.6</ele>
			 </trkpt>
			 <trkpt lat="-33.917306" lon="18.386228">
				 <ele>11.8</ele>
			 </trkpt>
			 <trkpt lat="-33.917165" lon="18.38629">
				 <ele>11.9</ele>
			 </trkpt>
			 <trkpt lat="-33.91695" lon="18.386358">
				 <ele>11.6</ele>
			 </trkpt>
			 <trkpt lat="-33.91675" lon="18.386418">
				 <ele>11.5</ele>
			 </trkpt>
			 <trkpt lat="-33.916515" lon="18.386487">
				 <ele>11.5</ele>
			 </trkpt>
			 <trkpt lat="-33.916261" lon="18.386561">
				 <ele>11.6</ele>
			 </trkpt>
			 <trkpt lat="-33.916161" lon="18.386593">
				 <ele>11.5</ele>
			 </trkpt>
			 <trkpt lat="-33.915847" lon="18.386684">
				 <ele>11.4</ele>
			 </trkpt>
			 <trkpt lat="-33.915569" lon="18.38678">
				 <ele>10.9</ele>
			 </trkpt>
			 <trkpt lat="-33.915368" lon="18.386858">
				 <ele>10.3</ele>
			 </trkpt>
			 <trkpt lat="-33.915189" lon="18.386923">
				 <ele>9.5</ele>
			 </trkpt>
			 <trkpt lat="-33.915037" lon="18.387">
				 <ele>9.1</ele>
			 </trkpt>
			 <trkpt lat="-33.91474" lon="18.387159">
				 <ele>8.7</ele>
			 </trkpt>
			 <trkpt lat="-33.914472" lon="18.387324">
				 <ele>8.6</ele>
			 </trkpt>
			 <trkpt lat="-33.914292" lon="18.387431">
				 <ele>8.5</ele>
			 </trkpt>
			 <trkpt lat="-33.914097" lon="18.387542">
				 <ele>8.2</ele>
			 </trkpt>
			 <trkpt lat="-33.913905" lon="18.387649">
				 <ele>7.8</ele>
			 </trkpt>
			 <trkpt lat="-33.913603" lon="18.387829">
				 <ele>7.6</ele>
			 </trkpt>
			 <trkpt lat="-33.913293" lon="18.388005">
				 <ele>7.6</ele>
			 </trkpt>
			 <trkpt lat="-33.91314" lon="18.388092">
				 <ele>7.8</ele>
			 </trkpt>
			 <trkpt lat="-33.913016" lon="18.388161">
				 <ele>8</ele>
			 </trkpt>
			 <trkpt lat="-33.912757" lon="18.388314">
				 <ele>8.2</ele>
			 </trkpt>
			 <trkpt lat="-33.912435" lon="18.388516">
				 <ele>8.4</ele>
			 </trkpt>
			 <trkpt lat="-33.912306" lon="18.388601">
				 <ele>8.5</ele>
			 </trkpt>
			 <trkpt lat="-33.91214" lon="18.388696">
				 <ele>8.5</ele>
			 </trkpt>
			 <trkpt lat="-33.911913" lon="18.388837">
				 <ele>8.5</ele>
			 </trkpt>
			 <trkpt lat="-33.911805" lon="18.388919">
				 <ele>8.5</ele>
			 </trkpt>
			 <trkpt lat="-33.911643" lon="18.38905">
				 <ele>8.9</ele>
			 </trkpt>
			 <trkpt lat="-33.911438" lon="18.389277">
				 <ele>9.3</ele>
			 </trkpt>
			 <trkpt lat="-33.911192" lon="18.389574">
				 <ele>9.6</ele>
			 </trkpt>
			 <trkpt lat="-33.910965" lon="18.38985">
				 <ele>10.1</ele>
			 </trkpt>
			 <trkpt lat="-33.910716" lon="18.390161">
				 <ele>10.5</ele>
			 </trkpt>
			 <trkpt lat="-33.910501" lon="18.390446">
				 <ele>10.9</ele>
			 </trkpt>
			 <trkpt lat="-33.910325" lon="18.39068">
				 <ele>11.1</ele>
			 </trkpt>
			 <trkpt lat="-33.910176" lon="18.390899">
				 <ele>11.2</ele>
			 </trkpt>
			 <trkpt lat="-33.910006" lon="18.391127">
				 <ele>11.3</ele>
			 </trkpt>
			 <trkpt lat="-33.909861" lon="18.391338">
				 <ele>11.5</ele>
			 </trkpt>
			 <trkpt lat="-33.909773" lon="18.391499">
				 <ele>11.6</ele>
			 </trkpt>
			 <trkpt lat="-33.909696" lon="18.39166">
				 <ele>11.5</ele>
			 </trkpt>
			 <trkpt lat="-33.909609" lon="18.391874">
				 <ele>11.3</ele>
			 </trkpt>
			 <trkpt lat="-33.909523" lon="18.392124">
				 <ele>11</ele>
			 </trkpt>
			 <trkpt lat="-33.909427" lon="18.392384">
				 <ele>10.6</ele>
			 </trkpt>
			 <trkpt lat="-33.90934" lon="18.392634">
				 <ele>10.4</ele>
			 </trkpt>
			 <trkpt lat="-33.90923" lon="18.392923">
				 <ele>10.3</ele>
			 </trkpt>
			 <trkpt lat="-33.909118" lon="18.39318">
				 <ele>10.4</ele>
			 </trkpt>
			 <trkpt lat="-33.909058" lon="18.393323">
				 <ele>10.5</ele>
			 </trkpt>
			 <trkpt lat="-33.909001" lon="18.393436">
				 <ele>10.6</ele>
			 </trkpt>
			 <trkpt lat="-33.908942" lon="18.393526">
				 <ele>10.5</ele>
			 </trkpt>
			 <trkpt lat="-33.908868" lon="18.393622">
				 <ele>10.3</ele>
			 </trkpt>
			 <trkpt lat="-33.908789" lon="18.393724">
				 <ele>10</ele>
			 </trkpt>
			 <trkpt lat="-33.908628" lon="18.393916">
				 <ele>9.7</ele>
			 </trkpt>
			 <trkpt lat="-33.908481" lon="18.3941">
				 <ele>9.4</ele>
			 </trkpt>
			 <trkpt lat="-33.908269" lon="18.394361">
				 <ele>8.9</ele>
			 </trkpt>
			 <trkpt lat="-33.908102" lon="18.39458">
				 <ele>8.5</ele>
			 </trkpt>
			 <trkpt lat="-33.90795" lon="18.394774">
				 <ele>8.2</ele>
			 </trkpt>
			 <trkpt lat="-33.907867" lon="18.394888">
				 <ele>7.8</ele>
			 </trkpt>
			 <trkpt lat="-33.907776" lon="18.395012">
				 <ele>7.5</ele>
			 </trkpt>
			 <trkpt lat="-33.907701" lon="18.395138">
				 <ele>7.4</ele>
			 </trkpt>
			 <trkpt lat="-33.907595" lon="18.395347">
				 <ele>7.5</ele>
			 </trkpt>
			 <trkpt lat="-33.907498" lon="18.395598">
				 <ele>7.7</ele>
			 </trkpt>
			 <trkpt lat="-33.907423" lon="18.395829">
				 <ele>8</ele>
			 </trkpt>
			 <trkpt lat="-33.907366" lon="18.396002">
				 <ele>8.3</ele>
			 </trkpt>
			 <trkpt lat="-33.907276" lon="18.396233">
				 <ele>8.5</ele>
			 </trkpt>
			 <trkpt lat="-33.907181" lon="18.396457">
				 <ele>8.9</ele>
			 </trkpt>
			 <trkpt lat="-33.907096" lon="18.396671">
				 <ele>9.2</ele>
			 </trkpt>
			 <trkpt lat="-33.907029" lon="18.396821">
				 <ele>9.3</ele>
			 </trkpt>
			 <trkpt lat="-33.906959" lon="18.396994">
				 <ele>9.1</ele>
			 </trkpt>
			 <trkpt lat="-33.90685" lon="18.397237">
				 <ele>8.8</ele>
			 </trkpt>
			 <trkpt lat="-33.906724" lon="18.397543">
				 <ele>8.5</ele>
			 </trkpt>
			 <trkpt lat="-33.906581" lon="18.39785">
				 <ele>7.9</ele>
			 </trkpt>
			 <trkpt lat="-33.906511" lon="18.398042">
				 <ele>7.4</ele>
			 </trkpt>
			 <trkpt lat="-33.906446" lon="18.398278">
				 <ele>7</ele>
			 </trkpt>
			 <trkpt lat="-33.906416" lon="18.398436">
				 <ele>6.8</ele>
			 </trkpt>
			 <trkpt lat="-33.906397" lon="18.398682">
				 <ele>6.7</ele>
			 </trkpt>
			 <trkpt lat="-33.906397" lon="18.39883">
				 <ele>6.5</ele>
			 </trkpt>
			 <trkpt lat="-33.906408" lon="18.399022">
				 <ele>6.4</ele>
			 </trkpt>
			 <trkpt lat="-33.906444" lon="18.399285">
				 <ele>6.5</ele>
			 </trkpt>
			 <trkpt lat="-33.906489" lon="18.399523">
				 <ele>6.9</ele>
			 </trkpt>
			 <trkpt lat="-33.90653" lon="18.39976">
				 <ele>7.3</ele>
			 </trkpt>
			 <trkpt lat="-33.906592" lon="18.400042">
				 <ele>7.8</ele>
			 </trkpt>
			 <trkpt lat="-33.906651" lon="18.400306">
				 <ele>8.5</ele>
			 </trkpt>
			 <trkpt lat="-33.906716" lon="18.400644">
				 <ele>9.3</ele>
			 </trkpt>
			 <trkpt lat="-33.906768" lon="18.400923">
				 <ele>9.8</ele>
			 </trkpt>
			 <trkpt lat="-33.906816" lon="18.4012">
				 <ele>10.2</ele>
			 </trkpt>
			 <trkpt lat="-33.906872" lon="18.401563">
				 <ele>10.5</ele>
			 </trkpt>
			 <trkpt lat="-33.906913" lon="18.401853">
				 <ele>10.6</ele>
			 </trkpt>
			 <trkpt lat="-33.906946" lon="18.402152">
				 <ele>10.5</ele>
			 </trkpt>
			 <trkpt lat="-33.906976" lon="18.402435">
				 <ele>10.3</ele>
			 </trkpt>
			 <trkpt lat="-33.907002" lon="18.402711">
				 <ele>10</ele>
			 </trkpt>
			 <trkpt lat="-33.907027" lon="18.403041">
				 <ele>10</ele>
			 </trkpt>
			 <trkpt lat="-33.907048" lon="18.403472">
				 <ele>10</ele>
			 </trkpt>
			 <trkpt lat="-33.907059" lon="18.403803">
				 <ele>9.8</ele>
			 </trkpt>
			 <trkpt lat="-33.907063" lon="18.404035">
				 <ele>9.6</ele>
			 </trkpt>
			 <trkpt lat="-33.907063" lon="18.404359">
				 <ele>9.5</ele>
			 </trkpt>
			 <trkpt lat="-33.907053" lon="18.404764">
				 <ele>9.3</ele>
			 </trkpt>
			 <trkpt lat="-33.907041" lon="18.405178">
				 <ele>9.2</ele>
			 </trkpt>
			 <trkpt lat="-33.907018" lon="18.405645">
				 <ele>9.1</ele>
			 </trkpt>
			 <trkpt lat="-33.906988" lon="18.405967">
				 <ele>9.2</ele>
			 </trkpt>
			 <trkpt lat="-33.906963" lon="18.406161">
				 <ele>9.2</ele>
			 </trkpt>
			 <trkpt lat="-33.906946" lon="18.406236">
				 <ele>9</ele>
			 </trkpt>
			 <trkpt lat="-33.906924" lon="18.406284">
				 <ele>8.5</ele>
			 </trkpt>
			 <trkpt lat="-33.906892" lon="18.406316">
				 <ele>7.7</ele>
			 </trkpt>
			 <trkpt lat="-33.906818" lon="18.406341">
				 <ele>7</ele>
			 </trkpt>
			 <trkpt lat="-33.906683" lon="18.406396">
				 <ele>6.4</ele>
			 </trkpt>
			 <trkpt lat="-33.906535" lon="18.406464">
				 <ele>5.9</ele>
			 </trkpt>
			 <trkpt lat="-33.906363" lon="18.406541">
				 <ele>5.6</ele>
			 </trkpt>
			 <trkpt lat="-33.906273" lon="18.406593">
				 <ele>5.2</ele>
			 </trkpt>
			 <trkpt lat="-33.906108" lon="18.406733">
				 <ele>4.9</ele>
			 </trkpt>
			 <trkpt lat="-33.906008" lon="18.406826">
				 <ele>4.4</ele>
			 </trkpt>
			 <trkpt lat="-33.905921" lon="18.406908">
				 <ele>4</ele>
			 </trkpt>
		 </trkseg>
	 </trk>
</gpx>