<?xml version="1.0" encoding="UTF-8"?>
<gpx version="1.1" creator="Runruun Standard GPX Engine" xmlns="http://www.topografix.com/GPX/1/1">
  <metadata>
    <name>Cheorwon_DMZ_full</name>
  </metadata>
  <trk>
    <name>Cheorwon_DMZ_full</name>
    <trkseg>
      <trkpt lat="38.188115" lon="127.289507">
        <ele>169.8</ele>
      </trkpt>
      <trkpt lat="38.188127" lon="127.289463">
        <ele>169.9</ele>
      </trkpt>
      <trkpt lat="38.188126" lon="127.289405">
        <ele>170.0</ele>
      </trkpt>
      <trkpt lat="38.188127" lon="127.289348">
        <ele>170.0</ele>
      </trkpt>
      <trkpt lat="38.188129" lon="127.289291">
        <ele>170.1</ele>
      </trkpt>
      <trkpt lat="38.188131" lon="127.289234">
        <ele>170.2</ele>
      </trkpt>
      <trkpt lat="38.188132" lon="127.289177">
        <ele>170.3</ele>
      </trkpt>
      <trkpt lat="38.188134" lon="127.289120">
        <ele>170.4</ele>
      </trkpt>
      <trkpt lat="38.188136" lon="127.289062">
        <ele>170.5</ele>
      </trkpt>
      <trkpt lat="38.188138" lon="127.289005">
        <ele>170.6</ele>
      </trkpt>
      <trkpt lat="38.188140" lon="127.288948">
        <ele>170.7</ele>
      </trkpt>
      <trkpt lat="38.188143" lon="127.288891">
        <ele>170.9</ele>
      </trkpt>
      <trkpt lat="38.188148" lon="127.288834">
        <ele>171.0</ele>
      </trkpt>
      <trkpt lat="38.188161" lon="127.288780">
        <ele>171.1</ele>
      </trkpt>
      <trkpt lat="38.188176" lon="127.288726">
        <ele>171.3</ele>
      </trkpt>
      <trkpt lat="38.188198" lon="127.288677">
        <ele>171.3</ele>
      </trkpt>
      <trkpt lat="38.188227" lon="127.288633">
        <ele>171.3</ele>
      </trkpt>
      <trkpt lat="38.188260" lon="127.288595">
        <ele>171.3</ele>
      </trkpt>
      <trkpt lat="38.188300" lon="127.288569">
        <ele>171.3</ele>
      </trkpt>
      <trkpt lat="38.188334" lon="127.288531">
        <ele>171.4</ele>
      </trkpt>
      <trkpt lat="38.188361" lon="127.288487">
        <ele>171.5</ele>
      </trkpt>
      <trkpt lat="38.188379" lon="127.288434">
        <ele>171.5</ele>
      </trkpt>
      <trkpt lat="38.188386" lon="127.288378">
        <ele>171.5</ele>
      </trkpt>
      <trkpt lat="38.188383" lon="127.288322">
        <ele>171.7</ele>
      </trkpt>
      <trkpt lat="38.188371" lon="127.288267">
        <ele>172.0</ele>
      </trkpt>
      <trkpt lat="38.188348" lon="127.288218">
        <ele>172.4</ele>
      </trkpt>
      <trkpt lat="38.188340" lon="127.288163">
        <ele>172.7</ele>
      </trkpt>
      <trkpt lat="38.188338" lon="127.288106">
        <ele>173.0</ele>
      </trkpt>
      <trkpt lat="38.188337" lon="127.288049">
        <ele>173.2</ele>
      </trkpt>
      <trkpt lat="38.188335" lon="127.287992">
        <ele>173.5</ele>
      </trkpt>
      <trkpt lat="38.188334" lon="127.287934">
        <ele>173.8</ele>
      </trkpt>
      <trkpt lat="38.188348" lon="127.287880">
        <ele>174.0</ele>
      </trkpt>
      <trkpt lat="38.188361" lon="127.287825">
        <ele>174.1</ele>
      </trkpt>
      <trkpt lat="38.188375" lon="127.287771">
        <ele>174.3</ele>
      </trkpt>
      <trkpt lat="38.188392" lon="127.287718">
        <ele>174.1</ele>
      </trkpt>
      <trkpt lat="38.188409" lon="127.287665">
        <ele>173.9</ele>
      </trkpt>
      <trkpt lat="38.188426" lon="127.287612">
        <ele>173.7</ele>
      </trkpt>
      <trkpt lat="38.188443" lon="127.287559">
        <ele>173.5</ele>
      </trkpt>
      <trkpt lat="38.188460" lon="127.287506">
        <ele>173.3</ele>
      </trkpt>
      <trkpt lat="38.188477" lon="127.287453">
        <ele>173.1</ele>
      </trkpt>
      <trkpt lat="38.188494" lon="127.287400">
        <ele>172.9</ele>
      </trkpt>
      <trkpt lat="38.188511" lon="127.287347">
        <ele>172.7</ele>
      </trkpt>
      <trkpt lat="38.188528" lon="127.287294">
        <ele>172.5</ele>
      </trkpt>
      <trkpt lat="38.188545" lon="127.287241">
        <ele>172.2</ele>
      </trkpt>
      <trkpt lat="38.188562" lon="127.287188">
        <ele>172.0</ele>
      </trkpt>
      <trkpt lat="38.188579" lon="127.287135">
        <ele>171.8</ele>
      </trkpt>
      <trkpt lat="38.188596" lon="127.287082">
        <ele>171.6</ele>
      </trkpt>
      <trkpt lat="38.188613" lon="127.287029">
        <ele>171.4</ele>
      </trkpt>
      <trkpt lat="38.188630" lon="127.286976">
        <ele>171.2</ele>
      </trkpt>
      <trkpt lat="38.188647" lon="127.286923">
        <ele>171.0</ele>
      </trkpt>
      <trkpt lat="38.188655" lon="127.286897">
        <ele>172.0</ele>
      </trkpt>
      <trkpt lat="38.188672" lon="127.286844">
        <ele>171.9</ele>
      </trkpt>
      <trkpt lat="38.188689" lon="127.286791">
        <ele>171.8</ele>
      </trkpt>
      <trkpt lat="38.188706" lon="127.286738">
        <ele>171.7</ele>
      </trkpt>
      <trkpt lat="38.188723" lon="127.286685">
        <ele>171.6</ele>
      </trkpt>
      <trkpt lat="38.188740" lon="127.286632">
        <ele>171.4</ele>
      </trkpt>
      <trkpt lat="38.188757" lon="127.286579">
        <ele>171.3</ele>
      </trkpt>
      <trkpt lat="38.188774" lon="127.286526">
        <ele>171.2</ele>
      </trkpt>
      <trkpt lat="38.188791" lon="127.286473">
        <ele>171.1</ele>
      </trkpt>
      <trkpt lat="38.188808" lon="127.286420">
        <ele>171.0</ele>
      </trkpt>
      <trkpt lat="38.188826" lon="127.286368">
        <ele>171.0</ele>
      </trkpt>
      <trkpt lat="38.188844" lon="127.286315">
        <ele>171.1</ele>
      </trkpt>
      <trkpt lat="38.188862" lon="127.286263">
        <ele>171.2</ele>
      </trkpt>
      <trkpt lat="38.188880" lon="127.286211">
        <ele>171.3</ele>
      </trkpt>
      <trkpt lat="38.188898" lon="127.286158">
        <ele>171.3</ele>
      </trkpt>
      <trkpt lat="38.188916" lon="127.286106">
        <ele>171.4</ele>
      </trkpt>
      <trkpt lat="38.188934" lon="127.286053">
        <ele>171.5</ele>
      </trkpt>
      <trkpt lat="38.188952" lon="127.286001">
        <ele>171.5</ele>
      </trkpt>
      <trkpt lat="38.188970" lon="127.285948">
        <ele>171.6</ele>
      </trkpt>
      <trkpt lat="38.188988" lon="127.285896">
        <ele>171.7</ele>
      </trkpt>
      <trkpt lat="38.189006" lon="127.285844">
        <ele>171.8</ele>
      </trkpt>
      <trkpt lat="38.189024" lon="127.285791">
        <ele>171.8</ele>
      </trkpt>
      <trkpt lat="38.189042" lon="127.285739">
        <ele>171.9</ele>
      </trkpt>
      <trkpt lat="38.189060" lon="127.285686">
        <ele>172.0</ele>
      </trkpt>
      <trkpt lat="38.189078" lon="127.285634">
        <ele>172.0</ele>
      </trkpt>
      <trkpt lat="38.189096" lon="127.285581">
        <ele>172.1</ele>
      </trkpt>
      <trkpt lat="38.189114" lon="127.285529">
        <ele>172.2</ele>
      </trkpt>
      <trkpt lat="38.189132" lon="127.285477">
        <ele>172.3</ele>
      </trkpt>
      <trkpt lat="38.189150" lon="127.285424">
        <ele>172.2</ele>
      </trkpt>
      <trkpt lat="38.189168" lon="127.285372">
        <ele>172.1</ele>
      </trkpt>
      <trkpt lat="38.189187" lon="127.285320">
        <ele>172.0</ele>
      </trkpt>
      <trkpt lat="38.189205" lon="127.285268">
        <ele>171.8</ele>
      </trkpt>
      <trkpt lat="38.189224" lon="127.285216">
        <ele>171.7</ele>
      </trkpt>
      <trkpt lat="38.189242" lon="127.285164">
        <ele>171.5</ele>
      </trkpt>
      <trkpt lat="38.189261" lon="127.285111">
        <ele>171.4</ele>
      </trkpt>
      <trkpt lat="38.189279" lon="127.285059">
        <ele>171.2</ele>
      </trkpt>
      <trkpt lat="38.189298" lon="127.285007">
        <ele>171.1</ele>
      </trkpt>
      <trkpt lat="38.189316" lon="127.284955">
        <ele>171.0</ele>
      </trkpt>
      <trkpt lat="38.189335" lon="127.284903">
        <ele>170.8</ele>
      </trkpt>
      <trkpt lat="38.189353" lon="127.284851">
        <ele>170.7</ele>
      </trkpt>
      <trkpt lat="38.189372" lon="127.284799">
        <ele>170.5</ele>
      </trkpt>
      <trkpt lat="38.189390" lon="127.284746">
        <ele>170.4</ele>
      </trkpt>
      <trkpt lat="38.189409" lon="127.284694">
        <ele>170.2</ele>
      </trkpt>
      <trkpt lat="38.189427" lon="127.284642">
        <ele>170.1</ele>
      </trkpt>
      <trkpt lat="38.189446" lon="127.284590">
        <ele>170.0</ele>
      </trkpt>
      <trkpt lat="38.189464" lon="127.284538">
        <ele>169.8</ele>
      </trkpt>
      <trkpt lat="38.189483" lon="127.284486">
        <ele>169.7</ele>
      </trkpt>
      <trkpt lat="38.189501" lon="127.284434">
        <ele>169.5</ele>
      </trkpt>
      <trkpt lat="38.189520" lon="127.284381">
        <ele>169.4</ele>
      </trkpt>
      <trkpt lat="38.189538" lon="127.284329">
        <ele>169.2</ele>
      </trkpt>
      <trkpt lat="38.189557" lon="127.284277">
        <ele>169.1</ele>
      </trkpt>
      <trkpt lat="38.189575" lon="127.284225">
        <ele>169.0</ele>
      </trkpt>
      <trkpt lat="38.189594" lon="127.284173">
        <ele>168.8</ele>
      </trkpt>
      <trkpt lat="38.189614" lon="127.284122">
        <ele>168.8</ele>
      </trkpt>
      <trkpt lat="38.189635" lon="127.284071">
        <ele>168.8</ele>
      </trkpt>
      <trkpt lat="38.189655" lon="127.284020">
        <ele>168.8</ele>
      </trkpt>
      <trkpt lat="38.189675" lon="127.283969">
        <ele>168.8</ele>
      </trkpt>
      <trkpt lat="38.189695" lon="127.283917">
        <ele>168.8</ele>
      </trkpt>
      <trkpt lat="38.189713" lon="127.283865">
        <ele>168.9</ele>
      </trkpt>
      <trkpt lat="38.189731" lon="127.283812">
        <ele>168.9</ele>
      </trkpt>
      <trkpt lat="38.189749" lon="127.283760">
        <ele>169.0</ele>
      </trkpt>
      <trkpt lat="38.189767" lon="127.283708">
        <ele>169.1</ele>
      </trkpt>
      <trkpt lat="38.189785" lon="127.283655">
        <ele>169.1</ele>
      </trkpt>
      <trkpt lat="38.189803" lon="127.283603">
        <ele>169.2</ele>
      </trkpt>
      <trkpt lat="38.189821" lon="127.283550">
        <ele>169.2</ele>
      </trkpt>
      <trkpt lat="38.189839" lon="127.283498">
        <ele>169.3</ele>
      </trkpt>
      <trkpt lat="38.189856" lon="127.283445">
        <ele>169.4</ele>
      </trkpt>
      <trkpt lat="38.189874" lon="127.283393">
        <ele>169.4</ele>
      </trkpt>
      <trkpt lat="38.189892" lon="127.283340">
        <ele>169.5</ele>
      </trkpt>
      <trkpt lat="38.189910" lon="127.283288">
        <ele>169.5</ele>
      </trkpt>
      <trkpt lat="38.189928" lon="127.283235">
        <ele>169.6</ele>
      </trkpt>
      <trkpt lat="38.189946" lon="127.283183">
        <ele>169.7</ele>
      </trkpt>
      <trkpt lat="38.189964" lon="127.283130">
        <ele>169.7</ele>
      </trkpt>
      <trkpt lat="38.189982" lon="127.283078">
        <ele>169.8</ele>
      </trkpt>
      <trkpt lat="38.190000" lon="127.283026">
        <ele>169.8</ele>
      </trkpt>
      <trkpt lat="38.190018" lon="127.282973">
        <ele>169.9</ele>
      </trkpt>
      <trkpt lat="38.190036" lon="127.282921">
        <ele>170.0</ele>
      </trkpt>
      <trkpt lat="38.190054" lon="127.282868">
        <ele>170.0</ele>
      </trkpt>
      <trkpt lat="38.190072" lon="127.282816">
        <ele>170.1</ele>
      </trkpt>
      <trkpt lat="38.190090" lon="127.282763">
        <ele>170.1</ele>
      </trkpt>
      <trkpt lat="38.190108" lon="127.282711">
        <ele>170.2</ele>
      </trkpt>
      <trkpt lat="38.190126" lon="127.282658">
        <ele>170.3</ele>
      </trkpt>
      <trkpt lat="38.190144" lon="127.282606">
        <ele>170.3</ele>
      </trkpt>
      <trkpt lat="38.190161" lon="127.282553">
        <ele>170.4</ele>
      </trkpt>
      <trkpt lat="38.190179" lon="127.282501">
        <ele>170.4</ele>
      </trkpt>
      <trkpt lat="38.190197" lon="127.282448">
        <ele>170.5</ele>
      </trkpt>
      <trkpt lat="38.190215" lon="127.282396">
        <ele>170.6</ele>
      </trkpt>
      <trkpt lat="38.190233" lon="127.282344">
        <ele>170.6</ele>
      </trkpt>
      <trkpt lat="38.190251" lon="127.282291">
        <ele>170.7</ele>
      </trkpt>
      <trkpt lat="38.190269" lon="127.282239">
        <ele>170.7</ele>
      </trkpt>
      <trkpt lat="38.190287" lon="127.282186">
        <ele>170.8</ele>
      </trkpt>
      <trkpt lat="38.190305" lon="127.282134">
        <ele>170.9</ele>
      </trkpt>
      <trkpt lat="38.190323" lon="127.282081">
        <ele>170.9</ele>
      </trkpt>
      <trkpt lat="38.190341" lon="127.282029">
        <ele>171.0</ele>
      </trkpt>
      <trkpt lat="38.190359" lon="127.281976">
        <ele>171.0</ele>
      </trkpt>
      <trkpt lat="38.190376" lon="127.281923">
        <ele>170.9</ele>
      </trkpt>
      <trkpt lat="38.190393" lon="127.281871">
        <ele>170.8</ele>
      </trkpt>
      <trkpt lat="38.190411" lon="127.281818">
        <ele>170.7</ele>
      </trkpt>
      <trkpt lat="38.190428" lon="127.281765">
        <ele>170.6</ele>
      </trkpt>
      <trkpt lat="38.190446" lon="127.281712">
        <ele>170.6</ele>
      </trkpt>
      <trkpt lat="38.190463" lon="127.281660">
        <ele>170.5</ele>
      </trkpt>
      <trkpt lat="38.190480" lon="127.281607">
        <ele>170.4</ele>
      </trkpt>
      <trkpt lat="38.190498" lon="127.281554">
        <ele>170.3</ele>
      </trkpt>
      <trkpt lat="38.190493" lon="127.281529">
        <ele>170.4</ele>
      </trkpt>
      <trkpt lat="38.190517" lon="127.281497">
        <ele>170.5</ele>
      </trkpt>
      <trkpt lat="38.190534" lon="127.281444">
        <ele>170.4</ele>
      </trkpt>
      <trkpt lat="38.190552" lon="127.281391">
        <ele>170.4</ele>
      </trkpt>
      <trkpt lat="38.190570" lon="127.281339">
        <ele>170.4</ele>
      </trkpt>
      <trkpt lat="38.190587" lon="127.281286">
        <ele>170.4</ele>
      </trkpt>
      <trkpt lat="38.190605" lon="127.281234">
        <ele>170.3</ele>
      </trkpt>
      <trkpt lat="38.190623" lon="127.281181">
        <ele>170.3</ele>
      </trkpt>
      <trkpt lat="38.190641" lon="127.281129">
        <ele>170.3</ele>
      </trkpt>
      <trkpt lat="38.190659" lon="127.281076">
        <ele>170.3</ele>
      </trkpt>
      <trkpt lat="38.190677" lon="127.281024">
        <ele>170.3</ele>
      </trkpt>
      <trkpt lat="38.190695" lon="127.280972">
        <ele>170.3</ele>
      </trkpt>
      <trkpt lat="38.190714" lon="127.280919">
        <ele>170.3</ele>
      </trkpt>
      <trkpt lat="38.190732" lon="127.280867">
        <ele>170.3</ele>
      </trkpt>
      <trkpt lat="38.190750" lon="127.280815">
        <ele>170.3</ele>
      </trkpt>
      <trkpt lat="38.190768" lon="127.280762">
        <ele>170.3</ele>
      </trkpt>
      <trkpt lat="38.190786" lon="127.280710">
        <ele>170.3</ele>
      </trkpt>
      <trkpt lat="38.190804" lon="127.280658">
        <ele>170.3</ele>
      </trkpt>
      <trkpt lat="38.190822" lon="127.280605">
        <ele>170.3</ele>
      </trkpt>
      <trkpt lat="38.190841" lon="127.280553">
        <ele>170.3</ele>
      </trkpt>
      <trkpt lat="38.190859" lon="127.280501">
        <ele>170.3</ele>
      </trkpt>
      <trkpt lat="38.190877" lon="127.280448">
        <ele>170.3</ele>
      </trkpt>
      <trkpt lat="38.190895" lon="127.280396">
        <ele>170.3</ele>
      </trkpt>
      <trkpt lat="38.190913" lon="127.280344">
        <ele>170.3</ele>
      </trkpt>
      <trkpt lat="38.190931" lon="127.280291">
        <ele>170.4</ele>
      </trkpt>
      <trkpt lat="38.190948" lon="127.280238">
        <ele>170.5</ele>
      </trkpt>
      <trkpt lat="38.190965" lon="127.280185">
        <ele>170.6</ele>
      </trkpt>
      <trkpt lat="38.190982" lon="127.280132">
        <ele>170.7</ele>
      </trkpt>
      <trkpt lat="38.190999" lon="127.280079">
        <ele>170.8</ele>
      </trkpt>
      <trkpt lat="38.191016" lon="127.280026">
        <ele>170.9</ele>
      </trkpt>
      <trkpt lat="38.191033" lon="127.279973">
        <ele>171.1</ele>
      </trkpt>
      <trkpt lat="38.191050" lon="127.279920">
        <ele>171.2</ele>
      </trkpt>
      <trkpt lat="38.191067" lon="127.279867">
        <ele>171.3</ele>
      </trkpt>
      <trkpt lat="38.191084" lon="127.279815">
        <ele>171.4</ele>
      </trkpt>
      <trkpt lat="38.191102" lon="127.279762">
        <ele>171.5</ele>
      </trkpt>
      <trkpt lat="38.191119" lon="127.279709">
        <ele>171.6</ele>
      </trkpt>
      <trkpt lat="38.191136" lon="127.279656">
        <ele>171.8</ele>
      </trkpt>
      <trkpt lat="38.191153" lon="127.279603">
        <ele>171.9</ele>
      </trkpt>
      <trkpt lat="38.191170" lon="127.279550">
        <ele>172.0</ele>
      </trkpt>
      <trkpt lat="38.191187" lon="127.279497">
        <ele>172.1</ele>
      </trkpt>
      <trkpt lat="38.191204" lon="127.279444">
        <ele>172.2</ele>
      </trkpt>
      <trkpt lat="38.191221" lon="127.279391">
        <ele>172.3</ele>
      </trkpt>
      <trkpt lat="38.191238" lon="127.279338">
        <ele>172.5</ele>
      </trkpt>
      <trkpt lat="38.191255" lon="127.279285">
        <ele>172.6</ele>
      </trkpt>
      <trkpt lat="38.191272" lon="127.279232">
        <ele>172.7</ele>
      </trkpt>
      <trkpt lat="38.191290" lon="127.279179">
        <ele>172.8</ele>
      </trkpt>
      <trkpt lat="38.191307" lon="127.279127">
        <ele>172.7</ele>
      </trkpt>
      <trkpt lat="38.191324" lon="127.279074">
        <ele>172.7</ele>
      </trkpt>
      <trkpt lat="38.191341" lon="127.279021">
        <ele>172.6</ele>
      </trkpt>
      <trkpt lat="38.191358" lon="127.278968">
        <ele>172.6</ele>
      </trkpt>
      <trkpt lat="38.191375" lon="127.278915">
        <ele>172.5</ele>
      </trkpt>
      <trkpt lat="38.191392" lon="127.278862">
        <ele>172.5</ele>
      </trkpt>
      <trkpt lat="38.191409" lon="127.278809">
        <ele>172.4</ele>
      </trkpt>
      <trkpt lat="38.191426" lon="127.278756">
        <ele>172.4</ele>
      </trkpt>
      <trkpt lat="38.191444" lon="127.278703">
        <ele>172.3</ele>
      </trkpt>
      <trkpt lat="38.191461" lon="127.278650">
        <ele>172.2</ele>
      </trkpt>
      <trkpt lat="38.191478" lon="127.278598">
        <ele>172.2</ele>
      </trkpt>
      <trkpt lat="38.191495" lon="127.278545">
        <ele>172.1</ele>
      </trkpt>
      <trkpt lat="38.191512" lon="127.278492">
        <ele>172.1</ele>
      </trkpt>
      <trkpt lat="38.191529" lon="127.278439">
        <ele>172.0</ele>
      </trkpt>
      <trkpt lat="38.191546" lon="127.278386">
        <ele>172.0</ele>
      </trkpt>
      <trkpt lat="38.191563" lon="127.278333">
        <ele>171.9</ele>
      </trkpt>
      <trkpt lat="38.191581" lon="127.278280">
        <ele>171.9</ele>
      </trkpt>
      <trkpt lat="38.191598" lon="127.278227">
        <ele>171.8</ele>
      </trkpt>
      <trkpt lat="38.191614" lon="127.278174">
        <ele>171.9</ele>
      </trkpt>
      <trkpt lat="38.191630" lon="127.278121">
        <ele>171.9</ele>
      </trkpt>
      <trkpt lat="38.191647" lon="127.278067">
        <ele>172.0</ele>
      </trkpt>
      <trkpt lat="38.191663" lon="127.278014">
        <ele>172.0</ele>
      </trkpt>
      <trkpt lat="38.191679" lon="127.277961">
        <ele>172.1</ele>
      </trkpt>
      <trkpt lat="38.191695" lon="127.277907">
        <ele>172.2</ele>
      </trkpt>
      <trkpt lat="38.191711" lon="127.277854">
        <ele>172.2</ele>
      </trkpt>
      <trkpt lat="38.191728" lon="127.277800">
        <ele>172.3</ele>
      </trkpt>
      <trkpt lat="38.191744" lon="127.277747">
        <ele>172.3</ele>
      </trkpt>
      <trkpt lat="38.191760" lon="127.277694">
        <ele>172.4</ele>
      </trkpt>
      <trkpt lat="38.191776" lon="127.277640">
        <ele>172.5</ele>
      </trkpt>
      <trkpt lat="38.191793" lon="127.277587">
        <ele>172.5</ele>
      </trkpt>
      <trkpt lat="38.191809" lon="127.277534">
        <ele>172.6</ele>
      </trkpt>
      <trkpt lat="38.191825" lon="127.277480">
        <ele>172.6</ele>
      </trkpt>
      <trkpt lat="38.191841" lon="127.277427">
        <ele>172.7</ele>
      </trkpt>
      <trkpt lat="38.191858" lon="127.277374">
        <ele>172.8</ele>
      </trkpt>
      <trkpt lat="38.191874" lon="127.277320">
        <ele>172.8</ele>
      </trkpt>
      <trkpt lat="38.191890" lon="127.277267">
        <ele>172.9</ele>
      </trkpt>
      <trkpt lat="38.191906" lon="127.277214">
        <ele>172.9</ele>
      </trkpt>
      <trkpt lat="38.191923" lon="127.277160">
        <ele>173.0</ele>
      </trkpt>
      <trkpt lat="38.191939" lon="127.277107">
        <ele>173.1</ele>
      </trkpt>
      <trkpt lat="38.191955" lon="127.277054">
        <ele>173.1</ele>
      </trkpt>
      <trkpt lat="38.191971" lon="127.277000">
        <ele>173.2</ele>
      </trkpt>
      <trkpt lat="38.191988" lon="127.276947">
        <ele>173.2</ele>
      </trkpt>
      <trkpt lat="38.192004" lon="127.276894">
        <ele>173.3</ele>
      </trkpt>
      <trkpt lat="38.192021" lon="127.276840">
        <ele>173.4</ele>
      </trkpt>
      <trkpt lat="38.192037" lon="127.276787">
        <ele>173.6</ele>
      </trkpt>
      <trkpt lat="38.192054" lon="127.276734">
        <ele>173.7</ele>
      </trkpt>
      <trkpt lat="38.192070" lon="127.276681">
        <ele>173.9</ele>
      </trkpt>
      <trkpt lat="38.192087" lon="127.276628">
        <ele>174.0</ele>
      </trkpt>
      <trkpt lat="38.192104" lon="127.276575">
        <ele>174.1</ele>
      </trkpt>
      <trkpt lat="38.192120" lon="127.276521">
        <ele>174.3</ele>
      </trkpt>
      <trkpt lat="38.192137" lon="127.276468">
        <ele>174.4</ele>
      </trkpt>
      <trkpt lat="38.192154" lon="127.276415">
        <ele>174.6</ele>
      </trkpt>
      <trkpt lat="38.192170" lon="127.276362">
        <ele>174.7</ele>
      </trkpt>
      <trkpt lat="38.192187" lon="127.276309">
        <ele>174.8</ele>
      </trkpt>
      <trkpt lat="38.192203" lon="127.276256">
        <ele>175.0</ele>
      </trkpt>
      <trkpt lat="38.192220" lon="127.276203">
        <ele>175.1</ele>
      </trkpt>
      <trkpt lat="38.192237" lon="127.276149">
        <ele>175.3</ele>
      </trkpt>
      <trkpt lat="38.192253" lon="127.276099">
        <ele>175.1</ele>
      </trkpt>
      <trkpt lat="38.192270" lon="127.276046">
        <ele>175.3</ele>
      </trkpt>
      <trkpt lat="38.192287" lon="127.275993">
        <ele>175.3</ele>
      </trkpt>
      <trkpt lat="38.192304" lon="127.275940">
        <ele>175.4</ele>
      </trkpt>
      <trkpt lat="38.192320" lon="127.275887">
        <ele>175.4</ele>
      </trkpt>
      <trkpt lat="38.192337" lon="127.275834">
        <ele>175.5</ele>
      </trkpt>
      <trkpt lat="38.192354" lon="127.275780">
        <ele>175.5</ele>
      </trkpt>
      <trkpt lat="38.192370" lon="127.275727">
        <ele>175.5</ele>
      </trkpt>
      <trkpt lat="38.192387" lon="127.275674">
        <ele>175.6</ele>
      </trkpt>
      <trkpt lat="38.192404" lon="127.275621">
        <ele>175.6</ele>
      </trkpt>
      <trkpt lat="38.192420" lon="127.275568">
        <ele>175.7</ele>
      </trkpt>
      <trkpt lat="38.192437" lon="127.275515">
        <ele>175.7</ele>
      </trkpt>
      <trkpt lat="38.192454" lon="127.275462">
        <ele>175.7</ele>
      </trkpt>
      <trkpt lat="38.192471" lon="127.275409">
        <ele>175.8</ele>
      </trkpt>
      <trkpt lat="38.192487" lon="127.275355">
        <ele>175.8</ele>
      </trkpt>
      <trkpt lat="38.192504" lon="127.275302">
        <ele>175.8</ele>
      </trkpt>
      <trkpt lat="38.192521" lon="127.275249">
        <ele>175.9</ele>
      </trkpt>
      <trkpt lat="38.192537" lon="127.275196">
        <ele>175.9</ele>
      </trkpt>
      <trkpt lat="38.192554" lon="127.275143">
        <ele>176.0</ele>
      </trkpt>
      <trkpt lat="38.192571" lon="127.275090">
        <ele>176.0</ele>
      </trkpt>
      <trkpt lat="38.192587" lon="127.275036">
        <ele>176.0</ele>
      </trkpt>
      <trkpt lat="38.192603" lon="127.274983">
        <ele>176.1</ele>
      </trkpt>
      <trkpt lat="38.192619" lon="127.274930">
        <ele>176.1</ele>
      </trkpt>
      <trkpt lat="38.192635" lon="127.274876">
        <ele>176.2</ele>
      </trkpt>
      <trkpt lat="38.192651" lon="127.274823">
        <ele>176.2</ele>
      </trkpt>
      <trkpt lat="38.192667" lon="127.274769">
        <ele>176.2</ele>
      </trkpt>
      <trkpt lat="38.192683" lon="127.274716">
        <ele>176.3</ele>
      </trkpt>
      <trkpt lat="38.192700" lon="127.274663">
        <ele>176.3</ele>
      </trkpt>
      <trkpt lat="38.192716" lon="127.274609">
        <ele>176.3</ele>
      </trkpt>
      <trkpt lat="38.192732" lon="127.274556">
        <ele>176.4</ele>
      </trkpt>
      <trkpt lat="38.192748" lon="127.274502">
        <ele>176.4</ele>
      </trkpt>
      <trkpt lat="38.192764" lon="127.274449">
        <ele>176.5</ele>
      </trkpt>
      <trkpt lat="38.192780" lon="127.274395">
        <ele>176.5</ele>
      </trkpt>
      <trkpt lat="38.192796" lon="127.274342">
        <ele>176.5</ele>
      </trkpt>
      <trkpt lat="38.192812" lon="127.274289">
        <ele>176.6</ele>
      </trkpt>
      <trkpt lat="38.192829" lon="127.274235">
        <ele>176.6</ele>
      </trkpt>
      <trkpt lat="38.192845" lon="127.274182">
        <ele>176.6</ele>
      </trkpt>
      <trkpt lat="38.192861" lon="127.274128">
        <ele>176.7</ele>
      </trkpt>
      <trkpt lat="38.192877" lon="127.274075">
        <ele>176.7</ele>
      </trkpt>
      <trkpt lat="38.192893" lon="127.274022">
        <ele>176.8</ele>
      </trkpt>
      <trkpt lat="38.192909" lon="127.273968">
        <ele>176.8</ele>
      </trkpt>
      <trkpt lat="38.192925" lon="127.273915">
        <ele>176.8</ele>
      </trkpt>
      <trkpt lat="38.192941" lon="127.273861">
        <ele>176.9</ele>
      </trkpt>
      <trkpt lat="38.192958" lon="127.273808">
        <ele>176.9</ele>
      </trkpt>
      <trkpt lat="38.192974" lon="127.273755">
        <ele>177.0</ele>
      </trkpt>
      <trkpt lat="38.192990" lon="127.273701">
        <ele>177.0</ele>
      </trkpt>
      <trkpt lat="38.193007" lon="127.273648">
        <ele>177.0</ele>
      </trkpt>
      <trkpt lat="38.193024" lon="127.273595">
        <ele>177.0</ele>
      </trkpt>
      <trkpt lat="38.193042" lon="127.273543">
        <ele>176.9</ele>
      </trkpt>
      <trkpt lat="38.193059" lon="127.273490">
        <ele>176.9</ele>
      </trkpt>
      <trkpt lat="38.193076" lon="127.273437">
        <ele>176.9</ele>
      </trkpt>
      <trkpt lat="38.193094" lon="127.273384">
        <ele>176.9</ele>
      </trkpt>
      <trkpt lat="38.193111" lon="127.273331">
        <ele>176.9</ele>
      </trkpt>
      <trkpt lat="38.193128" lon="127.273279">
        <ele>176.8</ele>
      </trkpt>
      <trkpt lat="38.193146" lon="127.273226">
        <ele>176.8</ele>
      </trkpt>
      <trkpt lat="38.193163" lon="127.273173">
        <ele>176.8</ele>
      </trkpt>
      <trkpt lat="38.193178" lon="127.273119">
        <ele>176.8</ele>
      </trkpt>
      <trkpt lat="38.193192" lon="127.273065">
        <ele>176.7</ele>
      </trkpt>
      <trkpt lat="38.193206" lon="127.273011">
        <ele>176.6</ele>
      </trkpt>
      <trkpt lat="38.193220" lon="127.272956">
        <ele>176.6</ele>
      </trkpt>
      <trkpt lat="38.193234" lon="127.272902">
        <ele>176.5</ele>
      </trkpt>
      <trkpt lat="38.193248" lon="127.272847">
        <ele>176.4</ele>
      </trkpt>
      <trkpt lat="38.193262" lon="127.272793">
        <ele>176.4</ele>
      </trkpt>
      <trkpt lat="38.193276" lon="127.272738">
        <ele>176.3</ele>
      </trkpt>
      <trkpt lat="38.193289" lon="127.272684">
        <ele>176.2</ele>
      </trkpt>
      <trkpt lat="38.193303" lon="127.272630">
        <ele>176.2</ele>
      </trkpt>
      <trkpt lat="38.193317" lon="127.272575">
        <ele>176.1</ele>
      </trkpt>
      <trkpt lat="38.193331" lon="127.272521">
        <ele>176.0</ele>
      </trkpt>
      <trkpt lat="38.193345" lon="127.272466">
        <ele>176.0</ele>
      </trkpt>
      <trkpt lat="38.193359" lon="127.272412">
        <ele>175.9</ele>
      </trkpt>
      <trkpt lat="38.193373" lon="127.272358">
        <ele>175.8</ele>
      </trkpt>
      <trkpt lat="38.193386" lon="127.272303">
        <ele>175.7</ele>
      </trkpt>
      <trkpt lat="38.193398" lon="127.272248">
        <ele>175.6</ele>
      </trkpt>
      <trkpt lat="38.193411" lon="127.272193">
        <ele>175.5</ele>
      </trkpt>
      <trkpt lat="38.193423" lon="127.272138">
        <ele>175.4</ele>
      </trkpt>
      <trkpt lat="38.193435" lon="127.272083">
        <ele>175.3</ele>
      </trkpt>
      <trkpt lat="38.193446" lon="127.272027">
        <ele>175.3</ele>
      </trkpt>
      <trkpt lat="38.193456" lon="127.271972">
        <ele>175.2</ele>
      </trkpt>
      <trkpt lat="38.193467" lon="127.271916">
        <ele>175.2</ele>
      </trkpt>
      <trkpt lat="38.193478" lon="127.271861">
        <ele>175.1</ele>
      </trkpt>
      <trkpt lat="38.193489" lon="127.271805">
        <ele>175.1</ele>
      </trkpt>
      <trkpt lat="38.193500" lon="127.271749">
        <ele>175.1</ele>
      </trkpt>
      <trkpt lat="38.193511" lon="127.271694">
        <ele>175.0</ele>
      </trkpt>
      <trkpt lat="38.193521" lon="127.271638">
        <ele>175.0</ele>
      </trkpt>
      <trkpt lat="38.193530" lon="127.271582">
        <ele>175.0</ele>
      </trkpt>
      <trkpt lat="38.193537" lon="127.271526">
        <ele>175.0</ele>
      </trkpt>
      <trkpt lat="38.193545" lon="127.271469">
        <ele>175.0</ele>
      </trkpt>
      <trkpt lat="38.193552" lon="127.271413">
        <ele>175.1</ele>
      </trkpt>
      <trkpt lat="38.193560" lon="127.271357">
        <ele>175.1</ele>
      </trkpt>
      <trkpt lat="38.193567" lon="127.271300">
        <ele>175.1</ele>
      </trkpt>
      <trkpt lat="38.193575" lon="127.271244">
        <ele>175.1</ele>
      </trkpt>
      <trkpt lat="38.193582" lon="127.271187">
        <ele>175.1</ele>
      </trkpt>
      <trkpt lat="38.193589" lon="127.271131">
        <ele>175.1</ele>
      </trkpt>
      <trkpt lat="38.193597" lon="127.271074">
        <ele>175.1</ele>
      </trkpt>
      <trkpt lat="38.193604" lon="127.271018">
        <ele>175.2</ele>
      </trkpt>
      <trkpt lat="38.193612" lon="127.270962">
        <ele>175.2</ele>
      </trkpt>
      <trkpt lat="38.193619" lon="127.270905">
        <ele>175.2</ele>
      </trkpt>
      <trkpt lat="38.193627" lon="127.270849">
        <ele>175.2</ele>
      </trkpt>
      <trkpt lat="38.193634" lon="127.270792">
        <ele>175.2</ele>
      </trkpt>
      <trkpt lat="38.193641" lon="127.270736">
        <ele>175.2</ele>
      </trkpt>
      <trkpt lat="38.193649" lon="127.270679">
        <ele>175.2</ele>
      </trkpt>
      <trkpt lat="38.193656" lon="127.270623">
        <ele>175.3</ele>
      </trkpt>
      <trkpt lat="38.193664" lon="127.270567">
        <ele>175.3</ele>
      </trkpt>
      <trkpt lat="38.193671" lon="127.270510">
        <ele>175.3</ele>
      </trkpt>
      <trkpt lat="38.193679" lon="127.270454">
        <ele>175.3</ele>
      </trkpt>
      <trkpt lat="38.193686" lon="127.270397">
        <ele>175.3</ele>
      </trkpt>
      <trkpt lat="38.193693" lon="127.270341">
        <ele>175.3</ele>
      </trkpt>
      <trkpt lat="38.193701" lon="127.270284">
        <ele>175.3</ele>
      </trkpt>
      <trkpt lat="38.193708" lon="127.270228">
        <ele>175.4</ele>
      </trkpt>
      <trkpt lat="38.193716" lon="127.270172">
        <ele>175.4</ele>
      </trkpt>
      <trkpt lat="38.193723" lon="127.270115">
        <ele>175.4</ele>
      </trkpt>
      <trkpt lat="38.193731" lon="127.270059">
        <ele>175.4</ele>
      </trkpt>
      <trkpt lat="38.193738" lon="127.270002">
        <ele>175.4</ele>
      </trkpt>
      <trkpt lat="38.193745" lon="127.269946">
        <ele>175.4</ele>
      </trkpt>
      <trkpt lat="38.193753" lon="127.269889">
        <ele>175.4</ele>
      </trkpt>
      <trkpt lat="38.193760" lon="127.269833">
        <ele>175.5</ele>
      </trkpt>
      <trkpt lat="38.193768" lon="127.269777">
        <ele>175.5</ele>
      </trkpt>
      <trkpt lat="38.193775" lon="127.269720">
        <ele>175.5</ele>
      </trkpt>
      <trkpt lat="38.193783" lon="127.269664">
        <ele>175.5</ele>
      </trkpt>
      <trkpt lat="38.193791" lon="127.269608">
        <ele>175.6</ele>
      </trkpt>
      <trkpt lat="38.193800" lon="127.269551">
        <ele>175.7</ele>
      </trkpt>
      <trkpt lat="38.193808" lon="127.269495">
        <ele>175.8</ele>
      </trkpt>
      <trkpt lat="38.193816" lon="127.269439">
        <ele>175.9</ele>
      </trkpt>
      <trkpt lat="38.193825" lon="127.269383">
        <ele>175.9</ele>
      </trkpt>
      <trkpt lat="38.193833" lon="127.269326">
        <ele>176.0</ele>
      </trkpt>
      <trkpt lat="38.193841" lon="127.269270">
        <ele>176.1</ele>
      </trkpt>
      <trkpt lat="38.193850" lon="127.269214">
        <ele>176.2</ele>
      </trkpt>
      <trkpt lat="38.193858" lon="127.269158">
        <ele>176.3</ele>
      </trkpt>
      <trkpt lat="38.193867" lon="127.269102">
        <ele>176.4</ele>
      </trkpt>
      <trkpt lat="38.193875" lon="127.269045">
        <ele>176.4</ele>
      </trkpt>
      <trkpt lat="38.193883" lon="127.268989">
        <ele>176.5</ele>
      </trkpt>
      <trkpt lat="38.193892" lon="127.268933">
        <ele>176.6</ele>
      </trkpt>
      <trkpt lat="38.193900" lon="127.268877">
        <ele>176.7</ele>
      </trkpt>
      <trkpt lat="38.193908" lon="127.268821">
        <ele>176.8</ele>
      </trkpt>
      <trkpt lat="38.193917" lon="127.268764">
        <ele>176.9</ele>
      </trkpt>
      <trkpt lat="38.193925" lon="127.268708">
        <ele>176.9</ele>
      </trkpt>
      <trkpt lat="38.193934" lon="127.268652">
        <ele>177.0</ele>
      </trkpt>
      <trkpt lat="38.193942" lon="127.268596">
        <ele>177.1</ele>
      </trkpt>
      <trkpt lat="38.193950" lon="127.268539">
        <ele>177.2</ele>
      </trkpt>
      <trkpt lat="38.193959" lon="127.268483">
        <ele>177.3</ele>
      </trkpt>
      <trkpt lat="38.193967" lon="127.268427">
        <ele>177.4</ele>
      </trkpt>
      <trkpt lat="38.193975" lon="127.268371">
        <ele>177.5</ele>
      </trkpt>
      <trkpt lat="38.193982" lon="127.268325">
        <ele>177.0</ele>
      </trkpt>
      <trkpt lat="38.193991" lon="127.268269">
        <ele>177.2</ele>
      </trkpt>
      <trkpt lat="38.194000" lon="127.268212">
        <ele>177.3</ele>
      </trkpt>
      <trkpt lat="38.194008" lon="127.268156">
        <ele>177.4</ele>
      </trkpt>
      <trkpt lat="38.194017" lon="127.268100">
        <ele>177.5</ele>
      </trkpt>
      <trkpt lat="38.194025" lon="127.268044">
        <ele>177.5</ele>
      </trkpt>
      <trkpt lat="38.194034" lon="127.267988">
        <ele>177.5</ele>
      </trkpt>
      <trkpt lat="38.194044" lon="127.267932">
        <ele>177.5</ele>
      </trkpt>
      <trkpt lat="38.194053" lon="127.267876">
        <ele>177.6</ele>
      </trkpt>
      <trkpt lat="38.194063" lon="127.267820">
        <ele>177.6</ele>
      </trkpt>
      <trkpt lat="38.194072" lon="127.267764">
        <ele>177.7</ele>
      </trkpt>
      <trkpt lat="38.194082" lon="127.267708">
        <ele>177.7</ele>
      </trkpt>
      <trkpt lat="38.194091" lon="127.267652">
        <ele>177.7</ele>
      </trkpt>
      <trkpt lat="38.194101" lon="127.267596">
        <ele>177.8</ele>
      </trkpt>
      <trkpt lat="38.194110" lon="127.267540">
        <ele>177.8</ele>
      </trkpt>
      <trkpt lat="38.194120" lon="127.267485">
        <ele>177.9</ele>
      </trkpt>
      <trkpt lat="38.194129" lon="127.267429">
        <ele>177.9</ele>
      </trkpt>
      <trkpt lat="38.194138" lon="127.267373">
        <ele>177.9</ele>
      </trkpt>
      <trkpt lat="38.194148" lon="127.267317">
        <ele>178.0</ele>
      </trkpt>
      <trkpt lat="38.194157" lon="127.267261">
        <ele>178.0</ele>
      </trkpt>
      <trkpt lat="38.194167" lon="127.267205">
        <ele>178.1</ele>
      </trkpt>
      <trkpt lat="38.194176" lon="127.267149">
        <ele>178.1</ele>
      </trkpt>
      <trkpt lat="38.194186" lon="127.267093">
        <ele>178.1</ele>
      </trkpt>
      <trkpt lat="38.194195" lon="127.267037">
        <ele>178.2</ele>
      </trkpt>
      <trkpt lat="38.194205" lon="127.266981">
        <ele>178.2</ele>
      </trkpt>
      <trkpt lat="38.194214" lon="127.266925">
        <ele>178.2</ele>
      </trkpt>
      <trkpt lat="38.194224" lon="127.266869">
        <ele>178.3</ele>
      </trkpt>
      <trkpt lat="38.194233" lon="127.266813">
        <ele>178.3</ele>
      </trkpt>
      <trkpt lat="38.194243" lon="127.266757">
        <ele>178.4</ele>
      </trkpt>
      <trkpt lat="38.194252" lon="127.266701">
        <ele>178.4</ele>
      </trkpt>
      <trkpt lat="38.194262" lon="127.266646">
        <ele>178.4</ele>
      </trkpt>
      <trkpt lat="38.194271" lon="127.266590">
        <ele>178.5</ele>
      </trkpt>
      <trkpt lat="38.194281" lon="127.266534">
        <ele>178.5</ele>
      </trkpt>
      <trkpt lat="38.194290" lon="127.266478">
        <ele>178.6</ele>
      </trkpt>
      <trkpt lat="38.194300" lon="127.266422">
        <ele>178.6</ele>
      </trkpt>
      <trkpt lat="38.194309" lon="127.266366">
        <ele>178.6</ele>
      </trkpt>
      <trkpt lat="38.194319" lon="127.266310">
        <ele>178.7</ele>
      </trkpt>
      <trkpt lat="38.194328" lon="127.266254">
        <ele>178.7</ele>
      </trkpt>
      <trkpt lat="38.194337" lon="127.266198">
        <ele>178.8</ele>
      </trkpt>
      <trkpt lat="38.194347" lon="127.266142">
        <ele>178.8</ele>
      </trkpt>
      <trkpt lat="38.194367" lon="127.266091">
        <ele>178.7</ele>
      </trkpt>
      <trkpt lat="38.194389" lon="127.266041">
        <ele>178.6</ele>
      </trkpt>
      <trkpt lat="38.194391" lon="127.266002">
        <ele>178.5</ele>
      </trkpt>
      <trkpt lat="38.194418" lon="127.265974">
        <ele>178.5</ele>
      </trkpt>
      <trkpt lat="38.194451" lon="127.265937">
        <ele>178.5</ele>
      </trkpt>
      <trkpt lat="38.194488" lon="127.265904">
        <ele>178.5</ele>
      </trkpt>
      <trkpt lat="38.194529" lon="127.265880">
        <ele>178.5</ele>
      </trkpt>
      <trkpt lat="38.194572" lon="127.265862">
        <ele>178.5</ele>
      </trkpt>
      <trkpt lat="38.194615" lon="127.265847">
        <ele>178.5</ele>
      </trkpt>
      <trkpt lat="38.194658" lon="127.265840">
        <ele>178.5</ele>
      </trkpt>
      <trkpt lat="38.194702" lon="127.265853">
        <ele>178.6</ele>
      </trkpt>
      <trkpt lat="38.194746" lon="127.265865">
        <ele>178.7</ele>
      </trkpt>
      <trkpt lat="38.194790" lon="127.265878">
        <ele>178.8</ele>
      </trkpt>
      <trkpt lat="38.194835" lon="127.265884">
        <ele>178.8</ele>
      </trkpt>
      <trkpt lat="38.194879" lon="127.265891">
        <ele>178.8</ele>
      </trkpt>
      <trkpt lat="38.194924" lon="127.265897">
        <ele>178.8</ele>
      </trkpt>
      <trkpt lat="38.194969" lon="127.265900">
        <ele>178.9</ele>
      </trkpt>
      <trkpt lat="38.195014" lon="127.265902">
        <ele>178.9</ele>
      </trkpt>
      <trkpt lat="38.195059" lon="127.265905">
        <ele>179.0</ele>
      </trkpt>
      <trkpt lat="38.195103" lon="127.265904">
        <ele>179.0</ele>
      </trkpt>
      <trkpt lat="38.195143" lon="127.265898">
        <ele>179.0</ele>
      </trkpt>
      <trkpt lat="38.195170" lon="127.265881">
        <ele>179.0</ele>
      </trkpt>
      <trkpt lat="38.195213" lon="127.265867">
        <ele>179.0</ele>
      </trkpt>
      <trkpt lat="38.195257" lon="127.265852">
        <ele>179.0</ele>
      </trkpt>
      <trkpt lat="38.195298" lon="127.265830">
        <ele>179.0</ele>
      </trkpt>
      <trkpt lat="38.195337" lon="127.265801">
        <ele>179.0</ele>
      </trkpt>
      <trkpt lat="38.195375" lon="127.265772">
        <ele>179.0</ele>
      </trkpt>
      <trkpt lat="38.195414" lon="127.265743">
        <ele>179.0</ele>
      </trkpt>
      <trkpt lat="38.195453" lon="127.265714">
        <ele>179.0</ele>
      </trkpt>
      <trkpt lat="38.195492" lon="127.265686">
        <ele>179.0</ele>
      </trkpt>
      <trkpt lat="38.195531" lon="127.265657">
        <ele>179.0</ele>
      </trkpt>
      <trkpt lat="38.195570" lon="127.265628">
        <ele>179.0</ele>
      </trkpt>
      <trkpt lat="38.195609" lon="127.265599">
        <ele>179.0</ele>
      </trkpt>
      <trkpt lat="38.195647" lon="127.265570">
        <ele>179.0</ele>
      </trkpt>
      <trkpt lat="38.195686" lon="127.265541">
        <ele>179.0</ele>
      </trkpt>
      <trkpt lat="38.195724" lon="127.265512">
        <ele>179.0</ele>
      </trkpt>
      <trkpt lat="38.195763" lon="127.265482">
        <ele>179.1</ele>
      </trkpt>
      <trkpt lat="38.195802" lon="127.265453">
        <ele>179.1</ele>
      </trkpt>
      <trkpt lat="38.195840" lon="127.265424">
        <ele>179.1</ele>
      </trkpt>
      <trkpt lat="38.195879" lon="127.265395">
        <ele>179.1</ele>
      </trkpt>
      <trkpt lat="38.195918" lon="127.265365">
        <ele>179.1</ele>
      </trkpt>
      <trkpt lat="38.195956" lon="127.265336">
        <ele>179.1</ele>
      </trkpt>
      <trkpt lat="38.195995" lon="127.265307">
        <ele>179.2</ele>
      </trkpt>
      <trkpt lat="38.196034" lon="127.265277">
        <ele>179.2</ele>
      </trkpt>
      <trkpt lat="38.196072" lon="127.265248">
        <ele>179.2</ele>
      </trkpt>
      <trkpt lat="38.196111" lon="127.265219">
        <ele>179.2</ele>
      </trkpt>
      <trkpt lat="38.196150" lon="127.265190">
        <ele>179.2</ele>
      </trkpt>
      <trkpt lat="38.196188" lon="127.265160">
        <ele>179.2</ele>
      </trkpt>
      <trkpt lat="38.196227" lon="127.265131">
        <ele>179.3</ele>
      </trkpt>
      <trkpt lat="38.196265" lon="127.265102">
        <ele>179.3</ele>
      </trkpt>
      <trkpt lat="38.196304" lon="127.265073">
        <ele>179.3</ele>
      </trkpt>
      <trkpt lat="38.196343" lon="127.265043">
        <ele>179.3</ele>
      </trkpt>
      <trkpt lat="38.196381" lon="127.265014">
        <ele>179.3</ele>
      </trkpt>
      <trkpt lat="38.196420" lon="127.264985">
        <ele>179.3</ele>
      </trkpt>
      <trkpt lat="38.196459" lon="127.264956">
        <ele>179.4</ele>
      </trkpt>
      <trkpt lat="38.196497" lon="127.264926">
        <ele>179.4</ele>
      </trkpt>
      <trkpt lat="38.196536" lon="127.264897">
        <ele>179.4</ele>
      </trkpt>
      <trkpt lat="38.196575" lon="127.264868">
        <ele>179.4</ele>
      </trkpt>
      <trkpt lat="38.196613" lon="127.264839">
        <ele>179.4</ele>
      </trkpt>
      <trkpt lat="38.196652" lon="127.264809">
        <ele>179.4</ele>
      </trkpt>
      <trkpt lat="38.196690" lon="127.264780">
        <ele>179.5</ele>
      </trkpt>
      <trkpt lat="38.196729" lon="127.264751">
        <ele>179.5</ele>
      </trkpt>
      <trkpt lat="38.196768" lon="127.264721">
        <ele>179.5</ele>
      </trkpt>
      <trkpt lat="38.196807" lon="127.264693">
        <ele>179.5</ele>
      </trkpt>
      <trkpt lat="38.196845" lon="127.264664">
        <ele>179.5</ele>
      </trkpt>
      <trkpt lat="38.196884" lon="127.264635">
        <ele>179.5</ele>
      </trkpt>
      <trkpt lat="38.196923" lon="127.264606">
        <ele>179.5</ele>
      </trkpt>
      <trkpt lat="38.196962" lon="127.264578">
        <ele>179.5</ele>
      </trkpt>
      <trkpt lat="38.197001" lon="127.264549">
        <ele>179.5</ele>
      </trkpt>
      <trkpt lat="38.197040" lon="127.264520">
        <ele>179.5</ele>
      </trkpt>
      <trkpt lat="38.197079" lon="127.264491">
        <ele>179.5</ele>
      </trkpt>
      <trkpt lat="38.197118" lon="127.264463">
        <ele>179.5</ele>
      </trkpt>
      <trkpt lat="38.197157" lon="127.264436">
        <ele>179.6</ele>
      </trkpt>
      <trkpt lat="38.197197" lon="127.264408">
        <ele>179.6</ele>
      </trkpt>
      <trkpt lat="38.197236" lon="127.264380">
        <ele>179.6</ele>
      </trkpt>
      <trkpt lat="38.197275" lon="127.264353">
        <ele>179.6</ele>
      </trkpt>
      <trkpt lat="38.197315" lon="127.264325">
        <ele>179.7</ele>
      </trkpt>
      <trkpt lat="38.197354" lon="127.264297">
        <ele>179.7</ele>
      </trkpt>
      <trkpt lat="38.197393" lon="127.264270">
        <ele>179.7</ele>
      </trkpt>
      <trkpt lat="38.197433" lon="127.264242">
        <ele>179.8</ele>
      </trkpt>
      <trkpt lat="38.197472" lon="127.264214">
        <ele>179.8</ele>
      </trkpt>
      <trkpt lat="38.197512" lon="127.264187">
        <ele>179.8</ele>
      </trkpt>
      <trkpt lat="38.197551" lon="127.264159">
        <ele>179.9</ele>
      </trkpt>
      <trkpt lat="38.197590" lon="127.264131">
        <ele>179.9</ele>
      </trkpt>
      <trkpt lat="38.197630" lon="127.264104">
        <ele>179.9</ele>
      </trkpt>
      <trkpt lat="38.197669" lon="127.264076">
        <ele>180.0</ele>
      </trkpt>
      <trkpt lat="38.197708" lon="127.264048">
        <ele>180.0</ele>
      </trkpt>
      <trkpt lat="38.197748" lon="127.264021">
        <ele>180.0</ele>
      </trkpt>
      <trkpt lat="38.197787" lon="127.263993">
        <ele>180.0</ele>
      </trkpt>
      <trkpt lat="38.197826" lon="127.263965">
        <ele>180.1</ele>
      </trkpt>
      <trkpt lat="38.197866" lon="127.263938">
        <ele>180.1</ele>
      </trkpt>
      <trkpt lat="38.197905" lon="127.263910">
        <ele>180.1</ele>
      </trkpt>
      <trkpt lat="38.197945" lon="127.263882">
        <ele>180.2</ele>
      </trkpt>
      <trkpt lat="38.197984" lon="127.263855">
        <ele>180.2</ele>
      </trkpt>
      <trkpt lat="38.198023" lon="127.263827">
        <ele>180.2</ele>
      </trkpt>
      <trkpt lat="38.198063" lon="127.263799">
        <ele>180.3</ele>
      </trkpt>
      <trkpt lat="38.198102" lon="127.263772">
        <ele>180.3</ele>
      </trkpt>
      <trkpt lat="38.198141" lon="127.263743">
        <ele>180.2</ele>
      </trkpt>
      <trkpt lat="38.198179" lon="127.263714">
        <ele>180.2</ele>
      </trkpt>
      <trkpt lat="38.198218" lon="127.263684">
        <ele>180.1</ele>
      </trkpt>
      <trkpt lat="38.198257" lon="127.263655">
        <ele>180.1</ele>
      </trkpt>
      <trkpt lat="38.198295" lon="127.263626">
        <ele>180.0</ele>
      </trkpt>
      <trkpt lat="38.198334" lon="127.263597">
        <ele>179.9</ele>
      </trkpt>
      <trkpt lat="38.198373" lon="127.263568">
        <ele>179.9</ele>
      </trkpt>
      <trkpt lat="38.198412" lon="127.263539">
        <ele>179.8</ele>
      </trkpt>
      <trkpt lat="38.198450" lon="127.263509">
        <ele>179.8</ele>
      </trkpt>
      <trkpt lat="38.198489" lon="127.263480">
        <ele>179.7</ele>
      </trkpt>
      <trkpt lat="38.198528" lon="127.263451">
        <ele>179.7</ele>
      </trkpt>
      <trkpt lat="38.198566" lon="127.263422">
        <ele>179.6</ele>
      </trkpt>
      <trkpt lat="38.198605" lon="127.263393">
        <ele>179.5</ele>
      </trkpt>
      <trkpt lat="38.198644" lon="127.263364">
        <ele>179.5</ele>
      </trkpt>
      <trkpt lat="38.198682" lon="127.263334">
        <ele>179.4</ele>
      </trkpt>
      <trkpt lat="38.198721" lon="127.263305">
        <ele>179.4</ele>
      </trkpt>
      <trkpt lat="38.198760" lon="127.263276">
        <ele>179.3</ele>
      </trkpt>
      <trkpt lat="38.198798" lon="127.263247">
        <ele>179.2</ele>
      </trkpt>
      <trkpt lat="38.198837" lon="127.263218">
        <ele>179.2</ele>
      </trkpt>
      <trkpt lat="38.198876" lon="127.263189">
        <ele>179.1</ele>
      </trkpt>
      <trkpt lat="38.198914" lon="127.263159">
        <ele>179.1</ele>
      </trkpt>
      <trkpt lat="38.198953" lon="127.263130">
        <ele>179.0</ele>
      </trkpt>
      <trkpt lat="38.198992" lon="127.263101">
        <ele>178.9</ele>
      </trkpt>
      <trkpt lat="38.199030" lon="127.263072">
        <ele>178.9</ele>
      </trkpt>
      <trkpt lat="38.199069" lon="127.263043">
        <ele>178.8</ele>
      </trkpt>
      <trkpt lat="38.199108" lon="127.263015">
        <ele>178.8</ele>
      </trkpt>
      <trkpt lat="38.199148" lon="127.262988">
        <ele>178.9</ele>
      </trkpt>
      <trkpt lat="38.199188" lon="127.262961">
        <ele>179.0</ele>
      </trkpt>
      <trkpt lat="38.199227" lon="127.262934">
        <ele>179.0</ele>
      </trkpt>
      <trkpt lat="38.199267" lon="127.262907">
        <ele>179.1</ele>
      </trkpt>
      <trkpt lat="38.199307" lon="127.262880">
        <ele>179.1</ele>
      </trkpt>
      <trkpt lat="38.199346" lon="127.262853">
        <ele>179.2</ele>
      </trkpt>
      <trkpt lat="38.199386" lon="127.262826">
        <ele>179.2</ele>
      </trkpt>
      <trkpt lat="38.199425" lon="127.262798">
        <ele>179.3</ele>
      </trkpt>
      <trkpt lat="38.199465" lon="127.262771">
        <ele>179.3</ele>
      </trkpt>
      <trkpt lat="38.199505" lon="127.262744">
        <ele>179.4</ele>
      </trkpt>
      <trkpt lat="38.199544" lon="127.262717">
        <ele>179.5</ele>
      </trkpt>
      <trkpt lat="38.199584" lon="127.262690">
        <ele>179.5</ele>
      </trkpt>
      <trkpt lat="38.199624" lon="127.262663">
        <ele>179.6</ele>
      </trkpt>
      <trkpt lat="38.199663" lon="127.262636">
        <ele>179.6</ele>
      </trkpt>
      <trkpt lat="38.199703" lon="127.262609">
        <ele>179.7</ele>
      </trkpt>
      <trkpt lat="38.199742" lon="127.262582">
        <ele>179.7</ele>
      </trkpt>
      <trkpt lat="38.199782" lon="127.262555">
        <ele>179.8</ele>
      </trkpt>
      <trkpt lat="38.199822" lon="127.262528">
        <ele>179.9</ele>
      </trkpt>
      <trkpt lat="38.199861" lon="127.262501">
        <ele>179.9</ele>
      </trkpt>
      <trkpt lat="38.199901" lon="127.262474">
        <ele>180.0</ele>
      </trkpt>
      <trkpt lat="38.199940" lon="127.262447">
        <ele>180.0</ele>
      </trkpt>
      <trkpt lat="38.199980" lon="127.262420">
        <ele>180.1</ele>
      </trkpt>
      <trkpt lat="38.200020" lon="127.262393">
        <ele>180.1</ele>
      </trkpt>
      <trkpt lat="38.200059" lon="127.262366">
        <ele>180.2</ele>
      </trkpt>
      <trkpt lat="38.200099" lon="127.262339">
        <ele>180.3</ele>
      </trkpt>
      <trkpt lat="38.200139" lon="127.262311">
        <ele>180.3</ele>
      </trkpt>
      <trkpt lat="38.200178" lon="127.262284">
        <ele>180.4</ele>
      </trkpt>
      <trkpt lat="38.200218" lon="127.262257">
        <ele>180.4</ele>
      </trkpt>
      <trkpt lat="38.200257" lon="127.262230">
        <ele>180.5</ele>
      </trkpt>
      <trkpt lat="38.200297" lon="127.262203">
        <ele>180.5</ele>
      </trkpt>
      <trkpt lat="38.200337" lon="127.262176">
        <ele>180.6</ele>
      </trkpt>
      <trkpt lat="38.200376" lon="127.262149">
        <ele>180.6</ele>
      </trkpt>
      <trkpt lat="38.200416" lon="127.262122">
        <ele>180.7</ele>
      </trkpt>
      <trkpt lat="38.200456" lon="127.262095">
        <ele>180.8</ele>
      </trkpt>
      <trkpt lat="38.200495" lon="127.262067">
        <ele>181.0</ele>
      </trkpt>
      <trkpt lat="38.200527" lon="127.262062">
        <ele>181.3</ele>
      </trkpt>
      <trkpt lat="38.200544" lon="127.262026">
        <ele>180.9</ele>
      </trkpt>
      <trkpt lat="38.200581" lon="127.261995">
        <ele>180.9</ele>
      </trkpt>
      <trkpt lat="38.200619" lon="127.261964">
        <ele>181.0</ele>
      </trkpt>
      <trkpt lat="38.200657" lon="127.261933">
        <ele>181.1</ele>
      </trkpt>
      <trkpt lat="38.200695" lon="127.261902">
        <ele>181.2</ele>
      </trkpt>
      <trkpt lat="38.200733" lon="127.261871">
        <ele>181.3</ele>
      </trkpt>
      <trkpt lat="38.200771" lon="127.261840">
        <ele>181.4</ele>
      </trkpt>
      <trkpt lat="38.200808" lon="127.261809">
        <ele>181.4</ele>
      </trkpt>
      <trkpt lat="38.200846" lon="127.261778">
        <ele>181.5</ele>
      </trkpt>
      <trkpt lat="38.200884" lon="127.261747">
        <ele>181.6</ele>
      </trkpt>
      <trkpt lat="38.200922" lon="127.261716">
        <ele>181.6</ele>
      </trkpt>
      <trkpt lat="38.200960" lon="127.261685">
        <ele>181.7</ele>
      </trkpt>
      <trkpt lat="38.200997" lon="127.261654">
        <ele>181.8</ele>
      </trkpt>
      <trkpt lat="38.201034" lon="127.261622">
        <ele>181.8</ele>
      </trkpt>
      <trkpt lat="38.201071" lon="127.261588">
        <ele>181.8</ele>
      </trkpt>
      <trkpt lat="38.201107" lon="127.261555">
        <ele>181.8</ele>
      </trkpt>
      <trkpt lat="38.201144" lon="127.261521">
        <ele>181.7</ele>
      </trkpt>
      <trkpt lat="38.201180" lon="127.261488">
        <ele>181.7</ele>
      </trkpt>
      <trkpt lat="38.201217" lon="127.261454">
        <ele>181.7</ele>
      </trkpt>
      <trkpt lat="38.201253" lon="127.261421">
        <ele>181.7</ele>
      </trkpt>
      <trkpt lat="38.201290" lon="127.261388">
        <ele>181.7</ele>
      </trkpt>
      <trkpt lat="38.201326" lon="127.261354">
        <ele>181.7</ele>
      </trkpt>
      <trkpt lat="38.201363" lon="127.261321">
        <ele>181.7</ele>
      </trkpt>
      <trkpt lat="38.201399" lon="127.261287">
        <ele>181.6</ele>
      </trkpt>
      <trkpt lat="38.201436" lon="127.261254">
        <ele>181.6</ele>
      </trkpt>
      <trkpt lat="38.201472" lon="127.261220">
        <ele>181.6</ele>
      </trkpt>
      <trkpt lat="38.201508" lon="127.261187">
        <ele>181.6</ele>
      </trkpt>
      <trkpt lat="38.201545" lon="127.261153">
        <ele>181.6</ele>
      </trkpt>
      <trkpt lat="38.201581" lon="127.261120">
        <ele>181.6</ele>
      </trkpt>
      <trkpt lat="38.201618" lon="127.261086">
        <ele>181.5</ele>
      </trkpt>
      <trkpt lat="38.201654" lon="127.261053">
        <ele>181.5</ele>
      </trkpt>
      <trkpt lat="38.201691" lon="127.261019">
        <ele>181.5</ele>
      </trkpt>
      <trkpt lat="38.201727" lon="127.260986">
        <ele>181.5</ele>
      </trkpt>
      <trkpt lat="38.201764" lon="127.260953">
        <ele>181.3</ele>
      </trkpt>
      <trkpt lat="38.201801" lon="127.260921">
        <ele>181.2</ele>
      </trkpt>
      <trkpt lat="38.201838" lon="127.260888">
        <ele>181.0</ele>
      </trkpt>
      <trkpt lat="38.201875" lon="127.260856">
        <ele>180.9</ele>
      </trkpt>
      <trkpt lat="38.201912" lon="127.260823">
        <ele>180.7</ele>
      </trkpt>
      <trkpt lat="38.201949" lon="127.260790">
        <ele>180.6</ele>
      </trkpt>
      <trkpt lat="38.201986" lon="127.260758">
        <ele>180.4</ele>
      </trkpt>
      <trkpt lat="38.202023" lon="127.260725">
        <ele>180.3</ele>
      </trkpt>
      <trkpt lat="38.202060" lon="127.260692">
        <ele>180.1</ele>
      </trkpt>
      <trkpt lat="38.202097" lon="127.260660">
        <ele>180.0</ele>
      </trkpt>
      <trkpt lat="38.202134" lon="127.260627">
        <ele>179.8</ele>
      </trkpt>
      <trkpt lat="38.202171" lon="127.260594">
        <ele>179.6</ele>
      </trkpt>
      <trkpt lat="38.202207" lon="127.260562">
        <ele>179.5</ele>
      </trkpt>
      <trkpt lat="38.202244" lon="127.260529">
        <ele>179.3</ele>
      </trkpt>
      <trkpt lat="38.202281" lon="127.260496">
        <ele>179.2</ele>
      </trkpt>
      <trkpt lat="38.202318" lon="127.260464">
        <ele>179.0</ele>
      </trkpt>
      <trkpt lat="38.202356" lon="127.260433">
        <ele>179.0</ele>
      </trkpt>
      <trkpt lat="38.202395" lon="127.260403">
        <ele>178.9</ele>
      </trkpt>
      <trkpt lat="38.202433" lon="127.260373">
        <ele>178.9</ele>
      </trkpt>
      <trkpt lat="38.202471" lon="127.260343">
        <ele>178.8</ele>
      </trkpt>
      <trkpt lat="38.202509" lon="127.260313">
        <ele>178.8</ele>
      </trkpt>
      <trkpt lat="38.202548" lon="127.260283">
        <ele>178.7</ele>
      </trkpt>
      <trkpt lat="38.202586" lon="127.260253">
        <ele>178.7</ele>
      </trkpt>
      <trkpt lat="38.202624" lon="127.260223">
        <ele>178.6</ele>
      </trkpt>
      <trkpt lat="38.202662" lon="127.260193">
        <ele>178.6</ele>
      </trkpt>
      <trkpt lat="38.202701" lon="127.260162">
        <ele>178.5</ele>
      </trkpt>
      <trkpt lat="38.202739" lon="127.260132">
        <ele>178.5</ele>
      </trkpt>
      <trkpt lat="38.202777" lon="127.260102">
        <ele>178.4</ele>
      </trkpt>
      <trkpt lat="38.202815" lon="127.260072">
        <ele>178.4</ele>
      </trkpt>
      <trkpt lat="38.202854" lon="127.260042">
        <ele>178.3</ele>
      </trkpt>
      <trkpt lat="38.202891" lon="127.260010">
        <ele>178.3</ele>
      </trkpt>
      <trkpt lat="38.202927" lon="127.259977">
        <ele>178.4</ele>
      </trkpt>
      <trkpt lat="38.202964" lon="127.259943">
        <ele>178.5</ele>
      </trkpt>
      <trkpt lat="38.203000" lon="127.259910">
        <ele>178.6</ele>
      </trkpt>
      <trkpt lat="38.203037" lon="127.259876">
        <ele>178.6</ele>
      </trkpt>
      <trkpt lat="38.203073" lon="127.259843">
        <ele>178.7</ele>
      </trkpt>
      <trkpt lat="38.203109" lon="127.259809">
        <ele>178.8</ele>
      </trkpt>
      <trkpt lat="38.203146" lon="127.259776">
        <ele>178.9</ele>
      </trkpt>
      <trkpt lat="38.203182" lon="127.259742">
        <ele>178.9</ele>
      </trkpt>
      <trkpt lat="38.203219" lon="127.259709">
        <ele>179.0</ele>
      </trkpt>
      <trkpt lat="38.203255" lon="127.259675">
        <ele>179.1</ele>
      </trkpt>
      <trkpt lat="38.203292" lon="127.259642">
        <ele>179.1</ele>
      </trkpt>
      <trkpt lat="38.203328" lon="127.259608">
        <ele>179.2</ele>
      </trkpt>
      <trkpt lat="38.203365" lon="127.259575">
        <ele>179.3</ele>
      </trkpt>
      <trkpt lat="38.203401" lon="127.259541">
        <ele>179.4</ele>
      </trkpt>
      <trkpt lat="38.203438" lon="127.259508">
        <ele>179.4</ele>
      </trkpt>
      <trkpt lat="38.203474" lon="127.259474">
        <ele>179.5</ele>
      </trkpt>
      <trkpt lat="38.203511" lon="127.259441">
        <ele>179.6</ele>
      </trkpt>
      <trkpt lat="38.203547" lon="127.259407">
        <ele>179.7</ele>
      </trkpt>
      <trkpt lat="38.203583" lon="127.259374">
        <ele>179.7</ele>
      </trkpt>
      <trkpt lat="38.203620" lon="127.259340">
        <ele>179.8</ele>
      </trkpt>
      <trkpt lat="38.203657" lon="127.259308">
        <ele>179.9</ele>
      </trkpt>
      <trkpt lat="38.203694" lon="127.259276">
        <ele>180.0</ele>
      </trkpt>
      <trkpt lat="38.203731" lon="127.259243">
        <ele>180.1</ele>
      </trkpt>
      <trkpt lat="38.203768" lon="127.259211">
        <ele>180.2</ele>
      </trkpt>
      <trkpt lat="38.203806" lon="127.259179">
        <ele>180.3</ele>
      </trkpt>
      <trkpt lat="38.203843" lon="127.259146">
        <ele>180.4</ele>
      </trkpt>
      <trkpt lat="38.203880" lon="127.259114">
        <ele>180.5</ele>
      </trkpt>
      <trkpt lat="38.203917" lon="127.259082">
        <ele>180.6</ele>
      </trkpt>
      <trkpt lat="38.203954" lon="127.259049">
        <ele>180.7</ele>
      </trkpt>
      <trkpt lat="38.203991" lon="127.259017">
        <ele>180.8</ele>
      </trkpt>
      <trkpt lat="38.204028" lon="127.258985">
        <ele>180.9</ele>
      </trkpt>
      <trkpt lat="38.204065" lon="127.258953">
        <ele>181.0</ele>
      </trkpt>
      <trkpt lat="38.204103" lon="127.258921">
        <ele>181.0</ele>
      </trkpt>
      <trkpt lat="38.204140" lon="127.258889">
        <ele>181.0</ele>
      </trkpt>
      <trkpt lat="38.204177" lon="127.258857">
        <ele>180.9</ele>
      </trkpt>
      <trkpt lat="38.204214" lon="127.258825">
        <ele>180.9</ele>
      </trkpt>
      <trkpt lat="38.204252" lon="127.258793">
        <ele>180.9</ele>
      </trkpt>
      <trkpt lat="38.204289" lon="127.258761">
        <ele>180.9</ele>
      </trkpt>
      <trkpt lat="38.204326" lon="127.258729">
        <ele>180.9</ele>
      </trkpt>
      <trkpt lat="38.204364" lon="127.258697">
        <ele>180.9</ele>
      </trkpt>
      <trkpt lat="38.204401" lon="127.258665">
        <ele>180.9</ele>
      </trkpt>
      <trkpt lat="38.204438" lon="127.258633">
        <ele>180.8</ele>
      </trkpt>
      <trkpt lat="38.204475" lon="127.258601">
        <ele>180.8</ele>
      </trkpt>
      <trkpt lat="38.204513" lon="127.258569">
        <ele>180.8</ele>
      </trkpt>
      <trkpt lat="38.204549" lon="127.258534">
        <ele>180.8</ele>
      </trkpt>
      <trkpt lat="38.204584" lon="127.258500">
        <ele>180.8</ele>
      </trkpt>
      <trkpt lat="38.204620" lon="127.258465">
        <ele>180.7</ele>
      </trkpt>
      <trkpt lat="38.204656" lon="127.258431">
        <ele>180.7</ele>
      </trkpt>
      <trkpt lat="38.204692" lon="127.258396">
        <ele>180.7</ele>
      </trkpt>
      <trkpt lat="38.204728" lon="127.258361">
        <ele>180.7</ele>
      </trkpt>
      <trkpt lat="38.204764" lon="127.258327">
        <ele>180.6</ele>
      </trkpt>
      <trkpt lat="38.204799" lon="127.258292">
        <ele>180.6</ele>
      </trkpt>
      <trkpt lat="38.204835" lon="127.258258">
        <ele>180.6</ele>
      </trkpt>
      <trkpt lat="38.204871" lon="127.258223">
        <ele>180.6</ele>
      </trkpt>
      <trkpt lat="38.204907" lon="127.258188">
        <ele>180.5</ele>
      </trkpt>
      <trkpt lat="38.204943" lon="127.258154">
        <ele>180.5</ele>
      </trkpt>
      <trkpt lat="38.204977" lon="127.258117">
        <ele>180.5</ele>
      </trkpt>
      <trkpt lat="38.205010" lon="127.258078">
        <ele>180.6</ele>
      </trkpt>
      <trkpt lat="38.205043" lon="127.258040">
        <ele>180.7</ele>
      </trkpt>
      <trkpt lat="38.205076" lon="127.258001">
        <ele>180.8</ele>
      </trkpt>
      <trkpt lat="38.205108" lon="127.257961">
        <ele>180.9</ele>
      </trkpt>
      <trkpt lat="38.205139" lon="127.257919">
        <ele>181.0</ele>
      </trkpt>
      <trkpt lat="38.205170" lon="127.257878">
        <ele>181.2</ele>
      </trkpt>
      <trkpt lat="38.205201" lon="127.257836">
        <ele>181.3</ele>
      </trkpt>
      <trkpt lat="38.205232" lon="127.257795">
        <ele>181.5</ele>
      </trkpt>
      <trkpt lat="38.205264" lon="127.257754">
        <ele>181.7</ele>
      </trkpt>
      <trkpt lat="38.205295" lon="127.257712">
        <ele>181.8</ele>
      </trkpt>
      <trkpt lat="38.205326" lon="127.257671">
        <ele>182.0</ele>
      </trkpt>
      <trkpt lat="38.205357" lon="127.257629">
        <ele>182.1</ele>
      </trkpt>
      <trkpt lat="38.205388" lon="127.257588">
        <ele>182.3</ele>
      </trkpt>
      <trkpt lat="38.205417" lon="127.257544">
        <ele>182.3</ele>
      </trkpt>
      <trkpt lat="38.205445" lon="127.257500">
        <ele>182.3</ele>
      </trkpt>
      <trkpt lat="38.205473" lon="127.257455">
        <ele>182.3</ele>
      </trkpt>
      <trkpt lat="38.205503" lon="127.257422">
        <ele>182.3</ele>
      </trkpt>
      <trkpt lat="38.205500" lon="127.257419">
        <ele>182.3</ele>
      </trkpt>
      <trkpt lat="38.205525" lon="127.257375">
        <ele>182.3</ele>
      </trkpt>
      <trkpt lat="38.205553" lon="127.257331">
        <ele>182.3</ele>
      </trkpt>
      <trkpt lat="38.205582" lon="127.257287">
        <ele>182.3</ele>
      </trkpt>
      <trkpt lat="38.205610" lon="127.257243">
        <ele>182.3</ele>
      </trkpt>
      <trkpt lat="38.205639" lon="127.257198">
        <ele>182.3</ele>
      </trkpt>
      <trkpt lat="38.205667" lon="127.257154">
        <ele>182.3</ele>
      </trkpt>
      <trkpt lat="38.205692" lon="127.257106">
        <ele>182.3</ele>
      </trkpt>
      <trkpt lat="38.205716" lon="127.257058">
        <ele>182.2</ele>
      </trkpt>
      <trkpt lat="38.205740" lon="127.257009">
        <ele>182.2</ele>
      </trkpt>
      <trkpt lat="38.205763" lon="127.256961">
        <ele>182.1</ele>
      </trkpt>
      <trkpt lat="38.205787" lon="127.256912">
        <ele>182.1</ele>
      </trkpt>
      <trkpt lat="38.205811" lon="127.256864">
        <ele>182.0</ele>
      </trkpt>
      <trkpt lat="38.205835" lon="127.256815">
        <ele>181.9</ele>
      </trkpt>
      <trkpt lat="38.205859" lon="127.256767">
        <ele>181.9</ele>
      </trkpt>
      <trkpt lat="38.205883" lon="127.256718">
        <ele>181.8</ele>
      </trkpt>
      <trkpt lat="38.205907" lon="127.256670">
        <ele>181.8</ele>
      </trkpt>
      <trkpt lat="38.205933" lon="127.256623">
        <ele>181.7</ele>
      </trkpt>
      <trkpt lat="38.205959" lon="127.256577">
        <ele>181.6</ele>
      </trkpt>
      <trkpt lat="38.205986" lon="127.256530">
        <ele>181.5</ele>
      </trkpt>
      <trkpt lat="38.206012" lon="127.256484">
        <ele>181.3</ele>
      </trkpt>
      <trkpt lat="38.206038" lon="127.256437">
        <ele>181.2</ele>
      </trkpt>
      <trkpt lat="38.206063" lon="127.256390">
        <ele>181.1</ele>
      </trkpt>
      <trkpt lat="38.206090" lon="127.256344">
        <ele>181.0</ele>
      </trkpt>
      <trkpt lat="38.206125" lon="127.256308">
        <ele>181.0</ele>
      </trkpt>
      <trkpt lat="38.206167" lon="127.256290">
        <ele>181.0</ele>
      </trkpt>
      <trkpt lat="38.206212" lon="127.256287">
        <ele>181.0</ele>
      </trkpt>
      <trkpt lat="38.206254" lon="127.256268">
        <ele>180.8</ele>
      </trkpt>
      <trkpt lat="38.206290" lon="127.256235">
        <ele>180.8</ele>
      </trkpt>
      <trkpt lat="38.206318" lon="127.256190">
        <ele>180.8</ele>
      </trkpt>
      <trkpt lat="38.206335" lon="127.256138">
        <ele>180.8</ele>
      </trkpt>
      <trkpt lat="38.206341" lon="127.256082">
        <ele>180.8</ele>
      </trkpt>
      <trkpt lat="38.206336" lon="127.256025">
        <ele>180.8</ele>
      </trkpt>
      <trkpt lat="38.206339" lon="127.255968">
        <ele>180.8</ele>
      </trkpt>
      <trkpt lat="38.206346" lon="127.255912">
        <ele>180.8</ele>
      </trkpt>
      <trkpt lat="38.206357" lon="127.255856">
        <ele>180.8</ele>
      </trkpt>
      <trkpt lat="38.206372" lon="127.255803">
        <ele>180.9</ele>
      </trkpt>
      <trkpt lat="38.206388" lon="127.255749">
        <ele>180.9</ele>
      </trkpt>
      <trkpt lat="38.206404" lon="127.255695">
        <ele>181.0</ele>
      </trkpt>
      <trkpt lat="38.206423" lon="127.255643">
        <ele>181.0</ele>
      </trkpt>
      <trkpt lat="38.206442" lon="127.255592">
        <ele>181.0</ele>
      </trkpt>
      <trkpt lat="38.206460" lon="127.255540">
        <ele>181.0</ele>
      </trkpt>
      <trkpt lat="38.206478" lon="127.255487">
        <ele>181.0</ele>
      </trkpt>
      <trkpt lat="38.206496" lon="127.255435">
        <ele>181.0</ele>
      </trkpt>
      <trkpt lat="38.206514" lon="127.255382">
        <ele>181.0</ele>
      </trkpt>
      <trkpt lat="38.206537" lon="127.255333">
        <ele>181.0</ele>
      </trkpt>
      <trkpt lat="38.206562" lon="127.255285">
        <ele>181.0</ele>
      </trkpt>
      <trkpt lat="38.206587" lon="127.255238">
        <ele>181.0</ele>
      </trkpt>
      <trkpt lat="38.206612" lon="127.255190">
        <ele>180.9</ele>
      </trkpt>
      <trkpt lat="38.206637" lon="127.255143">
        <ele>180.9</ele>
      </trkpt>
      <trkpt lat="38.206662" lon="127.255095">
        <ele>180.9</ele>
      </trkpt>
      <trkpt lat="38.206687" lon="127.255048">
        <ele>180.9</ele>
      </trkpt>
      <trkpt lat="38.206712" lon="127.255000">
        <ele>180.9</ele>
      </trkpt>
      <trkpt lat="38.206737" lon="127.254953">
        <ele>180.9</ele>
      </trkpt>
      <trkpt lat="38.206762" lon="127.254905">
        <ele>180.9</ele>
      </trkpt>
      <trkpt lat="38.206788" lon="127.254858">
        <ele>180.8</ele>
      </trkpt>
      <trkpt lat="38.206813" lon="127.254810">
        <ele>180.8</ele>
      </trkpt>
      <trkpt lat="38.206838" lon="127.254763">
        <ele>180.8</ele>
      </trkpt>
      <trkpt lat="38.206862" lon="127.254715">
        <ele>180.8</ele>
      </trkpt>
      <trkpt lat="38.206886" lon="127.254666">
        <ele>180.8</ele>
      </trkpt>
      <trkpt lat="38.206910" lon="127.254618">
        <ele>180.8</ele>
      </trkpt>
      <trkpt lat="38.206933" lon="127.254569">
        <ele>180.8</ele>
      </trkpt>
      <trkpt lat="38.206957" lon="127.254520">
        <ele>180.8</ele>
      </trkpt>
      <trkpt lat="38.206981" lon="127.254472">
        <ele>180.8</ele>
      </trkpt>
      <trkpt lat="38.207005" lon="127.254423">
        <ele>180.8</ele>
      </trkpt>
      <trkpt lat="38.207029" lon="127.254375">
        <ele>180.9</ele>
      </trkpt>
      <trkpt lat="38.207054" lon="127.254328">
        <ele>180.9</ele>
      </trkpt>
      <trkpt lat="38.207079" lon="127.254280">
        <ele>181.0</ele>
      </trkpt>
      <trkpt lat="38.207103" lon="127.254232">
        <ele>181.1</ele>
      </trkpt>
      <trkpt lat="38.207128" lon="127.254184">
        <ele>181.1</ele>
      </trkpt>
      <trkpt lat="38.207153" lon="127.254136">
        <ele>181.2</ele>
      </trkpt>
      <trkpt lat="38.207177" lon="127.254089">
        <ele>181.3</ele>
      </trkpt>
      <trkpt lat="38.207202" lon="127.254041">
        <ele>181.4</ele>
      </trkpt>
      <trkpt lat="38.207227" lon="127.253993">
        <ele>181.5</ele>
      </trkpt>
      <trkpt lat="38.207252" lon="127.253945">
        <ele>181.7</ele>
      </trkpt>
      <trkpt lat="38.207276" lon="127.253898">
        <ele>181.8</ele>
      </trkpt>
      <trkpt lat="38.207301" lon="127.253850">
        <ele>182.0</ele>
      </trkpt>
      <trkpt lat="38.207326" lon="127.253802">
        <ele>182.1</ele>
      </trkpt>
      <trkpt lat="38.207351" lon="127.253754">
        <ele>182.2</ele>
      </trkpt>
      <trkpt lat="38.207376" lon="127.253707">
        <ele>182.4</ele>
      </trkpt>
      <trkpt lat="38.207400" lon="127.253659">
        <ele>182.5</ele>
      </trkpt>
      <trkpt lat="38.207425" lon="127.253611">
        <ele>182.7</ele>
      </trkpt>
      <trkpt lat="38.207450" lon="127.253563">
        <ele>182.8</ele>
      </trkpt>
      <trkpt lat="38.207475" lon="127.253516">
        <ele>183.0</ele>
      </trkpt>
      <trkpt lat="38.207500" lon="127.253468">
        <ele>183.1</ele>
      </trkpt>
      <trkpt lat="38.207524" lon="127.253420">
        <ele>183.3</ele>
      </trkpt>
      <trkpt lat="38.207549" lon="127.253372">
        <ele>183.4</ele>
      </trkpt>
      <trkpt lat="38.207574" lon="127.253325">
        <ele>183.6</ele>
      </trkpt>
      <trkpt lat="38.207599" lon="127.253277">
        <ele>183.7</ele>
      </trkpt>
      <trkpt lat="38.207623" lon="127.253229">
        <ele>183.8</ele>
      </trkpt>
      <trkpt lat="38.207648" lon="127.253181">
        <ele>184.0</ele>
      </trkpt>
      <trkpt lat="38.207672" lon="127.253133">
        <ele>184.0</ele>
      </trkpt>
      <trkpt lat="38.207696" lon="127.253085">
        <ele>184.1</ele>
      </trkpt>
      <trkpt lat="38.207720" lon="127.253036">
        <ele>184.1</ele>
      </trkpt>
      <trkpt lat="38.207744" lon="127.252988">
        <ele>184.2</ele>
      </trkpt>
      <trkpt lat="38.207768" lon="127.252939">
        <ele>184.2</ele>
      </trkpt>
      <trkpt lat="38.207792" lon="127.252891">
        <ele>184.2</ele>
      </trkpt>
      <trkpt lat="38.207816" lon="127.252842">
        <ele>184.3</ele>
      </trkpt>
      <trkpt lat="38.207840" lon="127.252794">
        <ele>184.3</ele>
      </trkpt>
      <trkpt lat="38.207864" lon="127.252746">
        <ele>184.4</ele>
      </trkpt>
      <trkpt lat="38.207888" lon="127.252697">
        <ele>184.4</ele>
      </trkpt>
      <trkpt lat="38.207912" lon="127.252649">
        <ele>184.5</ele>
      </trkpt>
      <trkpt lat="38.207936" lon="127.252600">
        <ele>184.5</ele>
      </trkpt>
      <trkpt lat="38.207960" lon="127.252552">
        <ele>184.5</ele>
      </trkpt>
      <trkpt lat="38.207984" lon="127.252503">
        <ele>184.6</ele>
      </trkpt>
      <trkpt lat="38.208008" lon="127.252455">
        <ele>184.6</ele>
      </trkpt>
      <trkpt lat="38.208032" lon="127.252407">
        <ele>184.7</ele>
      </trkpt>
      <trkpt lat="38.208056" lon="127.252358">
        <ele>184.7</ele>
      </trkpt>
      <trkpt lat="38.208080" lon="127.252310">
        <ele>184.7</ele>
      </trkpt>
      <trkpt lat="38.208104" lon="127.252261">
        <ele>184.8</ele>
      </trkpt>
      <trkpt lat="38.208128" lon="127.252213">
        <ele>184.8</ele>
      </trkpt>
      <trkpt lat="38.208152" lon="127.252164">
        <ele>184.9</ele>
      </trkpt>
      <trkpt lat="38.208175" lon="127.252116">
        <ele>184.9</ele>
      </trkpt>
      <trkpt lat="38.208199" lon="127.252068">
        <ele>185.0</ele>
      </trkpt>
      <trkpt lat="38.208223" lon="127.252019">
        <ele>185.0</ele>
      </trkpt>
      <trkpt lat="38.208239" lon="127.251965">
        <ele>185.0</ele>
      </trkpt>
      <trkpt lat="38.208253" lon="127.251911">
        <ele>185.0</ele>
      </trkpt>
      <trkpt lat="38.208268" lon="127.251857">
        <ele>185.0</ele>
      </trkpt>
      <trkpt lat="38.208282" lon="127.251803">
        <ele>184.9</ele>
      </trkpt>
      <trkpt lat="38.208297" lon="127.251749">
        <ele>184.9</ele>
      </trkpt>
      <trkpt lat="38.208312" lon="127.251695">
        <ele>184.9</ele>
      </trkpt>
      <trkpt lat="38.208326" lon="127.251641">
        <ele>184.9</ele>
      </trkpt>
      <trkpt lat="38.208341" lon="127.251587">
        <ele>184.9</ele>
      </trkpt>
      <trkpt lat="38.208355" lon="127.251532">
        <ele>184.9</ele>
      </trkpt>
      <trkpt lat="38.208370" lon="127.251478">
        <ele>184.9</ele>
      </trkpt>
      <trkpt lat="38.208384" lon="127.251424">
        <ele>184.8</ele>
      </trkpt>
      <trkpt lat="38.208399" lon="127.251370">
        <ele>184.8</ele>
      </trkpt>
      <trkpt lat="38.208414" lon="127.251316">
        <ele>184.8</ele>
      </trkpt>
      <trkpt lat="38.208428" lon="127.251262">
        <ele>184.8</ele>
      </trkpt>
      <trkpt lat="38.208442" lon="127.251207">
        <ele>184.8</ele>
      </trkpt>
      <trkpt lat="38.208456" lon="127.251153">
        <ele>184.9</ele>
      </trkpt>
      <trkpt lat="38.208470" lon="127.251098">
        <ele>185.0</ele>
      </trkpt>
      <trkpt lat="38.208484" lon="127.251044">
        <ele>185.1</ele>
      </trkpt>
      <trkpt lat="38.208498" lon="127.250990">
        <ele>185.1</ele>
      </trkpt>
      <trkpt lat="38.208512" lon="127.250935">
        <ele>185.2</ele>
      </trkpt>
      <trkpt lat="38.208525" lon="127.250881">
        <ele>185.3</ele>
      </trkpt>
      <trkpt lat="38.208539" lon="127.250826">
        <ele>185.3</ele>
      </trkpt>
      <trkpt lat="38.208553" lon="127.250772">
        <ele>185.4</ele>
      </trkpt>
      <trkpt lat="38.208567" lon="127.250717">
        <ele>185.5</ele>
      </trkpt>
      <trkpt lat="38.208581" lon="127.250663">
        <ele>185.6</ele>
      </trkpt>
      <trkpt lat="38.208595" lon="127.250608">
        <ele>185.6</ele>
      </trkpt>
      <trkpt lat="38.208608" lon="127.250554">
        <ele>185.7</ele>
      </trkpt>
      <trkpt lat="38.208622" lon="127.250500">
        <ele>185.8</ele>
      </trkpt>
      <trkpt lat="38.208636" lon="127.250445">
        <ele>185.8</ele>
      </trkpt>
      <trkpt lat="38.208650" lon="127.250391">
        <ele>185.9</ele>
      </trkpt>
      <trkpt lat="38.208664" lon="127.250336">
        <ele>186.0</ele>
      </trkpt>
      <trkpt lat="38.208678" lon="127.250282">
        <ele>186.1</ele>
      </trkpt>
      <trkpt lat="38.208691" lon="127.250227">
        <ele>186.1</ele>
      </trkpt>
      <trkpt lat="38.208705" lon="127.250173">
        <ele>186.2</ele>
      </trkpt>
      <trkpt lat="38.208719" lon="127.250118">
        <ele>186.3</ele>
      </trkpt>
      <trkpt lat="38.208733" lon="127.250064">
        <ele>186.3</ele>
      </trkpt>
      <trkpt lat="38.208747" lon="127.250010">
        <ele>186.4</ele>
      </trkpt>
      <trkpt lat="38.208761" lon="127.249955">
        <ele>186.5</ele>
      </trkpt>
      <trkpt lat="38.208775" lon="127.249901">
        <ele>186.5</ele>
      </trkpt>
      <trkpt lat="38.208789" lon="127.249846">
        <ele>186.5</ele>
      </trkpt>
      <trkpt lat="38.208803" lon="127.249792">
        <ele>186.5</ele>
      </trkpt>
      <trkpt lat="38.208817" lon="127.249738">
        <ele>186.5</ele>
      </trkpt>
      <trkpt lat="38.208831" lon="127.249683">
        <ele>186.3</ele>
      </trkpt>
      <trkpt lat="38.208845" lon="127.249629">
        <ele>186.1</ele>
      </trkpt>
      <trkpt lat="38.208859" lon="127.249575">
        <ele>185.8</ele>
      </trkpt>
      <trkpt lat="38.208873" lon="127.249520">
        <ele>185.5</ele>
      </trkpt>
      <trkpt lat="38.208888" lon="127.249466">
        <ele>185.3</ele>
      </trkpt>
      <trkpt lat="38.208902" lon="127.249412">
        <ele>185.0</ele>
      </trkpt>
      <trkpt lat="38.208916" lon="127.249357">
        <ele>184.8</ele>
      </trkpt>
      <trkpt lat="38.208930" lon="127.249303">
        <ele>184.5</ele>
      </trkpt>
      <trkpt lat="38.208943" lon="127.249251">
        <ele>186.0</ele>
      </trkpt>
      <trkpt lat="38.208958" lon="127.249197">
        <ele>185.9</ele>
      </trkpt>
      <trkpt lat="38.208972" lon="127.249143">
        <ele>185.9</ele>
      </trkpt>
      <trkpt lat="38.208986" lon="127.249088">
        <ele>185.8</ele>
      </trkpt>
      <trkpt lat="38.209000" lon="127.249034">
        <ele>185.8</ele>
      </trkpt>
      <trkpt lat="38.209015" lon="127.248980">
        <ele>185.7</ele>
      </trkpt>
      <trkpt lat="38.209029" lon="127.248925">
        <ele>185.7</ele>
      </trkpt>
      <trkpt lat="38.209043" lon="127.248871">
        <ele>185.6</ele>
      </trkpt>
      <trkpt lat="38.209057" lon="127.248817">
        <ele>185.6</ele>
      </trkpt>
      <trkpt lat="38.209071" lon="127.248763">
        <ele>185.5</ele>
      </trkpt>
      <trkpt lat="38.209086" lon="127.248708">
        <ele>185.5</ele>
      </trkpt>
      <trkpt lat="38.209100" lon="127.248654">
        <ele>185.4</ele>
      </trkpt>
      <trkpt lat="38.209114" lon="127.248600">
        <ele>185.4</ele>
      </trkpt>
      <trkpt lat="38.209128" lon="127.248545">
        <ele>185.3</ele>
      </trkpt>
      <trkpt lat="38.209142" lon="127.248491">
        <ele>185.3</ele>
      </trkpt>
      <trkpt lat="38.209157" lon="127.248437">
        <ele>185.2</ele>
      </trkpt>
      <trkpt lat="38.209171" lon="127.248383">
        <ele>185.2</ele>
      </trkpt>
      <trkpt lat="38.209185" lon="127.248328">
        <ele>185.1</ele>
      </trkpt>
      <trkpt lat="38.209199" lon="127.248274">
        <ele>185.1</ele>
      </trkpt>
      <trkpt lat="38.209213" lon="127.248220">
        <ele>185.0</ele>
      </trkpt>
      <trkpt lat="38.209228" lon="127.248165">
        <ele>185.0</ele>
      </trkpt>
      <trkpt lat="38.209242" lon="127.248111">
        <ele>184.9</ele>
      </trkpt>
      <trkpt lat="38.209256" lon="127.248057">
        <ele>184.9</ele>
      </trkpt>
      <trkpt lat="38.209270" lon="127.248003">
        <ele>184.8</ele>
      </trkpt>
      <trkpt lat="38.209285" lon="127.247948">
        <ele>184.8</ele>
      </trkpt>
      <trkpt lat="38.209299" lon="127.247894">
        <ele>184.7</ele>
      </trkpt>
      <trkpt lat="38.209313" lon="127.247840">
        <ele>184.7</ele>
      </trkpt>
      <trkpt lat="38.209327" lon="127.247785">
        <ele>184.7</ele>
      </trkpt>
      <trkpt lat="38.209341" lon="127.247731">
        <ele>184.6</ele>
      </trkpt>
      <trkpt lat="38.209356" lon="127.247677">
        <ele>184.6</ele>
      </trkpt>
      <trkpt lat="38.209370" lon="127.247622">
        <ele>184.5</ele>
      </trkpt>
      <trkpt lat="38.209386" lon="127.247569">
        <ele>184.6</ele>
      </trkpt>
      <trkpt lat="38.209402" lon="127.247515">
        <ele>184.6</ele>
      </trkpt>
      <trkpt lat="38.209418" lon="127.247462">
        <ele>184.7</ele>
      </trkpt>
      <trkpt lat="38.209434" lon="127.247408">
        <ele>184.8</ele>
      </trkpt>
      <trkpt lat="38.209450" lon="127.247355">
        <ele>184.8</ele>
      </trkpt>
      <trkpt lat="38.209466" lon="127.247301">
        <ele>184.9</ele>
      </trkpt>
      <trkpt lat="38.209482" lon="127.247248">
        <ele>185.0</ele>
      </trkpt>
      <trkpt lat="38.209498" lon="127.247195">
        <ele>185.1</ele>
      </trkpt>
      <trkpt lat="38.209514" lon="127.247141">
        <ele>185.1</ele>
      </trkpt>
      <trkpt lat="38.209530" lon="127.247088">
        <ele>185.2</ele>
      </trkpt>
      <trkpt lat="38.209546" lon="127.247034">
        <ele>185.3</ele>
      </trkpt>
      <trkpt lat="38.209562" lon="127.246981">
        <ele>185.3</ele>
      </trkpt>
      <trkpt lat="38.209578" lon="127.246927">
        <ele>185.4</ele>
      </trkpt>
      <trkpt lat="38.209594" lon="127.246874">
        <ele>185.5</ele>
      </trkpt>
      <trkpt lat="38.209614" lon="127.246823">
        <ele>185.5</ele>
      </trkpt>
      <trkpt lat="38.209638" lon="127.246774">
        <ele>185.5</ele>
      </trkpt>
      <trkpt lat="38.209661" lon="127.246725">
        <ele>185.5</ele>
      </trkpt>
      <trkpt lat="38.209684" lon="127.246676">
        <ele>185.5</ele>
      </trkpt>
      <trkpt lat="38.209712" lon="127.246631">
        <ele>185.5</ele>
      </trkpt>
      <trkpt lat="38.209741" lon="127.246588">
        <ele>185.4</ele>
      </trkpt>
      <trkpt lat="38.209771" lon="127.246545">
        <ele>185.4</ele>
      </trkpt>
      <trkpt lat="38.209801" lon="127.246502">
        <ele>185.3</ele>
      </trkpt>
      <trkpt lat="38.209831" lon="127.246460">
        <ele>185.3</ele>
      </trkpt>
      <trkpt lat="38.209864" lon="127.246422">
        <ele>185.2</ele>
      </trkpt>
      <trkpt lat="38.209898" lon="127.246383">
        <ele>185.1</ele>
      </trkpt>
      <trkpt lat="38.209931" lon="127.246345">
        <ele>185.0</ele>
      </trkpt>
      <trkpt lat="38.209965" lon="127.246307">
        <ele>185.0</ele>
      </trkpt>
      <trkpt lat="38.209998" lon="127.246268">
        <ele>184.9</ele>
      </trkpt>
      <trkpt lat="38.210031" lon="127.246230">
        <ele>184.8</ele>
      </trkpt>
      <trkpt lat="38.210073" lon="127.246211">
        <ele>184.8</ele>
      </trkpt>
      <trkpt lat="38.210116" lon="127.246193">
        <ele>184.8</ele>
      </trkpt>
      <trkpt lat="38.210151" lon="127.246158">
        <ele>184.8</ele>
      </trkpt>
      <trkpt lat="38.210184" lon="127.246120">
        <ele>184.8</ele>
      </trkpt>
      <trkpt lat="38.210218" lon="127.246081">
        <ele>184.7</ele>
      </trkpt>
      <trkpt lat="38.210251" lon="127.246043">
        <ele>184.7</ele>
      </trkpt>
      <trkpt lat="38.210284" lon="127.246005">
        <ele>184.7</ele>
      </trkpt>
      <trkpt lat="38.210318" lon="127.245966">
        <ele>184.7</ele>
      </trkpt>
      <trkpt lat="38.210351" lon="127.245928">
        <ele>184.7</ele>
      </trkpt>
      <trkpt lat="38.210385" lon="127.245890">
        <ele>184.6</ele>
      </trkpt>
      <trkpt lat="38.210418" lon="127.245851">
        <ele>184.6</ele>
      </trkpt>
      <trkpt lat="38.210451" lon="127.245813">
        <ele>184.6</ele>
      </trkpt>
      <trkpt lat="38.210485" lon="127.245775">
        <ele>184.6</ele>
      </trkpt>
      <trkpt lat="38.210518" lon="127.245736">
        <ele>184.5</ele>
      </trkpt>
      <trkpt lat="38.210552" lon="127.245698">
        <ele>184.5</ele>
      </trkpt>
      <trkpt lat="38.210585" lon="127.245660">
        <ele>184.5</ele>
      </trkpt>
      <trkpt lat="38.210628" lon="127.245653">
        <ele>184.5</ele>
      </trkpt>
      <trkpt lat="38.210668" lon="127.245629">
        <ele>184.5</ele>
      </trkpt>
      <trkpt lat="38.210696" lon="127.245585">
        <ele>184.3</ele>
      </trkpt>
      <trkpt lat="38.210703" lon="127.245529">
        <ele>184.3</ele>
      </trkpt>
      <trkpt lat="38.210721" lon="127.245483">
        <ele>184.2</ele>
      </trkpt>
      <trkpt lat="38.210754" lon="127.245444">
        <ele>184.0</ele>
      </trkpt>
      <trkpt lat="38.210787" lon="127.245405">
        <ele>183.9</ele>
      </trkpt>
      <trkpt lat="38.210821" lon="127.245368">
        <ele>183.8</ele>
      </trkpt>
      <trkpt lat="38.210856" lon="127.245332">
        <ele>183.8</ele>
      </trkpt>
      <trkpt lat="38.210892" lon="127.245296">
        <ele>183.8</ele>
      </trkpt>
      <trkpt lat="38.210927" lon="127.245261">
        <ele>183.8</ele>
      </trkpt>
      <trkpt lat="38.210962" lon="127.245225">
        <ele>183.8</ele>
      </trkpt>
      <trkpt lat="38.210997" lon="127.245190">
        <ele>183.8</ele>
      </trkpt>
      <trkpt lat="38.211032" lon="127.245154">
        <ele>183.8</ele>
      </trkpt>
      <trkpt lat="38.211068" lon="127.245118">
        <ele>183.8</ele>
      </trkpt>
      <trkpt lat="38.211100" lon="127.245079">
        <ele>183.8</ele>
      </trkpt>
      <trkpt lat="38.211132" lon="127.245038">
        <ele>183.8</ele>
      </trkpt>
      <trkpt lat="38.211164" lon="127.244998">
        <ele>183.8</ele>
      </trkpt>
      <trkpt lat="38.211201" lon="127.244967">
        <ele>183.9</ele>
      </trkpt>
      <trkpt lat="38.211241" lon="127.244943">
        <ele>184.0</ele>
      </trkpt>
      <trkpt lat="38.211283" lon="127.244922">
        <ele>184.1</ele>
      </trkpt>
      <trkpt lat="38.211326" lon="127.244903">
        <ele>184.2</ele>
      </trkpt>
      <trkpt lat="38.211368" lon="127.244885">
        <ele>184.3</ele>
      </trkpt>
      <trkpt lat="38.211412" lon="127.244870">
        <ele>184.4</ele>
      </trkpt>
      <trkpt lat="38.211455" lon="127.244856">
        <ele>184.5</ele>
      </trkpt>
      <trkpt lat="38.211499" lon="127.244841">
        <ele>184.7</ele>
      </trkpt>
      <trkpt lat="38.211542" lon="127.244826">
        <ele>184.8</ele>
      </trkpt>
      <trkpt lat="38.211586" lon="127.244813">
        <ele>184.9</ele>
      </trkpt>
      <trkpt lat="38.211630" lon="127.244802">
        <ele>185.0</ele>
      </trkpt>
      <trkpt lat="38.211674" lon="127.244790">
        <ele>185.1</ele>
      </trkpt>
      <trkpt lat="38.211718" lon="127.244778">
        <ele>185.2</ele>
      </trkpt>
      <trkpt lat="38.211762" lon="127.244767">
        <ele>185.3</ele>
      </trkpt>
      <trkpt lat="38.211806" lon="127.244755">
        <ele>185.4</ele>
      </trkpt>
      <trkpt lat="38.211850" lon="127.244743">
        <ele>185.5</ele>
      </trkpt>
      <trkpt lat="38.211894" lon="127.244732">
        <ele>185.6</ele>
      </trkpt>
      <trkpt lat="38.211938" lon="127.244720">
        <ele>185.7</ele>
      </trkpt>
      <trkpt lat="38.211982" lon="127.244707">
        <ele>185.8</ele>
      </trkpt>
      <trkpt lat="38.212026" lon="127.244693">
        <ele>185.9</ele>
      </trkpt>
      <trkpt lat="38.212069" lon="127.244679">
        <ele>186.0</ele>
      </trkpt>
      <trkpt lat="38.212113" lon="127.244665">
        <ele>186.0</ele>
      </trkpt>
      <trkpt lat="38.212156" lon="127.244650">
        <ele>186.1</ele>
      </trkpt>
      <trkpt lat="38.212200" lon="127.244636">
        <ele>186.2</ele>
      </trkpt>
      <trkpt lat="38.212243" lon="127.244622">
        <ele>186.3</ele>
      </trkpt>
      <trkpt lat="38.212287" lon="127.244608">
        <ele>186.3</ele>
      </trkpt>
      <trkpt lat="38.212331" lon="127.244594">
        <ele>186.4</ele>
      </trkpt>
      <trkpt lat="38.212374" lon="127.244580">
        <ele>186.5</ele>
      </trkpt>
      <trkpt lat="38.212418" lon="127.244566">
        <ele>186.5</ele>
      </trkpt>
      <trkpt lat="38.212461" lon="127.244552">
        <ele>186.6</ele>
      </trkpt>
      <trkpt lat="38.212505" lon="127.244538">
        <ele>186.7</ele>
      </trkpt>
      <trkpt lat="38.212548" lon="127.244523">
        <ele>186.8</ele>
      </trkpt>
      <trkpt lat="38.212592" lon="127.244509">
        <ele>186.8</ele>
      </trkpt>
      <trkpt lat="38.212636" lon="127.244495">
        <ele>186.9</ele>
      </trkpt>
      <trkpt lat="38.212679" lon="127.244481">
        <ele>187.0</ele>
      </trkpt>
      <trkpt lat="38.212723" lon="127.244467">
        <ele>187.0</ele>
      </trkpt>
      <trkpt lat="38.212766" lon="127.244453">
        <ele>187.1</ele>
      </trkpt>
      <trkpt lat="38.212810" lon="127.244439">
        <ele>187.2</ele>
      </trkpt>
      <trkpt lat="38.212854" lon="127.244425">
        <ele>187.3</ele>
      </trkpt>
      <trkpt lat="38.212897" lon="127.244411">
        <ele>187.3</ele>
      </trkpt>
      <trkpt lat="38.212941" lon="127.244397">
        <ele>187.4</ele>
      </trkpt>
      <trkpt lat="38.212984" lon="127.244382">
        <ele>187.5</ele>
      </trkpt>
      <trkpt lat="38.213028" lon="127.244368">
        <ele>187.5</ele>
      </trkpt>
      <trkpt lat="38.213071" lon="127.244354">
        <ele>187.5</ele>
      </trkpt>
      <trkpt lat="38.213115" lon="127.244339">
        <ele>187.4</ele>
      </trkpt>
      <trkpt lat="38.213158" lon="127.244324">
        <ele>187.4</ele>
      </trkpt>
      <trkpt lat="38.213202" lon="127.244310">
        <ele>187.4</ele>
      </trkpt>
      <trkpt lat="38.213245" lon="127.244295">
        <ele>187.3</ele>
      </trkpt>
      <trkpt lat="38.213289" lon="127.244281">
        <ele>187.3</ele>
      </trkpt>
      <trkpt lat="38.213332" lon="127.244266">
        <ele>187.3</ele>
      </trkpt>
      <trkpt lat="38.213376" lon="127.244252">
        <ele>187.3</ele>
      </trkpt>
      <trkpt lat="38.213419" lon="127.244237">
        <ele>187.2</ele>
      </trkpt>
      <trkpt lat="38.213463" lon="127.244223">
        <ele>187.2</ele>
      </trkpt>
      <trkpt lat="38.213506" lon="127.244208">
        <ele>187.2</ele>
      </trkpt>
      <trkpt lat="38.213550" lon="127.244194">
        <ele>187.1</ele>
      </trkpt>
      <trkpt lat="38.213593" lon="127.244179">
        <ele>187.1</ele>
      </trkpt>
      <trkpt lat="38.213637" lon="127.244165">
        <ele>187.1</ele>
      </trkpt>
      <trkpt lat="38.213680" lon="127.244150">
        <ele>187.1</ele>
      </trkpt>
      <trkpt lat="38.213724" lon="127.244136">
        <ele>187.0</ele>
      </trkpt>
      <trkpt lat="38.213767" lon="127.244121">
        <ele>187.0</ele>
      </trkpt>
      <trkpt lat="38.213811" lon="127.244107">
        <ele>187.0</ele>
      </trkpt>
      <trkpt lat="38.213854" lon="127.244092">
        <ele>187.0</ele>
      </trkpt>
      <trkpt lat="38.213898" lon="127.244078">
        <ele>186.9</ele>
      </trkpt>
      <trkpt lat="38.213941" lon="127.244063">
        <ele>186.9</ele>
      </trkpt>
      <trkpt lat="38.213985" lon="127.244049">
        <ele>186.9</ele>
      </trkpt>
      <trkpt lat="38.214028" lon="127.244034">
        <ele>186.8</ele>
      </trkpt>
      <trkpt lat="38.214072" lon="127.244019">
        <ele>186.8</ele>
      </trkpt>
      <trkpt lat="38.214114" lon="127.244002">
        <ele>186.7</ele>
      </trkpt>
      <trkpt lat="38.214156" lon="127.243980">
        <ele>186.6</ele>
      </trkpt>
      <trkpt lat="38.214198" lon="127.243959">
        <ele>186.5</ele>
      </trkpt>
      <trkpt lat="38.214239" lon="127.243937">
        <ele>186.4</ele>
      </trkpt>
      <trkpt lat="38.214281" lon="127.243916">
        <ele>186.3</ele>
      </trkpt>
      <trkpt lat="38.214323" lon="127.243894">
        <ele>186.2</ele>
      </trkpt>
      <trkpt lat="38.214364" lon="127.243873">
        <ele>186.0</ele>
      </trkpt>
      <trkpt lat="38.214403" lon="127.243843">
        <ele>186.0</ele>
      </trkpt>
      <trkpt lat="38.214440" lon="127.243811">
        <ele>185.9</ele>
      </trkpt>
      <trkpt lat="38.214477" lon="127.243778">
        <ele>185.9</ele>
      </trkpt>
      <trkpt lat="38.214514" lon="127.243746">
        <ele>185.9</ele>
      </trkpt>
      <trkpt lat="38.214551" lon="127.243713">
        <ele>185.8</ele>
      </trkpt>
      <trkpt lat="38.214587" lon="127.243680">
        <ele>185.8</ele>
      </trkpt>
      <trkpt lat="38.214623" lon="127.243645">
        <ele>185.8</ele>
      </trkpt>
      <trkpt lat="38.214657" lon="127.243608">
        <ele>185.8</ele>
      </trkpt>
      <trkpt lat="38.214692" lon="127.243571">
        <ele>185.7</ele>
      </trkpt>
      <trkpt lat="38.214726" lon="127.243535">
        <ele>185.7</ele>
      </trkpt>
      <trkpt lat="38.214760" lon="127.243498">
        <ele>185.7</ele>
      </trkpt>
      <trkpt lat="38.214795" lon="127.243461">
        <ele>185.7</ele>
      </trkpt>
      <trkpt lat="38.214829" lon="127.243424">
        <ele>185.6</ele>
      </trkpt>
      <trkpt lat="38.214864" lon="127.243388">
        <ele>185.6</ele>
      </trkpt>
      <trkpt lat="38.214898" lon="127.243351">
        <ele>185.6</ele>
      </trkpt>
      <trkpt lat="38.214933" lon="127.243314">
        <ele>185.6</ele>
      </trkpt>
      <trkpt lat="38.214967" lon="127.243277">
        <ele>185.5</ele>
      </trkpt>
      <trkpt lat="38.215002" lon="127.243241">
        <ele>185.5</ele>
      </trkpt>
      <trkpt lat="38.215035" lon="127.243202">
        <ele>185.5</ele>
      </trkpt>
      <trkpt lat="38.215066" lon="127.243160">
        <ele>185.4</ele>
      </trkpt>
      <trkpt lat="38.215096" lon="127.243118">
        <ele>185.3</ele>
      </trkpt>
      <trkpt lat="38.215127" lon="127.243077">
        <ele>185.2</ele>
      </trkpt>
      <trkpt lat="38.215158" lon="127.243035">
        <ele>185.1</ele>
      </trkpt>
      <trkpt lat="38.215189" lon="127.242993">
        <ele>185.1</ele>
      </trkpt>
      <trkpt lat="38.215219" lon="127.242951">
        <ele>185.0</ele>
      </trkpt>
      <trkpt lat="38.215250" lon="127.242910">
        <ele>184.9</ele>
      </trkpt>
      <trkpt lat="38.215281" lon="127.242868">
        <ele>184.8</ele>
      </trkpt>
      <trkpt lat="38.215312" lon="127.242826">
        <ele>184.7</ele>
      </trkpt>
      <trkpt lat="38.215343" lon="127.242785">
        <ele>184.6</ele>
      </trkpt>
      <trkpt lat="38.215373" lon="127.242743">
        <ele>184.6</ele>
      </trkpt>
      <trkpt lat="38.215404" lon="127.242701">
        <ele>184.5</ele>
      </trkpt>
      <trkpt lat="38.215435" lon="127.242659">
        <ele>184.4</ele>
      </trkpt>
      <trkpt lat="38.215466" lon="127.242618">
        <ele>184.3</ele>
      </trkpt>
      <trkpt lat="38.215496" lon="127.242576">
        <ele>184.2</ele>
      </trkpt>
      <trkpt lat="38.215527" lon="127.242534">
        <ele>184.2</ele>
      </trkpt>
      <trkpt lat="38.215558" lon="127.242493">
        <ele>184.1</ele>
      </trkpt>
      <trkpt lat="38.215589" lon="127.242451">
        <ele>184.0</ele>
      </trkpt>
      <trkpt lat="38.215620" lon="127.242409">
        <ele>183.9</ele>
      </trkpt>
      <trkpt lat="38.215650" lon="127.242367">
        <ele>183.8</ele>
      </trkpt>
      <trkpt lat="38.215681" lon="127.242326">
        <ele>183.8</ele>
      </trkpt>
      <trkpt lat="38.215712" lon="127.242284">
        <ele>183.8</ele>
      </trkpt>
      <trkpt lat="38.215743" lon="127.242242">
        <ele>183.7</ele>
      </trkpt>
      <trkpt lat="38.215773" lon="127.242200">
        <ele>183.7</ele>
      </trkpt>
      <trkpt lat="38.215804" lon="127.242159">
        <ele>183.7</ele>
      </trkpt>
      <trkpt lat="38.215835" lon="127.242117">
        <ele>183.6</ele>
      </trkpt>
      <trkpt lat="38.215866" lon="127.242075">
        <ele>183.6</ele>
      </trkpt>
      <trkpt lat="38.215896" lon="127.242033">
        <ele>183.6</ele>
      </trkpt>
      <trkpt lat="38.215927" lon="127.241991">
        <ele>183.6</ele>
      </trkpt>
      <trkpt lat="38.215958" lon="127.241950">
        <ele>183.5</ele>
      </trkpt>
      <trkpt lat="38.215989" lon="127.241908">
        <ele>183.5</ele>
      </trkpt>
      <trkpt lat="38.216019" lon="127.241866">
        <ele>183.5</ele>
      </trkpt>
      <trkpt lat="38.216050" lon="127.241824">
        <ele>183.5</ele>
      </trkpt>
      <trkpt lat="38.216081" lon="127.241783">
        <ele>183.4</ele>
      </trkpt>
      <trkpt lat="38.216111" lon="127.241741">
        <ele>183.4</ele>
      </trkpt>
      <trkpt lat="38.216142" lon="127.241699">
        <ele>183.4</ele>
      </trkpt>
      <trkpt lat="38.216173" lon="127.241657">
        <ele>183.3</ele>
      </trkpt>
      <trkpt lat="38.216204" lon="127.241615">
        <ele>183.3</ele>
      </trkpt>
      <trkpt lat="38.216231" lon="127.241611">
        <ele>183.3</ele>
      </trkpt>
      <trkpt lat="38.216237" lon="127.241570">
        <ele>183.5</ele>
      </trkpt>
      <trkpt lat="38.216268" lon="127.241529">
        <ele>183.5</ele>
      </trkpt>
      <trkpt lat="38.216299" lon="127.241487">
        <ele>183.5</ele>
      </trkpt>
      <trkpt lat="38.216329" lon="127.241445">
        <ele>183.5</ele>
      </trkpt>
      <trkpt lat="38.216360" lon="127.241404">
        <ele>183.5</ele>
      </trkpt>
      <trkpt lat="38.216391" lon="127.241362">
        <ele>183.5</ele>
      </trkpt>
      <trkpt lat="38.216422" lon="127.241320">
        <ele>183.5</ele>
      </trkpt>
      <trkpt lat="38.216452" lon="127.241278">
        <ele>183.5</ele>
      </trkpt>
      <trkpt lat="38.216483" lon="127.241237">
        <ele>183.4</ele>
      </trkpt>
      <trkpt lat="38.216514" lon="127.241195">
        <ele>183.4</ele>
      </trkpt>
      <trkpt lat="38.216545" lon="127.241153">
        <ele>183.4</ele>
      </trkpt>
      <trkpt lat="38.216576" lon="127.241112">
        <ele>183.4</ele>
      </trkpt>
      <trkpt lat="38.216606" lon="127.241070">
        <ele>183.4</ele>
      </trkpt>
      <trkpt lat="38.216637" lon="127.241028">
        <ele>183.4</ele>
      </trkpt>
      <trkpt lat="38.216668" lon="127.240986">
        <ele>183.4</ele>
      </trkpt>
      <trkpt lat="38.216699" lon="127.240945">
        <ele>183.4</ele>
      </trkpt>
      <trkpt lat="38.216730" lon="127.240903">
        <ele>183.4</ele>
      </trkpt>
      <trkpt lat="38.216760" lon="127.240861">
        <ele>183.4</ele>
      </trkpt>
      <trkpt lat="38.216791" lon="127.240820">
        <ele>183.4</ele>
      </trkpt>
      <trkpt lat="38.216822" lon="127.240778">
        <ele>183.4</ele>
      </trkpt>
      <trkpt lat="38.216853" lon="127.240736">
        <ele>183.4</ele>
      </trkpt>
      <trkpt lat="38.216884" lon="127.240694">
        <ele>183.4</ele>
      </trkpt>
      <trkpt lat="38.216914" lon="127.240653">
        <ele>183.4</ele>
      </trkpt>
      <trkpt lat="38.216945" lon="127.240611">
        <ele>183.4</ele>
      </trkpt>
      <trkpt lat="38.216976" lon="127.240569">
        <ele>183.3</ele>
      </trkpt>
      <trkpt lat="38.217007" lon="127.240528">
        <ele>183.3</ele>
      </trkpt>
      <trkpt lat="38.217038" lon="127.240486">
        <ele>183.3</ele>
      </trkpt>
      <trkpt lat="38.217068" lon="127.240444">
        <ele>183.3</ele>
      </trkpt>
      <trkpt lat="38.217099" lon="127.240403">
        <ele>183.3</ele>
      </trkpt>
      <trkpt lat="38.217130" lon="127.240361">
        <ele>183.3</ele>
      </trkpt>
      <trkpt lat="38.217161" lon="127.240319">
        <ele>183.3</ele>
      </trkpt>
      <trkpt lat="38.217192" lon="127.240277">
        <ele>183.3</ele>
      </trkpt>
      <trkpt lat="38.217222" lon="127.240236">
        <ele>183.4</ele>
      </trkpt>
      <trkpt lat="38.217253" lon="127.240194">
        <ele>183.5</ele>
      </trkpt>
      <trkpt lat="38.217284" lon="127.240152">
        <ele>183.6</ele>
      </trkpt>
      <trkpt lat="38.217315" lon="127.240111">
        <ele>183.8</ele>
      </trkpt>
      <trkpt lat="38.217345" lon="127.240069">
        <ele>183.9</ele>
      </trkpt>
      <trkpt lat="38.217376" lon="127.240027">
        <ele>184.0</ele>
      </trkpt>
      <trkpt lat="38.217407" lon="127.239985">
        <ele>184.1</ele>
      </trkpt>
      <trkpt lat="38.217438" lon="127.239944">
        <ele>184.2</ele>
      </trkpt>
      <trkpt lat="38.217469" lon="127.239902">
        <ele>184.3</ele>
      </trkpt>
      <trkpt lat="38.217499" lon="127.239860">
        <ele>184.5</ele>
      </trkpt>
      <trkpt lat="38.217530" lon="127.239819">
        <ele>184.6</ele>
      </trkpt>
      <trkpt lat="38.217561" lon="127.239777">
        <ele>184.7</ele>
      </trkpt>
      <trkpt lat="38.217592" lon="127.239735">
        <ele>184.8</ele>
      </trkpt>
      <trkpt lat="38.217624" lon="127.239695">
        <ele>185.0</ele>
      </trkpt>
      <trkpt lat="38.217656" lon="127.239655">
        <ele>185.1</ele>
      </trkpt>
      <trkpt lat="38.217688" lon="127.239615">
        <ele>185.3</ele>
      </trkpt>
      <trkpt lat="38.217720" lon="127.239574">
        <ele>185.5</ele>
      </trkpt>
      <trkpt lat="38.217752" lon="127.239534">
        <ele>185.6</ele>
      </trkpt>
      <trkpt lat="38.217784" lon="127.239494">
        <ele>185.8</ele>
      </trkpt>
      <trkpt lat="38.217816" lon="127.239454">
        <ele>185.9</ele>
      </trkpt>
      <trkpt lat="38.217848" lon="127.239414">
        <ele>186.1</ele>
      </trkpt>
      <trkpt lat="38.217880" lon="127.239373">
        <ele>186.2</ele>
      </trkpt>
      <trkpt lat="38.217912" lon="127.239333">
        <ele>186.4</ele>
      </trkpt>
      <trkpt lat="38.217944" lon="127.239293">
        <ele>186.6</ele>
      </trkpt>
      <trkpt lat="38.217976" lon="127.239253">
        <ele>186.7</ele>
      </trkpt>
      <trkpt lat="38.218008" lon="127.239212">
        <ele>186.9</ele>
      </trkpt>
      <trkpt lat="38.218040" lon="127.239172">
        <ele>187.0</ele>
      </trkpt>
      <trkpt lat="38.218072" lon="127.239132">
        <ele>187.2</ele>
      </trkpt>
      <trkpt lat="38.218104" lon="127.239092">
        <ele>187.3</ele>
      </trkpt>
      <trkpt lat="38.218136" lon="127.239051">
        <ele>187.5</ele>
      </trkpt>
      <trkpt lat="38.218168" lon="127.239011">
        <ele>187.6</ele>
      </trkpt>
      <trkpt lat="38.218200" lon="127.238971">
        <ele>187.8</ele>
      </trkpt>
      <trkpt lat="38.218232" lon="127.238931">
        <ele>188.0</ele>
      </trkpt>
      <trkpt lat="38.218263" lon="127.238889">
        <ele>187.9</ele>
      </trkpt>
      <trkpt lat="38.218293" lon="127.238848">
        <ele>187.9</ele>
      </trkpt>
      <trkpt lat="38.218324" lon="127.238806">
        <ele>187.8</ele>
      </trkpt>
      <trkpt lat="38.218355" lon="127.238764">
        <ele>187.7</ele>
      </trkpt>
      <trkpt lat="38.218386" lon="127.238723">
        <ele>187.6</ele>
      </trkpt>
      <trkpt lat="38.218417" lon="127.238681">
        <ele>187.5</ele>
      </trkpt>
      <trkpt lat="38.218448" lon="127.238639">
        <ele>187.4</ele>
      </trkpt>
      <trkpt lat="38.218478" lon="127.238598">
        <ele>187.4</ele>
      </trkpt>
      <trkpt lat="38.218509" lon="127.238556">
        <ele>187.3</ele>
      </trkpt>
      <trkpt lat="38.218540" lon="127.238514">
        <ele>187.2</ele>
      </trkpt>
      <trkpt lat="38.218571" lon="127.238473">
        <ele>187.1</ele>
      </trkpt>
      <trkpt lat="38.218602" lon="127.238431">
        <ele>187.0</ele>
      </trkpt>
      <trkpt lat="38.218633" lon="127.238389">
        <ele>187.0</ele>
      </trkpt>
      <trkpt lat="38.218663" lon="127.238348">
        <ele>186.9</ele>
      </trkpt>
      <trkpt lat="38.218694" lon="127.238306">
        <ele>186.8</ele>
      </trkpt>
      <trkpt lat="38.218725" lon="127.238264">
        <ele>186.7</ele>
      </trkpt>
      <trkpt lat="38.218756" lon="127.238223">
        <ele>186.6</ele>
      </trkpt>
      <trkpt lat="38.218787" lon="127.238181">
        <ele>186.5</ele>
      </trkpt>
      <trkpt lat="38.218818" lon="127.238140">
        <ele>186.5</ele>
      </trkpt>
      <trkpt lat="38.218848" lon="127.238098">
        <ele>186.4</ele>
      </trkpt>
      <trkpt lat="38.218879" lon="127.238056">
        <ele>186.3</ele>
      </trkpt>
      <trkpt lat="38.218910" lon="127.238015">
        <ele>186.2</ele>
      </trkpt>
      <trkpt lat="38.218941" lon="127.237973">
        <ele>186.1</ele>
      </trkpt>
      <trkpt lat="38.218972" lon="127.237931">
        <ele>186.0</ele>
      </trkpt>
      <trkpt lat="38.219003" lon="127.237890">
        <ele>186.0</ele>
      </trkpt>
      <trkpt lat="38.219033" lon="127.237848">
        <ele>185.9</ele>
      </trkpt>
      <trkpt lat="38.219064" lon="127.237806">
        <ele>185.8</ele>
      </trkpt>
      <trkpt lat="38.219095" lon="127.237765">
        <ele>185.7</ele>
      </trkpt>
      <trkpt lat="38.219126" lon="127.237723">
        <ele>185.6</ele>
      </trkpt>
      <trkpt lat="38.219157" lon="127.237681">
        <ele>185.5</ele>
      </trkpt>
      <trkpt lat="38.219188" lon="127.237640">
        <ele>185.5</ele>
      </trkpt>
      <trkpt lat="38.219218" lon="127.237598">
        <ele>185.4</ele>
      </trkpt>
      <trkpt lat="38.219249" lon="127.237556">
        <ele>185.3</ele>
      </trkpt>
      <trkpt lat="38.219280" lon="127.237515">
        <ele>185.2</ele>
      </trkpt>
      <trkpt lat="38.219311" lon="127.237473">
        <ele>185.1</ele>
      </trkpt>
      <trkpt lat="38.219342" lon="127.237431">
        <ele>185.1</ele>
      </trkpt>
      <trkpt lat="38.219373" lon="127.237390">
        <ele>185.0</ele>
      </trkpt>
      <trkpt lat="38.219404" lon="127.237348">
        <ele>185.1</ele>
      </trkpt>
      <trkpt lat="38.219434" lon="127.237306">
        <ele>185.1</ele>
      </trkpt>
      <trkpt lat="38.219465" lon="127.237265">
        <ele>185.2</ele>
      </trkpt>
      <trkpt lat="38.219496" lon="127.237223">
        <ele>185.2</ele>
      </trkpt>
      <trkpt lat="38.219527" lon="127.237181">
        <ele>185.3</ele>
      </trkpt>
      <trkpt lat="38.219558" lon="127.237140">
        <ele>185.3</ele>
      </trkpt>
      <trkpt lat="38.219589" lon="127.237098">
        <ele>185.4</ele>
      </trkpt>
      <trkpt lat="38.219619" lon="127.237057">
        <ele>185.5</ele>
      </trkpt>
      <trkpt lat="38.219650" lon="127.237015">
        <ele>185.5</ele>
      </trkpt>
      <trkpt lat="38.219681" lon="127.236973">
        <ele>185.6</ele>
      </trkpt>
      <trkpt lat="38.219712" lon="127.236932">
        <ele>185.6</ele>
      </trkpt>
      <trkpt lat="38.219743" lon="127.236890">
        <ele>185.7</ele>
      </trkpt>
      <trkpt lat="38.219774" lon="127.236848">
        <ele>185.7</ele>
      </trkpt>
      <trkpt lat="38.219805" lon="127.236807">
        <ele>185.8</ele>
      </trkpt>
      <trkpt lat="38.219835" lon="127.236765">
        <ele>185.8</ele>
      </trkpt>
      <trkpt lat="38.219866" lon="127.236723">
        <ele>185.9</ele>
      </trkpt>
      <trkpt lat="38.219897" lon="127.236682">
        <ele>185.9</ele>
      </trkpt>
      <trkpt lat="38.219928" lon="127.236640">
        <ele>186.0</ele>
      </trkpt>
      <trkpt lat="38.219959" lon="127.236599">
        <ele>186.1</ele>
      </trkpt>
      <trkpt lat="38.219990" lon="127.236557">
        <ele>186.1</ele>
      </trkpt>
      <trkpt lat="38.220021" lon="127.236515">
        <ele>186.2</ele>
      </trkpt>
      <trkpt lat="38.220051" lon="127.236474">
        <ele>186.2</ele>
      </trkpt>
      <trkpt lat="38.220082" lon="127.236432">
        <ele>186.3</ele>
      </trkpt>
      <trkpt lat="38.220113" lon="127.236390">
        <ele>186.3</ele>
      </trkpt>
      <trkpt lat="38.220144" lon="127.236349">
        <ele>186.4</ele>
      </trkpt>
      <trkpt lat="38.220175" lon="127.236307">
        <ele>186.4</ele>
      </trkpt>
      <trkpt lat="38.220206" lon="127.236265">
        <ele>186.5</ele>
      </trkpt>
      <trkpt lat="38.220238" lon="127.236225">
        <ele>186.6</ele>
      </trkpt>
      <trkpt lat="38.220270" lon="127.236186">
        <ele>186.6</ele>
      </trkpt>
      <trkpt lat="38.220303" lon="127.236146">
        <ele>186.7</ele>
      </trkpt>
      <trkpt lat="38.220335" lon="127.236106">
        <ele>186.8</ele>
      </trkpt>
      <trkpt lat="38.220367" lon="127.236066">
        <ele>186.8</ele>
      </trkpt>
      <trkpt lat="38.220400" lon="127.236027">
        <ele>186.9</ele>
      </trkpt>
      <trkpt lat="38.220432" lon="127.235987">
        <ele>187.0</ele>
      </trkpt>
      <trkpt lat="38.220464" lon="127.235947">
        <ele>187.1</ele>
      </trkpt>
      <trkpt lat="38.220497" lon="127.235907">
        <ele>187.1</ele>
      </trkpt>
      <trkpt lat="38.220529" lon="127.235868">
        <ele>187.2</ele>
      </trkpt>
      <trkpt lat="38.220561" lon="127.235828">
        <ele>187.3</ele>
      </trkpt>
      <trkpt lat="38.220592" lon="127.235787">
        <ele>187.2</ele>
      </trkpt>
      <trkpt lat="38.220623" lon="127.235744">
        <ele>187.1</ele>
      </trkpt>
      <trkpt lat="38.220653" lon="127.235702">
        <ele>187.0</ele>
      </trkpt>
      <trkpt lat="38.220683" lon="127.235659">
        <ele>186.9</ele>
      </trkpt>
      <trkpt lat="38.220713" lon="127.235617">
        <ele>186.8</ele>
      </trkpt>
      <trkpt lat="38.220743" lon="127.235575">
        <ele>186.7</ele>
      </trkpt>
      <trkpt lat="38.220774" lon="127.235532">
        <ele>186.6</ele>
      </trkpt>
      <trkpt lat="38.220804" lon="127.235490">
        <ele>186.5</ele>
      </trkpt>
      <trkpt lat="38.220834" lon="127.235447">
        <ele>186.4</ele>
      </trkpt>
      <trkpt lat="38.220864" lon="127.235405">
        <ele>186.3</ele>
      </trkpt>
      <trkpt lat="38.220895" lon="127.235363">
        <ele>186.3</ele>
      </trkpt>
      <trkpt lat="38.220926" lon="127.235322">
        <ele>186.3</ele>
      </trkpt>
      <trkpt lat="38.220958" lon="127.235281">
        <ele>186.3</ele>
      </trkpt>
      <trkpt lat="38.220989" lon="127.235240">
        <ele>186.3</ele>
      </trkpt>
      <trkpt lat="38.221020" lon="127.235199">
        <ele>186.3</ele>
      </trkpt>
      <trkpt lat="38.221051" lon="127.235157">
        <ele>186.3</ele>
      </trkpt>
      <trkpt lat="38.221082" lon="127.235116">
        <ele>186.3</ele>
      </trkpt>
      <trkpt lat="38.221114" lon="127.235075">
        <ele>186.3</ele>
      </trkpt>
      <trkpt lat="38.221145" lon="127.235034">
        <ele>186.3</ele>
      </trkpt>
      <trkpt lat="38.221176" lon="127.234993">
        <ele>186.3</ele>
      </trkpt>
      <trkpt lat="38.221207" lon="127.234951">
        <ele>186.3</ele>
      </trkpt>
      <trkpt lat="38.221239" lon="127.234910">
        <ele>186.3</ele>
      </trkpt>
      <trkpt lat="38.221270" lon="127.234869">
        <ele>186.3</ele>
      </trkpt>
      <trkpt lat="38.221301" lon="127.234828">
        <ele>186.3</ele>
      </trkpt>
      <trkpt lat="38.221332" lon="127.234787">
        <ele>186.3</ele>
      </trkpt>
      <trkpt lat="38.221363" lon="127.234745">
        <ele>186.5</ele>
      </trkpt>
      <trkpt lat="38.221395" lon="127.234704">
        <ele>186.8</ele>
      </trkpt>
      <trkpt lat="38.221426" lon="127.234663">
        <ele>187.0</ele>
      </trkpt>
      <trkpt lat="38.221457" lon="127.234622">
        <ele>187.3</ele>
      </trkpt>
      <trkpt lat="38.221488" lon="127.234580">
        <ele>187.6</ele>
      </trkpt>
      <trkpt lat="38.221519" lon="127.234539">
        <ele>187.8</ele>
      </trkpt>
      <trkpt lat="38.221550" lon="127.234498">
        <ele>188.1</ele>
      </trkpt>
      <trkpt lat="38.221582" lon="127.234457">
        <ele>188.3</ele>
      </trkpt>
      <trkpt lat="38.221613" lon="127.234415">
        <ele>188.6</ele>
      </trkpt>
      <trkpt lat="38.221644" lon="127.234374">
        <ele>188.9</ele>
      </trkpt>
      <trkpt lat="38.221673" lon="127.234331">
        <ele>189.0</ele>
      </trkpt>
      <trkpt lat="38.221701" lon="127.234286">
        <ele>189.1</ele>
      </trkpt>
      <trkpt lat="38.221728" lon="127.234240">
        <ele>189.2</ele>
      </trkpt>
      <trkpt lat="38.221756" lon="127.234195">
        <ele>189.2</ele>
      </trkpt>
      <trkpt lat="38.221783" lon="127.234150">
        <ele>189.3</ele>
      </trkpt>
      <trkpt lat="38.221811" lon="127.234104">
        <ele>189.4</ele>
      </trkpt>
      <trkpt lat="38.221838" lon="127.234059">
        <ele>189.4</ele>
      </trkpt>
      <trkpt lat="38.221866" lon="127.234014">
        <ele>189.5</ele>
      </trkpt>
      <trkpt lat="38.221893" lon="127.233969">
        <ele>189.6</ele>
      </trkpt>
      <trkpt lat="38.221921" lon="127.233923">
        <ele>189.6</ele>
      </trkpt>
      <trkpt lat="38.221948" lon="127.233878">
        <ele>189.7</ele>
      </trkpt>
      <trkpt lat="38.221976" lon="127.233833">
        <ele>189.8</ele>
      </trkpt>
      <trkpt lat="38.222004" lon="127.233788">
        <ele>189.9</ele>
      </trkpt>
      <trkpt lat="38.222031" lon="127.233742">
        <ele>189.9</ele>
      </trkpt>
      <trkpt lat="38.222059" lon="127.233697">
        <ele>190.0</ele>
      </trkpt>
      <trkpt lat="38.222084" lon="127.233650">
        <ele>190.0</ele>
      </trkpt>
      <trkpt lat="38.222109" lon="127.233602">
        <ele>189.9</ele>
      </trkpt>
      <trkpt lat="38.222133" lon="127.233554">
        <ele>189.9</ele>
      </trkpt>
      <trkpt lat="38.222158" lon="127.233507">
        <ele>189.8</ele>
      </trkpt>
      <trkpt lat="38.222183" lon="127.233459">
        <ele>189.8</ele>
      </trkpt>
      <trkpt lat="38.222208" lon="127.233411">
        <ele>189.7</ele>
      </trkpt>
      <trkpt lat="38.222232" lon="127.233363">
        <ele>189.6</ele>
      </trkpt>
      <trkpt lat="38.222257" lon="127.233315">
        <ele>189.6</ele>
      </trkpt>
      <trkpt lat="38.222282" lon="127.233268">
        <ele>189.5</ele>
      </trkpt>
      <trkpt lat="38.222307" lon="127.233220">
        <ele>189.5</ele>
      </trkpt>
      <trkpt lat="38.222331" lon="127.233172">
        <ele>189.4</ele>
      </trkpt>
      <trkpt lat="38.222356" lon="127.233124">
        <ele>189.4</ele>
      </trkpt>
      <trkpt lat="38.222381" lon="127.233077">
        <ele>189.3</ele>
      </trkpt>
      <trkpt lat="38.222405" lon="127.233028">
        <ele>189.3</ele>
      </trkpt>
      <trkpt lat="38.222428" lon="127.232979">
        <ele>189.2</ele>
      </trkpt>
      <trkpt lat="38.222450" lon="127.232929">
        <ele>189.1</ele>
      </trkpt>
      <trkpt lat="38.222473" lon="127.232880">
        <ele>189.1</ele>
      </trkpt>
      <trkpt lat="38.222495" lon="127.232830">
        <ele>189.0</ele>
      </trkpt>
      <trkpt lat="38.222517" lon="127.232780">
        <ele>189.0</ele>
      </trkpt>
      <trkpt lat="38.222538" lon="127.232729">
        <ele>189.0</ele>
      </trkpt>
      <trkpt lat="38.222559" lon="127.232679">
        <ele>189.0</ele>
      </trkpt>
      <trkpt lat="38.222580" lon="127.232628">
        <ele>189.0</ele>
      </trkpt>
      <trkpt lat="38.222602" lon="127.232578">
        <ele>189.0</ele>
      </trkpt>
      <trkpt lat="38.222623" lon="127.232528">
        <ele>189.0</ele>
      </trkpt>
      <trkpt lat="38.222644" lon="127.232477">
        <ele>189.0</ele>
      </trkpt>
      <trkpt lat="38.222665" lon="127.232427">
        <ele>189.0</ele>
      </trkpt>
      <trkpt lat="38.222677" lon="127.232372">
        <ele>189.0</ele>
      </trkpt>
      <trkpt lat="38.222685" lon="127.232316">
        <ele>189.0</ele>
      </trkpt>
      <trkpt lat="38.222692" lon="127.232259">
        <ele>189.0</ele>
      </trkpt>
      <trkpt lat="38.222700" lon="127.232203">
        <ele>189.0</ele>
      </trkpt>
      <trkpt lat="38.222705" lon="127.232146">
        <ele>189.2</ele>
      </trkpt>
      <trkpt lat="38.222720" lon="127.232139">
        <ele>189.2</ele>
      </trkpt>
      <trkpt lat="38.222714" lon="127.232169">
        <ele>189.0</ele>
      </trkpt>
      <trkpt lat="38.222753" lon="127.232196">
        <ele>189.1</ele>
      </trkpt>
      <trkpt lat="38.222793" lon="127.232223">
        <ele>189.1</ele>
      </trkpt>
      <trkpt lat="38.222833" lon="127.232250">
        <ele>189.2</ele>
      </trkpt>
      <trkpt lat="38.222873" lon="127.232276">
        <ele>189.3</ele>
      </trkpt>
      <trkpt lat="38.222911" lon="127.232305">
        <ele>189.3</ele>
      </trkpt>
      <trkpt lat="38.222946" lon="127.232341">
        <ele>189.4</ele>
      </trkpt>
      <trkpt lat="38.222982" lon="127.232376">
        <ele>189.5</ele>
      </trkpt>
      <trkpt lat="38.223014" lon="127.232415">
        <ele>189.5</ele>
      </trkpt>
      <trkpt lat="38.223041" lon="127.232461">
        <ele>189.5</ele>
      </trkpt>
      <trkpt lat="38.223067" lon="127.232508">
        <ele>189.5</ele>
      </trkpt>
      <trkpt lat="38.223093" lon="127.232554">
        <ele>189.5</ele>
      </trkpt>
      <trkpt lat="38.223120" lon="127.232601">
        <ele>189.5</ele>
      </trkpt>
      <trkpt lat="38.223146" lon="127.232647">
        <ele>189.5</ele>
      </trkpt>
      <trkpt lat="38.223173" lon="127.232693">
        <ele>189.4</ele>
      </trkpt>
      <trkpt lat="38.223199" lon="127.232740">
        <ele>189.4</ele>
      </trkpt>
      <trkpt lat="38.223225" lon="127.232786">
        <ele>189.4</ele>
      </trkpt>
      <trkpt lat="38.223252" lon="127.232832">
        <ele>189.4</ele>
      </trkpt>
      <trkpt lat="38.223278" lon="127.232879">
        <ele>189.4</ele>
      </trkpt>
      <trkpt lat="38.223304" lon="127.232925">
        <ele>189.4</ele>
      </trkpt>
      <trkpt lat="38.223331" lon="127.232972">
        <ele>189.4</ele>
      </trkpt>
      <trkpt lat="38.223357" lon="127.233018">
        <ele>189.4</ele>
      </trkpt>
      <trkpt lat="38.223383" lon="127.233064">
        <ele>189.4</ele>
      </trkpt>
      <trkpt lat="38.223410" lon="127.233111">
        <ele>189.4</ele>
      </trkpt>
      <trkpt lat="38.223436" lon="127.233157">
        <ele>189.4</ele>
      </trkpt>
      <trkpt lat="38.223462" lon="127.233203">
        <ele>189.4</ele>
      </trkpt>
      <trkpt lat="38.223489" lon="127.233250">
        <ele>189.3</ele>
      </trkpt>
      <trkpt lat="38.223515" lon="127.233296">
        <ele>189.3</ele>
      </trkpt>
      <trkpt lat="38.223542" lon="127.233342">
        <ele>189.3</ele>
      </trkpt>
      <trkpt lat="38.223568" lon="127.233389">
        <ele>189.3</ele>
      </trkpt>
      <trkpt lat="38.223594" lon="127.233435">
        <ele>189.3</ele>
      </trkpt>
      <trkpt lat="38.223621" lon="127.233482">
        <ele>189.3</ele>
      </trkpt>
      <trkpt lat="38.223647" lon="127.233528">
        <ele>189.6</ele>
      </trkpt>
      <trkpt lat="38.223673" lon="127.233574">
        <ele>189.8</ele>
      </trkpt>
      <trkpt lat="38.223700" lon="127.233621">
        <ele>190.0</ele>
      </trkpt>
      <trkpt lat="38.223726" lon="127.233667">
        <ele>190.3</ele>
      </trkpt>
      <trkpt lat="38.223734" lon="127.233681">
        <ele>189.5</ele>
      </trkpt>
      <trkpt lat="38.223760" lon="127.233728">
        <ele>189.7</ele>
      </trkpt>
      <trkpt lat="38.223787" lon="127.233774">
        <ele>189.8</ele>
      </trkpt>
      <trkpt lat="38.223813" lon="127.233820">
        <ele>190.0</ele>
      </trkpt>
      <trkpt lat="38.223840" lon="127.233867">
        <ele>190.1</ele>
      </trkpt>
      <trkpt lat="38.223866" lon="127.233913">
        <ele>190.3</ele>
      </trkpt>
      <trkpt lat="38.223895" lon="127.233957">
        <ele>190.3</ele>
      </trkpt>
      <trkpt lat="38.223925" lon="127.234000">
        <ele>190.4</ele>
      </trkpt>
      <trkpt lat="38.223955" lon="127.234043">
        <ele>190.4</ele>
      </trkpt>
      <trkpt lat="38.223984" lon="127.234086">
        <ele>190.4</ele>
      </trkpt>
      <trkpt lat="38.224014" lon="127.234128">
        <ele>190.4</ele>
      </trkpt>
      <trkpt lat="38.224044" lon="127.234171">
        <ele>190.5</ele>
      </trkpt>
      <trkpt lat="38.224073" lon="127.234215">
        <ele>190.5</ele>
      </trkpt>
      <trkpt lat="38.224099" lon="127.234262">
        <ele>190.6</ele>
      </trkpt>
      <trkpt lat="38.224125" lon="127.234308">
        <ele>190.8</ele>
      </trkpt>
      <trkpt lat="38.224152" lon="127.234354">
        <ele>190.9</ele>
      </trkpt>
      <trkpt lat="38.224178" lon="127.234401">
        <ele>191.0</ele>
      </trkpt>
      <trkpt lat="38.224204" lon="127.234447">
        <ele>191.1</ele>
      </trkpt>
      <trkpt lat="38.224230" lon="127.234494">
        <ele>191.2</ele>
      </trkpt>
      <trkpt lat="38.224257" lon="127.234540">
        <ele>191.4</ele>
      </trkpt>
      <trkpt lat="38.224283" lon="127.234587">
        <ele>191.5</ele>
      </trkpt>
      <trkpt lat="38.224308" lon="127.234634">
        <ele>191.5</ele>
      </trkpt>
      <trkpt lat="38.224333" lon="127.234682">
        <ele>191.6</ele>
      </trkpt>
      <trkpt lat="38.224358" lon="127.234730">
        <ele>191.7</ele>
      </trkpt>
      <trkpt lat="38.224383" lon="127.234777">
        <ele>191.7</ele>
      </trkpt>
      <trkpt lat="38.224407" lon="127.234825">
        <ele>191.8</ele>
      </trkpt>
      <trkpt lat="38.224432" lon="127.234873">
        <ele>191.8</ele>
      </trkpt>
      <trkpt lat="38.224457" lon="127.234921">
        <ele>191.9</ele>
      </trkpt>
      <trkpt lat="38.224482" lon="127.234968">
        <ele>191.9</ele>
      </trkpt>
      <trkpt lat="38.224506" lon="127.235016">
        <ele>192.0</ele>
      </trkpt>
      <trkpt lat="38.224531" lon="127.235064">
        <ele>192.0</ele>
      </trkpt>
      <trkpt lat="38.224556" lon="127.235112">
        <ele>192.1</ele>
      </trkpt>
      <trkpt lat="38.224581" lon="127.235159">
        <ele>192.2</ele>
      </trkpt>
      <trkpt lat="38.224606" lon="127.235207">
        <ele>192.2</ele>
      </trkpt>
      <trkpt lat="38.224630" lon="127.235255">
        <ele>192.3</ele>
      </trkpt>
      <trkpt lat="38.224657" lon="127.235301">
        <ele>192.3</ele>
      </trkpt>
      <trkpt lat="38.224687" lon="127.235344">
        <ele>192.3</ele>
      </trkpt>
      <trkpt lat="38.224717" lon="127.235387">
        <ele>192.3</ele>
      </trkpt>
      <trkpt lat="38.224746" lon="127.235430">
        <ele>192.3</ele>
      </trkpt>
      <trkpt lat="38.224776" lon="127.235473">
        <ele>192.3</ele>
      </trkpt>
      <trkpt lat="38.224806" lon="127.235515">
        <ele>192.3</ele>
      </trkpt>
      <trkpt lat="38.224839" lon="127.235554">
        <ele>192.3</ele>
      </trkpt>
      <trkpt lat="38.224872" lon="127.235593">
        <ele>192.3</ele>
      </trkpt>
      <trkpt lat="38.224905" lon="127.235631">
        <ele>192.3</ele>
      </trkpt>
      <trkpt lat="38.224938" lon="127.235670">
        <ele>192.3</ele>
      </trkpt>
      <trkpt lat="38.224973" lon="127.235707">
        <ele>192.3</ele>
      </trkpt>
      <trkpt lat="38.225011" lon="127.235736">
        <ele>192.2</ele>
      </trkpt>
      <trkpt lat="38.225050" lon="127.235765">
        <ele>192.2</ele>
      </trkpt>
      <trkpt lat="38.225089" lon="127.235794">
        <ele>192.1</ele>
      </trkpt>
      <trkpt lat="38.225128" lon="127.235823">
        <ele>192.1</ele>
      </trkpt>
      <trkpt lat="38.225166" lon="127.235852">
        <ele>192.0</ele>
      </trkpt>
      <trkpt lat="38.225205" lon="127.235882">
        <ele>192.0</ele>
      </trkpt>
      <trkpt lat="38.225244" lon="127.235911">
        <ele>191.9</ele>
      </trkpt>
      <trkpt lat="38.225282" lon="127.235940">
        <ele>191.9</ele>
      </trkpt>
      <trkpt lat="38.225321" lon="127.235969">
        <ele>191.8</ele>
      </trkpt>
      <trkpt lat="38.225360" lon="127.235998">
        <ele>191.8</ele>
      </trkpt>
      <trkpt lat="38.225398" lon="127.236027">
        <ele>191.7</ele>
      </trkpt>
      <trkpt lat="38.225437" lon="127.236056">
        <ele>191.7</ele>
      </trkpt>
      <trkpt lat="38.225476" lon="127.236085">
        <ele>191.6</ele>
      </trkpt>
      <trkpt lat="38.225515" lon="127.236114">
        <ele>191.6</ele>
      </trkpt>
      <trkpt lat="38.225553" lon="127.236144">
        <ele>191.5</ele>
      </trkpt>
      <trkpt lat="38.225592" lon="127.236173">
        <ele>191.5</ele>
      </trkpt>
      <trkpt lat="38.225631" lon="127.236202">
        <ele>191.4</ele>
      </trkpt>
      <trkpt lat="38.225670" lon="127.236231">
        <ele>191.4</ele>
      </trkpt>
      <trkpt lat="38.225708" lon="127.236260">
        <ele>191.3</ele>
      </trkpt>
      <trkpt lat="38.225747" lon="127.236289">
        <ele>191.3</ele>
      </trkpt>
      <trkpt lat="38.225786" lon="127.236318">
        <ele>191.2</ele>
      </trkpt>
      <trkpt lat="38.225825" lon="127.236347">
        <ele>191.2</ele>
      </trkpt>
      <trkpt lat="38.225863" lon="127.236376">
        <ele>191.1</ele>
      </trkpt>
      <trkpt lat="38.225902" lon="127.236405">
        <ele>191.1</ele>
      </trkpt>
      <trkpt lat="38.225941" lon="127.236434">
        <ele>191.0</ele>
      </trkpt>
      <trkpt lat="38.225980" lon="127.236463">
        <ele>191.0</ele>
      </trkpt>
      <trkpt lat="38.226018" lon="127.236493">
        <ele>191.0</ele>
      </trkpt>
      <trkpt lat="38.226056" lon="127.236523">
        <ele>190.9</ele>
      </trkpt>
      <trkpt lat="38.226095" lon="127.236553">
        <ele>190.9</ele>
      </trkpt>
      <trkpt lat="38.226133" lon="127.236582">
        <ele>190.9</ele>
      </trkpt>
      <trkpt lat="38.226172" lon="127.236612">
        <ele>190.9</ele>
      </trkpt>
      <trkpt lat="38.226210" lon="127.236642">
        <ele>190.9</ele>
      </trkpt>
      <trkpt lat="38.226248" lon="127.236672">
        <ele>190.8</ele>
      </trkpt>
      <trkpt lat="38.226287" lon="127.236701">
        <ele>190.8</ele>
      </trkpt>
      <trkpt lat="38.226325" lon="127.236731">
        <ele>190.8</ele>
      </trkpt>
      <trkpt lat="38.226364" lon="127.236761">
        <ele>190.8</ele>
      </trkpt>
      <trkpt lat="38.226402" lon="127.236790">
        <ele>190.7</ele>
      </trkpt>
      <trkpt lat="38.226441" lon="127.236820">
        <ele>190.7</ele>
      </trkpt>
      <trkpt lat="38.226479" lon="127.236850">
        <ele>190.7</ele>
      </trkpt>
      <trkpt lat="38.226517" lon="127.236880">
        <ele>190.7</ele>
      </trkpt>
      <trkpt lat="38.226556" lon="127.236909">
        <ele>190.6</ele>
      </trkpt>
      <trkpt lat="38.226594" lon="127.236939">
        <ele>190.6</ele>
      </trkpt>
      <trkpt lat="38.226633" lon="127.236969">
        <ele>190.6</ele>
      </trkpt>
      <trkpt lat="38.226671" lon="127.236999">
        <ele>190.6</ele>
      </trkpt>
      <trkpt lat="38.226710" lon="127.237028">
        <ele>190.5</ele>
      </trkpt>
      <trkpt lat="38.226748" lon="127.237058">
        <ele>190.5</ele>
      </trkpt>
      <trkpt lat="38.226786" lon="127.237088">
        <ele>190.5</ele>
      </trkpt>
      <trkpt lat="38.226825" lon="127.237118">
        <ele>190.5</ele>
      </trkpt>
      <trkpt lat="38.226863" lon="127.237147">
        <ele>190.5</ele>
      </trkpt>
      <trkpt lat="38.226902" lon="127.237177">
        <ele>190.4</ele>
      </trkpt>
      <trkpt lat="38.226940" lon="127.237207">
        <ele>190.4</ele>
      </trkpt>
      <trkpt lat="38.226978" lon="127.237237">
        <ele>190.4</ele>
      </trkpt>
      <trkpt lat="38.227017" lon="127.237266">
        <ele>190.4</ele>
      </trkpt>
      <trkpt lat="38.227055" lon="127.237296">
        <ele>190.3</ele>
      </trkpt>
      <trkpt lat="38.227094" lon="127.237326">
        <ele>190.3</ele>
      </trkpt>
      <trkpt lat="38.227132" lon="127.237356">
        <ele>190.3</ele>
      </trkpt>
      <trkpt lat="38.227171" lon="127.237385">
        <ele>190.2</ele>
      </trkpt>
      <trkpt lat="38.227209" lon="127.237415">
        <ele>190.1</ele>
      </trkpt>
      <trkpt lat="38.227247" lon="127.237445">
        <ele>190.0</ele>
      </trkpt>
      <trkpt lat="38.227286" lon="127.237475">
        <ele>189.8</ele>
      </trkpt>
      <trkpt lat="38.227324" lon="127.237504">
        <ele>189.7</ele>
      </trkpt>
      <trkpt lat="38.227363" lon="127.237534">
        <ele>189.6</ele>
      </trkpt>
      <trkpt lat="38.227401" lon="127.237564">
        <ele>189.5</ele>
      </trkpt>
      <trkpt lat="38.227440" lon="127.237593">
        <ele>189.5</ele>
      </trkpt>
      <trkpt lat="38.227478" lon="127.237622">
        <ele>189.6</ele>
      </trkpt>
      <trkpt lat="38.227517" lon="127.237651">
        <ele>189.6</ele>
      </trkpt>
      <trkpt lat="38.227556" lon="127.237681">
        <ele>189.7</ele>
      </trkpt>
      <trkpt lat="38.227594" lon="127.237710">
        <ele>189.7</ele>
      </trkpt>
      <trkpt lat="38.227633" lon="127.237739">
        <ele>189.8</ele>
      </trkpt>
      <trkpt lat="38.227672" lon="127.237768">
        <ele>189.8</ele>
      </trkpt>
      <trkpt lat="38.227711" lon="127.237797">
        <ele>189.9</ele>
      </trkpt>
      <trkpt lat="38.227749" lon="127.237826">
        <ele>189.9</ele>
      </trkpt>
      <trkpt lat="38.227788" lon="127.237855">
        <ele>190.0</ele>
      </trkpt>
      <trkpt lat="38.227827" lon="127.237884">
        <ele>190.0</ele>
      </trkpt>
      <trkpt lat="38.227865" lon="127.237914">
        <ele>190.1</ele>
      </trkpt>
      <trkpt lat="38.227904" lon="127.237943">
        <ele>190.1</ele>
      </trkpt>
      <trkpt lat="38.227943" lon="127.237972">
        <ele>190.2</ele>
      </trkpt>
      <trkpt lat="38.227982" lon="127.238001">
        <ele>190.2</ele>
      </trkpt>
      <trkpt lat="38.228020" lon="127.238030">
        <ele>190.3</ele>
      </trkpt>
      <trkpt lat="38.228059" lon="127.238059">
        <ele>190.3</ele>
      </trkpt>
      <trkpt lat="38.228098" lon="127.238088">
        <ele>190.4</ele>
      </trkpt>
      <trkpt lat="38.228136" lon="127.238117">
        <ele>190.4</ele>
      </trkpt>
      <trkpt lat="38.228175" lon="127.238147">
        <ele>190.5</ele>
      </trkpt>
      <trkpt lat="38.228214" lon="127.238176">
        <ele>190.5</ele>
      </trkpt>
      <trkpt lat="38.228253" lon="127.238205">
        <ele>190.6</ele>
      </trkpt>
      <trkpt lat="38.228291" lon="127.238234">
        <ele>190.6</ele>
      </trkpt>
      <trkpt lat="38.228330" lon="127.238263">
        <ele>190.7</ele>
      </trkpt>
      <trkpt lat="38.228369" lon="127.238292">
        <ele>190.7</ele>
      </trkpt>
      <trkpt lat="38.228407" lon="127.238321">
        <ele>190.8</ele>
      </trkpt>
      <trkpt lat="38.228446" lon="127.238350">
        <ele>190.8</ele>
      </trkpt>
      <trkpt lat="38.228485" lon="127.238379">
        <ele>190.9</ele>
      </trkpt>
      <trkpt lat="38.228524" lon="127.238409">
        <ele>190.9</ele>
      </trkpt>
      <trkpt lat="38.228562" lon="127.238438">
        <ele>191.0</ele>
      </trkpt>
      <trkpt lat="38.228601" lon="127.238467">
        <ele>191.0</ele>
      </trkpt>
      <trkpt lat="38.228640" lon="127.238496">
        <ele>191.1</ele>
      </trkpt>
      <trkpt lat="38.228678" lon="127.238525">
        <ele>191.1</ele>
      </trkpt>
      <trkpt lat="38.228717" lon="127.238554">
        <ele>191.2</ele>
      </trkpt>
      <trkpt lat="38.228756" lon="127.238583">
        <ele>191.2</ele>
      </trkpt>
      <trkpt lat="38.228795" lon="127.238612">
        <ele>191.3</ele>
      </trkpt>
      <trkpt lat="38.228833" lon="127.238642">
        <ele>191.3</ele>
      </trkpt>
      <trkpt lat="38.228872" lon="127.238671">
        <ele>191.4</ele>
      </trkpt>
      <trkpt lat="38.228911" lon="127.238700">
        <ele>191.4</ele>
      </trkpt>
      <trkpt lat="38.228949" lon="127.238729">
        <ele>191.5</ele>
      </trkpt>
      <trkpt lat="38.228988" lon="127.238758">
        <ele>191.5</ele>
      </trkpt>
      <trkpt lat="38.229027" lon="127.238787">
        <ele>191.5</ele>
      </trkpt>
      <trkpt lat="38.229065" lon="127.238816">
        <ele>191.5</ele>
      </trkpt>
      <trkpt lat="38.229104" lon="127.238846">
        <ele>191.5</ele>
      </trkpt>
      <trkpt lat="38.229143" lon="127.238875">
        <ele>191.5</ele>
      </trkpt>
      <trkpt lat="38.229181" lon="127.238904">
        <ele>191.5</ele>
      </trkpt>
      <trkpt lat="38.229221" lon="127.238931">
        <ele>191.5</ele>
      </trkpt>
      <trkpt lat="38.229261" lon="127.238956">
        <ele>191.5</ele>
      </trkpt>
      <trkpt lat="38.229302" lon="127.238982">
        <ele>191.5</ele>
      </trkpt>
      <trkpt lat="38.229342" lon="127.239007">
        <ele>191.6</ele>
      </trkpt>
      <trkpt lat="38.229382" lon="127.239032">
        <ele>191.6</ele>
      </trkpt>
      <trkpt lat="38.229423" lon="127.239058">
        <ele>191.6</ele>
      </trkpt>
      <trkpt lat="38.229463" lon="127.239083">
        <ele>191.6</ele>
      </trkpt>
      <trkpt lat="38.229503" lon="127.239109">
        <ele>191.6</ele>
      </trkpt>
      <trkpt lat="38.229544" lon="127.239134">
        <ele>191.6</ele>
      </trkpt>
      <trkpt lat="38.229584" lon="127.239160">
        <ele>191.6</ele>
      </trkpt>
      <trkpt lat="38.229624" lon="127.239185">
        <ele>191.6</ele>
      </trkpt>
      <trkpt lat="38.229664" lon="127.239210">
        <ele>191.7</ele>
      </trkpt>
      <trkpt lat="38.229705" lon="127.239236">
        <ele>191.7</ele>
      </trkpt>
      <trkpt lat="38.229745" lon="127.239261">
        <ele>191.7</ele>
      </trkpt>
      <trkpt lat="38.229785" lon="127.239287">
        <ele>191.7</ele>
      </trkpt>
      <trkpt lat="38.229826" lon="127.239312">
        <ele>191.7</ele>
      </trkpt>
      <trkpt lat="38.229866" lon="127.239337">
        <ele>191.7</ele>
      </trkpt>
      <trkpt lat="38.229906" lon="127.239363">
        <ele>191.7</ele>
      </trkpt>
      <trkpt lat="38.229946" lon="127.239388">
        <ele>191.8</ele>
      </trkpt>
      <trkpt lat="38.229987" lon="127.239414">
        <ele>191.8</ele>
      </trkpt>
      <trkpt lat="38.230027" lon="127.239439">
        <ele>191.8</ele>
      </trkpt>
      <trkpt lat="38.230067" lon="127.239464">
        <ele>191.8</ele>
      </trkpt>
      <trkpt lat="38.230108" lon="127.239490">
        <ele>191.8</ele>
      </trkpt>
      <trkpt lat="38.230148" lon="127.239515">
        <ele>191.8</ele>
      </trkpt>
      <trkpt lat="38.230188" lon="127.239541">
        <ele>191.8</ele>
      </trkpt>
      <trkpt lat="38.230229" lon="127.239566">
        <ele>191.9</ele>
      </trkpt>
      <trkpt lat="38.230269" lon="127.239591">
        <ele>191.9</ele>
      </trkpt>
      <trkpt lat="38.230309" lon="127.239617">
        <ele>191.9</ele>
      </trkpt>
      <trkpt lat="38.230349" lon="127.239642">
        <ele>191.9</ele>
      </trkpt>
      <trkpt lat="38.230390" lon="127.239668">
        <ele>191.9</ele>
      </trkpt>
      <trkpt lat="38.230430" lon="127.239693">
        <ele>191.9</ele>
      </trkpt>
      <trkpt lat="38.230470" lon="127.239718">
        <ele>191.9</ele>
      </trkpt>
      <trkpt lat="38.230511" lon="127.239744">
        <ele>192.0</ele>
      </trkpt>
      <trkpt lat="38.230551" lon="127.239769">
        <ele>192.0</ele>
      </trkpt>
      <trkpt lat="38.230591" lon="127.239795">
        <ele>192.0</ele>
      </trkpt>
      <trkpt lat="38.230631" lon="127.239820">
        <ele>192.0</ele>
      </trkpt>
      <trkpt lat="38.230665" lon="127.239834">
        <ele>192.1</ele>
      </trkpt>
      <trkpt lat="38.230708" lon="127.239846">
        <ele>192.3</ele>
      </trkpt>
      <trkpt lat="38.230752" lon="127.239859">
        <ele>192.5</ele>
      </trkpt>
      <trkpt lat="38.230796" lon="127.239871">
        <ele>192.8</ele>
      </trkpt>
      <trkpt lat="38.230841" lon="127.239878">
        <ele>193.0</ele>
      </trkpt>
      <trkpt lat="38.230886" lon="127.239882">
        <ele>193.0</ele>
      </trkpt>
      <trkpt lat="38.230930" lon="127.239887">
        <ele>193.0</ele>
      </trkpt>
      <trkpt lat="38.230975" lon="127.239892">
        <ele>193.0</ele>
      </trkpt>
      <trkpt lat="38.231020" lon="127.239891">
        <ele>193.1</ele>
      </trkpt>
      <trkpt lat="38.231065" lon="127.239890">
        <ele>193.1</ele>
      </trkpt>
      <trkpt lat="38.231110" lon="127.239889">
        <ele>193.2</ele>
      </trkpt>
      <trkpt lat="38.231155" lon="127.239888">
        <ele>193.3</ele>
      </trkpt>
      <trkpt lat="38.231200" lon="127.239887">
        <ele>193.4</ele>
      </trkpt>
      <trkpt lat="38.231245" lon="127.239886">
        <ele>193.4</ele>
      </trkpt>
      <trkpt lat="38.231290" lon="127.239885">
        <ele>193.5</ele>
      </trkpt>
      <trkpt lat="38.231335" lon="127.239884">
        <ele>193.6</ele>
      </trkpt>
      <trkpt lat="38.231380" lon="127.239883">
        <ele>193.6</ele>
      </trkpt>
      <trkpt lat="38.231425" lon="127.239882">
        <ele>193.7</ele>
      </trkpt>
      <trkpt lat="38.231470" lon="127.239881">
        <ele>193.8</ele>
      </trkpt>
      <trkpt lat="38.231515" lon="127.239883">
        <ele>193.9</ele>
      </trkpt>
      <trkpt lat="38.231560" lon="127.239886">
        <ele>193.9</ele>
      </trkpt>
      <trkpt lat="38.231604" lon="127.239888">
        <ele>194.0</ele>
      </trkpt>
      <trkpt lat="38.231649" lon="127.239894">
        <ele>194.0</ele>
      </trkpt>
      <trkpt lat="38.231694" lon="127.239902">
        <ele>193.9</ele>
      </trkpt>
      <trkpt lat="38.231738" lon="127.239910">
        <ele>193.8</ele>
      </trkpt>
      <trkpt lat="38.231782" lon="127.239920">
        <ele>193.8</ele>
      </trkpt>
      <trkpt lat="38.231826" lon="127.239934">
        <ele>193.7</ele>
      </trkpt>
      <trkpt lat="38.231869" lon="127.239949">
        <ele>193.6</ele>
      </trkpt>
      <trkpt lat="38.231912" lon="127.239966">
        <ele>193.4</ele>
      </trkpt>
      <trkpt lat="38.231954" lon="127.239986">
        <ele>193.3</ele>
      </trkpt>
      <trkpt lat="38.231996" lon="127.240007">
        <ele>193.2</ele>
      </trkpt>
      <trkpt lat="38.232038" lon="127.240027">
        <ele>193.0</ele>
      </trkpt>
      <trkpt lat="38.232078" lon="127.240053">
        <ele>193.0</ele>
      </trkpt>
      <trkpt lat="38.232117" lon="127.240082">
        <ele>192.9</ele>
      </trkpt>
      <trkpt lat="38.232156" lon="127.240111">
        <ele>192.8</ele>
      </trkpt>
      <trkpt lat="38.232194" lon="127.240141">
        <ele>192.8</ele>
      </trkpt>
      <trkpt lat="38.232230" lon="127.240175">
        <ele>192.7</ele>
      </trkpt>
      <trkpt lat="38.232266" lon="127.240209">
        <ele>192.6</ele>
      </trkpt>
      <trkpt lat="38.232303" lon="127.240243">
        <ele>192.5</ele>
      </trkpt>
      <trkpt lat="38.232339" lon="127.240277">
        <ele>192.4</ele>
      </trkpt>
      <trkpt lat="38.232375" lon="127.240311">
        <ele>192.3</ele>
      </trkpt>
      <trkpt lat="38.232410" lon="127.240346">
        <ele>192.3</ele>
      </trkpt>
      <trkpt lat="38.232446" lon="127.240382">
        <ele>192.3</ele>
      </trkpt>
      <trkpt lat="38.232481" lon="127.240417">
        <ele>192.2</ele>
      </trkpt>
      <trkpt lat="38.232516" lon="127.240453">
        <ele>192.2</ele>
      </trkpt>
      <trkpt lat="38.232551" lon="127.240488">
        <ele>192.2</ele>
      </trkpt>
      <trkpt lat="38.232587" lon="127.240524">
        <ele>192.2</ele>
      </trkpt>
      <trkpt lat="38.232622" lon="127.240559">
        <ele>192.1</ele>
      </trkpt>
      <trkpt lat="38.232657" lon="127.240595">
        <ele>192.1</ele>
      </trkpt>
      <trkpt lat="38.232693" lon="127.240630">
        <ele>192.1</ele>
      </trkpt>
      <trkpt lat="38.232728" lon="127.240665">
        <ele>192.1</ele>
      </trkpt>
      <trkpt lat="38.232763" lon="127.240701">
        <ele>192.1</ele>
      </trkpt>
      <trkpt lat="38.232799" lon="127.240736">
        <ele>192.0</ele>
      </trkpt>
      <trkpt lat="38.232834" lon="127.240772">
        <ele>192.0</ele>
      </trkpt>
      <trkpt lat="38.232870" lon="127.240806">
        <ele>192.0</ele>
      </trkpt>
      <trkpt lat="38.232907" lon="127.240838">
        <ele>191.9</ele>
      </trkpt>
      <trkpt lat="38.232944" lon="127.240871">
        <ele>191.8</ele>
      </trkpt>
      <trkpt lat="38.232981" lon="127.240903">
        <ele>191.8</ele>
      </trkpt>
      <trkpt lat="38.233019" lon="127.240935">
        <ele>191.8</ele>
      </trkpt>
      <trkpt lat="38.233056" lon="127.240967">
        <ele>191.8</ele>
      </trkpt>
      <trkpt lat="38.233094" lon="127.240998">
        <ele>191.8</ele>
      </trkpt>
      <trkpt lat="38.233134" lon="127.241024">
        <ele>191.8</ele>
      </trkpt>
      <trkpt lat="38.233173" lon="127.241051">
        <ele>191.8</ele>
      </trkpt>
      <trkpt lat="38.233213" lon="127.241078">
        <ele>191.8</ele>
      </trkpt>
      <trkpt lat="38.233253" lon="127.241104">
        <ele>191.8</ele>
      </trkpt>
      <trkpt lat="38.233293" lon="127.241131">
        <ele>191.8</ele>
      </trkpt>
      <trkpt lat="38.233332" lon="127.241158">
        <ele>191.8</ele>
      </trkpt>
      <trkpt lat="38.233372" lon="127.241185">
        <ele>191.8</ele>
      </trkpt>
      <trkpt lat="38.233412" lon="127.241211">
        <ele>191.8</ele>
      </trkpt>
      <trkpt lat="38.233452" lon="127.241238">
        <ele>191.8</ele>
      </trkpt>
      <trkpt lat="38.233492" lon="127.241265">
        <ele>191.8</ele>
      </trkpt>
      <trkpt lat="38.233533" lon="127.241286">
        <ele>191.7</ele>
      </trkpt>
      <trkpt lat="38.233575" lon="127.241308">
        <ele>191.7</ele>
      </trkpt>
      <trkpt lat="38.233616" lon="127.241330">
        <ele>191.6</ele>
      </trkpt>
      <trkpt lat="38.233658" lon="127.241352">
        <ele>191.5</ele>
      </trkpt>
      <trkpt lat="38.233700" lon="127.241373">
        <ele>191.4</ele>
      </trkpt>
      <trkpt lat="38.233741" lon="127.241395">
        <ele>191.4</ele>
      </trkpt>
      <trkpt lat="38.233783" lon="127.241415">
        <ele>191.3</ele>
      </trkpt>
      <trkpt lat="38.233827" lon="127.241430">
        <ele>191.2</ele>
      </trkpt>
      <trkpt lat="38.233870" lon="127.241445">
        <ele>191.1</ele>
      </trkpt>
      <trkpt lat="38.233914" lon="127.241454">
        <ele>191.0</ele>
      </trkpt>
      <trkpt lat="38.233959" lon="127.241456">
        <ele>191.0</ele>
      </trkpt>
      <trkpt lat="38.234004" lon="127.241459">
        <ele>191.0</ele>
      </trkpt>
      <trkpt lat="38.234049" lon="127.241461">
        <ele>191.0</ele>
      </trkpt>
      <trkpt lat="38.234094" lon="127.241463">
        <ele>191.0</ele>
      </trkpt>
      <trkpt lat="38.234139" lon="127.241465">
        <ele>191.0</ele>
      </trkpt>
      <trkpt lat="38.234184" lon="127.241468">
        <ele>191.0</ele>
      </trkpt>
      <trkpt lat="38.234229" lon="127.241470">
        <ele>191.0</ele>
      </trkpt>
      <trkpt lat="38.234274" lon="127.241472">
        <ele>191.0</ele>
      </trkpt>
      <trkpt lat="38.234319" lon="127.241474">
        <ele>191.0</ele>
      </trkpt>
      <trkpt lat="38.234363" lon="127.241477">
        <ele>191.0</ele>
      </trkpt>
      <trkpt lat="38.234408" lon="127.241477">
        <ele>191.0</ele>
      </trkpt>
      <trkpt lat="38.234453" lon="127.241475">
        <ele>191.2</ele>
      </trkpt>
      <trkpt lat="38.234498" lon="127.241474">
        <ele>191.3</ele>
      </trkpt>
      <trkpt lat="38.234543" lon="127.241472">
        <ele>191.4</ele>
      </trkpt>
      <trkpt lat="38.234588" lon="127.241470">
        <ele>191.5</ele>
      </trkpt>
      <trkpt lat="38.234633" lon="127.241468">
        <ele>191.7</ele>
      </trkpt>
      <trkpt lat="38.234678" lon="127.241466">
        <ele>191.8</ele>
      </trkpt>
      <trkpt lat="38.234723" lon="127.241464">
        <ele>191.9</ele>
      </trkpt>
      <trkpt lat="38.234768" lon="127.241462">
        <ele>192.1</ele>
      </trkpt>
      <trkpt lat="38.234813" lon="127.241460">
        <ele>192.2</ele>
      </trkpt>
      <trkpt lat="38.234858" lon="127.241458">
        <ele>192.3</ele>
      </trkpt>
      <trkpt lat="38.234903" lon="127.241457">
        <ele>192.4</ele>
      </trkpt>
      <trkpt lat="38.234948" lon="127.241455">
        <ele>192.6</ele>
      </trkpt>
      <trkpt lat="38.234993" lon="127.241453">
        <ele>192.7</ele>
      </trkpt>
      <trkpt lat="38.235038" lon="127.241451">
        <ele>192.8</ele>
      </trkpt>
      <trkpt lat="38.235083" lon="127.241449">
        <ele>192.9</ele>
      </trkpt>
      <trkpt lat="38.235127" lon="127.241447">
        <ele>193.1</ele>
      </trkpt>
      <trkpt lat="38.235172" lon="127.241445">
        <ele>193.2</ele>
      </trkpt>
      <trkpt lat="38.235217" lon="127.241443">
        <ele>193.3</ele>
      </trkpt>
      <trkpt lat="38.235262" lon="127.241442">
        <ele>193.4</ele>
      </trkpt>
      <trkpt lat="38.235307" lon="127.241440">
        <ele>193.6</ele>
      </trkpt>
      <trkpt lat="38.235352" lon="127.241438">
        <ele>193.7</ele>
      </trkpt>
      <trkpt lat="38.235397" lon="127.241436">
        <ele>193.8</ele>
      </trkpt>
      <trkpt lat="38.235442" lon="127.241444">
        <ele>193.9</ele>
      </trkpt>
      <trkpt lat="38.235486" lon="127.241452">
        <ele>194.1</ele>
      </trkpt>
      <trkpt lat="38.235531" lon="127.241460">
        <ele>194.2</ele>
      </trkpt>
      <trkpt lat="38.235575" lon="127.241470">
        <ele>194.3</ele>
      </trkpt>
      <trkpt lat="38.235619" lon="127.241484">
        <ele>194.3</ele>
      </trkpt>
      <trkpt lat="38.235662" lon="127.241498">
        <ele>194.3</ele>
      </trkpt>
      <trkpt lat="38.235706" lon="127.241512">
        <ele>194.4</ele>
      </trkpt>
      <trkpt lat="38.235749" lon="127.241526">
        <ele>194.4</ele>
      </trkpt>
      <trkpt lat="38.235793" lon="127.241540">
        <ele>194.4</ele>
      </trkpt>
      <trkpt lat="38.235837" lon="127.241554">
        <ele>194.4</ele>
      </trkpt>
      <trkpt lat="38.235880" lon="127.241568">
        <ele>194.4</ele>
      </trkpt>
      <trkpt lat="38.235924" lon="127.241582">
        <ele>194.4</ele>
      </trkpt>
      <trkpt lat="38.235967" lon="127.241596">
        <ele>194.5</ele>
      </trkpt>
      <trkpt lat="38.236011" lon="127.241610">
        <ele>194.5</ele>
      </trkpt>
      <trkpt lat="38.236055" lon="127.241624">
        <ele>194.5</ele>
      </trkpt>
      <trkpt lat="38.236098" lon="127.241638">
        <ele>194.5</ele>
      </trkpt>
      <trkpt lat="38.236142" lon="127.241652">
        <ele>194.5</ele>
      </trkpt>
      <trkpt lat="38.236185" lon="127.241666">
        <ele>194.6</ele>
      </trkpt>
      <trkpt lat="38.236229" lon="127.241680">
        <ele>194.6</ele>
      </trkpt>
      <trkpt lat="38.236273" lon="127.241694">
        <ele>194.6</ele>
      </trkpt>
      <trkpt lat="38.236316" lon="127.241708">
        <ele>194.6</ele>
      </trkpt>
      <trkpt lat="38.236360" lon="127.241722">
        <ele>194.6</ele>
      </trkpt>
      <trkpt lat="38.236403" lon="127.241736">
        <ele>194.6</ele>
      </trkpt>
      <trkpt lat="38.236447" lon="127.241750">
        <ele>194.7</ele>
      </trkpt>
      <trkpt lat="38.236491" lon="127.241764">
        <ele>194.7</ele>
      </trkpt>
      <trkpt lat="38.236534" lon="127.241778">
        <ele>194.7</ele>
      </trkpt>
      <trkpt lat="38.236578" lon="127.241792">
        <ele>194.7</ele>
      </trkpt>
      <trkpt lat="38.236621" lon="127.241806">
        <ele>194.7</ele>
      </trkpt>
      <trkpt lat="38.236665" lon="127.241820">
        <ele>194.8</ele>
      </trkpt>
      <trkpt lat="38.236709" lon="127.241834">
        <ele>194.8</ele>
      </trkpt>
      <trkpt lat="38.236752" lon="127.241848">
        <ele>194.8</ele>
      </trkpt>
      <trkpt lat="38.236789" lon="127.241852">
        <ele>194.7</ele>
      </trkpt>
      <trkpt lat="38.236825" lon="127.241871">
        <ele>194.6</ele>
      </trkpt>
      <trkpt lat="38.236868" lon="127.241885">
        <ele>194.6</ele>
      </trkpt>
      <trkpt lat="38.236912" lon="127.241900">
        <ele>194.7</ele>
      </trkpt>
      <trkpt lat="38.236955" lon="127.241914">
        <ele>194.8</ele>
      </trkpt>
      <trkpt lat="38.236998" lon="127.241931">
        <ele>194.7</ele>
      </trkpt>
      <trkpt lat="38.237041" lon="127.241948">
        <ele>194.6</ele>
      </trkpt>
      <trkpt lat="38.237084" lon="127.241965">
        <ele>194.5</ele>
      </trkpt>
      <trkpt lat="38.237127" lon="127.241982">
        <ele>194.4</ele>
      </trkpt>
      <trkpt lat="38.237170" lon="127.241999">
        <ele>194.3</ele>
      </trkpt>
      <trkpt lat="38.237213" lon="127.242016">
        <ele>194.2</ele>
      </trkpt>
      <trkpt lat="38.237256" lon="127.242033">
        <ele>194.1</ele>
      </trkpt>
      <trkpt lat="38.237299" lon="127.242050">
        <ele>194.0</ele>
      </trkpt>
      <trkpt lat="38.237342" lon="127.242067">
        <ele>193.8</ele>
      </trkpt>
      <trkpt lat="38.237385" lon="127.242083">
        <ele>193.7</ele>
      </trkpt>
      <trkpt lat="38.237428" lon="127.242100">
        <ele>193.6</ele>
      </trkpt>
      <trkpt lat="38.237471" lon="127.242117">
        <ele>193.5</ele>
      </trkpt>
      <trkpt lat="38.237514" lon="127.242134">
        <ele>193.4</ele>
      </trkpt>
      <trkpt lat="38.237556" lon="127.242151">
        <ele>193.3</ele>
      </trkpt>
      <trkpt lat="38.237599" lon="127.242168">
        <ele>193.2</ele>
      </trkpt>
      <trkpt lat="38.237642" lon="127.242185">
        <ele>193.1</ele>
      </trkpt>
      <trkpt lat="38.237685" lon="127.242202">
        <ele>193.0</ele>
      </trkpt>
      <trkpt lat="38.237728" lon="127.242219">
        <ele>192.9</ele>
      </trkpt>
      <trkpt lat="38.237771" lon="127.242236">
        <ele>192.8</ele>
      </trkpt>
      <trkpt lat="38.237814" lon="127.242253">
        <ele>192.7</ele>
      </trkpt>
      <trkpt lat="38.237857" lon="127.242270">
        <ele>192.6</ele>
      </trkpt>
      <trkpt lat="38.237900" lon="127.242287">
        <ele>192.5</ele>
      </trkpt>
      <trkpt lat="38.237943" lon="127.242304">
        <ele>192.4</ele>
      </trkpt>
      <trkpt lat="38.237986" lon="127.242321">
        <ele>192.3</ele>
      </trkpt>
      <trkpt lat="38.238029" lon="127.242338">
        <ele>192.2</ele>
      </trkpt>
      <trkpt lat="38.238072" lon="127.242355">
        <ele>192.0</ele>
      </trkpt>
      <trkpt lat="38.238115" lon="127.242372">
        <ele>191.9</ele>
      </trkpt>
      <trkpt lat="38.238158" lon="127.242389">
        <ele>191.8</ele>
      </trkpt>
      <trkpt lat="38.238201" lon="127.242406">
        <ele>191.7</ele>
      </trkpt>
      <trkpt lat="38.238244" lon="127.242423">
        <ele>191.6</ele>
      </trkpt>
      <trkpt lat="38.238287" lon="127.242440">
        <ele>191.5</ele>
      </trkpt>
      <trkpt lat="38.238329" lon="127.242457">
        <ele>191.4</ele>
      </trkpt>
      <trkpt lat="38.238372" lon="127.242474">
        <ele>191.3</ele>
      </trkpt>
      <trkpt lat="38.238415" lon="127.242491">
        <ele>191.2</ele>
      </trkpt>
      <trkpt lat="38.238458" lon="127.242508">
        <ele>191.1</ele>
      </trkpt>
      <trkpt lat="38.238501" lon="127.242525">
        <ele>191.0</ele>
      </trkpt>
      <trkpt lat="38.238544" lon="127.242542">
        <ele>190.9</ele>
      </trkpt>
      <trkpt lat="38.238587" lon="127.242559">
        <ele>190.8</ele>
      </trkpt>
      <trkpt lat="38.238630" lon="127.242576">
        <ele>190.7</ele>
      </trkpt>
      <trkpt lat="38.238673" lon="127.242593">
        <ele>190.6</ele>
      </trkpt>
      <trkpt lat="38.238716" lon="127.242610">
        <ele>190.5</ele>
      </trkpt>
      <trkpt lat="38.238759" lon="127.242627">
        <ele>190.4</ele>
      </trkpt>
      <trkpt lat="38.238802" lon="127.242644">
        <ele>190.2</ele>
      </trkpt>
      <trkpt lat="38.238845" lon="127.242661">
        <ele>190.1</ele>
      </trkpt>
      <trkpt lat="38.238888" lon="127.242678">
        <ele>190.0</ele>
      </trkpt>
      <trkpt lat="38.238931" lon="127.242695">
        <ele>189.9</ele>
      </trkpt>
      <trkpt lat="38.238974" lon="127.242712">
        <ele>189.8</ele>
      </trkpt>
      <trkpt lat="38.239016" lon="127.242729">
        <ele>189.8</ele>
      </trkpt>
      <trkpt lat="38.239059" lon="127.242747">
        <ele>189.7</ele>
      </trkpt>
      <trkpt lat="38.239102" lon="127.242766">
        <ele>189.7</ele>
      </trkpt>
      <trkpt lat="38.239144" lon="127.242784">
        <ele>189.6</ele>
      </trkpt>
      <trkpt lat="38.239187" lon="127.242802">
        <ele>189.6</ele>
      </trkpt>
      <trkpt lat="38.239230" lon="127.242820">
        <ele>189.5</ele>
      </trkpt>
      <trkpt lat="38.239272" lon="127.242838">
        <ele>189.5</ele>
      </trkpt>
      <trkpt lat="38.239315" lon="127.242856">
        <ele>189.4</ele>
      </trkpt>
      <trkpt lat="38.239358" lon="127.242874">
        <ele>189.4</ele>
      </trkpt>
      <trkpt lat="38.239400" lon="127.242892">
        <ele>189.4</ele>
      </trkpt>
      <trkpt lat="38.239443" lon="127.242910">
        <ele>189.3</ele>
      </trkpt>
      <trkpt lat="38.239487" lon="127.242924">
        <ele>189.3</ele>
      </trkpt>
      <trkpt lat="38.239530" lon="127.242938">
        <ele>189.2</ele>
      </trkpt>
      <trkpt lat="38.239574" lon="127.242951">
        <ele>189.2</ele>
      </trkpt>
      <trkpt lat="38.239618" lon="127.242965">
        <ele>189.1</ele>
      </trkpt>
      <trkpt lat="38.239661" lon="127.242978">
        <ele>189.1</ele>
      </trkpt>
      <trkpt lat="38.239705" lon="127.242992">
        <ele>189.1</ele>
      </trkpt>
      <trkpt lat="38.239749" lon="127.243005">
        <ele>189.0</ele>
      </trkpt>
      <trkpt lat="38.239792" lon="127.243019">
        <ele>189.0</ele>
      </trkpt>
      <trkpt lat="38.239836" lon="127.243032">
        <ele>188.9</ele>
      </trkpt>
      <trkpt lat="38.239880" lon="127.243046">
        <ele>188.9</ele>
      </trkpt>
      <trkpt lat="38.239924" lon="127.243059">
        <ele>188.8</ele>
      </trkpt>
      <trkpt lat="38.239967" lon="127.243073">
        <ele>188.8</ele>
      </trkpt>
      <trkpt lat="38.240012" lon="127.243081">
        <ele>188.7</ele>
      </trkpt>
      <trkpt lat="38.240056" lon="127.243090">
        <ele>188.7</ele>
      </trkpt>
      <trkpt lat="38.240101" lon="127.243099">
        <ele>188.6</ele>
      </trkpt>
      <trkpt lat="38.240145" lon="127.243108">
        <ele>188.5</ele>
      </trkpt>
      <trkpt lat="38.240190" lon="127.243113">
        <ele>188.5</ele>
      </trkpt>
      <trkpt lat="38.240235" lon="127.243112">
        <ele>188.5</ele>
      </trkpt>
      <trkpt lat="38.240280" lon="127.243112">
        <ele>188.4</ele>
      </trkpt>
      <trkpt lat="38.240325" lon="127.243111">
        <ele>188.4</ele>
      </trkpt>
      <trkpt lat="38.240370" lon="127.243111">
        <ele>188.4</ele>
      </trkpt>
      <trkpt lat="38.240414" lon="127.243110">
        <ele>188.3</ele>
      </trkpt>
      <trkpt lat="38.240459" lon="127.243109">
        <ele>188.3</ele>
      </trkpt>
      <trkpt lat="38.240504" lon="127.243099">
        <ele>188.4</ele>
      </trkpt>
      <trkpt lat="38.240548" lon="127.243088">
        <ele>188.4</ele>
      </trkpt>
      <trkpt lat="38.240590" lon="127.243083">
        <ele>188.5</ele>
      </trkpt>
      <trkpt lat="38.240629" lon="127.243070">
        <ele>188.3</ele>
      </trkpt>
      <trkpt lat="38.240673" lon="127.243061">
        <ele>188.3</ele>
      </trkpt>
      <trkpt lat="38.240717" lon="127.243051">
        <ele>188.4</ele>
      </trkpt>
      <trkpt lat="38.240762" lon="127.243041">
        <ele>188.4</ele>
      </trkpt>
      <trkpt lat="38.240806" lon="127.243031">
        <ele>188.4</ele>
      </trkpt>
      <trkpt lat="38.240850" lon="127.243022">
        <ele>188.5</ele>
      </trkpt>
      <trkpt lat="38.240895" lon="127.243012">
        <ele>188.5</ele>
      </trkpt>
      <trkpt lat="38.240939" lon="127.243002">
        <ele>188.5</ele>
      </trkpt>
      <trkpt lat="38.240983" lon="127.242994">
        <ele>188.6</ele>
      </trkpt>
      <trkpt lat="38.241028" lon="127.242985">
        <ele>188.8</ele>
      </trkpt>
      <trkpt lat="38.241072" lon="127.242977">
        <ele>188.9</ele>
      </trkpt>
      <trkpt lat="38.241117" lon="127.242968">
        <ele>189.1</ele>
      </trkpt>
      <trkpt lat="38.241161" lon="127.242960">
        <ele>189.2</ele>
      </trkpt>
      <trkpt lat="38.241205" lon="127.242948">
        <ele>189.3</ele>
      </trkpt>
      <trkpt lat="38.241247" lon="127.242927">
        <ele>189.4</ele>
      </trkpt>
      <trkpt lat="38.241289" lon="127.242906">
        <ele>189.5</ele>
      </trkpt>
      <trkpt lat="38.241331" lon="127.242885">
        <ele>189.6</ele>
      </trkpt>
      <trkpt lat="38.241372" lon="127.242864">
        <ele>189.7</ele>
      </trkpt>
      <trkpt lat="38.241414" lon="127.242843">
        <ele>189.8</ele>
      </trkpt>
      <trkpt lat="38.241452" lon="127.242812">
        <ele>189.8</ele>
      </trkpt>
      <trkpt lat="38.241487" lon="127.242777">
        <ele>189.8</ele>
      </trkpt>
      <trkpt lat="38.241522" lon="127.242742">
        <ele>189.9</ele>
      </trkpt>
      <trkpt lat="38.241558" lon="127.242707">
        <ele>189.9</ele>
      </trkpt>
      <trkpt lat="38.241593" lon="127.242671">
        <ele>189.9</ele>
      </trkpt>
      <trkpt lat="38.241629" lon="127.242636">
        <ele>189.9</ele>
      </trkpt>
      <trkpt lat="38.241664" lon="127.242601">
        <ele>190.0</ele>
      </trkpt>
      <trkpt lat="38.241700" lon="127.242565">
        <ele>190.0</ele>
      </trkpt>
      <trkpt lat="38.241733" lon="127.242528">
        <ele>190.0</ele>
      </trkpt>
      <trkpt lat="38.241764" lon="127.242486">
        <ele>189.9</ele>
      </trkpt>
      <trkpt lat="38.241794" lon="127.242443">
        <ele>189.8</ele>
      </trkpt>
      <trkpt lat="38.241824" lon="127.242401">
        <ele>189.7</ele>
      </trkpt>
      <trkpt lat="38.241854" lon="127.242358">
        <ele>189.6</ele>
      </trkpt>
      <trkpt lat="38.241885" lon="127.242316">
        <ele>189.5</ele>
      </trkpt>
      <trkpt lat="38.241910" lon="127.242270">
        <ele>189.4</ele>
      </trkpt>
      <trkpt lat="38.241929" lon="127.242218">
        <ele>189.3</ele>
      </trkpt>
      <trkpt lat="38.241949" lon="127.242166">
        <ele>189.2</ele>
      </trkpt>
      <trkpt lat="38.241969" lon="127.242115">
        <ele>189.1</ele>
      </trkpt>
      <trkpt lat="38.241988" lon="127.242063">
        <ele>189.0</ele>
      </trkpt>
      <trkpt lat="38.242008" lon="127.242012">
        <ele>188.9</ele>
      </trkpt>
      <trkpt lat="38.242027" lon="127.241960">
        <ele>188.7</ele>
      </trkpt>
      <trkpt lat="38.242047" lon="127.241909">
        <ele>188.6</ele>
      </trkpt>
      <trkpt lat="38.242066" lon="127.241857">
        <ele>188.5</ele>
      </trkpt>
      <trkpt lat="38.242086" lon="127.241805">
        <ele>188.4</ele>
      </trkpt>
      <trkpt lat="38.242105" lon="127.241754">
        <ele>188.3</ele>
      </trkpt>
      <trkpt lat="38.242125" lon="127.241702">
        <ele>188.2</ele>
      </trkpt>
      <trkpt lat="38.242145" lon="127.241651">
        <ele>188.0</ele>
      </trkpt>
      <trkpt lat="38.242164" lon="127.241599">
        <ele>187.9</ele>
      </trkpt>
      <trkpt lat="38.242184" lon="127.241548">
        <ele>187.8</ele>
      </trkpt>
      <trkpt lat="38.242199" lon="127.241494">
        <ele>187.8</ele>
      </trkpt>
      <trkpt lat="38.242215" lon="127.241440">
        <ele>187.7</ele>
      </trkpt>
      <trkpt lat="38.242230" lon="127.241387">
        <ele>187.6</ele>
      </trkpt>
      <trkpt lat="38.242246" lon="127.241333">
        <ele>187.6</ele>
      </trkpt>
      <trkpt lat="38.242261" lon="127.241279">
        <ele>187.5</ele>
      </trkpt>
      <trkpt lat="38.242276" lon="127.241225">
        <ele>187.5</ele>
      </trkpt>
      <trkpt lat="38.242285" lon="127.241169">
        <ele>187.4</ele>
      </trkpt>
      <trkpt lat="38.242294" lon="127.241113">
        <ele>187.4</ele>
      </trkpt>
      <trkpt lat="38.242303" lon="127.241057">
        <ele>187.3</ele>
      </trkpt>
      <trkpt lat="38.242306" lon="127.241000">
        <ele>187.3</ele>
      </trkpt>
      <trkpt lat="38.242305" lon="127.240943">
        <ele>187.3</ele>
      </trkpt>
      <trkpt lat="38.242304" lon="127.240886">
        <ele>187.3</ele>
      </trkpt>
      <trkpt lat="38.242302" lon="127.240828">
        <ele>187.3</ele>
      </trkpt>
      <trkpt lat="38.242298" lon="127.240771">
        <ele>187.4</ele>
      </trkpt>
      <trkpt lat="38.242294" lon="127.240714">
        <ele>187.4</ele>
      </trkpt>
      <trkpt lat="38.242290" lon="127.240657">
        <ele>187.4</ele>
      </trkpt>
      <trkpt lat="38.242287" lon="127.240600">
        <ele>187.5</ele>
      </trkpt>
      <trkpt lat="38.242283" lon="127.240543">
        <ele>187.5</ele>
      </trkpt>
      <trkpt lat="38.242276" lon="127.240487">
        <ele>187.5</ele>
      </trkpt>
      <trkpt lat="38.242268" lon="127.240430">
        <ele>187.6</ele>
      </trkpt>
      <trkpt lat="38.242259" lon="127.240374">
        <ele>187.7</ele>
      </trkpt>
      <trkpt lat="38.242251" lon="127.240318">
        <ele>187.8</ele>
      </trkpt>
      <trkpt lat="38.242248" lon="127.240261">
        <ele>187.8</ele>
      </trkpt>
      <trkpt lat="38.242249" lon="127.240204">
        <ele>187.9</ele>
      </trkpt>
      <trkpt lat="38.242250" lon="127.240147">
        <ele>188.0</ele>
      </trkpt>
      <trkpt lat="38.242251" lon="127.240089">
        <ele>188.1</ele>
      </trkpt>
      <trkpt lat="38.242251" lon="127.240032">
        <ele>188.2</ele>
      </trkpt>
      <trkpt lat="38.242252" lon="127.239975">
        <ele>188.3</ele>
      </trkpt>
      <trkpt lat="38.242255" lon="127.239918">
        <ele>188.3</ele>
      </trkpt>
      <trkpt lat="38.242258" lon="127.239861">
        <ele>188.3</ele>
      </trkpt>
      <trkpt lat="38.242261" lon="127.239804">
        <ele>188.3</ele>
      </trkpt>
      <trkpt lat="38.242265" lon="127.239746">
        <ele>188.3</ele>
      </trkpt>
      <trkpt lat="38.242268" lon="127.239689">
        <ele>188.3</ele>
      </trkpt>
      <trkpt lat="38.242272" lon="127.239633">
        <ele>188.3</ele>
      </trkpt>
      <trkpt lat="38.242287" lon="127.239579">
        <ele>188.3</ele>
      </trkpt>
      <trkpt lat="38.242302" lon="127.239525">
        <ele>188.4</ele>
      </trkpt>
      <trkpt lat="38.242317" lon="127.239471">
        <ele>188.4</ele>
      </trkpt>
      <trkpt lat="38.242332" lon="127.239417">
        <ele>188.4</ele>
      </trkpt>
      <trkpt lat="38.242348" lon="127.239363">
        <ele>188.4</ele>
      </trkpt>
      <trkpt lat="38.242363" lon="127.239309">
        <ele>188.5</ele>
      </trkpt>
      <trkpt lat="38.242378" lon="127.239255">
        <ele>188.5</ele>
      </trkpt>
      <trkpt lat="38.242393" lon="127.239201">
        <ele>188.5</ele>
      </trkpt>
      <trkpt lat="38.242409" lon="127.239148">
        <ele>188.6</ele>
      </trkpt>
      <trkpt lat="38.242425" lon="127.239094">
        <ele>188.6</ele>
      </trkpt>
      <trkpt lat="38.242440" lon="127.239040">
        <ele>188.6</ele>
      </trkpt>
      <trkpt lat="38.242456" lon="127.238987">
        <ele>188.7</ele>
      </trkpt>
      <trkpt lat="38.242472" lon="127.238933">
        <ele>188.7</ele>
      </trkpt>
      <trkpt lat="38.242488" lon="127.238880">
        <ele>188.7</ele>
      </trkpt>
      <trkpt lat="38.242504" lon="127.238826">
        <ele>188.8</ele>
      </trkpt>
      <trkpt lat="38.242519" lon="127.238772">
        <ele>188.8</ele>
      </trkpt>
      <trkpt lat="38.242535" lon="127.238719">
        <ele>188.9</ele>
      </trkpt>
      <trkpt lat="38.242551" lon="127.238665">
        <ele>188.9</ele>
      </trkpt>
      <trkpt lat="38.242567" lon="127.238612">
        <ele>188.9</ele>
      </trkpt>
      <trkpt lat="38.242583" lon="127.238558">
        <ele>189.0</ele>
      </trkpt>
      <trkpt lat="38.242603" lon="127.238507">
        <ele>189.1</ele>
      </trkpt>
      <trkpt lat="38.242626" lon="127.238458">
        <ele>189.2</ele>
      </trkpt>
      <trkpt lat="38.242649" lon="127.238409">
        <ele>189.4</ele>
      </trkpt>
      <trkpt lat="38.242673" lon="127.238360">
        <ele>189.5</ele>
      </trkpt>
      <trkpt lat="38.242696" lon="127.238311">
        <ele>189.6</ele>
      </trkpt>
      <trkpt lat="38.242720" lon="127.238263">
        <ele>189.8</ele>
      </trkpt>
      <trkpt lat="38.242743" lon="127.238214">
        <ele>189.9</ele>
      </trkpt>
      <trkpt lat="38.242770" lon="127.238168">
        <ele>190.0</ele>
      </trkpt>
      <trkpt lat="38.242802" lon="127.238128">
        <ele>190.1</ele>
      </trkpt>
      <trkpt lat="38.242834" lon="127.238088">
        <ele>190.2</ele>
      </trkpt>
      <trkpt lat="38.242866" lon="127.238048">
        <ele>190.3</ele>
      </trkpt>
      <trkpt lat="38.242898" lon="127.238008">
        <ele>190.4</ele>
      </trkpt>
      <trkpt lat="38.242930" lon="127.237968">
        <ele>190.5</ele>
      </trkpt>
      <trkpt lat="38.242963" lon="127.237928">
        <ele>190.6</ele>
      </trkpt>
      <trkpt lat="38.242995" lon="127.237888">
        <ele>190.7</ele>
      </trkpt>
      <trkpt lat="38.243027" lon="127.237871">
        <ele>190.8</ele>
      </trkpt>
      <trkpt lat="38.243026" lon="127.237849">
        <ele>190.6</ele>
      </trkpt>
      <trkpt lat="38.243034" lon="127.237808">
        <ele>190.8</ele>
      </trkpt>
      <trkpt lat="38.243006" lon="127.237764">
        <ele>190.8</ele>
      </trkpt>
      <trkpt lat="38.242977" lon="127.237719">
        <ele>190.8</ele>
      </trkpt>
      <trkpt lat="38.242949" lon="127.237675">
        <ele>190.8</ele>
      </trkpt>
      <trkpt lat="38.242920" lon="127.237631">
        <ele>190.7</ele>
      </trkpt>
      <trkpt lat="38.242892" lon="127.237586">
        <ele>190.7</ele>
      </trkpt>
      <trkpt lat="38.242864" lon="127.237542">
        <ele>190.7</ele>
      </trkpt>
      <trkpt lat="38.242835" lon="127.237498">
        <ele>190.7</ele>
      </trkpt>
      <trkpt lat="38.242807" lon="127.237454">
        <ele>190.7</ele>
      </trkpt>
      <trkpt lat="38.242778" lon="127.237409">
        <ele>190.7</ele>
      </trkpt>
      <trkpt lat="38.242750" lon="127.237365">
        <ele>190.7</ele>
      </trkpt>
      <trkpt lat="38.242721" lon="127.237321">
        <ele>190.7</ele>
      </trkpt>
      <trkpt lat="38.242693" lon="127.237276">
        <ele>190.7</ele>
      </trkpt>
      <trkpt lat="38.242664" lon="127.237232">
        <ele>190.6</ele>
      </trkpt>
      <trkpt lat="38.242636" lon="127.237188">
        <ele>190.6</ele>
      </trkpt>
      <trkpt lat="38.242607" lon="127.237143">
        <ele>190.6</ele>
      </trkpt>
      <trkpt lat="38.242579" lon="127.237099">
        <ele>190.6</ele>
      </trkpt>
      <trkpt lat="38.242550" lon="127.237055">
        <ele>190.6</ele>
      </trkpt>
      <trkpt lat="38.242522" lon="127.237010">
        <ele>190.6</ele>
      </trkpt>
      <trkpt lat="38.242493" lon="127.236966">
        <ele>190.6</ele>
      </trkpt>
      <trkpt lat="38.242465" lon="127.236922">
        <ele>190.6</ele>
      </trkpt>
      <trkpt lat="38.242436" lon="127.236878">
        <ele>190.6</ele>
      </trkpt>
      <trkpt lat="38.242408" lon="127.236833">
        <ele>190.5</ele>
      </trkpt>
      <trkpt lat="38.242379" lon="127.236789">
        <ele>190.5</ele>
      </trkpt>
      <trkpt lat="38.242351" lon="127.236745">
        <ele>190.5</ele>
      </trkpt>
      <trkpt lat="38.242322" lon="127.236700">
        <ele>190.5</ele>
      </trkpt>
      <trkpt lat="38.242293" lon="127.236657">
        <ele>190.5</ele>
      </trkpt>
      <trkpt lat="38.242263" lon="127.236615">
        <ele>190.5</ele>
      </trkpt>
      <trkpt lat="38.242232" lon="127.236572">
        <ele>190.5</ele>
      </trkpt>
      <trkpt lat="38.242202" lon="127.236530">
        <ele>190.5</ele>
      </trkpt>
      <trkpt lat="38.242172" lon="127.236488">
        <ele>190.5</ele>
      </trkpt>
      <trkpt lat="38.242142" lon="127.236445">
        <ele>190.5</ele>
      </trkpt>
      <trkpt lat="38.242112" lon="127.236403">
        <ele>190.5</ele>
      </trkpt>
      <trkpt lat="38.242081" lon="127.236360">
        <ele>190.5</ele>
      </trkpt>
      <trkpt lat="38.242051" lon="127.236318">
        <ele>190.5</ele>
      </trkpt>
      <trkpt lat="38.242021" lon="127.236276">
        <ele>190.5</ele>
      </trkpt>
      <trkpt lat="38.241991" lon="127.236233">
        <ele>190.5</ele>
      </trkpt>
      <trkpt lat="38.241960" lon="127.236191">
        <ele>190.5</ele>
      </trkpt>
      <trkpt lat="38.241930" lon="127.236149">
        <ele>190.5</ele>
      </trkpt>
      <trkpt lat="38.241900" lon="127.236106">
        <ele>190.5</ele>
      </trkpt>
      <trkpt lat="38.241870" lon="127.236064">
        <ele>190.5</ele>
      </trkpt>
      <trkpt lat="38.241840" lon="127.236020">
        <ele>190.6</ele>
      </trkpt>
      <trkpt lat="38.241811" lon="127.235977">
        <ele>190.7</ele>
      </trkpt>
      <trkpt lat="38.241782" lon="127.235933">
        <ele>190.8</ele>
      </trkpt>
      <trkpt lat="38.241753" lon="127.235890">
        <ele>190.9</ele>
      </trkpt>
      <trkpt lat="38.241723" lon="127.235846">
        <ele>191.0</ele>
      </trkpt>
      <trkpt lat="38.241694" lon="127.235803">
        <ele>191.1</ele>
      </trkpt>
      <trkpt lat="38.241665" lon="127.235759">
        <ele>191.2</ele>
      </trkpt>
      <trkpt lat="38.241636" lon="127.235716">
        <ele>191.3</ele>
      </trkpt>
      <trkpt lat="38.241606" lon="127.235672">
        <ele>191.4</ele>
      </trkpt>
      <trkpt lat="38.241577" lon="127.235629">
        <ele>191.5</ele>
      </trkpt>
      <trkpt lat="38.241548" lon="127.235586">
        <ele>191.6</ele>
      </trkpt>
      <trkpt lat="38.241519" lon="127.235542">
        <ele>191.7</ele>
      </trkpt>
      <trkpt lat="38.241489" lon="127.235499">
        <ele>191.8</ele>
      </trkpt>
      <trkpt lat="38.241463" lon="127.235453">
        <ele>191.9</ele>
      </trkpt>
      <trkpt lat="38.241436" lon="127.235406">
        <ele>192.0</ele>
      </trkpt>
      <trkpt lat="38.241410" lon="127.235360">
        <ele>192.1</ele>
      </trkpt>
      <trkpt lat="38.241384" lon="127.235313">
        <ele>192.3</ele>
      </trkpt>
      <trkpt lat="38.241361" lon="127.235264">
        <ele>192.3</ele>
      </trkpt>
      <trkpt lat="38.241341" lon="127.235213">
        <ele>192.4</ele>
      </trkpt>
      <trkpt lat="38.241321" lon="127.235162">
        <ele>192.5</ele>
      </trkpt>
      <trkpt lat="38.241302" lon="127.235109">
        <ele>192.5</ele>
      </trkpt>
      <trkpt lat="38.241284" lon="127.235057">
        <ele>192.5</ele>
      </trkpt>
      <trkpt lat="38.241267" lon="127.235004">
        <ele>192.5</ele>
      </trkpt>
      <trkpt lat="38.241257" lon="127.234949">
        <ele>192.5</ele>
      </trkpt>
      <trkpt lat="38.241249" lon="127.234892">
        <ele>192.5</ele>
      </trkpt>
      <trkpt lat="38.241241" lon="127.234836">
        <ele>192.5</ele>
      </trkpt>
      <trkpt lat="38.241236" lon="127.234779">
        <ele>192.5</ele>
      </trkpt>
      <trkpt lat="38.241232" lon="127.234722">
        <ele>192.5</ele>
      </trkpt>
      <trkpt lat="38.241228" lon="127.234665">
        <ele>192.5</ele>
      </trkpt>
      <trkpt lat="38.241224" lon="127.234608">
        <ele>192.5</ele>
      </trkpt>
      <trkpt lat="38.241222" lon="127.234551">
        <ele>192.5</ele>
      </trkpt>
      <trkpt lat="38.241222" lon="127.234494">
        <ele>192.6</ele>
      </trkpt>
      <trkpt lat="38.241222" lon="127.234436">
        <ele>192.7</ele>
      </trkpt>
      <trkpt lat="38.241222" lon="127.234379">
        <ele>192.8</ele>
      </trkpt>
      <trkpt lat="38.241226" lon="127.234322">
        <ele>192.9</ele>
      </trkpt>
      <trkpt lat="38.241230" lon="127.234265">
        <ele>193.0</ele>
      </trkpt>
      <trkpt lat="38.241235" lon="127.234208">
        <ele>193.1</ele>
      </trkpt>
      <trkpt lat="38.241239" lon="127.234151">
        <ele>193.2</ele>
      </trkpt>
      <trkpt lat="38.241243" lon="127.234094">
        <ele>193.3</ele>
      </trkpt>
      <trkpt lat="38.241253" lon="127.234038">
        <ele>193.4</ele>
      </trkpt>
      <trkpt lat="38.241264" lon="127.233983">
        <ele>193.5</ele>
      </trkpt>
      <trkpt lat="38.241275" lon="127.233927">
        <ele>193.5</ele>
      </trkpt>
      <trkpt lat="38.241286" lon="127.233872">
        <ele>193.6</ele>
      </trkpt>
      <trkpt lat="38.241297" lon="127.233816">
        <ele>193.7</ele>
      </trkpt>
      <trkpt lat="38.241308" lon="127.233761">
        <ele>193.8</ele>
      </trkpt>
      <trkpt lat="38.241323" lon="127.233707">
        <ele>193.8</ele>
      </trkpt>
      <trkpt lat="38.241339" lon="127.233653">
        <ele>193.9</ele>
      </trkpt>
      <trkpt lat="38.241355" lon="127.233600">
        <ele>193.9</ele>
      </trkpt>
      <trkpt lat="38.241370" lon="127.233546">
        <ele>193.9</ele>
      </trkpt>
      <trkpt lat="38.241386" lon="127.233492">
        <ele>194.0</ele>
      </trkpt>
      <trkpt lat="38.241402" lon="127.233439">
        <ele>194.0</ele>
      </trkpt>
      <trkpt lat="38.241421" lon="127.233387">
        <ele>194.1</ele>
      </trkpt>
      <trkpt lat="38.241439" lon="127.233335">
        <ele>194.2</ele>
      </trkpt>
      <trkpt lat="38.241458" lon="127.233283">
        <ele>194.2</ele>
      </trkpt>
      <trkpt lat="38.241477" lon="127.233230">
        <ele>194.3</ele>
      </trkpt>
      <trkpt lat="38.241495" lon="127.233178">
        <ele>194.4</ele>
      </trkpt>
      <trkpt lat="38.241514" lon="127.233126">
        <ele>194.4</ele>
      </trkpt>
      <trkpt lat="38.241532" lon="127.233074">
        <ele>194.5</ele>
      </trkpt>
      <trkpt lat="38.241551" lon="127.233022">
        <ele>194.6</ele>
      </trkpt>
      <trkpt lat="38.241569" lon="127.232970">
        <ele>194.7</ele>
      </trkpt>
      <trkpt lat="38.241588" lon="127.232918">
        <ele>194.7</ele>
      </trkpt>
      <trkpt lat="38.241606" lon="127.232865">
        <ele>194.8</ele>
      </trkpt>
      <trkpt lat="38.241625" lon="127.232813">
        <ele>194.9</ele>
      </trkpt>
      <trkpt lat="38.241643" lon="127.232761">
        <ele>194.9</ele>
      </trkpt>
      <trkpt lat="38.241662" lon="127.232709">
        <ele>195.0</ele>
      </trkpt>
      <trkpt lat="38.241681" lon="127.232657">
        <ele>195.1</ele>
      </trkpt>
      <trkpt lat="38.241699" lon="127.232605">
        <ele>195.2</ele>
      </trkpt>
      <trkpt lat="38.241718" lon="127.232552">
        <ele>195.2</ele>
      </trkpt>
      <trkpt lat="38.241736" lon="127.232500">
        <ele>195.3</ele>
      </trkpt>
      <trkpt lat="38.241753" lon="127.232447">
        <ele>195.2</ele>
      </trkpt>
      <trkpt lat="38.241769" lon="127.232394">
        <ele>195.2</ele>
      </trkpt>
      <trkpt lat="38.241786" lon="127.232341">
        <ele>195.1</ele>
      </trkpt>
      <trkpt lat="38.241802" lon="127.232287">
        <ele>195.1</ele>
      </trkpt>
      <trkpt lat="38.241819" lon="127.232234">
        <ele>195.0</ele>
      </trkpt>
      <trkpt lat="38.241835" lon="127.232181">
        <ele>194.9</ele>
      </trkpt>
      <trkpt lat="38.241852" lon="127.232128">
        <ele>194.9</ele>
      </trkpt>
      <trkpt lat="38.241869" lon="127.232074">
        <ele>194.8</ele>
      </trkpt>
      <trkpt lat="38.241885" lon="127.232021">
        <ele>194.8</ele>
      </trkpt>
      <trkpt lat="38.241902" lon="127.231968">
        <ele>194.7</ele>
      </trkpt>
      <trkpt lat="38.241918" lon="127.231915">
        <ele>194.6</ele>
      </trkpt>
      <trkpt lat="38.241935" lon="127.231861">
        <ele>194.6</ele>
      </trkpt>
      <trkpt lat="38.241951" lon="127.231808">
        <ele>194.5</ele>
      </trkpt>
      <trkpt lat="38.241967" lon="127.231755">
        <ele>194.5</ele>
      </trkpt>
      <trkpt lat="38.241983" lon="127.231701">
        <ele>194.5</ele>
      </trkpt>
      <trkpt lat="38.241998" lon="127.231647">
        <ele>194.5</ele>
      </trkpt>
      <trkpt lat="38.242014" lon="127.231594">
        <ele>194.4</ele>
      </trkpt>
      <trkpt lat="38.242030" lon="127.231540">
        <ele>194.4</ele>
      </trkpt>
      <trkpt lat="38.242045" lon="127.231486">
        <ele>194.4</ele>
      </trkpt>
      <trkpt lat="38.242061" lon="127.231433">
        <ele>194.4</ele>
      </trkpt>
      <trkpt lat="38.242076" lon="127.231379">
        <ele>194.4</ele>
      </trkpt>
      <trkpt lat="38.242092" lon="127.231325">
        <ele>194.4</ele>
      </trkpt>
      <trkpt lat="38.242108" lon="127.231271">
        <ele>194.3</ele>
      </trkpt>
      <trkpt lat="38.242123" lon="127.231218">
        <ele>194.3</ele>
      </trkpt>
      <trkpt lat="38.242139" lon="127.231164">
        <ele>194.3</ele>
      </trkpt>
      <trkpt lat="38.242155" lon="127.231110">
        <ele>194.3</ele>
      </trkpt>
      <trkpt lat="38.242170" lon="127.231057">
        <ele>194.3</ele>
      </trkpt>
      <trkpt lat="38.242186" lon="127.231003">
        <ele>194.2</ele>
      </trkpt>
      <trkpt lat="38.242201" lon="127.230949">
        <ele>194.2</ele>
      </trkpt>
      <trkpt lat="38.242217" lon="127.230896">
        <ele>194.2</ele>
      </trkpt>
      <trkpt lat="38.242233" lon="127.230842">
        <ele>194.2</ele>
      </trkpt>
      <trkpt lat="38.242248" lon="127.230788">
        <ele>194.2</ele>
      </trkpt>
      <trkpt lat="38.242264" lon="127.230735">
        <ele>194.2</ele>
      </trkpt>
      <trkpt lat="38.242279" lon="127.230681">
        <ele>194.1</ele>
      </trkpt>
      <trkpt lat="38.242295" lon="127.230627">
        <ele>194.1</ele>
      </trkpt>
      <trkpt lat="38.242311" lon="127.230573">
        <ele>194.1</ele>
      </trkpt>
      <trkpt lat="38.242326" lon="127.230520">
        <ele>194.1</ele>
      </trkpt>
      <trkpt lat="38.242342" lon="127.230466">
        <ele>194.1</ele>
      </trkpt>
      <trkpt lat="38.242357" lon="127.230412">
        <ele>194.1</ele>
      </trkpt>
      <trkpt lat="38.242373" lon="127.230359">
        <ele>194.0</ele>
      </trkpt>
      <trkpt lat="38.242389" lon="127.230305">
        <ele>194.0</ele>
      </trkpt>
      <trkpt lat="38.242404" lon="127.230251">
        <ele>194.0</ele>
      </trkpt>
      <trkpt lat="38.242420" lon="127.230198">
        <ele>194.0</ele>
      </trkpt>
      <trkpt lat="38.242435" lon="127.230144">
        <ele>194.0</ele>
      </trkpt>
      <trkpt lat="38.242451" lon="127.230090">
        <ele>193.9</ele>
      </trkpt>
      <trkpt lat="38.242467" lon="127.230037">
        <ele>193.9</ele>
      </trkpt>
      <trkpt lat="38.242482" lon="127.229983">
        <ele>193.9</ele>
      </trkpt>
      <trkpt lat="38.242498" lon="127.229929">
        <ele>193.9</ele>
      </trkpt>
      <trkpt lat="38.242514" lon="127.229875">
        <ele>193.9</ele>
      </trkpt>
      <trkpt lat="38.242529" lon="127.229822">
        <ele>193.9</ele>
      </trkpt>
      <trkpt lat="38.242545" lon="127.229768">
        <ele>193.8</ele>
      </trkpt>
      <trkpt lat="38.242560" lon="127.229714">
        <ele>193.8</ele>
      </trkpt>
      <trkpt lat="38.242576" lon="127.229661">
        <ele>193.8</ele>
      </trkpt>
      <trkpt lat="38.242592" lon="127.229607">
        <ele>193.8</ele>
      </trkpt>
      <trkpt lat="38.242610" lon="127.229555">
        <ele>193.9</ele>
      </trkpt>
      <trkpt lat="38.242627" lon="127.229502">
        <ele>193.9</ele>
      </trkpt>
      <trkpt lat="38.242645" lon="127.229449">
        <ele>193.9</ele>
      </trkpt>
      <trkpt lat="38.242662" lon="127.229396">
        <ele>194.0</ele>
      </trkpt>
      <trkpt lat="38.242679" lon="127.229343">
        <ele>194.0</ele>
      </trkpt>
      <trkpt lat="38.242697" lon="127.229291">
        <ele>194.0</ele>
      </trkpt>
      <trkpt lat="38.242714" lon="127.229238">
        <ele>194.1</ele>
      </trkpt>
      <trkpt lat="38.242732" lon="127.229185">
        <ele>194.1</ele>
      </trkpt>
      <trkpt lat="38.242749" lon="127.229132">
        <ele>194.2</ele>
      </trkpt>
      <trkpt lat="38.242766" lon="127.229079">
        <ele>194.2</ele>
      </trkpt>
      <trkpt lat="38.242784" lon="127.229027">
        <ele>194.2</ele>
      </trkpt>
      <trkpt lat="38.242801" lon="127.228974">
        <ele>194.3</ele>
      </trkpt>
      <trkpt lat="38.242818" lon="127.228921">
        <ele>194.3</ele>
      </trkpt>
      <trkpt lat="38.242836" lon="127.228868">
        <ele>194.3</ele>
      </trkpt>
      <trkpt lat="38.242853" lon="127.228815">
        <ele>194.4</ele>
      </trkpt>
      <trkpt lat="38.242871" lon="127.228763">
        <ele>194.4</ele>
      </trkpt>
      <trkpt lat="38.242888" lon="127.228710">
        <ele>194.5</ele>
      </trkpt>
      <trkpt lat="38.242905" lon="127.228657">
        <ele>194.5</ele>
      </trkpt>
      <trkpt lat="38.242923" lon="127.228604">
        <ele>194.5</ele>
      </trkpt>
      <trkpt lat="38.242940" lon="127.228551">
        <ele>194.6</ele>
      </trkpt>
      <trkpt lat="38.242958" lon="127.228499">
        <ele>194.6</ele>
      </trkpt>
      <trkpt lat="38.242975" lon="127.228446">
        <ele>194.7</ele>
      </trkpt>
      <trkpt lat="38.242992" lon="127.228393">
        <ele>194.7</ele>
      </trkpt>
      <trkpt lat="38.243010" lon="127.228340">
        <ele>194.7</ele>
      </trkpt>
      <trkpt lat="38.243027" lon="127.228287">
        <ele>194.8</ele>
      </trkpt>
      <trkpt lat="38.243044" lon="127.228235">
        <ele>194.8</ele>
      </trkpt>
      <trkpt lat="38.243061" lon="127.228181">
        <ele>194.8</ele>
      </trkpt>
      <trkpt lat="38.243077" lon="127.228128">
        <ele>194.8</ele>
      </trkpt>
      <trkpt lat="38.243093" lon="127.228074">
        <ele>194.8</ele>
      </trkpt>
      <trkpt lat="38.243109" lon="127.228021">
        <ele>194.8</ele>
      </trkpt>
      <trkpt lat="38.243126" lon="127.227968">
        <ele>194.8</ele>
      </trkpt>
      <trkpt lat="38.243142" lon="127.227914">
        <ele>194.8</ele>
      </trkpt>
      <trkpt lat="38.243158" lon="127.227861">
        <ele>194.9</ele>
      </trkpt>
      <trkpt lat="38.243174" lon="127.227808">
        <ele>194.9</ele>
      </trkpt>
      <trkpt lat="38.243191" lon="127.227754">
        <ele>194.9</ele>
      </trkpt>
      <trkpt lat="38.243207" lon="127.227701">
        <ele>194.9</ele>
      </trkpt>
      <trkpt lat="38.243223" lon="127.227647">
        <ele>194.9</ele>
      </trkpt>
      <trkpt lat="38.243239" lon="127.227594">
        <ele>194.9</ele>
      </trkpt>
      <trkpt lat="38.243256" lon="127.227541">
        <ele>194.9</ele>
      </trkpt>
      <trkpt lat="38.243272" lon="127.227487">
        <ele>194.9</ele>
      </trkpt>
      <trkpt lat="38.243288" lon="127.227434">
        <ele>194.9</ele>
      </trkpt>
      <trkpt lat="38.243304" lon="127.227380">
        <ele>194.9</ele>
      </trkpt>
      <trkpt lat="38.243321" lon="127.227327">
        <ele>194.9</ele>
      </trkpt>
      <trkpt lat="38.243337" lon="127.227274">
        <ele>194.9</ele>
      </trkpt>
      <trkpt lat="38.243353" lon="127.227220">
        <ele>194.9</ele>
      </trkpt>
      <trkpt lat="38.243370" lon="127.227167">
        <ele>195.0</ele>
      </trkpt>
      <trkpt lat="38.243386" lon="127.227114">
        <ele>195.0</ele>
      </trkpt>
      <trkpt lat="38.243402" lon="127.227060">
        <ele>195.0</ele>
      </trkpt>
      <trkpt lat="38.243418" lon="127.227007">
        <ele>195.0</ele>
      </trkpt>
      <trkpt lat="38.243435" lon="127.226953">
        <ele>195.0</ele>
      </trkpt>
      <trkpt lat="38.243451" lon="127.226900">
        <ele>195.0</ele>
      </trkpt>
      <trkpt lat="38.243467" lon="127.226847">
        <ele>195.0</ele>
      </trkpt>
      <trkpt lat="38.243482" lon="127.226793">
        <ele>194.9</ele>
      </trkpt>
      <trkpt lat="38.243498" lon="127.226739">
        <ele>194.8</ele>
      </trkpt>
      <trkpt lat="38.243513" lon="127.226685">
        <ele>194.8</ele>
      </trkpt>
      <trkpt lat="38.243528" lon="127.226631">
        <ele>194.7</ele>
      </trkpt>
      <trkpt lat="38.243544" lon="127.226578">
        <ele>194.6</ele>
      </trkpt>
      <trkpt lat="38.243559" lon="127.226524">
        <ele>194.6</ele>
      </trkpt>
      <trkpt lat="38.243574" lon="127.226470">
        <ele>194.5</ele>
      </trkpt>
      <trkpt lat="38.243590" lon="127.226416">
        <ele>194.4</ele>
      </trkpt>
      <trkpt lat="38.243605" lon="127.226362">
        <ele>194.4</ele>
      </trkpt>
      <trkpt lat="38.243620" lon="127.226308">
        <ele>194.3</ele>
      </trkpt>
      <trkpt lat="38.243636" lon="127.226255">
        <ele>194.2</ele>
      </trkpt>
      <trkpt lat="38.243651" lon="127.226201">
        <ele>194.2</ele>
      </trkpt>
      <trkpt lat="38.243667" lon="127.226147">
        <ele>194.1</ele>
      </trkpt>
      <trkpt lat="38.243682" lon="127.226093">
        <ele>194.0</ele>
      </trkpt>
      <trkpt lat="38.243697" lon="127.226039">
        <ele>194.0</ele>
      </trkpt>
      <trkpt lat="38.243713" lon="127.225986">
        <ele>193.9</ele>
      </trkpt>
      <trkpt lat="38.243728" lon="127.225932">
        <ele>193.8</ele>
      </trkpt>
      <trkpt lat="38.243743" lon="127.225878">
        <ele>193.8</ele>
      </trkpt>
      <trkpt lat="38.243759" lon="127.225824">
        <ele>193.7</ele>
      </trkpt>
      <trkpt lat="38.243774" lon="127.225770">
        <ele>193.6</ele>
      </trkpt>
      <trkpt lat="38.243789" lon="127.225717">
        <ele>193.6</ele>
      </trkpt>
      <trkpt lat="38.243805" lon="127.225663">
        <ele>193.5</ele>
      </trkpt>
      <trkpt lat="38.243820" lon="127.225609">
        <ele>193.6</ele>
      </trkpt>
      <trkpt lat="38.243836" lon="127.225555">
        <ele>193.7</ele>
      </trkpt>
      <trkpt lat="38.243852" lon="127.225502">
        <ele>193.8</ele>
      </trkpt>
      <trkpt lat="38.243868" lon="127.225448">
        <ele>193.9</ele>
      </trkpt>
      <trkpt lat="38.243883" lon="127.225395">
        <ele>194.0</ele>
      </trkpt>
      <trkpt lat="38.243899" lon="127.225341">
        <ele>194.1</ele>
      </trkpt>
      <trkpt lat="38.243915" lon="127.225287">
        <ele>194.2</ele>
      </trkpt>
      <trkpt lat="38.243930" lon="127.225234">
        <ele>194.4</ele>
      </trkpt>
      <trkpt lat="38.243946" lon="127.225180">
        <ele>194.5</ele>
      </trkpt>
      <trkpt lat="38.243962" lon="127.225126">
        <ele>194.6</ele>
      </trkpt>
      <trkpt lat="38.243978" lon="127.225073">
        <ele>194.7</ele>
      </trkpt>
      <trkpt lat="38.243993" lon="127.225019">
        <ele>194.8</ele>
      </trkpt>
      <trkpt lat="38.244009" lon="127.224965">
        <ele>194.9</ele>
      </trkpt>
      <trkpt lat="38.244025" lon="127.224912">
        <ele>195.0</ele>
      </trkpt>
      <trkpt lat="38.244040" lon="127.224858">
        <ele>195.1</ele>
      </trkpt>
      <trkpt lat="38.244056" lon="127.224804">
        <ele>195.2</ele>
      </trkpt>
      <trkpt lat="38.244072" lon="127.224751">
        <ele>195.3</ele>
      </trkpt>
      <trkpt lat="38.244088" lon="127.224697">
        <ele>195.4</ele>
      </trkpt>
      <trkpt lat="38.244103" lon="127.224643">
        <ele>195.5</ele>
      </trkpt>
      <trkpt lat="38.244119" lon="127.224590">
        <ele>195.6</ele>
      </trkpt>
      <trkpt lat="38.244135" lon="127.224536">
        <ele>195.8</ele>
      </trkpt>
      <trkpt lat="38.244150" lon="127.224483">
        <ele>195.9</ele>
      </trkpt>
      <trkpt lat="38.244166" lon="127.224429">
        <ele>196.0</ele>
      </trkpt>
      <trkpt lat="38.244182" lon="127.224375">
        <ele>196.1</ele>
      </trkpt>
      <trkpt lat="38.244197" lon="127.224322">
        <ele>196.2</ele>
      </trkpt>
      <trkpt lat="38.244213" lon="127.224268">
        <ele>196.3</ele>
      </trkpt>
      <trkpt lat="38.244229" lon="127.224214">
        <ele>196.4</ele>
      </trkpt>
      <trkpt lat="38.244245" lon="127.224161">
        <ele>196.5</ele>
      </trkpt>
      <trkpt lat="38.244260" lon="127.224107">
        <ele>196.6</ele>
      </trkpt>
      <trkpt lat="38.244276" lon="127.224053">
        <ele>196.7</ele>
      </trkpt>
      <trkpt lat="38.244292" lon="127.224000">
        <ele>196.8</ele>
      </trkpt>
      <trkpt lat="38.244307" lon="127.223946">
        <ele>196.9</ele>
      </trkpt>
      <trkpt lat="38.244323" lon="127.223892">
        <ele>197.0</ele>
      </trkpt>
      <trkpt lat="38.244339" lon="127.223839">
        <ele>197.1</ele>
      </trkpt>
      <trkpt lat="38.244355" lon="127.223785">
        <ele>197.3</ele>
      </trkpt>
      <trkpt lat="38.244370" lon="127.223731">
        <ele>197.4</ele>
      </trkpt>
      <trkpt lat="38.244386" lon="127.223678">
        <ele>197.5</ele>
      </trkpt>
      <trkpt lat="38.244402" lon="127.223624">
        <ele>197.6</ele>
      </trkpt>
      <trkpt lat="38.244417" lon="127.223570">
        <ele>197.6</ele>
      </trkpt>
      <trkpt lat="38.244433" lon="127.223517">
        <ele>197.7</ele>
      </trkpt>
      <trkpt lat="38.244449" lon="127.223463">
        <ele>197.8</ele>
      </trkpt>
      <trkpt lat="38.244464" lon="127.223410">
        <ele>197.9</ele>
      </trkpt>
      <trkpt lat="38.244480" lon="127.223356">
        <ele>198.0</ele>
      </trkpt>
      <trkpt lat="38.244496" lon="127.223302">
        <ele>198.1</ele>
      </trkpt>
      <trkpt lat="38.244511" lon="127.223249">
        <ele>198.2</ele>
      </trkpt>
      <trkpt lat="38.244527" lon="127.223195">
        <ele>198.3</ele>
      </trkpt>
      <trkpt lat="38.244543" lon="127.223141">
        <ele>198.4</ele>
      </trkpt>
      <trkpt lat="38.244559" lon="127.223088">
        <ele>198.5</ele>
      </trkpt>
      <trkpt lat="38.244574" lon="127.223034">
        <ele>198.6</ele>
      </trkpt>
      <trkpt lat="38.244590" lon="127.222980">
        <ele>198.7</ele>
      </trkpt>
      <trkpt lat="38.244606" lon="127.222927">
        <ele>198.8</ele>
      </trkpt>
      <trkpt lat="38.244621" lon="127.222873">
        <ele>198.9</ele>
      </trkpt>
      <trkpt lat="38.244637" lon="127.222819">
        <ele>199.0</ele>
      </trkpt>
      <trkpt lat="38.244657" lon="127.222768">
        <ele>199.1</ele>
      </trkpt>
      <trkpt lat="38.244676" lon="127.222716">
        <ele>199.1</ele>
      </trkpt>
      <trkpt lat="38.244696" lon="127.222665">
        <ele>199.2</ele>
      </trkpt>
      <trkpt lat="38.244715" lon="127.222613">
        <ele>199.3</ele>
      </trkpt>
      <trkpt lat="38.244740" lon="127.222566">
        <ele>199.4</ele>
      </trkpt>
      <trkpt lat="38.244766" lon="127.222519">
        <ele>199.6</ele>
      </trkpt>
      <trkpt lat="38.244792" lon="127.222472">
        <ele>199.7</ele>
      </trkpt>
      <trkpt lat="38.244817" lon="127.222425">
        <ele>199.9</ele>
      </trkpt>
      <trkpt lat="38.244843" lon="127.222378">
        <ele>200.0</ele>
      </trkpt>
      <trkpt lat="38.244869" lon="127.222331">
        <ele>200.2</ele>
      </trkpt>
      <trkpt lat="38.244895" lon="127.222284">
        <ele>200.3</ele>
      </trkpt>
      <trkpt lat="38.244920" lon="127.222237">
        <ele>200.5</ele>
      </trkpt>
      <trkpt lat="38.244946" lon="127.222190">
        <ele>200.6</ele>
      </trkpt>
      <trkpt lat="38.244972" lon="127.222143">
        <ele>200.7</ele>
      </trkpt>
      <trkpt lat="38.244997" lon="127.222096">
        <ele>200.9</ele>
      </trkpt>
      <trkpt lat="38.245022" lon="127.222048">
        <ele>201.0</ele>
      </trkpt>
      <trkpt lat="38.245045" lon="127.221999">
        <ele>201.1</ele>
      </trkpt>
      <trkpt lat="38.245068" lon="127.221950">
        <ele>201.1</ele>
      </trkpt>
      <trkpt lat="38.245091" lon="127.221900">
        <ele>201.2</ele>
      </trkpt>
      <trkpt lat="38.245114" lon="127.221851">
        <ele>201.2</ele>
      </trkpt>
      <trkpt lat="38.245137" lon="127.221802">
        <ele>201.3</ele>
      </trkpt>
      <trkpt lat="38.245159" lon="127.221752">
        <ele>201.3</ele>
      </trkpt>
      <trkpt lat="38.245179" lon="127.221701">
        <ele>201.4</ele>
      </trkpt>
      <trkpt lat="38.245199" lon="127.221650">
        <ele>201.5</ele>
      </trkpt>
      <trkpt lat="38.245220" lon="127.221599">
        <ele>201.6</ele>
      </trkpt>
      <trkpt lat="38.245240" lon="127.221548">
        <ele>201.6</ele>
      </trkpt>
      <trkpt lat="38.245260" lon="127.221497">
        <ele>201.7</ele>
      </trkpt>
      <trkpt lat="38.245281" lon="127.221445">
        <ele>201.8</ele>
      </trkpt>
      <trkpt lat="38.245299" lon="127.221393">
        <ele>202.2</ele>
      </trkpt>
      <trkpt lat="38.245317" lon="127.221341">
        <ele>202.5</ele>
      </trkpt>
      <trkpt lat="38.245336" lon="127.221289">
        <ele>202.9</ele>
      </trkpt>
      <trkpt lat="38.245354" lon="127.221237">
        <ele>203.3</ele>
      </trkpt>
      <trkpt lat="38.245373" lon="127.221184">
        <ele>203.6</ele>
      </trkpt>
      <trkpt lat="38.245391" lon="127.221132">
        <ele>204.0</ele>
      </trkpt>
      <trkpt lat="38.245410" lon="127.221080">
        <ele>204.4</ele>
      </trkpt>
      <trkpt lat="38.245418" lon="127.221055">
        <ele>203.0</ele>
      </trkpt>
      <trkpt lat="38.245437" lon="127.221003">
        <ele>203.2</ele>
      </trkpt>
      <trkpt lat="38.245456" lon="127.220951">
        <ele>203.5</ele>
      </trkpt>
      <trkpt lat="38.245474" lon="127.220899">
        <ele>203.7</ele>
      </trkpt>
      <trkpt lat="38.245493" lon="127.220847">
        <ele>203.9</ele>
      </trkpt>
      <trkpt lat="38.245512" lon="127.220795">
        <ele>204.1</ele>
      </trkpt>
      <trkpt lat="38.245530" lon="127.220743">
        <ele>204.3</ele>
      </trkpt>
      <trkpt lat="38.245551" lon="127.220692">
        <ele>204.6</ele>
      </trkpt>
      <trkpt lat="38.245578" lon="127.220646">
        <ele>204.9</ele>
      </trkpt>
      <trkpt lat="38.245605" lon="127.220601">
        <ele>205.2</ele>
      </trkpt>
      <trkpt lat="38.245633" lon="127.220556">
        <ele>205.6</ele>
      </trkpt>
      <trkpt lat="38.245662" lon="127.220512">
        <ele>206.0</ele>
      </trkpt>
      <trkpt lat="38.245691" lon="127.220468">
        <ele>206.4</ele>
      </trkpt>
      <trkpt lat="38.245720" lon="127.220425">
        <ele>206.8</ele>
      </trkpt>
      <trkpt lat="38.245752" lon="127.220385">
        <ele>207.2</ele>
      </trkpt>
      <trkpt lat="38.245786" lon="127.220347">
        <ele>207.6</ele>
      </trkpt>
      <trkpt lat="38.245820" lon="127.220310">
        <ele>207.9</ele>
      </trkpt>
      <trkpt lat="38.245854" lon="127.220273">
        <ele>208.3</ele>
      </trkpt>
      <trkpt lat="38.245890" lon="127.220237">
        <ele>208.6</ele>
      </trkpt>
      <trkpt lat="38.245927" lon="127.220205">
        <ele>209.0</ele>
      </trkpt>
      <trkpt lat="38.245964" lon="127.220173">
        <ele>209.4</ele>
      </trkpt>
      <trkpt lat="38.246001" lon="127.220140">
        <ele>209.7</ele>
      </trkpt>
      <trkpt lat="38.246038" lon="127.220108">
        <ele>210.0</ele>
      </trkpt>
      <trkpt lat="38.246076" lon="127.220078">
        <ele>210.3</ele>
      </trkpt>
      <trkpt lat="38.246114" lon="127.220047">
        <ele>210.6</ele>
      </trkpt>
      <trkpt lat="38.246152" lon="127.220017">
        <ele>210.9</ele>
      </trkpt>
      <trkpt lat="38.246190" lon="127.219987">
        <ele>211.2</ele>
      </trkpt>
      <trkpt lat="38.246229" lon="127.219956">
        <ele>211.5</ele>
      </trkpt>
      <trkpt lat="38.246267" lon="127.219926">
        <ele>211.8</ele>
      </trkpt>
      <trkpt lat="38.246305" lon="127.219895">
        <ele>212.1</ele>
      </trkpt>
      <trkpt lat="38.246343" lon="127.219865">
        <ele>212.4</ele>
      </trkpt>
      <trkpt lat="38.246381" lon="127.219835">
        <ele>212.7</ele>
      </trkpt>
      <trkpt lat="38.246419" lon="127.219804">
        <ele>213.0</ele>
      </trkpt>
      <trkpt lat="38.246457" lon="127.219774">
        <ele>213.3</ele>
      </trkpt>
      <trkpt lat="38.246495" lon="127.219743">
        <ele>213.6</ele>
      </trkpt>
      <trkpt lat="38.246533" lon="127.219713">
        <ele>213.9</ele>
      </trkpt>
      <trkpt lat="38.246571" lon="127.219683">
        <ele>214.2</ele>
      </trkpt>
      <trkpt lat="38.246610" lon="127.219652">
        <ele>214.5</ele>
      </trkpt>
      <trkpt lat="38.246648" lon="127.219622">
        <ele>214.7</ele>
      </trkpt>
      <trkpt lat="38.246686" lon="127.219591">
        <ele>215.0</ele>
      </trkpt>
      <trkpt lat="38.246724" lon="127.219561">
        <ele>215.3</ele>
      </trkpt>
      <trkpt lat="38.246762" lon="127.219531">
        <ele>215.6</ele>
      </trkpt>
      <trkpt lat="38.246800" lon="127.219500">
        <ele>215.8</ele>
      </trkpt>
      <trkpt lat="38.246837" lon="127.219468">
        <ele>215.7</ele>
      </trkpt>
      <trkpt lat="38.246874" lon="127.219436">
        <ele>215.6</ele>
      </trkpt>
      <trkpt lat="38.246912" lon="127.219404">
        <ele>215.6</ele>
      </trkpt>
      <trkpt lat="38.246949" lon="127.219372">
        <ele>215.5</ele>
      </trkpt>
      <trkpt lat="38.246985" lon="127.219338">
        <ele>215.2</ele>
      </trkpt>
      <trkpt lat="38.247021" lon="127.219304">
        <ele>215.0</ele>
      </trkpt>
      <trkpt lat="38.247057" lon="127.219269">
        <ele>214.7</ele>
      </trkpt>
      <trkpt lat="38.247093" lon="127.219235">
        <ele>214.4</ele>
      </trkpt>
      <trkpt lat="38.247129" lon="127.219201">
        <ele>214.1</ele>
      </trkpt>
      <trkpt lat="38.247165" lon="127.219167">
        <ele>213.8</ele>
      </trkpt>
      <trkpt lat="38.247198" lon="127.219127">
        <ele>213.5</ele>
      </trkpt>
      <trkpt lat="38.247231" lon="127.219088">
        <ele>213.1</ele>
      </trkpt>
      <trkpt lat="38.247263" lon="127.219048">
        <ele>212.7</ele>
      </trkpt>
      <trkpt lat="38.247296" lon="127.219009">
        <ele>212.4</ele>
      </trkpt>
      <trkpt lat="38.247328" lon="127.218969">
        <ele>212.0</ele>
      </trkpt>
      <trkpt lat="38.247360" lon="127.218929">
        <ele>211.7</ele>
      </trkpt>
      <trkpt lat="38.247393" lon="127.218890">
        <ele>211.3</ele>
      </trkpt>
      <trkpt lat="38.247425" lon="127.218850">
        <ele>210.9</ele>
      </trkpt>
      <trkpt lat="38.247457" lon="127.218809">
        <ele>210.6</ele>
      </trkpt>
      <trkpt lat="38.247488" lon="127.218768">
        <ele>210.2</ele>
      </trkpt>
      <trkpt lat="38.247519" lon="127.218727">
        <ele>209.8</ele>
      </trkpt>
      <trkpt lat="38.247548" lon="127.218683">
        <ele>209.7</ele>
      </trkpt>
      <trkpt lat="38.247577" lon="127.218639">
        <ele>209.5</ele>
      </trkpt>
      <trkpt lat="38.247605" lon="127.218594">
        <ele>209.4</ele>
      </trkpt>
      <trkpt lat="38.247633" lon="127.218549">
        <ele>209.2</ele>
      </trkpt>
      <trkpt lat="38.247657" lon="127.218501">
        <ele>208.9</ele>
      </trkpt>
      <trkpt lat="38.247681" lon="127.218453">
        <ele>208.6</ele>
      </trkpt>
      <trkpt lat="38.247706" lon="127.218405">
        <ele>208.4</ele>
      </trkpt>
      <trkpt lat="38.247726" lon="127.218354">
        <ele>208.0</ele>
      </trkpt>
      <trkpt lat="38.247746" lon="127.218302">
        <ele>207.7</ele>
      </trkpt>
      <trkpt lat="38.247763" lon="127.218250">
        <ele>207.3</ele>
      </trkpt>
      <trkpt lat="38.247777" lon="127.218195">
        <ele>206.9</ele>
      </trkpt>
      <trkpt lat="38.247792" lon="127.218141">
        <ele>206.6</ele>
      </trkpt>
      <trkpt lat="38.247804" lon="127.218086">
        <ele>206.2</ele>
      </trkpt>
      <trkpt lat="38.247812" lon="127.218030">
        <ele>205.7</ele>
      </trkpt>
      <trkpt lat="38.247820" lon="127.217973">
        <ele>205.3</ele>
      </trkpt>
      <trkpt lat="38.247828" lon="127.217917">
        <ele>204.9</ele>
      </trkpt>
      <trkpt lat="38.247837" lon="127.217861">
        <ele>204.5</ele>
      </trkpt>
      <trkpt lat="38.247845" lon="127.217805">
        <ele>204.1</ele>
      </trkpt>
      <trkpt lat="38.247852" lon="127.217748">
        <ele>203.6</ele>
      </trkpt>
      <trkpt lat="38.247858" lon="127.217691">
        <ele>203.1</ele>
      </trkpt>
      <trkpt lat="38.247864" lon="127.217635">
        <ele>202.7</ele>
      </trkpt>
      <trkpt lat="38.247870" lon="127.217578">
        <ele>202.2</ele>
      </trkpt>
      <trkpt lat="38.247876" lon="127.217521">
        <ele>201.7</ele>
      </trkpt>
      <trkpt lat="38.247882" lon="127.217464">
        <ele>201.2</ele>
      </trkpt>
      <trkpt lat="38.247888" lon="127.217407">
        <ele>200.8</ele>
      </trkpt>
      <trkpt lat="38.247894" lon="127.217351">
        <ele>200.3</ele>
      </trkpt>
      <trkpt lat="38.247901" lon="127.217294">
        <ele>199.8</ele>
      </trkpt>
      <trkpt lat="38.247912" lon="127.217239">
        <ele>199.3</ele>
      </trkpt>
      <trkpt lat="38.247923" lon="127.217183">
        <ele>198.8</ele>
      </trkpt>
      <trkpt lat="38.247935" lon="127.217128">
        <ele>198.3</ele>
      </trkpt>
      <trkpt lat="38.247948" lon="127.217073">
        <ele>197.9</ele>
      </trkpt>
      <trkpt lat="38.247961" lon="127.217019">
        <ele>197.5</ele>
      </trkpt>
      <trkpt lat="38.247974" lon="127.216964">
        <ele>197.1</ele>
      </trkpt>
      <trkpt lat="38.247988" lon="127.216909">
        <ele>196.7</ele>
      </trkpt>
      <trkpt lat="38.248004" lon="127.216856">
        <ele>196.3</ele>
      </trkpt>
      <trkpt lat="38.248020" lon="127.216802">
        <ele>195.9</ele>
      </trkpt>
      <trkpt lat="38.248036" lon="127.216749">
        <ele>195.4</ele>
      </trkpt>
      <trkpt lat="38.248054" lon="127.216696">
        <ele>195.2</ele>
      </trkpt>
      <trkpt lat="38.248073" lon="127.216645">
        <ele>195.0</ele>
      </trkpt>
      <trkpt lat="38.248092" lon="127.216593">
        <ele>194.8</ele>
      </trkpt>
      <trkpt lat="38.248111" lon="127.216541">
        <ele>194.6</ele>
      </trkpt>
      <trkpt lat="38.248130" lon="127.216489">
        <ele>194.4</ele>
      </trkpt>
      <trkpt lat="38.248149" lon="127.216437">
        <ele>194.2</ele>
      </trkpt>
      <trkpt lat="38.248168" lon="127.216385">
        <ele>194.0</ele>
      </trkpt>
      <trkpt lat="38.248187" lon="127.216333">
        <ele>193.8</ele>
      </trkpt>
      <trkpt lat="38.248206" lon="127.216281">
        <ele>193.6</ele>
      </trkpt>
      <trkpt lat="38.248225" lon="127.216229">
        <ele>193.4</ele>
      </trkpt>
      <trkpt lat="38.248244" lon="127.216178">
        <ele>193.2</ele>
      </trkpt>
      <trkpt lat="38.248264" lon="127.216126">
        <ele>192.9</ele>
      </trkpt>
      <trkpt lat="38.248283" lon="127.216074">
        <ele>192.7</ele>
      </trkpt>
      <trkpt lat="38.248302" lon="127.216022">
        <ele>192.5</ele>
      </trkpt>
      <trkpt lat="38.248321" lon="127.215971">
        <ele>192.4</ele>
      </trkpt>
      <trkpt lat="38.248341" lon="127.215919">
        <ele>192.2</ele>
      </trkpt>
      <trkpt lat="38.248360" lon="127.215867">
        <ele>192.0</ele>
      </trkpt>
      <trkpt lat="38.248379" lon="127.215816">
        <ele>191.9</ele>
      </trkpt>
      <trkpt lat="38.248399" lon="127.215764">
        <ele>191.7</ele>
      </trkpt>
      <trkpt lat="38.248418" lon="127.215712">
        <ele>191.5</ele>
      </trkpt>
      <trkpt lat="38.248438" lon="127.215660">
        <ele>191.4</ele>
      </trkpt>
      <trkpt lat="38.248457" lon="127.215609">
        <ele>191.2</ele>
      </trkpt>
      <trkpt lat="38.248476" lon="127.215557">
        <ele>191.0</ele>
      </trkpt>
      <trkpt lat="38.248495" lon="127.215505">
        <ele>191.0</ele>
      </trkpt>
      <trkpt lat="38.248512" lon="127.215452">
        <ele>190.9</ele>
      </trkpt>
      <trkpt lat="38.248528" lon="127.215399">
        <ele>190.9</ele>
      </trkpt>
      <trkpt lat="38.248545" lon="127.215346">
        <ele>190.8</ele>
      </trkpt>
      <trkpt lat="38.248559" lon="127.215291">
        <ele>190.8</ele>
      </trkpt>
      <trkpt lat="38.248571" lon="127.215236">
        <ele>190.8</ele>
      </trkpt>
      <trkpt lat="38.248583" lon="127.215181">
        <ele>190.8</ele>
      </trkpt>
      <trkpt lat="38.248594" lon="127.215125">
        <ele>190.8</ele>
      </trkpt>
      <trkpt lat="38.248600" lon="127.215069">
        <ele>190.9</ele>
      </trkpt>
      <trkpt lat="38.248606" lon="127.215012">
        <ele>191.0</ele>
      </trkpt>
      <trkpt lat="38.248612" lon="127.214955">
        <ele>191.1</ele>
      </trkpt>
      <trkpt lat="38.248618" lon="127.214898">
        <ele>191.2</ele>
      </trkpt>
      <trkpt lat="38.248623" lon="127.214841">
        <ele>191.3</ele>
      </trkpt>
      <trkpt lat="38.248623" lon="127.214784">
        <ele>191.6</ele>
      </trkpt>
      <trkpt lat="38.248624" lon="127.214727">
        <ele>191.8</ele>
      </trkpt>
      <trkpt lat="38.248624" lon="127.214670">
        <ele>192.1</ele>
      </trkpt>
      <trkpt lat="38.248624" lon="127.214612">
        <ele>192.3</ele>
      </trkpt>
      <trkpt lat="38.248619" lon="127.214556">
        <ele>192.5</ele>
      </trkpt>
      <trkpt lat="38.248614" lon="127.214499">
        <ele>192.8</ele>
      </trkpt>
      <trkpt lat="38.248609" lon="127.214442">
        <ele>193.0</ele>
      </trkpt>
      <trkpt lat="38.248604" lon="127.214385">
        <ele>193.2</ele>
      </trkpt>
      <trkpt lat="38.248596" lon="127.214328">
        <ele>193.3</ele>
      </trkpt>
      <trkpt lat="38.248587" lon="127.214272">
        <ele>193.4</ele>
      </trkpt>
      <trkpt lat="38.248578" lon="127.214216">
        <ele>193.5</ele>
      </trkpt>
      <trkpt lat="38.248570" lon="127.214160">
        <ele>193.6</ele>
      </trkpt>
      <trkpt lat="38.248561" lon="127.214104">
        <ele>193.7</ele>
      </trkpt>
      <trkpt lat="38.248552" lon="127.214048">
        <ele>193.7</ele>
      </trkpt>
      <trkpt lat="38.248543" lon="127.213992">
        <ele>193.8</ele>
      </trkpt>
      <trkpt lat="38.248534" lon="127.213936">
        <ele>193.9</ele>
      </trkpt>
      <trkpt lat="38.248525" lon="127.213879">
        <ele>194.0</ele>
      </trkpt>
      <trkpt lat="38.248516" lon="127.213823">
        <ele>194.0</ele>
      </trkpt>
      <trkpt lat="38.248507" lon="127.213767">
        <ele>194.1</ele>
      </trkpt>
      <trkpt lat="38.248498" lon="127.213711">
        <ele>194.2</ele>
      </trkpt>
      <trkpt lat="38.248490" lon="127.213655">
        <ele>194.3</ele>
      </trkpt>
      <trkpt lat="38.248481" lon="127.213599">
        <ele>194.3</ele>
      </trkpt>
      <trkpt lat="38.248472" lon="127.213543">
        <ele>194.4</ele>
      </trkpt>
      <trkpt lat="38.248463" lon="127.213487">
        <ele>194.5</ele>
      </trkpt>
      <trkpt lat="38.248455" lon="127.213430">
        <ele>194.6</ele>
      </trkpt>
      <trkpt lat="38.248447" lon="127.213374">
        <ele>194.8</ele>
      </trkpt>
      <trkpt lat="38.248439" lon="127.213317">
        <ele>194.9</ele>
      </trkpt>
      <trkpt lat="38.248432" lon="127.213261">
        <ele>195.0</ele>
      </trkpt>
      <trkpt lat="38.248424" lon="127.213205">
        <ele>195.1</ele>
      </trkpt>
      <trkpt lat="38.248416" lon="127.213148">
        <ele>195.3</ele>
      </trkpt>
      <trkpt lat="38.248408" lon="127.213092">
        <ele>195.4</ele>
      </trkpt>
      <trkpt lat="38.248400" lon="127.213036">
        <ele>195.5</ele>
      </trkpt>
      <trkpt lat="38.248392" lon="127.212979">
        <ele>195.7</ele>
      </trkpt>
      <trkpt lat="38.248385" lon="127.212923">
        <ele>195.8</ele>
      </trkpt>
      <trkpt lat="38.248377" lon="127.212866">
        <ele>195.9</ele>
      </trkpt>
      <trkpt lat="38.248369" lon="127.212810">
        <ele>196.1</ele>
      </trkpt>
      <trkpt lat="38.248361" lon="127.212754">
        <ele>196.2</ele>
      </trkpt>
      <trkpt lat="38.248353" lon="127.212697">
        <ele>196.3</ele>
      </trkpt>
      <trkpt lat="38.248346" lon="127.212641">
        <ele>196.5</ele>
      </trkpt>
      <trkpt lat="38.248338" lon="127.212584">
        <ele>196.8</ele>
      </trkpt>
      <trkpt lat="38.248332" lon="127.212528">
        <ele>197.0</ele>
      </trkpt>
      <trkpt lat="38.248326" lon="127.212471">
        <ele>197.1</ele>
      </trkpt>
      <trkpt lat="38.248321" lon="127.212414">
        <ele>197.3</ele>
      </trkpt>
      <trkpt lat="38.248318" lon="127.212384">
        <ele>197.0</ele>
      </trkpt>
      <trkpt lat="38.248313" lon="127.212327">
        <ele>197.1</ele>
      </trkpt>
      <trkpt lat="38.248308" lon="127.212271">
        <ele>197.2</ele>
      </trkpt>
      <trkpt lat="38.248302" lon="127.212214">
        <ele>197.3</ele>
      </trkpt>
      <trkpt lat="38.248296" lon="127.212157">
        <ele>197.3</ele>
      </trkpt>
      <trkpt lat="38.248289" lon="127.212100">
        <ele>197.4</ele>
      </trkpt>
      <trkpt lat="38.248283" lon="127.212044">
        <ele>197.4</ele>
      </trkpt>
      <trkpt lat="38.248277" lon="127.211987">
        <ele>197.4</ele>
      </trkpt>
      <trkpt lat="38.248270" lon="127.211930">
        <ele>197.5</ele>
      </trkpt>
      <trkpt lat="38.248263" lon="127.211874">
        <ele>197.5</ele>
      </trkpt>
      <trkpt lat="38.248255" lon="127.211818">
        <ele>197.6</ele>
      </trkpt>
      <trkpt lat="38.248246" lon="127.211761">
        <ele>197.7</ele>
      </trkpt>
      <trkpt lat="38.248238" lon="127.211705">
        <ele>197.8</ele>
      </trkpt>
      <trkpt lat="38.248230" lon="127.211649">
        <ele>197.9</ele>
      </trkpt>
      <trkpt lat="38.248221" lon="127.211593">
        <ele>198.0</ele>
      </trkpt>
      <trkpt lat="38.248213" lon="127.211536">
        <ele>198.1</ele>
      </trkpt>
      <trkpt lat="38.248204" lon="127.211480">
        <ele>198.1</ele>
      </trkpt>
      <trkpt lat="38.248196" lon="127.211424">
        <ele>198.2</ele>
      </trkpt>
      <trkpt lat="38.248187" lon="127.211368">
        <ele>198.3</ele>
      </trkpt>
      <trkpt lat="38.248179" lon="127.211311">
        <ele>198.4</ele>
      </trkpt>
      <trkpt lat="38.248171" lon="127.211255">
        <ele>198.5</ele>
      </trkpt>
      <trkpt lat="38.248162" lon="127.211199">
        <ele>198.6</ele>
      </trkpt>
      <trkpt lat="38.248154" lon="127.211143">
        <ele>198.7</ele>
      </trkpt>
      <trkpt lat="38.248145" lon="127.211086">
        <ele>198.7</ele>
      </trkpt>
      <trkpt lat="38.248137" lon="127.211030">
        <ele>198.8</ele>
      </trkpt>
      <trkpt lat="38.248128" lon="127.210974">
        <ele>198.9</ele>
      </trkpt>
      <trkpt lat="38.248120" lon="127.210918">
        <ele>199.0</ele>
      </trkpt>
      <trkpt lat="38.248111" lon="127.210861">
        <ele>199.1</ele>
      </trkpt>
      <trkpt lat="38.248103" lon="127.210805">
        <ele>199.2</ele>
      </trkpt>
      <trkpt lat="38.248095" lon="127.210749">
        <ele>199.3</ele>
      </trkpt>
      <trkpt lat="38.248086" lon="127.210693">
        <ele>199.4</ele>
      </trkpt>
      <trkpt lat="38.248078" lon="127.210637">
        <ele>199.4</ele>
      </trkpt>
      <trkpt lat="38.248069" lon="127.210580">
        <ele>199.5</ele>
      </trkpt>
      <trkpt lat="38.248061" lon="127.210524">
        <ele>199.6</ele>
      </trkpt>
      <trkpt lat="38.248052" lon="127.210468">
        <ele>199.7</ele>
      </trkpt>
      <trkpt lat="38.248044" lon="127.210412">
        <ele>199.8</ele>
      </trkpt>
      <trkpt lat="38.248036" lon="127.210355">
        <ele>199.9</ele>
      </trkpt>
      <trkpt lat="38.248027" lon="127.210299">
        <ele>200.0</ele>
      </trkpt>
      <trkpt lat="38.248019" lon="127.210243">
        <ele>200.1</ele>
      </trkpt>
      <trkpt lat="38.248010" lon="127.210187">
        <ele>200.1</ele>
      </trkpt>
      <trkpt lat="38.248002" lon="127.210130">
        <ele>200.2</ele>
      </trkpt>
      <trkpt lat="38.247993" lon="127.210074">
        <ele>200.3</ele>
      </trkpt>
      <trkpt lat="38.247985" lon="127.210018">
        <ele>200.4</ele>
      </trkpt>
      <trkpt lat="38.247977" lon="127.209962">
        <ele>200.5</ele>
      </trkpt>
      <trkpt lat="38.247968" lon="127.209905">
        <ele>200.6</ele>
      </trkpt>
      <trkpt lat="38.247960" lon="127.209849">
        <ele>200.7</ele>
      </trkpt>
      <trkpt lat="38.247951" lon="127.209793">
        <ele>200.7</ele>
      </trkpt>
      <trkpt lat="38.247943" lon="127.209737">
        <ele>200.8</ele>
      </trkpt>
      <trkpt lat="38.247934" lon="127.209680">
        <ele>200.9</ele>
      </trkpt>
      <trkpt lat="38.247926" lon="127.209624">
        <ele>201.0</ele>
      </trkpt>
      <trkpt lat="38.247922" lon="127.209567">
        <ele>201.1</ele>
      </trkpt>
      <trkpt lat="38.247918" lon="127.209510">
        <ele>201.2</ele>
      </trkpt>
      <trkpt lat="38.247914" lon="127.209453">
        <ele>201.2</ele>
      </trkpt>
      <trkpt lat="38.247909" lon="127.209396">
        <ele>201.3</ele>
      </trkpt>
      <trkpt lat="38.247909" lon="127.209339">
        <ele>201.4</ele>
      </trkpt>
      <trkpt lat="38.247908" lon="127.209282">
        <ele>201.4</ele>
      </trkpt>
      <trkpt lat="38.247908" lon="127.209224">
        <ele>201.5</ele>
      </trkpt>
      <trkpt lat="38.247910" lon="127.209167">
        <ele>201.5</ele>
      </trkpt>
      <trkpt lat="38.247913" lon="127.209110">
        <ele>201.5</ele>
      </trkpt>
      <trkpt lat="38.247916" lon="127.209053">
        <ele>201.5</ele>
      </trkpt>
      <trkpt lat="38.247919" lon="127.208996">
        <ele>201.5</ele>
      </trkpt>
      <trkpt lat="38.247923" lon="127.208939">
        <ele>201.5</ele>
      </trkpt>
      <trkpt lat="38.247927" lon="127.208882">
        <ele>201.5</ele>
      </trkpt>
      <trkpt lat="38.247932" lon="127.208825">
        <ele>201.6</ele>
      </trkpt>
      <trkpt lat="38.247936" lon="127.208768">
        <ele>201.6</ele>
      </trkpt>
      <trkpt lat="38.247941" lon="127.208711">
        <ele>201.6</ele>
      </trkpt>
      <trkpt lat="38.247945" lon="127.208654">
        <ele>201.7</ele>
      </trkpt>
      <trkpt lat="38.247949" lon="127.208597">
        <ele>201.7</ele>
      </trkpt>
      <trkpt lat="38.247954" lon="127.208540">
        <ele>201.7</ele>
      </trkpt>
      <trkpt lat="38.247958" lon="127.208483">
        <ele>201.7</ele>
      </trkpt>
      <trkpt lat="38.247963" lon="127.208426">
        <ele>201.8</ele>
      </trkpt>
      <trkpt lat="38.247967" lon="127.208369">
        <ele>201.8</ele>
      </trkpt>
      <trkpt lat="38.247972" lon="127.208312">
        <ele>201.9</ele>
      </trkpt>
      <trkpt lat="38.247977" lon="127.208255">
        <ele>202.2</ele>
      </trkpt>
      <trkpt lat="38.247983" lon="127.208198">
        <ele>202.4</ele>
      </trkpt>
      <trkpt lat="38.247988" lon="127.208141">
        <ele>202.7</ele>
      </trkpt>
      <trkpt lat="38.247993" lon="127.208085">
        <ele>203.0</ele>
      </trkpt>
      <trkpt lat="38.247999" lon="127.208028">
        <ele>203.3</ele>
      </trkpt>
      <trkpt lat="38.248004" lon="127.207971">
        <ele>203.5</ele>
      </trkpt>
      <trkpt lat="38.248009" lon="127.207914">
        <ele>203.8</ele>
      </trkpt>
      <trkpt lat="38.248015" lon="127.207857">
        <ele>204.1</ele>
      </trkpt>
      <trkpt lat="38.248020" lon="127.207800">
        <ele>204.4</ele>
      </trkpt>
      <trkpt lat="38.248025" lon="127.207744">
        <ele>204.6</ele>
      </trkpt>
      <trkpt lat="38.248031" lon="127.207687">
        <ele>204.9</ele>
      </trkpt>
      <trkpt lat="38.248036" lon="127.207630">
        <ele>205.2</ele>
      </trkpt>
      <trkpt lat="38.248042" lon="127.207573">
        <ele>205.5</ele>
      </trkpt>
      <trkpt lat="38.248047" lon="127.207516">
        <ele>205.7</ele>
      </trkpt>
      <trkpt lat="38.248052" lon="127.207459">
        <ele>206.0</ele>
      </trkpt>
      <trkpt lat="38.248058" lon="127.207402">
        <ele>206.3</ele>
      </trkpt>
      <trkpt lat="38.248063" lon="127.207346">
        <ele>206.6</ele>
      </trkpt>
      <trkpt lat="38.248068" lon="127.207289">
        <ele>206.8</ele>
      </trkpt>
      <trkpt lat="38.248074" lon="127.207232">
        <ele>207.1</ele>
      </trkpt>
      <trkpt lat="38.248079" lon="127.207175">
        <ele>207.4</ele>
      </trkpt>
      <trkpt lat="38.248084" lon="127.207118">
        <ele>207.7</ele>
      </trkpt>
      <trkpt lat="38.248090" lon="127.207061">
        <ele>207.9</ele>
      </trkpt>
      <trkpt lat="38.248095" lon="127.207005">
        <ele>208.2</ele>
      </trkpt>
      <trkpt lat="38.248101" lon="127.206948">
        <ele>208.5</ele>
      </trkpt>
      <trkpt lat="38.248106" lon="127.206891">
        <ele>208.8</ele>
      </trkpt>
      <trkpt lat="38.248111" lon="127.206834">
        <ele>209.0</ele>
      </trkpt>
      <trkpt lat="38.248117" lon="127.206777">
        <ele>209.3</ele>
      </trkpt>
      <trkpt lat="38.248122" lon="127.206720">
        <ele>209.6</ele>
      </trkpt>
      <trkpt lat="38.248127" lon="127.206663">
        <ele>209.8</ele>
      </trkpt>
      <trkpt lat="38.248132" lon="127.206606">
        <ele>210.0</ele>
      </trkpt>
      <trkpt lat="38.248137" lon="127.206550">
        <ele>210.1</ele>
      </trkpt>
      <trkpt lat="38.248142" lon="127.206493">
        <ele>210.2</ele>
      </trkpt>
      <trkpt lat="38.248146" lon="127.206436">
        <ele>210.3</ele>
      </trkpt>
      <trkpt lat="38.248151" lon="127.206379">
        <ele>210.5</ele>
      </trkpt>
      <trkpt lat="38.248156" lon="127.206322">
        <ele>210.6</ele>
      </trkpt>
      <trkpt lat="38.248161" lon="127.206265">
        <ele>210.7</ele>
      </trkpt>
      <trkpt lat="38.248165" lon="127.206208">
        <ele>210.8</ele>
      </trkpt>
      <trkpt lat="38.248170" lon="127.206151">
        <ele>211.0</ele>
      </trkpt>
      <trkpt lat="38.248176" lon="127.206094">
        <ele>211.1</ele>
      </trkpt>
      <trkpt lat="38.248182" lon="127.206038">
        <ele>211.1</ele>
      </trkpt>
      <trkpt lat="38.248189" lon="127.205981">
        <ele>211.2</ele>
      </trkpt>
      <trkpt lat="38.248195" lon="127.205924">
        <ele>211.3</ele>
      </trkpt>
      <trkpt lat="38.248203" lon="127.205868">
        <ele>211.5</ele>
      </trkpt>
      <trkpt lat="38.248210" lon="127.205811">
        <ele>211.6</ele>
      </trkpt>
      <trkpt lat="38.248217" lon="127.205755">
        <ele>211.8</ele>
      </trkpt>
      <trkpt lat="38.248228" lon="127.205699">
        <ele>212.0</ele>
      </trkpt>
      <trkpt lat="38.248239" lon="127.205644">
        <ele>212.2</ele>
      </trkpt>
      <trkpt lat="38.248251" lon="127.205588">
        <ele>212.4</ele>
      </trkpt>
      <trkpt lat="38.248262" lon="127.205533">
        <ele>212.7</ele>
      </trkpt>
      <trkpt lat="38.248273" lon="127.205477">
        <ele>212.9</ele>
      </trkpt>
      <trkpt lat="38.248284" lon="127.205422">
        <ele>213.1</ele>
      </trkpt>
      <trkpt lat="38.248295" lon="127.205366">
        <ele>213.3</ele>
      </trkpt>
      <trkpt lat="38.248306" lon="127.205311">
        <ele>213.5</ele>
      </trkpt>
      <trkpt lat="38.248317" lon="127.205255">
        <ele>213.8</ele>
      </trkpt>
      <trkpt lat="38.248328" lon="127.205200">
        <ele>214.0</ele>
      </trkpt>
      <trkpt lat="38.248339" lon="127.205144">
        <ele>214.2</ele>
      </trkpt>
      <trkpt lat="38.248350" lon="127.205089">
        <ele>214.4</ele>
      </trkpt>
      <trkpt lat="38.248362" lon="127.205033">
        <ele>214.7</ele>
      </trkpt>
      <trkpt lat="38.248373" lon="127.204978">
        <ele>214.9</ele>
      </trkpt>
      <trkpt lat="38.248384" lon="127.204922">
        <ele>215.1</ele>
      </trkpt>
      <trkpt lat="38.248395" lon="127.204867">
        <ele>215.3</ele>
      </trkpt>
      <trkpt lat="38.248406" lon="127.204811">
        <ele>215.5</ele>
      </trkpt>
      <trkpt lat="38.248417" lon="127.204756">
        <ele>215.8</ele>
      </trkpt>
      <trkpt lat="38.248428" lon="127.204701">
        <ele>216.0</ele>
      </trkpt>
      <trkpt lat="38.248439" lon="127.204645">
        <ele>216.2</ele>
      </trkpt>
      <trkpt lat="38.248450" lon="127.204590">
        <ele>216.4</ele>
      </trkpt>
      <trkpt lat="38.248461" lon="127.204534">
        <ele>216.6</ele>
      </trkpt>
      <trkpt lat="38.248472" lon="127.204479">
        <ele>216.9</ele>
      </trkpt>
      <trkpt lat="38.248484" lon="127.204423">
        <ele>217.1</ele>
      </trkpt>
      <trkpt lat="38.248495" lon="127.204368">
        <ele>217.3</ele>
      </trkpt>
      <trkpt lat="38.248506" lon="127.204312">
        <ele>217.5</ele>
      </trkpt>
      <trkpt lat="38.248517" lon="127.204257">
        <ele>217.7</ele>
      </trkpt>
      <trkpt lat="38.248528" lon="127.204201">
        <ele>218.0</ele>
      </trkpt>
      <trkpt lat="38.248539" lon="127.204146">
        <ele>218.2</ele>
      </trkpt>
      <trkpt lat="38.248551" lon="127.204090">
        <ele>218.4</ele>
      </trkpt>
      <trkpt lat="38.248562" lon="127.204035">
        <ele>218.5</ele>
      </trkpt>
      <trkpt lat="38.248574" lon="127.203980">
        <ele>218.6</ele>
      </trkpt>
      <trkpt lat="38.248586" lon="127.203925">
        <ele>218.8</ele>
      </trkpt>
      <trkpt lat="38.248598" lon="127.203869">
        <ele>218.9</ele>
      </trkpt>
      <trkpt lat="38.248611" lon="127.203814">
        <ele>219.0</ele>
      </trkpt>
      <trkpt lat="38.248626" lon="127.203761">
        <ele>219.2</ele>
      </trkpt>
      <trkpt lat="38.248641" lon="127.203707">
        <ele>219.5</ele>
      </trkpt>
      <trkpt lat="38.248657" lon="127.203653">
        <ele>219.7</ele>
      </trkpt>
      <trkpt lat="38.248674" lon="127.203600">
        <ele>219.9</ele>
      </trkpt>
      <trkpt lat="38.248696" lon="127.203550">
        <ele>220.0</ele>
      </trkpt>
      <trkpt lat="38.248717" lon="127.203500">
        <ele>220.2</ele>
      </trkpt>
      <trkpt lat="38.248739" lon="127.203450">
        <ele>220.3</ele>
      </trkpt>
      <trkpt lat="38.248740" lon="127.203407">
        <ele>220.5</ele>
      </trkpt>
      <trkpt lat="38.248756" lon="127.203416">
        <ele>220.3</ele>
      </trkpt>
      <trkpt lat="38.248781" lon="127.203369">
        <ele>220.4</ele>
      </trkpt>
      <trkpt lat="38.248807" lon="127.203322">
        <ele>220.6</ele>
      </trkpt>
      <trkpt lat="38.248836" lon="127.203278">
        <ele>221.1</ele>
      </trkpt>
      <trkpt lat="38.248864" lon="127.203234">
        <ele>221.5</ele>
      </trkpt>
      <trkpt lat="38.248897" lon="127.203194">
        <ele>222.0</ele>
      </trkpt>
      <trkpt lat="38.248930" lon="127.203156">
        <ele>222.4</ele>
      </trkpt>
      <trkpt lat="38.248965" lon="127.203119">
        <ele>222.8</ele>
      </trkpt>
      <trkpt lat="38.248999" lon="127.203083">
        <ele>223.2</ele>
      </trkpt>
      <trkpt lat="38.249034" lon="127.203046">
        <ele>223.5</ele>
      </trkpt>
      <trkpt lat="38.249069" lon="127.203011">
        <ele>223.9</ele>
      </trkpt>
      <trkpt lat="38.249106" lon="127.202978">
        <ele>224.3</ele>
      </trkpt>
      <trkpt lat="38.249143" lon="127.202945">
        <ele>224.7</ele>
      </trkpt>
      <trkpt lat="38.249181" lon="127.202915">
        <ele>224.8</ele>
      </trkpt>
      <trkpt lat="38.249220" lon="127.202885">
        <ele>224.9</ele>
      </trkpt>
      <trkpt lat="38.249258" lon="127.202855">
        <ele>224.9</ele>
      </trkpt>
      <trkpt lat="38.249296" lon="127.202826">
        <ele>225.0</ele>
      </trkpt>
      <trkpt lat="38.249335" lon="127.202796">
        <ele>225.0</ele>
      </trkpt>
      <trkpt lat="38.249375" lon="127.202770">
        <ele>225.0</ele>
      </trkpt>
      <trkpt lat="38.249415" lon="127.202745">
        <ele>224.9</ele>
      </trkpt>
      <trkpt lat="38.249455" lon="127.202720">
        <ele>224.9</ele>
      </trkpt>
      <trkpt lat="38.249496" lon="127.202694">
        <ele>224.9</ele>
      </trkpt>
      <trkpt lat="38.249536" lon="127.202669">
        <ele>224.8</ele>
      </trkpt>
      <trkpt lat="38.249577" lon="127.202646">
        <ele>224.6</ele>
      </trkpt>
      <trkpt lat="38.249619" lon="127.202625">
        <ele>224.4</ele>
      </trkpt>
      <trkpt lat="38.249661" lon="127.202605">
        <ele>224.1</ele>
      </trkpt>
      <trkpt lat="38.249704" lon="127.202587">
        <ele>223.9</ele>
      </trkpt>
      <trkpt lat="38.249747" lon="127.202572">
        <ele>223.6</ele>
      </trkpt>
      <trkpt lat="38.249791" lon="127.202559">
        <ele>223.3</ele>
      </trkpt>
      <trkpt lat="38.249835" lon="127.202546">
        <ele>223.0</ele>
      </trkpt>
      <trkpt lat="38.249879" lon="127.202533">
        <ele>222.8</ele>
      </trkpt>
      <trkpt lat="38.249923" lon="127.202524">
        <ele>222.6</ele>
      </trkpt>
      <trkpt lat="38.249967" lon="127.202514">
        <ele>222.4</ele>
      </trkpt>
      <trkpt lat="38.250012" lon="127.202505">
        <ele>222.3</ele>
      </trkpt>
      <trkpt lat="38.250056" lon="127.202495">
        <ele>222.1</ele>
      </trkpt>
      <trkpt lat="38.250100" lon="127.202486">
        <ele>222.0</ele>
      </trkpt>
      <trkpt lat="38.250145" lon="127.202477">
        <ele>221.8</ele>
      </trkpt>
      <trkpt lat="38.250189" lon="127.202467">
        <ele>221.6</ele>
      </trkpt>
      <trkpt lat="38.250234" lon="127.202458">
        <ele>221.5</ele>
      </trkpt>
      <trkpt lat="38.250278" lon="127.202448">
        <ele>221.3</ele>
      </trkpt>
      <trkpt lat="38.250322" lon="127.202438">
        <ele>221.1</ele>
      </trkpt>
      <trkpt lat="38.250366" lon="127.202428">
        <ele>221.0</ele>
      </trkpt>
      <trkpt lat="38.250411" lon="127.202418">
        <ele>220.8</ele>
      </trkpt>
      <trkpt lat="38.250455" lon="127.202408">
        <ele>220.6</ele>
      </trkpt>
      <trkpt lat="38.250499" lon="127.202398">
        <ele>220.5</ele>
      </trkpt>
      <trkpt lat="38.250543" lon="127.202387">
        <ele>220.3</ele>
      </trkpt>
      <trkpt lat="38.250588" lon="127.202377">
        <ele>220.1</ele>
      </trkpt>
      <trkpt lat="38.250632" lon="127.202367">
        <ele>220.0</ele>
      </trkpt>
      <trkpt lat="38.250676" lon="127.202357">
        <ele>219.8</ele>
      </trkpt>
      <trkpt lat="38.250720" lon="127.202347">
        <ele>219.6</ele>
      </trkpt>
      <trkpt lat="38.250765" lon="127.202337">
        <ele>219.5</ele>
      </trkpt>
      <trkpt lat="38.250809" lon="127.202326">
        <ele>219.3</ele>
      </trkpt>
      <trkpt lat="38.250853" lon="127.202316">
        <ele>219.1</ele>
      </trkpt>
      <trkpt lat="38.250897" lon="127.202306">
        <ele>218.9</ele>
      </trkpt>
      <trkpt lat="38.250942" lon="127.202296">
        <ele>218.8</ele>
      </trkpt>
      <trkpt lat="38.250986" lon="127.202286">
        <ele>218.6</ele>
      </trkpt>
      <trkpt lat="38.251030" lon="127.202276">
        <ele>218.4</ele>
      </trkpt>
      <trkpt lat="38.251074" lon="127.202266">
        <ele>218.3</ele>
      </trkpt>
      <trkpt lat="38.251119" lon="127.202255">
        <ele>218.1</ele>
      </trkpt>
      <trkpt lat="38.251163" lon="127.202245">
        <ele>217.9</ele>
      </trkpt>
      <trkpt lat="38.251207" lon="127.202235">
        <ele>217.8</ele>
      </trkpt>
      <trkpt lat="38.251251" lon="127.202225">
        <ele>217.8</ele>
      </trkpt>
      <trkpt lat="38.251296" lon="127.202215">
        <ele>217.8</ele>
      </trkpt>
      <trkpt lat="38.251340" lon="127.202205">
        <ele>217.9</ele>
      </trkpt>
      <trkpt lat="38.251384" lon="127.202194">
        <ele>217.9</ele>
      </trkpt>
      <trkpt lat="38.251428" lon="127.202184">
        <ele>217.9</ele>
      </trkpt>
      <trkpt lat="38.251473" lon="127.202174">
        <ele>217.9</ele>
      </trkpt>
      <trkpt lat="38.251517" lon="127.202164">
        <ele>217.9</ele>
      </trkpt>
      <trkpt lat="38.251561" lon="127.202154">
        <ele>217.9</ele>
      </trkpt>
      <trkpt lat="38.251605" lon="127.202143">
        <ele>218.0</ele>
      </trkpt>
      <trkpt lat="38.251650" lon="127.202133">
        <ele>218.0</ele>
      </trkpt>
      <trkpt lat="38.251694" lon="127.202123">
        <ele>218.0</ele>
      </trkpt>
      <trkpt lat="38.251738" lon="127.202113">
        <ele>218.0</ele>
      </trkpt>
      <trkpt lat="38.251782" lon="127.202103">
        <ele>218.0</ele>
      </trkpt>
      <trkpt lat="38.251827" lon="127.202092">
        <ele>218.0</ele>
      </trkpt>
      <trkpt lat="38.251871" lon="127.202082">
        <ele>218.1</ele>
      </trkpt>
      <trkpt lat="38.251915" lon="127.202072">
        <ele>218.1</ele>
      </trkpt>
      <trkpt lat="38.251959" lon="127.202062">
        <ele>218.1</ele>
      </trkpt>
      <trkpt lat="38.252004" lon="127.202052">
        <ele>218.1</ele>
      </trkpt>
      <trkpt lat="38.252048" lon="127.202042">
        <ele>218.1</ele>
      </trkpt>
      <trkpt lat="38.252092" lon="127.202031">
        <ele>218.1</ele>
      </trkpt>
      <trkpt lat="38.252136" lon="127.202021">
        <ele>218.2</ele>
      </trkpt>
      <trkpt lat="38.252181" lon="127.202011">
        <ele>218.2</ele>
      </trkpt>
      <trkpt lat="38.252225" lon="127.202001">
        <ele>218.2</ele>
      </trkpt>
      <trkpt lat="38.252269" lon="127.201991">
        <ele>218.2</ele>
      </trkpt>
      <trkpt lat="38.252313" lon="127.201980">
        <ele>218.2</ele>
      </trkpt>
      <trkpt lat="38.252358" lon="127.201970">
        <ele>218.2</ele>
      </trkpt>
      <trkpt lat="38.252402" lon="127.201960">
        <ele>218.3</ele>
      </trkpt>
      <trkpt lat="38.252446" lon="127.201950">
        <ele>218.3</ele>
      </trkpt>
      <trkpt lat="38.252490" lon="127.201940">
        <ele>218.3</ele>
      </trkpt>
      <trkpt lat="38.252535" lon="127.201931">
        <ele>218.3</ele>
      </trkpt>
      <trkpt lat="38.252579" lon="127.201922">
        <ele>218.2</ele>
      </trkpt>
      <trkpt lat="38.252624" lon="127.201913">
        <ele>218.2</ele>
      </trkpt>
      <trkpt lat="38.252668" lon="127.201904">
        <ele>218.1</ele>
      </trkpt>
      <trkpt lat="38.252712" lon="127.201895">
        <ele>218.1</ele>
      </trkpt>
      <trkpt lat="38.252757" lon="127.201886">
        <ele>218.0</ele>
      </trkpt>
      <trkpt lat="38.252801" lon="127.201877">
        <ele>218.0</ele>
      </trkpt>
      <trkpt lat="38.252846" lon="127.201867">
        <ele>217.8</ele>
      </trkpt>
      <trkpt lat="38.252890" lon="127.201856">
        <ele>217.6</ele>
      </trkpt>
      <trkpt lat="38.252934" lon="127.201846">
        <ele>217.4</ele>
      </trkpt>
      <trkpt lat="38.252978" lon="127.201836">
        <ele>217.2</ele>
      </trkpt>
      <trkpt lat="38.253023" lon="127.201826">
        <ele>217.0</ele>
      </trkpt>
      <trkpt lat="38.253067" lon="127.201816">
        <ele>216.8</ele>
      </trkpt>
      <trkpt lat="38.253111" lon="127.201806">
        <ele>216.6</ele>
      </trkpt>
      <trkpt lat="38.253155" lon="127.201795">
        <ele>216.4</ele>
      </trkpt>
      <trkpt lat="38.253200" lon="127.201785">
        <ele>216.2</ele>
      </trkpt>
      <trkpt lat="38.253244" lon="127.201775">
        <ele>216.0</ele>
      </trkpt>
      <trkpt lat="38.253288" lon="127.201765">
        <ele>215.8</ele>
      </trkpt>
      <trkpt lat="38.253332" lon="127.201756">
        <ele>215.6</ele>
      </trkpt>
      <trkpt lat="38.253377" lon="127.201746">
        <ele>215.4</ele>
      </trkpt>
      <trkpt lat="38.253421" lon="127.201737">
        <ele>215.2</ele>
      </trkpt>
      <trkpt lat="38.253465" lon="127.201727">
        <ele>215.0</ele>
      </trkpt>
      <trkpt lat="38.253510" lon="127.201717">
        <ele>214.8</ele>
      </trkpt>
      <trkpt lat="38.253554" lon="127.201708">
        <ele>214.5</ele>
      </trkpt>
      <trkpt lat="38.253598" lon="127.201698">
        <ele>214.3</ele>
      </trkpt>
      <trkpt lat="38.253643" lon="127.201688">
        <ele>214.1</ele>
      </trkpt>
      <trkpt lat="38.253687" lon="127.201679">
        <ele>213.9</ele>
      </trkpt>
      <trkpt lat="38.253731" lon="127.201669">
        <ele>213.7</ele>
      </trkpt>
      <trkpt lat="38.253776" lon="127.201659">
        <ele>213.5</ele>
      </trkpt>
      <trkpt lat="38.253820" lon="127.201650">
        <ele>213.3</ele>
      </trkpt>
      <trkpt lat="38.253864" lon="127.201640">
        <ele>213.1</ele>
      </trkpt>
      <trkpt lat="38.253909" lon="127.201631">
        <ele>212.9</ele>
      </trkpt>
      <trkpt lat="38.253953" lon="127.201621">
        <ele>212.7</ele>
      </trkpt>
      <trkpt lat="38.253997" lon="127.201611">
        <ele>212.5</ele>
      </trkpt>
      <trkpt lat="38.254042" lon="127.201602">
        <ele>212.3</ele>
      </trkpt>
      <trkpt lat="38.254086" lon="127.201592">
        <ele>212.1</ele>
      </trkpt>
      <trkpt lat="38.254130" lon="127.201582">
        <ele>211.8</ele>
      </trkpt>
      <trkpt lat="38.254175" lon="127.201573">
        <ele>211.6</ele>
      </trkpt>
      <trkpt lat="38.254219" lon="127.201563">
        <ele>211.4</ele>
      </trkpt>
      <trkpt lat="38.254263" lon="127.201553">
        <ele>211.2</ele>
      </trkpt>
      <trkpt lat="38.254308" lon="127.201544">
        <ele>211.0</ele>
      </trkpt>
      <trkpt lat="38.254352" lon="127.201534">
        <ele>210.8</ele>
      </trkpt>
      <trkpt lat="38.254396" lon="127.201525">
        <ele>210.8</ele>
      </trkpt>
      <trkpt lat="38.254441" lon="127.201515">
        <ele>210.8</ele>
      </trkpt>
      <trkpt lat="38.254485" lon="127.201505">
        <ele>210.8</ele>
      </trkpt>
      <trkpt lat="38.254529" lon="127.201496">
        <ele>210.8</ele>
      </trkpt>
      <trkpt lat="38.254574" lon="127.201486">
        <ele>210.8</ele>
      </trkpt>
      <trkpt lat="38.254618" lon="127.201476">
        <ele>210.8</ele>
      </trkpt>
      <trkpt lat="38.254662" lon="127.201467">
        <ele>210.8</ele>
      </trkpt>
      <trkpt lat="38.254707" lon="127.201457">
        <ele>210.8</ele>
      </trkpt>
      <trkpt lat="38.254751" lon="127.201447">
        <ele>210.8</ele>
      </trkpt>
      <trkpt lat="38.254795" lon="127.201438">
        <ele>210.8</ele>
      </trkpt>
      <trkpt lat="38.254840" lon="127.201429">
        <ele>210.9</ele>
      </trkpt>
      <trkpt lat="38.254884" lon="127.201420">
        <ele>211.0</ele>
      </trkpt>
      <trkpt lat="38.254928" lon="127.201411">
        <ele>211.0</ele>
      </trkpt>
      <trkpt lat="38.254973" lon="127.201402">
        <ele>211.1</ele>
      </trkpt>
      <trkpt lat="38.255017" lon="127.201393">
        <ele>211.1</ele>
      </trkpt>
      <trkpt lat="38.255062" lon="127.201384">
        <ele>211.2</ele>
      </trkpt>
      <trkpt lat="38.255106" lon="127.201375">
        <ele>211.2</ele>
      </trkpt>
      <trkpt lat="38.255150" lon="127.201365">
        <ele>211.3</ele>
      </trkpt>
      <trkpt lat="38.255195" lon="127.201356">
        <ele>211.3</ele>
      </trkpt>
      <trkpt lat="38.255239" lon="127.201347">
        <ele>211.4</ele>
      </trkpt>
      <trkpt lat="38.255284" lon="127.201338">
        <ele>211.5</ele>
      </trkpt>
      <trkpt lat="38.255328" lon="127.201329">
        <ele>211.5</ele>
      </trkpt>
      <trkpt lat="38.255372" lon="127.201320">
        <ele>211.6</ele>
      </trkpt>
      <trkpt lat="38.255417" lon="127.201311">
        <ele>211.6</ele>
      </trkpt>
      <trkpt lat="38.255461" lon="127.201302">
        <ele>211.7</ele>
      </trkpt>
      <trkpt lat="38.255506" lon="127.201293">
        <ele>211.7</ele>
      </trkpt>
      <trkpt lat="38.255550" lon="127.201284">
        <ele>211.8</ele>
      </trkpt>
      <trkpt lat="38.255594" lon="127.201274">
        <ele>211.9</ele>
      </trkpt>
      <trkpt lat="38.255639" lon="127.201265">
        <ele>211.9</ele>
      </trkpt>
      <trkpt lat="38.255683" lon="127.201256">
        <ele>212.0</ele>
      </trkpt>
      <trkpt lat="38.255727" lon="127.201246">
        <ele>212.0</ele>
      </trkpt>
      <trkpt lat="38.255771" lon="127.201233">
        <ele>212.1</ele>
      </trkpt>
      <trkpt lat="38.255815" lon="127.201220">
        <ele>212.2</ele>
      </trkpt>
      <trkpt lat="38.255859" lon="127.201208">
        <ele>212.3</ele>
      </trkpt>
      <trkpt lat="38.255903" lon="127.201198">
        <ele>212.3</ele>
      </trkpt>
      <trkpt lat="38.255947" lon="127.201188">
        <ele>212.3</ele>
      </trkpt>
      <trkpt lat="38.255992" lon="127.201177">
        <ele>212.3</ele>
      </trkpt>
      <trkpt lat="38.256036" lon="127.201180">
        <ele>212.2</ele>
      </trkpt>
      <trkpt lat="38.256081" lon="127.201184">
        <ele>212.0</ele>
      </trkpt>
      <trkpt lat="38.256126" lon="127.201177">
        <ele>212.0</ele>
      </trkpt>
      <trkpt lat="38.256170" lon="127.201166">
        <ele>212.0</ele>
      </trkpt>
      <trkpt lat="38.256214" lon="127.201155">
        <ele>212.0</ele>
      </trkpt>
      <trkpt lat="38.256253" lon="127.201130">
        <ele>211.9</ele>
      </trkpt>
      <trkpt lat="38.256292" lon="127.201101">
        <ele>211.8</ele>
      </trkpt>
      <trkpt lat="38.256336" lon="127.201091">
        <ele>211.7</ele>
      </trkpt>
      <trkpt lat="38.256381" lon="127.201080">
        <ele>211.7</ele>
      </trkpt>
      <trkpt lat="38.256425" lon="127.201070">
        <ele>211.6</ele>
      </trkpt>
      <trkpt lat="38.256469" lon="127.201060">
        <ele>211.6</ele>
      </trkpt>
      <trkpt lat="38.256513" lon="127.201050">
        <ele>211.5</ele>
      </trkpt>
      <trkpt lat="38.256558" lon="127.201040">
        <ele>211.5</ele>
      </trkpt>
      <trkpt lat="38.256602" lon="127.201030">
        <ele>211.4</ele>
      </trkpt>
      <trkpt lat="38.256646" lon="127.201020">
        <ele>211.4</ele>
      </trkpt>
      <trkpt lat="38.256690" lon="127.201010">
        <ele>211.3</ele>
      </trkpt>
      <trkpt lat="38.256735" lon="127.201000">
        <ele>210.7</ele>
      </trkpt>
      <trkpt lat="38.256779" lon="127.200990">
        <ele>210.0</ele>
      </trkpt>
      <trkpt lat="38.256823" lon="127.200979">
        <ele>209.3</ele>
      </trkpt>
      <trkpt lat="38.256857" lon="127.200988">
        <ele>208.8</ele>
      </trkpt>
      <trkpt lat="38.256859" lon="127.200971">
        <ele>211.0</ele>
      </trkpt>
      <trkpt lat="38.256904" lon="127.200961">
        <ele>211.0</ele>
      </trkpt>
      <trkpt lat="38.256948" lon="127.200951">
        <ele>211.0</ele>
      </trkpt>
      <trkpt lat="38.256992" lon="127.200941">
        <ele>211.0</ele>
      </trkpt>
      <trkpt lat="38.257036" lon="127.200931">
        <ele>211.0</ele>
      </trkpt>
      <trkpt lat="38.257081" lon="127.200921">
        <ele>210.9</ele>
      </trkpt>
      <trkpt lat="38.257125" lon="127.200911">
        <ele>210.9</ele>
      </trkpt>
      <trkpt lat="38.257169" lon="127.200901">
        <ele>210.9</ele>
      </trkpt>
      <trkpt lat="38.257214" lon="127.200891">
        <ele>210.9</ele>
      </trkpt>
      <trkpt lat="38.257258" lon="127.200881">
        <ele>210.9</ele>
      </trkpt>
      <trkpt lat="38.257302" lon="127.200871">
        <ele>210.9</ele>
      </trkpt>
      <trkpt lat="38.257346" lon="127.200861">
        <ele>210.9</ele>
      </trkpt>
      <trkpt lat="38.257391" lon="127.200851">
        <ele>210.9</ele>
      </trkpt>
      <trkpt lat="38.257435" lon="127.200841">
        <ele>210.9</ele>
      </trkpt>
      <trkpt lat="38.257479" lon="127.200831">
        <ele>210.8</ele>
      </trkpt>
      <trkpt lat="38.257523" lon="127.200821">
        <ele>210.8</ele>
      </trkpt>
      <trkpt lat="38.257568" lon="127.200811">
        <ele>210.8</ele>
      </trkpt>
      <trkpt lat="38.257612" lon="127.200801">
        <ele>210.8</ele>
      </trkpt>
      <trkpt lat="38.257656" lon="127.200791">
        <ele>210.8</ele>
      </trkpt>
      <trkpt lat="38.257701" lon="127.200781">
        <ele>210.8</ele>
      </trkpt>
      <trkpt lat="38.257745" lon="127.200771">
        <ele>210.8</ele>
      </trkpt>
      <trkpt lat="38.257789" lon="127.200761">
        <ele>210.8</ele>
      </trkpt>
      <trkpt lat="38.257833" lon="127.200751">
        <ele>210.7</ele>
      </trkpt>
      <trkpt lat="38.257878" lon="127.200741">
        <ele>210.7</ele>
      </trkpt>
      <trkpt lat="38.257922" lon="127.200731">
        <ele>210.7</ele>
      </trkpt>
      <trkpt lat="38.257966" lon="127.200721">
        <ele>210.7</ele>
      </trkpt>
      <trkpt lat="38.258010" lon="127.200711">
        <ele>210.7</ele>
      </trkpt>
      <trkpt lat="38.258055" lon="127.200701">
        <ele>210.7</ele>
      </trkpt>
      <trkpt lat="38.258099" lon="127.200691">
        <ele>210.7</ele>
      </trkpt>
      <trkpt lat="38.258143" lon="127.200681">
        <ele>210.7</ele>
      </trkpt>
      <trkpt lat="38.258188" lon="127.200671">
        <ele>210.7</ele>
      </trkpt>
      <trkpt lat="38.258232" lon="127.200661">
        <ele>210.6</ele>
      </trkpt>
      <trkpt lat="38.258276" lon="127.200651">
        <ele>210.6</ele>
      </trkpt>
      <trkpt lat="38.258320" lon="127.200641">
        <ele>210.6</ele>
      </trkpt>
      <trkpt lat="38.258365" lon="127.200631">
        <ele>210.6</ele>
      </trkpt>
      <trkpt lat="38.258409" lon="127.200621">
        <ele>210.6</ele>
      </trkpt>
      <trkpt lat="38.258453" lon="127.200611">
        <ele>210.6</ele>
      </trkpt>
      <trkpt lat="38.258497" lon="127.200601">
        <ele>210.6</ele>
      </trkpt>
      <trkpt lat="38.258542" lon="127.200591">
        <ele>210.6</ele>
      </trkpt>
      <trkpt lat="38.258586" lon="127.200581">
        <ele>210.6</ele>
      </trkpt>
      <trkpt lat="38.258630" lon="127.200571">
        <ele>210.5</ele>
      </trkpt>
      <trkpt lat="38.258675" lon="127.200561">
        <ele>210.5</ele>
      </trkpt>
      <trkpt lat="38.258719" lon="127.200551">
        <ele>210.5</ele>
      </trkpt>
      <trkpt lat="38.258763" lon="127.200541">
        <ele>210.5</ele>
      </trkpt>
      <trkpt lat="38.258807" lon="127.200531">
        <ele>210.5</ele>
      </trkpt>
      <trkpt lat="38.258852" lon="127.200521">
        <ele>210.5</ele>
      </trkpt>
      <trkpt lat="38.258896" lon="127.200511">
        <ele>210.5</ele>
      </trkpt>
      <trkpt lat="38.258940" lon="127.200501">
        <ele>210.5</ele>
      </trkpt>
      <trkpt lat="38.258985" lon="127.200491">
        <ele>210.5</ele>
      </trkpt>
      <trkpt lat="38.259029" lon="127.200481">
        <ele>210.4</ele>
      </trkpt>
      <trkpt lat="38.259073" lon="127.200471">
        <ele>210.4</ele>
      </trkpt>
      <trkpt lat="38.259117" lon="127.200461">
        <ele>210.4</ele>
      </trkpt>
      <trkpt lat="38.259162" lon="127.200451">
        <ele>210.4</ele>
      </trkpt>
      <trkpt lat="38.259206" lon="127.200441">
        <ele>210.4</ele>
      </trkpt>
      <trkpt lat="38.259250" lon="127.200431">
        <ele>210.4</ele>
      </trkpt>
      <trkpt lat="38.259294" lon="127.200421">
        <ele>210.4</ele>
      </trkpt>
      <trkpt lat="38.259339" lon="127.200411">
        <ele>210.4</ele>
      </trkpt>
      <trkpt lat="38.259383" lon="127.200401">
        <ele>210.4</ele>
      </trkpt>
      <trkpt lat="38.259427" lon="127.200391">
        <ele>210.3</ele>
      </trkpt>
      <trkpt lat="38.259472" lon="127.200381">
        <ele>210.3</ele>
      </trkpt>
      <trkpt lat="38.259516" lon="127.200371">
        <ele>210.3</ele>
      </trkpt>
      <trkpt lat="38.259560" lon="127.200361">
        <ele>210.3</ele>
      </trkpt>
      <trkpt lat="38.259604" lon="127.200351">
        <ele>210.3</ele>
      </trkpt>
      <trkpt lat="38.259649" lon="127.200341">
        <ele>210.3</ele>
      </trkpt>
      <trkpt lat="38.259693" lon="127.200331">
        <ele>210.3</ele>
      </trkpt>
      <trkpt lat="38.259737" lon="127.200321">
        <ele>210.3</ele>
      </trkpt>
      <trkpt lat="38.259781" lon="127.200311">
        <ele>210.2</ele>
      </trkpt>
      <trkpt lat="38.259826" lon="127.200301">
        <ele>210.2</ele>
      </trkpt>
      <trkpt lat="38.259870" lon="127.200291">
        <ele>210.2</ele>
      </trkpt>
      <trkpt lat="38.259914" lon="127.200281">
        <ele>210.2</ele>
      </trkpt>
      <trkpt lat="38.259959" lon="127.200271">
        <ele>210.2</ele>
      </trkpt>
      <trkpt lat="38.260003" lon="127.200261">
        <ele>210.2</ele>
      </trkpt>
      <trkpt lat="38.260047" lon="127.200251">
        <ele>210.2</ele>
      </trkpt>
      <trkpt lat="38.260091" lon="127.200241">
        <ele>210.2</ele>
      </trkpt>
      <trkpt lat="38.260136" lon="127.200231">
        <ele>210.2</ele>
      </trkpt>
      <trkpt lat="38.260180" lon="127.200221">
        <ele>210.1</ele>
      </trkpt>
      <trkpt lat="38.260224" lon="127.200211">
        <ele>210.1</ele>
      </trkpt>
      <trkpt lat="38.260269" lon="127.200201">
        <ele>210.1</ele>
      </trkpt>
      <trkpt lat="38.260313" lon="127.200191">
        <ele>210.1</ele>
      </trkpt>
      <trkpt lat="38.260357" lon="127.200181">
        <ele>210.1</ele>
      </trkpt>
      <trkpt lat="38.260401" lon="127.200171">
        <ele>210.1</ele>
      </trkpt>
      <trkpt lat="38.260446" lon="127.200161">
        <ele>210.1</ele>
      </trkpt>
      <trkpt lat="38.260490" lon="127.200151">
        <ele>210.1</ele>
      </trkpt>
      <trkpt lat="38.260534" lon="127.200141">
        <ele>210.1</ele>
      </trkpt>
      <trkpt lat="38.260578" lon="127.200131">
        <ele>210.0</ele>
      </trkpt>
      <trkpt lat="38.260623" lon="127.200121">
        <ele>210.0</ele>
      </trkpt>
      <trkpt lat="38.260667" lon="127.200111">
        <ele>210.0</ele>
      </trkpt>
      <trkpt lat="38.260711" lon="127.200101">
        <ele>210.0</ele>
      </trkpt>
      <trkpt lat="38.260756" lon="127.200091">
        <ele>210.0</ele>
      </trkpt>
      <trkpt lat="38.260800" lon="127.200081">
        <ele>210.0</ele>
      </trkpt>
      <trkpt lat="38.260844" lon="127.200071">
        <ele>210.0</ele>
      </trkpt>
      <trkpt lat="38.260888" lon="127.200061">
        <ele>210.0</ele>
      </trkpt>
      <trkpt lat="38.260933" lon="127.200051">
        <ele>210.0</ele>
      </trkpt>
      <trkpt lat="38.260977" lon="127.200041">
        <ele>209.9</ele>
      </trkpt>
      <trkpt lat="38.261021" lon="127.200031">
        <ele>209.9</ele>
      </trkpt>
      <trkpt lat="38.261065" lon="127.200021">
        <ele>209.9</ele>
      </trkpt>
      <trkpt lat="38.261110" lon="127.200011">
        <ele>209.9</ele>
      </trkpt>
      <trkpt lat="38.261154" lon="127.200001">
        <ele>209.9</ele>
      </trkpt>
      <trkpt lat="38.261198" lon="127.199991">
        <ele>209.9</ele>
      </trkpt>
      <trkpt lat="38.261243" lon="127.199981">
        <ele>209.9</ele>
      </trkpt>
      <trkpt lat="38.261287" lon="127.199971">
        <ele>209.9</ele>
      </trkpt>
      <trkpt lat="38.261331" lon="127.199961">
        <ele>209.9</ele>
      </trkpt>
      <trkpt lat="38.261375" lon="127.199951">
        <ele>209.8</ele>
      </trkpt>
      <trkpt lat="38.261420" lon="127.199941">
        <ele>209.8</ele>
      </trkpt>
      <trkpt lat="38.261464" lon="127.199931">
        <ele>209.8</ele>
      </trkpt>
      <trkpt lat="38.261508" lon="127.199921">
        <ele>209.8</ele>
      </trkpt>
      <trkpt lat="38.261552" lon="127.199911">
        <ele>209.8</ele>
      </trkpt>
      <trkpt lat="38.261597" lon="127.199901">
        <ele>209.8</ele>
      </trkpt>
      <trkpt lat="38.261641" lon="127.199891">
        <ele>209.8</ele>
      </trkpt>
      <trkpt lat="38.261685" lon="127.199881">
        <ele>209.8</ele>
      </trkpt>
      <trkpt lat="38.261730" lon="127.199871">
        <ele>209.8</ele>
      </trkpt>
      <trkpt lat="38.261774" lon="127.199861">
        <ele>209.7</ele>
      </trkpt>
      <trkpt lat="38.261818" lon="127.199851">
        <ele>209.7</ele>
      </trkpt>
      <trkpt lat="38.261862" lon="127.199841">
        <ele>209.7</ele>
      </trkpt>
      <trkpt lat="38.261907" lon="127.199831">
        <ele>209.7</ele>
      </trkpt>
      <trkpt lat="38.261951" lon="127.199821">
        <ele>209.7</ele>
      </trkpt>
      <trkpt lat="38.261995" lon="127.199811">
        <ele>209.7</ele>
      </trkpt>
      <trkpt lat="38.262040" lon="127.199801">
        <ele>209.7</ele>
      </trkpt>
      <trkpt lat="38.262084" lon="127.199791">
        <ele>209.7</ele>
      </trkpt>
      <trkpt lat="38.262128" lon="127.199781">
        <ele>209.6</ele>
      </trkpt>
      <trkpt lat="38.262172" lon="127.199771">
        <ele>209.6</ele>
      </trkpt>
      <trkpt lat="38.262217" lon="127.199761">
        <ele>209.6</ele>
      </trkpt>
      <trkpt lat="38.262261" lon="127.199751">
        <ele>209.6</ele>
      </trkpt>
      <trkpt lat="38.262305" lon="127.199741">
        <ele>209.6</ele>
      </trkpt>
      <trkpt lat="38.262349" lon="127.199731">
        <ele>209.6</ele>
      </trkpt>
      <trkpt lat="38.262394" lon="127.199721">
        <ele>209.6</ele>
      </trkpt>
      <trkpt lat="38.262438" lon="127.199711">
        <ele>209.6</ele>
      </trkpt>
      <trkpt lat="38.262482" lon="127.199701">
        <ele>209.6</ele>
      </trkpt>
      <trkpt lat="38.262527" lon="127.199691">
        <ele>209.5</ele>
      </trkpt>
      <trkpt lat="38.262571" lon="127.199681">
        <ele>209.5</ele>
      </trkpt>
      <trkpt lat="38.262615" lon="127.199671">
        <ele>209.5</ele>
      </trkpt>
      <trkpt lat="38.262659" lon="127.199661">
        <ele>209.5</ele>
      </trkpt>
      <trkpt lat="38.262704" lon="127.199651">
        <ele>209.5</ele>
      </trkpt>
      <trkpt lat="38.262748" lon="127.199641">
        <ele>209.5</ele>
      </trkpt>
      <trkpt lat="38.262792" lon="127.199631">
        <ele>209.5</ele>
      </trkpt>
      <trkpt lat="38.262836" lon="127.199621">
        <ele>209.5</ele>
      </trkpt>
      <trkpt lat="38.262881" lon="127.199611">
        <ele>209.5</ele>
      </trkpt>
      <trkpt lat="38.262925" lon="127.199601">
        <ele>209.4</ele>
      </trkpt>
      <trkpt lat="38.262969" lon="127.199591">
        <ele>209.4</ele>
      </trkpt>
      <trkpt lat="38.263014" lon="127.199581">
        <ele>209.4</ele>
      </trkpt>
      <trkpt lat="38.263058" lon="127.199571">
        <ele>209.4</ele>
      </trkpt>
      <trkpt lat="38.263102" lon="127.199561">
        <ele>209.4</ele>
      </trkpt>
      <trkpt lat="38.263146" lon="127.199551">
        <ele>209.4</ele>
      </trkpt>
      <trkpt lat="38.263191" lon="127.199541">
        <ele>209.4</ele>
      </trkpt>
      <trkpt lat="38.263235" lon="127.199531">
        <ele>209.4</ele>
      </trkpt>
      <trkpt lat="38.263279" lon="127.199521">
        <ele>209.4</ele>
      </trkpt>
      <trkpt lat="38.263324" lon="127.199511">
        <ele>209.3</ele>
      </trkpt>
      <trkpt lat="38.263368" lon="127.199501">
        <ele>209.3</ele>
      </trkpt>
      <trkpt lat="38.263412" lon="127.199491">
        <ele>209.3</ele>
      </trkpt>
      <trkpt lat="38.263456" lon="127.199481">
        <ele>209.3</ele>
      </trkpt>
      <trkpt lat="38.263501" lon="127.199471">
        <ele>209.3</ele>
      </trkpt>
      <trkpt lat="38.263545" lon="127.199461">
        <ele>209.3</ele>
      </trkpt>
      <trkpt lat="38.263589" lon="127.199451">
        <ele>209.3</ele>
      </trkpt>
      <trkpt lat="38.263633" lon="127.199441">
        <ele>209.3</ele>
      </trkpt>
      <trkpt lat="38.263678" lon="127.199431">
        <ele>209.3</ele>
      </trkpt>
      <trkpt lat="38.263722" lon="127.199421">
        <ele>209.2</ele>
      </trkpt>
      <trkpt lat="38.263766" lon="127.199411">
        <ele>209.2</ele>
      </trkpt>
      <trkpt lat="38.263811" lon="127.199401">
        <ele>209.2</ele>
      </trkpt>
      <trkpt lat="38.263855" lon="127.199391">
        <ele>209.2</ele>
      </trkpt>
      <trkpt lat="38.263899" lon="127.199381">
        <ele>209.2</ele>
      </trkpt>
      <trkpt lat="38.263943" lon="127.199371">
        <ele>209.2</ele>
      </trkpt>
      <trkpt lat="38.263988" lon="127.199361">
        <ele>209.2</ele>
      </trkpt>
      <trkpt lat="38.264032" lon="127.199351">
        <ele>209.2</ele>
      </trkpt>
      <trkpt lat="38.264076" lon="127.199341">
        <ele>209.1</ele>
      </trkpt>
      <trkpt lat="38.264120" lon="127.199331">
        <ele>209.1</ele>
      </trkpt>
      <trkpt lat="38.264165" lon="127.199321">
        <ele>209.1</ele>
      </trkpt>
      <trkpt lat="38.264209" lon="127.199311">
        <ele>209.1</ele>
      </trkpt>
      <trkpt lat="38.264253" lon="127.199301">
        <ele>209.1</ele>
      </trkpt>
      <trkpt lat="38.264298" lon="127.199291">
        <ele>209.1</ele>
      </trkpt>
      <trkpt lat="38.264342" lon="127.199281">
        <ele>209.1</ele>
      </trkpt>
      <trkpt lat="38.264386" lon="127.199271">
        <ele>209.1</ele>
      </trkpt>
      <trkpt lat="38.264430" lon="127.199261">
        <ele>209.1</ele>
      </trkpt>
      <trkpt lat="38.264475" lon="127.199251">
        <ele>209.0</ele>
      </trkpt>
      <trkpt lat="38.264519" lon="127.199241">
        <ele>209.0</ele>
      </trkpt>
      <trkpt lat="38.264563" lon="127.199231">
        <ele>209.0</ele>
      </trkpt>
      <trkpt lat="38.264607" lon="127.199221">
        <ele>209.0</ele>
      </trkpt>
      <trkpt lat="38.264652" lon="127.199211">
        <ele>209.0</ele>
      </trkpt>
      <trkpt lat="38.264696" lon="127.199201">
        <ele>209.0</ele>
      </trkpt>
      <trkpt lat="38.264740" lon="127.199191">
        <ele>209.0</ele>
      </trkpt>
      <trkpt lat="38.264785" lon="127.199181">
        <ele>209.0</ele>
      </trkpt>
      <trkpt lat="38.264829" lon="127.199171">
        <ele>209.0</ele>
      </trkpt>
      <trkpt lat="38.264873" lon="127.199161">
        <ele>208.9</ele>
      </trkpt>
      <trkpt lat="38.264917" lon="127.199151">
        <ele>208.9</ele>
      </trkpt>
      <trkpt lat="38.264962" lon="127.199141">
        <ele>208.9</ele>
      </trkpt>
      <trkpt lat="38.265006" lon="127.199131">
        <ele>208.9</ele>
      </trkpt>
      <trkpt lat="38.265050" lon="127.199121">
        <ele>208.9</ele>
      </trkpt>
      <trkpt lat="38.265095" lon="127.199111">
        <ele>208.9</ele>
      </trkpt>
      <trkpt lat="38.265139" lon="127.199101">
        <ele>208.9</ele>
      </trkpt>
      <trkpt lat="38.265183" lon="127.199091">
        <ele>208.9</ele>
      </trkpt>
      <trkpt lat="38.265227" lon="127.199081">
        <ele>208.9</ele>
      </trkpt>
      <trkpt lat="38.265272" lon="127.199071">
        <ele>208.8</ele>
      </trkpt>
      <trkpt lat="38.265316" lon="127.199061">
        <ele>208.8</ele>
      </trkpt>
      <trkpt lat="38.265360" lon="127.199051">
        <ele>208.8</ele>
      </trkpt>
      <trkpt lat="38.265404" lon="127.199041">
        <ele>208.8</ele>
      </trkpt>
      <trkpt lat="38.265449" lon="127.199031">
        <ele>208.8</ele>
      </trkpt>
      <trkpt lat="38.265493" lon="127.199021">
        <ele>208.8</ele>
      </trkpt>
      <trkpt lat="38.265537" lon="127.199010">
        <ele>208.8</ele>
      </trkpt>
      <trkpt lat="38.265581" lon="127.199000">
        <ele>208.7</ele>
      </trkpt>
      <trkpt lat="38.265626" lon="127.198989">
        <ele>208.6</ele>
      </trkpt>
      <trkpt lat="38.265670" lon="127.198978">
        <ele>208.5</ele>
      </trkpt>
      <trkpt lat="38.265714" lon="127.198968">
        <ele>208.5</ele>
      </trkpt>
      <trkpt lat="38.265758" lon="127.198957">
        <ele>208.4</ele>
      </trkpt>
      <trkpt lat="38.265802" lon="127.198946">
        <ele>208.3</ele>
      </trkpt>
      <trkpt lat="38.265846" lon="127.198936">
        <ele>208.2</ele>
      </trkpt>
      <trkpt lat="38.265891" lon="127.198925">
        <ele>208.2</ele>
      </trkpt>
      <trkpt lat="38.265935" lon="127.198914">
        <ele>208.1</ele>
      </trkpt>
      <trkpt lat="38.265979" lon="127.198904">
        <ele>208.0</ele>
      </trkpt>
      <trkpt lat="38.266023" lon="127.198893">
        <ele>208.0</ele>
      </trkpt>
      <trkpt lat="38.266067" lon="127.198882">
        <ele>207.9</ele>
      </trkpt>
      <trkpt lat="38.266111" lon="127.198872">
        <ele>207.8</ele>
      </trkpt>
      <trkpt lat="38.266156" lon="127.198861">
        <ele>207.7</ele>
      </trkpt>
      <trkpt lat="38.266200" lon="127.198850">
        <ele>207.7</ele>
      </trkpt>
      <trkpt lat="38.266244" lon="127.198839">
        <ele>207.6</ele>
      </trkpt>
      <trkpt lat="38.266288" lon="127.198829">
        <ele>207.5</ele>
      </trkpt>
      <trkpt lat="38.266332" lon="127.198818">
        <ele>207.4</ele>
      </trkpt>
      <trkpt lat="38.266377" lon="127.198807">
        <ele>207.4</ele>
      </trkpt>
      <trkpt lat="38.266421" lon="127.198797">
        <ele>207.3</ele>
      </trkpt>
      <trkpt lat="38.266465" lon="127.198786">
        <ele>207.2</ele>
      </trkpt>
      <trkpt lat="38.266509" lon="127.198775">
        <ele>207.1</ele>
      </trkpt>
      <trkpt lat="38.266553" lon="127.198765">
        <ele>207.1</ele>
      </trkpt>
      <trkpt lat="38.266597" lon="127.198754">
        <ele>207.0</ele>
      </trkpt>
      <trkpt lat="38.266642" lon="127.198743">
        <ele>206.9</ele>
      </trkpt>
      <trkpt lat="38.266686" lon="127.198733">
        <ele>206.9</ele>
      </trkpt>
      <trkpt lat="38.266730" lon="127.198722">
        <ele>206.8</ele>
      </trkpt>
      <trkpt lat="38.266774" lon="127.198711">
        <ele>206.7</ele>
      </trkpt>
      <trkpt lat="38.266818" lon="127.198701">
        <ele>206.6</ele>
      </trkpt>
      <trkpt lat="38.266862" lon="127.198690">
        <ele>206.6</ele>
      </trkpt>
      <trkpt lat="38.266907" lon="127.198679">
        <ele>206.5</ele>
      </trkpt>
      <trkpt lat="38.266951" lon="127.198669">
        <ele>206.4</ele>
      </trkpt>
      <trkpt lat="38.266995" lon="127.198658">
        <ele>206.3</ele>
      </trkpt>
      <trkpt lat="38.267039" lon="127.198647">
        <ele>206.3</ele>
      </trkpt>
      <trkpt lat="38.267083" lon="127.198636">
        <ele>206.2</ele>
      </trkpt>
      <trkpt lat="38.267128" lon="127.198626">
        <ele>206.1</ele>
      </trkpt>
      <trkpt lat="38.267172" lon="127.198615">
        <ele>206.0</ele>
      </trkpt>
      <trkpt lat="38.267216" lon="127.198604">
        <ele>206.0</ele>
      </trkpt>
      <trkpt lat="38.267260" lon="127.198594">
        <ele>205.9</ele>
      </trkpt>
      <trkpt lat="38.267304" lon="127.198583">
        <ele>205.8</ele>
      </trkpt>
      <trkpt lat="38.267348" lon="127.198572">
        <ele>205.8</ele>
      </trkpt>
      <trkpt lat="38.267393" lon="127.198562">
        <ele>205.7</ele>
      </trkpt>
      <trkpt lat="38.267437" lon="127.198551">
        <ele>205.6</ele>
      </trkpt>
      <trkpt lat="38.267481" lon="127.198540">
        <ele>205.5</ele>
      </trkpt>
      <trkpt lat="38.267525" lon="127.198530">
        <ele>205.5</ele>
      </trkpt>
      <trkpt lat="38.267569" lon="127.198519">
        <ele>205.4</ele>
      </trkpt>
      <trkpt lat="38.267613" lon="127.198508">
        <ele>205.3</ele>
      </trkpt>
      <trkpt lat="38.267658" lon="127.198498">
        <ele>205.2</ele>
      </trkpt>
      <trkpt lat="38.267702" lon="127.198487">
        <ele>205.2</ele>
      </trkpt>
      <trkpt lat="38.267746" lon="127.198476">
        <ele>205.1</ele>
      </trkpt>
      <trkpt lat="38.267790" lon="127.198465">
        <ele>205.0</ele>
      </trkpt>
      <trkpt lat="38.267834" lon="127.198455">
        <ele>205.0</ele>
      </trkpt>
      <trkpt lat="38.267879" lon="127.198444">
        <ele>204.9</ele>
      </trkpt>
      <trkpt lat="38.267923" lon="127.198433">
        <ele>204.8</ele>
      </trkpt>
      <trkpt lat="38.267967" lon="127.198423">
        <ele>204.7</ele>
      </trkpt>
      <trkpt lat="38.268011" lon="127.198412">
        <ele>204.7</ele>
      </trkpt>
      <trkpt lat="38.268055" lon="127.198401">
        <ele>204.6</ele>
      </trkpt>
      <trkpt lat="38.268099" lon="127.198391">
        <ele>204.5</ele>
      </trkpt>
      <trkpt lat="38.268144" lon="127.198380">
        <ele>204.4</ele>
      </trkpt>
      <trkpt lat="38.268188" lon="127.198369">
        <ele>204.4</ele>
      </trkpt>
      <trkpt lat="38.268232" lon="127.198359">
        <ele>204.3</ele>
      </trkpt>
      <trkpt lat="38.268276" lon="127.198348">
        <ele>204.2</ele>
      </trkpt>
      <trkpt lat="38.268320" lon="127.198337">
        <ele>204.1</ele>
      </trkpt>
      <trkpt lat="38.268364" lon="127.198327">
        <ele>204.1</ele>
      </trkpt>
      <trkpt lat="38.268409" lon="127.198316">
        <ele>204.0</ele>
      </trkpt>
      <trkpt lat="38.268453" lon="127.198305">
        <ele>203.9</ele>
      </trkpt>
      <trkpt lat="38.268497" lon="127.198295">
        <ele>203.9</ele>
      </trkpt>
      <trkpt lat="38.268541" lon="127.198284">
        <ele>203.8</ele>
      </trkpt>
      <trkpt lat="38.268585" lon="127.198273">
        <ele>203.7</ele>
      </trkpt>
      <trkpt lat="38.268630" lon="127.198262">
        <ele>203.6</ele>
      </trkpt>
      <trkpt lat="38.268674" lon="127.198252">
        <ele>203.6</ele>
      </trkpt>
      <trkpt lat="38.268718" lon="127.198241">
        <ele>203.5</ele>
      </trkpt>
      <trkpt lat="38.268762" lon="127.198230">
        <ele>203.6</ele>
      </trkpt>
      <trkpt lat="38.268806" lon="127.198220">
        <ele>203.7</ele>
      </trkpt>
      <trkpt lat="38.268850" lon="127.198209">
        <ele>203.8</ele>
      </trkpt>
      <trkpt lat="38.268895" lon="127.198198">
        <ele>203.9</ele>
      </trkpt>
      <trkpt lat="38.268939" lon="127.198187">
        <ele>204.0</ele>
      </trkpt>
      <trkpt lat="38.268983" lon="127.198177">
        <ele>204.1</ele>
      </trkpt>
      <trkpt lat="38.269027" lon="127.198166">
        <ele>204.2</ele>
      </trkpt>
      <trkpt lat="38.269071" lon="127.198155">
        <ele>204.3</ele>
      </trkpt>
      <trkpt lat="38.269115" lon="127.198145">
        <ele>204.3</ele>
      </trkpt>
      <trkpt lat="38.269160" lon="127.198134">
        <ele>204.4</ele>
      </trkpt>
      <trkpt lat="38.269204" lon="127.198123">
        <ele>204.5</ele>
      </trkpt>
      <trkpt lat="38.269248" lon="127.198112">
        <ele>204.6</ele>
      </trkpt>
      <trkpt lat="38.269292" lon="127.198102">
        <ele>204.7</ele>
      </trkpt>
      <trkpt lat="38.269336" lon="127.198091">
        <ele>204.8</ele>
      </trkpt>
      <trkpt lat="38.269380" lon="127.198080">
        <ele>204.9</ele>
      </trkpt>
      <trkpt lat="38.269425" lon="127.198069">
        <ele>205.0</ele>
      </trkpt>
      <trkpt lat="38.269469" lon="127.198059">
        <ele>205.1</ele>
      </trkpt>
      <trkpt lat="38.269513" lon="127.198048">
        <ele>205.2</ele>
      </trkpt>
      <trkpt lat="38.269557" lon="127.198037">
        <ele>205.3</ele>
      </trkpt>
      <trkpt lat="38.269601" lon="127.198026">
        <ele>205.4</ele>
      </trkpt>
      <trkpt lat="38.269645" lon="127.198016">
        <ele>205.5</ele>
      </trkpt>
      <trkpt lat="38.269690" lon="127.198005">
        <ele>205.5</ele>
      </trkpt>
      <trkpt lat="38.269734" lon="127.197994">
        <ele>205.6</ele>
      </trkpt>
      <trkpt lat="38.269778" lon="127.197984">
        <ele>205.7</ele>
      </trkpt>
      <trkpt lat="38.269822" lon="127.197973">
        <ele>205.8</ele>
      </trkpt>
      <trkpt lat="38.269866" lon="127.197962">
        <ele>205.9</ele>
      </trkpt>
      <trkpt lat="38.269910" lon="127.197951">
        <ele>206.0</ele>
      </trkpt>
      <trkpt lat="38.269955" lon="127.197941">
        <ele>206.1</ele>
      </trkpt>
      <trkpt lat="38.269999" lon="127.197930">
        <ele>206.2</ele>
      </trkpt>
      <trkpt lat="38.270043" lon="127.197919">
        <ele>206.3</ele>
      </trkpt>
      <trkpt lat="38.270087" lon="127.197908">
        <ele>206.4</ele>
      </trkpt>
      <trkpt lat="38.270131" lon="127.197898">
        <ele>206.5</ele>
      </trkpt>
      <trkpt lat="38.270175" lon="127.197887">
        <ele>206.6</ele>
      </trkpt>
      <trkpt lat="38.270220" lon="127.197876">
        <ele>206.7</ele>
      </trkpt>
      <trkpt lat="38.270264" lon="127.197866">
        <ele>206.7</ele>
      </trkpt>
      <trkpt lat="38.270308" lon="127.197855">
        <ele>206.8</ele>
      </trkpt>
      <trkpt lat="38.270352" lon="127.197844">
        <ele>206.9</ele>
      </trkpt>
      <trkpt lat="38.270396" lon="127.197833">
        <ele>207.0</ele>
      </trkpt>
      <trkpt lat="38.270440" lon="127.197823">
        <ele>207.1</ele>
      </trkpt>
      <trkpt lat="38.270485" lon="127.197812">
        <ele>207.2</ele>
      </trkpt>
      <trkpt lat="38.270529" lon="127.197801">
        <ele>207.3</ele>
      </trkpt>
      <trkpt lat="38.270573" lon="127.197790">
        <ele>207.4</ele>
      </trkpt>
      <trkpt lat="38.270617" lon="127.197780">
        <ele>207.5</ele>
      </trkpt>
      <trkpt lat="38.270661" lon="127.197768">
        <ele>207.5</ele>
      </trkpt>
      <trkpt lat="38.270705" lon="127.197755">
        <ele>207.5</ele>
      </trkpt>
      <trkpt lat="38.270749" lon="127.197743">
        <ele>207.5</ele>
      </trkpt>
      <trkpt lat="38.270793" lon="127.197730">
        <ele>207.4</ele>
      </trkpt>
      <trkpt lat="38.270837" lon="127.197718">
        <ele>207.4</ele>
      </trkpt>
      <trkpt lat="38.270881" lon="127.197706">
        <ele>207.4</ele>
      </trkpt>
      <trkpt lat="38.270925" lon="127.197693">
        <ele>207.4</ele>
      </trkpt>
      <trkpt lat="38.270968" lon="127.197681">
        <ele>207.4</ele>
      </trkpt>
      <trkpt lat="38.271012" lon="127.197668">
        <ele>207.4</ele>
      </trkpt>
      <trkpt lat="38.271056" lon="127.197656">
        <ele>207.4</ele>
      </trkpt>
      <trkpt lat="38.271100" lon="127.197644">
        <ele>207.3</ele>
      </trkpt>
      <trkpt lat="38.271144" lon="127.197631">
        <ele>207.3</ele>
      </trkpt>
      <trkpt lat="38.271188" lon="127.197619">
        <ele>207.3</ele>
      </trkpt>
      <trkpt lat="38.271232" lon="127.197607">
        <ele>207.3</ele>
      </trkpt>
      <trkpt lat="38.271276" lon="127.197597">
        <ele>207.3</ele>
      </trkpt>
      <trkpt lat="38.271320" lon="127.197587">
        <ele>207.2</ele>
      </trkpt>
      <trkpt lat="38.271365" lon="127.197576">
        <ele>207.2</ele>
      </trkpt>
      <trkpt lat="38.271409" lon="127.197566">
        <ele>207.2</ele>
      </trkpt>
      <trkpt lat="38.271453" lon="127.197556">
        <ele>207.2</ele>
      </trkpt>
      <trkpt lat="38.271497" lon="127.197545">
        <ele>207.2</ele>
      </trkpt>
      <trkpt lat="38.271542" lon="127.197535">
        <ele>207.1</ele>
      </trkpt>
      <trkpt lat="38.271586" lon="127.197525">
        <ele>207.1</ele>
      </trkpt>
      <trkpt lat="38.271630" lon="127.197514">
        <ele>207.1</ele>
      </trkpt>
      <trkpt lat="38.271674" lon="127.197504">
        <ele>207.1</ele>
      </trkpt>
      <trkpt lat="38.271719" lon="127.197494">
        <ele>207.0</ele>
      </trkpt>
      <trkpt lat="38.271763" lon="127.197483">
        <ele>207.0</ele>
      </trkpt>
      <trkpt lat="38.271807" lon="127.197473">
        <ele>207.0</ele>
      </trkpt>
      <trkpt lat="38.271851" lon="127.197462">
        <ele>207.0</ele>
      </trkpt>
      <trkpt lat="38.271895" lon="127.197450">
        <ele>207.1</ele>
      </trkpt>
      <trkpt lat="38.271939" lon="127.197438">
        <ele>207.2</ele>
      </trkpt>
      <trkpt lat="38.271983" lon="127.197427">
        <ele>207.2</ele>
      </trkpt>
      <trkpt lat="38.272027" lon="127.197415">
        <ele>207.3</ele>
      </trkpt>
      <trkpt lat="38.272064" lon="127.197388">
        <ele>207.3</ele>
      </trkpt>
      <trkpt lat="38.272096" lon="127.197347">
        <ele>207.3</ele>
      </trkpt>
      <trkpt lat="38.272116" lon="127.197321">
        <ele>207.3</ele>
      </trkpt>
      <trkpt lat="38.272148" lon="127.197281">
        <ele>207.3</ele>
      </trkpt>
      <trkpt lat="38.272180" lon="127.197240">
        <ele>207.3</ele>
      </trkpt>
      <trkpt lat="38.272212" lon="127.197200">
        <ele>207.3</ele>
      </trkpt>
      <trkpt lat="38.272242" lon="127.197158">
        <ele>207.3</ele>
      </trkpt>
      <trkpt lat="38.272271" lon="127.197114">
        <ele>207.3</ele>
      </trkpt>
      <trkpt lat="38.272300" lon="127.197070">
        <ele>207.2</ele>
      </trkpt>
      <trkpt lat="38.272328" lon="127.197026">
        <ele>207.2</ele>
      </trkpt>
      <trkpt lat="38.272357" lon="127.196982">
        <ele>207.2</ele>
      </trkpt>
      <trkpt lat="38.272386" lon="127.196938">
        <ele>207.2</ele>
      </trkpt>
      <trkpt lat="38.272415" lon="127.196894">
        <ele>207.2</ele>
      </trkpt>
      <trkpt lat="38.272444" lon="127.196850">
        <ele>207.1</ele>
      </trkpt>
      <trkpt lat="38.272472" lon="127.196806">
        <ele>207.1</ele>
      </trkpt>
      <trkpt lat="38.272501" lon="127.196762">
        <ele>207.1</ele>
      </trkpt>
      <trkpt lat="38.272530" lon="127.196718">
        <ele>207.1</ele>
      </trkpt>
      <trkpt lat="38.272559" lon="127.196674">
        <ele>207.0</ele>
      </trkpt>
      <trkpt lat="38.272588" lon="127.196630">
        <ele>207.0</ele>
      </trkpt>
      <trkpt lat="38.272617" lon="127.196586">
        <ele>207.0</ele>
      </trkpt>
      <trkpt lat="38.272645" lon="127.196542">
        <ele>207.0</ele>
      </trkpt>
      <trkpt lat="38.272674" lon="127.196498">
        <ele>207.0</ele>
      </trkpt>
      <trkpt lat="38.272703" lon="127.196454">
        <ele>206.9</ele>
      </trkpt>
      <trkpt lat="38.272732" lon="127.196410">
        <ele>206.9</ele>
      </trkpt>
      <trkpt lat="38.272761" lon="127.196366">
        <ele>206.9</ele>
      </trkpt>
      <trkpt lat="38.272789" lon="127.196322">
        <ele>206.9</ele>
      </trkpt>
      <trkpt lat="38.272818" lon="127.196278">
        <ele>206.9</ele>
      </trkpt>
      <trkpt lat="38.272847" lon="127.196234">
        <ele>206.8</ele>
      </trkpt>
      <trkpt lat="38.272876" lon="127.196190">
        <ele>206.8</ele>
      </trkpt>
      <trkpt lat="38.272911" lon="127.196155">
        <ele>206.8</ele>
      </trkpt>
      <trkpt lat="38.272949" lon="127.196125">
        <ele>206.7</ele>
      </trkpt>
      <trkpt lat="38.272987" lon="127.196095">
        <ele>206.6</ele>
      </trkpt>
      <trkpt lat="38.273026" lon="127.196065">
        <ele>206.5</ele>
      </trkpt>
      <trkpt lat="38.273068" lon="127.196051">
        <ele>206.5</ele>
      </trkpt>
      <trkpt lat="38.273113" lon="127.196045">
        <ele>206.4</ele>
      </trkpt>
      <trkpt lat="38.273157" lon="127.196038">
        <ele>206.4</ele>
      </trkpt>
      <trkpt lat="38.273202" lon="127.196032">
        <ele>206.3</ele>
      </trkpt>
      <trkpt lat="38.273240" lon="127.196033">
        <ele>206.3</ele>
      </trkpt>
      <trkpt lat="38.273284" lon="127.196045">
        <ele>206.3</ele>
      </trkpt>
      <trkpt lat="38.273328" lon="127.196057">
        <ele>206.3</ele>
      </trkpt>
      <trkpt lat="38.273372" lon="127.196072">
        <ele>206.3</ele>
      </trkpt>
      <trkpt lat="38.273412" lon="127.196096">
        <ele>206.3</ele>
      </trkpt>
      <trkpt lat="38.273453" lon="127.196121">
        <ele>206.3</ele>
      </trkpt>
      <trkpt lat="38.273494" lon="127.196145">
        <ele>206.3</ele>
      </trkpt>
      <trkpt lat="38.273534" lon="127.196169">
        <ele>206.3</ele>
      </trkpt>
      <trkpt lat="38.273575" lon="127.196194">
        <ele>206.3</ele>
      </trkpt>
      <trkpt lat="38.273614" lon="127.196223">
        <ele>206.4</ele>
      </trkpt>
      <trkpt lat="38.273651" lon="127.196255">
        <ele>206.4</ele>
      </trkpt>
      <trkpt lat="38.273688" lon="127.196288">
        <ele>206.5</ele>
      </trkpt>
      <trkpt lat="38.273725" lon="127.196320">
        <ele>206.6</ele>
      </trkpt>
      <trkpt lat="38.273762" lon="127.196353">
        <ele>206.7</ele>
      </trkpt>
      <trkpt lat="38.273799" lon="127.196386">
        <ele>206.8</ele>
      </trkpt>
      <trkpt lat="38.273835" lon="127.196418">
        <ele>206.9</ele>
      </trkpt>
      <trkpt lat="38.273872" lon="127.196452">
        <ele>207.0</ele>
      </trkpt>
      <trkpt lat="38.273908" lon="127.196486">
        <ele>207.0</ele>
      </trkpt>
      <trkpt lat="38.273944" lon="127.196521">
        <ele>207.0</ele>
      </trkpt>
      <trkpt lat="38.273979" lon="127.196556">
        <ele>207.0</ele>
      </trkpt>
      <trkpt lat="38.274015" lon="127.196591">
        <ele>207.0</ele>
      </trkpt>
      <trkpt lat="38.274051" lon="127.196625">
        <ele>207.0</ele>
      </trkpt>
      <trkpt lat="38.274087" lon="127.196660">
        <ele>207.0</ele>
      </trkpt>
      <trkpt lat="38.274122" lon="127.196695">
        <ele>207.0</ele>
      </trkpt>
      <trkpt lat="38.274158" lon="127.196730">
        <ele>207.0</ele>
      </trkpt>
      <trkpt lat="38.274194" lon="127.196764">
        <ele>207.0</ele>
      </trkpt>
      <trkpt lat="38.274230" lon="127.196799">
        <ele>207.0</ele>
      </trkpt>
      <trkpt lat="38.274265" lon="127.196834">
        <ele>207.0</ele>
      </trkpt>
      <trkpt lat="38.274301" lon="127.196868">
        <ele>207.0</ele>
      </trkpt>
      <trkpt lat="38.274337" lon="127.196903">
        <ele>206.9</ele>
      </trkpt>
      <trkpt lat="38.274373" lon="127.196938">
        <ele>206.9</ele>
      </trkpt>
      <trkpt lat="38.274408" lon="127.196973">
        <ele>206.9</ele>
      </trkpt>
      <trkpt lat="38.274444" lon="127.197007">
        <ele>206.9</ele>
      </trkpt>
      <trkpt lat="38.274480" lon="127.197042">
        <ele>206.9</ele>
      </trkpt>
      <trkpt lat="38.274516" lon="127.197077">
        <ele>206.9</ele>
      </trkpt>
      <trkpt lat="38.274551" lon="127.197112">
        <ele>206.9</ele>
      </trkpt>
      <trkpt lat="38.274587" lon="127.197146">
        <ele>206.9</ele>
      </trkpt>
      <trkpt lat="38.274623" lon="127.197181">
        <ele>206.9</ele>
      </trkpt>
      <trkpt lat="38.274659" lon="127.197216">
        <ele>206.9</ele>
      </trkpt>
      <trkpt lat="38.274695" lon="127.197250">
        <ele>206.9</ele>
      </trkpt>
      <trkpt lat="38.274730" lon="127.197285">
        <ele>206.9</ele>
      </trkpt>
      <trkpt lat="38.274766" lon="127.197320">
        <ele>206.9</ele>
      </trkpt>
      <trkpt lat="38.274802" lon="127.197355">
        <ele>206.9</ele>
      </trkpt>
      <trkpt lat="38.274838" lon="127.197389">
        <ele>206.9</ele>
      </trkpt>
      <trkpt lat="38.274873" lon="127.197424">
        <ele>206.9</ele>
      </trkpt>
      <trkpt lat="38.274909" lon="127.197459">
        <ele>206.9</ele>
      </trkpt>
      <trkpt lat="38.274945" lon="127.197494">
        <ele>206.9</ele>
      </trkpt>
      <trkpt lat="38.274981" lon="127.197528">
        <ele>206.9</ele>
      </trkpt>
      <trkpt lat="38.275016" lon="127.197563">
        <ele>206.9</ele>
      </trkpt>
      <trkpt lat="38.275052" lon="127.197598">
        <ele>206.9</ele>
      </trkpt>
      <trkpt lat="38.275088" lon="127.197632">
        <ele>206.9</ele>
      </trkpt>
      <trkpt lat="38.275124" lon="127.197667">
        <ele>206.9</ele>
      </trkpt>
      <trkpt lat="38.275159" lon="127.197702">
        <ele>206.9</ele>
      </trkpt>
      <trkpt lat="38.275195" lon="127.197737">
        <ele>206.9</ele>
      </trkpt>
      <trkpt lat="38.275231" lon="127.197771">
        <ele>206.8</ele>
      </trkpt>
      <trkpt lat="38.275267" lon="127.197806">
        <ele>206.8</ele>
      </trkpt>
      <trkpt lat="38.275302" lon="127.197841">
        <ele>206.8</ele>
      </trkpt>
      <trkpt lat="38.275338" lon="127.197876">
        <ele>206.8</ele>
      </trkpt>
      <trkpt lat="38.275374" lon="127.197910">
        <ele>206.8</ele>
      </trkpt>
      <trkpt lat="38.275410" lon="127.197945">
        <ele>206.8</ele>
      </trkpt>
      <trkpt lat="38.275445" lon="127.197980">
        <ele>206.8</ele>
      </trkpt>
      <trkpt lat="38.275481" lon="127.198014">
        <ele>206.8</ele>
      </trkpt>
      <trkpt lat="38.275517" lon="127.198049">
        <ele>206.8</ele>
      </trkpt>
      <trkpt lat="38.275553" lon="127.198084">
        <ele>206.8</ele>
      </trkpt>
      <trkpt lat="38.275588" lon="127.198119">
        <ele>206.8</ele>
      </trkpt>
      <trkpt lat="38.275624" lon="127.198153">
        <ele>206.8</ele>
      </trkpt>
      <trkpt lat="38.275660" lon="127.198188">
        <ele>206.8</ele>
      </trkpt>
      <trkpt lat="38.275667" lon="127.198190">
        <ele>206.8</ele>
      </trkpt>
      <trkpt lat="38.275698" lon="127.198225">
        <ele>206.8</ele>
      </trkpt>
      <trkpt lat="38.275732" lon="127.198220">
        <ele>206.8</ele>
      </trkpt>
      <trkpt lat="38.275765" lon="127.198180">
        <ele>206.7</ele>
      </trkpt>
      <trkpt lat="38.275797" lon="127.198140">
        <ele>206.6</ele>
      </trkpt>
      <trkpt lat="38.275830" lon="127.198100">
        <ele>206.6</ele>
      </trkpt>
      <trkpt lat="38.275862" lon="127.198061">
        <ele>206.5</ele>
      </trkpt>
      <trkpt lat="38.275894" lon="127.198021">
        <ele>206.4</ele>
      </trkpt>
      <trkpt lat="38.275927" lon="127.197981">
        <ele>206.4</ele>
      </trkpt>
      <trkpt lat="38.275959" lon="127.197941">
        <ele>206.3</ele>
      </trkpt>
      <trkpt lat="38.275992" lon="127.197902">
        <ele>206.3</ele>
      </trkpt>
      <trkpt lat="38.276024" lon="127.197862">
        <ele>206.2</ele>
      </trkpt>
      <trkpt lat="38.276056" lon="127.197822">
        <ele>206.1</ele>
      </trkpt>
      <trkpt lat="38.276089" lon="127.197783">
        <ele>206.1</ele>
      </trkpt>
      <trkpt lat="38.276121" lon="127.197743">
        <ele>206.0</ele>
      </trkpt>
      <trkpt lat="38.276154" lon="127.197703">
        <ele>205.9</ele>
      </trkpt>
      <trkpt lat="38.276186" lon="127.197663">
        <ele>205.9</ele>
      </trkpt>
      <trkpt lat="38.276218" lon="127.197624">
        <ele>205.8</ele>
      </trkpt>
      <trkpt lat="38.276251" lon="127.197585">
        <ele>206.0</ele>
      </trkpt>
      <trkpt lat="38.276284" lon="127.197546">
        <ele>206.1</ele>
      </trkpt>
      <trkpt lat="38.276317" lon="127.197507">
        <ele>206.3</ele>
      </trkpt>
      <trkpt lat="38.276350" lon="127.197468">
        <ele>206.4</ele>
      </trkpt>
      <trkpt lat="38.276383" lon="127.197429">
        <ele>206.6</ele>
      </trkpt>
      <trkpt lat="38.276416" lon="127.197390">
        <ele>206.7</ele>
      </trkpt>
      <trkpt lat="38.276449" lon="127.197352">
        <ele>206.9</ele>
      </trkpt>
      <trkpt lat="38.276482" lon="127.197313">
        <ele>207.0</ele>
      </trkpt>
      <trkpt lat="38.276515" lon="127.197274">
        <ele>207.2</ele>
      </trkpt>
      <trkpt lat="38.276549" lon="127.197235">
        <ele>207.3</ele>
      </trkpt>
      <trkpt lat="38.276582" lon="127.197196">
        <ele>207.5</ele>
      </trkpt>
      <trkpt lat="38.276615" lon="127.197157">
        <ele>207.6</ele>
      </trkpt>
      <trkpt lat="38.276648" lon="127.197118">
        <ele>207.8</ele>
      </trkpt>
      <trkpt lat="38.276682" lon="127.197082">
        <ele>207.7</ele>
      </trkpt>
      <trkpt lat="38.276718" lon="127.197046">
        <ele>207.6</ele>
      </trkpt>
      <trkpt lat="38.276753" lon="127.197011">
        <ele>207.4</ele>
      </trkpt>
      <trkpt lat="38.276788" lon="127.196976">
        <ele>207.3</ele>
      </trkpt>
      <trkpt lat="38.276824" lon="127.196940">
        <ele>207.1</ele>
      </trkpt>
      <trkpt lat="38.276859" lon="127.196905">
        <ele>207.0</ele>
      </trkpt>
      <trkpt lat="38.276894" lon="127.196870">
        <ele>206.9</ele>
      </trkpt>
      <trkpt lat="38.276930" lon="127.196834">
        <ele>206.7</ele>
      </trkpt>
      <trkpt lat="38.276965" lon="127.196799">
        <ele>206.6</ele>
      </trkpt>
      <trkpt lat="38.277001" lon="127.196763">
        <ele>206.4</ele>
      </trkpt>
      <trkpt lat="38.277036" lon="127.196728">
        <ele>206.3</ele>
      </trkpt>
      <trkpt lat="38.277071" lon="127.196693">
        <ele>206.2</ele>
      </trkpt>
      <trkpt lat="38.277107" lon="127.196657">
        <ele>206.0</ele>
      </trkpt>
      <trkpt lat="38.277142" lon="127.196622">
        <ele>205.9</ele>
      </trkpt>
      <trkpt lat="38.277177" lon="127.196587">
        <ele>205.8</ele>
      </trkpt>
      <trkpt lat="38.277213" lon="127.196551">
        <ele>205.6</ele>
      </trkpt>
      <trkpt lat="38.277249" lon="127.196518">
        <ele>205.1</ele>
      </trkpt>
      <trkpt lat="38.277259" lon="127.196542">
        <ele>205.6</ele>
      </trkpt>
      <trkpt lat="38.277294" lon="127.196579">
        <ele>205.8</ele>
      </trkpt>
      <trkpt lat="38.277328" lon="127.196616">
        <ele>206.0</ele>
      </trkpt>
      <trkpt lat="38.277363" lon="127.196652">
        <ele>206.2</ele>
      </trkpt>
      <trkpt lat="38.277397" lon="127.196689">
        <ele>206.4</ele>
      </trkpt>
      <trkpt lat="38.277432" lon="127.196725">
        <ele>206.7</ele>
      </trkpt>
      <trkpt lat="38.277467" lon="127.196762">
        <ele>206.9</ele>
      </trkpt>
      <trkpt lat="38.277501" lon="127.196799">
        <ele>207.1</ele>
      </trkpt>
      <trkpt lat="38.277536" lon="127.196835">
        <ele>207.3</ele>
      </trkpt>
      <trkpt lat="38.277570" lon="127.196872">
        <ele>207.5</ele>
      </trkpt>
      <trkpt lat="38.277605" lon="127.196909">
        <ele>207.7</ele>
      </trkpt>
      <trkpt lat="38.277639" lon="127.196945">
        <ele>207.9</ele>
      </trkpt>
      <trkpt lat="38.277674" lon="127.196982">
        <ele>208.1</ele>
      </trkpt>
      <trkpt lat="38.277709" lon="127.197018">
        <ele>208.3</ele>
      </trkpt>
      <trkpt lat="38.277743" lon="127.197055">
        <ele>208.5</ele>
      </trkpt>
      <trkpt lat="38.277778" lon="127.197092">
        <ele>208.7</ele>
      </trkpt>
      <trkpt lat="38.277812" lon="127.197128">
        <ele>209.0</ele>
      </trkpt>
      <trkpt lat="38.277847" lon="127.197165">
        <ele>209.2</ele>
      </trkpt>
      <trkpt lat="38.277881" lon="127.197202">
        <ele>209.4</ele>
      </trkpt>
      <trkpt lat="38.277916" lon="127.197238">
        <ele>209.6</ele>
      </trkpt>
      <trkpt lat="38.277951" lon="127.197275">
        <ele>209.8</ele>
      </trkpt>
      <trkpt lat="38.277985" lon="127.197311">
        <ele>210.0</ele>
      </trkpt>
      <trkpt lat="38.278020" lon="127.197348">
        <ele>210.2</ele>
      </trkpt>
      <trkpt lat="38.278054" lon="127.197385">
        <ele>210.4</ele>
      </trkpt>
      <trkpt lat="38.278089" lon="127.197421">
        <ele>210.6</ele>
      </trkpt>
      <trkpt lat="38.278123" lon="127.197458">
        <ele>210.8</ele>
      </trkpt>
      <trkpt lat="38.278158" lon="127.197495">
        <ele>211.0</ele>
      </trkpt>
      <trkpt lat="38.278193" lon="127.197531">
        <ele>211.3</ele>
      </trkpt>
      <trkpt lat="38.278228" lon="127.197567">
        <ele>211.3</ele>
      </trkpt>
      <trkpt lat="38.278263" lon="127.197602">
        <ele>211.3</ele>
      </trkpt>
      <trkpt lat="38.278299" lon="127.197637">
        <ele>211.2</ele>
      </trkpt>
      <trkpt lat="38.278334" lon="127.197673">
        <ele>211.2</ele>
      </trkpt>
      <trkpt lat="38.278369" lon="127.197708">
        <ele>211.2</ele>
      </trkpt>
      <trkpt lat="38.278405" lon="127.197743">
        <ele>211.2</ele>
      </trkpt>
      <trkpt lat="38.278440" lon="127.197779">
        <ele>211.2</ele>
      </trkpt>
      <trkpt lat="38.278476" lon="127.197814">
        <ele>211.1</ele>
      </trkpt>
      <trkpt lat="38.278511" lon="127.197849">
        <ele>211.1</ele>
      </trkpt>
      <trkpt lat="38.278546" lon="127.197885">
        <ele>211.1</ele>
      </trkpt>
      <trkpt lat="38.278582" lon="127.197920">
        <ele>211.1</ele>
      </trkpt>
      <trkpt lat="38.278617" lon="127.197955">
        <ele>211.1</ele>
      </trkpt>
      <trkpt lat="38.278653" lon="127.197991">
        <ele>211.0</ele>
      </trkpt>
      <trkpt lat="38.278688" lon="127.198026">
        <ele>211.0</ele>
      </trkpt>
      <trkpt lat="38.278723" lon="127.198061">
        <ele>211.0</ele>
      </trkpt>
      <trkpt lat="38.278759" lon="127.198097">
        <ele>211.0</ele>
      </trkpt>
      <trkpt lat="38.278794" lon="127.198132">
        <ele>211.0</ele>
      </trkpt>
      <trkpt lat="38.278830" lon="127.198167">
        <ele>211.0</ele>
      </trkpt>
      <trkpt lat="38.278865" lon="127.198203">
        <ele>210.9</ele>
      </trkpt>
      <trkpt lat="38.278900" lon="127.198238">
        <ele>210.9</ele>
      </trkpt>
      <trkpt lat="38.278936" lon="127.198273">
        <ele>210.9</ele>
      </trkpt>
      <trkpt lat="38.278971" lon="127.198309">
        <ele>210.9</ele>
      </trkpt>
      <trkpt lat="38.279007" lon="127.198344">
        <ele>210.9</ele>
      </trkpt>
      <trkpt lat="38.279042" lon="127.198379">
        <ele>210.8</ele>
      </trkpt>
      <trkpt lat="38.279077" lon="127.198414">
        <ele>210.8</ele>
      </trkpt>
      <trkpt lat="38.279113" lon="127.198450">
        <ele>210.9</ele>
      </trkpt>
      <trkpt lat="38.279149" lon="127.198484">
        <ele>211.2</ele>
      </trkpt>
      <trkpt lat="38.279185" lon="127.198518">
        <ele>211.6</ele>
      </trkpt>
      <trkpt lat="38.279221" lon="127.198553">
        <ele>211.9</ele>
      </trkpt>
      <trkpt lat="38.279257" lon="127.198587">
        <ele>212.2</ele>
      </trkpt>
      <trkpt lat="38.279293" lon="127.198622">
        <ele>212.6</ele>
      </trkpt>
      <trkpt lat="38.279329" lon="127.198656">
        <ele>212.9</ele>
      </trkpt>
      <trkpt lat="38.279365" lon="127.198691">
        <ele>213.3</ele>
      </trkpt>
      <trkpt lat="38.279400" lon="127.198725">
        <ele>213.6</ele>
      </trkpt>
      <trkpt lat="38.279436" lon="127.198759">
        <ele>214.0</ele>
      </trkpt>
      <trkpt lat="38.279472" lon="127.198794">
        <ele>214.3</ele>
      </trkpt>
      <trkpt lat="38.279508" lon="127.198828">
        <ele>214.6</ele>
      </trkpt>
      <trkpt lat="38.279544" lon="127.198863">
        <ele>215.0</ele>
      </trkpt>
      <trkpt lat="38.279580" lon="127.198897">
        <ele>215.3</ele>
      </trkpt>
      <trkpt lat="38.279616" lon="127.198932">
        <ele>215.7</ele>
      </trkpt>
      <trkpt lat="38.279652" lon="127.198966">
        <ele>216.0</ele>
      </trkpt>
      <trkpt lat="38.279688" lon="127.199000">
        <ele>216.3</ele>
      </trkpt>
      <trkpt lat="38.279724" lon="127.199035">
        <ele>216.7</ele>
      </trkpt>
      <trkpt lat="38.279760" lon="127.199069">
        <ele>217.0</ele>
      </trkpt>
      <trkpt lat="38.279796" lon="127.199104">
        <ele>217.4</ele>
      </trkpt>
      <trkpt lat="38.279832" lon="127.199138">
        <ele>217.7</ele>
      </trkpt>
      <trkpt lat="38.279868" lon="127.199172">
        <ele>218.1</ele>
      </trkpt>
      <trkpt lat="38.279904" lon="127.199207">
        <ele>218.4</ele>
      </trkpt>
      <trkpt lat="38.279940" lon="127.199241">
        <ele>218.7</ele>
      </trkpt>
      <trkpt lat="38.279976" lon="127.199276">
        <ele>219.1</ele>
      </trkpt>
      <trkpt lat="38.280012" lon="127.199310">
        <ele>219.4</ele>
      </trkpt>
      <trkpt lat="38.280047" lon="127.199345">
        <ele>219.8</ele>
      </trkpt>
      <trkpt lat="38.280083" lon="127.199379">
        <ele>220.1</ele>
      </trkpt>
      <trkpt lat="38.280119" lon="127.199413">
        <ele>220.5</ele>
      </trkpt>
      <trkpt lat="38.280155" lon="127.199448">
        <ele>220.8</ele>
      </trkpt>
      <trkpt lat="38.280191" lon="127.199482">
        <ele>221.1</ele>
      </trkpt>
      <trkpt lat="38.280227" lon="127.199517">
        <ele>221.5</ele>
      </trkpt>
      <trkpt lat="38.280263" lon="127.199551">
        <ele>221.8</ele>
      </trkpt>
      <trkpt lat="38.280299" lon="127.199586">
        <ele>222.2</ele>
      </trkpt>
      <trkpt lat="38.280335" lon="127.199620">
        <ele>222.5</ele>
      </trkpt>
      <trkpt lat="38.280371" lon="127.199654">
        <ele>222.8</ele>
      </trkpt>
      <trkpt lat="38.280407" lon="127.199689">
        <ele>223.2</ele>
      </trkpt>
      <trkpt lat="38.280443" lon="127.199723">
        <ele>223.5</ele>
      </trkpt>
      <trkpt lat="38.280479" lon="127.199758">
        <ele>223.9</ele>
      </trkpt>
      <trkpt lat="38.280515" lon="127.199792">
        <ele>224.2</ele>
      </trkpt>
      <trkpt lat="38.280551" lon="127.199826">
        <ele>224.6</ele>
      </trkpt>
      <trkpt lat="38.280587" lon="127.199861">
        <ele>224.9</ele>
      </trkpt>
      <trkpt lat="38.280623" lon="127.199895">
        <ele>225.2</ele>
      </trkpt>
      <trkpt lat="38.280658" lon="127.199930">
        <ele>225.6</ele>
      </trkpt>
      <trkpt lat="38.280694" lon="127.199964">
        <ele>225.9</ele>
      </trkpt>
      <trkpt lat="38.280730" lon="127.199999">
        <ele>226.3</ele>
      </trkpt>
      <trkpt lat="38.280766" lon="127.200033">
        <ele>226.6</ele>
      </trkpt>
      <trkpt lat="38.280802" lon="127.200067">
        <ele>227.0</ele>
      </trkpt>
      <trkpt lat="38.280838" lon="127.200102">
        <ele>227.3</ele>
      </trkpt>
      <trkpt lat="38.280874" lon="127.200136">
        <ele>227.6</ele>
      </trkpt>
      <trkpt lat="38.280910" lon="127.200171">
        <ele>228.0</ele>
      </trkpt>
      <trkpt lat="38.280946" lon="127.200205">
        <ele>228.3</ele>
      </trkpt>
      <trkpt lat="38.280982" lon="127.200240">
        <ele>228.7</ele>
      </trkpt>
      <trkpt lat="38.281018" lon="127.200274">
        <ele>229.0</ele>
      </trkpt>
      <trkpt lat="38.281054" lon="127.200308">
        <ele>229.3</ele>
      </trkpt>
      <trkpt lat="38.281090" lon="127.200343">
        <ele>229.7</ele>
      </trkpt>
      <trkpt lat="38.281126" lon="127.200377">
        <ele>230.0</ele>
      </trkpt>
      <trkpt lat="38.281162" lon="127.200412">
        <ele>230.4</ele>
      </trkpt>
      <trkpt lat="38.281198" lon="127.200446">
        <ele>230.7</ele>
      </trkpt>
      <trkpt lat="38.281234" lon="127.200480">
        <ele>231.1</ele>
      </trkpt>
      <trkpt lat="38.281269" lon="127.200515">
        <ele>231.4</ele>
      </trkpt>
      <trkpt lat="38.281305" lon="127.200549">
        <ele>231.7</ele>
      </trkpt>
      <trkpt lat="38.281341" lon="127.200584">
        <ele>232.1</ele>
      </trkpt>
      <trkpt lat="38.281377" lon="127.200618">
        <ele>232.4</ele>
      </trkpt>
      <trkpt lat="38.281413" lon="127.200653">
        <ele>232.8</ele>
      </trkpt>
      <trkpt lat="38.281449" lon="127.200687">
        <ele>233.1</ele>
      </trkpt>
      <trkpt lat="38.281482" lon="127.200686">
        <ele>233.3</ele>
      </trkpt>
      <trkpt lat="38.281470" lon="127.200704">
        <ele>215.4</ele>
      </trkpt>
      <trkpt lat="38.281503" lon="127.200739">
        <ele>214.4</ele>
      </trkpt>
      <trkpt lat="38.281539" lon="127.200773">
        <ele>214.4</ele>
      </trkpt>
      <trkpt lat="38.281575" lon="127.200808">
        <ele>214.5</ele>
      </trkpt>
      <trkpt lat="38.281611" lon="127.200842">
        <ele>214.6</ele>
      </trkpt>
      <trkpt lat="38.281647" lon="127.200877">
        <ele>214.6</ele>
      </trkpt>
      <trkpt lat="38.281683" lon="127.200911">
        <ele>214.7</ele>
      </trkpt>
      <trkpt lat="38.281719" lon="127.200946">
        <ele>214.8</ele>
      </trkpt>
      <trkpt lat="38.281755" lon="127.200980">
        <ele>214.9</ele>
      </trkpt>
      <trkpt lat="38.281791" lon="127.201014">
        <ele>214.9</ele>
      </trkpt>
      <trkpt lat="38.281827" lon="127.201049">
        <ele>215.0</ele>
      </trkpt>
      <trkpt lat="38.281863" lon="127.201083">
        <ele>215.1</ele>
      </trkpt>
      <trkpt lat="38.281899" lon="127.201118">
        <ele>215.1</ele>
      </trkpt>
      <trkpt lat="38.281935" lon="127.201152">
        <ele>215.2</ele>
      </trkpt>
      <trkpt lat="38.281971" lon="127.201187">
        <ele>215.3</ele>
      </trkpt>
      <trkpt lat="38.282007" lon="127.201221">
        <ele>215.4</ele>
      </trkpt>
      <trkpt lat="38.282042" lon="127.201255">
        <ele>215.4</ele>
      </trkpt>
      <trkpt lat="38.282078" lon="127.201290">
        <ele>215.5</ele>
      </trkpt>
      <trkpt lat="38.282114" lon="127.201324">
        <ele>215.6</ele>
      </trkpt>
      <trkpt lat="38.282150" lon="127.201359">
        <ele>215.6</ele>
      </trkpt>
      <trkpt lat="38.282186" lon="127.201393">
        <ele>215.7</ele>
      </trkpt>
      <trkpt lat="38.282222" lon="127.201428">
        <ele>215.8</ele>
      </trkpt>
      <trkpt lat="38.282258" lon="127.201462">
        <ele>215.8</ele>
      </trkpt>
      <trkpt lat="38.282294" lon="127.201496">
        <ele>215.9</ele>
      </trkpt>
      <trkpt lat="38.282330" lon="127.201531">
        <ele>216.0</ele>
      </trkpt>
      <trkpt lat="38.282366" lon="127.201565">
        <ele>216.1</ele>
      </trkpt>
      <trkpt lat="38.282402" lon="127.201600">
        <ele>216.1</ele>
      </trkpt>
      <trkpt lat="38.282438" lon="127.201634">
        <ele>216.2</ele>
      </trkpt>
      <trkpt lat="38.282474" lon="127.201669">
        <ele>216.3</ele>
      </trkpt>
      <trkpt lat="38.282510" lon="127.201703">
        <ele>216.3</ele>
      </trkpt>
      <trkpt lat="38.282546" lon="127.201737">
        <ele>216.4</ele>
      </trkpt>
      <trkpt lat="38.282582" lon="127.201772">
        <ele>216.5</ele>
      </trkpt>
      <trkpt lat="38.282617" lon="127.201806">
        <ele>216.5</ele>
      </trkpt>
      <trkpt lat="38.282653" lon="127.201841">
        <ele>216.6</ele>
      </trkpt>
      <trkpt lat="38.282689" lon="127.201875">
        <ele>216.7</ele>
      </trkpt>
      <trkpt lat="38.282725" lon="127.201910">
        <ele>216.8</ele>
      </trkpt>
      <trkpt lat="38.282761" lon="127.201944">
        <ele>216.8</ele>
      </trkpt>
      <trkpt lat="38.282797" lon="127.201978">
        <ele>216.9</ele>
      </trkpt>
      <trkpt lat="38.282833" lon="127.202013">
        <ele>217.0</ele>
      </trkpt>
      <trkpt lat="38.282869" lon="127.202047">
        <ele>217.0</ele>
      </trkpt>
      <trkpt lat="38.282905" lon="127.202082">
        <ele>217.1</ele>
      </trkpt>
      <trkpt lat="38.282941" lon="127.202116">
        <ele>217.2</ele>
      </trkpt>
      <trkpt lat="38.282977" lon="127.202151">
        <ele>217.2</ele>
      </trkpt>
      <trkpt lat="38.283013" lon="127.202185">
        <ele>217.3</ele>
      </trkpt>
      <trkpt lat="38.283049" lon="127.202219">
        <ele>217.4</ele>
      </trkpt>
      <trkpt lat="38.283085" lon="127.202254">
        <ele>217.5</ele>
      </trkpt>
      <trkpt lat="38.283121" lon="127.202288">
        <ele>217.5</ele>
      </trkpt>
      <trkpt lat="38.283157" lon="127.202323">
        <ele>217.6</ele>
      </trkpt>
      <trkpt lat="38.283193" lon="127.202357">
        <ele>217.7</ele>
      </trkpt>
      <trkpt lat="38.283228" lon="127.202392">
        <ele>217.7</ele>
      </trkpt>
      <trkpt lat="38.283264" lon="127.202426">
        <ele>217.8</ele>
      </trkpt>
      <trkpt lat="38.283300" lon="127.202460">
        <ele>217.9</ele>
      </trkpt>
      <trkpt lat="38.283336" lon="127.202495">
        <ele>217.9</ele>
      </trkpt>
      <trkpt lat="38.283372" lon="127.202529">
        <ele>218.0</ele>
      </trkpt>
      <trkpt lat="38.283408" lon="127.202564">
        <ele>218.1</ele>
      </trkpt>
      <trkpt lat="38.283444" lon="127.202598">
        <ele>218.2</ele>
      </trkpt>
      <trkpt lat="38.283480" lon="127.202633">
        <ele>218.2</ele>
      </trkpt>
      <trkpt lat="38.283516" lon="127.202667">
        <ele>218.3</ele>
      </trkpt>
      <trkpt lat="38.283552" lon="127.202701">
        <ele>218.4</ele>
      </trkpt>
      <trkpt lat="38.283588" lon="127.202736">
        <ele>218.4</ele>
      </trkpt>
      <trkpt lat="38.283624" lon="127.202770">
        <ele>218.5</ele>
      </trkpt>
      <trkpt lat="38.283660" lon="127.202805">
        <ele>218.6</ele>
      </trkpt>
      <trkpt lat="38.283696" lon="127.202839">
        <ele>218.7</ele>
      </trkpt>
      <trkpt lat="38.283732" lon="127.202874">
        <ele>218.7</ele>
      </trkpt>
      <trkpt lat="38.283768" lon="127.202908">
        <ele>218.8</ele>
      </trkpt>
      <trkpt lat="38.283803" lon="127.202942">
        <ele>218.9</ele>
      </trkpt>
      <trkpt lat="38.283839" lon="127.202977">
        <ele>218.9</ele>
      </trkpt>
      <trkpt lat="38.283875" lon="127.203011">
        <ele>219.0</ele>
      </trkpt>
      <trkpt lat="38.283911" lon="127.203046">
        <ele>219.1</ele>
      </trkpt>
      <trkpt lat="38.283947" lon="127.203080">
        <ele>219.1</ele>
      </trkpt>
      <trkpt lat="38.283983" lon="127.203115">
        <ele>219.2</ele>
      </trkpt>
      <trkpt lat="38.284019" lon="127.203149">
        <ele>219.3</ele>
      </trkpt>
      <trkpt lat="38.284055" lon="127.203184">
        <ele>219.4</ele>
      </trkpt>
      <trkpt lat="38.284091" lon="127.203218">
        <ele>219.4</ele>
      </trkpt>
      <trkpt lat="38.284127" lon="127.203252">
        <ele>219.5</ele>
      </trkpt>
      <trkpt lat="38.284163" lon="127.203287">
        <ele>219.6</ele>
      </trkpt>
      <trkpt lat="38.284199" lon="127.203321">
        <ele>219.6</ele>
      </trkpt>
      <trkpt lat="38.284235" lon="127.203356">
        <ele>219.7</ele>
      </trkpt>
      <trkpt lat="38.284271" lon="127.203390">
        <ele>219.8</ele>
      </trkpt>
      <trkpt lat="38.284307" lon="127.203425">
        <ele>219.8</ele>
      </trkpt>
      <trkpt lat="38.284343" lon="127.203459">
        <ele>219.9</ele>
      </trkpt>
      <trkpt lat="38.284378" lon="127.203493">
        <ele>220.0</ele>
      </trkpt>
      <trkpt lat="38.284414" lon="127.203528">
        <ele>220.1</ele>
      </trkpt>
      <trkpt lat="38.284450" lon="127.203562">
        <ele>220.1</ele>
      </trkpt>
      <trkpt lat="38.284486" lon="127.203597">
        <ele>220.2</ele>
      </trkpt>
      <trkpt lat="38.284522" lon="127.203631">
        <ele>220.3</ele>
      </trkpt>
      <trkpt lat="38.284558" lon="127.203666">
        <ele>220.3</ele>
      </trkpt>
      <trkpt lat="38.284594" lon="127.203700">
        <ele>220.4</ele>
      </trkpt>
      <trkpt lat="38.284630" lon="127.203734">
        <ele>220.5</ele>
      </trkpt>
      <trkpt lat="38.284666" lon="127.203769">
        <ele>220.5</ele>
      </trkpt>
      <trkpt lat="38.284702" lon="127.203803">
        <ele>220.6</ele>
      </trkpt>
      <trkpt lat="38.284738" lon="127.203838">
        <ele>220.7</ele>
      </trkpt>
      <trkpt lat="38.284774" lon="127.203872">
        <ele>220.8</ele>
      </trkpt>
      <trkpt lat="38.284810" lon="127.203907">
        <ele>220.8</ele>
      </trkpt>
      <trkpt lat="38.284846" lon="127.203941">
        <ele>220.9</ele>
      </trkpt>
      <trkpt lat="38.284882" lon="127.203975">
        <ele>221.0</ele>
      </trkpt>
      <trkpt lat="38.284918" lon="127.204010">
        <ele>221.0</ele>
      </trkpt>
      <trkpt lat="38.284954" lon="127.204044">
        <ele>221.1</ele>
      </trkpt>
      <trkpt lat="38.284989" lon="127.204079">
        <ele>221.2</ele>
      </trkpt>
      <trkpt lat="38.285025" lon="127.204113">
        <ele>221.3</ele>
      </trkpt>
      <trkpt lat="38.285061" lon="127.204148">
        <ele>221.3</ele>
      </trkpt>
      <trkpt lat="38.285097" lon="127.204182">
        <ele>221.4</ele>
      </trkpt>
      <trkpt lat="38.285133" lon="127.204216">
        <ele>221.5</ele>
      </trkpt>
      <trkpt lat="38.285169" lon="127.204251">
        <ele>221.5</ele>
      </trkpt>
      <trkpt lat="38.285205" lon="127.204285">
        <ele>221.6</ele>
      </trkpt>
      <trkpt lat="38.285241" lon="127.204320">
        <ele>221.7</ele>
      </trkpt>
      <trkpt lat="38.285277" lon="127.204354">
        <ele>221.7</ele>
      </trkpt>
      <trkpt lat="38.285313" lon="127.204389">
        <ele>221.8</ele>
      </trkpt>
      <trkpt lat="38.285349" lon="127.204423">
        <ele>221.9</ele>
      </trkpt>
      <trkpt lat="38.285385" lon="127.204457">
        <ele>222.0</ele>
      </trkpt>
      <trkpt lat="38.285421" lon="127.204492">
        <ele>222.0</ele>
      </trkpt>
      <trkpt lat="38.285457" lon="127.204526">
        <ele>222.1</ele>
      </trkpt>
      <trkpt lat="38.285493" lon="127.204561">
        <ele>222.2</ele>
      </trkpt>
      <trkpt lat="38.285529" lon="127.204595">
        <ele>222.2</ele>
      </trkpt>
      <trkpt lat="38.285564" lon="127.204630">
        <ele>222.3</ele>
      </trkpt>
      <trkpt lat="38.285600" lon="127.204664">
        <ele>222.4</ele>
      </trkpt>
      <trkpt lat="38.285636" lon="127.204698">
        <ele>222.4</ele>
      </trkpt>
      <trkpt lat="38.285672" lon="127.204733">
        <ele>222.5</ele>
      </trkpt>
      <trkpt lat="38.285708" lon="127.204767">
        <ele>222.6</ele>
      </trkpt>
      <trkpt lat="38.285744" lon="127.204802">
        <ele>222.7</ele>
      </trkpt>
      <trkpt lat="38.285780" lon="127.204836">
        <ele>222.7</ele>
      </trkpt>
      <trkpt lat="38.285816" lon="127.204871">
        <ele>222.8</ele>
      </trkpt>
      <trkpt lat="38.285852" lon="127.204905">
        <ele>222.9</ele>
      </trkpt>
      <trkpt lat="38.285888" lon="127.204939">
        <ele>222.9</ele>
      </trkpt>
      <trkpt lat="38.285924" lon="127.204974">
        <ele>223.0</ele>
      </trkpt>
      <trkpt lat="38.285960" lon="127.205008">
        <ele>223.1</ele>
      </trkpt>
      <trkpt lat="38.285996" lon="127.205043">
        <ele>223.1</ele>
      </trkpt>
      <trkpt lat="38.286032" lon="127.205077">
        <ele>223.2</ele>
      </trkpt>
      <trkpt lat="38.286068" lon="127.205112">
        <ele>223.3</ele>
      </trkpt>
      <trkpt lat="38.286104" lon="127.205146">
        <ele>223.4</ele>
      </trkpt>
      <trkpt lat="38.286139" lon="127.205180">
        <ele>223.4</ele>
      </trkpt>
      <trkpt lat="38.286175" lon="127.205215">
        <ele>223.5</ele>
      </trkpt>
      <trkpt lat="38.286211" lon="127.205249">
        <ele>223.6</ele>
      </trkpt>
      <trkpt lat="38.286247" lon="127.205284">
        <ele>223.6</ele>
      </trkpt>
      <trkpt lat="38.286283" lon="127.205318">
        <ele>223.7</ele>
      </trkpt>
      <trkpt lat="38.286319" lon="127.205353">
        <ele>223.8</ele>
      </trkpt>
      <trkpt lat="38.286355" lon="127.205387">
        <ele>223.8</ele>
      </trkpt>
      <trkpt lat="38.286391" lon="127.205421">
        <ele>223.9</ele>
      </trkpt>
      <trkpt lat="38.286427" lon="127.205456">
        <ele>224.0</ele>
      </trkpt>
      <trkpt lat="38.286463" lon="127.205490">
        <ele>224.1</ele>
      </trkpt>
      <trkpt lat="38.286499" lon="127.205525">
        <ele>224.1</ele>
      </trkpt>
      <trkpt lat="38.286535" lon="127.205559">
        <ele>224.2</ele>
      </trkpt>
      <trkpt lat="38.286571" lon="127.205594">
        <ele>224.3</ele>
      </trkpt>
      <trkpt lat="38.286607" lon="127.205628">
        <ele>224.3</ele>
      </trkpt>
      <trkpt lat="38.286643" lon="127.205662">
        <ele>224.4</ele>
      </trkpt>
      <trkpt lat="38.286679" lon="127.205697">
        <ele>224.5</ele>
      </trkpt>
      <trkpt lat="38.286714" lon="127.205731">
        <ele>224.6</ele>
      </trkpt>
      <trkpt lat="38.286750" lon="127.205766">
        <ele>224.6</ele>
      </trkpt>
      <trkpt lat="38.286786" lon="127.205800">
        <ele>224.7</ele>
      </trkpt>
      <trkpt lat="38.286822" lon="127.205835">
        <ele>224.8</ele>
      </trkpt>
      <trkpt lat="38.286858" lon="127.205869">
        <ele>224.8</ele>
      </trkpt>
      <trkpt lat="38.286894" lon="127.205904">
        <ele>224.9</ele>
      </trkpt>
      <trkpt lat="38.286930" lon="127.205938">
        <ele>225.0</ele>
      </trkpt>
      <trkpt lat="38.286966" lon="127.205972">
        <ele>225.0</ele>
      </trkpt>
      <trkpt lat="38.287002" lon="127.206007">
        <ele>225.1</ele>
      </trkpt>
      <trkpt lat="38.287038" lon="127.206041">
        <ele>225.2</ele>
      </trkpt>
      <trkpt lat="38.287074" lon="127.206076">
        <ele>225.3</ele>
      </trkpt>
      <trkpt lat="38.287110" lon="127.206110">
        <ele>225.3</ele>
      </trkpt>
      <trkpt lat="38.287146" lon="127.206145">
        <ele>225.4</ele>
      </trkpt>
      <trkpt lat="38.287182" lon="127.206179">
        <ele>225.5</ele>
      </trkpt>
      <trkpt lat="38.287218" lon="127.206213">
        <ele>225.5</ele>
      </trkpt>
      <trkpt lat="38.287254" lon="127.206248">
        <ele>225.6</ele>
      </trkpt>
      <trkpt lat="38.287290" lon="127.206282">
        <ele>225.7</ele>
      </trkpt>
      <trkpt lat="38.287325" lon="127.206317">
        <ele>225.7</ele>
      </trkpt>
      <trkpt lat="38.287361" lon="127.206351">
        <ele>225.8</ele>
      </trkpt>
      <trkpt lat="38.287397" lon="127.206386">
        <ele>225.9</ele>
      </trkpt>
      <trkpt lat="38.287433" lon="127.206420">
        <ele>226.0</ele>
      </trkpt>
      <trkpt lat="38.287469" lon="127.206454">
        <ele>226.0</ele>
      </trkpt>
      <trkpt lat="38.287505" lon="127.206489">
        <ele>226.1</ele>
      </trkpt>
      <trkpt lat="38.287541" lon="127.206523">
        <ele>226.2</ele>
      </trkpt>
      <trkpt lat="38.287577" lon="127.206558">
        <ele>226.2</ele>
      </trkpt>
      <trkpt lat="38.287613" lon="127.206592">
        <ele>226.3</ele>
      </trkpt>
      <trkpt lat="38.287649" lon="127.206627">
        <ele>226.4</ele>
      </trkpt>
      <trkpt lat="38.287685" lon="127.206661">
        <ele>226.4</ele>
      </trkpt>
      <trkpt lat="38.287721" lon="127.206695">
        <ele>226.5</ele>
      </trkpt>
      <trkpt lat="38.287757" lon="127.206730">
        <ele>226.6</ele>
      </trkpt>
      <trkpt lat="38.287793" lon="127.206764">
        <ele>226.7</ele>
      </trkpt>
      <trkpt lat="38.287829" lon="127.206799">
        <ele>226.7</ele>
      </trkpt>
      <trkpt lat="38.287865" lon="127.206833">
        <ele>226.8</ele>
      </trkpt>
      <trkpt lat="38.287900" lon="127.206868">
        <ele>226.9</ele>
      </trkpt>
      <trkpt lat="38.287936" lon="127.206902">
        <ele>226.9</ele>
      </trkpt>
      <trkpt lat="38.287972" lon="127.206936">
        <ele>227.0</ele>
      </trkpt>
      <trkpt lat="38.288008" lon="127.206971">
        <ele>227.1</ele>
      </trkpt>
      <trkpt lat="38.288044" lon="127.207005">
        <ele>227.2</ele>
      </trkpt>
      <trkpt lat="38.288080" lon="127.207040">
        <ele>227.2</ele>
      </trkpt>
      <trkpt lat="38.288116" lon="127.207074">
        <ele>227.3</ele>
      </trkpt>
      <trkpt lat="38.288152" lon="127.207109">
        <ele>227.4</ele>
      </trkpt>
      <trkpt lat="38.288188" lon="127.207143">
        <ele>227.4</ele>
      </trkpt>
      <trkpt lat="38.288224" lon="127.207177">
        <ele>227.5</ele>
      </trkpt>
      <trkpt lat="38.288260" lon="127.207212">
        <ele>227.6</ele>
      </trkpt>
      <trkpt lat="38.288296" lon="127.207246">
        <ele>227.6</ele>
      </trkpt>
      <trkpt lat="38.288332" lon="127.207281">
        <ele>227.7</ele>
      </trkpt>
      <trkpt lat="38.288368" lon="127.207315">
        <ele>227.8</ele>
      </trkpt>
      <trkpt lat="38.288404" lon="127.207350">
        <ele>227.9</ele>
      </trkpt>
      <trkpt lat="38.288440" lon="127.207384">
        <ele>227.9</ele>
      </trkpt>
      <trkpt lat="38.288475" lon="127.207418">
        <ele>228.0</ele>
      </trkpt>
      <trkpt lat="38.288511" lon="127.207453">
        <ele>228.1</ele>
      </trkpt>
      <trkpt lat="38.288547" lon="127.207487">
        <ele>228.1</ele>
      </trkpt>
      <trkpt lat="38.288583" lon="127.207522">
        <ele>228.2</ele>
      </trkpt>
      <trkpt lat="38.288619" lon="127.207556">
        <ele>228.3</ele>
      </trkpt>
      <trkpt lat="38.288655" lon="127.207591">
        <ele>228.3</ele>
      </trkpt>
      <trkpt lat="38.288691" lon="127.207625">
        <ele>228.4</ele>
      </trkpt>
      <trkpt lat="38.288727" lon="127.207659">
        <ele>228.5</ele>
      </trkpt>
      <trkpt lat="38.288763" lon="127.207694">
        <ele>228.6</ele>
      </trkpt>
      <trkpt lat="38.288799" lon="127.207728">
        <ele>228.6</ele>
      </trkpt>
      <trkpt lat="38.288835" lon="127.207763">
        <ele>228.7</ele>
      </trkpt>
      <trkpt lat="38.288871" lon="127.207797">
        <ele>228.8</ele>
      </trkpt>
      <trkpt lat="38.288907" lon="127.207832">
        <ele>228.8</ele>
      </trkpt>
      <trkpt lat="38.288943" lon="127.207866">
        <ele>228.9</ele>
      </trkpt>
      <trkpt lat="38.288979" lon="127.207900">
        <ele>229.0</ele>
      </trkpt>
      <trkpt lat="38.289015" lon="127.207935">
        <ele>229.0</ele>
      </trkpt>
      <trkpt lat="38.289051" lon="127.207969">
        <ele>229.1</ele>
      </trkpt>
      <trkpt lat="38.289086" lon="127.208004">
        <ele>229.2</ele>
      </trkpt>
      <trkpt lat="38.289122" lon="127.208038">
        <ele>229.3</ele>
      </trkpt>
      <trkpt lat="38.289158" lon="127.208073">
        <ele>229.3</ele>
      </trkpt>
      <trkpt lat="38.289194" lon="127.208107">
        <ele>229.4</ele>
      </trkpt>
      <trkpt lat="38.289230" lon="127.208141">
        <ele>229.5</ele>
      </trkpt>
      <trkpt lat="38.289266" lon="127.208176">
        <ele>229.5</ele>
      </trkpt>
      <trkpt lat="38.289302" lon="127.208210">
        <ele>229.6</ele>
      </trkpt>
      <trkpt lat="38.289338" lon="127.208245">
        <ele>229.7</ele>
      </trkpt>
      <trkpt lat="38.289374" lon="127.208279">
        <ele>229.7</ele>
      </trkpt>
      <trkpt lat="38.289410" lon="127.208314">
        <ele>229.8</ele>
      </trkpt>
      <trkpt lat="38.289446" lon="127.208348">
        <ele>229.9</ele>
      </trkpt>
      <trkpt lat="38.289482" lon="127.208383">
        <ele>230.0</ele>
      </trkpt>
      <trkpt lat="38.289518" lon="127.208417">
        <ele>230.0</ele>
      </trkpt>
      <trkpt lat="38.289554" lon="127.208451">
        <ele>230.1</ele>
      </trkpt>
      <trkpt lat="38.289590" lon="127.208486">
        <ele>230.2</ele>
      </trkpt>
      <trkpt lat="38.289626" lon="127.208520">
        <ele>230.2</ele>
      </trkpt>
      <trkpt lat="38.289661" lon="127.208555">
        <ele>230.3</ele>
      </trkpt>
      <trkpt lat="38.289697" lon="127.208589">
        <ele>230.4</ele>
      </trkpt>
      <trkpt lat="38.289733" lon="127.208624">
        <ele>230.5</ele>
      </trkpt>
      <trkpt lat="38.289769" lon="127.208658">
        <ele>230.5</ele>
      </trkpt>
      <trkpt lat="38.289805" lon="127.208692">
        <ele>230.6</ele>
      </trkpt>
      <trkpt lat="38.289841" lon="127.208727">
        <ele>230.7</ele>
      </trkpt>
      <trkpt lat="38.289877" lon="127.208761">
        <ele>230.7</ele>
      </trkpt>
      <trkpt lat="38.289913" lon="127.208796">
        <ele>230.8</ele>
      </trkpt>
      <trkpt lat="38.289949" lon="127.208830">
        <ele>230.9</ele>
      </trkpt>
      <trkpt lat="38.289985" lon="127.208865">
        <ele>230.9</ele>
      </trkpt>
      <trkpt lat="38.290021" lon="127.208899">
        <ele>231.0</ele>
      </trkpt>
      <trkpt lat="38.290057" lon="127.208933">
        <ele>231.1</ele>
      </trkpt>
      <trkpt lat="38.290093" lon="127.208968">
        <ele>231.2</ele>
      </trkpt>
      <trkpt lat="38.290129" lon="127.209002">
        <ele>231.2</ele>
      </trkpt>
      <trkpt lat="38.290165" lon="127.209037">
        <ele>231.3</ele>
      </trkpt>
      <trkpt lat="38.290201" lon="127.209071">
        <ele>231.4</ele>
      </trkpt>
      <trkpt lat="38.290236" lon="127.209106">
        <ele>231.4</ele>
      </trkpt>
      <trkpt lat="38.290272" lon="127.209140">
        <ele>231.5</ele>
      </trkpt>
      <trkpt lat="38.290308" lon="127.209174">
        <ele>231.6</ele>
      </trkpt>
      <trkpt lat="38.290344" lon="127.209209">
        <ele>231.6</ele>
      </trkpt>
      <trkpt lat="38.290380" lon="127.209243">
        <ele>231.7</ele>
      </trkpt>
      <trkpt lat="38.290416" lon="127.209278">
        <ele>231.8</ele>
      </trkpt>
      <trkpt lat="38.290452" lon="127.209312">
        <ele>231.9</ele>
      </trkpt>
      <trkpt lat="38.290488" lon="127.209347">
        <ele>231.9</ele>
      </trkpt>
      <trkpt lat="38.290524" lon="127.209381">
        <ele>232.0</ele>
      </trkpt>
      <trkpt lat="38.290560" lon="127.209415">
        <ele>232.1</ele>
      </trkpt>
      <trkpt lat="38.290596" lon="127.209450">
        <ele>232.1</ele>
      </trkpt>
      <trkpt lat="38.290632" lon="127.209484">
        <ele>232.2</ele>
      </trkpt>
      <trkpt lat="38.290668" lon="127.209519">
        <ele>232.3</ele>
      </trkpt>
      <trkpt lat="38.290704" lon="127.209553">
        <ele>232.3</ele>
      </trkpt>
      <trkpt lat="38.290740" lon="127.209588">
        <ele>232.4</ele>
      </trkpt>
      <trkpt lat="38.290776" lon="127.209622">
        <ele>232.5</ele>
      </trkpt>
      <trkpt lat="38.290811" lon="127.209656">
        <ele>232.6</ele>
      </trkpt>
      <trkpt lat="38.290847" lon="127.209691">
        <ele>232.6</ele>
      </trkpt>
      <trkpt lat="38.290883" lon="127.209725">
        <ele>232.7</ele>
      </trkpt>
      <trkpt lat="38.290919" lon="127.209760">
        <ele>232.8</ele>
      </trkpt>
      <trkpt lat="38.290955" lon="127.209794">
        <ele>232.8</ele>
      </trkpt>
      <trkpt lat="38.290991" lon="127.209829">
        <ele>232.9</ele>
      </trkpt>
      <trkpt lat="38.291027" lon="127.209863">
        <ele>233.0</ele>
      </trkpt>
      <trkpt lat="38.291063" lon="127.209897">
        <ele>233.0</ele>
      </trkpt>
      <trkpt lat="38.291099" lon="127.209932">
        <ele>233.1</ele>
      </trkpt>
      <trkpt lat="38.291135" lon="127.209966">
        <ele>233.2</ele>
      </trkpt>
      <trkpt lat="38.291171" lon="127.210001">
        <ele>233.3</ele>
      </trkpt>
      <trkpt lat="38.291196" lon="127.210013">
        <ele>231.3</ele>
      </trkpt>
      <trkpt lat="38.291221" lon="127.210049">
        <ele>229.0</ele>
      </trkpt>
      <trkpt lat="38.291257" lon="127.210083">
        <ele>229.1</ele>
      </trkpt>
      <trkpt lat="38.291293" lon="127.210118">
        <ele>229.2</ele>
      </trkpt>
      <trkpt lat="38.291329" lon="127.210152">
        <ele>229.2</ele>
      </trkpt>
      <trkpt lat="38.291365" lon="127.210187">
        <ele>229.3</ele>
      </trkpt>
      <trkpt lat="38.291401" lon="127.210221">
        <ele>229.3</ele>
      </trkpt>
      <trkpt lat="38.291437" lon="127.210255">
        <ele>229.4</ele>
      </trkpt>
      <trkpt lat="38.291473" lon="127.210290">
        <ele>229.5</ele>
      </trkpt>
      <trkpt lat="38.291509" lon="127.210324">
        <ele>229.5</ele>
      </trkpt>
      <trkpt lat="38.291544" lon="127.210359">
        <ele>229.6</ele>
      </trkpt>
      <trkpt lat="38.291580" lon="127.210393">
        <ele>229.6</ele>
      </trkpt>
      <trkpt lat="38.291616" lon="127.210428">
        <ele>229.7</ele>
      </trkpt>
      <trkpt lat="38.291652" lon="127.210462">
        <ele>229.7</ele>
      </trkpt>
      <trkpt lat="38.291688" lon="127.210496">
        <ele>229.8</ele>
      </trkpt>
      <trkpt lat="38.291724" lon="127.210531">
        <ele>229.9</ele>
      </trkpt>
      <trkpt lat="38.291760" lon="127.210565">
        <ele>229.9</ele>
      </trkpt>
      <trkpt lat="38.291796" lon="127.210600">
        <ele>230.0</ele>
      </trkpt>
      <trkpt lat="38.291832" lon="127.210634">
        <ele>230.0</ele>
      </trkpt>
      <trkpt lat="38.291868" lon="127.210669">
        <ele>230.1</ele>
      </trkpt>
      <trkpt lat="38.291904" lon="127.210703">
        <ele>230.2</ele>
      </trkpt>
      <trkpt lat="38.291940" lon="127.210737">
        <ele>230.2</ele>
      </trkpt>
      <trkpt lat="38.291976" lon="127.210772">
        <ele>230.3</ele>
      </trkpt>
      <trkpt lat="38.292012" lon="127.210806">
        <ele>230.3</ele>
      </trkpt>
      <trkpt lat="38.292048" lon="127.210841">
        <ele>230.4</ele>
      </trkpt>
      <trkpt lat="38.292084" lon="127.210875">
        <ele>230.4</ele>
      </trkpt>
      <trkpt lat="38.292119" lon="127.210910">
        <ele>230.5</ele>
      </trkpt>
      <trkpt lat="38.292155" lon="127.210944">
        <ele>230.6</ele>
      </trkpt>
      <trkpt lat="38.292191" lon="127.210979">
        <ele>230.6</ele>
      </trkpt>
      <trkpt lat="38.292227" lon="127.211013">
        <ele>230.7</ele>
      </trkpt>
      <trkpt lat="38.292263" lon="127.211047">
        <ele>230.7</ele>
      </trkpt>
      <trkpt lat="38.292299" lon="127.211082">
        <ele>230.8</ele>
      </trkpt>
      <trkpt lat="38.292335" lon="127.211116">
        <ele>230.9</ele>
      </trkpt>
      <trkpt lat="38.292371" lon="127.211151">
        <ele>230.9</ele>
      </trkpt>
      <trkpt lat="38.292407" lon="127.211185">
        <ele>231.0</ele>
      </trkpt>
      <trkpt lat="38.292443" lon="127.211220">
        <ele>231.0</ele>
      </trkpt>
      <trkpt lat="38.292479" lon="127.211254">
        <ele>231.1</ele>
      </trkpt>
      <trkpt lat="38.292515" lon="127.211288">
        <ele>231.1</ele>
      </trkpt>
      <trkpt lat="38.292551" lon="127.211323">
        <ele>231.2</ele>
      </trkpt>
      <trkpt lat="38.292587" lon="127.211357">
        <ele>231.3</ele>
      </trkpt>
      <trkpt lat="38.292623" lon="127.211392">
        <ele>231.3</ele>
      </trkpt>
      <trkpt lat="38.292659" lon="127.211426">
        <ele>231.4</ele>
      </trkpt>
      <trkpt lat="38.292694" lon="127.211461">
        <ele>231.4</ele>
      </trkpt>
      <trkpt lat="38.292730" lon="127.211495">
        <ele>231.5</ele>
      </trkpt>
      <trkpt lat="38.292766" lon="127.211529">
        <ele>231.6</ele>
      </trkpt>
      <trkpt lat="38.292802" lon="127.211564">
        <ele>231.6</ele>
      </trkpt>
      <trkpt lat="38.292838" lon="127.211598">
        <ele>231.7</ele>
      </trkpt>
      <trkpt lat="38.292874" lon="127.211633">
        <ele>231.7</ele>
      </trkpt>
      <trkpt lat="38.292910" lon="127.211667">
        <ele>231.8</ele>
      </trkpt>
      <trkpt lat="38.292946" lon="127.211702">
        <ele>231.8</ele>
      </trkpt>
      <trkpt lat="38.292982" lon="127.211736">
        <ele>231.9</ele>
      </trkpt>
      <trkpt lat="38.293018" lon="127.211771">
        <ele>232.0</ele>
      </trkpt>
      <trkpt lat="38.293054" lon="127.211805">
        <ele>232.0</ele>
      </trkpt>
      <trkpt lat="38.293090" lon="127.211839">
        <ele>232.1</ele>
      </trkpt>
      <trkpt lat="38.293126" lon="127.211874">
        <ele>232.1</ele>
      </trkpt>
      <trkpt lat="38.293162" lon="127.211908">
        <ele>232.2</ele>
      </trkpt>
      <trkpt lat="38.293198" lon="127.211943">
        <ele>232.2</ele>
      </trkpt>
      <trkpt lat="38.293234" lon="127.211977">
        <ele>232.3</ele>
      </trkpt>
      <trkpt lat="38.293269" lon="127.212012">
        <ele>232.4</ele>
      </trkpt>
      <trkpt lat="38.293305" lon="127.212046">
        <ele>232.4</ele>
      </trkpt>
      <trkpt lat="38.293341" lon="127.212080">
        <ele>232.5</ele>
      </trkpt>
      <trkpt lat="38.293377" lon="127.212115">
        <ele>232.5</ele>
      </trkpt>
      <trkpt lat="38.293413" lon="127.212149">
        <ele>232.6</ele>
      </trkpt>
      <trkpt lat="38.293449" lon="127.212184">
        <ele>232.7</ele>
      </trkpt>
      <trkpt lat="38.293485" lon="127.212218">
        <ele>232.7</ele>
      </trkpt>
      <trkpt lat="38.293521" lon="127.212253">
        <ele>232.8</ele>
      </trkpt>
      <trkpt lat="38.293557" lon="127.212287">
        <ele>232.8</ele>
      </trkpt>
      <trkpt lat="38.293593" lon="127.212321">
        <ele>232.9</ele>
      </trkpt>
      <trkpt lat="38.293629" lon="127.212356">
        <ele>232.9</ele>
      </trkpt>
      <trkpt lat="38.293665" lon="127.212390">
        <ele>233.0</ele>
      </trkpt>
      <trkpt lat="38.293701" lon="127.212425">
        <ele>233.1</ele>
      </trkpt>
      <trkpt lat="38.293737" lon="127.212459">
        <ele>233.1</ele>
      </trkpt>
      <trkpt lat="38.293773" lon="127.212494">
        <ele>233.2</ele>
      </trkpt>
      <trkpt lat="38.293809" lon="127.212528">
        <ele>233.2</ele>
      </trkpt>
      <trkpt lat="38.293844" lon="127.212563">
        <ele>233.3</ele>
      </trkpt>
      <trkpt lat="38.293880" lon="127.212597">
        <ele>233.3</ele>
      </trkpt>
      <trkpt lat="38.293916" lon="127.212632">
        <ele>233.3</ele>
      </trkpt>
      <trkpt lat="38.293895" lon="127.212661">
        <ele>233.3</ele>
      </trkpt>
      <trkpt lat="38.293856" lon="127.212689">
        <ele>233.3</ele>
      </trkpt>
      <trkpt lat="38.293817" lon="127.212717">
        <ele>233.3</ele>
      </trkpt>
      <trkpt lat="38.293777" lon="127.212745">
        <ele>233.3</ele>
      </trkpt>
      <trkpt lat="38.293738" lon="127.212772">
        <ele>233.3</ele>
      </trkpt>
      <trkpt lat="38.293699" lon="127.212800">
        <ele>233.3</ele>
      </trkpt>
      <trkpt lat="38.293663" lon="127.212834">
        <ele>233.3</ele>
      </trkpt>
      <trkpt lat="38.293634" lon="127.212877">
        <ele>233.2</ele>
      </trkpt>
      <trkpt lat="38.293604" lon="127.212920">
        <ele>233.1</ele>
      </trkpt>
      <trkpt lat="38.293575" lon="127.212964">
        <ele>232.9</ele>
      </trkpt>
      <trkpt lat="38.293545" lon="127.213007">
        <ele>232.8</ele>
      </trkpt>
      <trkpt lat="38.293516" lon="127.213050">
        <ele>232.7</ele>
      </trkpt>
      <trkpt lat="38.293486" lon="127.213093">
        <ele>232.6</ele>
      </trkpt>
      <trkpt lat="38.293456" lon="127.213136">
        <ele>232.5</ele>
      </trkpt>
      <trkpt lat="38.293420" lon="127.213168">
        <ele>232.4</ele>
      </trkpt>
      <trkpt lat="38.293380" lon="127.213195">
        <ele>232.3</ele>
      </trkpt>
      <trkpt lat="38.293340" lon="127.213221">
        <ele>232.2</ele>
      </trkpt>
      <trkpt lat="38.293300" lon="127.213248">
        <ele>232.0</ele>
      </trkpt>
      <trkpt lat="38.293257" lon="127.213255">
        <ele>232.0</ele>
      </trkpt>
      <trkpt lat="38.293212" lon="127.213252">
        <ele>231.9</ele>
      </trkpt>
      <trkpt lat="38.293167" lon="127.213249">
        <ele>231.9</ele>
      </trkpt>
      <trkpt lat="38.293122" lon="127.213246">
        <ele>231.8</ele>
      </trkpt>
      <trkpt lat="38.293078" lon="127.213243">
        <ele>231.8</ele>
      </trkpt>
      <trkpt lat="38.293033" lon="127.213240">
        <ele>231.7</ele>
      </trkpt>
      <trkpt lat="38.292988" lon="127.213237">
        <ele>231.7</ele>
      </trkpt>
      <trkpt lat="38.292943" lon="127.213234">
        <ele>231.6</ele>
      </trkpt>
      <trkpt lat="38.292898" lon="127.213230">
        <ele>231.6</ele>
      </trkpt>
      <trkpt lat="38.292853" lon="127.213227">
        <ele>231.5</ele>
      </trkpt>
      <trkpt lat="38.292849" lon="127.213250">
        <ele>231.5</ele>
      </trkpt>
      <trkpt lat="38.292879" lon="127.213293">
        <ele>231.4</ele>
      </trkpt>
      <trkpt lat="38.292909" lon="127.213336">
        <ele>231.4</ele>
      </trkpt>
      <trkpt lat="38.292938" lon="127.213379">
        <ele>231.3</ele>
      </trkpt>
      <trkpt lat="38.292968" lon="127.213422">
        <ele>231.3</ele>
      </trkpt>
      <trkpt lat="38.293002" lon="127.213460">
        <ele>231.3</ele>
      </trkpt>
      <trkpt lat="38.293035" lon="127.213499">
        <ele>231.2</ele>
      </trkpt>
      <trkpt lat="38.293068" lon="127.213537">
        <ele>231.2</ele>
      </trkpt>
      <trkpt lat="38.293101" lon="127.213576">
        <ele>231.1</ele>
      </trkpt>
      <trkpt lat="38.293135" lon="127.213615">
        <ele>231.1</ele>
      </trkpt>
      <trkpt lat="38.293168" lon="127.213653">
        <ele>231.0</ele>
      </trkpt>
      <trkpt lat="38.293201" lon="127.213692">
        <ele>231.0</ele>
      </trkpt>
      <trkpt lat="38.293236" lon="127.213728">
        <ele>231.0</ele>
      </trkpt>
      <trkpt lat="38.293271" lon="127.213764">
        <ele>231.1</ele>
      </trkpt>
      <trkpt lat="38.293306" lon="127.213800">
        <ele>231.2</ele>
      </trkpt>
      <trkpt lat="38.293341" lon="127.213836">
        <ele>231.2</ele>
      </trkpt>
      <trkpt lat="38.293376" lon="127.213872">
        <ele>231.3</ele>
      </trkpt>
      <trkpt lat="38.293411" lon="127.213908">
        <ele>231.3</ele>
      </trkpt>
      <trkpt lat="38.293446" lon="127.213944">
        <ele>231.4</ele>
      </trkpt>
      <trkpt lat="38.293481" lon="127.213980">
        <ele>231.4</ele>
      </trkpt>
      <trkpt lat="38.293516" lon="127.214016">
        <ele>231.5</ele>
      </trkpt>
      <trkpt lat="38.293551" lon="127.214051">
        <ele>231.5</ele>
      </trkpt>
      <trkpt lat="38.293586" lon="127.214087">
        <ele>231.6</ele>
      </trkpt>
      <trkpt lat="38.293621" lon="127.214123">
        <ele>231.6</ele>
      </trkpt>
      <trkpt lat="38.293656" lon="127.214159">
        <ele>231.7</ele>
      </trkpt>
      <trkpt lat="38.293691" lon="127.214195">
        <ele>231.7</ele>
      </trkpt>
      <trkpt lat="38.293726" lon="127.214231">
        <ele>231.8</ele>
      </trkpt>
      <trkpt lat="38.293761" lon="127.214267">
        <ele>231.9</ele>
      </trkpt>
      <trkpt lat="38.293796" lon="127.214303">
        <ele>231.9</ele>
      </trkpt>
      <trkpt lat="38.293831" lon="127.214339">
        <ele>232.0</ele>
      </trkpt>
      <trkpt lat="38.293866" lon="127.214375">
        <ele>232.0</ele>
      </trkpt>
      <trkpt lat="38.293901" lon="127.214411">
        <ele>232.1</ele>
      </trkpt>
      <trkpt lat="38.293936" lon="127.214447">
        <ele>232.1</ele>
      </trkpt>
      <trkpt lat="38.293971" lon="127.214483">
        <ele>232.2</ele>
      </trkpt>
      <trkpt lat="38.294006" lon="127.214519">
        <ele>232.2</ele>
      </trkpt>
      <trkpt lat="38.294041" lon="127.214555">
        <ele>232.3</ele>
      </trkpt>
      <trkpt lat="38.294076" lon="127.214591">
        <ele>232.3</ele>
      </trkpt>
      <trkpt lat="38.294111" lon="127.214627">
        <ele>232.4</ele>
      </trkpt>
      <trkpt lat="38.294146" lon="127.214663">
        <ele>232.4</ele>
      </trkpt>
      <trkpt lat="38.294181" lon="127.214699">
        <ele>232.5</ele>
      </trkpt>
      <trkpt lat="38.294216" lon="127.214735">
        <ele>232.6</ele>
      </trkpt>
      <trkpt lat="38.294251" lon="127.214771">
        <ele>232.6</ele>
      </trkpt>
      <trkpt lat="38.294286" lon="127.214807">
        <ele>232.7</ele>
      </trkpt>
      <trkpt lat="38.294321" lon="127.214843">
        <ele>232.7</ele>
      </trkpt>
      <trkpt lat="38.294356" lon="127.214879">
        <ele>232.8</ele>
      </trkpt>
      <trkpt lat="38.294391" lon="127.214915">
        <ele>232.8</ele>
      </trkpt>
      <trkpt lat="38.294425" lon="127.214953">
        <ele>232.8</ele>
      </trkpt>
      <trkpt lat="38.294458" lon="127.214991">
        <ele>232.8</ele>
      </trkpt>
      <trkpt lat="38.294492" lon="127.215028">
        <ele>232.8</ele>
      </trkpt>
      <trkpt lat="38.294526" lon="127.215066">
        <ele>232.8</ele>
      </trkpt>
      <trkpt lat="38.294560" lon="127.215103">
        <ele>232.8</ele>
      </trkpt>
      <trkpt lat="38.294594" lon="127.215141">
        <ele>232.8</ele>
      </trkpt>
      <trkpt lat="38.294628" lon="127.215179">
        <ele>232.8</ele>
      </trkpt>
      <trkpt lat="38.294662" lon="127.215216">
        <ele>232.8</ele>
      </trkpt>
      <trkpt lat="38.294696" lon="127.215254">
        <ele>232.8</ele>
      </trkpt>
      <trkpt lat="38.294730" lon="127.215290">
        <ele>232.8</ele>
      </trkpt>
      <trkpt lat="38.294766" lon="127.215326">
        <ele>232.9</ele>
      </trkpt>
      <trkpt lat="38.294801" lon="127.215361">
        <ele>233.0</ele>
      </trkpt>
      <trkpt lat="38.294837" lon="127.215396">
        <ele>233.1</ele>
      </trkpt>
      <trkpt lat="38.294872" lon="127.215432">
        <ele>233.2</ele>
      </trkpt>
      <trkpt lat="38.294908" lon="127.215467">
        <ele>233.3</ele>
      </trkpt>
      <trkpt lat="38.294943" lon="127.215502">
        <ele>233.5</ele>
      </trkpt>
      <trkpt lat="38.294978" lon="127.215538">
        <ele>233.6</ele>
      </trkpt>
      <trkpt lat="38.295014" lon="127.215573">
        <ele>233.7</ele>
      </trkpt>
      <trkpt lat="38.295049" lon="127.215608">
        <ele>233.8</ele>
      </trkpt>
      <trkpt lat="38.295085" lon="127.215644">
        <ele>233.9</ele>
      </trkpt>
      <trkpt lat="38.295120" lon="127.215679">
        <ele>234.0</ele>
      </trkpt>
      <trkpt lat="38.295155" lon="127.215714">
        <ele>234.1</ele>
      </trkpt>
      <trkpt lat="38.295191" lon="127.215750">
        <ele>234.2</ele>
      </trkpt>
      <trkpt lat="38.295226" lon="127.215785">
        <ele>234.3</ele>
      </trkpt>
      <trkpt lat="38.295262" lon="127.215820">
        <ele>234.4</ele>
      </trkpt>
      <trkpt lat="38.295297" lon="127.215855">
        <ele>234.5</ele>
      </trkpt>
      <trkpt lat="38.295332" lon="127.215891">
        <ele>234.6</ele>
      </trkpt>
      <trkpt lat="38.295368" lon="127.215926">
        <ele>234.7</ele>
      </trkpt>
      <trkpt lat="38.295403" lon="127.215961">
        <ele>234.8</ele>
      </trkpt>
      <trkpt lat="38.295439" lon="127.215997">
        <ele>234.9</ele>
      </trkpt>
      <trkpt lat="38.295474" lon="127.216032">
        <ele>235.0</ele>
      </trkpt>
      <trkpt lat="38.295510" lon="127.216067">
        <ele>235.1</ele>
      </trkpt>
      <trkpt lat="38.295546" lon="127.216101">
        <ele>235.1</ele>
      </trkpt>
      <trkpt lat="38.295582" lon="127.216135">
        <ele>235.2</ele>
      </trkpt>
      <trkpt lat="38.295618" lon="127.216169">
        <ele>235.3</ele>
      </trkpt>
      <trkpt lat="38.295654" lon="127.216203">
        <ele>235.4</ele>
      </trkpt>
      <trkpt lat="38.295690" lon="127.216238">
        <ele>235.5</ele>
      </trkpt>
      <trkpt lat="38.295726" lon="127.216272">
        <ele>235.6</ele>
      </trkpt>
      <trkpt lat="38.295762" lon="127.216306">
        <ele>235.6</ele>
      </trkpt>
      <trkpt lat="38.295799" lon="127.216340">
        <ele>235.7</ele>
      </trkpt>
      <trkpt lat="38.295835" lon="127.216374">
        <ele>235.8</ele>
      </trkpt>
      <trkpt lat="38.295871" lon="127.216409">
        <ele>235.9</ele>
      </trkpt>
      <trkpt lat="38.295907" lon="127.216443">
        <ele>236.0</ele>
      </trkpt>
      <trkpt lat="38.295943" lon="127.216477">
        <ele>236.0</ele>
      </trkpt>
      <trkpt lat="38.295979" lon="127.216511">
        <ele>236.1</ele>
      </trkpt>
      <trkpt lat="38.296015" lon="127.216545">
        <ele>236.2</ele>
      </trkpt>
      <trkpt lat="38.296051" lon="127.216580">
        <ele>236.3</ele>
      </trkpt>
      <trkpt lat="38.296087" lon="127.216614">
        <ele>236.4</ele>
      </trkpt>
      <trkpt lat="38.296123" lon="127.216648">
        <ele>236.5</ele>
      </trkpt>
      <trkpt lat="38.296163" lon="127.216675">
        <ele>236.5</ele>
      </trkpt>
      <trkpt lat="38.296205" lon="127.216694">
        <ele>236.4</ele>
      </trkpt>
      <trkpt lat="38.296247" lon="127.216714">
        <ele>236.4</ele>
      </trkpt>
      <trkpt lat="38.296289" lon="127.216734">
        <ele>236.3</ele>
      </trkpt>
      <trkpt lat="38.296328" lon="127.216761">
        <ele>236.3</ele>
      </trkpt>
      <trkpt lat="38.296365" lon="127.216795">
        <ele>236.2</ele>
      </trkpt>
      <trkpt lat="38.296401" lon="127.216828">
        <ele>236.2</ele>
      </trkpt>
      <trkpt lat="38.296438" lon="127.216862">
        <ele>236.2</ele>
      </trkpt>
      <trkpt lat="38.296474" lon="127.216895">
        <ele>236.1</ele>
      </trkpt>
      <trkpt lat="38.296511" lon="127.216928">
        <ele>236.1</ele>
      </trkpt>
      <trkpt lat="38.296547" lon="127.216962">
        <ele>236.0</ele>
      </trkpt>
      <trkpt lat="38.296584" lon="127.216995">
        <ele>236.0</ele>
      </trkpt>
      <trkpt lat="38.296619" lon="127.217031">
        <ele>236.0</ele>
      </trkpt>
      <trkpt lat="38.296654" lon="127.217066">
        <ele>236.0</ele>
      </trkpt>
      <trkpt lat="38.296690" lon="127.217102">
        <ele>236.1</ele>
      </trkpt>
      <trkpt lat="38.296725" lon="127.217137">
        <ele>236.1</ele>
      </trkpt>
      <trkpt lat="38.296760" lon="127.217173">
        <ele>236.1</ele>
      </trkpt>
      <trkpt lat="38.296795" lon="127.217208">
        <ele>236.1</ele>
      </trkpt>
      <trkpt lat="38.296831" lon="127.217244">
        <ele>236.1</ele>
      </trkpt>
      <trkpt lat="38.296866" lon="127.217280">
        <ele>236.1</ele>
      </trkpt>
      <trkpt lat="38.296901" lon="127.217315">
        <ele>236.2</ele>
      </trkpt>
      <trkpt lat="38.296936" lon="127.217351">
        <ele>236.2</ele>
      </trkpt>
      <trkpt lat="38.296972" lon="127.217386">
        <ele>236.2</ele>
      </trkpt>
      <trkpt lat="38.297007" lon="127.217422">
        <ele>236.2</ele>
      </trkpt>
      <trkpt lat="38.297042" lon="127.217458">
        <ele>236.2</ele>
      </trkpt>
      <trkpt lat="38.297077" lon="127.217493">
        <ele>236.3</ele>
      </trkpt>
      <trkpt lat="38.297113" lon="127.217529">
        <ele>236.3</ele>
      </trkpt>
      <trkpt lat="38.297148" lon="127.217564">
        <ele>236.3</ele>
      </trkpt>
      <trkpt lat="38.297183" lon="127.217600">
        <ele>236.3</ele>
      </trkpt>
      <trkpt lat="38.297218" lon="127.217635">
        <ele>236.3</ele>
      </trkpt>
      <trkpt lat="38.297254" lon="127.217671">
        <ele>236.4</ele>
      </trkpt>
      <trkpt lat="38.297289" lon="127.217707">
        <ele>236.4</ele>
      </trkpt>
      <trkpt lat="38.297324" lon="127.217742">
        <ele>236.4</ele>
      </trkpt>
      <trkpt lat="38.297359" lon="127.217778">
        <ele>236.4</ele>
      </trkpt>
      <trkpt lat="38.297395" lon="127.217813">
        <ele>236.4</ele>
      </trkpt>
      <trkpt lat="38.297430" lon="127.217849">
        <ele>236.5</ele>
      </trkpt>
      <trkpt lat="38.297465" lon="127.217885">
        <ele>236.5</ele>
      </trkpt>
      <trkpt lat="38.297500" lon="127.217920">
        <ele>236.5</ele>
      </trkpt>
      <trkpt lat="38.297536" lon="127.217954">
        <ele>236.5</ele>
      </trkpt>
      <trkpt lat="38.297574" lon="127.217986">
        <ele>236.7</ele>
      </trkpt>
      <trkpt lat="38.297611" lon="127.218018">
        <ele>236.8</ele>
      </trkpt>
      <trkpt lat="38.297649" lon="127.218050">
        <ele>236.9</ele>
      </trkpt>
      <trkpt lat="38.297686" lon="127.218082">
        <ele>237.0</ele>
      </trkpt>
      <trkpt lat="38.297723" lon="127.218113">
        <ele>237.1</ele>
      </trkpt>
      <trkpt lat="38.297761" lon="127.218145">
        <ele>237.3</ele>
      </trkpt>
      <trkpt lat="38.297798" lon="127.218177">
        <ele>237.4</ele>
      </trkpt>
      <trkpt lat="38.297835" lon="127.218209">
        <ele>237.5</ele>
      </trkpt>
      <trkpt lat="38.297873" lon="127.218241">
        <ele>237.6</ele>
      </trkpt>
      <trkpt lat="38.297910" lon="127.218273">
        <ele>237.7</ele>
      </trkpt>
      <trkpt lat="38.297948" lon="127.218305">
        <ele>237.9</ele>
      </trkpt>
      <trkpt lat="38.297985" lon="127.218337">
        <ele>238.0</ele>
      </trkpt>
      <trkpt lat="38.298021" lon="127.218371">
        <ele>238.1</ele>
      </trkpt>
      <trkpt lat="38.298056" lon="127.218406">
        <ele>238.2</ele>
      </trkpt>
      <trkpt lat="38.298092" lon="127.218441">
        <ele>238.3</ele>
      </trkpt>
      <trkpt lat="38.298128" lon="127.218476">
        <ele>238.4</ele>
      </trkpt>
      <trkpt lat="38.298163" lon="127.218511">
        <ele>238.4</ele>
      </trkpt>
      <trkpt lat="38.298199" lon="127.218545">
        <ele>238.5</ele>
      </trkpt>
      <trkpt lat="38.298235" lon="127.218580">
        <ele>238.6</ele>
      </trkpt>
      <trkpt lat="38.298270" lon="127.218615">
        <ele>238.7</ele>
      </trkpt>
      <trkpt lat="38.298306" lon="127.218650">
        <ele>238.8</ele>
      </trkpt>
      <trkpt lat="38.298342" lon="127.218685">
        <ele>238.9</ele>
      </trkpt>
      <trkpt lat="38.298377" lon="127.218720">
        <ele>239.0</ele>
      </trkpt>
      <trkpt lat="38.298413" lon="127.218755">
        <ele>239.1</ele>
      </trkpt>
      <trkpt lat="38.298449" lon="127.218790">
        <ele>239.2</ele>
      </trkpt>
      <trkpt lat="38.298485" lon="127.218825">
        <ele>239.3</ele>
      </trkpt>
      <trkpt lat="38.298520" lon="127.218859">
        <ele>239.4</ele>
      </trkpt>
      <trkpt lat="38.298556" lon="127.218894">
        <ele>239.5</ele>
      </trkpt>
      <trkpt lat="38.298592" lon="127.218929">
        <ele>239.5</ele>
      </trkpt>
      <trkpt lat="38.298627" lon="127.218964">
        <ele>239.6</ele>
      </trkpt>
      <trkpt lat="38.298663" lon="127.218999">
        <ele>239.7</ele>
      </trkpt>
      <trkpt lat="38.298699" lon="127.219034">
        <ele>239.8</ele>
      </trkpt>
      <trkpt lat="38.298734" lon="127.219069">
        <ele>239.9</ele>
      </trkpt>
      <trkpt lat="38.298770" lon="127.219104">
        <ele>240.0</ele>
      </trkpt>
      <trkpt lat="38.298806" lon="127.219138">
        <ele>240.1</ele>
      </trkpt>
      <trkpt lat="38.298841" lon="127.219173">
        <ele>240.2</ele>
      </trkpt>
      <trkpt lat="38.298877" lon="127.219208">
        <ele>240.3</ele>
      </trkpt>
      <trkpt lat="38.298913" lon="127.219243">
        <ele>240.4</ele>
      </trkpt>
      <trkpt lat="38.298948" lon="127.219278">
        <ele>240.5</ele>
      </trkpt>
      <trkpt lat="38.298984" lon="127.219313">
        <ele>240.5</ele>
      </trkpt>
      <trkpt lat="38.299020" lon="127.219348">
        <ele>240.6</ele>
      </trkpt>
      <trkpt lat="38.299055" lon="127.219383">
        <ele>240.7</ele>
      </trkpt>
      <trkpt lat="38.299091" lon="127.219418">
        <ele>240.8</ele>
      </trkpt>
      <trkpt lat="38.299127" lon="127.219452">
        <ele>240.9</ele>
      </trkpt>
      <trkpt lat="38.299162" lon="127.219487">
        <ele>241.0</ele>
      </trkpt>
      <trkpt lat="38.299198" lon="127.219522">
        <ele>241.1</ele>
      </trkpt>
      <trkpt lat="38.299233" lon="127.219557">
        <ele>241.1</ele>
      </trkpt>
      <trkpt lat="38.299269" lon="127.219592">
        <ele>241.1</ele>
      </trkpt>
      <trkpt lat="38.299305" lon="127.219627">
        <ele>241.2</ele>
      </trkpt>
      <trkpt lat="38.299340" lon="127.219662">
        <ele>241.2</ele>
      </trkpt>
      <trkpt lat="38.299376" lon="127.219697">
        <ele>241.3</ele>
      </trkpt>
      <trkpt lat="38.299411" lon="127.219733">
        <ele>241.3</ele>
      </trkpt>
      <trkpt lat="38.299447" lon="127.219768">
        <ele>241.4</ele>
      </trkpt>
      <trkpt lat="38.299483" lon="127.219803">
        <ele>241.4</ele>
      </trkpt>
      <trkpt lat="38.299518" lon="127.219838">
        <ele>241.5</ele>
      </trkpt>
      <trkpt lat="38.299554" lon="127.219873">
        <ele>241.5</ele>
      </trkpt>
      <trkpt lat="38.299589" lon="127.219908">
        <ele>241.6</ele>
      </trkpt>
      <trkpt lat="38.299625" lon="127.219943">
        <ele>241.6</ele>
      </trkpt>
      <trkpt lat="38.299660" lon="127.219978">
        <ele>241.7</ele>
      </trkpt>
      <trkpt lat="38.299696" lon="127.220013">
        <ele>241.7</ele>
      </trkpt>
      <trkpt lat="38.299732" lon="127.220048">
        <ele>241.8</ele>
      </trkpt>
      <trkpt lat="38.299767" lon="127.220083">
        <ele>241.8</ele>
      </trkpt>
      <trkpt lat="38.299803" lon="127.220118">
        <ele>241.9</ele>
      </trkpt>
      <trkpt lat="38.299838" lon="127.220153">
        <ele>241.9</ele>
      </trkpt>
      <trkpt lat="38.299874" lon="127.220188">
        <ele>242.0</ele>
      </trkpt>
      <trkpt lat="38.299910" lon="127.220223">
        <ele>242.0</ele>
      </trkpt>
      <trkpt lat="38.299945" lon="127.220258">
        <ele>242.1</ele>
      </trkpt>
      <trkpt lat="38.299981" lon="127.220293">
        <ele>242.1</ele>
      </trkpt>
      <trkpt lat="38.300016" lon="127.220328">
        <ele>242.2</ele>
      </trkpt>
      <trkpt lat="38.300052" lon="127.220363">
        <ele>242.2</ele>
      </trkpt>
      <trkpt lat="38.300087" lon="127.220398">
        <ele>242.3</ele>
      </trkpt>
      <trkpt lat="38.300123" lon="127.220433">
        <ele>242.3</ele>
      </trkpt>
      <trkpt lat="38.300159" lon="127.220468">
        <ele>242.4</ele>
      </trkpt>
      <trkpt lat="38.300194" lon="127.220503">
        <ele>242.4</ele>
      </trkpt>
      <trkpt lat="38.300230" lon="127.220538">
        <ele>242.5</ele>
      </trkpt>
      <trkpt lat="38.300265" lon="127.220573">
        <ele>242.5</ele>
      </trkpt>
      <trkpt lat="38.300301" lon="127.220608">
        <ele>242.6</ele>
      </trkpt>
      <trkpt lat="38.300336" lon="127.220643">
        <ele>242.6</ele>
      </trkpt>
      <trkpt lat="38.300372" lon="127.220678">
        <ele>242.7</ele>
      </trkpt>
      <trkpt lat="38.300408" lon="127.220713">
        <ele>242.7</ele>
      </trkpt>
      <trkpt lat="38.300443" lon="127.220748">
        <ele>242.8</ele>
      </trkpt>
      <trkpt lat="38.300478" lon="127.220784">
        <ele>242.9</ele>
      </trkpt>
      <trkpt lat="38.300513" lon="127.220821">
        <ele>243.2</ele>
      </trkpt>
      <trkpt lat="38.300548" lon="127.220857">
        <ele>243.4</ele>
      </trkpt>
      <trkpt lat="38.300582" lon="127.220894">
        <ele>243.7</ele>
      </trkpt>
      <trkpt lat="38.300617" lon="127.220930">
        <ele>243.9</ele>
      </trkpt>
      <trkpt lat="38.300652" lon="127.220967">
        <ele>244.1</ele>
      </trkpt>
      <trkpt lat="38.300686" lon="127.221003">
        <ele>244.4</ele>
      </trkpt>
      <trkpt lat="38.300722" lon="127.221038">
        <ele>244.5</ele>
      </trkpt>
      <trkpt lat="38.300759" lon="127.221070">
        <ele>244.5</ele>
      </trkpt>
      <trkpt lat="38.300796" lon="127.221103">
        <ele>244.6</ele>
      </trkpt>
      <trkpt lat="38.300833" lon="127.221135">
        <ele>244.6</ele>
      </trkpt>
      <trkpt lat="38.300870" lon="127.221168">
        <ele>244.6</ele>
      </trkpt>
      <trkpt lat="38.300907" lon="127.221200">
        <ele>244.7</ele>
      </trkpt>
      <trkpt lat="38.300944" lon="127.221233">
        <ele>244.7</ele>
      </trkpt>
      <trkpt lat="38.300981" lon="127.221265">
        <ele>244.7</ele>
      </trkpt>
      <trkpt lat="38.301018" lon="127.221298">
        <ele>244.8</ele>
      </trkpt>
      <trkpt lat="38.301055" lon="127.221330">
        <ele>244.8</ele>
      </trkpt>
      <trkpt lat="38.301091" lon="127.221366">
        <ele>244.8</ele>
      </trkpt>
      <trkpt lat="38.301125" lon="127.221402">
        <ele>244.9</ele>
      </trkpt>
      <trkpt lat="38.301160" lon="127.221439">
        <ele>244.9</ele>
      </trkpt>
      <trkpt lat="38.301195" lon="127.221475">
        <ele>244.9</ele>
      </trkpt>
      <trkpt lat="38.301230" lon="127.221511">
        <ele>244.9</ele>
      </trkpt>
      <trkpt lat="38.301264" lon="127.221548">
        <ele>245.0</ele>
      </trkpt>
      <trkpt lat="38.301299" lon="127.221584">
        <ele>245.0</ele>
      </trkpt>
      <trkpt lat="38.301334" lon="127.221620">
        <ele>245.0</ele>
      </trkpt>
      <trkpt lat="38.301369" lon="127.221657">
        <ele>245.1</ele>
      </trkpt>
      <trkpt lat="38.301404" lon="127.221693">
        <ele>245.1</ele>
      </trkpt>
      <trkpt lat="38.301438" lon="127.221729">
        <ele>245.1</ele>
      </trkpt>
      <trkpt lat="38.301473" lon="127.221766">
        <ele>245.2</ele>
      </trkpt>
      <trkpt lat="38.301508" lon="127.221802">
        <ele>245.2</ele>
      </trkpt>
      <trkpt lat="38.301543" lon="127.221838">
        <ele>245.2</ele>
      </trkpt>
      <trkpt lat="38.301577" lon="127.221875">
        <ele>245.2</ele>
      </trkpt>
      <trkpt lat="38.301612" lon="127.221911">
        <ele>245.3</ele>
      </trkpt>
      <trkpt lat="38.301647" lon="127.221947">
        <ele>245.3</ele>
      </trkpt>
      <trkpt lat="38.301682" lon="127.221984">
        <ele>245.3</ele>
      </trkpt>
      <trkpt lat="38.301717" lon="127.222020">
        <ele>245.4</ele>
      </trkpt>
      <trkpt lat="38.301751" lon="127.222056">
        <ele>245.4</ele>
      </trkpt>
      <trkpt lat="38.301786" lon="127.222093">
        <ele>245.4</ele>
      </trkpt>
      <trkpt lat="38.301821" lon="127.222129">
        <ele>245.5</ele>
      </trkpt>
      <trkpt lat="38.301856" lon="127.222165">
        <ele>245.5</ele>
      </trkpt>
      <trkpt lat="38.301890" lon="127.222202">
        <ele>245.5</ele>
      </trkpt>
      <trkpt lat="38.301925" lon="127.222238">
        <ele>245.5</ele>
      </trkpt>
      <trkpt lat="38.301960" lon="127.222274">
        <ele>245.6</ele>
      </trkpt>
      <trkpt lat="38.301995" lon="127.222311">
        <ele>245.6</ele>
      </trkpt>
      <trkpt lat="38.302029" lon="127.222347">
        <ele>245.6</ele>
      </trkpt>
      <trkpt lat="38.302064" lon="127.222383">
        <ele>245.7</ele>
      </trkpt>
      <trkpt lat="38.302099" lon="127.222420">
        <ele>245.7</ele>
      </trkpt>
      <trkpt lat="38.302134" lon="127.222456">
        <ele>245.7</ele>
      </trkpt>
      <trkpt lat="38.302169" lon="127.222492">
        <ele>245.8</ele>
      </trkpt>
      <trkpt lat="38.302203" lon="127.222529">
        <ele>245.8</ele>
      </trkpt>
      <trkpt lat="38.302241" lon="127.222534">
        <ele>245.9</ele>
      </trkpt>
      <trkpt lat="38.302282" lon="127.222510">
        <ele>246.1</ele>
      </trkpt>
      <trkpt lat="38.302323" lon="127.222486">
        <ele>246.3</ele>
      </trkpt>
      <trkpt lat="38.302367" lon="127.222491">
        <ele>246.4</ele>
      </trkpt>
      <trkpt lat="38.302398" lon="127.222468">
        <ele>246.5</ele>
      </trkpt>
      <trkpt lat="38.302421" lon="127.222419">
        <ele>246.5</ele>
      </trkpt>
      <trkpt lat="38.302447" lon="127.222372">
        <ele>246.6</ele>
      </trkpt>
      <trkpt lat="38.302473" lon="127.222325">
        <ele>246.7</ele>
      </trkpt>
      <trkpt lat="38.302499" lon="127.222279">
        <ele>246.7</ele>
      </trkpt>
      <trkpt lat="38.302525" lon="127.222232">
        <ele>246.8</ele>
      </trkpt>
      <trkpt lat="38.302551" lon="127.222185">
        <ele>246.9</ele>
      </trkpt>
      <trkpt lat="38.302578" lon="127.222139">
        <ele>246.9</ele>
      </trkpt>
      <trkpt lat="38.302604" lon="127.222092">
        <ele>247.0</ele>
      </trkpt>
      <trkpt lat="38.302630" lon="127.222045">
        <ele>247.1</ele>
      </trkpt>
      <trkpt lat="38.302656" lon="127.221999">
        <ele>247.1</ele>
      </trkpt>
      <trkpt lat="38.302682" lon="127.221952">
        <ele>247.2</ele>
      </trkpt>
      <trkpt lat="38.302708" lon="127.221905">
        <ele>247.3</ele>
      </trkpt>
      <trkpt lat="38.302734" lon="127.221859">
        <ele>247.3</ele>
      </trkpt>
      <trkpt lat="38.302760" lon="127.221812">
        <ele>247.4</ele>
      </trkpt>
      <trkpt lat="38.302786" lon="127.221765">
        <ele>247.5</ele>
      </trkpt>
      <trkpt lat="38.302813" lon="127.221719">
        <ele>247.5</ele>
      </trkpt>
      <trkpt lat="38.302839" lon="127.221672">
        <ele>247.6</ele>
      </trkpt>
      <trkpt lat="38.302865" lon="127.221626">
        <ele>247.7</ele>
      </trkpt>
      <trkpt lat="38.302891" lon="127.221579">
        <ele>247.7</ele>
      </trkpt>
      <trkpt lat="38.302917" lon="127.221532">
        <ele>247.8</ele>
      </trkpt>
      <trkpt lat="38.302943" lon="127.221486">
        <ele>247.9</ele>
      </trkpt>
      <trkpt lat="38.302969" lon="127.221439">
        <ele>247.9</ele>
      </trkpt>
      <trkpt lat="38.302997" lon="127.221406">
        <ele>248.0</ele>
      </trkpt>
      <trkpt lat="38.303033" lon="127.221440">
        <ele>248.1</ele>
      </trkpt>
      <trkpt lat="38.303069" lon="127.221475">
        <ele>248.1</ele>
      </trkpt>
      <trkpt lat="38.303104" lon="127.221510">
        <ele>248.2</ele>
      </trkpt>
      <trkpt lat="38.303140" lon="127.221544">
        <ele>248.3</ele>
      </trkpt>
      <trkpt lat="38.303176" lon="127.221579">
        <ele>248.3</ele>
      </trkpt>
      <trkpt lat="38.303212" lon="127.221613">
        <ele>248.4</ele>
      </trkpt>
      <trkpt lat="38.303248" lon="127.221648">
        <ele>248.5</ele>
      </trkpt>
      <trkpt lat="38.303284" lon="127.221683">
        <ele>248.5</ele>
      </trkpt>
      <trkpt lat="38.303319" lon="127.221717">
        <ele>248.6</ele>
      </trkpt>
      <trkpt lat="38.303355" lon="127.221752">
        <ele>248.7</ele>
      </trkpt>
      <trkpt lat="38.303391" lon="127.221787">
        <ele>248.7</ele>
      </trkpt>
      <trkpt lat="38.303427" lon="127.221821">
        <ele>248.8</ele>
      </trkpt>
      <trkpt lat="38.303463" lon="127.221856">
        <ele>248.9</ele>
      </trkpt>
      <trkpt lat="38.303499" lon="127.221890">
        <ele>248.9</ele>
      </trkpt>
      <trkpt lat="38.303534" lon="127.221925">
        <ele>249.0</ele>
      </trkpt>
      <trkpt lat="38.303570" lon="127.221960">
        <ele>249.1</ele>
      </trkpt>
      <trkpt lat="38.303606" lon="127.221994">
        <ele>249.1</ele>
      </trkpt>
      <trkpt lat="38.303642" lon="127.222029">
        <ele>249.2</ele>
      </trkpt>
      <trkpt lat="38.303678" lon="127.222063">
        <ele>249.3</ele>
      </trkpt>
      <trkpt lat="38.303714" lon="127.222098">
        <ele>249.3</ele>
      </trkpt>
      <trkpt lat="38.303749" lon="127.222133">
        <ele>249.4</ele>
      </trkpt>
      <trkpt lat="38.303785" lon="127.222167">
        <ele>249.5</ele>
      </trkpt>
      <trkpt lat="38.303821" lon="127.222202">
        <ele>249.5</ele>
      </trkpt>
      <trkpt lat="38.303857" lon="127.222237">
        <ele>249.6</ele>
      </trkpt>
      <trkpt lat="38.303893" lon="127.222271">
        <ele>249.7</ele>
      </trkpt>
      <trkpt lat="38.303929" lon="127.222306">
        <ele>249.7</ele>
      </trkpt>
      <trkpt lat="38.303964" lon="127.222340">
        <ele>249.8</ele>
      </trkpt>
      <trkpt lat="38.304000" lon="127.222375">
        <ele>249.8</ele>
      </trkpt>
      <trkpt lat="38.304036" lon="127.222410">
        <ele>249.9</ele>
      </trkpt>
      <trkpt lat="38.304072" lon="127.222444">
        <ele>250.0</ele>
      </trkpt>
      <trkpt lat="38.304108" lon="127.222479">
        <ele>250.0</ele>
      </trkpt>
      <trkpt lat="38.304144" lon="127.222513">
        <ele>250.1</ele>
      </trkpt>
      <trkpt lat="38.304179" lon="127.222548">
        <ele>250.2</ele>
      </trkpt>
      <trkpt lat="38.304215" lon="127.222583">
        <ele>250.2</ele>
      </trkpt>
      <trkpt lat="38.304251" lon="127.222617">
        <ele>250.3</ele>
      </trkpt>
      <trkpt lat="38.304287" lon="127.222652">
        <ele>250.4</ele>
      </trkpt>
      <trkpt lat="38.304323" lon="127.222687">
        <ele>250.4</ele>
      </trkpt>
      <trkpt lat="38.304359" lon="127.222721">
        <ele>250.5</ele>
      </trkpt>
      <trkpt lat="38.304394" lon="127.222756">
        <ele>250.6</ele>
      </trkpt>
      <trkpt lat="38.304430" lon="127.222790">
        <ele>250.6</ele>
      </trkpt>
      <trkpt lat="38.304466" lon="127.222825">
        <ele>250.7</ele>
      </trkpt>
      <trkpt lat="38.304502" lon="127.222860">
        <ele>250.8</ele>
      </trkpt>
      <trkpt lat="38.304538" lon="127.222894">
        <ele>250.8</ele>
      </trkpt>
      <trkpt lat="38.304574" lon="127.222929">
        <ele>250.8</ele>
      </trkpt>
      <trkpt lat="38.304609" lon="127.222963">
        <ele>250.8</ele>
      </trkpt>
      <trkpt lat="38.304645" lon="127.222998">
        <ele>250.8</ele>
      </trkpt>
      <trkpt lat="38.304681" lon="127.223033">
        <ele>250.8</ele>
      </trkpt>
      <trkpt lat="38.304717" lon="127.223067">
        <ele>250.8</ele>
      </trkpt>
      <trkpt lat="38.304753" lon="127.223102">
        <ele>250.8</ele>
      </trkpt>
      <trkpt lat="38.304789" lon="127.223137">
        <ele>250.8</ele>
      </trkpt>
      <trkpt lat="38.304824" lon="127.223171">
        <ele>250.8</ele>
      </trkpt>
      <trkpt lat="38.304860" lon="127.223206">
        <ele>250.8</ele>
      </trkpt>
      <trkpt lat="38.304896" lon="127.223240">
        <ele>250.8</ele>
      </trkpt>
      <trkpt lat="38.304932" lon="127.223275">
        <ele>250.9</ele>
      </trkpt>
      <trkpt lat="38.304968" lon="127.223310">
        <ele>250.9</ele>
      </trkpt>
      <trkpt lat="38.305004" lon="127.223344">
        <ele>250.9</ele>
      </trkpt>
      <trkpt lat="38.305039" lon="127.223379">
        <ele>250.9</ele>
      </trkpt>
      <trkpt lat="38.305075" lon="127.223414">
        <ele>250.9</ele>
      </trkpt>
      <trkpt lat="38.305111" lon="127.223448">
        <ele>250.9</ele>
      </trkpt>
      <trkpt lat="38.305147" lon="127.223483">
        <ele>250.9</ele>
      </trkpt>
      <trkpt lat="38.305183" lon="127.223517">
        <ele>250.9</ele>
      </trkpt>
      <trkpt lat="38.305219" lon="127.223552">
        <ele>250.9</ele>
      </trkpt>
      <trkpt lat="38.305254" lon="127.223587">
        <ele>250.9</ele>
      </trkpt>
      <trkpt lat="38.305290" lon="127.223621">
        <ele>250.9</ele>
      </trkpt>
      <trkpt lat="38.305326" lon="127.223656">
        <ele>250.9</ele>
      </trkpt>
      <trkpt lat="38.305362" lon="127.223691">
        <ele>250.9</ele>
      </trkpt>
      <trkpt lat="38.305398" lon="127.223725">
        <ele>250.9</ele>
      </trkpt>
      <trkpt lat="38.305434" lon="127.223760">
        <ele>250.9</ele>
      </trkpt>
      <trkpt lat="38.305469" lon="127.223794">
        <ele>250.9</ele>
      </trkpt>
      <trkpt lat="38.305505" lon="127.223829">
        <ele>250.9</ele>
      </trkpt>
      <trkpt lat="38.305541" lon="127.223864">
        <ele>250.9</ele>
      </trkpt>
      <trkpt lat="38.305577" lon="127.223898">
        <ele>250.9</ele>
      </trkpt>
      <trkpt lat="38.305613" lon="127.223933">
        <ele>250.9</ele>
      </trkpt>
      <trkpt lat="38.305649" lon="127.223967">
        <ele>250.9</ele>
      </trkpt>
      <trkpt lat="38.305684" lon="127.224002">
        <ele>251.0</ele>
      </trkpt>
      <trkpt lat="38.305720" lon="127.224037">
        <ele>251.0</ele>
      </trkpt>
      <trkpt lat="38.305756" lon="127.224071">
        <ele>251.0</ele>
      </trkpt>
      <trkpt lat="38.305792" lon="127.224106">
        <ele>251.0</ele>
      </trkpt>
      <trkpt lat="38.305828" lon="127.224141">
        <ele>251.0</ele>
      </trkpt>
      <trkpt lat="38.305864" lon="127.224175">
        <ele>251.0</ele>
      </trkpt>
      <trkpt lat="38.305899" lon="127.224210">
        <ele>251.0</ele>
      </trkpt>
      <trkpt lat="38.305935" lon="127.224244">
        <ele>251.0</ele>
      </trkpt>
      <trkpt lat="38.305971" lon="127.224279">
        <ele>251.0</ele>
      </trkpt>
      <trkpt lat="38.306007" lon="127.224314">
        <ele>251.0</ele>
      </trkpt>
      <trkpt lat="38.306043" lon="127.224348">
        <ele>251.0</ele>
      </trkpt>
      <trkpt lat="38.306079" lon="127.224383">
        <ele>251.1</ele>
      </trkpt>
      <trkpt lat="38.306114" lon="127.224418">
        <ele>251.2</ele>
      </trkpt>
      <trkpt lat="38.306150" lon="127.224452">
        <ele>251.3</ele>
      </trkpt>
      <trkpt lat="38.306186" lon="127.224487">
        <ele>251.4</ele>
      </trkpt>
      <trkpt lat="38.306222" lon="127.224521">
        <ele>251.5</ele>
      </trkpt>
      <trkpt lat="38.306258" lon="127.224556">
        <ele>251.5</ele>
      </trkpt>
      <trkpt lat="38.306293" lon="127.224591">
        <ele>251.6</ele>
      </trkpt>
      <trkpt lat="38.306329" lon="127.224625">
        <ele>251.7</ele>
      </trkpt>
      <trkpt lat="38.306365" lon="127.224660">
        <ele>251.8</ele>
      </trkpt>
      <trkpt lat="38.306401" lon="127.224695">
        <ele>251.9</ele>
      </trkpt>
      <trkpt lat="38.306437" lon="127.224729">
        <ele>252.0</ele>
      </trkpt>
      <trkpt lat="38.306473" lon="127.224764">
        <ele>252.1</ele>
      </trkpt>
      <trkpt lat="38.306508" lon="127.224799">
        <ele>252.1</ele>
      </trkpt>
      <trkpt lat="38.306544" lon="127.224833">
        <ele>252.2</ele>
      </trkpt>
      <trkpt lat="38.306580" lon="127.224868">
        <ele>252.3</ele>
      </trkpt>
      <trkpt lat="38.306616" lon="127.224902">
        <ele>252.4</ele>
      </trkpt>
      <trkpt lat="38.306652" lon="127.224937">
        <ele>252.5</ele>
      </trkpt>
      <trkpt lat="38.306688" lon="127.224972">
        <ele>252.6</ele>
      </trkpt>
      <trkpt lat="38.306723" lon="127.225006">
        <ele>252.7</ele>
      </trkpt>
      <trkpt lat="38.306759" lon="127.225041">
        <ele>252.7</ele>
      </trkpt>
      <trkpt lat="38.306795" lon="127.225076">
        <ele>252.8</ele>
      </trkpt>
      <trkpt lat="38.306831" lon="127.225110">
        <ele>252.9</ele>
      </trkpt>
      <trkpt lat="38.306867" lon="127.225145">
        <ele>253.0</ele>
      </trkpt>
      <trkpt lat="38.306902" lon="127.225179">
        <ele>253.1</ele>
      </trkpt>
      <trkpt lat="38.306938" lon="127.225214">
        <ele>253.2</ele>
      </trkpt>
      <trkpt lat="38.306974" lon="127.225249">
        <ele>253.3</ele>
      </trkpt>
      <trkpt lat="38.307010" lon="127.225283">
        <ele>253.3</ele>
      </trkpt>
      <trkpt lat="38.307046" lon="127.225318">
        <ele>253.4</ele>
      </trkpt>
      <trkpt lat="38.307082" lon="127.225353">
        <ele>253.5</ele>
      </trkpt>
      <trkpt lat="38.307117" lon="127.225387">
        <ele>253.6</ele>
      </trkpt>
      <trkpt lat="38.307153" lon="127.225422">
        <ele>253.7</ele>
      </trkpt>
      <trkpt lat="38.307189" lon="127.225456">
        <ele>253.8</ele>
      </trkpt>
      <trkpt lat="38.307225" lon="127.225491">
        <ele>253.9</ele>
      </trkpt>
      <trkpt lat="38.307261" lon="127.225526">
        <ele>253.9</ele>
      </trkpt>
      <trkpt lat="38.307297" lon="127.225560">
        <ele>254.0</ele>
      </trkpt>
      <trkpt lat="38.307332" lon="127.225595">
        <ele>254.1</ele>
      </trkpt>
      <trkpt lat="38.307368" lon="127.225630">
        <ele>254.2</ele>
      </trkpt>
      <trkpt lat="38.307404" lon="127.225664">
        <ele>254.3</ele>
      </trkpt>
      <trkpt lat="38.307440" lon="127.225699">
        <ele>254.4</ele>
      </trkpt>
      <trkpt lat="38.307476" lon="127.225734">
        <ele>254.5</ele>
      </trkpt>
      <trkpt lat="38.307512" lon="127.225768">
        <ele>254.5</ele>
      </trkpt>
      <trkpt lat="38.307547" lon="127.225803">
        <ele>254.6</ele>
      </trkpt>
      <trkpt lat="38.307583" lon="127.225837">
        <ele>254.7</ele>
      </trkpt>
      <trkpt lat="38.307619" lon="127.225872">
        <ele>254.8</ele>
      </trkpt>
      <trkpt lat="38.307655" lon="127.225907">
        <ele>254.9</ele>
      </trkpt>
      <trkpt lat="38.307691" lon="127.225941">
        <ele>255.0</ele>
      </trkpt>
      <trkpt lat="38.307726" lon="127.225976">
        <ele>255.1</ele>
      </trkpt>
      <trkpt lat="38.307762" lon="127.226011">
        <ele>255.1</ele>
      </trkpt>
      <trkpt lat="38.307798" lon="127.226045">
        <ele>255.2</ele>
      </trkpt>
      <trkpt lat="38.307834" lon="127.226072">
        <ele>255.3</ele>
      </trkpt>
      <trkpt lat="38.307854" lon="127.226100">
        <ele>253.0</ele>
      </trkpt>
      <trkpt lat="38.307890" lon="127.226134">
        <ele>253.1</ele>
      </trkpt>
      <trkpt lat="38.307926" lon="127.226169">
        <ele>253.1</ele>
      </trkpt>
      <trkpt lat="38.307962" lon="127.226203">
        <ele>253.2</ele>
      </trkpt>
      <trkpt lat="38.307998" lon="127.226238">
        <ele>253.2</ele>
      </trkpt>
      <trkpt lat="38.308034" lon="127.226273">
        <ele>253.2</ele>
      </trkpt>
      <trkpt lat="38.308069" lon="127.226307">
        <ele>253.3</ele>
      </trkpt>
      <trkpt lat="38.308105" lon="127.226342">
        <ele>253.3</ele>
      </trkpt>
      <trkpt lat="38.308141" lon="127.226376">
        <ele>253.4</ele>
      </trkpt>
      <trkpt lat="38.308177" lon="127.226411">
        <ele>253.4</ele>
      </trkpt>
      <trkpt lat="38.308213" lon="127.226446">
        <ele>253.4</ele>
      </trkpt>
      <trkpt lat="38.308249" lon="127.226480">
        <ele>253.5</ele>
      </trkpt>
      <trkpt lat="38.308284" lon="127.226515">
        <ele>253.5</ele>
      </trkpt>
      <trkpt lat="38.308320" lon="127.226549">
        <ele>253.6</ele>
      </trkpt>
      <trkpt lat="38.308356" lon="127.226584">
        <ele>253.6</ele>
      </trkpt>
      <trkpt lat="38.308392" lon="127.226619">
        <ele>253.7</ele>
      </trkpt>
      <trkpt lat="38.308428" lon="127.226653">
        <ele>253.7</ele>
      </trkpt>
      <trkpt lat="38.308464" lon="127.226688">
        <ele>253.7</ele>
      </trkpt>
      <trkpt lat="38.308499" lon="127.226722">
        <ele>253.8</ele>
      </trkpt>
      <trkpt lat="38.308535" lon="127.226757">
        <ele>253.8</ele>
      </trkpt>
      <trkpt lat="38.308571" lon="127.226792">
        <ele>253.9</ele>
      </trkpt>
      <trkpt lat="38.308607" lon="127.226826">
        <ele>253.9</ele>
      </trkpt>
      <trkpt lat="38.308643" lon="127.226861">
        <ele>253.9</ele>
      </trkpt>
      <trkpt lat="38.308679" lon="127.226895">
        <ele>254.0</ele>
      </trkpt>
      <trkpt lat="38.308715" lon="127.226930">
        <ele>254.0</ele>
      </trkpt>
      <trkpt lat="38.308750" lon="127.226965">
        <ele>254.1</ele>
      </trkpt>
      <trkpt lat="38.308786" lon="127.226999">
        <ele>254.1</ele>
      </trkpt>
      <trkpt lat="38.308822" lon="127.227034">
        <ele>254.2</ele>
      </trkpt>
      <trkpt lat="38.308858" lon="127.227069">
        <ele>254.2</ele>
      </trkpt>
      <trkpt lat="38.308894" lon="127.227103">
        <ele>254.2</ele>
      </trkpt>
      <trkpt lat="38.308930" lon="127.227138">
        <ele>254.3</ele>
      </trkpt>
      <trkpt lat="38.308965" lon="127.227172">
        <ele>254.3</ele>
      </trkpt>
      <trkpt lat="38.309001" lon="127.227207">
        <ele>254.4</ele>
      </trkpt>
      <trkpt lat="38.309037" lon="127.227242">
        <ele>254.4</ele>
      </trkpt>
      <trkpt lat="38.309073" lon="127.227276">
        <ele>254.4</ele>
      </trkpt>
      <trkpt lat="38.309109" lon="127.227311">
        <ele>254.5</ele>
      </trkpt>
      <trkpt lat="38.309145" lon="127.227345">
        <ele>254.5</ele>
      </trkpt>
      <trkpt lat="38.309180" lon="127.227380">
        <ele>254.6</ele>
      </trkpt>
      <trkpt lat="38.309216" lon="127.227415">
        <ele>254.6</ele>
      </trkpt>
      <trkpt lat="38.309252" lon="127.227449">
        <ele>254.7</ele>
      </trkpt>
      <trkpt lat="38.309288" lon="127.227484">
        <ele>254.7</ele>
      </trkpt>
      <trkpt lat="38.309324" lon="127.227518">
        <ele>254.7</ele>
      </trkpt>
      <trkpt lat="38.309360" lon="127.227553">
        <ele>254.8</ele>
      </trkpt>
      <trkpt lat="38.309396" lon="127.227588">
        <ele>254.8</ele>
      </trkpt>
      <trkpt lat="38.309431" lon="127.227622">
        <ele>254.9</ele>
      </trkpt>
      <trkpt lat="38.309467" lon="127.227657">
        <ele>254.9</ele>
      </trkpt>
      <trkpt lat="38.309503" lon="127.227691">
        <ele>254.9</ele>
      </trkpt>
      <trkpt lat="38.309539" lon="127.227726">
        <ele>255.0</ele>
      </trkpt>
      <trkpt lat="38.309575" lon="127.227761">
        <ele>255.0</ele>
      </trkpt>
      <trkpt lat="38.309611" lon="127.227795">
        <ele>255.1</ele>
      </trkpt>
      <trkpt lat="38.309646" lon="127.227830">
        <ele>255.1</ele>
      </trkpt>
      <trkpt lat="38.309682" lon="127.227864">
        <ele>255.2</ele>
      </trkpt>
      <trkpt lat="38.309718" lon="127.227899">
        <ele>255.2</ele>
      </trkpt>
      <trkpt lat="38.309754" lon="127.227934">
        <ele>255.2</ele>
      </trkpt>
      <trkpt lat="38.309790" lon="127.227968">
        <ele>255.3</ele>
      </trkpt>
      <trkpt lat="38.309791" lon="127.228009">
        <ele>255.3</ele>
      </trkpt>
      <trkpt lat="38.309821" lon="127.227999">
        <ele>255.2</ele>
      </trkpt>
      <trkpt lat="38.309823" lon="127.228047">
        <ele>255.3</ele>
      </trkpt>
      <trkpt lat="38.309809" lon="127.228101">
        <ele>255.3</ele>
      </trkpt>
      <trkpt lat="38.309795" lon="127.228156">
        <ele>255.4</ele>
      </trkpt>
      <trkpt lat="38.309781" lon="127.228210">
        <ele>255.4</ele>
      </trkpt>
      <trkpt lat="38.309767" lon="127.228265">
        <ele>255.4</ele>
      </trkpt>
      <trkpt lat="38.309753" lon="127.228319">
        <ele>255.5</ele>
      </trkpt>
      <trkpt lat="38.309739" lon="127.228374">
        <ele>255.5</ele>
      </trkpt>
      <trkpt lat="38.309725" lon="127.228428">
        <ele>255.5</ele>
      </trkpt>
      <trkpt lat="38.309712" lon="127.228483">
        <ele>255.5</ele>
      </trkpt>
      <trkpt lat="38.309698" lon="127.228537">
        <ele>255.6</ele>
      </trkpt>
      <trkpt lat="38.309684" lon="127.228592">
        <ele>255.6</ele>
      </trkpt>
      <trkpt lat="38.309670" lon="127.228646">
        <ele>255.6</ele>
      </trkpt>
      <trkpt lat="38.309656" lon="127.228701">
        <ele>255.7</ele>
      </trkpt>
      <trkpt lat="38.309642" lon="127.228755">
        <ele>255.7</ele>
      </trkpt>
      <trkpt lat="38.309628" lon="127.228810">
        <ele>255.7</ele>
      </trkpt>
      <trkpt lat="38.309614" lon="127.228864">
        <ele>255.7</ele>
      </trkpt>
      <trkpt lat="38.309600" lon="127.228919">
        <ele>255.8</ele>
      </trkpt>
      <trkpt lat="38.309587" lon="127.228973">
        <ele>255.8</ele>
      </trkpt>
      <trkpt lat="38.309573" lon="127.229028">
        <ele>255.8</ele>
      </trkpt>
      <trkpt lat="38.309559" lon="127.229082">
        <ele>255.9</ele>
      </trkpt>
      <trkpt lat="38.309545" lon="127.229137">
        <ele>255.9</ele>
      </trkpt>
      <trkpt lat="38.309531" lon="127.229191">
        <ele>255.9</ele>
      </trkpt>
      <trkpt lat="38.309517" lon="127.229246">
        <ele>255.9</ele>
      </trkpt>
      <trkpt lat="38.309503" lon="127.229300">
        <ele>256.0</ele>
      </trkpt>
      <trkpt lat="38.309489" lon="127.229355">
        <ele>256.0</ele>
      </trkpt>
      <trkpt lat="38.309475" lon="127.229409">
        <ele>256.0</ele>
      </trkpt>
      <trkpt lat="38.309462" lon="127.229464">
        <ele>256.1</ele>
      </trkpt>
      <trkpt lat="38.309448" lon="127.229518">
        <ele>256.1</ele>
      </trkpt>
      <trkpt lat="38.309434" lon="127.229573">
        <ele>256.1</ele>
      </trkpt>
      <trkpt lat="38.309420" lon="127.229627">
        <ele>256.1</ele>
      </trkpt>
      <trkpt lat="38.309406" lon="127.229682">
        <ele>256.2</ele>
      </trkpt>
      <trkpt lat="38.309392" lon="127.229736">
        <ele>256.2</ele>
      </trkpt>
      <trkpt lat="38.309378" lon="127.229791">
        <ele>256.2</ele>
      </trkpt>
      <trkpt lat="38.309364" lon="127.229845">
        <ele>256.3</ele>
      </trkpt>
      <trkpt lat="38.309350" lon="127.229900">
        <ele>256.3</ele>
      </trkpt>
      <trkpt lat="38.309332" lon="127.229952">
        <ele>256.4</ele>
      </trkpt>
      <trkpt lat="38.309309" lon="127.230001">
        <ele>256.5</ele>
      </trkpt>
      <trkpt lat="38.309287" lon="127.230051">
        <ele>256.6</ele>
      </trkpt>
      <trkpt lat="38.309264" lon="127.230101">
        <ele>256.7</ele>
      </trkpt>
      <trkpt lat="38.309242" lon="127.230150">
        <ele>256.8</ele>
      </trkpt>
      <trkpt lat="38.309220" lon="127.230200">
        <ele>256.9</ele>
      </trkpt>
      <trkpt lat="38.309197" lon="127.230250">
        <ele>257.0</ele>
      </trkpt>
      <trkpt lat="38.309175" lon="127.230299">
        <ele>257.1</ele>
      </trkpt>
      <trkpt lat="38.309152" lon="127.230349">
        <ele>257.2</ele>
      </trkpt>
      <trkpt lat="38.309130" lon="127.230399">
        <ele>257.3</ele>
      </trkpt>
      <trkpt lat="38.309112" lon="127.230451">
        <ele>257.2</ele>
      </trkpt>
      <trkpt lat="38.309094" lon="127.230504">
        <ele>257.2</ele>
      </trkpt>
      <trkpt lat="38.309076" lon="127.230556">
        <ele>257.1</ele>
      </trkpt>
      <trkpt lat="38.309058" lon="127.230609">
        <ele>257.1</ele>
      </trkpt>
      <trkpt lat="38.309039" lon="127.230661">
        <ele>257.0</ele>
      </trkpt>
      <trkpt lat="38.309021" lon="127.230713">
        <ele>257.0</ele>
      </trkpt>
      <trkpt lat="38.309005" lon="127.230767">
        <ele>257.0</ele>
      </trkpt>
      <trkpt lat="38.308993" lon="127.230822">
        <ele>257.0</ele>
      </trkpt>
      <trkpt lat="38.308980" lon="127.230877">
        <ele>257.0</ele>
      </trkpt>
      <trkpt lat="38.308967" lon="127.230932">
        <ele>257.0</ele>
      </trkpt>
      <trkpt lat="38.308953" lon="127.230986">
        <ele>257.0</ele>
      </trkpt>
      <trkpt lat="38.308938" lon="127.231040">
        <ele>257.0</ele>
      </trkpt>
      <trkpt lat="38.308924" lon="127.231094">
        <ele>257.0</ele>
      </trkpt>
      <trkpt lat="38.308909" lon="127.231149">
        <ele>257.0</ele>
      </trkpt>
      <trkpt lat="38.308895" lon="127.231203">
        <ele>257.0</ele>
      </trkpt>
      <trkpt lat="38.308880" lon="127.231257">
        <ele>257.0</ele>
      </trkpt>
      <trkpt lat="38.308866" lon="127.231312">
        <ele>257.0</ele>
      </trkpt>
      <trkpt lat="38.308852" lon="127.231366">
        <ele>257.0</ele>
      </trkpt>
      <trkpt lat="38.308837" lon="127.231420">
        <ele>257.0</ele>
      </trkpt>
      <trkpt lat="38.308823" lon="127.231474">
        <ele>257.0</ele>
      </trkpt>
      <trkpt lat="38.308806" lon="127.231528">
        <ele>257.0</ele>
      </trkpt>
      <trkpt lat="38.308789" lon="127.231581">
        <ele>256.9</ele>
      </trkpt>
      <trkpt lat="38.308772" lon="127.231634">
        <ele>256.9</ele>
      </trkpt>
      <trkpt lat="38.308755" lon="127.231687">
        <ele>256.8</ele>
      </trkpt>
      <trkpt lat="38.308738" lon="127.231740">
        <ele>256.8</ele>
      </trkpt>
      <trkpt lat="38.308716" lon="127.231790">
        <ele>256.5</ele>
      </trkpt>
      <trkpt lat="38.308695" lon="127.231840">
        <ele>256.2</ele>
      </trkpt>
      <trkpt lat="38.308671" lon="127.231889">
        <ele>255.9</ele>
      </trkpt>
      <trkpt lat="38.308644" lon="127.231935">
        <ele>255.7</ele>
      </trkpt>
      <trkpt lat="38.308618" lon="127.231981">
        <ele>255.5</ele>
      </trkpt>
      <trkpt lat="38.308587" lon="127.232023">
        <ele>255.4</ele>
      </trkpt>
      <trkpt lat="38.308556" lon="127.232064">
        <ele>255.2</ele>
      </trkpt>
      <trkpt lat="38.308524" lon="127.232105">
        <ele>255.1</ele>
      </trkpt>
      <trkpt lat="38.308493" lon="127.232146">
        <ele>254.9</ele>
      </trkpt>
      <trkpt lat="38.308461" lon="127.232186">
        <ele>254.8</ele>
      </trkpt>
      <trkpt lat="38.308424" lon="127.232219">
        <ele>254.5</ele>
      </trkpt>
      <trkpt lat="38.308387" lon="127.232252">
        <ele>254.3</ele>
      </trkpt>
      <trkpt lat="38.308348" lon="127.232281">
        <ele>254.3</ele>
      </trkpt>
      <trkpt lat="38.308310" lon="127.232310">
        <ele>254.2</ele>
      </trkpt>
      <trkpt lat="38.308271" lon="127.232339">
        <ele>254.2</ele>
      </trkpt>
      <trkpt lat="38.308232" lon="127.232368">
        <ele>254.1</ele>
      </trkpt>
      <trkpt lat="38.308194" lon="127.232398">
        <ele>254.1</ele>
      </trkpt>
      <trkpt lat="38.308155" lon="127.232427">
        <ele>254.0</ele>
      </trkpt>
      <trkpt lat="38.308116" lon="127.232456">
        <ele>254.0</ele>
      </trkpt>
      <trkpt lat="38.308077" lon="127.232485">
        <ele>253.9</ele>
      </trkpt>
      <trkpt lat="38.308039" lon="127.232514">
        <ele>253.9</ele>
      </trkpt>
      <trkpt lat="38.308000" lon="127.232543">
        <ele>253.9</ele>
      </trkpt>
      <trkpt lat="38.307961" lon="127.232573">
        <ele>253.8</ele>
      </trkpt>
      <trkpt lat="38.307925" lon="127.232606">
        <ele>253.7</ele>
      </trkpt>
      <trkpt lat="38.307889" lon="127.232641">
        <ele>253.5</ele>
      </trkpt>
      <trkpt lat="38.307854" lon="127.232676">
        <ele>253.4</ele>
      </trkpt>
      <trkpt lat="38.307818" lon="127.232711">
        <ele>253.4</ele>
      </trkpt>
      <trkpt lat="38.307783" lon="127.232746">
        <ele>253.3</ele>
      </trkpt>
      <trkpt lat="38.307747" lon="127.232782">
        <ele>253.2</ele>
      </trkpt>
      <trkpt lat="38.307712" lon="127.232817">
        <ele>253.1</ele>
      </trkpt>
      <trkpt lat="38.307676" lon="127.232852">
        <ele>253.0</ele>
      </trkpt>
      <trkpt lat="38.307643" lon="127.232890">
        <ele>253.0</ele>
      </trkpt>
      <trkpt lat="38.307611" lon="127.232931">
        <ele>252.9</ele>
      </trkpt>
      <trkpt lat="38.307582" lon="127.232974">
        <ele>252.7</ele>
      </trkpt>
      <trkpt lat="38.307554" lon="127.233019">
        <ele>252.6</ele>
      </trkpt>
      <trkpt lat="38.307528" lon="127.233066">
        <ele>252.5</ele>
      </trkpt>
      <trkpt lat="38.307505" lon="127.233115">
        <ele>252.4</ele>
      </trkpt>
      <trkpt lat="38.307483" lon="127.233165">
        <ele>252.3</ele>
      </trkpt>
      <trkpt lat="38.307464" lon="127.233217">
        <ele>252.3</ele>
      </trkpt>
      <trkpt lat="38.307445" lon="127.233269">
        <ele>252.3</ele>
      </trkpt>
      <trkpt lat="38.307430" lon="127.233323">
        <ele>252.3</ele>
      </trkpt>
      <trkpt lat="38.307416" lon="127.233377">
        <ele>252.3</ele>
      </trkpt>
      <trkpt lat="38.307403" lon="127.233432">
        <ele>252.5</ele>
      </trkpt>
      <trkpt lat="38.307390" lon="127.233487">
        <ele>252.7</ele>
      </trkpt>
      <trkpt lat="38.307377" lon="127.233542">
        <ele>253.0</ele>
      </trkpt>
      <trkpt lat="38.307364" lon="127.233597">
        <ele>253.3</ele>
      </trkpt>
      <trkpt lat="38.307351" lon="127.233651">
        <ele>253.6</ele>
      </trkpt>
      <trkpt lat="38.307338" lon="127.233706">
        <ele>253.8</ele>
      </trkpt>
      <trkpt lat="38.307326" lon="127.233756">
        <ele>252.8</ele>
      </trkpt>
      <trkpt lat="38.307313" lon="127.233811">
        <ele>252.9</ele>
      </trkpt>
      <trkpt lat="38.307300" lon="127.233866">
        <ele>253.0</ele>
      </trkpt>
      <trkpt lat="38.307287" lon="127.233921">
        <ele>253.1</ele>
      </trkpt>
      <trkpt lat="38.307274" lon="127.233976">
        <ele>253.2</ele>
      </trkpt>
      <trkpt lat="38.307261" lon="127.234030">
        <ele>253.3</ele>
      </trkpt>
      <trkpt lat="38.307248" lon="127.234085">
        <ele>253.4</ele>
      </trkpt>
      <trkpt lat="38.307235" lon="127.234140">
        <ele>253.5</ele>
      </trkpt>
      <trkpt lat="38.307223" lon="127.234195">
        <ele>253.6</ele>
      </trkpt>
      <trkpt lat="38.307210" lon="127.234250">
        <ele>253.7</ele>
      </trkpt>
      <trkpt lat="38.307197" lon="127.234305">
        <ele>253.8</ele>
      </trkpt>
      <trkpt lat="38.307184" lon="127.234360">
        <ele>253.8</ele>
      </trkpt>
      <trkpt lat="38.307171" lon="127.234415">
        <ele>253.9</ele>
      </trkpt>
      <trkpt lat="38.307157" lon="127.234469">
        <ele>254.0</ele>
      </trkpt>
      <trkpt lat="38.307141" lon="127.234523">
        <ele>254.0</ele>
      </trkpt>
      <trkpt lat="38.307125" lon="127.234576">
        <ele>254.0</ele>
      </trkpt>
      <trkpt lat="38.307104" lon="127.234627">
        <ele>254.1</ele>
      </trkpt>
      <trkpt lat="38.307084" lon="127.234678">
        <ele>254.2</ele>
      </trkpt>
      <trkpt lat="38.307062" lon="127.234728">
        <ele>254.3</ele>
      </trkpt>
      <trkpt lat="38.307040" lon="127.234778">
        <ele>254.3</ele>
      </trkpt>
      <trkpt lat="38.307018" lon="127.234828">
        <ele>254.4</ele>
      </trkpt>
      <trkpt lat="38.306995" lon="127.234877">
        <ele>254.4</ele>
      </trkpt>
      <trkpt lat="38.306973" lon="127.234927">
        <ele>254.4</ele>
      </trkpt>
      <trkpt lat="38.306950" lon="127.234977">
        <ele>254.5</ele>
      </trkpt>
      <trkpt lat="38.306927" lon="127.235026">
        <ele>254.6</ele>
      </trkpt>
      <trkpt lat="38.306903" lon="127.235074">
        <ele>254.7</ele>
      </trkpt>
      <trkpt lat="38.306878" lon="127.235122">
        <ele>254.8</ele>
      </trkpt>
      <trkpt lat="38.306854" lon="127.235170">
        <ele>255.0</ele>
      </trkpt>
      <trkpt lat="38.306829" lon="127.235218">
        <ele>255.1</ele>
      </trkpt>
      <trkpt lat="38.306805" lon="127.235266">
        <ele>255.3</ele>
      </trkpt>
      <trkpt lat="38.306781" lon="127.235315">
        <ele>255.4</ele>
      </trkpt>
      <trkpt lat="38.306756" lon="127.235363">
        <ele>255.5</ele>
      </trkpt>
      <trkpt lat="38.306732" lon="127.235411">
        <ele>255.7</ele>
      </trkpt>
      <trkpt lat="38.306707" lon="127.235459">
        <ele>255.8</ele>
      </trkpt>
      <trkpt lat="38.306683" lon="127.235507">
        <ele>255.9</ele>
      </trkpt>
      <trkpt lat="38.306658" lon="127.235555">
        <ele>256.1</ele>
      </trkpt>
      <trkpt lat="38.306634" lon="127.235603">
        <ele>256.2</ele>
      </trkpt>
      <trkpt lat="38.306610" lon="127.235651">
        <ele>256.3</ele>
      </trkpt>
      <trkpt lat="38.306585" lon="127.235700">
        <ele>256.5</ele>
      </trkpt>
      <trkpt lat="38.306561" lon="127.235748">
        <ele>256.6</ele>
      </trkpt>
      <trkpt lat="38.306536" lon="127.235796">
        <ele>256.7</ele>
      </trkpt>
      <trkpt lat="38.306512" lon="127.235844">
        <ele>256.9</ele>
      </trkpt>
      <trkpt lat="38.306488" lon="127.235892">
        <ele>257.0</ele>
      </trkpt>
      <trkpt lat="38.306463" lon="127.235940">
        <ele>257.2</ele>
      </trkpt>
      <trkpt lat="38.306439" lon="127.235988">
        <ele>257.3</ele>
      </trkpt>
      <trkpt lat="38.306414" lon="127.236036">
        <ele>257.3</ele>
      </trkpt>
      <trkpt lat="38.306390" lon="127.236085">
        <ele>257.3</ele>
      </trkpt>
      <trkpt lat="38.306366" lon="127.236133">
        <ele>257.3</ele>
      </trkpt>
      <trkpt lat="38.306341" lon="127.236181">
        <ele>257.3</ele>
      </trkpt>
      <trkpt lat="38.306317" lon="127.236229">
        <ele>257.4</ele>
      </trkpt>
      <trkpt lat="38.306292" lon="127.236277">
        <ele>257.4</ele>
      </trkpt>
      <trkpt lat="38.306268" lon="127.236325">
        <ele>257.4</ele>
      </trkpt>
      <trkpt lat="38.306243" lon="127.236373">
        <ele>257.4</ele>
      </trkpt>
      <trkpt lat="38.306219" lon="127.236421">
        <ele>257.4</ele>
      </trkpt>
      <trkpt lat="38.306195" lon="127.236470">
        <ele>257.4</ele>
      </trkpt>
      <trkpt lat="38.306170" lon="127.236518">
        <ele>257.4</ele>
      </trkpt>
      <trkpt lat="38.306146" lon="127.236566">
        <ele>257.4</ele>
      </trkpt>
      <trkpt lat="38.306121" lon="127.236614">
        <ele>257.4</ele>
      </trkpt>
      <trkpt lat="38.306097" lon="127.236662">
        <ele>257.5</ele>
      </trkpt>
      <trkpt lat="38.306073" lon="127.236710">
        <ele>257.5</ele>
      </trkpt>
      <trkpt lat="38.306048" lon="127.236758">
        <ele>257.5</ele>
      </trkpt>
      <trkpt lat="38.306024" lon="127.236806">
        <ele>257.5</ele>
      </trkpt>
      <trkpt lat="38.305999" lon="127.236854">
        <ele>257.5</ele>
      </trkpt>
      <trkpt lat="38.305975" lon="127.236903">
        <ele>257.6</ele>
      </trkpt>
      <trkpt lat="38.305950" lon="127.236951">
        <ele>257.6</ele>
      </trkpt>
      <trkpt lat="38.305926" lon="127.236999">
        <ele>257.7</ele>
      </trkpt>
      <trkpt lat="38.305902" lon="127.237047">
        <ele>257.8</ele>
      </trkpt>
      <trkpt lat="38.305877" lon="127.237095">
        <ele>257.8</ele>
      </trkpt>
      <trkpt lat="38.305853" lon="127.237143">
        <ele>257.9</ele>
      </trkpt>
      <trkpt lat="38.305828" lon="127.237191">
        <ele>258.0</ele>
      </trkpt>
      <trkpt lat="38.305804" lon="127.237239">
        <ele>258.0</ele>
      </trkpt>
      <trkpt lat="38.305779" lon="127.237287">
        <ele>258.1</ele>
      </trkpt>
      <trkpt lat="38.305755" lon="127.237336">
        <ele>258.2</ele>
      </trkpt>
      <trkpt lat="38.305731" lon="127.237384">
        <ele>258.2</ele>
      </trkpt>
      <trkpt lat="38.305706" lon="127.237432">
        <ele>258.3</ele>
      </trkpt>
      <trkpt lat="38.305682" lon="127.237480">
        <ele>258.3</ele>
      </trkpt>
      <trkpt lat="38.305657" lon="127.237528">
        <ele>258.4</ele>
      </trkpt>
      <trkpt lat="38.305633" lon="127.237576">
        <ele>258.5</ele>
      </trkpt>
      <trkpt lat="38.305608" lon="127.237624">
        <ele>258.5</ele>
      </trkpt>
      <trkpt lat="38.305584" lon="127.237672">
        <ele>258.6</ele>
      </trkpt>
      <trkpt lat="38.305560" lon="127.237720">
        <ele>258.7</ele>
      </trkpt>
      <trkpt lat="38.305535" lon="127.237769">
        <ele>258.7</ele>
      </trkpt>
      <trkpt lat="38.305511" lon="127.237817">
        <ele>258.8</ele>
      </trkpt>
      <trkpt lat="38.305486" lon="127.237865">
        <ele>258.9</ele>
      </trkpt>
      <trkpt lat="38.305462" lon="127.237913">
        <ele>258.9</ele>
      </trkpt>
      <trkpt lat="38.305437" lon="127.237961">
        <ele>259.0</ele>
      </trkpt>
      <trkpt lat="38.305413" lon="127.238009">
        <ele>259.1</ele>
      </trkpt>
      <trkpt lat="38.305389" lon="127.238057">
        <ele>259.1</ele>
      </trkpt>
      <trkpt lat="38.305364" lon="127.238105">
        <ele>259.2</ele>
      </trkpt>
      <trkpt lat="38.305340" lon="127.238153">
        <ele>259.3</ele>
      </trkpt>
      <trkpt lat="38.305315" lon="127.238201">
        <ele>259.3</ele>
      </trkpt>
      <trkpt lat="38.305291" lon="127.238250">
        <ele>259.4</ele>
      </trkpt>
      <trkpt lat="38.305266" lon="127.238298">
        <ele>259.5</ele>
      </trkpt>
      <trkpt lat="38.305242" lon="127.238346">
        <ele>259.5</ele>
      </trkpt>
      <trkpt lat="38.305218" lon="127.238394">
        <ele>259.6</ele>
      </trkpt>
      <trkpt lat="38.305193" lon="127.238442">
        <ele>259.7</ele>
      </trkpt>
      <trkpt lat="38.305169" lon="127.238490">
        <ele>259.7</ele>
      </trkpt>
      <trkpt lat="38.305144" lon="127.238538">
        <ele>259.8</ele>
      </trkpt>
      <trkpt lat="38.305120" lon="127.238586">
        <ele>259.9</ele>
      </trkpt>
      <trkpt lat="38.305095" lon="127.238634">
        <ele>259.9</ele>
      </trkpt>
      <trkpt lat="38.305071" lon="127.238683">
        <ele>260.0</ele>
      </trkpt>
      <trkpt lat="38.305047" lon="127.238731">
        <ele>260.1</ele>
      </trkpt>
      <trkpt lat="38.305022" lon="127.238779">
        <ele>260.1</ele>
      </trkpt>
      <trkpt lat="38.304998" lon="127.238827">
        <ele>260.2</ele>
      </trkpt>
      <trkpt lat="38.304973" lon="127.238875">
        <ele>260.2</ele>
      </trkpt>
      <trkpt lat="38.304949" lon="127.238923">
        <ele>260.3</ele>
      </trkpt>
      <trkpt lat="38.304924" lon="127.238971">
        <ele>260.1</ele>
      </trkpt>
      <trkpt lat="38.304900" lon="127.239019">
        <ele>260.0</ele>
      </trkpt>
      <trkpt lat="38.304876" lon="127.239068">
        <ele>259.8</ele>
      </trkpt>
      <trkpt lat="38.304851" lon="127.239116">
        <ele>259.6</ele>
      </trkpt>
      <trkpt lat="38.304827" lon="127.239164">
        <ele>259.5</ele>
      </trkpt>
      <trkpt lat="38.304802" lon="127.239212">
        <ele>259.3</ele>
      </trkpt>
      <trkpt lat="38.304778" lon="127.239260">
        <ele>259.2</ele>
      </trkpt>
      <trkpt lat="38.304754" lon="127.239308">
        <ele>259.0</ele>
      </trkpt>
      <trkpt lat="38.304729" lon="127.239356">
        <ele>258.9</ele>
      </trkpt>
      <trkpt lat="38.304705" lon="127.239404">
        <ele>258.7</ele>
      </trkpt>
      <trkpt lat="38.304681" lon="127.239453">
        <ele>258.5</ele>
      </trkpt>
      <trkpt lat="38.304656" lon="127.239501">
        <ele>258.4</ele>
      </trkpt>
      <trkpt lat="38.304632" lon="127.239549">
        <ele>258.2</ele>
      </trkpt>
      <trkpt lat="38.304607" lon="127.239597">
        <ele>258.1</ele>
      </trkpt>
      <trkpt lat="38.304583" lon="127.239645">
        <ele>257.9</ele>
      </trkpt>
      <trkpt lat="38.304559" lon="127.239693">
        <ele>257.8</ele>
      </trkpt>
      <trkpt lat="38.304534" lon="127.239741">
        <ele>257.6</ele>
      </trkpt>
      <trkpt lat="38.304510" lon="127.239790">
        <ele>257.5</ele>
      </trkpt>
      <trkpt lat="38.304485" lon="127.239838">
        <ele>257.3</ele>
      </trkpt>
      <trkpt lat="38.304461" lon="127.239886">
        <ele>257.1</ele>
      </trkpt>
      <trkpt lat="38.304437" lon="127.239934">
        <ele>257.0</ele>
      </trkpt>
      <trkpt lat="38.304412" lon="127.239982">
        <ele>256.8</ele>
      </trkpt>
      <trkpt lat="38.304388" lon="127.240030">
        <ele>256.7</ele>
      </trkpt>
      <trkpt lat="38.304363" lon="127.240078">
        <ele>256.5</ele>
      </trkpt>
      <trkpt lat="38.304339" lon="127.240126">
        <ele>256.6</ele>
      </trkpt>
      <trkpt lat="38.304314" lon="127.240175">
        <ele>256.7</ele>
      </trkpt>
      <trkpt lat="38.304290" lon="127.240223">
        <ele>256.9</ele>
      </trkpt>
      <trkpt lat="38.304266" lon="127.240271">
        <ele>257.0</ele>
      </trkpt>
      <trkpt lat="38.304241" lon="127.240319">
        <ele>257.1</ele>
      </trkpt>
      <trkpt lat="38.304217" lon="127.240367">
        <ele>257.3</ele>
      </trkpt>
      <trkpt lat="38.304192" lon="127.240415">
        <ele>257.4</ele>
      </trkpt>
      <trkpt lat="38.304168" lon="127.240463">
        <ele>257.5</ele>
      </trkpt>
      <trkpt lat="38.304143" lon="127.240511">
        <ele>257.7</ele>
      </trkpt>
      <trkpt lat="38.304119" lon="127.240559">
        <ele>257.8</ele>
      </trkpt>
      <trkpt lat="38.304095" lon="127.240607">
        <ele>257.9</ele>
      </trkpt>
      <trkpt lat="38.304070" lon="127.240656">
        <ele>258.0</ele>
      </trkpt>
      <trkpt lat="38.304046" lon="127.240704">
        <ele>258.2</ele>
      </trkpt>
      <trkpt lat="38.304021" lon="127.240752">
        <ele>258.3</ele>
      </trkpt>
      <trkpt lat="38.303997" lon="127.240800">
        <ele>258.4</ele>
      </trkpt>
      <trkpt lat="38.303972" lon="127.240848">
        <ele>258.6</ele>
      </trkpt>
      <trkpt lat="38.303948" lon="127.240896">
        <ele>258.7</ele>
      </trkpt>
      <trkpt lat="38.303923" lon="127.240944">
        <ele>258.8</ele>
      </trkpt>
      <trkpt lat="38.303899" lon="127.240992">
        <ele>259.0</ele>
      </trkpt>
      <trkpt lat="38.303873" lon="127.241039">
        <ele>259.2</ele>
      </trkpt>
      <trkpt lat="38.303845" lon="127.241084">
        <ele>259.5</ele>
      </trkpt>
      <trkpt lat="38.303817" lon="127.241129">
        <ele>259.8</ele>
      </trkpt>
      <trkpt lat="38.303789" lon="127.241173">
        <ele>260.1</ele>
      </trkpt>
      <trkpt lat="38.303754" lon="127.241210">
        <ele>260.6</ele>
      </trkpt>
      <trkpt lat="38.303722" lon="127.241246">
        <ele>260.6</ele>
      </trkpt>
      <trkpt lat="38.303686" lon="127.241280">
        <ele>260.9</ele>
      </trkpt>
      <trkpt lat="38.303647" lon="127.241306">
        <ele>261.1</ele>
      </trkpt>
      <trkpt lat="38.303605" lon="127.241328">
        <ele>261.3</ele>
      </trkpt>
      <trkpt lat="38.303561" lon="127.241340">
        <ele>261.5</ele>
      </trkpt>
      <trkpt lat="38.303517" lon="127.241352">
        <ele>261.6</ele>
      </trkpt>
      <trkpt lat="38.303473" lon="127.241364">
        <ele>261.8</ele>
      </trkpt>
      <trkpt lat="38.303429" lon="127.241376">
        <ele>262.0</ele>
      </trkpt>
      <trkpt lat="38.303385" lon="127.241388">
        <ele>262.1</ele>
      </trkpt>
      <trkpt lat="38.303341" lon="127.241400">
        <ele>262.3</ele>
      </trkpt>
      <trkpt lat="38.303298" lon="127.241418">
        <ele>262.3</ele>
      </trkpt>
      <trkpt lat="38.303257" lon="127.241439">
        <ele>262.2</ele>
      </trkpt>
      <trkpt lat="38.303216" lon="127.241463">
        <ele>262.0</ele>
      </trkpt>
      <trkpt lat="38.303175" lon="127.241487">
        <ele>261.9</ele>
      </trkpt>
      <trkpt lat="38.303135" lon="127.241513">
        <ele>261.7</ele>
      </trkpt>
      <trkpt lat="38.303096" lon="127.241541">
        <ele>261.6</ele>
      </trkpt>
      <trkpt lat="38.303059" lon="127.241574">
        <ele>261.5</ele>
      </trkpt>
      <trkpt lat="38.303023" lon="127.241608">
        <ele>261.5</ele>
      </trkpt>
      <trkpt lat="38.302989" lon="127.241646">
        <ele>261.4</ele>
      </trkpt>
      <trkpt lat="38.302956" lon="127.241684">
        <ele>261.1</ele>
      </trkpt>
      <trkpt lat="38.302924" lon="127.241725">
        <ele>260.9</ele>
      </trkpt>
      <trkpt lat="38.302894" lon="127.241767">
        <ele>260.7</ele>
      </trkpt>
      <trkpt lat="38.302864" lon="127.241810">
        <ele>260.5</ele>
      </trkpt>
      <trkpt lat="38.302837" lon="127.241856">
        <ele>260.4</ele>
      </trkpt>
      <trkpt lat="38.302810" lon="127.241902">
        <ele>260.3</ele>
      </trkpt>
      <trkpt lat="38.302784" lon="127.241949">
        <ele>260.3</ele>
      </trkpt>
      <trkpt lat="38.302760" lon="127.241996">
        <ele>260.3</ele>
      </trkpt>
      <trkpt lat="38.302735" lon="127.242044">
        <ele>260.3</ele>
      </trkpt>
      <trkpt lat="38.302710" lon="127.242092">
        <ele>260.2</ele>
      </trkpt>
      <trkpt lat="38.302685" lon="127.242140">
        <ele>260.2</ele>
      </trkpt>
      <trkpt lat="38.302661" lon="127.242188">
        <ele>260.2</ele>
      </trkpt>
      <trkpt lat="38.302636" lon="127.242236">
        <ele>260.2</ele>
      </trkpt>
      <trkpt lat="38.302611" lon="127.242284">
        <ele>260.2</ele>
      </trkpt>
      <trkpt lat="38.302586" lon="127.242331">
        <ele>260.1</ele>
      </trkpt>
      <trkpt lat="38.302562" lon="127.242379">
        <ele>260.1</ele>
      </trkpt>
      <trkpt lat="38.302537" lon="127.242427">
        <ele>260.1</ele>
      </trkpt>
      <trkpt lat="38.302512" lon="127.242475">
        <ele>260.1</ele>
      </trkpt>
      <trkpt lat="38.302487" lon="127.242523">
        <ele>260.1</ele>
      </trkpt>
      <trkpt lat="38.302463" lon="127.242571">
        <ele>260.1</ele>
      </trkpt>
      <trkpt lat="38.302438" lon="127.242618">
        <ele>260.0</ele>
      </trkpt>
      <trkpt lat="38.302413" lon="127.242666">
        <ele>260.0</ele>
      </trkpt>
      <trkpt lat="38.302388" lon="127.242714">
        <ele>260.0</ele>
      </trkpt>
      <trkpt lat="38.302364" lon="127.242762">
        <ele>260.0</ele>
      </trkpt>
      <trkpt lat="38.302340" lon="127.242811">
        <ele>260.0</ele>
      </trkpt>
      <trkpt lat="38.302315" lon="127.242859">
        <ele>260.0</ele>
      </trkpt>
      <trkpt lat="38.302291" lon="127.242907">
        <ele>260.0</ele>
      </trkpt>
      <trkpt lat="38.302267" lon="127.242955">
        <ele>260.0</ele>
      </trkpt>
      <trkpt lat="38.302242" lon="127.243003">
        <ele>260.0</ele>
      </trkpt>
      <trkpt lat="38.302218" lon="127.243051">
        <ele>260.0</ele>
      </trkpt>
      <trkpt lat="38.302194" lon="127.243100">
        <ele>260.1</ele>
      </trkpt>
      <trkpt lat="38.302169" lon="127.243148">
        <ele>260.1</ele>
      </trkpt>
      <trkpt lat="38.302145" lon="127.243196">
        <ele>260.1</ele>
      </trkpt>
      <trkpt lat="38.302121" lon="127.243244">
        <ele>260.1</ele>
      </trkpt>
      <trkpt lat="38.302096" lon="127.243292">
        <ele>260.1</ele>
      </trkpt>
      <trkpt lat="38.302072" lon="127.243341">
        <ele>260.1</ele>
      </trkpt>
      <trkpt lat="38.302048" lon="127.243389">
        <ele>260.1</ele>
      </trkpt>
      <trkpt lat="38.302023" lon="127.243437">
        <ele>260.1</ele>
      </trkpt>
      <trkpt lat="38.301999" lon="127.243485">
        <ele>260.1</ele>
      </trkpt>
      <trkpt lat="38.301975" lon="127.243533">
        <ele>260.1</ele>
      </trkpt>
      <trkpt lat="38.301951" lon="127.243582">
        <ele>260.1</ele>
      </trkpt>
      <trkpt lat="38.301926" lon="127.243630">
        <ele>260.1</ele>
      </trkpt>
      <trkpt lat="38.301902" lon="127.243678">
        <ele>260.1</ele>
      </trkpt>
      <trkpt lat="38.301878" lon="127.243726">
        <ele>260.1</ele>
      </trkpt>
      <trkpt lat="38.301853" lon="127.243774">
        <ele>260.2</ele>
      </trkpt>
      <trkpt lat="38.301829" lon="127.243823">
        <ele>260.2</ele>
      </trkpt>
      <trkpt lat="38.301805" lon="127.243871">
        <ele>260.2</ele>
      </trkpt>
      <trkpt lat="38.301780" lon="127.243919">
        <ele>260.2</ele>
      </trkpt>
      <trkpt lat="38.301756" lon="127.243967">
        <ele>260.2</ele>
      </trkpt>
      <trkpt lat="38.301732" lon="127.244015">
        <ele>260.2</ele>
      </trkpt>
      <trkpt lat="38.301707" lon="127.244063">
        <ele>260.2</ele>
      </trkpt>
      <trkpt lat="38.301683" lon="127.244112">
        <ele>260.2</ele>
      </trkpt>
      <trkpt lat="38.301659" lon="127.244160">
        <ele>260.2</ele>
      </trkpt>
      <trkpt lat="38.301634" lon="127.244208">
        <ele>260.2</ele>
      </trkpt>
      <trkpt lat="38.301610" lon="127.244256">
        <ele>260.2</ele>
      </trkpt>
      <trkpt lat="38.301586" lon="127.244304">
        <ele>260.2</ele>
      </trkpt>
      <trkpt lat="38.301561" lon="127.244353">
        <ele>260.2</ele>
      </trkpt>
      <trkpt lat="38.301537" lon="127.244401">
        <ele>260.2</ele>
      </trkpt>
      <trkpt lat="38.301513" lon="127.244449">
        <ele>260.3</ele>
      </trkpt>
      <trkpt lat="38.301488" lon="127.244497">
        <ele>260.3</ele>
      </trkpt>
      <trkpt lat="38.301464" lon="127.244545">
        <ele>260.3</ele>
      </trkpt>
      <trkpt lat="38.301440" lon="127.244594">
        <ele>260.3</ele>
      </trkpt>
      <trkpt lat="38.301415" lon="127.244642">
        <ele>260.3</ele>
      </trkpt>
      <trkpt lat="38.301391" lon="127.244690">
        <ele>260.3</ele>
      </trkpt>
      <trkpt lat="38.301367" lon="127.244738">
        <ele>260.3</ele>
      </trkpt>
      <trkpt lat="38.301342" lon="127.244786">
        <ele>260.3</ele>
      </trkpt>
      <trkpt lat="38.301318" lon="127.244835">
        <ele>260.3</ele>
      </trkpt>
      <trkpt lat="38.301294" lon="127.244883">
        <ele>260.2</ele>
      </trkpt>
      <trkpt lat="38.301270" lon="127.244931">
        <ele>260.2</ele>
      </trkpt>
      <trkpt lat="38.301246" lon="127.244979">
        <ele>260.1</ele>
      </trkpt>
      <trkpt lat="38.301221" lon="127.245028">
        <ele>260.1</ele>
      </trkpt>
      <trkpt lat="38.301197" lon="127.245076">
        <ele>260.0</ele>
      </trkpt>
      <trkpt lat="38.301173" lon="127.245124">
        <ele>260.0</ele>
      </trkpt>
      <trkpt lat="38.301149" lon="127.245173">
        <ele>260.0</ele>
      </trkpt>
      <trkpt lat="38.301125" lon="127.245221">
        <ele>259.9</ele>
      </trkpt>
      <trkpt lat="38.301100" lon="127.245269">
        <ele>259.9</ele>
      </trkpt>
      <trkpt lat="38.301076" lon="127.245318">
        <ele>259.8</ele>
      </trkpt>
      <trkpt lat="38.301052" lon="127.245366">
        <ele>259.8</ele>
      </trkpt>
      <trkpt lat="38.301028" lon="127.245414">
        <ele>259.7</ele>
      </trkpt>
      <trkpt lat="38.301004" lon="127.245462">
        <ele>259.7</ele>
      </trkpt>
      <trkpt lat="38.300979" lon="127.245511">
        <ele>259.6</ele>
      </trkpt>
      <trkpt lat="38.300955" lon="127.245559">
        <ele>259.6</ele>
      </trkpt>
      <trkpt lat="38.300931" lon="127.245607">
        <ele>259.6</ele>
      </trkpt>
      <trkpt lat="38.300907" lon="127.245656">
        <ele>259.5</ele>
      </trkpt>
      <trkpt lat="38.300883" lon="127.245704">
        <ele>259.5</ele>
      </trkpt>
      <trkpt lat="38.300858" lon="127.245752">
        <ele>259.4</ele>
      </trkpt>
      <trkpt lat="38.300834" lon="127.245801">
        <ele>259.4</ele>
      </trkpt>
      <trkpt lat="38.300810" lon="127.245849">
        <ele>259.3</ele>
      </trkpt>
      <trkpt lat="38.300786" lon="127.245897">
        <ele>259.3</ele>
      </trkpt>
      <trkpt lat="38.300762" lon="127.245945">
        <ele>259.3</ele>
      </trkpt>
      <trkpt lat="38.300737" lon="127.245994">
        <ele>259.2</ele>
      </trkpt>
      <trkpt lat="38.300713" lon="127.246042">
        <ele>259.2</ele>
      </trkpt>
      <trkpt lat="38.300689" lon="127.246090">
        <ele>259.1</ele>
      </trkpt>
      <trkpt lat="38.300665" lon="127.246139">
        <ele>259.1</ele>
      </trkpt>
      <trkpt lat="38.300641" lon="127.246187">
        <ele>259.0</ele>
      </trkpt>
      <trkpt lat="38.300618" lon="127.246232">
        <ele>259.3</ele>
      </trkpt>
      <trkpt lat="38.300594" lon="127.246281">
        <ele>259.3</ele>
      </trkpt>
      <trkpt lat="38.300570" lon="127.246329">
        <ele>259.3</ele>
      </trkpt>
      <trkpt lat="38.300545" lon="127.246377">
        <ele>259.2</ele>
      </trkpt>
      <trkpt lat="38.300521" lon="127.246426">
        <ele>259.2</ele>
      </trkpt>
      <trkpt lat="38.300497" lon="127.246474">
        <ele>259.2</ele>
      </trkpt>
      <trkpt lat="38.300473" lon="127.246522">
        <ele>259.2</ele>
      </trkpt>
      <trkpt lat="38.300449" lon="127.246571">
        <ele>259.1</ele>
      </trkpt>
      <trkpt lat="38.300425" lon="127.246619">
        <ele>259.1</ele>
      </trkpt>
      <trkpt lat="38.300401" lon="127.246667">
        <ele>259.1</ele>
      </trkpt>
      <trkpt lat="38.300377" lon="127.246716">
        <ele>259.1</ele>
      </trkpt>
      <trkpt lat="38.300352" lon="127.246764">
        <ele>259.1</ele>
      </trkpt>
      <trkpt lat="38.300328" lon="127.246812">
        <ele>259.0</ele>
      </trkpt>
      <trkpt lat="38.300304" lon="127.246861">
        <ele>259.0</ele>
      </trkpt>
      <trkpt lat="38.300281" lon="127.246910">
        <ele>259.0</ele>
      </trkpt>
      <trkpt lat="38.300259" lon="127.246960">
        <ele>259.0</ele>
      </trkpt>
      <trkpt lat="38.300237" lon="127.247010">
        <ele>259.0</ele>
      </trkpt>
      <trkpt lat="38.300214" lon="127.247059">
        <ele>259.0</ele>
      </trkpt>
      <trkpt lat="38.300192" lon="127.247109">
        <ele>259.0</ele>
      </trkpt>
      <trkpt lat="38.300170" lon="127.247159">
        <ele>259.0</ele>
      </trkpt>
      <trkpt lat="38.300148" lon="127.247209">
        <ele>259.0</ele>
      </trkpt>
      <trkpt lat="38.300126" lon="127.247259">
        <ele>259.0</ele>
      </trkpt>
      <trkpt lat="38.300103" lon="127.247308">
        <ele>259.0</ele>
      </trkpt>
      <trkpt lat="38.300081" lon="127.247358">
        <ele>259.0</ele>
      </trkpt>
      <trkpt lat="38.300059" lon="127.247408">
        <ele>259.0</ele>
      </trkpt>
      <trkpt lat="38.300037" lon="127.247458">
        <ele>259.0</ele>
      </trkpt>
      <trkpt lat="38.300015" lon="127.247508">
        <ele>259.0</ele>
      </trkpt>
      <trkpt lat="38.299994" lon="127.247559">
        <ele>259.1</ele>
      </trkpt>
      <trkpt lat="38.299973" lon="127.247610">
        <ele>259.2</ele>
      </trkpt>
      <trkpt lat="38.299952" lon="127.247660">
        <ele>259.2</ele>
      </trkpt>
      <trkpt lat="38.299931" lon="127.247711">
        <ele>259.3</ele>
      </trkpt>
      <trkpt lat="38.299910" lon="127.247761">
        <ele>259.3</ele>
      </trkpt>
      <trkpt lat="38.299889" lon="127.247812">
        <ele>259.4</ele>
      </trkpt>
      <trkpt lat="38.299868" lon="127.247863">
        <ele>259.5</ele>
      </trkpt>
      <trkpt lat="38.299847" lon="127.247913">
        <ele>259.5</ele>
      </trkpt>
      <trkpt lat="38.299826" lon="127.247964">
        <ele>259.6</ele>
      </trkpt>
      <trkpt lat="38.299805" lon="127.248015">
        <ele>259.6</ele>
      </trkpt>
      <trkpt lat="38.299784" lon="127.248065">
        <ele>259.7</ele>
      </trkpt>
      <trkpt lat="38.299763" lon="127.248116">
        <ele>259.8</ele>
      </trkpt>
      <trkpt lat="38.299742" lon="127.248167">
        <ele>259.8</ele>
      </trkpt>
      <trkpt lat="38.299722" lon="127.248218">
        <ele>259.7</ele>
      </trkpt>
      <trkpt lat="38.299703" lon="127.248270">
        <ele>259.7</ele>
      </trkpt>
      <trkpt lat="38.299684" lon="127.248322">
        <ele>259.6</ele>
      </trkpt>
      <trkpt lat="38.299664" lon="127.248373">
        <ele>259.6</ele>
      </trkpt>
      <trkpt lat="38.299645" lon="127.248425">
        <ele>259.5</ele>
      </trkpt>
      <trkpt lat="38.299625" lon="127.248477">
        <ele>259.4</ele>
      </trkpt>
      <trkpt lat="38.299606" lon="127.248528">
        <ele>259.4</ele>
      </trkpt>
      <trkpt lat="38.299586" lon="127.248580">
        <ele>259.3</ele>
      </trkpt>
      <trkpt lat="38.299567" lon="127.248631">
        <ele>259.3</ele>
      </trkpt>
      <trkpt lat="38.299547" lon="127.248683">
        <ele>259.2</ele>
      </trkpt>
      <trkpt lat="38.299528" lon="127.248735">
        <ele>259.2</ele>
      </trkpt>
      <trkpt lat="38.299508" lon="127.248786">
        <ele>259.1</ele>
      </trkpt>
      <trkpt lat="38.299489" lon="127.248838">
        <ele>259.0</ele>
      </trkpt>
      <trkpt lat="38.299469" lon="127.248890">
        <ele>259.0</ele>
      </trkpt>
      <trkpt lat="38.299450" lon="127.248941">
        <ele>258.9</ele>
      </trkpt>
      <trkpt lat="38.299430" lon="127.248993">
        <ele>258.9</ele>
      </trkpt>
      <trkpt lat="38.299411" lon="127.249045">
        <ele>258.8</ele>
      </trkpt>
      <trkpt lat="38.299379" lon="127.249044">
        <ele>257.3</ele>
      </trkpt>
      <trkpt lat="38.299345" lon="127.249035">
        <ele>255.5</ele>
      </trkpt>
      <trkpt lat="38.299345" lon="127.249035">
        <ele>257.5</ele>
      </trkpt>
      <trkpt lat="38.299323" lon="127.249000">
        <ele>258.2</ele>
      </trkpt>
      <trkpt lat="38.299284" lon="127.248970">
        <ele>257.8</ele>
      </trkpt>
      <trkpt lat="38.299246" lon="127.248940">
        <ele>257.5</ele>
      </trkpt>
      <trkpt lat="38.299207" lon="127.248910">
        <ele>257.1</ele>
      </trkpt>
      <trkpt lat="38.299169" lon="127.248880">
        <ele>256.7</ele>
      </trkpt>
      <trkpt lat="38.299131" lon="127.248850">
        <ele>256.3</ele>
      </trkpt>
      <trkpt lat="38.299092" lon="127.248821">
        <ele>255.9</ele>
      </trkpt>
      <trkpt lat="38.299054" lon="127.248791">
        <ele>255.6</ele>
      </trkpt>
      <trkpt lat="38.299033" lon="127.248820">
        <ele>255.8</ele>
      </trkpt>
      <trkpt lat="38.299038" lon="127.248776">
        <ele>258.2</ele>
      </trkpt>
      <trkpt lat="38.298999" lon="127.248746">
        <ele>257.8</ele>
      </trkpt>
      <trkpt lat="38.298961" lon="127.248716">
        <ele>257.4</ele>
      </trkpt>
      <trkpt lat="38.298923" lon="127.248686">
        <ele>257.0</ele>
      </trkpt>
      <trkpt lat="38.298884" lon="127.248656">
        <ele>256.6</ele>
      </trkpt>
      <trkpt lat="38.298846" lon="127.248626">
        <ele>256.3</ele>
      </trkpt>
      <trkpt lat="38.298808" lon="127.248596">
        <ele>255.9</ele>
      </trkpt>
      <trkpt lat="38.298770" lon="127.248568">
        <ele>255.5</ele>
      </trkpt>
      <trkpt lat="38.298760" lon="127.248561">
        <ele>257.9</ele>
      </trkpt>
      <trkpt lat="38.298722" lon="127.248532">
        <ele>257.3</ele>
      </trkpt>
      <trkpt lat="38.298684" lon="127.248502">
        <ele>256.8</ele>
      </trkpt>
      <trkpt lat="38.298645" lon="127.248472">
        <ele>256.3</ele>
      </trkpt>
      <trkpt lat="38.298607" lon="127.248442">
        <ele>255.7</ele>
      </trkpt>
      <trkpt lat="38.298578" lon="127.248455">
        <ele>255.5</ele>
      </trkpt>
      <trkpt lat="38.298579" lon="127.248419">
        <ele>257.6</ele>
      </trkpt>
      <trkpt lat="38.298541" lon="127.248388">
        <ele>257.0</ele>
      </trkpt>
      <trkpt lat="38.298503" lon="127.248358">
        <ele>256.5</ele>
      </trkpt>
      <trkpt lat="38.298464" lon="127.248328">
        <ele>255.9</ele>
      </trkpt>
      <trkpt lat="38.298433" lon="127.248330">
        <ele>255.5</ele>
      </trkpt>
      <trkpt lat="38.298464" lon="127.248330">
        <ele>257.5</ele>
      </trkpt>
      <trkpt lat="38.298502" lon="127.248360">
        <ele>257.6</ele>
      </trkpt>
      <trkpt lat="38.298541" lon="127.248389">
        <ele>257.6</ele>
      </trkpt>
      <trkpt lat="38.298579" lon="127.248419">
        <ele>257.7</ele>
      </trkpt>
      <trkpt lat="38.298617" lon="127.248449">
        <ele>257.7</ele>
      </trkpt>
      <trkpt lat="38.298656" lon="127.248479">
        <ele>257.8</ele>
      </trkpt>
      <trkpt lat="38.298694" lon="127.248509">
        <ele>257.8</ele>
      </trkpt>
      <trkpt lat="38.298732" lon="127.248539">
        <ele>257.9</ele>
      </trkpt>
      <trkpt lat="38.298771" lon="127.248569">
        <ele>257.9</ele>
      </trkpt>
      <trkpt lat="38.298809" lon="127.248599">
        <ele>258.0</ele>
      </trkpt>
      <trkpt lat="38.298847" lon="127.248629">
        <ele>258.0</ele>
      </trkpt>
      <trkpt lat="38.298886" lon="127.248659">
        <ele>258.1</ele>
      </trkpt>
      <trkpt lat="38.298924" lon="127.248689">
        <ele>258.2</ele>
      </trkpt>
      <trkpt lat="38.298962" lon="127.248719">
        <ele>258.2</ele>
      </trkpt>
      <trkpt lat="38.299001" lon="127.248748">
        <ele>258.3</ele>
      </trkpt>
      <trkpt lat="38.299039" lon="127.248778">
        <ele>258.3</ele>
      </trkpt>
      <trkpt lat="38.299078" lon="127.248808">
        <ele>258.4</ele>
      </trkpt>
      <trkpt lat="38.299116" lon="127.248838">
        <ele>258.4</ele>
      </trkpt>
      <trkpt lat="38.299154" lon="127.248868">
        <ele>258.5</ele>
      </trkpt>
      <trkpt lat="38.299193" lon="127.248898">
        <ele>258.5</ele>
      </trkpt>
      <trkpt lat="38.299231" lon="127.248928">
        <ele>258.6</ele>
      </trkpt>
      <trkpt lat="38.299269" lon="127.248958">
        <ele>258.6</ele>
      </trkpt>
      <trkpt lat="38.299308" lon="127.248988">
        <ele>258.7</ele>
      </trkpt>
      <trkpt lat="38.299346" lon="127.249018">
        <ele>258.7</ele>
      </trkpt>
      <trkpt lat="38.299384" lon="127.249048">
        <ele>258.8</ele>
      </trkpt>
      <trkpt lat="38.299394" lon="127.249088">
        <ele>258.9</ele>
      </trkpt>
      <trkpt lat="38.299371" lon="127.249105">
        <ele>259.0</ele>
      </trkpt>
      <trkpt lat="38.299370" lon="127.249148">
        <ele>258.8</ele>
      </trkpt>
      <trkpt lat="38.299351" lon="127.249200">
        <ele>258.9</ele>
      </trkpt>
      <trkpt lat="38.299331" lon="127.249251">
        <ele>259.0</ele>
      </trkpt>
      <trkpt lat="38.299313" lon="127.249303">
        <ele>259.0</ele>
      </trkpt>
      <trkpt lat="38.299296" lon="127.249356">
        <ele>259.2</ele>
      </trkpt>
      <trkpt lat="38.299279" lon="127.249410">
        <ele>259.3</ele>
      </trkpt>
      <trkpt lat="38.299262" lon="127.249463">
        <ele>259.4</ele>
      </trkpt>
      <trkpt lat="38.299245" lon="127.249516">
        <ele>259.5</ele>
      </trkpt>
      <trkpt lat="38.299228" lon="127.249569">
        <ele>259.6</ele>
      </trkpt>
      <trkpt lat="38.299211" lon="127.249622">
        <ele>259.7</ele>
      </trkpt>
      <trkpt lat="38.299194" lon="127.249675">
        <ele>259.8</ele>
      </trkpt>
      <trkpt lat="38.299177" lon="127.249728">
        <ele>259.9</ele>
      </trkpt>
      <trkpt lat="38.299159" lon="127.249781">
        <ele>260.0</ele>
      </trkpt>
      <trkpt lat="38.299142" lon="127.249833">
        <ele>260.1</ele>
      </trkpt>
      <trkpt lat="38.299124" lon="127.249886">
        <ele>260.2</ele>
      </trkpt>
      <trkpt lat="38.299107" lon="127.249939">
        <ele>260.3</ele>
      </trkpt>
      <trkpt lat="38.299089" lon="127.249992">
        <ele>260.4</ele>
      </trkpt>
      <trkpt lat="38.299073" lon="127.250045">
        <ele>260.5</ele>
      </trkpt>
      <trkpt lat="38.299057" lon="127.250099">
        <ele>260.4</ele>
      </trkpt>
      <trkpt lat="38.299041" lon="127.250152">
        <ele>260.4</ele>
      </trkpt>
      <trkpt lat="38.299025" lon="127.250206">
        <ele>260.4</ele>
      </trkpt>
      <trkpt lat="38.299009" lon="127.250259">
        <ele>260.3</ele>
      </trkpt>
      <trkpt lat="38.298993" lon="127.250313">
        <ele>260.3</ele>
      </trkpt>
      <trkpt lat="38.298977" lon="127.250366">
        <ele>260.3</ele>
      </trkpt>
      <trkpt lat="38.298961" lon="127.250420">
        <ele>260.2</ele>
      </trkpt>
      <trkpt lat="38.298945" lon="127.250474">
        <ele>260.2</ele>
      </trkpt>
      <trkpt lat="38.298929" lon="127.250527">
        <ele>260.2</ele>
      </trkpt>
      <trkpt lat="38.298913" lon="127.250581">
        <ele>260.1</ele>
      </trkpt>
      <trkpt lat="38.298897" lon="127.250634">
        <ele>260.1</ele>
      </trkpt>
      <trkpt lat="38.298881" lon="127.250688">
        <ele>260.0</ele>
      </trkpt>
      <trkpt lat="38.298865" lon="127.250742">
        <ele>260.0</ele>
      </trkpt>
      <trkpt lat="38.298847" lon="127.250794">
        <ele>260.0</ele>
      </trkpt>
      <trkpt lat="38.298827" lon="127.250845">
        <ele>259.9</ele>
      </trkpt>
      <trkpt lat="38.298806" lon="127.250896">
        <ele>259.9</ele>
      </trkpt>
      <trkpt lat="38.298786" lon="127.250947">
        <ele>259.8</ele>
      </trkpt>
      <trkpt lat="38.298766" lon="127.250998">
        <ele>259.8</ele>
      </trkpt>
      <trkpt lat="38.298746" lon="127.251050">
        <ele>259.8</ele>
      </trkpt>
      <trkpt lat="38.298726" lon="127.251101">
        <ele>259.7</ele>
      </trkpt>
      <trkpt lat="38.298706" lon="127.251152">
        <ele>259.7</ele>
      </trkpt>
      <trkpt lat="38.298686" lon="127.251203">
        <ele>259.6</ele>
      </trkpt>
      <trkpt lat="38.298665" lon="127.251255">
        <ele>259.6</ele>
      </trkpt>
      <trkpt lat="38.298645" lon="127.251306">
        <ele>259.6</ele>
      </trkpt>
      <trkpt lat="38.298625" lon="127.251357">
        <ele>259.5</ele>
      </trkpt>
      <trkpt lat="38.298587" lon="127.251374">
        <ele>259.3</ele>
      </trkpt>
      <trkpt lat="38.298542" lon="127.251380">
        <ele>259.1</ele>
      </trkpt>
      <trkpt lat="38.298497" lon="127.251385">
        <ele>258.8</ele>
      </trkpt>
      <trkpt lat="38.298452" lon="127.251391">
        <ele>258.6</ele>
      </trkpt>
      <trkpt lat="38.298408" lon="127.251396">
        <ele>258.3</ele>
      </trkpt>
      <trkpt lat="38.298363" lon="127.251401">
        <ele>258.1</ele>
      </trkpt>
      <trkpt lat="38.298318" lon="127.251407">
        <ele>257.9</ele>
      </trkpt>
      <trkpt lat="38.298273" lon="127.251412">
        <ele>257.6</ele>
      </trkpt>
      <trkpt lat="38.298229" lon="127.251418">
        <ele>257.4</ele>
      </trkpt>
      <trkpt lat="38.298184" lon="127.251423">
        <ele>257.1</ele>
      </trkpt>
      <trkpt lat="38.298139" lon="127.251429">
        <ele>256.9</ele>
      </trkpt>
      <trkpt lat="38.298094" lon="127.251434">
        <ele>256.7</ele>
      </trkpt>
      <trkpt lat="38.298049" lon="127.251440">
        <ele>256.4</ele>
      </trkpt>
      <trkpt lat="38.298005" lon="127.251445">
        <ele>256.2</ele>
      </trkpt>
      <trkpt lat="38.297960" lon="127.251451">
        <ele>255.9</ele>
      </trkpt>
      <trkpt lat="38.297915" lon="127.251456">
        <ele>255.7</ele>
      </trkpt>
      <trkpt lat="38.297870" lon="127.251462">
        <ele>255.4</ele>
      </trkpt>
      <trkpt lat="38.297826" lon="127.251467">
        <ele>255.2</ele>
      </trkpt>
      <trkpt lat="38.297781" lon="127.251473">
        <ele>255.0</ele>
      </trkpt>
      <trkpt lat="38.297736" lon="127.251478">
        <ele>254.7</ele>
      </trkpt>
      <trkpt lat="38.297691" lon="127.251484">
        <ele>254.5</ele>
      </trkpt>
      <trkpt lat="38.297647" lon="127.251489">
        <ele>254.2</ele>
      </trkpt>
      <trkpt lat="38.297602" lon="127.251495">
        <ele>254.0</ele>
      </trkpt>
      <trkpt lat="38.297557" lon="127.251500">
        <ele>253.7</ele>
      </trkpt>
      <trkpt lat="38.297512" lon="127.251505">
        <ele>253.5</ele>
      </trkpt>
      <trkpt lat="38.297468" lon="127.251511">
        <ele>253.3</ele>
      </trkpt>
      <trkpt lat="38.297423" lon="127.251516">
        <ele>253.0</ele>
      </trkpt>
      <trkpt lat="38.297378" lon="127.251522">
        <ele>252.8</ele>
      </trkpt>
      <trkpt lat="38.297333" lon="127.251527">
        <ele>252.5</ele>
      </trkpt>
      <trkpt lat="38.297289" lon="127.251533">
        <ele>252.3</ele>
      </trkpt>
      <trkpt lat="38.297244" lon="127.251538">
        <ele>252.0</ele>
      </trkpt>
      <trkpt lat="38.297199" lon="127.251544">
        <ele>251.8</ele>
      </trkpt>
      <trkpt lat="38.297154" lon="127.251549">
        <ele>251.6</ele>
      </trkpt>
      <trkpt lat="38.297110" lon="127.251555">
        <ele>251.3</ele>
      </trkpt>
      <trkpt lat="38.297065" lon="127.251560">
        <ele>251.1</ele>
      </trkpt>
      <trkpt lat="38.297048" lon="127.251542">
        <ele>252.5</ele>
      </trkpt>
      <trkpt lat="38.297021" lon="127.251566">
        <ele>255.7</ele>
      </trkpt>
      <trkpt lat="38.296977" lon="127.251571">
        <ele>255.6</ele>
      </trkpt>
      <trkpt lat="38.296932" lon="127.251577">
        <ele>255.5</ele>
      </trkpt>
      <trkpt lat="38.296887" lon="127.251582">
        <ele>255.4</ele>
      </trkpt>
      <trkpt lat="38.296842" lon="127.251588">
        <ele>255.3</ele>
      </trkpt>
      <trkpt lat="38.296797" lon="127.251593">
        <ele>255.2</ele>
      </trkpt>
      <trkpt lat="38.296753" lon="127.251599">
        <ele>255.1</ele>
      </trkpt>
      <trkpt lat="38.296708" lon="127.251604">
        <ele>255.0</ele>
      </trkpt>
      <trkpt lat="38.296663" lon="127.251609">
        <ele>254.9</ele>
      </trkpt>
      <trkpt lat="38.296618" lon="127.251615">
        <ele>254.8</ele>
      </trkpt>
      <trkpt lat="38.296574" lon="127.251620">
        <ele>254.7</ele>
      </trkpt>
      <trkpt lat="38.296529" lon="127.251626">
        <ele>254.6</ele>
      </trkpt>
      <trkpt lat="38.296484" lon="127.251631">
        <ele>254.5</ele>
      </trkpt>
      <trkpt lat="38.296439" lon="127.251637">
        <ele>254.4</ele>
      </trkpt>
      <trkpt lat="38.296395" lon="127.251642">
        <ele>254.3</ele>
      </trkpt>
      <trkpt lat="38.296350" lon="127.251648">
        <ele>254.2</ele>
      </trkpt>
      <trkpt lat="38.296305" lon="127.251653">
        <ele>254.1</ele>
      </trkpt>
      <trkpt lat="38.296260" lon="127.251659">
        <ele>253.9</ele>
      </trkpt>
      <trkpt lat="38.296216" lon="127.251664">
        <ele>253.8</ele>
      </trkpt>
      <trkpt lat="38.296171" lon="127.251670">
        <ele>253.7</ele>
      </trkpt>
      <trkpt lat="38.296126" lon="127.251675">
        <ele>253.6</ele>
      </trkpt>
      <trkpt lat="38.296081" lon="127.251681">
        <ele>253.5</ele>
      </trkpt>
      <trkpt lat="38.296037" lon="127.251686">
        <ele>253.4</ele>
      </trkpt>
      <trkpt lat="38.295992" lon="127.251692">
        <ele>253.3</ele>
      </trkpt>
      <trkpt lat="38.295947" lon="127.251697">
        <ele>253.2</ele>
      </trkpt>
      <trkpt lat="38.295902" lon="127.251703">
        <ele>253.1</ele>
      </trkpt>
      <trkpt lat="38.295858" lon="127.251708">
        <ele>253.0</ele>
      </trkpt>
      <trkpt lat="38.295813" lon="127.251714">
        <ele>252.9</ele>
      </trkpt>
      <trkpt lat="38.295768" lon="127.251719">
        <ele>252.8</ele>
      </trkpt>
      <trkpt lat="38.295723" lon="127.251725">
        <ele>252.7</ele>
      </trkpt>
      <trkpt lat="38.295679" lon="127.251730">
        <ele>252.6</ele>
      </trkpt>
      <trkpt lat="38.295634" lon="127.251736">
        <ele>252.5</ele>
      </trkpt>
      <trkpt lat="38.295589" lon="127.251741">
        <ele>252.4</ele>
      </trkpt>
      <trkpt lat="38.295544" lon="127.251747">
        <ele>252.3</ele>
      </trkpt>
      <trkpt lat="38.295499" lon="127.251752">
        <ele>252.2</ele>
      </trkpt>
      <trkpt lat="38.295455" lon="127.251758">
        <ele>252.1</ele>
      </trkpt>
      <trkpt lat="38.295410" lon="127.251763">
        <ele>251.9</ele>
      </trkpt>
      <trkpt lat="38.295365" lon="127.251769">
        <ele>251.8</ele>
      </trkpt>
      <trkpt lat="38.295320" lon="127.251774">
        <ele>251.7</ele>
      </trkpt>
      <trkpt lat="38.295276" lon="127.251780">
        <ele>251.6</ele>
      </trkpt>
      <trkpt lat="38.295231" lon="127.251785">
        <ele>251.5</ele>
      </trkpt>
      <trkpt lat="38.295186" lon="127.251791">
        <ele>251.4</ele>
      </trkpt>
      <trkpt lat="38.295141" lon="127.251796">
        <ele>251.3</ele>
      </trkpt>
      <trkpt lat="38.295097" lon="127.251802">
        <ele>251.2</ele>
      </trkpt>
      <trkpt lat="38.295052" lon="127.251807">
        <ele>251.1</ele>
      </trkpt>
      <trkpt lat="38.295007" lon="127.251813">
        <ele>251.0</ele>
      </trkpt>
      <trkpt lat="38.294973" lon="127.251849">
        <ele>250.9</ele>
      </trkpt>
      <trkpt lat="38.294939" lon="127.251887">
        <ele>250.7</ele>
      </trkpt>
      <trkpt lat="38.294904" lon="127.251924">
        <ele>250.6</ele>
      </trkpt>
      <trkpt lat="38.294870" lon="127.251961">
        <ele>250.5</ele>
      </trkpt>
      <trkpt lat="38.294836" lon="127.251998">
        <ele>250.4</ele>
      </trkpt>
      <trkpt lat="38.294802" lon="127.252036">
        <ele>250.2</ele>
      </trkpt>
      <trkpt lat="38.294768" lon="127.252073">
        <ele>250.1</ele>
      </trkpt>
      <trkpt lat="38.294734" lon="127.252110">
        <ele>250.0</ele>
      </trkpt>
      <trkpt lat="38.294699" lon="127.252147">
        <ele>249.8</ele>
      </trkpt>
      <trkpt lat="38.294665" lon="127.252185">
        <ele>249.7</ele>
      </trkpt>
      <trkpt lat="38.294631" lon="127.252222">
        <ele>249.6</ele>
      </trkpt>
      <trkpt lat="38.294597" lon="127.252259">
        <ele>249.5</ele>
      </trkpt>
      <trkpt lat="38.294563" lon="127.252296">
        <ele>249.3</ele>
      </trkpt>
      <trkpt lat="38.294529" lon="127.252334">
        <ele>249.2</ele>
      </trkpt>
      <trkpt lat="38.294494" lon="127.252371">
        <ele>249.1</ele>
      </trkpt>
      <trkpt lat="38.294460" lon="127.252408">
        <ele>248.9</ele>
      </trkpt>
      <trkpt lat="38.294426" lon="127.252445">
        <ele>248.8</ele>
      </trkpt>
      <trkpt lat="38.294400" lon="127.252474">
        <ele>249.8</ele>
      </trkpt>
      <trkpt lat="38.294366" lon="127.252512">
        <ele>249.7</ele>
      </trkpt>
      <trkpt lat="38.294331" lon="127.252549">
        <ele>249.7</ele>
      </trkpt>
      <trkpt lat="38.294297" lon="127.252586">
        <ele>249.6</ele>
      </trkpt>
      <trkpt lat="38.294263" lon="127.252624">
        <ele>249.6</ele>
      </trkpt>
      <trkpt lat="38.294229" lon="127.252661">
        <ele>249.5</ele>
      </trkpt>
      <trkpt lat="38.294195" lon="127.252698">
        <ele>249.5</ele>
      </trkpt>
      <trkpt lat="38.294161" lon="127.252736">
        <ele>249.4</ele>
      </trkpt>
      <trkpt lat="38.294127" lon="127.252773">
        <ele>249.4</ele>
      </trkpt>
      <trkpt lat="38.294093" lon="127.252810">
        <ele>249.3</ele>
      </trkpt>
      <trkpt lat="38.294059" lon="127.252848">
        <ele>249.2</ele>
      </trkpt>
      <trkpt lat="38.294024" lon="127.252885">
        <ele>249.2</ele>
      </trkpt>
      <trkpt lat="38.293990" lon="127.252922">
        <ele>249.1</ele>
      </trkpt>
      <trkpt lat="38.293956" lon="127.252960">
        <ele>249.1</ele>
      </trkpt>
      <trkpt lat="38.293922" lon="127.252997">
        <ele>249.0</ele>
      </trkpt>
      <trkpt lat="38.293888" lon="127.253034">
        <ele>249.0</ele>
      </trkpt>
      <trkpt lat="38.293854" lon="127.253072">
        <ele>248.9</ele>
      </trkpt>
      <trkpt lat="38.293820" lon="127.253109">
        <ele>248.9</ele>
      </trkpt>
      <trkpt lat="38.293786" lon="127.253146">
        <ele>248.8</ele>
      </trkpt>
      <trkpt lat="38.293750" lon="127.253182">
        <ele>248.8</ele>
      </trkpt>
      <trkpt lat="38.293713" lon="127.253213">
        <ele>248.6</ele>
      </trkpt>
      <trkpt lat="38.293675" lon="127.253244">
        <ele>248.5</ele>
      </trkpt>
      <trkpt lat="38.293638" lon="127.253276">
        <ele>248.4</ele>
      </trkpt>
      <trkpt lat="38.293600" lon="127.253307">
        <ele>248.2</ele>
      </trkpt>
      <trkpt lat="38.293562" lon="127.253339">
        <ele>248.1</ele>
      </trkpt>
      <trkpt lat="38.293525" lon="127.253370">
        <ele>248.0</ele>
      </trkpt>
      <trkpt lat="38.293487" lon="127.253402">
        <ele>247.9</ele>
      </trkpt>
      <trkpt lat="38.293450" lon="127.253433">
        <ele>247.7</ele>
      </trkpt>
      <trkpt lat="38.293412" lon="127.253464">
        <ele>247.6</ele>
      </trkpt>
      <trkpt lat="38.293374" lon="127.253496">
        <ele>247.5</ele>
      </trkpt>
      <trkpt lat="38.293337" lon="127.253527">
        <ele>247.4</ele>
      </trkpt>
      <trkpt lat="38.293299" lon="127.253559">
        <ele>247.2</ele>
      </trkpt>
      <trkpt lat="38.293262" lon="127.253590">
        <ele>247.1</ele>
      </trkpt>
      <trkpt lat="38.293224" lon="127.253622">
        <ele>247.0</ele>
      </trkpt>
      <trkpt lat="38.293186" lon="127.253653">
        <ele>246.8</ele>
      </trkpt>
      <trkpt lat="38.293149" lon="127.253684">
        <ele>246.7</ele>
      </trkpt>
      <trkpt lat="38.293111" lon="127.253716">
        <ele>246.6</ele>
      </trkpt>
      <trkpt lat="38.293074" lon="127.253747">
        <ele>246.5</ele>
      </trkpt>
      <trkpt lat="38.293036" lon="127.253779">
        <ele>246.3</ele>
      </trkpt>
      <trkpt lat="38.292998" lon="127.253810">
        <ele>246.2</ele>
      </trkpt>
      <trkpt lat="38.292961" lon="127.253842">
        <ele>246.1</ele>
      </trkpt>
      <trkpt lat="38.292923" lon="127.253873">
        <ele>245.9</ele>
      </trkpt>
      <trkpt lat="38.292886" lon="127.253904">
        <ele>245.8</ele>
      </trkpt>
      <trkpt lat="38.292848" lon="127.253936">
        <ele>245.7</ele>
      </trkpt>
      <trkpt lat="38.292810" lon="127.253967">
        <ele>245.6</ele>
      </trkpt>
      <trkpt lat="38.292773" lon="127.253999">
        <ele>245.4</ele>
      </trkpt>
      <trkpt lat="38.292735" lon="127.254030">
        <ele>245.3</ele>
      </trkpt>
      <trkpt lat="38.292698" lon="127.254062">
        <ele>245.2</ele>
      </trkpt>
      <trkpt lat="38.292660" lon="127.254093">
        <ele>245.1</ele>
      </trkpt>
      <trkpt lat="38.292622" lon="127.254124">
        <ele>244.9</ele>
      </trkpt>
      <trkpt lat="38.292585" lon="127.254156">
        <ele>244.8</ele>
      </trkpt>
      <trkpt lat="38.292547" lon="127.254187">
        <ele>244.7</ele>
      </trkpt>
      <trkpt lat="38.292510" lon="127.254219">
        <ele>244.5</ele>
      </trkpt>
      <trkpt lat="38.292472" lon="127.254250">
        <ele>244.4</ele>
      </trkpt>
      <trkpt lat="38.292434" lon="127.254282">
        <ele>244.3</ele>
      </trkpt>
      <trkpt lat="38.292397" lon="127.254313">
        <ele>244.2</ele>
      </trkpt>
      <trkpt lat="38.292359" lon="127.254344">
        <ele>244.0</ele>
      </trkpt>
      <trkpt lat="38.292322" lon="127.254376">
        <ele>243.9</ele>
      </trkpt>
      <trkpt lat="38.292284" lon="127.254407">
        <ele>243.8</ele>
      </trkpt>
      <trkpt lat="38.292246" lon="127.254439">
        <ele>243.6</ele>
      </trkpt>
      <trkpt lat="38.292209" lon="127.254470">
        <ele>243.5</ele>
      </trkpt>
      <trkpt lat="38.292171" lon="127.254502">
        <ele>243.4</ele>
      </trkpt>
      <trkpt lat="38.292134" lon="127.254533">
        <ele>243.3</ele>
      </trkpt>
      <trkpt lat="38.292096" lon="127.254564">
        <ele>243.1</ele>
      </trkpt>
      <trkpt lat="38.292059" lon="127.254596">
        <ele>243.0</ele>
      </trkpt>
      <trkpt lat="38.292036" lon="127.254645">
        <ele>242.9</ele>
      </trkpt>
      <trkpt lat="38.292014" lon="127.254695">
        <ele>242.9</ele>
      </trkpt>
      <trkpt lat="38.291992" lon="127.254745">
        <ele>242.8</ele>
      </trkpt>
      <trkpt lat="38.291970" lon="127.254795">
        <ele>242.8</ele>
      </trkpt>
      <trkpt lat="38.291948" lon="127.254845">
        <ele>242.7</ele>
      </trkpt>
      <trkpt lat="38.291926" lon="127.254895">
        <ele>242.6</ele>
      </trkpt>
      <trkpt lat="38.291904" lon="127.254945">
        <ele>242.6</ele>
      </trkpt>
      <trkpt lat="38.291883" lon="127.254995">
        <ele>242.5</ele>
      </trkpt>
      <trkpt lat="38.291861" lon="127.255045">
        <ele>242.4</ele>
      </trkpt>
      <trkpt lat="38.291839" lon="127.255095">
        <ele>242.4</ele>
      </trkpt>
      <trkpt lat="38.291817" lon="127.255145">
        <ele>242.3</ele>
      </trkpt>
      <trkpt lat="38.291795" lon="127.255195">
        <ele>242.3</ele>
      </trkpt>
      <trkpt lat="38.291773" lon="127.255246">
        <ele>242.2</ele>
      </trkpt>
      <trkpt lat="38.291752" lon="127.255296">
        <ele>242.1</ele>
      </trkpt>
      <trkpt lat="38.291730" lon="127.255346">
        <ele>242.1</ele>
      </trkpt>
      <trkpt lat="38.291708" lon="127.255396">
        <ele>242.0</ele>
      </trkpt>
      <trkpt lat="38.291686" lon="127.255446">
        <ele>242.0</ele>
      </trkpt>
      <trkpt lat="38.291664" lon="127.255496">
        <ele>241.9</ele>
      </trkpt>
      <trkpt lat="38.291642" lon="127.255546">
        <ele>241.8</ele>
      </trkpt>
      <trkpt lat="38.291620" lon="127.255596">
        <ele>241.8</ele>
      </trkpt>
      <trkpt lat="38.291599" lon="127.255646">
        <ele>241.7</ele>
      </trkpt>
      <trkpt lat="38.291577" lon="127.255696">
        <ele>241.6</ele>
      </trkpt>
      <trkpt lat="38.291555" lon="127.255746">
        <ele>241.6</ele>
      </trkpt>
      <trkpt lat="38.291533" lon="127.255796">
        <ele>241.5</ele>
      </trkpt>
      <trkpt lat="38.291511" lon="127.255846">
        <ele>241.5</ele>
      </trkpt>
      <trkpt lat="38.291489" lon="127.255896">
        <ele>241.4</ele>
      </trkpt>
      <trkpt lat="38.291467" lon="127.255947">
        <ele>241.3</ele>
      </trkpt>
      <trkpt lat="38.291446" lon="127.255997">
        <ele>241.3</ele>
      </trkpt>
      <trkpt lat="38.291424" lon="127.256047">
        <ele>241.2</ele>
      </trkpt>
      <trkpt lat="38.291402" lon="127.256097">
        <ele>241.2</ele>
      </trkpt>
      <trkpt lat="38.291380" lon="127.256147">
        <ele>241.1</ele>
      </trkpt>
      <trkpt lat="38.291358" lon="127.256197">
        <ele>241.0</ele>
      </trkpt>
      <trkpt lat="38.291336" lon="127.256247">
        <ele>241.0</ele>
      </trkpt>
      <trkpt lat="38.291314" lon="127.256297">
        <ele>240.9</ele>
      </trkpt>
      <trkpt lat="38.291293" lon="127.256347">
        <ele>240.8</ele>
      </trkpt>
      <trkpt lat="38.291271" lon="127.256397">
        <ele>240.8</ele>
      </trkpt>
      <trkpt lat="38.291249" lon="127.256447">
        <ele>240.7</ele>
      </trkpt>
      <trkpt lat="38.291227" lon="127.256497">
        <ele>240.7</ele>
      </trkpt>
      <trkpt lat="38.291205" lon="127.256547">
        <ele>240.6</ele>
      </trkpt>
      <trkpt lat="38.291183" lon="127.256597">
        <ele>240.5</ele>
      </trkpt>
      <trkpt lat="38.291161" lon="127.256648">
        <ele>240.5</ele>
      </trkpt>
      <trkpt lat="38.291140" lon="127.256698">
        <ele>240.4</ele>
      </trkpt>
      <trkpt lat="38.291118" lon="127.256748">
        <ele>240.3</ele>
      </trkpt>
      <trkpt lat="38.291096" lon="127.256798">
        <ele>240.2</ele>
      </trkpt>
      <trkpt lat="38.291074" lon="127.256848">
        <ele>240.0</ele>
      </trkpt>
      <trkpt lat="38.291052" lon="127.256898">
        <ele>239.8</ele>
      </trkpt>
      <trkpt lat="38.291030" lon="127.256948">
        <ele>239.5</ele>
      </trkpt>
      <trkpt lat="38.291008" lon="127.256998">
        <ele>239.3</ele>
      </trkpt>
      <trkpt lat="38.290987" lon="127.257048">
        <ele>239.0</ele>
      </trkpt>
      <trkpt lat="38.290965" lon="127.257098">
        <ele>238.8</ele>
      </trkpt>
      <trkpt lat="38.290943" lon="127.257148">
        <ele>238.6</ele>
      </trkpt>
      <trkpt lat="38.290921" lon="127.257198">
        <ele>238.3</ele>
      </trkpt>
      <trkpt lat="38.290899" lon="127.257248">
        <ele>238.1</ele>
      </trkpt>
      <trkpt lat="38.290877" lon="127.257298">
        <ele>237.8</ele>
      </trkpt>
      <trkpt lat="38.290855" lon="127.257348">
        <ele>237.6</ele>
      </trkpt>
      <trkpt lat="38.290834" lon="127.257398">
        <ele>237.4</ele>
      </trkpt>
      <trkpt lat="38.290812" lon="127.257449">
        <ele>237.1</ele>
      </trkpt>
      <trkpt lat="38.290794" lon="127.257490">
        <ele>239.8</ele>
      </trkpt>
      <trkpt lat="38.290772" lon="127.257540">
        <ele>239.8</ele>
      </trkpt>
      <trkpt lat="38.290750" lon="127.257590">
        <ele>239.7</ele>
      </trkpt>
      <trkpt lat="38.290728" lon="127.257640">
        <ele>239.7</ele>
      </trkpt>
      <trkpt lat="38.290706" lon="127.257690">
        <ele>239.6</ele>
      </trkpt>
      <trkpt lat="38.290685" lon="127.257740">
        <ele>239.6</ele>
      </trkpt>
      <trkpt lat="38.290663" lon="127.257790">
        <ele>239.6</ele>
      </trkpt>
      <trkpt lat="38.290641" lon="127.257840">
        <ele>239.5</ele>
      </trkpt>
      <trkpt lat="38.290619" lon="127.257890">
        <ele>239.5</ele>
      </trkpt>
      <trkpt lat="38.290597" lon="127.257940">
        <ele>239.5</ele>
      </trkpt>
      <trkpt lat="38.290575" lon="127.257991">
        <ele>239.4</ele>
      </trkpt>
      <trkpt lat="38.290554" lon="127.258041">
        <ele>239.4</ele>
      </trkpt>
      <trkpt lat="38.290532" lon="127.258091">
        <ele>239.4</ele>
      </trkpt>
      <trkpt lat="38.290510" lon="127.258141">
        <ele>239.3</ele>
      </trkpt>
      <trkpt lat="38.290488" lon="127.258191">
        <ele>239.3</ele>
      </trkpt>
      <trkpt lat="38.290466" lon="127.258241">
        <ele>239.3</ele>
      </trkpt>
      <trkpt lat="38.290444" lon="127.258291">
        <ele>239.2</ele>
      </trkpt>
      <trkpt lat="38.290423" lon="127.258341">
        <ele>239.2</ele>
      </trkpt>
      <trkpt lat="38.290401" lon="127.258391">
        <ele>239.2</ele>
      </trkpt>
      <trkpt lat="38.290379" lon="127.258441">
        <ele>239.1</ele>
      </trkpt>
      <trkpt lat="38.290357" lon="127.258491">
        <ele>239.1</ele>
      </trkpt>
      <trkpt lat="38.290335" lon="127.258541">
        <ele>239.0</ele>
      </trkpt>
      <trkpt lat="38.290313" lon="127.258592">
        <ele>239.0</ele>
      </trkpt>
      <trkpt lat="38.290291" lon="127.258642">
        <ele>239.0</ele>
      </trkpt>
      <trkpt lat="38.290270" lon="127.258692">
        <ele>238.9</ele>
      </trkpt>
      <trkpt lat="38.290248" lon="127.258742">
        <ele>238.9</ele>
      </trkpt>
      <trkpt lat="38.290226" lon="127.258792">
        <ele>238.9</ele>
      </trkpt>
      <trkpt lat="38.290204" lon="127.258842">
        <ele>238.8</ele>
      </trkpt>
      <trkpt lat="38.290182" lon="127.258892">
        <ele>238.8</ele>
      </trkpt>
      <trkpt lat="38.290160" lon="127.258942">
        <ele>238.8</ele>
      </trkpt>
      <trkpt lat="38.290139" lon="127.258992">
        <ele>238.7</ele>
      </trkpt>
      <trkpt lat="38.290117" lon="127.259042">
        <ele>238.7</ele>
      </trkpt>
      <trkpt lat="38.290095" lon="127.259092">
        <ele>238.7</ele>
      </trkpt>
      <trkpt lat="38.290073" lon="127.259142">
        <ele>238.6</ele>
      </trkpt>
      <trkpt lat="38.290051" lon="127.259192">
        <ele>238.6</ele>
      </trkpt>
      <trkpt lat="38.290029" lon="127.259243">
        <ele>238.5</ele>
      </trkpt>
      <trkpt lat="38.290008" lon="127.259293">
        <ele>238.5</ele>
      </trkpt>
      <trkpt lat="38.289986" lon="127.259343">
        <ele>238.5</ele>
      </trkpt>
      <trkpt lat="38.289964" lon="127.259393">
        <ele>238.4</ele>
      </trkpt>
      <trkpt lat="38.289942" lon="127.259443">
        <ele>238.4</ele>
      </trkpt>
      <trkpt lat="38.289920" lon="127.259493">
        <ele>238.4</ele>
      </trkpt>
      <trkpt lat="38.289898" lon="127.259543">
        <ele>238.3</ele>
      </trkpt>
      <trkpt lat="38.289877" lon="127.259593">
        <ele>238.3</ele>
      </trkpt>
      <trkpt lat="38.289855" lon="127.259643">
        <ele>238.3</ele>
      </trkpt>
      <trkpt lat="38.289833" lon="127.259693">
        <ele>238.2</ele>
      </trkpt>
      <trkpt lat="38.289811" lon="127.259743">
        <ele>238.2</ele>
      </trkpt>
      <trkpt lat="38.289789" lon="127.259793">
        <ele>238.2</ele>
      </trkpt>
      <trkpt lat="38.289767" lon="127.259844">
        <ele>238.1</ele>
      </trkpt>
      <trkpt lat="38.289746" lon="127.259894">
        <ele>238.1</ele>
      </trkpt>
      <trkpt lat="38.289724" lon="127.259944">
        <ele>238.1</ele>
      </trkpt>
      <trkpt lat="38.289702" lon="127.259994">
        <ele>238.0</ele>
      </trkpt>
      <trkpt lat="38.289680" lon="127.260044">
        <ele>238.0</ele>
      </trkpt>
      <trkpt lat="38.289658" lon="127.260094">
        <ele>237.9</ele>
      </trkpt>
      <trkpt lat="38.289636" lon="127.260144">
        <ele>237.9</ele>
      </trkpt>
      <trkpt lat="38.289615" lon="127.260194">
        <ele>237.9</ele>
      </trkpt>
      <trkpt lat="38.289593" lon="127.260244">
        <ele>237.8</ele>
      </trkpt>
      <trkpt lat="38.289571" lon="127.260294">
        <ele>237.8</ele>
      </trkpt>
      <trkpt lat="38.289549" lon="127.260344">
        <ele>237.8</ele>
      </trkpt>
      <trkpt lat="38.289527" lon="127.260394">
        <ele>237.7</ele>
      </trkpt>
      <trkpt lat="38.289505" lon="127.260445">
        <ele>237.7</ele>
      </trkpt>
      <trkpt lat="38.289484" lon="127.260495">
        <ele>237.7</ele>
      </trkpt>
      <trkpt lat="38.289462" lon="127.260545">
        <ele>237.6</ele>
      </trkpt>
      <trkpt lat="38.289440" lon="127.260595">
        <ele>237.6</ele>
      </trkpt>
      <trkpt lat="38.289418" lon="127.260645">
        <ele>237.6</ele>
      </trkpt>
      <trkpt lat="38.289396" lon="127.260695">
        <ele>237.5</ele>
      </trkpt>
      <trkpt lat="38.289374" lon="127.260745">
        <ele>237.5</ele>
      </trkpt>
      <trkpt lat="38.289353" lon="127.260795">
        <ele>237.5</ele>
      </trkpt>
      <trkpt lat="38.289331" lon="127.260845">
        <ele>237.4</ele>
      </trkpt>
      <trkpt lat="38.289309" lon="127.260895">
        <ele>237.4</ele>
      </trkpt>
      <trkpt lat="38.289287" lon="127.260945">
        <ele>237.3</ele>
      </trkpt>
      <trkpt lat="38.289265" lon="127.260995">
        <ele>237.3</ele>
      </trkpt>
      <trkpt lat="38.289243" lon="127.261046">
        <ele>237.3</ele>
      </trkpt>
      <trkpt lat="38.289222" lon="127.261096">
        <ele>237.2</ele>
      </trkpt>
      <trkpt lat="38.289200" lon="127.261146">
        <ele>237.2</ele>
      </trkpt>
      <trkpt lat="38.289178" lon="127.261196">
        <ele>237.2</ele>
      </trkpt>
      <trkpt lat="38.289156" lon="127.261246">
        <ele>237.1</ele>
      </trkpt>
      <trkpt lat="38.289134" lon="127.261296">
        <ele>237.1</ele>
      </trkpt>
      <trkpt lat="38.289112" lon="127.261346">
        <ele>237.1</ele>
      </trkpt>
      <trkpt lat="38.289091" lon="127.261396">
        <ele>237.0</ele>
      </trkpt>
      <trkpt lat="38.289069" lon="127.261446">
        <ele>237.0</ele>
      </trkpt>
      <trkpt lat="38.289047" lon="127.261496">
        <ele>237.0</ele>
      </trkpt>
      <trkpt lat="38.289025" lon="127.261546">
        <ele>236.9</ele>
      </trkpt>
      <trkpt lat="38.289003" lon="127.261596">
        <ele>236.9</ele>
      </trkpt>
      <trkpt lat="38.288981" lon="127.261646">
        <ele>236.8</ele>
      </trkpt>
      <trkpt lat="38.288959" lon="127.261697">
        <ele>236.8</ele>
      </trkpt>
      <trkpt lat="38.288938" lon="127.261747">
        <ele>236.8</ele>
      </trkpt>
      <trkpt lat="38.288916" lon="127.261797">
        <ele>236.7</ele>
      </trkpt>
      <trkpt lat="38.288894" lon="127.261847">
        <ele>236.7</ele>
      </trkpt>
      <trkpt lat="38.288872" lon="127.261897">
        <ele>236.6</ele>
      </trkpt>
      <trkpt lat="38.288850" lon="127.261947">
        <ele>236.6</ele>
      </trkpt>
      <trkpt lat="38.288828" lon="127.261997">
        <ele>236.6</ele>
      </trkpt>
      <trkpt lat="38.288807" lon="127.262047">
        <ele>236.5</ele>
      </trkpt>
      <trkpt lat="38.288785" lon="127.262097">
        <ele>236.5</ele>
      </trkpt>
      <trkpt lat="38.288763" lon="127.262147">
        <ele>236.4</ele>
      </trkpt>
      <trkpt lat="38.288741" lon="127.262197">
        <ele>236.4</ele>
      </trkpt>
      <trkpt lat="38.288719" lon="127.262247">
        <ele>236.4</ele>
      </trkpt>
      <trkpt lat="38.288697" lon="127.262297">
        <ele>236.3</ele>
      </trkpt>
      <trkpt lat="38.288675" lon="127.262347">
        <ele>236.3</ele>
      </trkpt>
      <trkpt lat="38.288654" lon="127.262398">
        <ele>236.2</ele>
      </trkpt>
      <trkpt lat="38.288632" lon="127.262448">
        <ele>236.2</ele>
      </trkpt>
      <trkpt lat="38.288610" lon="127.262498">
        <ele>236.2</ele>
      </trkpt>
      <trkpt lat="38.288588" lon="127.262548">
        <ele>236.1</ele>
      </trkpt>
      <trkpt lat="38.288566" lon="127.262598">
        <ele>236.1</ele>
      </trkpt>
      <trkpt lat="38.288544" lon="127.262648">
        <ele>236.0</ele>
      </trkpt>
      <trkpt lat="38.288523" lon="127.262698">
        <ele>236.0</ele>
      </trkpt>
      <trkpt lat="38.288501" lon="127.262748">
        <ele>236.0</ele>
      </trkpt>
      <trkpt lat="38.288479" lon="127.262798">
        <ele>235.9</ele>
      </trkpt>
      <trkpt lat="38.288457" lon="127.262848">
        <ele>235.9</ele>
      </trkpt>
      <trkpt lat="38.288435" lon="127.262898">
        <ele>235.8</ele>
      </trkpt>
      <trkpt lat="38.288413" lon="127.262948">
        <ele>235.8</ele>
      </trkpt>
      <trkpt lat="38.288391" lon="127.262998">
        <ele>235.8</ele>
      </trkpt>
      <trkpt lat="38.288370" lon="127.263049">
        <ele>235.7</ele>
      </trkpt>
      <trkpt lat="38.288348" lon="127.263099">
        <ele>235.7</ele>
      </trkpt>
      <trkpt lat="38.288326" lon="127.263149">
        <ele>235.6</ele>
      </trkpt>
      <trkpt lat="38.288304" lon="127.263199">
        <ele>235.6</ele>
      </trkpt>
      <trkpt lat="38.288282" lon="127.263249">
        <ele>235.6</ele>
      </trkpt>
      <trkpt lat="38.288260" lon="127.263299">
        <ele>235.5</ele>
      </trkpt>
      <trkpt lat="38.288239" lon="127.263349">
        <ele>235.5</ele>
      </trkpt>
      <trkpt lat="38.288217" lon="127.263399">
        <ele>235.4</ele>
      </trkpt>
      <trkpt lat="38.288195" lon="127.263449">
        <ele>235.4</ele>
      </trkpt>
      <trkpt lat="38.288173" lon="127.263499">
        <ele>235.4</ele>
      </trkpt>
      <trkpt lat="38.288151" lon="127.263549">
        <ele>235.3</ele>
      </trkpt>
      <trkpt lat="38.288129" lon="127.263599">
        <ele>235.3</ele>
      </trkpt>
      <trkpt lat="38.288107" lon="127.263649">
        <ele>235.2</ele>
      </trkpt>
      <trkpt lat="38.288086" lon="127.263699">
        <ele>235.2</ele>
      </trkpt>
      <trkpt lat="38.288064" lon="127.263750">
        <ele>235.2</ele>
      </trkpt>
      <trkpt lat="38.288042" lon="127.263800">
        <ele>235.1</ele>
      </trkpt>
      <trkpt lat="38.288020" lon="127.263850">
        <ele>235.1</ele>
      </trkpt>
      <trkpt lat="38.287998" lon="127.263900">
        <ele>235.1</ele>
      </trkpt>
      <trkpt lat="38.287976" lon="127.263950">
        <ele>235.0</ele>
      </trkpt>
      <trkpt lat="38.287955" lon="127.264000">
        <ele>235.0</ele>
      </trkpt>
      <trkpt lat="38.287933" lon="127.264050">
        <ele>234.9</ele>
      </trkpt>
      <trkpt lat="38.287911" lon="127.264100">
        <ele>234.9</ele>
      </trkpt>
      <trkpt lat="38.287889" lon="127.264150">
        <ele>234.9</ele>
      </trkpt>
      <trkpt lat="38.287867" lon="127.264200">
        <ele>234.8</ele>
      </trkpt>
      <trkpt lat="38.287834" lon="127.264235">
        <ele>234.7</ele>
      </trkpt>
      <trkpt lat="38.287793" lon="127.264259">
        <ele>234.6</ele>
      </trkpt>
      <trkpt lat="38.287753" lon="127.264284">
        <ele>234.5</ele>
      </trkpt>
      <trkpt lat="38.287712" lon="127.264309">
        <ele>234.4</ele>
      </trkpt>
      <trkpt lat="38.287682" lon="127.264328">
        <ele>234.5</ele>
      </trkpt>
      <trkpt lat="38.287642" lon="127.264353">
        <ele>234.5</ele>
      </trkpt>
      <trkpt lat="38.287601" lon="127.264378">
        <ele>234.5</ele>
      </trkpt>
      <trkpt lat="38.287561" lon="127.264403">
        <ele>234.4</ele>
      </trkpt>
      <trkpt lat="38.287520" lon="127.264428">
        <ele>234.4</ele>
      </trkpt>
      <trkpt lat="38.287480" lon="127.264453">
        <ele>234.4</ele>
      </trkpt>
      <trkpt lat="38.287439" lon="127.264478">
        <ele>234.4</ele>
      </trkpt>
      <trkpt lat="38.287399" lon="127.264503">
        <ele>234.3</ele>
      </trkpt>
      <trkpt lat="38.287359" lon="127.264529">
        <ele>234.3</ele>
      </trkpt>
      <trkpt lat="38.287318" lon="127.264554">
        <ele>234.3</ele>
      </trkpt>
      <trkpt lat="38.287275" lon="127.264570">
        <ele>234.3</ele>
      </trkpt>
      <trkpt lat="38.287232" lon="127.264587">
        <ele>234.3</ele>
      </trkpt>
      <trkpt lat="38.287189" lon="127.264603">
        <ele>234.2</ele>
      </trkpt>
      <trkpt lat="38.287146" lon="127.264619">
        <ele>234.2</ele>
      </trkpt>
      <trkpt lat="38.287103" lon="127.264635">
        <ele>234.2</ele>
      </trkpt>
      <trkpt lat="38.287060" lon="127.264652">
        <ele>234.2</ele>
      </trkpt>
      <trkpt lat="38.287017" lon="127.264668">
        <ele>234.1</ele>
      </trkpt>
      <trkpt lat="38.286973" lon="127.264684">
        <ele>234.1</ele>
      </trkpt>
      <trkpt lat="38.286930" lon="127.264700">
        <ele>234.1</ele>
      </trkpt>
      <trkpt lat="38.286887" lon="127.264717">
        <ele>234.1</ele>
      </trkpt>
      <trkpt lat="38.286844" lon="127.264733">
        <ele>234.0</ele>
      </trkpt>
      <trkpt lat="38.286801" lon="127.264749">
        <ele>234.0</ele>
      </trkpt>
      <trkpt lat="38.286758" lon="127.264766">
        <ele>234.0</ele>
      </trkpt>
      <trkpt lat="38.286715" lon="127.264782">
        <ele>234.0</ele>
      </trkpt>
      <trkpt lat="38.286672" lon="127.264798">
        <ele>233.9</ele>
      </trkpt>
      <trkpt lat="38.286628" lon="127.264814">
        <ele>233.9</ele>
      </trkpt>
      <trkpt lat="38.286585" lon="127.264831">
        <ele>233.9</ele>
      </trkpt>
      <trkpt lat="38.286542" lon="127.264847">
        <ele>233.9</ele>
      </trkpt>
      <trkpt lat="38.286499" lon="127.264863">
        <ele>233.9</ele>
      </trkpt>
      <trkpt lat="38.286456" lon="127.264879">
        <ele>233.8</ele>
      </trkpt>
      <trkpt lat="38.286413" lon="127.264896">
        <ele>233.8</ele>
      </trkpt>
      <trkpt lat="38.286371" lon="127.264916">
        <ele>233.8</ele>
      </trkpt>
      <trkpt lat="38.286329" lon="127.264937">
        <ele>233.9</ele>
      </trkpt>
      <trkpt lat="38.286288" lon="127.264959">
        <ele>233.9</ele>
      </trkpt>
      <trkpt lat="38.286246" lon="127.264980">
        <ele>234.0</ele>
      </trkpt>
      <trkpt lat="38.286204" lon="127.265002">
        <ele>234.0</ele>
      </trkpt>
      <trkpt lat="38.286162" lon="127.265023">
        <ele>234.1</ele>
      </trkpt>
      <trkpt lat="38.286121" lon="127.265045">
        <ele>234.1</ele>
      </trkpt>
      <trkpt lat="38.286079" lon="127.265066">
        <ele>234.2</ele>
      </trkpt>
      <trkpt lat="38.286037" lon="127.265088">
        <ele>234.2</ele>
      </trkpt>
      <trkpt lat="38.285996" lon="127.265109">
        <ele>234.3</ele>
      </trkpt>
      <trkpt lat="38.285954" lon="127.265131">
        <ele>234.3</ele>
      </trkpt>
      <trkpt lat="38.285912" lon="127.265152">
        <ele>234.4</ele>
      </trkpt>
      <trkpt lat="38.285871" lon="127.265174">
        <ele>234.4</ele>
      </trkpt>
      <trkpt lat="38.285829" lon="127.265195">
        <ele>234.4</ele>
      </trkpt>
      <trkpt lat="38.285787" lon="127.265216">
        <ele>234.5</ele>
      </trkpt>
      <trkpt lat="38.285746" lon="127.265238">
        <ele>234.5</ele>
      </trkpt>
      <trkpt lat="38.285704" lon="127.265259">
        <ele>234.6</ele>
      </trkpt>
      <trkpt lat="38.285662" lon="127.265281">
        <ele>234.6</ele>
      </trkpt>
      <trkpt lat="38.285620" lon="127.265302">
        <ele>234.7</ele>
      </trkpt>
      <trkpt lat="38.285579" lon="127.265324">
        <ele>234.7</ele>
      </trkpt>
      <trkpt lat="38.285537" lon="127.265345">
        <ele>234.8</ele>
      </trkpt>
      <trkpt lat="38.285494" lon="127.265358">
        <ele>234.8</ele>
      </trkpt>
      <trkpt lat="38.285449" lon="127.265365">
        <ele>234.9</ele>
      </trkpt>
      <trkpt lat="38.285404" lon="127.265371">
        <ele>234.9</ele>
      </trkpt>
      <trkpt lat="38.285360" lon="127.265377">
        <ele>235.0</ele>
      </trkpt>
      <trkpt lat="38.285315" lon="127.265384">
        <ele>235.1</ele>
      </trkpt>
      <trkpt lat="38.285270" lon="127.265390">
        <ele>235.1</ele>
      </trkpt>
      <trkpt lat="38.285226" lon="127.265396">
        <ele>235.2</ele>
      </trkpt>
      <trkpt lat="38.285181" lon="127.265403">
        <ele>235.2</ele>
      </trkpt>
      <trkpt lat="38.285136" lon="127.265409">
        <ele>235.3</ele>
      </trkpt>
      <trkpt lat="38.285092" lon="127.265415">
        <ele>235.3</ele>
      </trkpt>
      <trkpt lat="38.285047" lon="127.265422">
        <ele>235.4</ele>
      </trkpt>
      <trkpt lat="38.285002" lon="127.265428">
        <ele>235.5</ele>
      </trkpt>
      <trkpt lat="38.284957" lon="127.265434">
        <ele>235.5</ele>
      </trkpt>
      <trkpt lat="38.284913" lon="127.265441">
        <ele>235.6</ele>
      </trkpt>
      <trkpt lat="38.284868" lon="127.265447">
        <ele>235.6</ele>
      </trkpt>
      <trkpt lat="38.284823" lon="127.265453">
        <ele>235.7</ele>
      </trkpt>
      <trkpt lat="38.284779" lon="127.265460">
        <ele>235.7</ele>
      </trkpt>
      <trkpt lat="38.284734" lon="127.265466">
        <ele>235.8</ele>
      </trkpt>
      <trkpt lat="38.284689" lon="127.265472">
        <ele>235.8</ele>
      </trkpt>
      <trkpt lat="38.284645" lon="127.265479">
        <ele>235.9</ele>
      </trkpt>
      <trkpt lat="38.284600" lon="127.265485">
        <ele>236.0</ele>
      </trkpt>
      <trkpt lat="38.284555" lon="127.265491">
        <ele>236.0</ele>
      </trkpt>
      <trkpt lat="38.284511" lon="127.265497">
        <ele>236.1</ele>
      </trkpt>
      <trkpt lat="38.284466" lon="127.265504">
        <ele>236.1</ele>
      </trkpt>
      <trkpt lat="38.284421" lon="127.265510">
        <ele>236.2</ele>
      </trkpt>
      <trkpt lat="38.284376" lon="127.265516">
        <ele>236.2</ele>
      </trkpt>
      <trkpt lat="38.284332" lon="127.265523">
        <ele>236.3</ele>
      </trkpt>
      <trkpt lat="38.284290" lon="127.265545">
        <ele>236.2</ele>
      </trkpt>
      <trkpt lat="38.284249" lon="127.265568">
        <ele>236.1</ele>
      </trkpt>
      <trkpt lat="38.284208" lon="127.265591">
        <ele>236.0</ele>
      </trkpt>
      <trkpt lat="38.284167" lon="127.265614">
        <ele>235.9</ele>
      </trkpt>
      <trkpt lat="38.284126" lon="127.265637">
        <ele>235.8</ele>
      </trkpt>
      <trkpt lat="38.284085" lon="127.265660">
        <ele>235.7</ele>
      </trkpt>
      <trkpt lat="38.284043" lon="127.265683">
        <ele>235.6</ele>
      </trkpt>
      <trkpt lat="38.284002" lon="127.265707">
        <ele>235.5</ele>
      </trkpt>
      <trkpt lat="38.283961" lon="127.265730">
        <ele>235.4</ele>
      </trkpt>
      <trkpt lat="38.283920" lon="127.265753">
        <ele>235.3</ele>
      </trkpt>
      <trkpt lat="38.283879" lon="127.265776">
        <ele>235.2</ele>
      </trkpt>
      <trkpt lat="38.283838" lon="127.265799">
        <ele>235.2</ele>
      </trkpt>
      <trkpt lat="38.283797" lon="127.265822">
        <ele>235.1</ele>
      </trkpt>
      <trkpt lat="38.283755" lon="127.265845">
        <ele>235.0</ele>
      </trkpt>
      <trkpt lat="38.283714" lon="127.265868">
        <ele>234.9</ele>
      </trkpt>
      <trkpt lat="38.283673" lon="127.265891">
        <ele>234.8</ele>
      </trkpt>
      <trkpt lat="38.283632" lon="127.265914">
        <ele>234.7</ele>
      </trkpt>
      <trkpt lat="38.283591" lon="127.265937">
        <ele>234.6</ele>
      </trkpt>
      <trkpt lat="38.283549" lon="127.265958">
        <ele>234.5</ele>
      </trkpt>
      <trkpt lat="38.283505" lon="127.265969">
        <ele>234.3</ele>
      </trkpt>
      <trkpt lat="38.283461" lon="127.265980">
        <ele>234.0</ele>
      </trkpt>
      <trkpt lat="38.283417" lon="127.265992">
        <ele>233.8</ele>
      </trkpt>
      <trkpt lat="38.283373" lon="127.266003">
        <ele>233.6</ele>
      </trkpt>
      <trkpt lat="38.283329" lon="127.266014">
        <ele>233.4</ele>
      </trkpt>
      <trkpt lat="38.283284" lon="127.266025">
        <ele>233.2</ele>
      </trkpt>
      <trkpt lat="38.283240" lon="127.266037">
        <ele>233.0</ele>
      </trkpt>
      <trkpt lat="38.283196" lon="127.266048">
        <ele>232.8</ele>
      </trkpt>
      <trkpt lat="38.283152" lon="127.266059">
        <ele>232.6</ele>
      </trkpt>
      <trkpt lat="38.283108" lon="127.266070">
        <ele>232.4</ele>
      </trkpt>
      <trkpt lat="38.283064" lon="127.266081">
        <ele>232.2</ele>
      </trkpt>
      <trkpt lat="38.283020" lon="127.266093">
        <ele>232.0</ele>
      </trkpt>
      <trkpt lat="38.282976" lon="127.266104">
        <ele>231.8</ele>
      </trkpt>
      <trkpt lat="38.282932" lon="127.266115">
        <ele>231.6</ele>
      </trkpt>
      <trkpt lat="38.282888" lon="127.266126">
        <ele>231.3</ele>
      </trkpt>
      <trkpt lat="38.282843" lon="127.266138">
        <ele>231.1</ele>
      </trkpt>
      <trkpt lat="38.282799" lon="127.266149">
        <ele>230.9</ele>
      </trkpt>
      <trkpt lat="38.282755" lon="127.266160">
        <ele>230.7</ele>
      </trkpt>
      <trkpt lat="38.282711" lon="127.266171">
        <ele>230.5</ele>
      </trkpt>
      <trkpt lat="38.282668" lon="127.266187">
        <ele>230.4</ele>
      </trkpt>
      <trkpt lat="38.282625" lon="127.266203">
        <ele>230.3</ele>
      </trkpt>
      <trkpt lat="38.282582" lon="127.266219">
        <ele>230.3</ele>
      </trkpt>
      <trkpt lat="38.282538" lon="127.266235">
        <ele>230.2</ele>
      </trkpt>
      <trkpt lat="38.282495" lon="127.266251">
        <ele>230.1</ele>
      </trkpt>
      <trkpt lat="38.282452" lon="127.266267">
        <ele>230.0</ele>
      </trkpt>
      <trkpt lat="38.282409" lon="127.266283">
        <ele>229.9</ele>
      </trkpt>
      <trkpt lat="38.282366" lon="127.266299">
        <ele>229.8</ele>
      </trkpt>
      <trkpt lat="38.282323" lon="127.266316">
        <ele>229.8</ele>
      </trkpt>
      <trkpt lat="38.282280" lon="127.266332">
        <ele>229.7</ele>
      </trkpt>
      <trkpt lat="38.282236" lon="127.266348">
        <ele>229.6</ele>
      </trkpt>
      <trkpt lat="38.282193" lon="127.266364">
        <ele>229.5</ele>
      </trkpt>
      <trkpt lat="38.282150" lon="127.266380">
        <ele>229.4</ele>
      </trkpt>
      <trkpt lat="38.282107" lon="127.266396">
        <ele>229.3</ele>
      </trkpt>
      <trkpt lat="38.282064" lon="127.266412">
        <ele>229.2</ele>
      </trkpt>
      <trkpt lat="38.282021" lon="127.266428">
        <ele>229.2</ele>
      </trkpt>
      <trkpt lat="38.281977" lon="127.266444">
        <ele>229.1</ele>
      </trkpt>
      <trkpt lat="38.281934" lon="127.266460">
        <ele>229.0</ele>
      </trkpt>
      <trkpt lat="38.281889" lon="127.266458">
        <ele>229.1</ele>
      </trkpt>
      <trkpt lat="38.281844" lon="127.266456">
        <ele>229.2</ele>
      </trkpt>
      <trkpt lat="38.281799" lon="127.266454">
        <ele>229.3</ele>
      </trkpt>
      <trkpt lat="38.281755" lon="127.266452">
        <ele>229.3</ele>
      </trkpt>
      <trkpt lat="38.281710" lon="127.266450">
        <ele>229.4</ele>
      </trkpt>
      <trkpt lat="38.281665" lon="127.266447">
        <ele>229.5</ele>
      </trkpt>
      <trkpt lat="38.281620" lon="127.266445">
        <ele>229.6</ele>
      </trkpt>
      <trkpt lat="38.281575" lon="127.266443">
        <ele>229.7</ele>
      </trkpt>
      <trkpt lat="38.281530" lon="127.266441">
        <ele>229.8</ele>
      </trkpt>
      <trkpt lat="38.281485" lon="127.266439">
        <ele>229.9</ele>
      </trkpt>
      <trkpt lat="38.281440" lon="127.266437">
        <ele>229.9</ele>
      </trkpt>
      <trkpt lat="38.281395" lon="127.266435">
        <ele>230.0</ele>
      </trkpt>
      <trkpt lat="38.281350" lon="127.266433">
        <ele>230.1</ele>
      </trkpt>
      <trkpt lat="38.281305" lon="127.266431">
        <ele>230.2</ele>
      </trkpt>
      <trkpt lat="38.281260" lon="127.266429">
        <ele>230.3</ele>
      </trkpt>
      <trkpt lat="38.281215" lon="127.266427">
        <ele>230.4</ele>
      </trkpt>
      <trkpt lat="38.281170" lon="127.266425">
        <ele>230.5</ele>
      </trkpt>
      <trkpt lat="38.281125" lon="127.266422">
        <ele>230.5</ele>
      </trkpt>
      <trkpt lat="38.281080" lon="127.266420">
        <ele>230.6</ele>
      </trkpt>
      <trkpt lat="38.281036" lon="127.266418">
        <ele>230.7</ele>
      </trkpt>
      <trkpt lat="38.280991" lon="127.266416">
        <ele>230.8</ele>
      </trkpt>
      <trkpt lat="38.280946" lon="127.266414">
        <ele>230.9</ele>
      </trkpt>
      <trkpt lat="38.280901" lon="127.266412">
        <ele>231.0</ele>
      </trkpt>
      <trkpt lat="38.280856" lon="127.266410">
        <ele>231.1</ele>
      </trkpt>
      <trkpt lat="38.280811" lon="127.266408">
        <ele>231.1</ele>
      </trkpt>
      <trkpt lat="38.280766" lon="127.266406">
        <ele>231.2</ele>
      </trkpt>
      <trkpt lat="38.280721" lon="127.266404">
        <ele>231.3</ele>
      </trkpt>
      <trkpt lat="38.280676" lon="127.266402">
        <ele>231.4</ele>
      </trkpt>
      <trkpt lat="38.280631" lon="127.266400">
        <ele>231.5</ele>
      </trkpt>
      <trkpt lat="38.280586" lon="127.266397">
        <ele>231.6</ele>
      </trkpt>
      <trkpt lat="38.280541" lon="127.266395">
        <ele>231.7</ele>
      </trkpt>
      <trkpt lat="38.280496" lon="127.266393">
        <ele>231.7</ele>
      </trkpt>
      <trkpt lat="38.280460" lon="127.266392">
        <ele>230.0</ele>
      </trkpt>
      <trkpt lat="38.280415" lon="127.266390">
        <ele>230.0</ele>
      </trkpt>
      <trkpt lat="38.280371" lon="127.266387">
        <ele>230.1</ele>
      </trkpt>
      <trkpt lat="38.280326" lon="127.266385">
        <ele>230.1</ele>
      </trkpt>
      <trkpt lat="38.280281" lon="127.266383">
        <ele>230.2</ele>
      </trkpt>
      <trkpt lat="38.280236" lon="127.266381">
        <ele>230.2</ele>
      </trkpt>
      <trkpt lat="38.280191" lon="127.266379">
        <ele>230.2</ele>
      </trkpt>
      <trkpt lat="38.280146" lon="127.266377">
        <ele>230.3</ele>
      </trkpt>
      <trkpt lat="38.280101" lon="127.266375">
        <ele>230.3</ele>
      </trkpt>
      <trkpt lat="38.280056" lon="127.266373">
        <ele>230.3</ele>
      </trkpt>
      <trkpt lat="38.280011" lon="127.266371">
        <ele>230.4</ele>
      </trkpt>
      <trkpt lat="38.279966" lon="127.266369">
        <ele>230.4</ele>
      </trkpt>
      <trkpt lat="38.279921" lon="127.266367">
        <ele>230.5</ele>
      </trkpt>
      <trkpt lat="38.279876" lon="127.266364">
        <ele>230.5</ele>
      </trkpt>
      <trkpt lat="38.279831" lon="127.266362">
        <ele>230.5</ele>
      </trkpt>
      <trkpt lat="38.279786" lon="127.266360">
        <ele>230.6</ele>
      </trkpt>
      <trkpt lat="38.279741" lon="127.266358">
        <ele>230.6</ele>
      </trkpt>
      <trkpt lat="38.279696" lon="127.266356">
        <ele>230.6</ele>
      </trkpt>
      <trkpt lat="38.279652" lon="127.266354">
        <ele>230.7</ele>
      </trkpt>
      <trkpt lat="38.279607" lon="127.266352">
        <ele>230.7</ele>
      </trkpt>
      <trkpt lat="38.279562" lon="127.266350">
        <ele>230.8</ele>
      </trkpt>
      <trkpt lat="38.279517" lon="127.266348">
        <ele>230.8</ele>
      </trkpt>
      <trkpt lat="38.279472" lon="127.266346">
        <ele>230.8</ele>
      </trkpt>
      <trkpt lat="38.279427" lon="127.266344">
        <ele>230.9</ele>
      </trkpt>
      <trkpt lat="38.279382" lon="127.266342">
        <ele>230.9</ele>
      </trkpt>
      <trkpt lat="38.279337" lon="127.266339">
        <ele>230.9</ele>
      </trkpt>
      <trkpt lat="38.279292" lon="127.266337">
        <ele>231.0</ele>
      </trkpt>
      <trkpt lat="38.279247" lon="127.266335">
        <ele>231.0</ele>
      </trkpt>
      <trkpt lat="38.279202" lon="127.266333">
        <ele>231.1</ele>
      </trkpt>
      <trkpt lat="38.279157" lon="127.266331">
        <ele>231.1</ele>
      </trkpt>
      <trkpt lat="38.279112" lon="127.266329">
        <ele>231.1</ele>
      </trkpt>
      <trkpt lat="38.279067" lon="127.266327">
        <ele>231.2</ele>
      </trkpt>
      <trkpt lat="38.279022" lon="127.266325">
        <ele>231.2</ele>
      </trkpt>
      <trkpt lat="38.278978" lon="127.266323">
        <ele>231.2</ele>
      </trkpt>
      <trkpt lat="38.278933" lon="127.266321">
        <ele>231.3</ele>
      </trkpt>
      <trkpt lat="38.278888" lon="127.266319">
        <ele>231.3</ele>
      </trkpt>
      <trkpt lat="38.278843" lon="127.266317">
        <ele>231.4</ele>
      </trkpt>
      <trkpt lat="38.278798" lon="127.266314">
        <ele>231.4</ele>
      </trkpt>
      <trkpt lat="38.278753" lon="127.266312">
        <ele>231.4</ele>
      </trkpt>
      <trkpt lat="38.278708" lon="127.266310">
        <ele>231.5</ele>
      </trkpt>
      <trkpt lat="38.278663" lon="127.266308">
        <ele>231.5</ele>
      </trkpt>
      <trkpt lat="38.278618" lon="127.266306">
        <ele>231.5</ele>
      </trkpt>
      <trkpt lat="38.278573" lon="127.266304">
        <ele>231.6</ele>
      </trkpt>
      <trkpt lat="38.278528" lon="127.266302">
        <ele>231.6</ele>
      </trkpt>
      <trkpt lat="38.278483" lon="127.266300">
        <ele>231.7</ele>
      </trkpt>
      <trkpt lat="38.278438" lon="127.266298">
        <ele>231.7</ele>
      </trkpt>
      <trkpt lat="38.278393" lon="127.266296">
        <ele>231.7</ele>
      </trkpt>
      <trkpt lat="38.278348" lon="127.266294">
        <ele>231.8</ele>
      </trkpt>
      <trkpt lat="38.278304" lon="127.266288">
        <ele>231.8</ele>
      </trkpt>
      <trkpt lat="38.278261" lon="127.266272">
        <ele>231.5</ele>
      </trkpt>
      <trkpt lat="38.278218" lon="127.266256">
        <ele>231.3</ele>
      </trkpt>
      <trkpt lat="38.278175" lon="127.266239">
        <ele>231.1</ele>
      </trkpt>
      <trkpt lat="38.278131" lon="127.266223">
        <ele>230.9</ele>
      </trkpt>
      <trkpt lat="38.278088" lon="127.266207">
        <ele>230.7</ele>
      </trkpt>
      <trkpt lat="38.278045" lon="127.266191">
        <ele>230.5</ele>
      </trkpt>
      <trkpt lat="38.278002" lon="127.266174">
        <ele>230.3</ele>
      </trkpt>
      <trkpt lat="38.277959" lon="127.266158">
        <ele>230.1</ele>
      </trkpt>
      <trkpt lat="38.277916" lon="127.266142">
        <ele>229.8</ele>
      </trkpt>
      <trkpt lat="38.277873" lon="127.266126">
        <ele>229.6</ele>
      </trkpt>
      <trkpt lat="38.277830" lon="127.266109">
        <ele>229.4</ele>
      </trkpt>
      <trkpt lat="38.277787" lon="127.266093">
        <ele>229.2</ele>
      </trkpt>
      <trkpt lat="38.277743" lon="127.266077">
        <ele>229.0</ele>
      </trkpt>
      <trkpt lat="38.277700" lon="127.266060">
        <ele>228.8</ele>
      </trkpt>
      <trkpt lat="38.277657" lon="127.266044">
        <ele>228.6</ele>
      </trkpt>
      <trkpt lat="38.277614" lon="127.266028">
        <ele>228.4</ele>
      </trkpt>
      <trkpt lat="38.277571" lon="127.266012">
        <ele>228.2</ele>
      </trkpt>
      <trkpt lat="38.277528" lon="127.265995">
        <ele>227.9</ele>
      </trkpt>
      <trkpt lat="38.277485" lon="127.265979">
        <ele>227.7</ele>
      </trkpt>
      <trkpt lat="38.277442" lon="127.265963">
        <ele>227.5</ele>
      </trkpt>
      <trkpt lat="38.277398" lon="127.265947">
        <ele>227.3</ele>
      </trkpt>
      <trkpt lat="38.277354" lon="127.265941">
        <ele>227.2</ele>
      </trkpt>
      <trkpt lat="38.277309" lon="127.265936">
        <ele>227.1</ele>
      </trkpt>
      <trkpt lat="38.277264" lon="127.265931">
        <ele>227.0</ele>
      </trkpt>
      <trkpt lat="38.277219" lon="127.265927">
        <ele>226.9</ele>
      </trkpt>
      <trkpt lat="38.277175" lon="127.265922">
        <ele>226.8</ele>
      </trkpt>
      <trkpt lat="38.277130" lon="127.265921">
        <ele>226.8</ele>
      </trkpt>
      <trkpt lat="38.277085" lon="127.265926">
        <ele>226.7</ele>
      </trkpt>
      <trkpt lat="38.277040" lon="127.265930">
        <ele>226.6</ele>
      </trkpt>
      <trkpt lat="38.276995" lon="127.265935">
        <ele>226.5</ele>
      </trkpt>
      <trkpt lat="38.276950" lon="127.265939">
        <ele>226.4</ele>
      </trkpt>
      <trkpt lat="38.276906" lon="127.265944">
        <ele>226.4</ele>
      </trkpt>
      <trkpt lat="38.276861" lon="127.265951">
        <ele>226.3</ele>
      </trkpt>
      <trkpt lat="38.276817" lon="127.265965">
        <ele>226.4</ele>
      </trkpt>
      <trkpt lat="38.276774" lon="127.265978">
        <ele>226.5</ele>
      </trkpt>
      <trkpt lat="38.276730" lon="127.265991">
        <ele>226.5</ele>
      </trkpt>
      <trkpt lat="38.276686" lon="127.266005">
        <ele>226.6</ele>
      </trkpt>
      <trkpt lat="38.276642" lon="127.266018">
        <ele>226.7</ele>
      </trkpt>
      <trkpt lat="38.276599" lon="127.266031">
        <ele>226.7</ele>
      </trkpt>
      <trkpt lat="38.276555" lon="127.266044">
        <ele>226.8</ele>
      </trkpt>
      <trkpt lat="38.276515" lon="127.266069">
        <ele>226.9</ele>
      </trkpt>
      <trkpt lat="38.276476" lon="127.266098">
        <ele>227.1</ele>
      </trkpt>
      <trkpt lat="38.276437" lon="127.266127">
        <ele>227.3</ele>
      </trkpt>
      <trkpt lat="38.276398" lon="127.266156">
        <ele>227.4</ele>
      </trkpt>
      <trkpt lat="38.276359" lon="127.266184">
        <ele>227.6</ele>
      </trkpt>
      <trkpt lat="38.276321" lon="127.266213">
        <ele>227.8</ele>
      </trkpt>
      <trkpt lat="38.276282" lon="127.266242">
        <ele>228.0</ele>
      </trkpt>
      <trkpt lat="38.276243" lon="127.266271">
        <ele>228.1</ele>
      </trkpt>
      <trkpt lat="38.276204" lon="127.266300">
        <ele>228.3</ele>
      </trkpt>
      <trkpt lat="38.276171" lon="127.266338">
        <ele>228.3</ele>
      </trkpt>
      <trkpt lat="38.276137" lon="127.266376">
        <ele>228.4</ele>
      </trkpt>
      <trkpt lat="38.276104" lon="127.266415">
        <ele>228.4</ele>
      </trkpt>
      <trkpt lat="38.276070" lon="127.266453">
        <ele>228.5</ele>
      </trkpt>
      <trkpt lat="38.276037" lon="127.266491">
        <ele>228.5</ele>
      </trkpt>
      <trkpt lat="38.276003" lon="127.266529">
        <ele>228.6</ele>
      </trkpt>
      <trkpt lat="38.275970" lon="127.266568">
        <ele>228.6</ele>
      </trkpt>
      <trkpt lat="38.275936" lon="127.266606">
        <ele>228.7</ele>
      </trkpt>
      <trkpt lat="38.275903" lon="127.266644">
        <ele>228.7</ele>
      </trkpt>
      <trkpt lat="38.275869" lon="127.266682">
        <ele>228.8</ele>
      </trkpt>
      <trkpt lat="38.275840" lon="127.266725">
        <ele>228.8</ele>
      </trkpt>
      <trkpt lat="38.275813" lon="127.266771">
        <ele>228.9</ele>
      </trkpt>
      <trkpt lat="38.275785" lon="127.266816">
        <ele>229.0</ele>
      </trkpt>
      <trkpt lat="38.275759" lon="127.266863">
        <ele>229.0</ele>
      </trkpt>
      <trkpt lat="38.275735" lon="127.266911">
        <ele>228.9</ele>
      </trkpt>
      <trkpt lat="38.275711" lon="127.266960">
        <ele>228.9</ele>
      </trkpt>
      <trkpt lat="38.275687" lon="127.267008">
        <ele>228.8</ele>
      </trkpt>
      <trkpt lat="38.275664" lon="127.267057">
        <ele>228.8</ele>
      </trkpt>
      <trkpt lat="38.275640" lon="127.267106">
        <ele>228.8</ele>
      </trkpt>
      <trkpt lat="38.275616" lon="127.267154">
        <ele>228.8</ele>
      </trkpt>
      <trkpt lat="38.275598" lon="127.267207">
        <ele>228.6</ele>
      </trkpt>
      <trkpt lat="38.275580" lon="127.267259">
        <ele>228.4</ele>
      </trkpt>
      <trkpt lat="38.275562" lon="127.267312">
        <ele>228.2</ele>
      </trkpt>
      <trkpt lat="38.275543" lon="127.267364">
        <ele>228.0</ele>
      </trkpt>
      <trkpt lat="38.275525" lon="127.267416">
        <ele>227.8</ele>
      </trkpt>
      <trkpt lat="38.275525" lon="127.267417">
        <ele>228.0</ele>
      </trkpt>
      <trkpt lat="38.275507" lon="127.267469">
        <ele>227.9</ele>
      </trkpt>
      <trkpt lat="38.275489" lon="127.267522">
        <ele>227.9</ele>
      </trkpt>
      <trkpt lat="38.275471" lon="127.267574">
        <ele>227.8</ele>
      </trkpt>
      <trkpt lat="38.275452" lon="127.267626">
        <ele>227.8</ele>
      </trkpt>
      <trkpt lat="38.275433" lon="127.267678">
        <ele>227.8</ele>
      </trkpt>
      <trkpt lat="38.275413" lon="127.267730">
        <ele>227.8</ele>
      </trkpt>
      <trkpt lat="38.275394" lon="127.267782">
        <ele>227.8</ele>
      </trkpt>
      <trkpt lat="38.275375" lon="127.267833">
        <ele>227.8</ele>
      </trkpt>
      <trkpt lat="38.275356" lon="127.267885">
        <ele>227.8</ele>
      </trkpt>
      <trkpt lat="38.275346" lon="127.267941">
        <ele>227.8</ele>
      </trkpt>
      <trkpt lat="38.275336" lon="127.267997">
        <ele>227.9</ele>
      </trkpt>
      <trkpt lat="38.275325" lon="127.268053">
        <ele>227.9</ele>
      </trkpt>
      <trkpt lat="38.275315" lon="127.268108">
        <ele>228.0</ele>
      </trkpt>
      <trkpt lat="38.275310" lon="127.268165">
        <ele>228.0</ele>
      </trkpt>
      <trkpt lat="38.275309" lon="127.268222">
        <ele>228.1</ele>
      </trkpt>
      <trkpt lat="38.275308" lon="127.268279">
        <ele>228.2</ele>
      </trkpt>
      <trkpt lat="38.275308" lon="127.268337">
        <ele>228.3</ele>
      </trkpt>
      <trkpt lat="38.275315" lon="127.268393">
        <ele>228.1</ele>
      </trkpt>
      <trkpt lat="38.275321" lon="127.268450">
        <ele>228.0</ele>
      </trkpt>
      <trkpt lat="38.275327" lon="127.268507">
        <ele>227.8</ele>
      </trkpt>
      <trkpt lat="38.275334" lon="127.268563">
        <ele>227.7</ele>
      </trkpt>
      <trkpt lat="38.275340" lon="127.268620">
        <ele>227.5</ele>
      </trkpt>
      <trkpt lat="38.275350" lon="127.268676">
        <ele>227.4</ele>
      </trkpt>
      <trkpt lat="38.275361" lon="127.268732">
        <ele>227.2</ele>
      </trkpt>
      <trkpt lat="38.275371" lon="127.268787">
        <ele>227.1</ele>
      </trkpt>
      <trkpt lat="38.275382" lon="127.268843">
        <ele>226.9</ele>
      </trkpt>
      <trkpt lat="38.275393" lon="127.268899">
        <ele>226.8</ele>
      </trkpt>
      <trkpt lat="38.275403" lon="127.268954">
        <ele>226.6</ele>
      </trkpt>
      <trkpt lat="38.275414" lon="127.269010">
        <ele>226.5</ele>
      </trkpt>
      <trkpt lat="38.275424" lon="127.269066">
        <ele>226.3</ele>
      </trkpt>
      <trkpt lat="38.275425" lon="127.269123">
        <ele>226.2</ele>
      </trkpt>
      <trkpt lat="38.275424" lon="127.269180">
        <ele>226.1</ele>
      </trkpt>
      <trkpt lat="38.275423" lon="127.269237">
        <ele>226.1</ele>
      </trkpt>
      <trkpt lat="38.275419" lon="127.269294">
        <ele>226.0</ele>
      </trkpt>
      <trkpt lat="38.275409" lon="127.269350">
        <ele>226.0</ele>
      </trkpt>
      <trkpt lat="38.275399" lon="127.269406">
        <ele>226.0</ele>
      </trkpt>
      <trkpt lat="38.275388" lon="127.269461">
        <ele>226.0</ele>
      </trkpt>
      <trkpt lat="38.275376" lon="127.269516">
        <ele>225.9</ele>
      </trkpt>
      <trkpt lat="38.275358" lon="127.269569">
        <ele>225.8</ele>
      </trkpt>
      <trkpt lat="38.275341" lon="127.269622">
        <ele>225.6</ele>
      </trkpt>
      <trkpt lat="38.275321" lon="127.269673">
        <ele>225.4</ele>
      </trkpt>
      <trkpt lat="38.275296" lon="127.269721">
        <ele>225.3</ele>
      </trkpt>
      <trkpt lat="38.275272" lon="127.269769">
        <ele>225.1</ele>
      </trkpt>
      <trkpt lat="38.275246" lon="127.269815">
        <ele>224.9</ele>
      </trkpt>
      <trkpt lat="38.275217" lon="127.269859">
        <ele>224.5</ele>
      </trkpt>
      <trkpt lat="38.275188" lon="127.269903">
        <ele>224.2</ele>
      </trkpt>
      <trkpt lat="38.275158" lon="127.269946">
        <ele>223.9</ele>
      </trkpt>
      <trkpt lat="38.275124" lon="127.269982">
        <ele>223.6</ele>
      </trkpt>
      <trkpt lat="38.275087" lon="127.270016">
        <ele>223.4</ele>
      </trkpt>
      <trkpt lat="38.275051" lon="127.270049">
        <ele>223.2</ele>
      </trkpt>
      <trkpt lat="38.275014" lon="127.270082">
        <ele>223.0</ele>
      </trkpt>
      <trkpt lat="38.274972" lon="127.270104">
        <ele>223.0</ele>
      </trkpt>
      <trkpt lat="38.274931" lon="127.270126">
        <ele>223.0</ele>
      </trkpt>
      <trkpt lat="38.274889" lon="127.270148">
        <ele>223.0</ele>
      </trkpt>
      <trkpt lat="38.274846" lon="127.270165">
        <ele>222.9</ele>
      </trkpt>
      <trkpt lat="38.274803" lon="127.270180">
        <ele>222.9</ele>
      </trkpt>
      <trkpt lat="38.274760" lon="127.270195">
        <ele>222.8</ele>
      </trkpt>
      <trkpt lat="38.274716" lon="127.270210">
        <ele>222.7</ele>
      </trkpt>
      <trkpt lat="38.274673" lon="127.270225">
        <ele>222.7</ele>
      </trkpt>
      <trkpt lat="38.274630" lon="127.270240">
        <ele>222.6</ele>
      </trkpt>
      <trkpt lat="38.274586" lon="127.270256">
        <ele>222.5</ele>
      </trkpt>
      <trkpt lat="38.274543" lon="127.270271">
        <ele>222.5</ele>
      </trkpt>
      <trkpt lat="38.274500" lon="127.270286">
        <ele>222.4</ele>
      </trkpt>
      <trkpt lat="38.274456" lon="127.270301">
        <ele>222.3</ele>
      </trkpt>
      <trkpt lat="38.274413" lon="127.270316">
        <ele>222.3</ele>
      </trkpt>
      <trkpt lat="38.274369" lon="127.270331">
        <ele>222.2</ele>
      </trkpt>
      <trkpt lat="38.274326" lon="127.270346">
        <ele>222.1</ele>
      </trkpt>
      <trkpt lat="38.274283" lon="127.270362">
        <ele>222.0</ele>
      </trkpt>
      <trkpt lat="38.274239" lon="127.270377">
        <ele>222.0</ele>
      </trkpt>
      <trkpt lat="38.274196" lon="127.270392">
        <ele>221.9</ele>
      </trkpt>
      <trkpt lat="38.274153" lon="127.270407">
        <ele>221.8</ele>
      </trkpt>
      <trkpt lat="38.274109" lon="127.270422">
        <ele>221.8</ele>
      </trkpt>
      <trkpt lat="38.274066" lon="127.270437">
        <ele>221.7</ele>
      </trkpt>
      <trkpt lat="38.274022" lon="127.270452">
        <ele>221.6</ele>
      </trkpt>
      <trkpt lat="38.273979" lon="127.270468">
        <ele>221.6</ele>
      </trkpt>
      <trkpt lat="38.273936" lon="127.270483">
        <ele>221.5</ele>
      </trkpt>
      <trkpt lat="38.273892" lon="127.270498">
        <ele>221.4</ele>
      </trkpt>
      <trkpt lat="38.273849" lon="127.270513">
        <ele>221.4</ele>
      </trkpt>
      <trkpt lat="38.273806" lon="127.270528">
        <ele>221.3</ele>
      </trkpt>
      <trkpt lat="38.273762" lon="127.270543">
        <ele>221.2</ele>
      </trkpt>
      <trkpt lat="38.273719" lon="127.270558">
        <ele>221.1</ele>
      </trkpt>
      <trkpt lat="38.273676" lon="127.270574">
        <ele>221.1</ele>
      </trkpt>
      <trkpt lat="38.273632" lon="127.270589">
        <ele>221.0</ele>
      </trkpt>
      <trkpt lat="38.273589" lon="127.270604">
        <ele>220.9</ele>
      </trkpt>
      <trkpt lat="38.273545" lon="127.270619">
        <ele>220.9</ele>
      </trkpt>
      <trkpt lat="38.273502" lon="127.270634">
        <ele>220.8</ele>
      </trkpt>
      <trkpt lat="38.273459" lon="127.270649">
        <ele>220.7</ele>
      </trkpt>
      <trkpt lat="38.273415" lon="127.270664">
        <ele>220.7</ele>
      </trkpt>
      <trkpt lat="38.273372" lon="127.270680">
        <ele>220.6</ele>
      </trkpt>
      <trkpt lat="38.273329" lon="127.270695">
        <ele>220.5</ele>
      </trkpt>
      <trkpt lat="38.273285" lon="127.270710">
        <ele>220.5</ele>
      </trkpt>
      <trkpt lat="38.273242" lon="127.270725">
        <ele>220.4</ele>
      </trkpt>
      <trkpt lat="38.273199" lon="127.270740">
        <ele>220.3</ele>
      </trkpt>
      <trkpt lat="38.273155" lon="127.270755">
        <ele>220.2</ele>
      </trkpt>
      <trkpt lat="38.273112" lon="127.270770">
        <ele>220.2</ele>
      </trkpt>
      <trkpt lat="38.273068" lon="127.270786">
        <ele>220.1</ele>
      </trkpt>
      <trkpt lat="38.273025" lon="127.270801">
        <ele>220.0</ele>
      </trkpt>
      <trkpt lat="38.272982" lon="127.270816">
        <ele>220.0</ele>
      </trkpt>
      <trkpt lat="38.272938" lon="127.270831">
        <ele>219.9</ele>
      </trkpt>
      <trkpt lat="38.272895" lon="127.270846">
        <ele>219.8</ele>
      </trkpt>
      <trkpt lat="38.272852" lon="127.270863">
        <ele>219.8</ele>
      </trkpt>
      <trkpt lat="38.272810" lon="127.270882">
        <ele>219.7</ele>
      </trkpt>
      <trkpt lat="38.272767" lon="127.270900">
        <ele>219.6</ele>
      </trkpt>
      <trkpt lat="38.272724" lon="127.270919">
        <ele>219.5</ele>
      </trkpt>
      <trkpt lat="38.272683" lon="127.270939">
        <ele>219.4</ele>
      </trkpt>
      <trkpt lat="38.272641" lon="127.270962">
        <ele>219.3</ele>
      </trkpt>
      <trkpt lat="38.272600" lon="127.270985">
        <ele>219.2</ele>
      </trkpt>
      <trkpt lat="38.272559" lon="127.271008">
        <ele>219.1</ele>
      </trkpt>
      <trkpt lat="38.272518" lon="127.271033">
        <ele>219.0</ele>
      </trkpt>
      <trkpt lat="38.272479" lon="127.271060">
        <ele>218.9</ele>
      </trkpt>
      <trkpt lat="38.272439" lon="127.271087">
        <ele>218.8</ele>
      </trkpt>
      <trkpt lat="38.272400" lon="127.271115">
        <ele>218.7</ele>
      </trkpt>
      <trkpt lat="38.272360" lon="127.271142">
        <ele>218.7</ele>
      </trkpt>
      <trkpt lat="38.272321" lon="127.271169">
        <ele>218.6</ele>
      </trkpt>
      <trkpt lat="38.272281" lon="127.271197">
        <ele>218.5</ele>
      </trkpt>
      <trkpt lat="38.272244" lon="127.271230">
        <ele>218.5</ele>
      </trkpt>
      <trkpt lat="38.272208" lon="127.271263">
        <ele>218.5</ele>
      </trkpt>
      <trkpt lat="38.272171" lon="127.271296">
        <ele>218.5</ele>
      </trkpt>
      <trkpt lat="38.272135" lon="127.271329">
        <ele>218.5</ele>
      </trkpt>
      <trkpt lat="38.272098" lon="127.271363">
        <ele>218.5</ele>
      </trkpt>
      <trkpt lat="38.272061" lon="127.271396">
        <ele>218.4</ele>
      </trkpt>
      <trkpt lat="38.272025" lon="127.271429">
        <ele>218.4</ele>
      </trkpt>
      <trkpt lat="38.271988" lon="127.271462">
        <ele>218.4</ele>
      </trkpt>
      <trkpt lat="38.271951" lon="127.271496">
        <ele>218.4</ele>
      </trkpt>
      <trkpt lat="38.271915" lon="127.271529">
        <ele>218.4</ele>
      </trkpt>
      <trkpt lat="38.271878" lon="127.271562">
        <ele>218.4</ele>
      </trkpt>
      <trkpt lat="38.271842" lon="127.271595">
        <ele>218.4</ele>
      </trkpt>
      <trkpt lat="38.271805" lon="127.271629">
        <ele>218.4</ele>
      </trkpt>
      <trkpt lat="38.271768" lon="127.271662">
        <ele>218.4</ele>
      </trkpt>
      <trkpt lat="38.271732" lon="127.271695">
        <ele>218.4</ele>
      </trkpt>
      <trkpt lat="38.271695" lon="127.271728">
        <ele>218.4</ele>
      </trkpt>
      <trkpt lat="38.271659" lon="127.271762">
        <ele>218.3</ele>
      </trkpt>
      <trkpt lat="38.271622" lon="127.271795">
        <ele>218.3</ele>
      </trkpt>
      <trkpt lat="38.271585" lon="127.271828">
        <ele>218.3</ele>
      </trkpt>
      <trkpt lat="38.271549" lon="127.271861">
        <ele>218.3</ele>
      </trkpt>
      <trkpt lat="38.271512" lon="127.271895">
        <ele>218.3</ele>
      </trkpt>
      <trkpt lat="38.271476" lon="127.271928">
        <ele>218.3</ele>
      </trkpt>
      <trkpt lat="38.271438" lon="127.271959">
        <ele>218.3</ele>
      </trkpt>
      <trkpt lat="38.271399" lon="127.271988">
        <ele>218.3</ele>
      </trkpt>
      <trkpt lat="38.271360" lon="127.272017">
        <ele>218.3</ele>
      </trkpt>
      <trkpt lat="38.271321" lon="127.272046">
        <ele>218.3</ele>
      </trkpt>
      <trkpt lat="38.271283" lon="127.272075">
        <ele>218.3</ele>
      </trkpt>
      <trkpt lat="38.271242" lon="127.272100">
        <ele>218.2</ele>
      </trkpt>
      <trkpt lat="38.271202" lon="127.272126">
        <ele>218.1</ele>
      </trkpt>
      <trkpt lat="38.271162" lon="127.272151">
        <ele>218.1</ele>
      </trkpt>
      <trkpt lat="38.271121" lon="127.272175">
        <ele>218.0</ele>
      </trkpt>
      <trkpt lat="38.271079" lon="127.272196">
        <ele>218.0</ele>
      </trkpt>
      <trkpt lat="38.271037" lon="127.272217">
        <ele>218.0</ele>
      </trkpt>
      <trkpt lat="38.270996" lon="127.272238">
        <ele>218.0</ele>
      </trkpt>
      <trkpt lat="38.270952" lon="127.272253">
        <ele>217.9</ele>
      </trkpt>
      <trkpt lat="38.270909" lon="127.272267">
        <ele>217.7</ele>
      </trkpt>
      <trkpt lat="38.270865" lon="127.272281">
        <ele>217.5</ele>
      </trkpt>
      <trkpt lat="38.270821" lon="127.272295">
        <ele>217.3</ele>
      </trkpt>
      <trkpt lat="38.270778" lon="127.272308">
        <ele>217.1</ele>
      </trkpt>
      <trkpt lat="38.270734" lon="127.272322">
        <ele>216.9</ele>
      </trkpt>
      <trkpt lat="38.270690" lon="127.272336">
        <ele>216.8</ele>
      </trkpt>
      <trkpt lat="38.270647" lon="127.272350">
        <ele>216.6</ele>
      </trkpt>
      <trkpt lat="38.270604" lon="127.272367">
        <ele>216.4</ele>
      </trkpt>
      <trkpt lat="38.270562" lon="127.272387">
        <ele>216.2</ele>
      </trkpt>
      <trkpt lat="38.270520" lon="127.272407">
        <ele>215.9</ele>
      </trkpt>
      <trkpt lat="38.270477" lon="127.272427">
        <ele>215.7</ele>
      </trkpt>
      <trkpt lat="38.270435" lon="127.272447">
        <ele>215.5</ele>
      </trkpt>
      <trkpt lat="38.270396" lon="127.272475">
        <ele>215.3</ele>
      </trkpt>
      <trkpt lat="38.270357" lon="127.272504">
        <ele>215.1</ele>
      </trkpt>
      <trkpt lat="38.270320" lon="127.272536">
        <ele>215.0</ele>
      </trkpt>
      <trkpt lat="38.270285" lon="127.272572">
        <ele>214.9</ele>
      </trkpt>
      <trkpt lat="38.270250" lon="127.272607">
        <ele>214.8</ele>
      </trkpt>
      <trkpt lat="38.270219" lon="127.272638">
        <ele>214.8</ele>
      </trkpt>
      <trkpt lat="38.270213" lon="127.272664">
        <ele>214.8</ele>
      </trkpt>
      <trkpt lat="38.270186" lon="127.272709">
        <ele>214.8</ele>
      </trkpt>
      <trkpt lat="38.270159" lon="127.272755">
        <ele>214.8</ele>
      </trkpt>
      <trkpt lat="38.270132" lon="127.272801">
        <ele>214.7</ele>
      </trkpt>
      <trkpt lat="38.270105" lon="127.272847">
        <ele>214.7</ele>
      </trkpt>
      <trkpt lat="38.270078" lon="127.272893">
        <ele>214.6</ele>
      </trkpt>
      <trkpt lat="38.270051" lon="127.272939">
        <ele>214.6</ele>
      </trkpt>
      <trkpt lat="38.270025" lon="127.272985">
        <ele>214.5</ele>
      </trkpt>
      <trkpt lat="38.269998" lon="127.273031">
        <ele>214.4</ele>
      </trkpt>
      <trkpt lat="38.269971" lon="127.273077">
        <ele>214.4</ele>
      </trkpt>
      <trkpt lat="38.269944" lon="127.273123">
        <ele>214.3</ele>
      </trkpt>
      <trkpt lat="38.269919" lon="127.273170">
        <ele>214.3</ele>
      </trkpt>
      <trkpt lat="38.269897" lon="127.273220">
        <ele>214.3</ele>
      </trkpt>
      <trkpt lat="38.269875" lon="127.273270">
        <ele>214.4</ele>
      </trkpt>
      <trkpt lat="38.269852" lon="127.273320">
        <ele>214.4</ele>
      </trkpt>
      <trkpt lat="38.269830" lon="127.273370">
        <ele>214.4</ele>
      </trkpt>
      <trkpt lat="38.269808" lon="127.273419">
        <ele>214.5</ele>
      </trkpt>
      <trkpt lat="38.269789" lon="127.273471">
        <ele>214.6</ele>
      </trkpt>
      <trkpt lat="38.269774" lon="127.273525">
        <ele>214.7</ele>
      </trkpt>
      <trkpt lat="38.269759" lon="127.273579">
        <ele>214.8</ele>
      </trkpt>
      <trkpt lat="38.269744" lon="127.273633">
        <ele>215.0</ele>
      </trkpt>
      <trkpt lat="38.269730" lon="127.273687">
        <ele>215.1</ele>
      </trkpt>
      <trkpt lat="38.269715" lon="127.273741">
        <ele>215.3</ele>
      </trkpt>
      <trkpt lat="38.269705" lon="127.273797">
        <ele>215.4</ele>
      </trkpt>
      <trkpt lat="38.269698" lon="127.273854">
        <ele>215.4</ele>
      </trkpt>
      <trkpt lat="38.269691" lon="127.273910">
        <ele>215.5</ele>
      </trkpt>
      <trkpt lat="38.269684" lon="127.273967">
        <ele>215.6</ele>
      </trkpt>
      <trkpt lat="38.269677" lon="127.274023">
        <ele>215.7</ele>
      </trkpt>
      <trkpt lat="38.269670" lon="127.274080">
        <ele>215.7</ele>
      </trkpt>
      <trkpt lat="38.269663" lon="127.274136">
        <ele>215.8</ele>
      </trkpt>
      <trkpt lat="38.269656" lon="127.274193">
        <ele>215.9</ele>
      </trkpt>
      <trkpt lat="38.269649" lon="127.274250">
        <ele>216.0</ele>
      </trkpt>
      <trkpt lat="38.269640" lon="127.274306">
        <ele>215.9</ele>
      </trkpt>
      <trkpt lat="38.269631" lon="127.274362">
        <ele>215.8</ele>
      </trkpt>
      <trkpt lat="38.269621" lon="127.274418">
        <ele>215.6</ele>
      </trkpt>
      <trkpt lat="38.269609" lon="127.274473">
        <ele>215.5</ele>
      </trkpt>
      <trkpt lat="38.269591" lon="127.274525">
        <ele>215.3</ele>
      </trkpt>
      <trkpt lat="38.269573" lon="127.274578">
        <ele>215.2</ele>
      </trkpt>
      <trkpt lat="38.269555" lon="127.274630">
        <ele>215.0</ele>
      </trkpt>
      <trkpt lat="38.269529" lon="127.274677">
        <ele>214.9</ele>
      </trkpt>
      <trkpt lat="38.269501" lon="127.274722">
        <ele>214.7</ele>
      </trkpt>
      <trkpt lat="38.269473" lon="127.274766">
        <ele>214.6</ele>
      </trkpt>
      <trkpt lat="38.269445" lon="127.274811">
        <ele>214.4</ele>
      </trkpt>
      <trkpt lat="38.269415" lon="127.274853">
        <ele>214.3</ele>
      </trkpt>
      <trkpt lat="38.269381" lon="127.274891">
        <ele>214.3</ele>
      </trkpt>
      <trkpt lat="38.269347" lon="127.274928">
        <ele>214.3</ele>
      </trkpt>
      <trkpt lat="38.269313" lon="127.274965">
        <ele>214.3</ele>
      </trkpt>
      <trkpt lat="38.269279" lon="127.275003">
        <ele>214.4</ele>
      </trkpt>
      <trkpt lat="38.269244" lon="127.275040">
        <ele>214.4</ele>
      </trkpt>
      <trkpt lat="38.269210" lon="127.275077">
        <ele>214.4</ele>
      </trkpt>
      <trkpt lat="38.269176" lon="127.275115">
        <ele>214.4</ele>
      </trkpt>
      <trkpt lat="38.269142" lon="127.275152">
        <ele>214.4</ele>
      </trkpt>
      <trkpt lat="38.269108" lon="127.275189">
        <ele>214.4</ele>
      </trkpt>
      <trkpt lat="38.269074" lon="127.275226">
        <ele>214.4</ele>
      </trkpt>
      <trkpt lat="38.269040" lon="127.275264">
        <ele>214.5</ele>
      </trkpt>
      <trkpt lat="38.269006" lon="127.275301">
        <ele>214.5</ele>
      </trkpt>
      <trkpt lat="38.268972" lon="127.275338">
        <ele>214.5</ele>
      </trkpt>
      <trkpt lat="38.268938" lon="127.275376">
        <ele>214.5</ele>
      </trkpt>
      <trkpt lat="38.268906" lon="127.275416">
        <ele>214.5</ele>
      </trkpt>
      <trkpt lat="38.268874" lon="127.275457">
        <ele>214.5</ele>
      </trkpt>
      <trkpt lat="38.268842" lon="127.275497">
        <ele>214.5</ele>
      </trkpt>
      <trkpt lat="38.268810" lon="127.275538">
        <ele>214.5</ele>
      </trkpt>
      <trkpt lat="38.268778" lon="127.275578">
        <ele>214.5</ele>
      </trkpt>
      <trkpt lat="38.268746" lon="127.275618">
        <ele>214.5</ele>
      </trkpt>
      <trkpt lat="38.268715" lon="127.275659">
        <ele>214.5</ele>
      </trkpt>
      <trkpt lat="38.268683" lon="127.275699">
        <ele>214.5</ele>
      </trkpt>
      <trkpt lat="38.268651" lon="127.275740">
        <ele>214.5</ele>
      </trkpt>
      <trkpt lat="38.268625" lon="127.275786">
        <ele>214.5</ele>
      </trkpt>
      <trkpt lat="38.268600" lon="127.275834">
        <ele>214.4</ele>
      </trkpt>
      <trkpt lat="38.268576" lon="127.275882">
        <ele>214.4</ele>
      </trkpt>
      <trkpt lat="38.268551" lon="127.275930">
        <ele>214.4</ele>
      </trkpt>
      <trkpt lat="38.268527" lon="127.275978">
        <ele>214.3</ele>
      </trkpt>
      <trkpt lat="38.268502" lon="127.276026">
        <ele>214.3</ele>
      </trkpt>
      <trkpt lat="38.268478" lon="127.276074">
        <ele>214.2</ele>
      </trkpt>
      <trkpt lat="38.268453" lon="127.276122">
        <ele>214.2</ele>
      </trkpt>
      <trkpt lat="38.268429" lon="127.276170">
        <ele>214.2</ele>
      </trkpt>
      <trkpt lat="38.268404" lon="127.276218">
        <ele>214.1</ele>
      </trkpt>
      <trkpt lat="38.268380" lon="127.276266">
        <ele>214.1</ele>
      </trkpt>
      <trkpt lat="38.268355" lon="127.276315">
        <ele>214.0</ele>
      </trkpt>
      <trkpt lat="38.268331" lon="127.276363">
        <ele>214.0</ele>
      </trkpt>
      <trkpt lat="38.268306" lon="127.276411">
        <ele>214.0</ele>
      </trkpt>
      <trkpt lat="38.268282" lon="127.276459">
        <ele>213.9</ele>
      </trkpt>
      <trkpt lat="38.268257" lon="127.276507">
        <ele>213.9</ele>
      </trkpt>
      <trkpt lat="38.268233" lon="127.276555">
        <ele>213.9</ele>
      </trkpt>
      <trkpt lat="38.268208" lon="127.276603">
        <ele>213.8</ele>
      </trkpt>
      <trkpt lat="38.268179" lon="127.276646">
        <ele>213.8</ele>
      </trkpt>
      <trkpt lat="38.268148" lon="127.276687">
        <ele>213.9</ele>
      </trkpt>
      <trkpt lat="38.268117" lon="127.276729">
        <ele>213.9</ele>
      </trkpt>
      <trkpt lat="38.268086" lon="127.276770">
        <ele>213.9</ele>
      </trkpt>
      <trkpt lat="38.268055" lon="127.276811">
        <ele>214.0</ele>
      </trkpt>
      <trkpt lat="38.268020" lon="127.276846">
        <ele>214.0</ele>
      </trkpt>
      <trkpt lat="38.267979" lon="127.276869">
        <ele>214.1</ele>
      </trkpt>
      <trkpt lat="38.267938" lon="127.276893">
        <ele>214.2</ele>
      </trkpt>
      <trkpt lat="38.267897" lon="127.276917">
        <ele>214.2</ele>
      </trkpt>
      <trkpt lat="38.267856" lon="127.276940">
        <ele>214.3</ele>
      </trkpt>
      <trkpt lat="38.267812" lon="127.276951">
        <ele>214.3</ele>
      </trkpt>
      <trkpt lat="38.267767" lon="127.276958">
        <ele>214.4</ele>
      </trkpt>
      <trkpt lat="38.267723" lon="127.276966">
        <ele>214.5</ele>
      </trkpt>
      <trkpt lat="38.267678" lon="127.276971">
        <ele>214.5</ele>
      </trkpt>
      <trkpt lat="38.267633" lon="127.276972">
        <ele>214.4</ele>
      </trkpt>
      <trkpt lat="38.267588" lon="127.276972">
        <ele>214.4</ele>
      </trkpt>
      <trkpt lat="38.267543" lon="127.276972">
        <ele>214.3</ele>
      </trkpt>
      <trkpt lat="38.267499" lon="127.276959">
        <ele>214.3</ele>
      </trkpt>
      <trkpt lat="38.267456" lon="127.276946">
        <ele>214.3</ele>
      </trkpt>
      <trkpt lat="38.267412" lon="127.276933">
        <ele>214.3</ele>
      </trkpt>
      <trkpt lat="38.267368" lon="127.276920">
        <ele>214.3</ele>
      </trkpt>
      <trkpt lat="38.267324" lon="127.276907">
        <ele>214.3</ele>
      </trkpt>
      <trkpt lat="38.267281" lon="127.276894">
        <ele>214.3</ele>
      </trkpt>
      <trkpt lat="38.267237" lon="127.276881">
        <ele>214.3</ele>
      </trkpt>
      <trkpt lat="38.267193" lon="127.276868">
        <ele>214.3</ele>
      </trkpt>
      <trkpt lat="38.267149" lon="127.276855">
        <ele>214.3</ele>
      </trkpt>
      <trkpt lat="38.267105" lon="127.276841">
        <ele>214.3</ele>
      </trkpt>
      <trkpt lat="38.267062" lon="127.276828">
        <ele>214.3</ele>
      </trkpt>
      <trkpt lat="38.267018" lon="127.276815">
        <ele>214.3</ele>
      </trkpt>
      <trkpt lat="38.266974" lon="127.276802">
        <ele>214.3</ele>
      </trkpt>
      <trkpt lat="38.266930" lon="127.276789">
        <ele>214.3</ele>
      </trkpt>
      <trkpt lat="38.266887" lon="127.276776">
        <ele>214.3</ele>
      </trkpt>
      <trkpt lat="38.266843" lon="127.276763">
        <ele>214.3</ele>
      </trkpt>
      <trkpt lat="38.266799" lon="127.276750">
        <ele>214.3</ele>
      </trkpt>
      <trkpt lat="38.266754" lon="127.276750">
        <ele>214.3</ele>
      </trkpt>
      <trkpt lat="38.266709" lon="127.276753">
        <ele>214.2</ele>
      </trkpt>
      <trkpt lat="38.266665" lon="127.276757">
        <ele>214.1</ele>
      </trkpt>
      <trkpt lat="38.266620" lon="127.276761">
        <ele>214.1</ele>
      </trkpt>
      <trkpt lat="38.266575" lon="127.276765">
        <ele>214.0</ele>
      </trkpt>
      <trkpt lat="38.266531" lon="127.276774">
        <ele>214.0</ele>
      </trkpt>
      <trkpt lat="38.266489" lon="127.276795">
        <ele>213.9</ele>
      </trkpt>
      <trkpt lat="38.266447" lon="127.276815">
        <ele>213.8</ele>
      </trkpt>
      <trkpt lat="38.266405" lon="127.276836">
        <ele>213.7</ele>
      </trkpt>
      <trkpt lat="38.266363" lon="127.276857">
        <ele>213.6</ele>
      </trkpt>
      <trkpt lat="38.266321" lon="127.276878">
        <ele>213.5</ele>
      </trkpt>
      <trkpt lat="38.266279" lon="127.276898">
        <ele>213.4</ele>
      </trkpt>
      <trkpt lat="38.266237" lon="127.276919">
        <ele>213.4</ele>
      </trkpt>
      <trkpt lat="38.266196" lon="127.276942">
        <ele>213.3</ele>
      </trkpt>
      <trkpt lat="38.266158" lon="127.276972">
        <ele>213.1</ele>
      </trkpt>
      <trkpt lat="38.266119" lon="127.277001">
        <ele>213.0</ele>
      </trkpt>
      <trkpt lat="38.266081" lon="127.277031">
        <ele>212.8</ele>
      </trkpt>
      <trkpt lat="38.266042" lon="127.277060">
        <ele>212.7</ele>
      </trkpt>
      <trkpt lat="38.266004" lon="127.277090">
        <ele>212.5</ele>
      </trkpt>
      <trkpt lat="38.265968" lon="127.277124">
        <ele>212.3</ele>
      </trkpt>
      <trkpt lat="38.265932" lon="127.277159">
        <ele>212.2</ele>
      </trkpt>
      <trkpt lat="38.265896" lon="127.277193">
        <ele>212.0</ele>
      </trkpt>
      <trkpt lat="38.265861" lon="127.277228">
        <ele>211.8</ele>
      </trkpt>
      <trkpt lat="38.265825" lon="127.277263">
        <ele>211.6</ele>
      </trkpt>
      <trkpt lat="38.265794" lon="127.277304">
        <ele>211.5</ele>
      </trkpt>
      <trkpt lat="38.265768" lon="127.277350">
        <ele>211.6</ele>
      </trkpt>
      <trkpt lat="38.265741" lon="127.277396">
        <ele>211.6</ele>
      </trkpt>
      <trkpt lat="38.265714" lon="127.277442">
        <ele>211.7</ele>
      </trkpt>
      <trkpt lat="38.265687" lon="127.277488">
        <ele>211.7</ele>
      </trkpt>
      <trkpt lat="38.265660" lon="127.277534">
        <ele>211.8</ele>
      </trkpt>
      <trkpt lat="38.265634" lon="127.277580">
        <ele>211.9</ele>
      </trkpt>
      <trkpt lat="38.265607" lon="127.277626">
        <ele>211.9</ele>
      </trkpt>
      <trkpt lat="38.265580" lon="127.277672">
        <ele>212.0</ele>
      </trkpt>
      <trkpt lat="38.265553" lon="127.277718">
        <ele>212.0</ele>
      </trkpt>
      <trkpt lat="38.265527" lon="127.277764">
        <ele>212.1</ele>
      </trkpt>
      <trkpt lat="38.265500" lon="127.277811">
        <ele>212.1</ele>
      </trkpt>
      <trkpt lat="38.265473" lon="127.277857">
        <ele>212.2</ele>
      </trkpt>
      <trkpt lat="38.265446" lon="127.277903">
        <ele>212.2</ele>
      </trkpt>
      <trkpt lat="38.265420" lon="127.277949">
        <ele>212.3</ele>
      </trkpt>
      <trkpt lat="38.265402" lon="127.277949">
        <ele>212.1</ele>
      </trkpt>
      <trkpt lat="38.265395" lon="127.277992">
        <ele>211.8</ele>
      </trkpt>
      <trkpt lat="38.265368" lon="127.278038">
        <ele>211.9</ele>
      </trkpt>
      <trkpt lat="38.265341" lon="127.278084">
        <ele>211.9</ele>
      </trkpt>
      <trkpt lat="38.265315" lon="127.278130">
        <ele>212.0</ele>
      </trkpt>
      <trkpt lat="38.265288" lon="127.278176">
        <ele>212.0</ele>
      </trkpt>
      <trkpt lat="38.265261" lon="127.278222">
        <ele>212.1</ele>
      </trkpt>
      <trkpt lat="38.265234" lon="127.278268">
        <ele>212.1</ele>
      </trkpt>
      <trkpt lat="38.265208" lon="127.278314">
        <ele>212.2</ele>
      </trkpt>
      <trkpt lat="38.265181" lon="127.278361">
        <ele>212.2</ele>
      </trkpt>
      <trkpt lat="38.265154" lon="127.278407">
        <ele>212.2</ele>
      </trkpt>
      <trkpt lat="38.265128" lon="127.278453">
        <ele>212.3</ele>
      </trkpt>
      <trkpt lat="38.265096" lon="127.278493">
        <ele>212.1</ele>
      </trkpt>
      <trkpt lat="38.265062" lon="127.278531">
        <ele>211.9</ele>
      </trkpt>
      <trkpt lat="38.265029" lon="127.278569">
        <ele>211.6</ele>
      </trkpt>
      <trkpt lat="38.264995" lon="127.278608">
        <ele>211.4</ele>
      </trkpt>
      <trkpt lat="38.264962" lon="127.278646">
        <ele>211.2</ele>
      </trkpt>
      <trkpt lat="38.264926" lon="127.278679">
        <ele>211.0</ele>
      </trkpt>
      <trkpt lat="38.264883" lon="127.278693">
        <ele>210.8</ele>
      </trkpt>
      <trkpt lat="38.264839" lon="127.278706">
        <ele>210.7</ele>
      </trkpt>
      <trkpt lat="38.264795" lon="127.278720">
        <ele>210.6</ele>
      </trkpt>
      <trkpt lat="38.264752" lon="127.278733">
        <ele>210.4</ele>
      </trkpt>
      <trkpt lat="38.264708" lon="127.278747">
        <ele>210.3</ele>
      </trkpt>
      <trkpt lat="38.264664" lon="127.278760">
        <ele>210.1</ele>
      </trkpt>
      <trkpt lat="38.264621" lon="127.278774">
        <ele>210.0</ele>
      </trkpt>
      <trkpt lat="38.264577" lon="127.278788">
        <ele>209.9</ele>
      </trkpt>
      <trkpt lat="38.264533" lon="127.278801">
        <ele>209.7</ele>
      </trkpt>
      <trkpt lat="38.264490" lon="127.278815">
        <ele>209.6</ele>
      </trkpt>
      <trkpt lat="38.264446" lon="127.278828">
        <ele>209.4</ele>
      </trkpt>
      <trkpt lat="38.264402" lon="127.278842">
        <ele>209.3</ele>
      </trkpt>
      <trkpt lat="38.264358" lon="127.278853">
        <ele>209.3</ele>
      </trkpt>
      <trkpt lat="38.264314" lon="127.278863">
        <ele>209.3</ele>
      </trkpt>
      <trkpt lat="38.264270" lon="127.278874">
        <ele>209.3</ele>
      </trkpt>
      <trkpt lat="38.264225" lon="127.278884">
        <ele>209.3</ele>
      </trkpt>
      <trkpt lat="38.264181" lon="127.278895">
        <ele>209.3</ele>
      </trkpt>
      <trkpt lat="38.264137" lon="127.278906">
        <ele>209.3</ele>
      </trkpt>
      <trkpt lat="38.264093" lon="127.278916">
        <ele>209.3</ele>
      </trkpt>
      <trkpt lat="38.264049" lon="127.278927">
        <ele>209.3</ele>
      </trkpt>
      <trkpt lat="38.264005" lon="127.278937">
        <ele>209.3</ele>
      </trkpt>
      <trkpt lat="38.263960" lon="127.278948">
        <ele>209.3</ele>
      </trkpt>
      <trkpt lat="38.263916" lon="127.278958">
        <ele>209.3</ele>
      </trkpt>
      <trkpt lat="38.263872" lon="127.278969">
        <ele>209.3</ele>
      </trkpt>
      <trkpt lat="38.263828" lon="127.278980">
        <ele>209.3</ele>
      </trkpt>
      <trkpt lat="38.263784" lon="127.278990">
        <ele>209.3</ele>
      </trkpt>
      <trkpt lat="38.263739" lon="127.279001">
        <ele>209.3</ele>
      </trkpt>
      <trkpt lat="38.263695" lon="127.279011">
        <ele>209.3</ele>
      </trkpt>
      <trkpt lat="38.263651" lon="127.279019">
        <ele>209.3</ele>
      </trkpt>
      <trkpt lat="38.263606" lon="127.279027">
        <ele>209.4</ele>
      </trkpt>
      <trkpt lat="38.263562" lon="127.279035">
        <ele>209.4</ele>
      </trkpt>
      <trkpt lat="38.263517" lon="127.279043">
        <ele>209.4</ele>
      </trkpt>
      <trkpt lat="38.263472" lon="127.279051">
        <ele>209.4</ele>
      </trkpt>
      <trkpt lat="38.263428" lon="127.279059">
        <ele>209.5</ele>
      </trkpt>
      <trkpt lat="38.263383" lon="127.279067">
        <ele>209.5</ele>
      </trkpt>
      <trkpt lat="38.263340" lon="127.279083">
        <ele>209.6</ele>
      </trkpt>
      <trkpt lat="38.263297" lon="127.279100">
        <ele>209.6</ele>
      </trkpt>
      <trkpt lat="38.263254" lon="127.279117">
        <ele>209.7</ele>
      </trkpt>
      <trkpt lat="38.263211" lon="127.279133">
        <ele>209.7</ele>
      </trkpt>
      <trkpt lat="38.263169" lon="127.279151">
        <ele>209.8</ele>
      </trkpt>
      <trkpt lat="38.263132" lon="127.279184">
        <ele>209.7</ele>
      </trkpt>
      <trkpt lat="38.263095" lon="127.279217">
        <ele>209.7</ele>
      </trkpt>
      <trkpt lat="38.263059" lon="127.279250">
        <ele>209.6</ele>
      </trkpt>
      <trkpt lat="38.263022" lon="127.279284">
        <ele>209.5</ele>
      </trkpt>
      <trkpt lat="38.262987" lon="127.279319">
        <ele>209.5</ele>
      </trkpt>
      <trkpt lat="38.262952" lon="127.279356">
        <ele>209.5</ele>
      </trkpt>
      <trkpt lat="38.262917" lon="127.279392">
        <ele>209.5</ele>
      </trkpt>
      <trkpt lat="38.262883" lon="127.279428">
        <ele>209.5</ele>
      </trkpt>
      <trkpt lat="38.262856" lon="127.279475">
        <ele>209.5</ele>
      </trkpt>
      <trkpt lat="38.262831" lon="127.279522">
        <ele>209.6</ele>
      </trkpt>
      <trkpt lat="38.262806" lon="127.279569">
        <ele>209.6</ele>
      </trkpt>
      <trkpt lat="38.262781" lon="127.279617">
        <ele>209.7</ele>
      </trkpt>
      <trkpt lat="38.262756" lon="127.279664">
        <ele>209.7</ele>
      </trkpt>
      <trkpt lat="38.262730" lon="127.279712">
        <ele>209.8</ele>
      </trkpt>
      <trkpt lat="38.262704" lon="127.279758">
        <ele>209.8</ele>
      </trkpt>
      <trkpt lat="38.262673" lon="127.279799">
        <ele>209.8</ele>
      </trkpt>
      <trkpt lat="38.262642" lon="127.279841">
        <ele>209.8</ele>
      </trkpt>
      <trkpt lat="38.262611" lon="127.279882">
        <ele>209.8</ele>
      </trkpt>
      <trkpt lat="38.262580" lon="127.279924">
        <ele>209.8</ele>
      </trkpt>
      <trkpt lat="38.262549" lon="127.279965">
        <ele>209.8</ele>
      </trkpt>
      <trkpt lat="38.262517" lon="127.280005">
        <ele>209.8</ele>
      </trkpt>
      <trkpt lat="38.262481" lon="127.280039">
        <ele>209.7</ele>
      </trkpt>
      <trkpt lat="38.262444" lon="127.280073">
        <ele>209.6</ele>
      </trkpt>
      <trkpt lat="38.262408" lon="127.280107">
        <ele>209.6</ele>
      </trkpt>
      <trkpt lat="38.262372" lon="127.280141">
        <ele>209.5</ele>
      </trkpt>
      <trkpt lat="38.262336" lon="127.280175">
        <ele>209.4</ele>
      </trkpt>
      <trkpt lat="38.262300" lon="127.280209">
        <ele>209.3</ele>
      </trkpt>
      <trkpt lat="38.262261" lon="127.280237">
        <ele>209.2</ele>
      </trkpt>
      <trkpt lat="38.262219" lon="127.280258">
        <ele>209.1</ele>
      </trkpt>
      <trkpt lat="38.262177" lon="127.280279">
        <ele>209.0</ele>
      </trkpt>
      <trkpt lat="38.262135" lon="127.280300">
        <ele>208.9</ele>
      </trkpt>
      <trkpt lat="38.262093" lon="127.280321">
        <ele>208.8</ele>
      </trkpt>
      <trkpt lat="38.262052" lon="127.280342">
        <ele>208.7</ele>
      </trkpt>
      <trkpt lat="38.262010" lon="127.280363">
        <ele>208.6</ele>
      </trkpt>
      <trkpt lat="38.261968" lon="127.280383">
        <ele>208.5</ele>
      </trkpt>
      <trkpt lat="38.261926" lon="127.280404">
        <ele>208.4</ele>
      </trkpt>
      <trkpt lat="38.261884" lon="127.280425">
        <ele>208.3</ele>
      </trkpt>
      <trkpt lat="38.261842" lon="127.280446">
        <ele>208.2</ele>
      </trkpt>
      <trkpt lat="38.261800" lon="127.280467">
        <ele>208.1</ele>
      </trkpt>
      <trkpt lat="38.261759" lon="127.280488">
        <ele>208.0</ele>
      </trkpt>
      <trkpt lat="38.261717" lon="127.280509">
        <ele>207.9</ele>
      </trkpt>
      <trkpt lat="38.261675" lon="127.280530">
        <ele>207.8</ele>
      </trkpt>
      <trkpt lat="38.261633" lon="127.280551">
        <ele>207.7</ele>
      </trkpt>
      <trkpt lat="38.261591" lon="127.280572">
        <ele>207.5</ele>
      </trkpt>
      <trkpt lat="38.261549" lon="127.280593">
        <ele>207.4</ele>
      </trkpt>
      <trkpt lat="38.261508" lon="127.280614">
        <ele>207.3</ele>
      </trkpt>
      <trkpt lat="38.261466" lon="127.280635">
        <ele>207.2</ele>
      </trkpt>
      <trkpt lat="38.261424" lon="127.280656">
        <ele>207.1</ele>
      </trkpt>
      <trkpt lat="38.261382" lon="127.280677">
        <ele>207.0</ele>
      </trkpt>
      <trkpt lat="38.261340" lon="127.280698">
        <ele>206.9</ele>
      </trkpt>
      <trkpt lat="38.261298" lon="127.280719">
        <ele>206.8</ele>
      </trkpt>
      <trkpt lat="38.261257" lon="127.280740">
        <ele>206.6</ele>
      </trkpt>
      <trkpt lat="38.261215" lon="127.280761">
        <ele>206.5</ele>
      </trkpt>
      <trkpt lat="38.261173" lon="127.280782">
        <ele>206.4</ele>
      </trkpt>
      <trkpt lat="38.261131" lon="127.280803">
        <ele>206.3</ele>
      </trkpt>
      <trkpt lat="38.261089" lon="127.280822">
        <ele>206.3</ele>
      </trkpt>
      <trkpt lat="38.261046" lon="127.280841">
        <ele>206.2</ele>
      </trkpt>
      <trkpt lat="38.261004" lon="127.280860">
        <ele>206.2</ele>
      </trkpt>
      <trkpt lat="38.260961" lon="127.280878">
        <ele>206.2</ele>
      </trkpt>
      <trkpt lat="38.260919" lon="127.280897">
        <ele>206.1</ele>
      </trkpt>
      <trkpt lat="38.260876" lon="127.280916">
        <ele>206.1</ele>
      </trkpt>
      <trkpt lat="38.260834" lon="127.280935">
        <ele>206.0</ele>
      </trkpt>
      <trkpt lat="38.260791" lon="127.280954">
        <ele>206.0</ele>
      </trkpt>
      <trkpt lat="38.260749" lon="127.280973">
        <ele>206.0</ele>
      </trkpt>
      <trkpt lat="38.260706" lon="127.280991">
        <ele>205.9</ele>
      </trkpt>
      <trkpt lat="38.260664" lon="127.281010">
        <ele>205.9</ele>
      </trkpt>
      <trkpt lat="38.260621" lon="127.281029">
        <ele>205.9</ele>
      </trkpt>
      <trkpt lat="38.260579" lon="127.281048">
        <ele>205.8</ele>
      </trkpt>
      <trkpt lat="38.260537" lon="127.281067">
        <ele>205.8</ele>
      </trkpt>
      <trkpt lat="38.260494" lon="127.281086">
        <ele>205.8</ele>
      </trkpt>
      <trkpt lat="38.260452" lon="127.281104">
        <ele>205.7</ele>
      </trkpt>
      <trkpt lat="38.260409" lon="127.281123">
        <ele>205.7</ele>
      </trkpt>
      <trkpt lat="38.260367" lon="127.281142">
        <ele>205.7</ele>
      </trkpt>
      <trkpt lat="38.260324" lon="127.281161">
        <ele>205.6</ele>
      </trkpt>
      <trkpt lat="38.260282" lon="127.281180">
        <ele>205.6</ele>
      </trkpt>
      <trkpt lat="38.260239" lon="127.281199">
        <ele>205.5</ele>
      </trkpt>
      <trkpt lat="38.260197" lon="127.281217">
        <ele>205.5</ele>
      </trkpt>
      <trkpt lat="38.260154" lon="127.281237">
        <ele>205.5</ele>
      </trkpt>
      <trkpt lat="38.260112" lon="127.281256">
        <ele>205.4</ele>
      </trkpt>
      <trkpt lat="38.260070" lon="127.281275">
        <ele>205.4</ele>
      </trkpt>
      <trkpt lat="38.260027" lon="127.281295">
        <ele>205.3</ele>
      </trkpt>
      <trkpt lat="38.259985" lon="127.281314">
        <ele>205.3</ele>
      </trkpt>
      <trkpt lat="38.259943" lon="127.281333">
        <ele>205.2</ele>
      </trkpt>
      <trkpt lat="38.259901" lon="127.281353">
        <ele>205.2</ele>
      </trkpt>
      <trkpt lat="38.259858" lon="127.281372">
        <ele>205.1</ele>
      </trkpt>
      <trkpt lat="38.259816" lon="127.281392">
        <ele>205.1</ele>
      </trkpt>
      <trkpt lat="38.259774" lon="127.281411">
        <ele>205.0</ele>
      </trkpt>
      <trkpt lat="38.259733" lon="127.281435">
        <ele>205.0</ele>
      </trkpt>
      <trkpt lat="38.259693" lon="127.281461">
        <ele>204.9</ele>
      </trkpt>
      <trkpt lat="38.259653" lon="127.281487">
        <ele>204.9</ele>
      </trkpt>
      <trkpt lat="38.259613" lon="127.281514">
        <ele>204.8</ele>
      </trkpt>
      <trkpt lat="38.259576" lon="127.281546">
        <ele>204.7</ele>
      </trkpt>
      <trkpt lat="38.259538" lon="127.281577">
        <ele>204.6</ele>
      </trkpt>
      <trkpt lat="38.259501" lon="127.281609">
        <ele>204.5</ele>
      </trkpt>
      <trkpt lat="38.259464" lon="127.281642">
        <ele>204.5</ele>
      </trkpt>
      <trkpt lat="38.259427" lon="127.281675">
        <ele>204.5</ele>
      </trkpt>
      <trkpt lat="38.259391" lon="127.281709">
        <ele>204.5</ele>
      </trkpt>
      <trkpt lat="38.259354" lon="127.281742">
        <ele>204.5</ele>
      </trkpt>
      <trkpt lat="38.259320" lon="127.281779">
        <ele>204.5</ele>
      </trkpt>
      <trkpt lat="38.259287" lon="127.281818">
        <ele>204.4</ele>
      </trkpt>
      <trkpt lat="38.259254" lon="127.281856">
        <ele>204.4</ele>
      </trkpt>
      <trkpt lat="38.259220" lon="127.281895">
        <ele>204.3</ele>
      </trkpt>
      <trkpt lat="38.259188" lon="127.281934">
        <ele>204.3</ele>
      </trkpt>
      <trkpt lat="38.259156" lon="127.281975">
        <ele>204.4</ele>
      </trkpt>
      <trkpt lat="38.259125" lon="127.282016">
        <ele>204.5</ele>
      </trkpt>
      <trkpt lat="38.259093" lon="127.282057">
        <ele>204.5</ele>
      </trkpt>
      <trkpt lat="38.259062" lon="127.282097">
        <ele>204.6</ele>
      </trkpt>
      <trkpt lat="38.259030" lon="127.282138">
        <ele>204.7</ele>
      </trkpt>
      <trkpt lat="38.258999" lon="127.282179">
        <ele>204.8</ele>
      </trkpt>
      <trkpt lat="38.258967" lon="127.282220">
        <ele>204.8</ele>
      </trkpt>
      <trkpt lat="38.258936" lon="127.282261">
        <ele>204.9</ele>
      </trkpt>
      <trkpt lat="38.258904" lon="127.282302">
        <ele>205.0</ele>
      </trkpt>
      <trkpt lat="38.258873" lon="127.282343">
        <ele>205.1</ele>
      </trkpt>
      <trkpt lat="38.258841" lon="127.282384">
        <ele>205.1</ele>
      </trkpt>
      <trkpt lat="38.258810" lon="127.282425">
        <ele>205.2</ele>
      </trkpt>
      <trkpt lat="38.258778" lon="127.282465">
        <ele>205.3</ele>
      </trkpt>
      <trkpt lat="38.258747" lon="127.282506">
        <ele>205.4</ele>
      </trkpt>
      <trkpt lat="38.258715" lon="127.282547">
        <ele>205.4</ele>
      </trkpt>
      <trkpt lat="38.258685" lon="127.282589">
        <ele>205.4</ele>
      </trkpt>
      <trkpt lat="38.258675" lon="127.282606">
        <ele>205.3</ele>
      </trkpt>
      <trkpt lat="38.258671" lon="127.282564">
        <ele>205.5</ele>
      </trkpt>
      <trkpt lat="38.258638" lon="127.282524">
        <ele>205.4</ele>
      </trkpt>
      <trkpt lat="38.258606" lon="127.282485">
        <ele>205.3</ele>
      </trkpt>
      <trkpt lat="38.258573" lon="127.282445">
        <ele>205.3</ele>
      </trkpt>
      <trkpt lat="38.258541" lon="127.282405">
        <ele>205.2</ele>
      </trkpt>
      <trkpt lat="38.258508" lon="127.282366">
        <ele>205.2</ele>
      </trkpt>
      <trkpt lat="38.258476" lon="127.282326">
        <ele>205.1</ele>
      </trkpt>
      <trkpt lat="38.258444" lon="127.282286">
        <ele>205.0</ele>
      </trkpt>
      <trkpt lat="38.258412" lon="127.282246">
        <ele>204.9</ele>
      </trkpt>
      <trkpt lat="38.258381" lon="127.282204">
        <ele>204.8</ele>
      </trkpt>
      <trkpt lat="38.258351" lon="127.282162">
        <ele>204.6</ele>
      </trkpt>
      <trkpt lat="38.258320" lon="127.282120">
        <ele>204.5</ele>
      </trkpt>
      <trkpt lat="38.258292" lon="127.282075">
        <ele>204.5</ele>
      </trkpt>
      <trkpt lat="38.258266" lon="127.282029">
        <ele>204.5</ele>
      </trkpt>
      <trkpt lat="38.258247" lon="127.281977">
        <ele>204.4</ele>
      </trkpt>
      <trkpt lat="38.258228" lon="127.281925">
        <ele>204.3</ele>
      </trkpt>
      <trkpt lat="38.258227" lon="127.281881">
        <ele>204.3</ele>
      </trkpt>
      <trkpt lat="38.258267" lon="127.281855">
        <ele>204.2</ele>
      </trkpt>
      <trkpt lat="38.258307" lon="127.281828">
        <ele>204.2</ele>
      </trkpt>
      <trkpt lat="38.258347" lon="127.281802">
        <ele>204.1</ele>
      </trkpt>
      <trkpt lat="38.258387" lon="127.281776">
        <ele>204.0</ele>
      </trkpt>
      <trkpt lat="38.258427" lon="127.281750">
        <ele>204.0</ele>
      </trkpt>
      <trkpt lat="38.258467" lon="127.281723">
        <ele>203.9</ele>
      </trkpt>
      <trkpt lat="38.258507" lon="127.281697">
        <ele>203.8</ele>
      </trkpt>
      <trkpt lat="38.258547" lon="127.281671">
        <ele>203.8</ele>
      </trkpt>
      <trkpt lat="38.258587" lon="127.281644">
        <ele>203.7</ele>
      </trkpt>
      <trkpt lat="38.258627" lon="127.281618">
        <ele>203.7</ele>
      </trkpt>
      <trkpt lat="38.258667" lon="127.281592">
        <ele>203.6</ele>
      </trkpt>
      <trkpt lat="38.258707" lon="127.281566">
        <ele>203.5</ele>
      </trkpt>
      <trkpt lat="38.258745" lon="127.281537">
        <ele>203.5</ele>
      </trkpt>
      <trkpt lat="38.258782" lon="127.281504">
        <ele>203.5</ele>
      </trkpt>
      <trkpt lat="38.258811" lon="127.281463">
        <ele>203.5</ele>
      </trkpt>
      <trkpt lat="38.258828" lon="127.281410">
        <ele>203.5</ele>
      </trkpt>
      <trkpt lat="38.258833" lon="127.281353">
        <ele>203.5</ele>
      </trkpt>
      <trkpt lat="38.258838" lon="127.281296">
        <ele>203.5</ele>
      </trkpt>
      <trkpt lat="38.258843" lon="127.281239">
        <ele>203.6</ele>
      </trkpt>
      <trkpt lat="38.258848" lon="127.281182">
        <ele>203.6</ele>
      </trkpt>
      <trkpt lat="38.258853" lon="127.281125">
        <ele>203.6</ele>
      </trkpt>
      <trkpt lat="38.258858" lon="127.281068">
        <ele>203.6</ele>
      </trkpt>
      <trkpt lat="38.258863" lon="127.281011">
        <ele>203.6</ele>
      </trkpt>
      <trkpt lat="38.258868" lon="127.280954">
        <ele>203.6</ele>
      </trkpt>
      <trkpt lat="38.258873" lon="127.280898">
        <ele>203.7</ele>
      </trkpt>
      <trkpt lat="38.258878" lon="127.280841">
        <ele>203.7</ele>
      </trkpt>
      <trkpt lat="38.258883" lon="127.280784">
        <ele>203.7</ele>
      </trkpt>
      <trkpt lat="38.258888" lon="127.280727">
        <ele>203.7</ele>
      </trkpt>
      <trkpt lat="38.258893" lon="127.280670">
        <ele>203.7</ele>
      </trkpt>
      <trkpt lat="38.258898" lon="127.280613">
        <ele>203.7</ele>
      </trkpt>
      <trkpt lat="38.258903" lon="127.280556">
        <ele>203.8</ele>
      </trkpt>
      <trkpt lat="38.258908" lon="127.280499">
        <ele>203.8</ele>
      </trkpt>
      <trkpt lat="38.258913" lon="127.280442">
        <ele>203.8</ele>
      </trkpt>
      <trkpt lat="38.258918" lon="127.280385">
        <ele>203.9</ele>
      </trkpt>
      <trkpt lat="38.258922" lon="127.280328">
        <ele>203.9</ele>
      </trkpt>
      <trkpt lat="38.258927" lon="127.280271">
        <ele>204.0</ele>
      </trkpt>
      <trkpt lat="38.258932" lon="127.280214">
        <ele>204.1</ele>
      </trkpt>
      <trkpt lat="38.258936" lon="127.280158">
        <ele>204.2</ele>
      </trkpt>
      <trkpt lat="38.258941" lon="127.280101">
        <ele>204.2</ele>
      </trkpt>
      <trkpt lat="38.258946" lon="127.280044">
        <ele>204.3</ele>
      </trkpt>
      <trkpt lat="38.258950" lon="127.279987">
        <ele>204.4</ele>
      </trkpt>
      <trkpt lat="38.258955" lon="127.279930">
        <ele>204.4</ele>
      </trkpt>
      <trkpt lat="38.258960" lon="127.279873">
        <ele>204.5</ele>
      </trkpt>
      <trkpt lat="38.258964" lon="127.279816">
        <ele>204.6</ele>
      </trkpt>
      <trkpt lat="38.258969" lon="127.279759">
        <ele>204.7</ele>
      </trkpt>
      <trkpt lat="38.258974" lon="127.279702">
        <ele>204.7</ele>
      </trkpt>
      <trkpt lat="38.258978" lon="127.279645">
        <ele>204.8</ele>
      </trkpt>
      <trkpt lat="38.258983" lon="127.279588">
        <ele>204.9</ele>
      </trkpt>
      <trkpt lat="38.258988" lon="127.279531">
        <ele>204.9</ele>
      </trkpt>
      <trkpt lat="38.258992" lon="127.279474">
        <ele>205.0</ele>
      </trkpt>
      <trkpt lat="38.258996" lon="127.279417">
        <ele>205.1</ele>
      </trkpt>
      <trkpt lat="38.259000" lon="127.279360">
        <ele>205.1</ele>
      </trkpt>
      <trkpt lat="38.259004" lon="127.279303">
        <ele>205.1</ele>
      </trkpt>
      <trkpt lat="38.259008" lon="127.279246">
        <ele>205.2</ele>
      </trkpt>
      <trkpt lat="38.259011" lon="127.279189">
        <ele>205.2</ele>
      </trkpt>
      <trkpt lat="38.259015" lon="127.279132">
        <ele>205.3</ele>
      </trkpt>
      <trkpt lat="38.259019" lon="127.279075">
        <ele>205.3</ele>
      </trkpt>
      <trkpt lat="38.259023" lon="127.279018">
        <ele>205.3</ele>
      </trkpt>
      <trkpt lat="38.259027" lon="127.278961">
        <ele>205.4</ele>
      </trkpt>
      <trkpt lat="38.259031" lon="127.278903">
        <ele>205.4</ele>
      </trkpt>
      <trkpt lat="38.259035" lon="127.278846">
        <ele>205.5</ele>
      </trkpt>
      <trkpt lat="38.259039" lon="127.278789">
        <ele>205.5</ele>
      </trkpt>
      <trkpt lat="38.259042" lon="127.278732">
        <ele>205.5</ele>
      </trkpt>
      <trkpt lat="38.259046" lon="127.278675">
        <ele>205.6</ele>
      </trkpt>
      <trkpt lat="38.259050" lon="127.278618">
        <ele>205.6</ele>
      </trkpt>
      <trkpt lat="38.259054" lon="127.278561">
        <ele>205.7</ele>
      </trkpt>
      <trkpt lat="38.259058" lon="127.278504">
        <ele>205.7</ele>
      </trkpt>
      <trkpt lat="38.259062" lon="127.278447">
        <ele>205.7</ele>
      </trkpt>
      <trkpt lat="38.259066" lon="127.278390">
        <ele>205.8</ele>
      </trkpt>
      <trkpt lat="38.259069" lon="127.278333">
        <ele>205.7</ele>
      </trkpt>
      <trkpt lat="38.259071" lon="127.278276">
        <ele>205.6</ele>
      </trkpt>
      <trkpt lat="38.259073" lon="127.278219">
        <ele>205.6</ele>
      </trkpt>
      <trkpt lat="38.259076" lon="127.278161">
        <ele>205.5</ele>
      </trkpt>
      <trkpt lat="38.259079" lon="127.278104">
        <ele>205.4</ele>
      </trkpt>
      <trkpt lat="38.259089" lon="127.278050">
        <ele>205.2</ele>
      </trkpt>
      <trkpt lat="38.259109" lon="127.277998">
        <ele>205.1</ele>
      </trkpt>
      <trkpt lat="38.259128" lon="127.277946">
        <ele>205.0</ele>
      </trkpt>
      <trkpt lat="38.259156" lon="127.277902">
        <ele>205.0</ele>
      </trkpt>
      <trkpt lat="38.259186" lon="127.277859">
        <ele>204.9</ele>
      </trkpt>
      <trkpt lat="38.259216" lon="127.277816">
        <ele>204.8</ele>
      </trkpt>
      <trkpt lat="38.259246" lon="127.277773">
        <ele>204.8</ele>
      </trkpt>
      <trkpt lat="38.259275" lon="127.277730">
        <ele>204.7</ele>
      </trkpt>
      <trkpt lat="38.259305" lon="127.277687">
        <ele>204.7</ele>
      </trkpt>
      <trkpt lat="38.259335" lon="127.277644">
        <ele>204.6</ele>
      </trkpt>
      <trkpt lat="38.259364" lon="127.277601">
        <ele>204.6</ele>
      </trkpt>
      <trkpt lat="38.259394" lon="127.277558">
        <ele>204.5</ele>
      </trkpt>
      <trkpt lat="38.259422" lon="127.277513">
        <ele>204.5</ele>
      </trkpt>
      <trkpt lat="38.259447" lon="127.277466">
        <ele>204.5</ele>
      </trkpt>
      <trkpt lat="38.259472" lon="127.277419">
        <ele>204.5</ele>
      </trkpt>
      <trkpt lat="38.259490" lon="127.277367">
        <ele>204.5</ele>
      </trkpt>
      <trkpt lat="38.259502" lon="127.277312">
        <ele>204.5</ele>
      </trkpt>
      <trkpt lat="38.259514" lon="127.277257">
        <ele>204.5</ele>
      </trkpt>
      <trkpt lat="38.259526" lon="127.277201">
        <ele>204.4</ele>
      </trkpt>
      <trkpt lat="38.259538" lon="127.277146">
        <ele>204.4</ele>
      </trkpt>
      <trkpt lat="38.259550" lon="127.277091">
        <ele>204.4</ele>
      </trkpt>
      <trkpt lat="38.259562" lon="127.277036">
        <ele>204.4</ele>
      </trkpt>
      <trkpt lat="38.259573" lon="127.276980">
        <ele>204.4</ele>
      </trkpt>
      <trkpt lat="38.259585" lon="127.276925">
        <ele>204.4</ele>
      </trkpt>
      <trkpt lat="38.259597" lon="127.276870">
        <ele>204.3</ele>
      </trkpt>
      <trkpt lat="38.259609" lon="127.276815">
        <ele>204.3</ele>
      </trkpt>
      <trkpt lat="38.259621" lon="127.276759">
        <ele>204.3</ele>
      </trkpt>
      <trkpt lat="38.259633" lon="127.276704">
        <ele>204.3</ele>
      </trkpt>
      <trkpt lat="38.259645" lon="127.276649">
        <ele>204.3</ele>
      </trkpt>
      <trkpt lat="38.259656" lon="127.276594">
        <ele>204.3</ele>
      </trkpt>
      <trkpt lat="38.259668" lon="127.276539">
        <ele>204.2</ele>
      </trkpt>
      <trkpt lat="38.259680" lon="127.276483">
        <ele>204.2</ele>
      </trkpt>
      <trkpt lat="38.259692" lon="127.276428">
        <ele>204.2</ele>
      </trkpt>
      <trkpt lat="38.259704" lon="127.276373">
        <ele>204.2</ele>
      </trkpt>
      <trkpt lat="38.259716" lon="127.276318">
        <ele>204.2</ele>
      </trkpt>
      <trkpt lat="38.259727" lon="127.276262">
        <ele>204.2</ele>
      </trkpt>
      <trkpt lat="38.259739" lon="127.276207">
        <ele>204.1</ele>
      </trkpt>
      <trkpt lat="38.259751" lon="127.276152">
        <ele>204.1</ele>
      </trkpt>
      <trkpt lat="38.259763" lon="127.276097">
        <ele>204.1</ele>
      </trkpt>
      <trkpt lat="38.259775" lon="127.276041">
        <ele>204.1</ele>
      </trkpt>
      <trkpt lat="38.259787" lon="127.275986">
        <ele>204.1</ele>
      </trkpt>
      <trkpt lat="38.259799" lon="127.275931">
        <ele>204.1</ele>
      </trkpt>
      <trkpt lat="38.259810" lon="127.275876">
        <ele>204.0</ele>
      </trkpt>
      <trkpt lat="38.259822" lon="127.275820">
        <ele>204.0</ele>
      </trkpt>
      <trkpt lat="38.259834" lon="127.275765">
        <ele>204.0</ele>
      </trkpt>
      <trkpt lat="38.259838" lon="127.275708">
        <ele>204.1</ele>
      </trkpt>
      <trkpt lat="38.259842" lon="127.275651">
        <ele>204.3</ele>
      </trkpt>
      <trkpt lat="38.259845" lon="127.275594">
        <ele>204.4</ele>
      </trkpt>
      <trkpt lat="38.259849" lon="127.275537">
        <ele>204.5</ele>
      </trkpt>
      <trkpt lat="38.259837" lon="127.275482">
        <ele>204.6</ele>
      </trkpt>
      <trkpt lat="38.259825" lon="127.275426">
        <ele>204.8</ele>
      </trkpt>
      <trkpt lat="38.259798" lon="127.275383">
        <ele>204.9</ele>
      </trkpt>
      <trkpt lat="38.259766" lon="127.275342">
        <ele>204.9</ele>
      </trkpt>
      <trkpt lat="38.259735" lon="127.275301">
        <ele>205.0</ele>
      </trkpt>
      <trkpt lat="38.259703" lon="127.275260">
        <ele>205.1</ele>
      </trkpt>
      <trkpt lat="38.259672" lon="127.275219">
        <ele>205.2</ele>
      </trkpt>
      <trkpt lat="38.259640" lon="127.275178">
        <ele>205.3</ele>
      </trkpt>
      <trkpt lat="38.259613" lon="127.275133">
        <ele>205.3</ele>
      </trkpt>
      <trkpt lat="38.259589" lon="127.275085">
        <ele>205.3</ele>
      </trkpt>
      <trkpt lat="38.259566" lon="127.275036">
        <ele>205.3</ele>
      </trkpt>
      <trkpt lat="38.259549" lon="127.274983">
        <ele>205.4</ele>
      </trkpt>
      <trkpt lat="38.259532" lon="127.274930">
        <ele>205.4</ele>
      </trkpt>
      <trkpt lat="38.259515" lon="127.274877">
        <ele>205.5</ele>
      </trkpt>
      <trkpt lat="38.259499" lon="127.274823">
        <ele>205.6</ele>
      </trkpt>
      <trkpt lat="38.259482" lon="127.274770">
        <ele>205.7</ele>
      </trkpt>
      <trkpt lat="38.259465" lon="127.274717">
        <ele>205.7</ele>
      </trkpt>
      <trkpt lat="38.259449" lon="127.274664">
        <ele>205.8</ele>
      </trkpt>
      <trkpt lat="38.259434" lon="127.274610">
        <ele>205.9</ele>
      </trkpt>
      <trkpt lat="38.259420" lon="127.274555">
        <ele>205.9</ele>
      </trkpt>
      <trkpt lat="38.259405" lon="127.274501">
        <ele>206.0</ele>
      </trkpt>
      <trkpt lat="38.259391" lon="127.274447">
        <ele>206.0</ele>
      </trkpt>
      <trkpt lat="38.259376" lon="127.274393">
        <ele>206.0</ele>
      </trkpt>
      <trkpt lat="38.259362" lon="127.274339">
        <ele>206.1</ele>
      </trkpt>
      <trkpt lat="38.259347" lon="127.274284">
        <ele>206.1</ele>
      </trkpt>
      <trkpt lat="38.259333" lon="127.274230">
        <ele>206.2</ele>
      </trkpt>
      <trkpt lat="38.259318" lon="127.274176">
        <ele>206.2</ele>
      </trkpt>
      <trkpt lat="38.259304" lon="127.274122">
        <ele>206.3</ele>
      </trkpt>
      <trkpt lat="38.259289" lon="127.274068">
        <ele>206.3</ele>
      </trkpt>
      <trkpt lat="38.259275" lon="127.274013">
        <ele>206.4</ele>
      </trkpt>
      <trkpt lat="38.259260" lon="127.273959">
        <ele>206.4</ele>
      </trkpt>
      <trkpt lat="38.259246" lon="127.273905">
        <ele>206.5</ele>
      </trkpt>
      <trkpt lat="38.259231" lon="127.273851">
        <ele>206.5</ele>
      </trkpt>
      <trkpt lat="38.259217" lon="127.273797">
        <ele>206.6</ele>
      </trkpt>
      <trkpt lat="38.259202" lon="127.273742">
        <ele>206.6</ele>
      </trkpt>
      <trkpt lat="38.259187" lon="127.273688">
        <ele>206.7</ele>
      </trkpt>
      <trkpt lat="38.259173" lon="127.273634">
        <ele>206.7</ele>
      </trkpt>
      <trkpt lat="38.259158" lon="127.273580">
        <ele>206.8</ele>
      </trkpt>
      <trkpt lat="38.259144" lon="127.273526">
        <ele>206.8</ele>
      </trkpt>
      <trkpt lat="38.259129" lon="127.273471">
        <ele>206.9</ele>
      </trkpt>
      <trkpt lat="38.259115" lon="127.273417">
        <ele>206.9</ele>
      </trkpt>
      <trkpt lat="38.259100" lon="127.273363">
        <ele>207.0</ele>
      </trkpt>
      <trkpt lat="38.259083" lon="127.273310">
        <ele>207.0</ele>
      </trkpt>
      <trkpt lat="38.259061" lon="127.273261">
        <ele>207.0</ele>
      </trkpt>
      <trkpt lat="38.259038" lon="127.273211">
        <ele>206.9</ele>
      </trkpt>
      <trkpt lat="38.259016" lon="127.273162">
        <ele>206.9</ele>
      </trkpt>
      <trkpt lat="38.258993" lon="127.273112">
        <ele>206.9</ele>
      </trkpt>
      <trkpt lat="38.258971" lon="127.273062">
        <ele>206.8</ele>
      </trkpt>
      <trkpt lat="38.258949" lon="127.273013">
        <ele>206.8</ele>
      </trkpt>
      <trkpt lat="38.258925" lon="127.272964">
        <ele>206.8</ele>
      </trkpt>
      <trkpt lat="38.258902" lon="127.272915">
        <ele>206.8</ele>
      </trkpt>
      <trkpt lat="38.258878" lon="127.272866">
        <ele>206.8</ele>
      </trkpt>
      <trkpt lat="38.258855" lon="127.272817">
        <ele>206.8</ele>
      </trkpt>
      <trkpt lat="38.258831" lon="127.272768">
        <ele>206.8</ele>
      </trkpt>
      <trkpt lat="38.258808" lon="127.272720">
        <ele>206.8</ele>
      </trkpt>
      <trkpt lat="38.258784" lon="127.272671">
        <ele>206.9</ele>
      </trkpt>
      <trkpt lat="38.258761" lon="127.272622">
        <ele>206.9</ele>
      </trkpt>
      <trkpt lat="38.258737" lon="127.272573">
        <ele>206.9</ele>
      </trkpt>
      <trkpt lat="38.258714" lon="127.272524">
        <ele>206.9</ele>
      </trkpt>
      <trkpt lat="38.258690" lon="127.272476">
        <ele>206.9</ele>
      </trkpt>
      <trkpt lat="38.258667" lon="127.272427">
        <ele>206.9</ele>
      </trkpt>
      <trkpt lat="38.258643" lon="127.272378">
        <ele>206.9</ele>
      </trkpt>
      <trkpt lat="38.258620" lon="127.272329">
        <ele>206.9</ele>
      </trkpt>
      <trkpt lat="38.258596" lon="127.272280">
        <ele>206.9</ele>
      </trkpt>
      <trkpt lat="38.258573" lon="127.272231">
        <ele>206.9</ele>
      </trkpt>
      <trkpt lat="38.258549" lon="127.272183">
        <ele>206.9</ele>
      </trkpt>
      <trkpt lat="38.258526" lon="127.272134">
        <ele>206.9</ele>
      </trkpt>
      <trkpt lat="38.258502" lon="127.272085">
        <ele>207.0</ele>
      </trkpt>
      <trkpt lat="38.258479" lon="127.272036">
        <ele>207.0</ele>
      </trkpt>
      <trkpt lat="38.258455" lon="127.271987">
        <ele>207.0</ele>
      </trkpt>
      <trkpt lat="38.258432" lon="127.271939">
        <ele>207.0</ele>
      </trkpt>
      <trkpt lat="38.258408" lon="127.271890">
        <ele>207.0</ele>
      </trkpt>
      <trkpt lat="38.258385" lon="127.271841">
        <ele>207.0</ele>
      </trkpt>
      <trkpt lat="38.258362" lon="127.271791">
        <ele>207.0</ele>
      </trkpt>
      <trkpt lat="38.258340" lon="127.271742">
        <ele>207.1</ele>
      </trkpt>
      <trkpt lat="38.258317" lon="127.271692">
        <ele>207.2</ele>
      </trkpt>
      <trkpt lat="38.258295" lon="127.271642">
        <ele>207.2</ele>
      </trkpt>
      <trkpt lat="38.258273" lon="127.271592">
        <ele>207.3</ele>
      </trkpt>
      <trkpt lat="38.258251" lon="127.271542">
        <ele>207.3</ele>
      </trkpt>
      <trkpt lat="38.258229" lon="127.271493">
        <ele>207.4</ele>
      </trkpt>
      <trkpt lat="38.258206" lon="127.271443">
        <ele>207.4</ele>
      </trkpt>
      <trkpt lat="38.258184" lon="127.271393">
        <ele>207.5</ele>
      </trkpt>
      <trkpt lat="38.258162" lon="127.271343">
        <ele>207.6</ele>
      </trkpt>
      <trkpt lat="38.258140" lon="127.271293">
        <ele>207.6</ele>
      </trkpt>
      <trkpt lat="38.258118" lon="127.271244">
        <ele>207.7</ele>
      </trkpt>
      <trkpt lat="38.258095" lon="127.271194">
        <ele>207.7</ele>
      </trkpt>
      <trkpt lat="38.258073" lon="127.271144">
        <ele>207.8</ele>
      </trkpt>
      <trkpt lat="38.258053" lon="127.271093">
        <ele>207.8</ele>
      </trkpt>
      <trkpt lat="38.258032" lon="127.271042">
        <ele>207.9</ele>
      </trkpt>
      <trkpt lat="38.258012" lon="127.270991">
        <ele>207.9</ele>
      </trkpt>
      <trkpt lat="38.257991" lon="127.270940">
        <ele>208.0</ele>
      </trkpt>
      <trkpt lat="38.257971" lon="127.270889">
        <ele>208.0</ele>
      </trkpt>
      <trkpt lat="38.257948" lon="127.270840">
        <ele>208.0</ele>
      </trkpt>
      <trkpt lat="38.257925" lon="127.270791">
        <ele>208.0</ele>
      </trkpt>
      <trkpt lat="38.257902" lon="127.270741">
        <ele>208.0</ele>
      </trkpt>
      <trkpt lat="38.257879" lon="127.270692">
        <ele>208.0</ele>
      </trkpt>
      <trkpt lat="38.257856" lon="127.270643">
        <ele>208.0</ele>
      </trkpt>
      <trkpt lat="38.257834" lon="127.270593">
        <ele>208.0</ele>
      </trkpt>
      <trkpt lat="38.257811" lon="127.270544">
        <ele>208.0</ele>
      </trkpt>
      <trkpt lat="38.257788" lon="127.270495">
        <ele>208.0</ele>
      </trkpt>
      <trkpt lat="38.257765" lon="127.270445">
        <ele>208.0</ele>
      </trkpt>
      <trkpt lat="38.257742" lon="127.270396">
        <ele>208.0</ele>
      </trkpt>
      <trkpt lat="38.257719" lon="127.270347">
        <ele>208.0</ele>
      </trkpt>
      <trkpt lat="38.257697" lon="127.270297">
        <ele>208.0</ele>
      </trkpt>
      <trkpt lat="38.257674" lon="127.270248">
        <ele>208.0</ele>
      </trkpt>
      <trkpt lat="38.257651" lon="127.270199">
        <ele>208.0</ele>
      </trkpt>
      <trkpt lat="38.257628" lon="127.270149">
        <ele>208.0</ele>
      </trkpt>
      <trkpt lat="38.257605" lon="127.270100">
        <ele>208.0</ele>
      </trkpt>
      <trkpt lat="38.257583" lon="127.270051">
        <ele>208.0</ele>
      </trkpt>
      <trkpt lat="38.257560" lon="127.270001">
        <ele>208.0</ele>
      </trkpt>
      <trkpt lat="38.257537" lon="127.269952">
        <ele>208.0</ele>
      </trkpt>
      <trkpt lat="38.257514" lon="127.269903">
        <ele>208.0</ele>
      </trkpt>
      <trkpt lat="38.257491" lon="127.269853">
        <ele>208.0</ele>
      </trkpt>
      <trkpt lat="38.257468" lon="127.269804">
        <ele>208.0</ele>
      </trkpt>
      <trkpt lat="38.257447" lon="127.269753">
        <ele>208.1</ele>
      </trkpt>
      <trkpt lat="38.257426" lon="127.269703">
        <ele>208.1</ele>
      </trkpt>
      <trkpt lat="38.257405" lon="127.269652">
        <ele>208.2</ele>
      </trkpt>
      <trkpt lat="38.257385" lon="127.269601">
        <ele>208.3</ele>
      </trkpt>
      <trkpt lat="38.257364" lon="127.269551">
        <ele>208.3</ele>
      </trkpt>
      <trkpt lat="38.257343" lon="127.269500">
        <ele>208.4</ele>
      </trkpt>
      <trkpt lat="38.257322" lon="127.269449">
        <ele>208.5</ele>
      </trkpt>
      <trkpt lat="38.257300" lon="127.269399">
        <ele>208.5</ele>
      </trkpt>
      <trkpt lat="38.257277" lon="127.269350">
        <ele>208.4</ele>
      </trkpt>
      <trkpt lat="38.257253" lon="127.269301">
        <ele>208.4</ele>
      </trkpt>
      <trkpt lat="38.257230" lon="127.269252">
        <ele>208.3</ele>
      </trkpt>
      <trkpt lat="38.257207" lon="127.269203">
        <ele>208.3</ele>
      </trkpt>
      <trkpt lat="38.257184" lon="127.269154">
        <ele>208.2</ele>
      </trkpt>
      <trkpt lat="38.257160" lon="127.269105">
        <ele>208.2</ele>
      </trkpt>
      <trkpt lat="38.257137" lon="127.269056">
        <ele>208.1</ele>
      </trkpt>
      <trkpt lat="38.257114" lon="127.269007">
        <ele>208.1</ele>
      </trkpt>
      <trkpt lat="38.257091" lon="127.268958">
        <ele>208.0</ele>
      </trkpt>
      <trkpt lat="38.257067" lon="127.268909">
        <ele>208.0</ele>
      </trkpt>
      <trkpt lat="38.257045" lon="127.268860">
        <ele>208.0</ele>
      </trkpt>
      <trkpt lat="38.257022" lon="127.268811">
        <ele>207.9</ele>
      </trkpt>
      <trkpt lat="38.256999" lon="127.268761">
        <ele>207.9</ele>
      </trkpt>
      <trkpt lat="38.256976" lon="127.268712">
        <ele>207.9</ele>
      </trkpt>
      <trkpt lat="38.256953" lon="127.268663">
        <ele>207.9</ele>
      </trkpt>
      <trkpt lat="38.256930" lon="127.268614">
        <ele>207.8</ele>
      </trkpt>
      <trkpt lat="38.256907" lon="127.268564">
        <ele>207.8</ele>
      </trkpt>
      <trkpt lat="38.256884" lon="127.268515">
        <ele>207.8</ele>
      </trkpt>
      <trkpt lat="38.256861" lon="127.268466">
        <ele>207.7</ele>
      </trkpt>
      <trkpt lat="38.256838" lon="127.268417">
        <ele>207.7</ele>
      </trkpt>
      <trkpt lat="38.256815" lon="127.268367">
        <ele>207.7</ele>
      </trkpt>
      <trkpt lat="38.256792" lon="127.268318">
        <ele>207.6</ele>
      </trkpt>
      <trkpt lat="38.256769" lon="127.268269">
        <ele>207.6</ele>
      </trkpt>
      <trkpt lat="38.256746" lon="127.268220">
        <ele>207.6</ele>
      </trkpt>
      <trkpt lat="38.256723" lon="127.268171">
        <ele>207.6</ele>
      </trkpt>
      <trkpt lat="38.256700" lon="127.268121">
        <ele>207.5</ele>
      </trkpt>
      <trkpt lat="38.256677" lon="127.268072">
        <ele>207.5</ele>
      </trkpt>
      <trkpt lat="38.256654" lon="127.268023">
        <ele>207.5</ele>
      </trkpt>
      <trkpt lat="38.256631" lon="127.267974">
        <ele>207.4</ele>
      </trkpt>
      <trkpt lat="38.256608" lon="127.267924">
        <ele>207.4</ele>
      </trkpt>
      <trkpt lat="38.256585" lon="127.267875">
        <ele>207.4</ele>
      </trkpt>
      <trkpt lat="38.256562" lon="127.267826">
        <ele>207.3</ele>
      </trkpt>
      <trkpt lat="38.256539" lon="127.267777">
        <ele>207.3</ele>
      </trkpt>
      <trkpt lat="38.256515" lon="127.267729">
        <ele>207.3</ele>
      </trkpt>
      <trkpt lat="38.256489" lon="127.267682">
        <ele>207.3</ele>
      </trkpt>
      <trkpt lat="38.256463" lon="127.267635">
        <ele>207.3</ele>
      </trkpt>
      <trkpt lat="38.256437" lon="127.267588">
        <ele>207.4</ele>
      </trkpt>
      <trkpt lat="38.256411" lon="127.267541">
        <ele>207.4</ele>
      </trkpt>
      <trkpt lat="38.256385" lon="127.267494">
        <ele>207.4</ele>
      </trkpt>
      <trkpt lat="38.256360" lon="127.267448">
        <ele>207.4</ele>
      </trkpt>
      <trkpt lat="38.256334" lon="127.267401">
        <ele>207.4</ele>
      </trkpt>
      <trkpt lat="38.256308" lon="127.267354">
        <ele>207.4</ele>
      </trkpt>
      <trkpt lat="38.256282" lon="127.267307">
        <ele>207.4</ele>
      </trkpt>
      <trkpt lat="38.256256" lon="127.267260">
        <ele>207.5</ele>
      </trkpt>
      <trkpt lat="38.256231" lon="127.267213">
        <ele>207.5</ele>
      </trkpt>
      <trkpt lat="38.256205" lon="127.267166">
        <ele>207.5</ele>
      </trkpt>
      <trkpt lat="38.256179" lon="127.267119">
        <ele>207.5</ele>
      </trkpt>
      <trkpt lat="38.256155" lon="127.267071">
        <ele>207.5</ele>
      </trkpt>
      <trkpt lat="38.256131" lon="127.267022">
        <ele>207.4</ele>
      </trkpt>
      <trkpt lat="38.256107" lon="127.266974">
        <ele>207.4</ele>
      </trkpt>
      <trkpt lat="38.256083" lon="127.266925">
        <ele>207.4</ele>
      </trkpt>
      <trkpt lat="38.256060" lon="127.266877">
        <ele>207.3</ele>
      </trkpt>
      <trkpt lat="38.256036" lon="127.266828">
        <ele>207.3</ele>
      </trkpt>
      <trkpt lat="38.256012" lon="127.266780">
        <ele>207.3</ele>
      </trkpt>
      <trkpt lat="38.255988" lon="127.266731">
        <ele>207.2</ele>
      </trkpt>
      <trkpt lat="38.255964" lon="127.266682">
        <ele>207.2</ele>
      </trkpt>
      <trkpt lat="38.255941" lon="127.266634">
        <ele>207.2</ele>
      </trkpt>
      <trkpt lat="38.255917" lon="127.266585">
        <ele>207.1</ele>
      </trkpt>
      <trkpt lat="38.255893" lon="127.266537">
        <ele>207.1</ele>
      </trkpt>
      <trkpt lat="38.255869" lon="127.266488">
        <ele>207.0</ele>
      </trkpt>
      <trkpt lat="38.255845" lon="127.266439">
        <ele>207.0</ele>
      </trkpt>
      <trkpt lat="38.255822" lon="127.266391">
        <ele>207.0</ele>
      </trkpt>
      <trkpt lat="38.255798" lon="127.266342">
        <ele>206.9</ele>
      </trkpt>
      <trkpt lat="38.255774" lon="127.266294">
        <ele>206.9</ele>
      </trkpt>
      <trkpt lat="38.255750" lon="127.266245">
        <ele>206.9</ele>
      </trkpt>
      <trkpt lat="38.255726" lon="127.266197">
        <ele>206.8</ele>
      </trkpt>
      <trkpt lat="38.255702" lon="127.266148">
        <ele>206.8</ele>
      </trkpt>
      <trkpt lat="38.255679" lon="127.266099">
        <ele>206.8</ele>
      </trkpt>
      <trkpt lat="38.255656" lon="127.266050">
        <ele>206.9</ele>
      </trkpt>
      <trkpt lat="38.255633" lon="127.266001">
        <ele>207.0</ele>
      </trkpt>
      <trkpt lat="38.255610" lon="127.265952">
        <ele>207.0</ele>
      </trkpt>
      <trkpt lat="38.255586" lon="127.265903">
        <ele>207.1</ele>
      </trkpt>
      <trkpt lat="38.255563" lon="127.265854">
        <ele>207.1</ele>
      </trkpt>
      <trkpt lat="38.255540" lon="127.265805">
        <ele>207.2</ele>
      </trkpt>
      <trkpt lat="38.255517" lon="127.265756">
        <ele>207.2</ele>
      </trkpt>
      <trkpt lat="38.255494" lon="127.265707">
        <ele>207.3</ele>
      </trkpt>
      <trkpt lat="38.255469" lon="127.265659">
        <ele>207.3</ele>
      </trkpt>
      <trkpt lat="38.255441" lon="127.265614">
        <ele>207.5</ele>
      </trkpt>
      <trkpt lat="38.255413" lon="127.265569">
        <ele>207.6</ele>
      </trkpt>
      <trkpt lat="38.255385" lon="127.265524">
        <ele>207.7</ele>
      </trkpt>
      <trkpt lat="38.255357" lon="127.265479">
        <ele>207.8</ele>
      </trkpt>
      <trkpt lat="38.255328" lon="127.265436">
        <ele>207.9</ele>
      </trkpt>
      <trkpt lat="38.255299" lon="127.265392">
        <ele>208.0</ele>
      </trkpt>
      <trkpt lat="38.255270" lon="127.265348">
        <ele>208.1</ele>
      </trkpt>
      <trkpt lat="38.255241" lon="127.265305">
        <ele>208.2</ele>
      </trkpt>
      <trkpt lat="38.255214" lon="127.265259">
        <ele>208.3</ele>
      </trkpt>
      <trkpt lat="38.255190" lon="127.265210">
        <ele>208.4</ele>
      </trkpt>
      <trkpt lat="38.255166" lon="127.265162">
        <ele>208.5</ele>
      </trkpt>
      <trkpt lat="38.255142" lon="127.265113">
        <ele>208.5</ele>
      </trkpt>
      <trkpt lat="38.255118" lon="127.265065">
        <ele>208.6</ele>
      </trkpt>
      <trkpt lat="38.255094" lon="127.265016">
        <ele>208.7</ele>
      </trkpt>
      <trkpt lat="38.255070" lon="127.264968">
        <ele>208.7</ele>
      </trkpt>
      <trkpt lat="38.255046" lon="127.264920">
        <ele>208.8</ele>
      </trkpt>
      <trkpt lat="38.255024" lon="127.264870">
        <ele>208.7</ele>
      </trkpt>
      <trkpt lat="38.255002" lon="127.264820">
        <ele>208.6</ele>
      </trkpt>
      <trkpt lat="38.254981" lon="127.264770">
        <ele>208.5</ele>
      </trkpt>
      <trkpt lat="38.254952" lon="127.264728">
        <ele>208.5</ele>
      </trkpt>
      <trkpt lat="38.254915" lon="127.264695">
        <ele>208.4</ele>
      </trkpt>
      <trkpt lat="38.254878" lon="127.264663">
        <ele>208.4</ele>
      </trkpt>
      <trkpt lat="38.254840" lon="127.264630">
        <ele>208.3</ele>
      </trkpt>
      <trkpt lat="38.254809" lon="127.264590">
        <ele>208.2</ele>
      </trkpt>
      <trkpt lat="38.254777" lon="127.264549">
        <ele>208.2</ele>
      </trkpt>
      <trkpt lat="38.254746" lon="127.264508">
        <ele>208.1</ele>
      </trkpt>
      <trkpt lat="38.254714" lon="127.264467">
        <ele>208.1</ele>
      </trkpt>
      <trkpt lat="38.254683" lon="127.264426">
        <ele>208.0</ele>
      </trkpt>
      <trkpt lat="38.254671" lon="127.264371">
        <ele>208.0</ele>
      </trkpt>
      <trkpt lat="38.254661" lon="127.264316">
        <ele>208.0</ele>
      </trkpt>
      <trkpt lat="38.254650" lon="127.264260">
        <ele>208.0</ele>
      </trkpt>
      <trkpt lat="38.254640" lon="127.264204">
        <ele>207.9</ele>
      </trkpt>
      <trkpt lat="38.254630" lon="127.264149">
        <ele>207.9</ele>
      </trkpt>
      <trkpt lat="38.254619" lon="127.264093">
        <ele>207.9</ele>
      </trkpt>
      <trkpt lat="38.254609" lon="127.264037">
        <ele>207.9</ele>
      </trkpt>
      <trkpt lat="38.254599" lon="127.263981">
        <ele>207.8</ele>
      </trkpt>
      <trkpt lat="38.254588" lon="127.263926">
        <ele>207.8</ele>
      </trkpt>
      <trkpt lat="38.254578" lon="127.263870">
        <ele>207.8</ele>
      </trkpt>
      <trkpt lat="38.254566" lon="127.263815">
        <ele>207.7</ele>
      </trkpt>
      <trkpt lat="38.254554" lon="127.263760">
        <ele>207.6</ele>
      </trkpt>
      <trkpt lat="38.254543" lon="127.263704">
        <ele>207.5</ele>
      </trkpt>
      <trkpt lat="38.254531" lon="127.263649">
        <ele>207.5</ele>
      </trkpt>
      <trkpt lat="38.254520" lon="127.263593">
        <ele>207.5</ele>
      </trkpt>
      <trkpt lat="38.254509" lon="127.263538">
        <ele>207.5</ele>
      </trkpt>
      <trkpt lat="38.254498" lon="127.263482">
        <ele>207.5</ele>
      </trkpt>
      <trkpt lat="38.254487" lon="127.263427">
        <ele>207.5</ele>
      </trkpt>
      <trkpt lat="38.254476" lon="127.263371">
        <ele>207.5</ele>
      </trkpt>
      <trkpt lat="38.254465" lon="127.263316">
        <ele>207.5</ele>
      </trkpt>
      <trkpt lat="38.254454" lon="127.263260">
        <ele>207.5</ele>
      </trkpt>
      <trkpt lat="38.254443" lon="127.263205">
        <ele>207.5</ele>
      </trkpt>
      <trkpt lat="38.254432" lon="127.263149">
        <ele>207.5</ele>
      </trkpt>
      <trkpt lat="38.254421" lon="127.263094">
        <ele>207.5</ele>
      </trkpt>
      <trkpt lat="38.254410" lon="127.263038">
        <ele>207.5</ele>
      </trkpt>
      <trkpt lat="38.254399" lon="127.262982">
        <ele>207.5</ele>
      </trkpt>
      <trkpt lat="38.254388" lon="127.262927">
        <ele>207.5</ele>
      </trkpt>
      <trkpt lat="38.254377" lon="127.262871">
        <ele>207.5</ele>
      </trkpt>
      <trkpt lat="38.254366" lon="127.262816">
        <ele>207.5</ele>
      </trkpt>
      <trkpt lat="38.254355" lon="127.262760">
        <ele>207.5</ele>
      </trkpt>
      <trkpt lat="38.254344" lon="127.262705">
        <ele>207.5</ele>
      </trkpt>
      <trkpt lat="38.254333" lon="127.262649">
        <ele>207.5</ele>
      </trkpt>
      <trkpt lat="38.254322" lon="127.262594">
        <ele>207.5</ele>
      </trkpt>
      <trkpt lat="38.254311" lon="127.262538">
        <ele>207.5</ele>
      </trkpt>
      <trkpt lat="38.254300" lon="127.262483">
        <ele>207.5</ele>
      </trkpt>
      <trkpt lat="38.254289" lon="127.262427">
        <ele>207.5</ele>
      </trkpt>
      <trkpt lat="38.254278" lon="127.262372">
        <ele>207.5</ele>
      </trkpt>
      <trkpt lat="38.254267" lon="127.262316">
        <ele>207.5</ele>
      </trkpt>
      <trkpt lat="38.254256" lon="127.262261">
        <ele>207.5</ele>
      </trkpt>
      <trkpt lat="38.254245" lon="127.262205">
        <ele>207.5</ele>
      </trkpt>
      <trkpt lat="38.254233" lon="127.262150">
        <ele>207.4</ele>
      </trkpt>
      <trkpt lat="38.254221" lon="127.262095">
        <ele>207.4</ele>
      </trkpt>
      <trkpt lat="38.254209" lon="127.262040">
        <ele>207.3</ele>
      </trkpt>
      <trkpt lat="38.254197" lon="127.261985">
        <ele>207.2</ele>
      </trkpt>
      <trkpt lat="38.254185" lon="127.261929">
        <ele>207.2</ele>
      </trkpt>
      <trkpt lat="38.254173" lon="127.261874">
        <ele>207.1</ele>
      </trkpt>
      <trkpt lat="38.254161" lon="127.261819">
        <ele>207.1</ele>
      </trkpt>
      <trkpt lat="38.254149" lon="127.261764">
        <ele>207.0</ele>
      </trkpt>
      <trkpt lat="38.254139" lon="127.261708">
        <ele>207.0</ele>
      </trkpt>
      <trkpt lat="38.254128" lon="127.261652">
        <ele>206.9</ele>
      </trkpt>
      <trkpt lat="38.254118" lon="127.261597">
        <ele>206.9</ele>
      </trkpt>
      <trkpt lat="38.254108" lon="127.261541">
        <ele>206.8</ele>
      </trkpt>
      <trkpt lat="38.254098" lon="127.261485">
        <ele>206.8</ele>
      </trkpt>
      <trkpt lat="38.254088" lon="127.261429">
        <ele>206.8</ele>
      </trkpt>
      <trkpt lat="38.254077" lon="127.261374">
        <ele>206.7</ele>
      </trkpt>
      <trkpt lat="38.254067" lon="127.261318">
        <ele>206.7</ele>
      </trkpt>
      <trkpt lat="38.254057" lon="127.261262">
        <ele>206.7</ele>
      </trkpt>
      <trkpt lat="38.254047" lon="127.261206">
        <ele>206.6</ele>
      </trkpt>
      <trkpt lat="38.254037" lon="127.261150">
        <ele>206.6</ele>
      </trkpt>
      <trkpt lat="38.254026" lon="127.261095">
        <ele>206.6</ele>
      </trkpt>
      <trkpt lat="38.254016" lon="127.261039">
        <ele>206.5</ele>
      </trkpt>
      <trkpt lat="38.254006" lon="127.260983">
        <ele>206.5</ele>
      </trkpt>
      <trkpt lat="38.253996" lon="127.260927">
        <ele>206.4</ele>
      </trkpt>
      <trkpt lat="38.253986" lon="127.260872">
        <ele>206.4</ele>
      </trkpt>
      <trkpt lat="38.253975" lon="127.260816">
        <ele>206.4</ele>
      </trkpt>
      <trkpt lat="38.253965" lon="127.260760">
        <ele>206.3</ele>
      </trkpt>
      <trkpt lat="38.253955" lon="127.260704">
        <ele>206.3</ele>
      </trkpt>
      <trkpt lat="38.253945" lon="127.260649">
        <ele>206.3</ele>
      </trkpt>
      <trkpt lat="38.253935" lon="127.260593">
        <ele>206.2</ele>
      </trkpt>
      <trkpt lat="38.253924" lon="127.260537">
        <ele>206.2</ele>
      </trkpt>
      <trkpt lat="38.253914" lon="127.260481">
        <ele>206.2</ele>
      </trkpt>
      <trkpt lat="38.253904" lon="127.260425">
        <ele>206.1</ele>
      </trkpt>
      <trkpt lat="38.253894" lon="127.260370">
        <ele>206.1</ele>
      </trkpt>
      <trkpt lat="38.253884" lon="127.260314">
        <ele>206.0</ele>
      </trkpt>
      <trkpt lat="38.253873" lon="127.260258">
        <ele>206.0</ele>
      </trkpt>
      <trkpt lat="38.253862" lon="127.260203">
        <ele>206.0</ele>
      </trkpt>
      <trkpt lat="38.253850" lon="127.260148">
        <ele>206.0</ele>
      </trkpt>
      <trkpt lat="38.253838" lon="127.260092">
        <ele>205.9</ele>
      </trkpt>
      <trkpt lat="38.253826" lon="127.260037">
        <ele>205.9</ele>
      </trkpt>
      <trkpt lat="38.253814" lon="127.259982">
        <ele>205.9</ele>
      </trkpt>
      <trkpt lat="38.253802" lon="127.259927">
        <ele>205.8</ele>
      </trkpt>
      <trkpt lat="38.253790" lon="127.259872">
        <ele>205.8</ele>
      </trkpt>
      <trkpt lat="38.253778" lon="127.259817">
        <ele>205.8</ele>
      </trkpt>
      <trkpt lat="38.253766" lon="127.259761">
        <ele>205.8</ele>
      </trkpt>
      <trkpt lat="38.253754" lon="127.259706">
        <ele>205.7</ele>
      </trkpt>
      <trkpt lat="38.253742" lon="127.259651">
        <ele>205.7</ele>
      </trkpt>
      <trkpt lat="38.253730" lon="127.259596">
        <ele>205.7</ele>
      </trkpt>
      <trkpt lat="38.253718" lon="127.259541">
        <ele>205.7</ele>
      </trkpt>
      <trkpt lat="38.253706" lon="127.259486">
        <ele>205.6</ele>
      </trkpt>
      <trkpt lat="38.253694" lon="127.259430">
        <ele>205.6</ele>
      </trkpt>
      <trkpt lat="38.253682" lon="127.259375">
        <ele>205.6</ele>
      </trkpt>
      <trkpt lat="38.253670" lon="127.259320">
        <ele>205.5</ele>
      </trkpt>
      <trkpt lat="38.253658" lon="127.259265">
        <ele>205.5</ele>
      </trkpt>
      <trkpt lat="38.253646" lon="127.259209">
        <ele>205.6</ele>
      </trkpt>
      <trkpt lat="38.253636" lon="127.259153">
        <ele>205.7</ele>
      </trkpt>
      <trkpt lat="38.253627" lon="127.259098">
        <ele>205.8</ele>
      </trkpt>
      <trkpt lat="38.253617" lon="127.259042">
        <ele>206.0</ele>
      </trkpt>
      <trkpt lat="38.253607" lon="127.258986">
        <ele>206.1</ele>
      </trkpt>
      <trkpt lat="38.253597" lon="127.258930">
        <ele>206.3</ele>
      </trkpt>
      <trkpt lat="38.253587" lon="127.258874">
        <ele>206.4</ele>
      </trkpt>
      <trkpt lat="38.253577" lon="127.258818">
        <ele>206.5</ele>
      </trkpt>
      <trkpt lat="38.253567" lon="127.258762">
        <ele>206.7</ele>
      </trkpt>
      <trkpt lat="38.253557" lon="127.258707">
        <ele>206.8</ele>
      </trkpt>
      <trkpt lat="38.253546" lon="127.258651">
        <ele>207.0</ele>
      </trkpt>
      <trkpt lat="38.253536" lon="127.258596">
        <ele>207.1</ele>
      </trkpt>
      <trkpt lat="38.253525" lon="127.258540">
        <ele>207.2</ele>
      </trkpt>
      <trkpt lat="38.253514" lon="127.258484">
        <ele>207.4</ele>
      </trkpt>
      <trkpt lat="38.253503" lon="127.258429">
        <ele>207.5</ele>
      </trkpt>
      <trkpt lat="38.253492" lon="127.258373">
        <ele>207.6</ele>
      </trkpt>
      <trkpt lat="38.253481" lon="127.258318">
        <ele>207.7</ele>
      </trkpt>
      <trkpt lat="38.253470" lon="127.258262">
        <ele>207.9</ele>
      </trkpt>
      <trkpt lat="38.253459" lon="127.258207">
        <ele>208.0</ele>
      </trkpt>
      <trkpt lat="38.253447" lon="127.258151">
        <ele>208.1</ele>
      </trkpt>
      <trkpt lat="38.253435" lon="127.258096">
        <ele>208.1</ele>
      </trkpt>
      <trkpt lat="38.253424" lon="127.258041">
        <ele>208.2</ele>
      </trkpt>
      <trkpt lat="38.253412" lon="127.257986">
        <ele>208.2</ele>
      </trkpt>
      <trkpt lat="38.253400" lon="127.257931">
        <ele>208.3</ele>
      </trkpt>
      <trkpt lat="38.253388" lon="127.257875">
        <ele>208.3</ele>
      </trkpt>
      <trkpt lat="38.253376" lon="127.257820">
        <ele>208.4</ele>
      </trkpt>
      <trkpt lat="38.253364" lon="127.257765">
        <ele>208.4</ele>
      </trkpt>
      <trkpt lat="38.253352" lon="127.257710">
        <ele>208.5</ele>
      </trkpt>
      <trkpt lat="38.253341" lon="127.257654">
        <ele>208.4</ele>
      </trkpt>
      <trkpt lat="38.253331" lon="127.257598">
        <ele>208.4</ele>
      </trkpt>
      <trkpt lat="38.253321" lon="127.257543">
        <ele>208.3</ele>
      </trkpt>
      <trkpt lat="38.253310" lon="127.257487">
        <ele>208.2</ele>
      </trkpt>
      <trkpt lat="38.253300" lon="127.257431">
        <ele>208.1</ele>
      </trkpt>
      <trkpt lat="38.253289" lon="127.257376">
        <ele>208.1</ele>
      </trkpt>
      <trkpt lat="38.253279" lon="127.257320">
        <ele>208.0</ele>
      </trkpt>
      <trkpt lat="38.253269" lon="127.257264">
        <ele>207.9</ele>
      </trkpt>
      <trkpt lat="38.253258" lon="127.257208">
        <ele>207.9</ele>
      </trkpt>
      <trkpt lat="38.253248" lon="127.257153">
        <ele>207.8</ele>
      </trkpt>
      <trkpt lat="38.253237" lon="127.257097">
        <ele>207.7</ele>
      </trkpt>
      <trkpt lat="38.253227" lon="127.257041">
        <ele>207.6</ele>
      </trkpt>
      <trkpt lat="38.253217" lon="127.256986">
        <ele>207.6</ele>
      </trkpt>
      <trkpt lat="38.253206" lon="127.256930">
        <ele>207.5</ele>
      </trkpt>
      <trkpt lat="38.253196" lon="127.256874">
        <ele>207.4</ele>
      </trkpt>
      <trkpt lat="38.253185" lon="127.256818">
        <ele>207.3</ele>
      </trkpt>
      <trkpt lat="38.253175" lon="127.256763">
        <ele>207.3</ele>
      </trkpt>
      <trkpt lat="38.253165" lon="127.256707">
        <ele>207.2</ele>
      </trkpt>
      <trkpt lat="38.253155" lon="127.256651">
        <ele>207.2</ele>
      </trkpt>
      <trkpt lat="38.253146" lon="127.256595">
        <ele>207.1</ele>
      </trkpt>
      <trkpt lat="38.253136" lon="127.256539">
        <ele>207.1</ele>
      </trkpt>
      <trkpt lat="38.253126" lon="127.256483">
        <ele>207.0</ele>
      </trkpt>
      <trkpt lat="38.253116" lon="127.256427">
        <ele>207.0</ele>
      </trkpt>
      <trkpt lat="38.253106" lon="127.256372">
        <ele>206.9</ele>
      </trkpt>
      <trkpt lat="38.253096" lon="127.256316">
        <ele>206.9</ele>
      </trkpt>
      <trkpt lat="38.253086" lon="127.256260">
        <ele>206.8</ele>
      </trkpt>
      <trkpt lat="38.253077" lon="127.256204">
        <ele>206.7</ele>
      </trkpt>
      <trkpt lat="38.253067" lon="127.256148">
        <ele>206.7</ele>
      </trkpt>
      <trkpt lat="38.253057" lon="127.256092">
        <ele>206.6</ele>
      </trkpt>
      <trkpt lat="38.253047" lon="127.256036">
        <ele>206.6</ele>
      </trkpt>
      <trkpt lat="38.253037" lon="127.255981">
        <ele>206.5</ele>
      </trkpt>
      <trkpt lat="38.253028" lon="127.255924">
        <ele>206.5</ele>
      </trkpt>
      <trkpt lat="38.253022" lon="127.255868">
        <ele>206.5</ele>
      </trkpt>
      <trkpt lat="38.253016" lon="127.255811">
        <ele>206.5</ele>
      </trkpt>
      <trkpt lat="38.253009" lon="127.255754">
        <ele>206.5</ele>
      </trkpt>
      <trkpt lat="38.253009" lon="127.255697">
        <ele>206.5</ele>
      </trkpt>
      <trkpt lat="38.253013" lon="127.255640">
        <ele>206.5</ele>
      </trkpt>
      <trkpt lat="38.253017" lon="127.255583">
        <ele>206.5</ele>
      </trkpt>
      <trkpt lat="38.253021" lon="127.255526">
        <ele>206.5</ele>
      </trkpt>
      <trkpt lat="38.253033" lon="127.255471">
        <ele>206.5</ele>
      </trkpt>
      <trkpt lat="38.253045" lon="127.255416">
        <ele>206.5</ele>
      </trkpt>
      <trkpt lat="38.253057" lon="127.255361">
        <ele>206.5</ele>
      </trkpt>
      <trkpt lat="38.253069" lon="127.255306">
        <ele>206.5</ele>
      </trkpt>
      <trkpt lat="38.253079" lon="127.255250">
        <ele>206.5</ele>
      </trkpt>
      <trkpt lat="38.253088" lon="127.255194">
        <ele>206.5</ele>
      </trkpt>
      <trkpt lat="38.253098" lon="127.255138">
        <ele>206.5</ele>
      </trkpt>
      <trkpt lat="38.253108" lon="127.255082">
        <ele>206.5</ele>
      </trkpt>
      <trkpt lat="38.253117" lon="127.255026">
        <ele>206.5</ele>
      </trkpt>
      <trkpt lat="38.253122" lon="127.254969">
        <ele>206.5</ele>
      </trkpt>
      <trkpt lat="38.253125" lon="127.254912">
        <ele>206.6</ele>
      </trkpt>
      <trkpt lat="38.253127" lon="127.254855">
        <ele>206.7</ele>
      </trkpt>
      <trkpt lat="38.253129" lon="127.254798">
        <ele>206.8</ele>
      </trkpt>
      <trkpt lat="38.253130" lon="127.254741">
        <ele>206.8</ele>
      </trkpt>
      <trkpt lat="38.253127" lon="127.254683">
        <ele>206.8</ele>
      </trkpt>
      <trkpt lat="38.253124" lon="127.254626">
        <ele>206.8</ele>
      </trkpt>
      <trkpt lat="38.253121" lon="127.254569">
        <ele>206.8</ele>
      </trkpt>
      <trkpt lat="38.253118" lon="127.254512">
        <ele>206.8</ele>
      </trkpt>
      <trkpt lat="38.253107" lon="127.254457">
        <ele>206.8</ele>
      </trkpt>
      <trkpt lat="38.253094" lon="127.254402">
        <ele>206.8</ele>
      </trkpt>
      <trkpt lat="38.253081" lon="127.254347">
        <ele>206.8</ele>
      </trkpt>
      <trkpt lat="38.253068" lon="127.254292">
        <ele>206.8</ele>
      </trkpt>
      <trkpt lat="38.253052" lon="127.254239">
        <ele>206.8</ele>
      </trkpt>
      <trkpt lat="38.253034" lon="127.254187">
        <ele>206.8</ele>
      </trkpt>
      <trkpt lat="38.253015" lon="127.254135">
        <ele>206.8</ele>
      </trkpt>
      <trkpt lat="38.252996" lon="127.254082">
        <ele>206.8</ele>
      </trkpt>
      <trkpt lat="38.252977" lon="127.254031">
        <ele>206.8</ele>
      </trkpt>
      <trkpt lat="38.252954" lon="127.253982">
        <ele>206.7</ele>
      </trkpt>
      <trkpt lat="38.252930" lon="127.253933">
        <ele>206.7</ele>
      </trkpt>
      <trkpt lat="38.252906" lon="127.253885">
        <ele>206.6</ele>
      </trkpt>
      <trkpt lat="38.252882" lon="127.253836">
        <ele>206.6</ele>
      </trkpt>
      <trkpt lat="38.252859" lon="127.253787">
        <ele>206.5</ele>
      </trkpt>
      <trkpt lat="38.252834" lon="127.253740">
        <ele>206.5</ele>
      </trkpt>
      <trkpt lat="38.252808" lon="127.253692">
        <ele>206.5</ele>
      </trkpt>
      <trkpt lat="38.252783" lon="127.253645">
        <ele>206.5</ele>
      </trkpt>
      <trkpt lat="38.252758" lon="127.253598">
        <ele>206.5</ele>
      </trkpt>
      <trkpt lat="38.252733" lon="127.253550">
        <ele>206.5</ele>
      </trkpt>
      <trkpt lat="38.252707" lon="127.253503">
        <ele>206.5</ele>
      </trkpt>
      <trkpt lat="38.252682" lon="127.253456">
        <ele>206.5</ele>
      </trkpt>
      <trkpt lat="38.252657" lon="127.253408">
        <ele>206.5</ele>
      </trkpt>
      <trkpt lat="38.252631" lon="127.253361">
        <ele>206.5</ele>
      </trkpt>
      <trkpt lat="38.252606" lon="127.253314">
        <ele>206.6</ele>
      </trkpt>
      <trkpt lat="38.252580" lon="127.253267">
        <ele>206.7</ele>
      </trkpt>
      <trkpt lat="38.252554" lon="127.253221">
        <ele>206.8</ele>
      </trkpt>
      <trkpt lat="38.252528" lon="127.253174">
        <ele>207.0</ele>
      </trkpt>
      <trkpt lat="38.252500" lon="127.253128">
        <ele>207.1</ele>
      </trkpt>
      <trkpt lat="38.252472" lon="127.253083">
        <ele>207.2</ele>
      </trkpt>
      <trkpt lat="38.252445" lon="127.253039">
        <ele>207.2</ele>
      </trkpt>
      <trkpt lat="38.252417" lon="127.252993">
        <ele>207.3</ele>
      </trkpt>
      <trkpt lat="38.252392" lon="127.252946">
        <ele>207.2</ele>
      </trkpt>
      <trkpt lat="38.252367" lon="127.252898">
        <ele>207.1</ele>
      </trkpt>
      <trkpt lat="38.252342" lon="127.252851">
        <ele>207.1</ele>
      </trkpt>
      <trkpt lat="38.252314" lon="127.252810">
        <ele>206.6</ele>
      </trkpt>
      <trkpt lat="38.252280" lon="127.252795">
        <ele>204.3</ele>
      </trkpt>
      <trkpt lat="38.252251" lon="127.252807">
        <ele>206.7</ele>
      </trkpt>
      <trkpt lat="38.252206" lon="127.252805">
        <ele>206.6</ele>
      </trkpt>
      <trkpt lat="38.252161" lon="127.252803">
        <ele>206.5</ele>
      </trkpt>
      <trkpt lat="38.252116" lon="127.252802">
        <ele>206.4</ele>
      </trkpt>
      <trkpt lat="38.252071" lon="127.252800">
        <ele>206.3</ele>
      </trkpt>
      <trkpt lat="38.252026" lon="127.252798">
        <ele>206.2</ele>
      </trkpt>
      <trkpt lat="38.251981" lon="127.252797">
        <ele>206.1</ele>
      </trkpt>
      <trkpt lat="38.251936" lon="127.252795">
        <ele>206.0</ele>
      </trkpt>
      <trkpt lat="38.251891" lon="127.252793">
        <ele>205.9</ele>
      </trkpt>
      <trkpt lat="38.251847" lon="127.252791">
        <ele>205.8</ele>
      </trkpt>
      <trkpt lat="38.251802" lon="127.252790">
        <ele>205.7</ele>
      </trkpt>
      <trkpt lat="38.251757" lon="127.252788">
        <ele>205.5</ele>
      </trkpt>
      <trkpt lat="38.251712" lon="127.252786">
        <ele>205.4</ele>
      </trkpt>
      <trkpt lat="38.251667" lon="127.252784">
        <ele>205.3</ele>
      </trkpt>
      <trkpt lat="38.251622" lon="127.252783">
        <ele>205.2</ele>
      </trkpt>
      <trkpt lat="38.251577" lon="127.252781">
        <ele>205.1</ele>
      </trkpt>
      <trkpt lat="38.251532" lon="127.252779">
        <ele>205.0</ele>
      </trkpt>
      <trkpt lat="38.251487" lon="127.252777">
        <ele>204.9</ele>
      </trkpt>
      <trkpt lat="38.251442" lon="127.252776">
        <ele>204.8</ele>
      </trkpt>
      <trkpt lat="38.251397" lon="127.252774">
        <ele>204.7</ele>
      </trkpt>
      <trkpt lat="38.251352" lon="127.252772">
        <ele>204.6</ele>
      </trkpt>
      <trkpt lat="38.251307" lon="127.252771">
        <ele>204.5</ele>
      </trkpt>
      <trkpt lat="38.251262" lon="127.252769">
        <ele>204.4</ele>
      </trkpt>
      <trkpt lat="38.251217" lon="127.252769">
        <ele>204.2</ele>
      </trkpt>
      <trkpt lat="38.251172" lon="127.252770">
        <ele>204.1</ele>
      </trkpt>
      <trkpt lat="38.251127" lon="127.252771">
        <ele>204.0</ele>
      </trkpt>
      <trkpt lat="38.251082" lon="127.252772">
        <ele>203.9</ele>
      </trkpt>
      <trkpt lat="38.251037" lon="127.252773">
        <ele>203.8</ele>
      </trkpt>
      <trkpt lat="38.250992" lon="127.252774">
        <ele>203.7</ele>
      </trkpt>
      <trkpt lat="38.250948" lon="127.252775">
        <ele>203.5</ele>
      </trkpt>
      <trkpt lat="38.250903" lon="127.252776">
        <ele>203.4</ele>
      </trkpt>
      <trkpt lat="38.250858" lon="127.252777">
        <ele>203.3</ele>
      </trkpt>
      <trkpt lat="38.250813" lon="127.252780">
        <ele>203.3</ele>
      </trkpt>
      <trkpt lat="38.250768" lon="127.252784">
        <ele>203.3</ele>
      </trkpt>
      <trkpt lat="38.250723" lon="127.252788">
        <ele>203.2</ele>
      </trkpt>
      <trkpt lat="38.250678" lon="127.252792">
        <ele>203.2</ele>
      </trkpt>
      <trkpt lat="38.250633" lon="127.252796">
        <ele>203.2</ele>
      </trkpt>
      <trkpt lat="38.250588" lon="127.252800">
        <ele>203.2</ele>
      </trkpt>
      <trkpt lat="38.250544" lon="127.252804">
        <ele>203.2</ele>
      </trkpt>
      <trkpt lat="38.250499" lon="127.252808">
        <ele>203.1</ele>
      </trkpt>
      <trkpt lat="38.250454" lon="127.252812">
        <ele>203.1</ele>
      </trkpt>
      <trkpt lat="38.250409" lon="127.252816">
        <ele>203.1</ele>
      </trkpt>
      <trkpt lat="38.250364" lon="127.252820">
        <ele>203.1</ele>
      </trkpt>
      <trkpt lat="38.250319" lon="127.252824">
        <ele>203.1</ele>
      </trkpt>
      <trkpt lat="38.250274" lon="127.252828">
        <ele>203.1</ele>
      </trkpt>
      <trkpt lat="38.250230" lon="127.252832">
        <ele>203.0</ele>
      </trkpt>
      <trkpt lat="38.250185" lon="127.252836">
        <ele>203.0</ele>
      </trkpt>
      <trkpt lat="38.250140" lon="127.252840">
        <ele>203.0</ele>
      </trkpt>
      <trkpt lat="38.250095" lon="127.252842">
        <ele>202.8</ele>
      </trkpt>
      <trkpt lat="38.250050" lon="127.252845">
        <ele>202.6</ele>
      </trkpt>
      <trkpt lat="38.250005" lon="127.252848">
        <ele>202.5</ele>
      </trkpt>
      <trkpt lat="38.249960" lon="127.252851">
        <ele>202.3</ele>
      </trkpt>
      <trkpt lat="38.249915" lon="127.252853">
        <ele>202.1</ele>
      </trkpt>
      <trkpt lat="38.249870" lon="127.252856">
        <ele>202.0</ele>
      </trkpt>
      <trkpt lat="38.249825" lon="127.252859">
        <ele>201.8</ele>
      </trkpt>
      <trkpt lat="38.249781" lon="127.252861">
        <ele>201.7</ele>
      </trkpt>
      <trkpt lat="38.249736" lon="127.252864">
        <ele>201.5</ele>
      </trkpt>
      <trkpt lat="38.249691" lon="127.252867">
        <ele>201.3</ele>
      </trkpt>
      <trkpt lat="38.249646" lon="127.252870">
        <ele>201.2</ele>
      </trkpt>
      <trkpt lat="38.249601" lon="127.252872">
        <ele>201.0</ele>
      </trkpt>
      <trkpt lat="38.249556" lon="127.252875">
        <ele>200.8</ele>
      </trkpt>
      <trkpt lat="38.249511" lon="127.252878">
        <ele>200.7</ele>
      </trkpt>
      <trkpt lat="38.249466" lon="127.252880">
        <ele>200.5</ele>
      </trkpt>
      <trkpt lat="38.249421" lon="127.252883">
        <ele>200.3</ele>
      </trkpt>
      <trkpt lat="38.249376" lon="127.252886">
        <ele>200.2</ele>
      </trkpt>
      <trkpt lat="38.249331" lon="127.252889">
        <ele>200.0</ele>
      </trkpt>
      <trkpt lat="38.249286" lon="127.252892">
        <ele>200.0</ele>
      </trkpt>
      <trkpt lat="38.249242" lon="127.252895">
        <ele>200.0</ele>
      </trkpt>
      <trkpt lat="38.249197" lon="127.252898">
        <ele>200.0</ele>
      </trkpt>
      <trkpt lat="38.249152" lon="127.252900">
        <ele>200.0</ele>
      </trkpt>
      <trkpt lat="38.249107" lon="127.252903">
        <ele>200.0</ele>
      </trkpt>
      <trkpt lat="38.249062" lon="127.252906">
        <ele>200.0</ele>
      </trkpt>
      <trkpt lat="38.249017" lon="127.252909">
        <ele>200.0</ele>
      </trkpt>
      <trkpt lat="38.248972" lon="127.252912">
        <ele>200.0</ele>
      </trkpt>
      <trkpt lat="38.248927" lon="127.252915">
        <ele>200.0</ele>
      </trkpt>
      <trkpt lat="38.248882" lon="127.252918">
        <ele>200.0</ele>
      </trkpt>
      <trkpt lat="38.248837" lon="127.252921">
        <ele>200.0</ele>
      </trkpt>
      <trkpt lat="38.248793" lon="127.252924">
        <ele>200.0</ele>
      </trkpt>
      <trkpt lat="38.248748" lon="127.252927">
        <ele>200.0</ele>
      </trkpt>
      <trkpt lat="38.248703" lon="127.252930">
        <ele>200.0</ele>
      </trkpt>
      <trkpt lat="38.248658" lon="127.252933">
        <ele>200.0</ele>
      </trkpt>
      <trkpt lat="38.248613" lon="127.252936">
        <ele>200.0</ele>
      </trkpt>
      <trkpt lat="38.248568" lon="127.252939">
        <ele>200.0</ele>
      </trkpt>
      <trkpt lat="38.248523" lon="127.252942">
        <ele>200.0</ele>
      </trkpt>
      <trkpt lat="38.248478" lon="127.252945">
        <ele>200.0</ele>
      </trkpt>
      <trkpt lat="38.248433" lon="127.252948">
        <ele>200.0</ele>
      </trkpt>
      <trkpt lat="38.248388" lon="127.252951">
        <ele>200.0</ele>
      </trkpt>
      <trkpt lat="38.248343" lon="127.252954">
        <ele>200.0</ele>
      </trkpt>
      <trkpt lat="38.248299" lon="127.252957">
        <ele>200.0</ele>
      </trkpt>
      <trkpt lat="38.248254" lon="127.252960">
        <ele>200.0</ele>
      </trkpt>
      <trkpt lat="38.248209" lon="127.252963">
        <ele>200.0</ele>
      </trkpt>
      <trkpt lat="38.248164" lon="127.252966">
        <ele>200.0</ele>
      </trkpt>
      <trkpt lat="38.248119" lon="127.252969">
        <ele>200.0</ele>
      </trkpt>
      <trkpt lat="38.248074" lon="127.252972">
        <ele>200.0</ele>
      </trkpt>
      <trkpt lat="38.248029" lon="127.252975">
        <ele>199.9</ele>
      </trkpt>
      <trkpt lat="38.247984" lon="127.252979">
        <ele>199.8</ele>
      </trkpt>
      <trkpt lat="38.247939" lon="127.252983">
        <ele>199.7</ele>
      </trkpt>
      <trkpt lat="38.247895" lon="127.252986">
        <ele>199.7</ele>
      </trkpt>
      <trkpt lat="38.247850" lon="127.252990">
        <ele>199.6</ele>
      </trkpt>
      <trkpt lat="38.247805" lon="127.252994">
        <ele>199.5</ele>
      </trkpt>
      <trkpt lat="38.247760" lon="127.252997">
        <ele>199.4</ele>
      </trkpt>
      <trkpt lat="38.247715" lon="127.253001">
        <ele>199.3</ele>
      </trkpt>
      <trkpt lat="38.247670" lon="127.253004">
        <ele>199.2</ele>
      </trkpt>
      <trkpt lat="38.247625" lon="127.253008">
        <ele>199.1</ele>
      </trkpt>
      <trkpt lat="38.247580" lon="127.253012">
        <ele>199.0</ele>
      </trkpt>
      <trkpt lat="38.247536" lon="127.253015">
        <ele>198.9</ele>
      </trkpt>
      <trkpt lat="38.247491" lon="127.253019">
        <ele>198.8</ele>
      </trkpt>
      <trkpt lat="38.247446" lon="127.253023">
        <ele>198.7</ele>
      </trkpt>
      <trkpt lat="38.247401" lon="127.253026">
        <ele>198.6</ele>
      </trkpt>
      <trkpt lat="38.247356" lon="127.253030">
        <ele>198.5</ele>
      </trkpt>
      <trkpt lat="38.247311" lon="127.253033">
        <ele>198.4</ele>
      </trkpt>
      <trkpt lat="38.247266" lon="127.253037">
        <ele>198.3</ele>
      </trkpt>
      <trkpt lat="38.247221" lon="127.253041">
        <ele>198.2</ele>
      </trkpt>
      <trkpt lat="38.247177" lon="127.253044">
        <ele>198.2</ele>
      </trkpt>
      <trkpt lat="38.247132" lon="127.253048">
        <ele>198.1</ele>
      </trkpt>
      <trkpt lat="38.247087" lon="127.253052">
        <ele>198.0</ele>
      </trkpt>
      <trkpt lat="38.247042" lon="127.253055">
        <ele>197.9</ele>
      </trkpt>
      <trkpt lat="38.246997" lon="127.253059">
        <ele>197.8</ele>
      </trkpt>
      <trkpt lat="38.246952" lon="127.253062">
        <ele>197.7</ele>
      </trkpt>
      <trkpt lat="38.246907" lon="127.253065">
        <ele>197.6</ele>
      </trkpt>
      <trkpt lat="38.246862" lon="127.253069">
        <ele>197.5</ele>
      </trkpt>
      <trkpt lat="38.246817" lon="127.253072">
        <ele>197.4</ele>
      </trkpt>
      <trkpt lat="38.246773" lon="127.253075">
        <ele>197.3</ele>
      </trkpt>
      <trkpt lat="38.246728" lon="127.253079">
        <ele>197.2</ele>
      </trkpt>
      <trkpt lat="38.246683" lon="127.253082">
        <ele>197.1</ele>
      </trkpt>
      <trkpt lat="38.246638" lon="127.253085">
        <ele>197.0</ele>
      </trkpt>
      <trkpt lat="38.246593" lon="127.253089">
        <ele>196.9</ele>
      </trkpt>
      <trkpt lat="38.246548" lon="127.253092">
        <ele>196.8</ele>
      </trkpt>
      <trkpt lat="38.246503" lon="127.253095">
        <ele>196.7</ele>
      </trkpt>
      <trkpt lat="38.246458" lon="127.253099">
        <ele>196.6</ele>
      </trkpt>
      <trkpt lat="38.246413" lon="127.253102">
        <ele>196.5</ele>
      </trkpt>
      <trkpt lat="38.246369" lon="127.253105">
        <ele>196.4</ele>
      </trkpt>
      <trkpt lat="38.246324" lon="127.253109">
        <ele>196.3</ele>
      </trkpt>
      <trkpt lat="38.246279" lon="127.253112">
        <ele>196.2</ele>
      </trkpt>
      <trkpt lat="38.246234" lon="127.253115">
        <ele>196.1</ele>
      </trkpt>
      <trkpt lat="38.246189" lon="127.253119">
        <ele>196.0</ele>
      </trkpt>
      <trkpt lat="38.246144" lon="127.253122">
        <ele>195.9</ele>
      </trkpt>
      <trkpt lat="38.246099" lon="127.253125">
        <ele>195.8</ele>
      </trkpt>
      <trkpt lat="38.246054" lon="127.253129">
        <ele>195.7</ele>
      </trkpt>
      <trkpt lat="38.246009" lon="127.253132">
        <ele>195.6</ele>
      </trkpt>
      <trkpt lat="38.245965" lon="127.253135">
        <ele>195.5</ele>
      </trkpt>
      <trkpt lat="38.245920" lon="127.253137">
        <ele>195.6</ele>
      </trkpt>
      <trkpt lat="38.245875" lon="127.253139">
        <ele>195.8</ele>
      </trkpt>
      <trkpt lat="38.245830" lon="127.253141">
        <ele>196.0</ele>
      </trkpt>
      <trkpt lat="38.245785" lon="127.253143">
        <ele>196.2</ele>
      </trkpt>
      <trkpt lat="38.245740" lon="127.253145">
        <ele>196.4</ele>
      </trkpt>
      <trkpt lat="38.245695" lon="127.253147">
        <ele>196.6</ele>
      </trkpt>
      <trkpt lat="38.245650" lon="127.253148">
        <ele>196.7</ele>
      </trkpt>
      <trkpt lat="38.245605" lon="127.253150">
        <ele>196.9</ele>
      </trkpt>
      <trkpt lat="38.245560" lon="127.253152">
        <ele>197.1</ele>
      </trkpt>
      <trkpt lat="38.245515" lon="127.253154">
        <ele>197.3</ele>
      </trkpt>
      <trkpt lat="38.245470" lon="127.253156">
        <ele>197.5</ele>
      </trkpt>
      <trkpt lat="38.245425" lon="127.253158">
        <ele>197.7</ele>
      </trkpt>
      <trkpt lat="38.245380" lon="127.253159">
        <ele>197.8</ele>
      </trkpt>
      <trkpt lat="38.245335" lon="127.253161">
        <ele>198.0</ele>
      </trkpt>
      <trkpt lat="38.245290" lon="127.253163">
        <ele>198.2</ele>
      </trkpt>
      <trkpt lat="38.245245" lon="127.253165">
        <ele>198.4</ele>
      </trkpt>
      <trkpt lat="38.245201" lon="127.253167">
        <ele>198.6</ele>
      </trkpt>
      <trkpt lat="38.245156" lon="127.253169">
        <ele>198.8</ele>
      </trkpt>
      <trkpt lat="38.245111" lon="127.253171">
        <ele>199.0</ele>
      </trkpt>
      <trkpt lat="38.245066" lon="127.253172">
        <ele>199.1</ele>
      </trkpt>
      <trkpt lat="38.245021" lon="127.253174">
        <ele>199.3</ele>
      </trkpt>
      <trkpt lat="38.244976" lon="127.253176">
        <ele>199.5</ele>
      </trkpt>
      <trkpt lat="38.244932" lon="127.253186">
        <ele>199.7</ele>
      </trkpt>
      <trkpt lat="38.244887" lon="127.253197">
        <ele>199.8</ele>
      </trkpt>
      <trkpt lat="38.244843" lon="127.253207">
        <ele>200.0</ele>
      </trkpt>
      <trkpt lat="38.244800" lon="127.253223">
        <ele>200.1</ele>
      </trkpt>
      <trkpt lat="38.244757" lon="127.253240">
        <ele>200.2</ele>
      </trkpt>
      <trkpt lat="38.244714" lon="127.253257">
        <ele>200.4</ele>
      </trkpt>
      <trkpt lat="38.244671" lon="127.253274">
        <ele>200.5</ele>
      </trkpt>
      <trkpt lat="38.244629" lon="127.253295">
        <ele>200.6</ele>
      </trkpt>
      <trkpt lat="38.244588" lon="127.253317">
        <ele>200.6</ele>
      </trkpt>
      <trkpt lat="38.244546" lon="127.253339">
        <ele>200.7</ele>
      </trkpt>
      <trkpt lat="38.244504" lon="127.253360">
        <ele>200.8</ele>
      </trkpt>
      <trkpt lat="38.244463" lon="127.253382">
        <ele>200.8</ele>
      </trkpt>
      <trkpt lat="38.244421" lon="127.253403">
        <ele>200.9</ele>
      </trkpt>
      <trkpt lat="38.244380" lon="127.253425">
        <ele>201.0</ele>
      </trkpt>
      <trkpt lat="38.244337" lon="127.253445">
        <ele>201.0</ele>
      </trkpt>
      <trkpt lat="38.244295" lon="127.253462">
        <ele>200.9</ele>
      </trkpt>
      <trkpt lat="38.244252" lon="127.253479">
        <ele>200.9</ele>
      </trkpt>
      <trkpt lat="38.244209" lon="127.253496">
        <ele>200.8</ele>
      </trkpt>
      <trkpt lat="38.244166" lon="127.253513">
        <ele>200.8</ele>
      </trkpt>
      <trkpt lat="38.244123" lon="127.253530">
        <ele>200.7</ele>
      </trkpt>
      <trkpt lat="38.244080" lon="127.253547">
        <ele>200.7</ele>
      </trkpt>
      <trkpt lat="38.244037" lon="127.253564">
        <ele>200.6</ele>
      </trkpt>
      <trkpt lat="38.243994" lon="127.253581">
        <ele>200.6</ele>
      </trkpt>
      <trkpt lat="38.243951" lon="127.253598">
        <ele>200.5</ele>
      </trkpt>
      <trkpt lat="38.243908" lon="127.253615">
        <ele>200.5</ele>
      </trkpt>
      <trkpt lat="38.243865" lon="127.253632">
        <ele>200.4</ele>
      </trkpt>
      <trkpt lat="38.243822" lon="127.253649">
        <ele>200.4</ele>
      </trkpt>
      <trkpt lat="38.243779" lon="127.253666">
        <ele>200.3</ele>
      </trkpt>
      <trkpt lat="38.243736" lon="127.253683">
        <ele>200.3</ele>
      </trkpt>
      <trkpt lat="38.243693" lon="127.253700">
        <ele>200.2</ele>
      </trkpt>
      <trkpt lat="38.243650" lon="127.253717">
        <ele>200.2</ele>
      </trkpt>
      <trkpt lat="38.243608" lon="127.253734">
        <ele>200.1</ele>
      </trkpt>
      <trkpt lat="38.243565" lon="127.253751">
        <ele>200.1</ele>
      </trkpt>
      <trkpt lat="38.243522" lon="127.253768">
        <ele>200.0</ele>
      </trkpt>
      <trkpt lat="38.243479" lon="127.253785">
        <ele>200.0</ele>
      </trkpt>
      <trkpt lat="38.243436" lon="127.253802">
        <ele>199.9</ele>
      </trkpt>
      <trkpt lat="38.243393" lon="127.253819">
        <ele>199.9</ele>
      </trkpt>
      <trkpt lat="38.243350" lon="127.253836">
        <ele>199.8</ele>
      </trkpt>
      <trkpt lat="38.243307" lon="127.253853">
        <ele>199.8</ele>
      </trkpt>
      <trkpt lat="38.243264" lon="127.253870">
        <ele>199.7</ele>
      </trkpt>
      <trkpt lat="38.243221" lon="127.253887">
        <ele>199.7</ele>
      </trkpt>
      <trkpt lat="38.243178" lon="127.253904">
        <ele>199.6</ele>
      </trkpt>
      <trkpt lat="38.243135" lon="127.253921">
        <ele>199.6</ele>
      </trkpt>
      <trkpt lat="38.243092" lon="127.253938">
        <ele>199.5</ele>
      </trkpt>
      <trkpt lat="38.243049" lon="127.253955">
        <ele>199.5</ele>
      </trkpt>
      <trkpt lat="38.243006" lon="127.253972">
        <ele>199.4</ele>
      </trkpt>
      <trkpt lat="38.242963" lon="127.253989">
        <ele>199.4</ele>
      </trkpt>
      <trkpt lat="38.242921" lon="127.254006">
        <ele>199.3</ele>
      </trkpt>
      <trkpt lat="38.242878" lon="127.254023">
        <ele>199.3</ele>
      </trkpt>
      <trkpt lat="38.242835" lon="127.254040">
        <ele>199.2</ele>
      </trkpt>
      <trkpt lat="38.242792" lon="127.254057">
        <ele>199.2</ele>
      </trkpt>
      <trkpt lat="38.242749" lon="127.254074">
        <ele>199.1</ele>
      </trkpt>
      <trkpt lat="38.242706" lon="127.254091">
        <ele>199.1</ele>
      </trkpt>
      <trkpt lat="38.242663" lon="127.254108">
        <ele>199.0</ele>
      </trkpt>
      <trkpt lat="38.242620" lon="127.254124">
        <ele>199.0</ele>
      </trkpt>
      <trkpt lat="38.242576" lon="127.254138">
        <ele>198.9</ele>
      </trkpt>
      <trkpt lat="38.242532" lon="127.254151">
        <ele>198.8</ele>
      </trkpt>
      <trkpt lat="38.242489" lon="127.254165">
        <ele>198.7</ele>
      </trkpt>
      <trkpt lat="38.242445" lon="127.254179">
        <ele>198.6</ele>
      </trkpt>
      <trkpt lat="38.242401" lon="127.254192">
        <ele>198.6</ele>
      </trkpt>
      <trkpt lat="38.242358" lon="127.254204">
        <ele>198.5</ele>
      </trkpt>
      <trkpt lat="38.242313" lon="127.254211">
        <ele>198.3</ele>
      </trkpt>
      <trkpt lat="38.242268" lon="127.254218">
        <ele>198.1</ele>
      </trkpt>
      <trkpt lat="38.242224" lon="127.254225">
        <ele>198.0</ele>
      </trkpt>
      <trkpt lat="38.242179" lon="127.254232">
        <ele>197.8</ele>
      </trkpt>
      <trkpt lat="38.242134" lon="127.254230">
        <ele>197.7</ele>
      </trkpt>
      <trkpt lat="38.242089" lon="127.254228">
        <ele>197.7</ele>
      </trkpt>
      <trkpt lat="38.242044" lon="127.254226">
        <ele>197.6</ele>
      </trkpt>
      <trkpt lat="38.241999" lon="127.254224">
        <ele>197.5</ele>
      </trkpt>
      <trkpt lat="38.241955" lon="127.254218">
        <ele>197.5</ele>
      </trkpt>
      <trkpt lat="38.241910" lon="127.254211">
        <ele>197.4</ele>
      </trkpt>
      <trkpt lat="38.241865" lon="127.254203">
        <ele>197.3</ele>
      </trkpt>
      <trkpt lat="38.241821" lon="127.254196">
        <ele>197.3</ele>
      </trkpt>
      <trkpt lat="38.241776" lon="127.254188">
        <ele>197.2</ele>
      </trkpt>
      <trkpt lat="38.241732" lon="127.254181">
        <ele>197.2</ele>
      </trkpt>
      <trkpt lat="38.241687" lon="127.254173">
        <ele>197.1</ele>
      </trkpt>
      <trkpt lat="38.241642" lon="127.254166">
        <ele>197.0</ele>
      </trkpt>
      <trkpt lat="38.241598" lon="127.254158">
        <ele>197.0</ele>
      </trkpt>
      <trkpt lat="38.241553" lon="127.254151">
        <ele>196.9</ele>
      </trkpt>
      <trkpt lat="38.241509" lon="127.254143">
        <ele>196.9</ele>
      </trkpt>
      <trkpt lat="38.241464" lon="127.254136">
        <ele>196.8</ele>
      </trkpt>
      <trkpt lat="38.241420" lon="127.254128">
        <ele>196.7</ele>
      </trkpt>
      <trkpt lat="38.241375" lon="127.254121">
        <ele>196.7</ele>
      </trkpt>
      <trkpt lat="38.241330" lon="127.254113">
        <ele>196.6</ele>
      </trkpt>
      <trkpt lat="38.241286" lon="127.254106">
        <ele>196.6</ele>
      </trkpt>
      <trkpt lat="38.241241" lon="127.254098">
        <ele>196.5</ele>
      </trkpt>
      <trkpt lat="38.241197" lon="127.254091">
        <ele>196.4</ele>
      </trkpt>
      <trkpt lat="38.241152" lon="127.254083">
        <ele>196.4</ele>
      </trkpt>
      <trkpt lat="38.241107" lon="127.254076">
        <ele>196.3</ele>
      </trkpt>
      <trkpt lat="38.241063" lon="127.254069">
        <ele>196.3</ele>
      </trkpt>
      <trkpt lat="38.241018" lon="127.254061">
        <ele>196.2</ele>
      </trkpt>
      <trkpt lat="38.240974" lon="127.254054">
        <ele>196.1</ele>
      </trkpt>
      <trkpt lat="38.240929" lon="127.254046">
        <ele>196.1</ele>
      </trkpt>
      <trkpt lat="38.240885" lon="127.254039">
        <ele>196.0</ele>
      </trkpt>
      <trkpt lat="38.240840" lon="127.254031">
        <ele>196.0</ele>
      </trkpt>
      <trkpt lat="38.240795" lon="127.254024">
        <ele>195.9</ele>
      </trkpt>
      <trkpt lat="38.240751" lon="127.254016">
        <ele>195.8</ele>
      </trkpt>
      <trkpt lat="38.240706" lon="127.254009">
        <ele>195.8</ele>
      </trkpt>
      <trkpt lat="38.240662" lon="127.254001">
        <ele>195.7</ele>
      </trkpt>
      <trkpt lat="38.240617" lon="127.253994">
        <ele>195.7</ele>
      </trkpt>
      <trkpt lat="38.240572" lon="127.253986">
        <ele>195.6</ele>
      </trkpt>
      <trkpt lat="38.240528" lon="127.253979">
        <ele>195.5</ele>
      </trkpt>
      <trkpt lat="38.240483" lon="127.253971">
        <ele>195.5</ele>
      </trkpt>
      <trkpt lat="38.240439" lon="127.253962">
        <ele>195.6</ele>
      </trkpt>
      <trkpt lat="38.240394" lon="127.253954">
        <ele>195.6</ele>
      </trkpt>
      <trkpt lat="38.240350" lon="127.253945">
        <ele>195.6</ele>
      </trkpt>
      <trkpt lat="38.240306" lon="127.253937">
        <ele>195.7</ele>
      </trkpt>
      <trkpt lat="38.240261" lon="127.253928">
        <ele>195.7</ele>
      </trkpt>
      <trkpt lat="38.240217" lon="127.253920">
        <ele>195.8</ele>
      </trkpt>
      <trkpt lat="38.240172" lon="127.253911">
        <ele>195.8</ele>
      </trkpt>
      <trkpt lat="38.240128" lon="127.253903">
        <ele>195.8</ele>
      </trkpt>
      <trkpt lat="38.240083" lon="127.253894">
        <ele>195.9</ele>
      </trkpt>
      <trkpt lat="38.240039" lon="127.253886">
        <ele>195.9</ele>
      </trkpt>
      <trkpt lat="38.239994" lon="127.253877">
        <ele>196.0</ele>
      </trkpt>
      <trkpt lat="38.239950" lon="127.253869">
        <ele>196.0</ele>
      </trkpt>
      <trkpt lat="38.239905" lon="127.253860">
        <ele>196.0</ele>
      </trkpt>
      <trkpt lat="38.239861" lon="127.253852">
        <ele>196.1</ele>
      </trkpt>
      <trkpt lat="38.239816" lon="127.253843">
        <ele>196.1</ele>
      </trkpt>
      <trkpt lat="38.239772" lon="127.253834">
        <ele>196.2</ele>
      </trkpt>
      <trkpt lat="38.239727" lon="127.253826">
        <ele>196.2</ele>
      </trkpt>
      <trkpt lat="38.239683" lon="127.253817">
        <ele>196.3</ele>
      </trkpt>
      <trkpt lat="38.239639" lon="127.253809">
        <ele>196.3</ele>
      </trkpt>
      <trkpt lat="38.239594" lon="127.253800">
        <ele>196.3</ele>
      </trkpt>
      <trkpt lat="38.239550" lon="127.253792">
        <ele>196.4</ele>
      </trkpt>
      <trkpt lat="38.239505" lon="127.253783">
        <ele>196.4</ele>
      </trkpt>
      <trkpt lat="38.239461" lon="127.253775">
        <ele>196.5</ele>
      </trkpt>
      <trkpt lat="38.239416" lon="127.253766">
        <ele>196.5</ele>
      </trkpt>
      <trkpt lat="38.239372" lon="127.253758">
        <ele>196.5</ele>
      </trkpt>
      <trkpt lat="38.239327" lon="127.253749">
        <ele>196.6</ele>
      </trkpt>
      <trkpt lat="38.239283" lon="127.253741">
        <ele>196.6</ele>
      </trkpt>
      <trkpt lat="38.239238" lon="127.253732">
        <ele>196.7</ele>
      </trkpt>
      <trkpt lat="38.239194" lon="127.253724">
        <ele>196.7</ele>
      </trkpt>
      <trkpt lat="38.239149" lon="127.253715">
        <ele>196.7</ele>
      </trkpt>
      <trkpt lat="38.239105" lon="127.253707">
        <ele>196.8</ele>
      </trkpt>
      <trkpt lat="38.239060" lon="127.253699">
        <ele>196.7</ele>
      </trkpt>
      <trkpt lat="38.239016" lon="127.253692">
        <ele>196.7</ele>
      </trkpt>
      <trkpt lat="38.238971" lon="127.253686">
        <ele>196.6</ele>
      </trkpt>
      <trkpt lat="38.238926" lon="127.253679">
        <ele>196.5</ele>
      </trkpt>
      <trkpt lat="38.238882" lon="127.253672">
        <ele>196.4</ele>
      </trkpt>
      <trkpt lat="38.238837" lon="127.253666">
        <ele>196.3</ele>
      </trkpt>
      <trkpt lat="38.238792" lon="127.253659">
        <ele>196.2</ele>
      </trkpt>
      <trkpt lat="38.238748" lon="127.253652">
        <ele>196.1</ele>
      </trkpt>
      <trkpt lat="38.238703" lon="127.253645">
        <ele>196.0</ele>
      </trkpt>
      <trkpt lat="38.238659" lon="127.253638">
        <ele>196.0</ele>
      </trkpt>
      <trkpt lat="38.238614" lon="127.253630">
        <ele>196.0</ele>
      </trkpt>
      <trkpt lat="38.238569" lon="127.253623">
        <ele>196.0</ele>
      </trkpt>
      <trkpt lat="38.238525" lon="127.253616">
        <ele>196.0</ele>
      </trkpt>
      <trkpt lat="38.238480" lon="127.253608">
        <ele>196.0</ele>
      </trkpt>
      <trkpt lat="38.238436" lon="127.253601">
        <ele>196.0</ele>
      </trkpt>
      <trkpt lat="38.238391" lon="127.253593">
        <ele>196.0</ele>
      </trkpt>
      <trkpt lat="38.238346" lon="127.253586">
        <ele>196.0</ele>
      </trkpt>
      <trkpt lat="38.238302" lon="127.253578">
        <ele>196.0</ele>
      </trkpt>
      <trkpt lat="38.238257" lon="127.253571">
        <ele>196.0</ele>
      </trkpt>
      <trkpt lat="38.238213" lon="127.253563">
        <ele>195.9</ele>
      </trkpt>
      <trkpt lat="38.238168" lon="127.253556">
        <ele>195.9</ele>
      </trkpt>
      <trkpt lat="38.238124" lon="127.253549">
        <ele>195.9</ele>
      </trkpt>
      <trkpt lat="38.238079" lon="127.253541">
        <ele>195.9</ele>
      </trkpt>
      <trkpt lat="38.238034" lon="127.253534">
        <ele>195.9</ele>
      </trkpt>
      <trkpt lat="38.237990" lon="127.253526">
        <ele>195.9</ele>
      </trkpt>
      <trkpt lat="38.237945" lon="127.253519">
        <ele>195.9</ele>
      </trkpt>
      <trkpt lat="38.237901" lon="127.253511">
        <ele>195.9</ele>
      </trkpt>
      <trkpt lat="38.237856" lon="127.253504">
        <ele>195.9</ele>
      </trkpt>
      <trkpt lat="38.237811" lon="127.253497">
        <ele>195.9</ele>
      </trkpt>
      <trkpt lat="38.237767" lon="127.253489">
        <ele>195.9</ele>
      </trkpt>
      <trkpt lat="38.237722" lon="127.253482">
        <ele>195.9</ele>
      </trkpt>
      <trkpt lat="38.237678" lon="127.253474">
        <ele>195.9</ele>
      </trkpt>
      <trkpt lat="38.237633" lon="127.253467">
        <ele>195.9</ele>
      </trkpt>
      <trkpt lat="38.237589" lon="127.253459">
        <ele>195.9</ele>
      </trkpt>
      <trkpt lat="38.237544" lon="127.253452">
        <ele>195.9</ele>
      </trkpt>
      <trkpt lat="38.237499" lon="127.253444">
        <ele>195.9</ele>
      </trkpt>
      <trkpt lat="38.237455" lon="127.253437">
        <ele>195.9</ele>
      </trkpt>
      <trkpt lat="38.237410" lon="127.253430">
        <ele>195.9</ele>
      </trkpt>
      <trkpt lat="38.237366" lon="127.253422">
        <ele>195.9</ele>
      </trkpt>
      <trkpt lat="38.237321" lon="127.253415">
        <ele>195.9</ele>
      </trkpt>
      <trkpt lat="38.237276" lon="127.253407">
        <ele>195.9</ele>
      </trkpt>
      <trkpt lat="38.237232" lon="127.253400">
        <ele>195.8</ele>
      </trkpt>
      <trkpt lat="38.237187" lon="127.253392">
        <ele>195.8</ele>
      </trkpt>
      <trkpt lat="38.237143" lon="127.253385">
        <ele>195.8</ele>
      </trkpt>
      <trkpt lat="38.237098" lon="127.253377">
        <ele>195.8</ele>
      </trkpt>
      <trkpt lat="38.237054" lon="127.253370">
        <ele>195.8</ele>
      </trkpt>
      <trkpt lat="38.237009" lon="127.253363">
        <ele>195.8</ele>
      </trkpt>
      <trkpt lat="38.236964" lon="127.253355">
        <ele>195.8</ele>
      </trkpt>
      <trkpt lat="38.236920" lon="127.253348">
        <ele>195.8</ele>
      </trkpt>
      <trkpt lat="38.236875" lon="127.253340">
        <ele>195.8</ele>
      </trkpt>
      <trkpt lat="38.236831" lon="127.253333">
        <ele>195.8</ele>
      </trkpt>
      <trkpt lat="38.236786" lon="127.253325">
        <ele>195.8</ele>
      </trkpt>
      <trkpt lat="38.236741" lon="127.253318">
        <ele>195.8</ele>
      </trkpt>
      <trkpt lat="38.236697" lon="127.253311">
        <ele>195.7</ele>
      </trkpt>
      <trkpt lat="38.236652" lon="127.253304">
        <ele>195.7</ele>
      </trkpt>
      <trkpt lat="38.236608" lon="127.253297">
        <ele>195.6</ele>
      </trkpt>
      <trkpt lat="38.236563" lon="127.253290">
        <ele>195.6</ele>
      </trkpt>
      <trkpt lat="38.236518" lon="127.253283">
        <ele>195.5</ele>
      </trkpt>
      <trkpt lat="38.236474" lon="127.253276">
        <ele>195.5</ele>
      </trkpt>
      <trkpt lat="38.236429" lon="127.253269">
        <ele>195.4</ele>
      </trkpt>
      <trkpt lat="38.236384" lon="127.253262">
        <ele>195.4</ele>
      </trkpt>
      <trkpt lat="38.236340" lon="127.253255">
        <ele>195.3</ele>
      </trkpt>
      <trkpt lat="38.236295" lon="127.253248">
        <ele>195.3</ele>
      </trkpt>
      <trkpt lat="38.236251" lon="127.253235">
        <ele>195.2</ele>
      </trkpt>
      <trkpt lat="38.236207" lon="127.253223">
        <ele>195.1</ele>
      </trkpt>
      <trkpt lat="38.236164" lon="127.253210">
        <ele>195.1</ele>
      </trkpt>
      <trkpt lat="38.236120" lon="127.253196">
        <ele>195.0</ele>
      </trkpt>
      <trkpt lat="38.236078" lon="127.253174">
        <ele>194.9</ele>
      </trkpt>
      <trkpt lat="38.236037" lon="127.253153">
        <ele>194.9</ele>
      </trkpt>
      <trkpt lat="38.235995" lon="127.253132">
        <ele>194.8</ele>
      </trkpt>
      <trkpt lat="38.235954" lon="127.253109">
        <ele>194.8</ele>
      </trkpt>
      <trkpt lat="38.235914" lon="127.253083">
        <ele>194.7</ele>
      </trkpt>
      <trkpt lat="38.235873" lon="127.253058">
        <ele>194.6</ele>
      </trkpt>
      <trkpt lat="38.235833" lon="127.253032">
        <ele>194.5</ele>
      </trkpt>
      <trkpt lat="38.235793" lon="127.253005">
        <ele>194.5</ele>
      </trkpt>
      <trkpt lat="38.235754" lon="127.252977">
        <ele>194.5</ele>
      </trkpt>
      <trkpt lat="38.235718" lon="127.252944">
        <ele>194.5</ele>
      </trkpt>
      <trkpt lat="38.235684" lon="127.252907">
        <ele>194.5</ele>
      </trkpt>
      <trkpt lat="38.235649" lon="127.252870">
        <ele>194.4</ele>
      </trkpt>
      <trkpt lat="38.235615" lon="127.252833">
        <ele>194.4</ele>
      </trkpt>
      <trkpt lat="38.235580" lon="127.252796">
        <ele>194.4</ele>
      </trkpt>
      <trkpt lat="38.235546" lon="127.252759">
        <ele>194.3</ele>
      </trkpt>
      <trkpt lat="38.235512" lon="127.252722">
        <ele>194.3</ele>
      </trkpt>
      <trkpt lat="38.235479" lon="127.252683">
        <ele>194.3</ele>
      </trkpt>
      <trkpt lat="38.235448" lon="127.252642">
        <ele>194.4</ele>
      </trkpt>
      <trkpt lat="38.235417" lon="127.252601">
        <ele>194.4</ele>
      </trkpt>
      <trkpt lat="38.235385" lon="127.252560">
        <ele>194.4</ele>
      </trkpt>
      <trkpt lat="38.235354" lon="127.252518">
        <ele>194.5</ele>
      </trkpt>
      <trkpt lat="38.235323" lon="127.252477">
        <ele>194.5</ele>
      </trkpt>
      <trkpt lat="38.235291" lon="127.252436">
        <ele>194.5</ele>
      </trkpt>
      <trkpt lat="38.235260" lon="127.252395">
        <ele>194.6</ele>
      </trkpt>
      <trkpt lat="38.235229" lon="127.252354">
        <ele>194.6</ele>
      </trkpt>
      <trkpt lat="38.235198" lon="127.252313">
        <ele>194.6</ele>
      </trkpt>
      <trkpt lat="38.235166" lon="127.252272">
        <ele>194.7</ele>
      </trkpt>
      <trkpt lat="38.235135" lon="127.252231">
        <ele>194.7</ele>
      </trkpt>
      <trkpt lat="38.235104" lon="127.252189">
        <ele>194.7</ele>
      </trkpt>
      <trkpt lat="38.235072" lon="127.252148">
        <ele>194.8</ele>
      </trkpt>
      <trkpt lat="38.235041" lon="127.252107">
        <ele>194.8</ele>
      </trkpt>
      <trkpt lat="38.235010" lon="127.252066">
        <ele>194.8</ele>
      </trkpt>
      <trkpt lat="38.234979" lon="127.252025">
        <ele>194.8</ele>
      </trkpt>
      <trkpt lat="38.234947" lon="127.251984">
        <ele>194.8</ele>
      </trkpt>
      <trkpt lat="38.234916" lon="127.251943">
        <ele>194.8</ele>
      </trkpt>
      <trkpt lat="38.234884" lon="127.251902">
        <ele>194.7</ele>
      </trkpt>
      <trkpt lat="38.234851" lon="127.251864">
        <ele>194.6</ele>
      </trkpt>
      <trkpt lat="38.234818" lon="127.251825">
        <ele>194.4</ele>
      </trkpt>
      <trkpt lat="38.234785" lon="127.251786">
        <ele>194.3</ele>
      </trkpt>
      <trkpt lat="38.234752" lon="127.251747">
        <ele>194.1</ele>
      </trkpt>
      <trkpt lat="38.234723" lon="127.251713">
        <ele>194.3</ele>
      </trkpt>
      <trkpt lat="38.234690" lon="127.251675">
        <ele>194.3</ele>
      </trkpt>
      <trkpt lat="38.234657" lon="127.251636">
        <ele>194.2</ele>
      </trkpt>
      <trkpt lat="38.234623" lon="127.251598">
        <ele>194.2</ele>
      </trkpt>
      <trkpt lat="38.234590" lon="127.251559">
        <ele>194.2</ele>
      </trkpt>
      <trkpt lat="38.234557" lon="127.251520">
        <ele>194.1</ele>
      </trkpt>
      <trkpt lat="38.234524" lon="127.251482">
        <ele>194.1</ele>
      </trkpt>
      <trkpt lat="38.234491" lon="127.251443">
        <ele>194.1</ele>
      </trkpt>
      <trkpt lat="38.234457" lon="127.251404">
        <ele>194.0</ele>
      </trkpt>
      <trkpt lat="38.234424" lon="127.251366">
        <ele>194.0</ele>
      </trkpt>
      <trkpt lat="38.234393" lon="127.251325">
        <ele>194.0</ele>
      </trkpt>
      <trkpt lat="38.234362" lon="127.251283">
        <ele>194.1</ele>
      </trkpt>
      <trkpt lat="38.234331" lon="127.251242">
        <ele>194.2</ele>
      </trkpt>
      <trkpt lat="38.234300" lon="127.251200">
        <ele>194.2</ele>
      </trkpt>
      <trkpt lat="38.234269" lon="127.251159">
        <ele>194.3</ele>
      </trkpt>
      <trkpt lat="38.234238" lon="127.251117">
        <ele>194.3</ele>
      </trkpt>
      <trkpt lat="38.234207" lon="127.251075">
        <ele>194.4</ele>
      </trkpt>
      <trkpt lat="38.234176" lon="127.251034">
        <ele>194.4</ele>
      </trkpt>
      <trkpt lat="38.234146" lon="127.250992">
        <ele>194.5</ele>
      </trkpt>
      <trkpt lat="38.234116" lon="127.250950">
        <ele>194.5</ele>
      </trkpt>
      <trkpt lat="38.234086" lon="127.250906">
        <ele>194.6</ele>
      </trkpt>
      <trkpt lat="38.234057" lon="127.250863">
        <ele>194.6</ele>
      </trkpt>
      <trkpt lat="38.234027" lon="127.250820">
        <ele>194.7</ele>
      </trkpt>
      <trkpt lat="38.233998" lon="127.250776">
        <ele>194.7</ele>
      </trkpt>
      <trkpt lat="38.233968" lon="127.250733">
        <ele>194.8</ele>
      </trkpt>
      <trkpt lat="38.233939" lon="127.250690">
        <ele>194.8</ele>
      </trkpt>
      <trkpt lat="38.233910" lon="127.250647">
        <ele>194.9</ele>
      </trkpt>
      <trkpt lat="38.233880" lon="127.250603">
        <ele>194.9</ele>
      </trkpt>
      <trkpt lat="38.233851" lon="127.250560">
        <ele>195.0</ele>
      </trkpt>
      <trkpt lat="38.233821" lon="127.250517">
        <ele>195.0</ele>
      </trkpt>
      <trkpt lat="38.233790" lon="127.250476">
        <ele>195.0</ele>
      </trkpt>
      <trkpt lat="38.233756" lon="127.250438">
        <ele>195.0</ele>
      </trkpt>
      <trkpt lat="38.233722" lon="127.250400">
        <ele>195.0</ele>
      </trkpt>
      <trkpt lat="38.233688" lon="127.250363">
        <ele>195.0</ele>
      </trkpt>
      <trkpt lat="38.233655" lon="127.250325">
        <ele>195.0</ele>
      </trkpt>
      <trkpt lat="38.233617" lon="127.250294">
        <ele>195.0</ele>
      </trkpt>
      <trkpt lat="38.233579" lon="127.250263">
        <ele>195.0</ele>
      </trkpt>
      <trkpt lat="38.233541" lon="127.250233">
        <ele>195.0</ele>
      </trkpt>
      <trkpt lat="38.233503" lon="127.250202">
        <ele>195.0</ele>
      </trkpt>
      <trkpt lat="38.233462" lon="127.250179">
        <ele>195.0</ele>
      </trkpt>
      <trkpt lat="38.233420" lon="127.250161">
        <ele>194.9</ele>
      </trkpt>
      <trkpt lat="38.233377" lon="127.250142">
        <ele>194.9</ele>
      </trkpt>
      <trkpt lat="38.233334" lon="127.250124">
        <ele>194.9</ele>
      </trkpt>
      <trkpt lat="38.233292" lon="127.250106">
        <ele>194.8</ele>
      </trkpt>
      <trkpt lat="38.233248" lon="127.250093">
        <ele>194.7</ele>
      </trkpt>
      <trkpt lat="38.233204" lon="127.250081">
        <ele>194.7</ele>
      </trkpt>
      <trkpt lat="38.233160" lon="127.250069">
        <ele>194.6</ele>
      </trkpt>
      <trkpt lat="38.233116" lon="127.250057">
        <ele>194.5</ele>
      </trkpt>
      <trkpt lat="38.233072" lon="127.250047">
        <ele>194.5</ele>
      </trkpt>
      <trkpt lat="38.233027" lon="127.250045">
        <ele>194.5</ele>
      </trkpt>
      <trkpt lat="38.232982" lon="127.250042">
        <ele>194.4</ele>
      </trkpt>
      <trkpt lat="38.232937" lon="127.250040">
        <ele>194.4</ele>
      </trkpt>
      <trkpt lat="38.232892" lon="127.250037">
        <ele>194.4</ele>
      </trkpt>
      <trkpt lat="38.232847" lon="127.250035">
        <ele>194.3</ele>
      </trkpt>
      <trkpt lat="38.232802" lon="127.250032">
        <ele>194.3</ele>
      </trkpt>
      <trkpt lat="38.232758" lon="127.250044">
        <ele>194.2</ele>
      </trkpt>
      <trkpt lat="38.232714" lon="127.250056">
        <ele>194.2</ele>
      </trkpt>
      <trkpt lat="38.232670" lon="127.250068">
        <ele>194.1</ele>
      </trkpt>
      <trkpt lat="38.232627" lon="127.250080">
        <ele>194.0</ele>
      </trkpt>
      <trkpt lat="38.232583" lon="127.250095">
        <ele>194.0</ele>
      </trkpt>
      <trkpt lat="38.232540" lon="127.250111">
        <ele>194.1</ele>
      </trkpt>
      <trkpt lat="38.232497" lon="127.250128">
        <ele>194.1</ele>
      </trkpt>
      <trkpt lat="38.232454" lon="127.250144">
        <ele>194.1</ele>
      </trkpt>
      <trkpt lat="38.232411" lon="127.250161">
        <ele>194.1</ele>
      </trkpt>
      <trkpt lat="38.232368" lon="127.250177">
        <ele>194.2</ele>
      </trkpt>
      <trkpt lat="38.232325" lon="127.250194">
        <ele>194.2</ele>
      </trkpt>
      <trkpt lat="38.232282" lon="127.250210">
        <ele>194.2</ele>
      </trkpt>
      <trkpt lat="38.232239" lon="127.250227">
        <ele>194.3</ele>
      </trkpt>
      <trkpt lat="38.232196" lon="127.250243">
        <ele>194.3</ele>
      </trkpt>
      <trkpt lat="38.232153" lon="127.250261">
        <ele>194.3</ele>
      </trkpt>
      <trkpt lat="38.232110" lon="127.250279">
        <ele>194.2</ele>
      </trkpt>
      <trkpt lat="38.232068" lon="127.250297">
        <ele>194.2</ele>
      </trkpt>
      <trkpt lat="38.232025" lon="127.250316">
        <ele>194.2</ele>
      </trkpt>
      <trkpt lat="38.231982" lon="127.250334">
        <ele>194.1</ele>
      </trkpt>
      <trkpt lat="38.231940" lon="127.250352">
        <ele>194.1</ele>
      </trkpt>
      <trkpt lat="38.231897" lon="127.250370">
        <ele>194.0</ele>
      </trkpt>
      <trkpt lat="38.231854" lon="127.250389">
        <ele>194.0</ele>
      </trkpt>
      <trkpt lat="38.231812" lon="127.250407">
        <ele>194.0</ele>
      </trkpt>
      <trkpt lat="38.231769" lon="127.250425">
        <ele>193.9</ele>
      </trkpt>
      <trkpt lat="38.231727" lon="127.250443">
        <ele>193.9</ele>
      </trkpt>
      <trkpt lat="38.231684" lon="127.250461">
        <ele>193.8</ele>
      </trkpt>
      <trkpt lat="38.231641" lon="127.250480">
        <ele>193.8</ele>
      </trkpt>
      <trkpt lat="38.231599" lon="127.250498">
        <ele>193.8</ele>
      </trkpt>
      <trkpt lat="38.231556" lon="127.250516">
        <ele>193.7</ele>
      </trkpt>
      <trkpt lat="38.231513" lon="127.250534">
        <ele>193.7</ele>
      </trkpt>
      <trkpt lat="38.231471" lon="127.250553">
        <ele>193.6</ele>
      </trkpt>
      <trkpt lat="38.231428" lon="127.250571">
        <ele>193.6</ele>
      </trkpt>
      <trkpt lat="38.231386" lon="127.250589">
        <ele>193.6</ele>
      </trkpt>
      <trkpt lat="38.231343" lon="127.250607">
        <ele>193.5</ele>
      </trkpt>
      <trkpt lat="38.231300" lon="127.250625">
        <ele>193.5</ele>
      </trkpt>
      <trkpt lat="38.231258" lon="127.250643">
        <ele>193.4</ele>
      </trkpt>
      <trkpt lat="38.231215" lon="127.250661">
        <ele>193.3</ele>
      </trkpt>
      <trkpt lat="38.231172" lon="127.250679">
        <ele>193.1</ele>
      </trkpt>
      <trkpt lat="38.231129" lon="127.250697">
        <ele>193.0</ele>
      </trkpt>
      <trkpt lat="38.231087" lon="127.250715">
        <ele>192.9</ele>
      </trkpt>
      <trkpt lat="38.231044" lon="127.250732">
        <ele>192.8</ele>
      </trkpt>
      <trkpt lat="38.231001" lon="127.250750">
        <ele>192.7</ele>
      </trkpt>
      <trkpt lat="38.230958" lon="127.250768">
        <ele>192.6</ele>
      </trkpt>
      <trkpt lat="38.230916" lon="127.250786">
        <ele>192.5</ele>
      </trkpt>
      <trkpt lat="38.230873" lon="127.250804">
        <ele>192.4</ele>
      </trkpt>
      <trkpt lat="38.230830" lon="127.250822">
        <ele>192.3</ele>
      </trkpt>
      <trkpt lat="38.230788" lon="127.250839">
        <ele>192.2</ele>
      </trkpt>
      <trkpt lat="38.230745" lon="127.250857">
        <ele>192.1</ele>
      </trkpt>
      <trkpt lat="38.230702" lon="127.250875">
        <ele>192.0</ele>
      </trkpt>
      <trkpt lat="38.230659" lon="127.250893">
        <ele>191.8</ele>
      </trkpt>
      <trkpt lat="38.230617" lon="127.250911">
        <ele>191.7</ele>
      </trkpt>
      <trkpt lat="38.230574" lon="127.250929">
        <ele>191.6</ele>
      </trkpt>
      <trkpt lat="38.230531" lon="127.250946">
        <ele>191.5</ele>
      </trkpt>
      <trkpt lat="38.230488" lon="127.250964">
        <ele>191.4</ele>
      </trkpt>
      <trkpt lat="38.230446" lon="127.250982">
        <ele>191.3</ele>
      </trkpt>
      <trkpt lat="38.230403" lon="127.251000">
        <ele>191.2</ele>
      </trkpt>
      <trkpt lat="38.230360" lon="127.251018">
        <ele>191.1</ele>
      </trkpt>
      <trkpt lat="38.230318" lon="127.251036">
        <ele>191.0</ele>
      </trkpt>
      <trkpt lat="38.230275" lon="127.251053">
        <ele>190.9</ele>
      </trkpt>
      <trkpt lat="38.230232" lon="127.251071">
        <ele>190.8</ele>
      </trkpt>
      <trkpt lat="38.230189" lon="127.251089">
        <ele>190.7</ele>
      </trkpt>
      <trkpt lat="38.230147" lon="127.251107">
        <ele>190.5</ele>
      </trkpt>
      <trkpt lat="38.230104" lon="127.251125">
        <ele>190.4</ele>
      </trkpt>
      <trkpt lat="38.230061" lon="127.251143">
        <ele>190.3</ele>
      </trkpt>
      <trkpt lat="38.230018" lon="127.251160">
        <ele>190.2</ele>
      </trkpt>
      <trkpt lat="38.229976" lon="127.251178">
        <ele>190.1</ele>
      </trkpt>
      <trkpt lat="38.229933" lon="127.251196">
        <ele>190.0</ele>
      </trkpt>
      <trkpt lat="38.229890" lon="127.251214">
        <ele>189.9</ele>
      </trkpt>
      <trkpt lat="38.229847" lon="127.251232">
        <ele>189.8</ele>
      </trkpt>
      <trkpt lat="38.229805" lon="127.251249">
        <ele>189.8</ele>
      </trkpt>
      <trkpt lat="38.229762" lon="127.251266">
        <ele>189.8</ele>
      </trkpt>
      <trkpt lat="38.229719" lon="127.251284">
        <ele>189.8</ele>
      </trkpt>
      <trkpt lat="38.229676" lon="127.251301">
        <ele>189.8</ele>
      </trkpt>
      <trkpt lat="38.229633" lon="127.251319">
        <ele>189.8</ele>
      </trkpt>
      <trkpt lat="38.229590" lon="127.251336">
        <ele>189.8</ele>
      </trkpt>
      <trkpt lat="38.229548" lon="127.251353">
        <ele>189.8</ele>
      </trkpt>
      <trkpt lat="38.229505" lon="127.251371">
        <ele>189.8</ele>
      </trkpt>
      <trkpt lat="38.229462" lon="127.251388">
        <ele>189.8</ele>
      </trkpt>
      <trkpt lat="38.229419" lon="127.251405">
        <ele>189.8</ele>
      </trkpt>
      <trkpt lat="38.229376" lon="127.251423">
        <ele>189.8</ele>
      </trkpt>
      <trkpt lat="38.229333" lon="127.251440">
        <ele>189.8</ele>
      </trkpt>
      <trkpt lat="38.229291" lon="127.251458">
        <ele>189.8</ele>
      </trkpt>
      <trkpt lat="38.229248" lon="127.251475">
        <ele>189.8</ele>
      </trkpt>
      <trkpt lat="38.229205" lon="127.251492">
        <ele>189.8</ele>
      </trkpt>
      <trkpt lat="38.229162" lon="127.251511">
        <ele>189.8</ele>
      </trkpt>
      <trkpt lat="38.229120" lon="127.251529">
        <ele>189.7</ele>
      </trkpt>
      <trkpt lat="38.229077" lon="127.251548">
        <ele>189.7</ele>
      </trkpt>
      <trkpt lat="38.229035" lon="127.251566">
        <ele>189.6</ele>
      </trkpt>
      <trkpt lat="38.228992" lon="127.251584">
        <ele>189.6</ele>
      </trkpt>
      <trkpt lat="38.228949" lon="127.251603">
        <ele>189.5</ele>
      </trkpt>
      <trkpt lat="38.228907" lon="127.251621">
        <ele>189.5</ele>
      </trkpt>
      <trkpt lat="38.228864" lon="127.251640">
        <ele>189.5</ele>
      </trkpt>
      <trkpt lat="38.228822" lon="127.251658">
        <ele>189.4</ele>
      </trkpt>
      <trkpt lat="38.228779" lon="127.251677">
        <ele>189.4</ele>
      </trkpt>
      <trkpt lat="38.228737" lon="127.251695">
        <ele>189.3</ele>
      </trkpt>
      <trkpt lat="38.228694" lon="127.251713">
        <ele>189.3</ele>
      </trkpt>
      <trkpt lat="38.228651" lon="127.251732">
        <ele>189.2</ele>
      </trkpt>
      <trkpt lat="38.228609" lon="127.251750">
        <ele>189.2</ele>
      </trkpt>
      <trkpt lat="38.228566" lon="127.251769">
        <ele>189.2</ele>
      </trkpt>
      <trkpt lat="38.228524" lon="127.251787">
        <ele>189.1</ele>
      </trkpt>
      <trkpt lat="38.228481" lon="127.251806">
        <ele>189.1</ele>
      </trkpt>
      <trkpt lat="38.228439" lon="127.251824">
        <ele>189.0</ele>
      </trkpt>
      <trkpt lat="38.228396" lon="127.251842">
        <ele>189.1</ele>
      </trkpt>
      <trkpt lat="38.228353" lon="127.251860">
        <ele>189.3</ele>
      </trkpt>
      <trkpt lat="38.228310" lon="127.251878">
        <ele>189.5</ele>
      </trkpt>
      <trkpt lat="38.228268" lon="127.251896">
        <ele>189.7</ele>
      </trkpt>
      <trkpt lat="38.228225" lon="127.251914">
        <ele>189.9</ele>
      </trkpt>
      <trkpt lat="38.228182" lon="127.251932">
        <ele>190.1</ele>
      </trkpt>
      <trkpt lat="38.228140" lon="127.251949">
        <ele>190.4</ele>
      </trkpt>
      <trkpt lat="38.228097" lon="127.251967">
        <ele>190.6</ele>
      </trkpt>
      <trkpt lat="38.228054" lon="127.251985">
        <ele>190.8</ele>
      </trkpt>
      <trkpt lat="38.228011" lon="127.252003">
        <ele>191.0</ele>
      </trkpt>
      <trkpt lat="38.227969" lon="127.252021">
        <ele>191.2</ele>
      </trkpt>
      <trkpt lat="38.227926" lon="127.252039">
        <ele>191.4</ele>
      </trkpt>
      <trkpt lat="38.227883" lon="127.252057">
        <ele>191.6</ele>
      </trkpt>
      <trkpt lat="38.227841" lon="127.252074">
        <ele>191.8</ele>
      </trkpt>
      <trkpt lat="38.227798" lon="127.252092">
        <ele>192.0</ele>
      </trkpt>
      <trkpt lat="38.227755" lon="127.252110">
        <ele>192.2</ele>
      </trkpt>
      <trkpt lat="38.227712" lon="127.252128">
        <ele>192.4</ele>
      </trkpt>
      <trkpt lat="38.227670" lon="127.252146">
        <ele>192.5</ele>
      </trkpt>
      <trkpt lat="38.227627" lon="127.252164">
        <ele>192.7</ele>
      </trkpt>
      <trkpt lat="38.227584" lon="127.252182">
        <ele>192.9</ele>
      </trkpt>
      <trkpt lat="38.227542" lon="127.252200">
        <ele>193.0</ele>
      </trkpt>
      <trkpt lat="38.227499" lon="127.252218">
        <ele>193.2</ele>
      </trkpt>
      <trkpt lat="38.227456" lon="127.252233">
        <ele>193.3</ele>
      </trkpt>
      <trkpt lat="38.227412" lon="127.252245">
        <ele>193.3</ele>
      </trkpt>
      <trkpt lat="38.227368" lon="127.252258">
        <ele>193.3</ele>
      </trkpt>
      <trkpt lat="38.227324" lon="127.252270">
        <ele>193.3</ele>
      </trkpt>
      <trkpt lat="38.227279" lon="127.252278">
        <ele>193.2</ele>
      </trkpt>
      <trkpt lat="38.227235" lon="127.252285">
        <ele>193.2</ele>
      </trkpt>
      <trkpt lat="38.227190" lon="127.252293">
        <ele>193.1</ele>
      </trkpt>
      <trkpt lat="38.227146" lon="127.252300">
        <ele>193.0</ele>
      </trkpt>
      <trkpt lat="38.227101" lon="127.252306">
        <ele>193.0</ele>
      </trkpt>
      <trkpt lat="38.227056" lon="127.252310">
        <ele>193.0</ele>
      </trkpt>
      <trkpt lat="38.227011" lon="127.252314">
        <ele>193.0</ele>
      </trkpt>
      <trkpt lat="38.226966" lon="127.252317">
        <ele>193.0</ele>
      </trkpt>
      <trkpt lat="38.226921" lon="127.252321">
        <ele>193.0</ele>
      </trkpt>
      <trkpt lat="38.226877" lon="127.252325">
        <ele>193.0</ele>
      </trkpt>
      <trkpt lat="38.226832" lon="127.252319">
        <ele>192.9</ele>
      </trkpt>
      <trkpt lat="38.226787" lon="127.252313">
        <ele>192.7</ele>
      </trkpt>
      <trkpt lat="38.226742" lon="127.252307">
        <ele>192.6</ele>
      </trkpt>
      <trkpt lat="38.226698" lon="127.252301">
        <ele>192.4</ele>
      </trkpt>
      <trkpt lat="38.226653" lon="127.252294">
        <ele>192.3</ele>
      </trkpt>
      <trkpt lat="38.226608" lon="127.252288">
        <ele>192.2</ele>
      </trkpt>
      <trkpt lat="38.226564" lon="127.252282">
        <ele>192.0</ele>
      </trkpt>
      <trkpt lat="38.226519" lon="127.252276">
        <ele>191.9</ele>
      </trkpt>
      <trkpt lat="38.226474" lon="127.252270">
        <ele>191.7</ele>
      </trkpt>
      <trkpt lat="38.226430" lon="127.252263">
        <ele>191.6</ele>
      </trkpt>
      <trkpt lat="38.226385" lon="127.252257">
        <ele>191.5</ele>
      </trkpt>
      <trkpt lat="38.226340" lon="127.252251">
        <ele>191.3</ele>
      </trkpt>
      <trkpt lat="38.226295" lon="127.252245">
        <ele>191.2</ele>
      </trkpt>
      <trkpt lat="38.226251" lon="127.252238">
        <ele>191.0</ele>
      </trkpt>
      <trkpt lat="38.226206" lon="127.252232">
        <ele>190.9</ele>
      </trkpt>
      <trkpt lat="38.226161" lon="127.252226">
        <ele>190.8</ele>
      </trkpt>
      <trkpt lat="38.226117" lon="127.252220">
        <ele>190.6</ele>
      </trkpt>
      <trkpt lat="38.226072" lon="127.252214">
        <ele>190.5</ele>
      </trkpt>
      <trkpt lat="38.226027" lon="127.252207">
        <ele>190.3</ele>
      </trkpt>
      <trkpt lat="38.225982" lon="127.252201">
        <ele>190.2</ele>
      </trkpt>
      <trkpt lat="38.225938" lon="127.252195">
        <ele>190.1</ele>
      </trkpt>
      <trkpt lat="38.225893" lon="127.252189">
        <ele>189.9</ele>
      </trkpt>
      <trkpt lat="38.225848" lon="127.252183">
        <ele>189.8</ele>
      </trkpt>
      <trkpt lat="38.225804" lon="127.252177">
        <ele>189.8</ele>
      </trkpt>
      <trkpt lat="38.225759" lon="127.252171">
        <ele>189.8</ele>
      </trkpt>
      <trkpt lat="38.225714" lon="127.252165">
        <ele>189.8</ele>
      </trkpt>
      <trkpt lat="38.225670" lon="127.252159">
        <ele>189.8</ele>
      </trkpt>
      <trkpt lat="38.225625" lon="127.252153">
        <ele>189.8</ele>
      </trkpt>
      <trkpt lat="38.225580" lon="127.252147">
        <ele>189.8</ele>
      </trkpt>
      <trkpt lat="38.225535" lon="127.252141">
        <ele>189.7</ele>
      </trkpt>
      <trkpt lat="38.225491" lon="127.252135">
        <ele>189.7</ele>
      </trkpt>
      <trkpt lat="38.225446" lon="127.252129">
        <ele>189.7</ele>
      </trkpt>
      <trkpt lat="38.225401" lon="127.252122">
        <ele>189.7</ele>
      </trkpt>
      <trkpt lat="38.225357" lon="127.252116">
        <ele>189.7</ele>
      </trkpt>
      <trkpt lat="38.225312" lon="127.252110">
        <ele>189.7</ele>
      </trkpt>
      <trkpt lat="38.225267" lon="127.252104">
        <ele>189.7</ele>
      </trkpt>
      <trkpt lat="38.225222" lon="127.252098">
        <ele>189.7</ele>
      </trkpt>
      <trkpt lat="38.225178" lon="127.252092">
        <ele>189.7</ele>
      </trkpt>
      <trkpt lat="38.225133" lon="127.252086">
        <ele>189.7</ele>
      </trkpt>
      <trkpt lat="38.225088" lon="127.252080">
        <ele>189.7</ele>
      </trkpt>
      <trkpt lat="38.225043" lon="127.252074">
        <ele>189.7</ele>
      </trkpt>
      <trkpt lat="38.224999" lon="127.252068">
        <ele>189.7</ele>
      </trkpt>
      <trkpt lat="38.224954" lon="127.252062">
        <ele>189.7</ele>
      </trkpt>
      <trkpt lat="38.224909" lon="127.252056">
        <ele>189.7</ele>
      </trkpt>
      <trkpt lat="38.224865" lon="127.252050">
        <ele>189.6</ele>
      </trkpt>
      <trkpt lat="38.224820" lon="127.252044">
        <ele>189.6</ele>
      </trkpt>
      <trkpt lat="38.224775" lon="127.252038">
        <ele>189.6</ele>
      </trkpt>
      <trkpt lat="38.224730" lon="127.252032">
        <ele>189.6</ele>
      </trkpt>
      <trkpt lat="38.224686" lon="127.252026">
        <ele>189.6</ele>
      </trkpt>
      <trkpt lat="38.224641" lon="127.252020">
        <ele>189.6</ele>
      </trkpt>
      <trkpt lat="38.224596" lon="127.252014">
        <ele>189.6</ele>
      </trkpt>
      <trkpt lat="38.224552" lon="127.252008">
        <ele>189.6</ele>
      </trkpt>
      <trkpt lat="38.224507" lon="127.252002">
        <ele>189.6</ele>
      </trkpt>
      <trkpt lat="38.224462" lon="127.251996">
        <ele>189.6</ele>
      </trkpt>
      <trkpt lat="38.224417" lon="127.251990">
        <ele>189.6</ele>
      </trkpt>
      <trkpt lat="38.224373" lon="127.251984">
        <ele>189.6</ele>
      </trkpt>
      <trkpt lat="38.224328" lon="127.251978">
        <ele>189.6</ele>
      </trkpt>
      <trkpt lat="38.224283" lon="127.251972">
        <ele>189.6</ele>
      </trkpt>
      <trkpt lat="38.224239" lon="127.251966">
        <ele>189.5</ele>
      </trkpt>
      <trkpt lat="38.224194" lon="127.251960">
        <ele>189.5</ele>
      </trkpt>
      <trkpt lat="38.224149" lon="127.251954">
        <ele>189.5</ele>
      </trkpt>
      <trkpt lat="38.224104" lon="127.251948">
        <ele>189.5</ele>
      </trkpt>
      <trkpt lat="38.224060" lon="127.251942">
        <ele>189.5</ele>
      </trkpt>
      <trkpt lat="38.224015" lon="127.251936">
        <ele>189.5</ele>
      </trkpt>
      <trkpt lat="38.223970" lon="127.251930">
        <ele>189.5</ele>
      </trkpt>
      <trkpt lat="38.223926" lon="127.251924">
        <ele>189.5</ele>
      </trkpt>
      <trkpt lat="38.223881" lon="127.251918">
        <ele>189.5</ele>
      </trkpt>
      <trkpt lat="38.223836" lon="127.251912">
        <ele>189.4</ele>
      </trkpt>
      <trkpt lat="38.223791" lon="127.251906">
        <ele>189.4</ele>
      </trkpt>
      <trkpt lat="38.223747" lon="127.251900">
        <ele>189.4</ele>
      </trkpt>
      <trkpt lat="38.223702" lon="127.251894">
        <ele>189.3</ele>
      </trkpt>
      <trkpt lat="38.223657" lon="127.251888">
        <ele>189.3</ele>
      </trkpt>
      <trkpt lat="38.223613" lon="127.251882">
        <ele>189.3</ele>
      </trkpt>
      <trkpt lat="38.223568" lon="127.251876">
        <ele>189.3</ele>
      </trkpt>
      <trkpt lat="38.223523" lon="127.251870">
        <ele>189.2</ele>
      </trkpt>
      <trkpt lat="38.223478" lon="127.251864">
        <ele>189.2</ele>
      </trkpt>
      <trkpt lat="38.223434" lon="127.251857">
        <ele>189.2</ele>
      </trkpt>
      <trkpt lat="38.223389" lon="127.251851">
        <ele>189.1</ele>
      </trkpt>
      <trkpt lat="38.223344" lon="127.251845">
        <ele>189.1</ele>
      </trkpt>
      <trkpt lat="38.223300" lon="127.251839">
        <ele>189.1</ele>
      </trkpt>
      <trkpt lat="38.223255" lon="127.251833">
        <ele>189.1</ele>
      </trkpt>
      <trkpt lat="38.223210" lon="127.251827">
        <ele>189.0</ele>
      </trkpt>
      <trkpt lat="38.223165" lon="127.251821">
        <ele>189.0</ele>
      </trkpt>
      <trkpt lat="38.223121" lon="127.251815">
        <ele>189.0</ele>
      </trkpt>
      <trkpt lat="38.223076" lon="127.251809">
        <ele>188.9</ele>
      </trkpt>
      <trkpt lat="38.223031" lon="127.251803">
        <ele>188.9</ele>
      </trkpt>
      <trkpt lat="38.222987" lon="127.251797">
        <ele>188.9</ele>
      </trkpt>
      <trkpt lat="38.222942" lon="127.251791">
        <ele>188.9</ele>
      </trkpt>
      <trkpt lat="38.222897" lon="127.251785">
        <ele>188.8</ele>
      </trkpt>
      <trkpt lat="38.222852" lon="127.251779">
        <ele>188.8</ele>
      </trkpt>
      <trkpt lat="38.222808" lon="127.251773">
        <ele>188.8</ele>
      </trkpt>
      <trkpt lat="38.222763" lon="127.251767">
        <ele>188.7</ele>
      </trkpt>
      <trkpt lat="38.222718" lon="127.251761">
        <ele>188.7</ele>
      </trkpt>
      <trkpt lat="38.222674" lon="127.251755">
        <ele>188.7</ele>
      </trkpt>
      <trkpt lat="38.222629" lon="127.251749">
        <ele>188.7</ele>
      </trkpt>
      <trkpt lat="38.222584" lon="127.251743">
        <ele>188.6</ele>
      </trkpt>
      <trkpt lat="38.222539" lon="127.251737">
        <ele>188.6</ele>
      </trkpt>
      <trkpt lat="38.222495" lon="127.251731">
        <ele>188.6</ele>
      </trkpt>
      <trkpt lat="38.222450" lon="127.251725">
        <ele>188.5</ele>
      </trkpt>
      <trkpt lat="38.222405" lon="127.251719">
        <ele>188.5</ele>
      </trkpt>
      <trkpt lat="38.222361" lon="127.251713">
        <ele>188.5</ele>
      </trkpt>
      <trkpt lat="38.222316" lon="127.251707">
        <ele>188.5</ele>
      </trkpt>
      <trkpt lat="38.222271" lon="127.251701">
        <ele>188.4</ele>
      </trkpt>
      <trkpt lat="38.222226" lon="127.251695">
        <ele>188.4</ele>
      </trkpt>
      <trkpt lat="38.222182" lon="127.251689">
        <ele>188.4</ele>
      </trkpt>
      <trkpt lat="38.222137" lon="127.251683">
        <ele>188.3</ele>
      </trkpt>
      <trkpt lat="38.222092" lon="127.251677">
        <ele>188.3</ele>
      </trkpt>
      <trkpt lat="38.222047" lon="127.251675">
        <ele>188.3</ele>
      </trkpt>
      <trkpt lat="38.222003" lon="127.251680">
        <ele>188.2</ele>
      </trkpt>
      <trkpt lat="38.221958" lon="127.251684">
        <ele>188.2</ele>
      </trkpt>
      <trkpt lat="38.221913" lon="127.251689">
        <ele>188.2</ele>
      </trkpt>
      <trkpt lat="38.221868" lon="127.251694">
        <ele>188.1</ele>
      </trkpt>
      <trkpt lat="38.221823" lon="127.251699">
        <ele>188.1</ele>
      </trkpt>
      <trkpt lat="38.221779" lon="127.251704">
        <ele>188.1</ele>
      </trkpt>
      <trkpt lat="38.221734" lon="127.251708">
        <ele>188.0</ele>
      </trkpt>
      <trkpt lat="38.221689" lon="127.251713">
        <ele>188.0</ele>
      </trkpt>
      <trkpt lat="38.221644" lon="127.251720">
        <ele>188.0</ele>
      </trkpt>
      <trkpt lat="38.221600" lon="127.251726">
        <ele>187.9</ele>
      </trkpt>
      <trkpt lat="38.221555" lon="127.251732">
        <ele>187.9</ele>
      </trkpt>
      <trkpt lat="38.221510" lon="127.251738">
        <ele>187.9</ele>
      </trkpt>
      <trkpt lat="38.221465" lon="127.251744">
        <ele>187.8</ele>
      </trkpt>
      <trkpt lat="38.221421" lon="127.251750">
        <ele>187.8</ele>
      </trkpt>
      <trkpt lat="38.221376" lon="127.251756">
        <ele>187.8</ele>
      </trkpt>
      <trkpt lat="38.221331" lon="127.251762">
        <ele>187.8</ele>
      </trkpt>
      <trkpt lat="38.221287" lon="127.251768">
        <ele>187.7</ele>
      </trkpt>
      <trkpt lat="38.221242" lon="127.251775">
        <ele>187.7</ele>
      </trkpt>
      <trkpt lat="38.221197" lon="127.251781">
        <ele>187.7</ele>
      </trkpt>
      <trkpt lat="38.221152" lon="127.251787">
        <ele>187.6</ele>
      </trkpt>
      <trkpt lat="38.221108" lon="127.251793">
        <ele>187.6</ele>
      </trkpt>
      <trkpt lat="38.221063" lon="127.251799">
        <ele>187.6</ele>
      </trkpt>
      <trkpt lat="38.221018" lon="127.251805">
        <ele>187.6</ele>
      </trkpt>
      <trkpt lat="38.220974" lon="127.251811">
        <ele>187.5</ele>
      </trkpt>
      <trkpt lat="38.220929" lon="127.251817">
        <ele>187.5</ele>
      </trkpt>
      <trkpt lat="38.220884" lon="127.251823">
        <ele>187.5</ele>
      </trkpt>
      <trkpt lat="38.220840" lon="127.251829">
        <ele>187.4</ele>
      </trkpt>
      <trkpt lat="38.220795" lon="127.251836">
        <ele>187.4</ele>
      </trkpt>
      <trkpt lat="38.220750" lon="127.251842">
        <ele>187.4</ele>
      </trkpt>
      <trkpt lat="38.220705" lon="127.251848">
        <ele>187.3</ele>
      </trkpt>
      <trkpt lat="38.220661" lon="127.251854">
        <ele>187.3</ele>
      </trkpt>
      <trkpt lat="38.220616" lon="127.251860">
        <ele>187.3</ele>
      </trkpt>
      <trkpt lat="38.220571" lon="127.251866">
        <ele>187.2</ele>
      </trkpt>
      <trkpt lat="38.220527" lon="127.251872">
        <ele>187.2</ele>
      </trkpt>
      <trkpt lat="38.220482" lon="127.251877">
        <ele>187.1</ele>
      </trkpt>
      <trkpt lat="38.220437" lon="127.251883">
        <ele>187.0</ele>
      </trkpt>
      <trkpt lat="38.220392" lon="127.251889">
        <ele>187.0</ele>
      </trkpt>
      <trkpt lat="38.220348" lon="127.251895">
        <ele>186.9</ele>
      </trkpt>
      <trkpt lat="38.220303" lon="127.251901">
        <ele>186.8</ele>
      </trkpt>
      <trkpt lat="38.220258" lon="127.251907">
        <ele>186.8</ele>
      </trkpt>
      <trkpt lat="38.220213" lon="127.251913">
        <ele>186.7</ele>
      </trkpt>
      <trkpt lat="38.220169" lon="127.251918">
        <ele>186.7</ele>
      </trkpt>
      <trkpt lat="38.220124" lon="127.251924">
        <ele>186.6</ele>
      </trkpt>
      <trkpt lat="38.220079" lon="127.251930">
        <ele>186.5</ele>
      </trkpt>
      <trkpt lat="38.220034" lon="127.251936">
        <ele>186.5</ele>
      </trkpt>
      <trkpt lat="38.219990" lon="127.251942">
        <ele>186.5</ele>
      </trkpt>
      <trkpt lat="38.219945" lon="127.251948">
        <ele>186.5</ele>
      </trkpt>
      <trkpt lat="38.219900" lon="127.251954">
        <ele>186.4</ele>
      </trkpt>
      <trkpt lat="38.219856" lon="127.251960">
        <ele>186.4</ele>
      </trkpt>
      <trkpt lat="38.219811" lon="127.251966">
        <ele>186.4</ele>
      </trkpt>
      <trkpt lat="38.219766" lon="127.251972">
        <ele>186.4</ele>
      </trkpt>
      <trkpt lat="38.219721" lon="127.251978">
        <ele>186.4</ele>
      </trkpt>
      <trkpt lat="38.219677" lon="127.251983">
        <ele>186.4</ele>
      </trkpt>
      <trkpt lat="38.219632" lon="127.251989">
        <ele>186.4</ele>
      </trkpt>
      <trkpt lat="38.219587" lon="127.251995">
        <ele>186.3</ele>
      </trkpt>
      <trkpt lat="38.219543" lon="127.252001">
        <ele>186.3</ele>
      </trkpt>
      <trkpt lat="38.219498" lon="127.252007">
        <ele>186.3</ele>
      </trkpt>
      <trkpt lat="38.219453" lon="127.252013">
        <ele>186.3</ele>
      </trkpt>
      <trkpt lat="38.219408" lon="127.252019">
        <ele>186.3</ele>
      </trkpt>
      <trkpt lat="38.219364" lon="127.252025">
        <ele>186.3</ele>
      </trkpt>
      <trkpt lat="38.219319" lon="127.252031">
        <ele>186.2</ele>
      </trkpt>
      <trkpt lat="38.219274" lon="127.252037">
        <ele>186.2</ele>
      </trkpt>
      <trkpt lat="38.219229" lon="127.252043">
        <ele>186.2</ele>
      </trkpt>
      <trkpt lat="38.219185" lon="127.252049">
        <ele>186.2</ele>
      </trkpt>
      <trkpt lat="38.219140" lon="127.252055">
        <ele>186.2</ele>
      </trkpt>
      <trkpt lat="38.219095" lon="127.252060">
        <ele>186.2</ele>
      </trkpt>
      <trkpt lat="38.219051" lon="127.252066">
        <ele>186.2</ele>
      </trkpt>
      <trkpt lat="38.219006" lon="127.252072">
        <ele>186.1</ele>
      </trkpt>
      <trkpt lat="38.218961" lon="127.252078">
        <ele>186.1</ele>
      </trkpt>
      <trkpt lat="38.218916" lon="127.252084">
        <ele>186.1</ele>
      </trkpt>
      <trkpt lat="38.218872" lon="127.252090">
        <ele>186.1</ele>
      </trkpt>
      <trkpt lat="38.218827" lon="127.252096">
        <ele>186.1</ele>
      </trkpt>
      <trkpt lat="38.218782" lon="127.252102">
        <ele>186.1</ele>
      </trkpt>
      <trkpt lat="38.218737" lon="127.252108">
        <ele>186.0</ele>
      </trkpt>
      <trkpt lat="38.218693" lon="127.252114">
        <ele>186.0</ele>
      </trkpt>
      <trkpt lat="38.218648" lon="127.252120">
        <ele>186.0</ele>
      </trkpt>
      <trkpt lat="38.218603" lon="127.252126">
        <ele>186.0</ele>
      </trkpt>
      <trkpt lat="38.218559" lon="127.252132">
        <ele>185.9</ele>
      </trkpt>
      <trkpt lat="38.218514" lon="127.252139">
        <ele>185.8</ele>
      </trkpt>
      <trkpt lat="38.218469" lon="127.252145">
        <ele>185.7</ele>
      </trkpt>
      <trkpt lat="38.218425" lon="127.252152">
        <ele>185.6</ele>
      </trkpt>
      <trkpt lat="38.218380" lon="127.252158">
        <ele>185.5</ele>
      </trkpt>
      <trkpt lat="38.218335" lon="127.252165">
        <ele>185.4</ele>
      </trkpt>
      <trkpt lat="38.218291" lon="127.252172">
        <ele>185.3</ele>
      </trkpt>
      <trkpt lat="38.218246" lon="127.252178">
        <ele>185.2</ele>
      </trkpt>
      <trkpt lat="38.218201" lon="127.252185">
        <ele>185.1</ele>
      </trkpt>
      <trkpt lat="38.218157" lon="127.252191">
        <ele>185.0</ele>
      </trkpt>
      <trkpt lat="38.218112" lon="127.252198">
        <ele>185.0</ele>
      </trkpt>
      <trkpt lat="38.218067" lon="127.252204">
        <ele>184.9</ele>
      </trkpt>
      <trkpt lat="38.218023" lon="127.252211">
        <ele>184.9</ele>
      </trkpt>
      <trkpt lat="38.217978" lon="127.252217">
        <ele>184.9</ele>
      </trkpt>
      <trkpt lat="38.217933" lon="127.252224">
        <ele>184.9</ele>
      </trkpt>
      <trkpt lat="38.217889" lon="127.252230">
        <ele>184.8</ele>
      </trkpt>
      <trkpt lat="38.217844" lon="127.252237">
        <ele>184.8</ele>
      </trkpt>
      <trkpt lat="38.217799" lon="127.252243">
        <ele>184.8</ele>
      </trkpt>
      <trkpt lat="38.217755" lon="127.252250">
        <ele>184.7</ele>
      </trkpt>
      <trkpt lat="38.217710" lon="127.252257">
        <ele>184.7</ele>
      </trkpt>
      <trkpt lat="38.217665" lon="127.252263">
        <ele>184.7</ele>
      </trkpt>
      <trkpt lat="38.217621" lon="127.252270">
        <ele>184.7</ele>
      </trkpt>
      <trkpt lat="38.217576" lon="127.252276">
        <ele>184.6</ele>
      </trkpt>
      <trkpt lat="38.217531" lon="127.252283">
        <ele>184.6</ele>
      </trkpt>
      <trkpt lat="38.217487" lon="127.252289">
        <ele>184.6</ele>
      </trkpt>
      <trkpt lat="38.217442" lon="127.252296">
        <ele>184.5</ele>
      </trkpt>
      <trkpt lat="38.217397" lon="127.252302">
        <ele>184.5</ele>
      </trkpt>
      <trkpt lat="38.217353" lon="127.252309">
        <ele>184.5</ele>
      </trkpt>
      <trkpt lat="38.217308" lon="127.252315">
        <ele>184.4</ele>
      </trkpt>
      <trkpt lat="38.217263" lon="127.252322">
        <ele>184.4</ele>
      </trkpt>
      <trkpt lat="38.217218" lon="127.252328">
        <ele>184.4</ele>
      </trkpt>
      <trkpt lat="38.217174" lon="127.252335">
        <ele>184.4</ele>
      </trkpt>
      <trkpt lat="38.217129" lon="127.252341">
        <ele>184.3</ele>
      </trkpt>
      <trkpt lat="38.217084" lon="127.252348">
        <ele>184.3</ele>
      </trkpt>
      <trkpt lat="38.217040" lon="127.252355">
        <ele>184.3</ele>
      </trkpt>
      <trkpt lat="38.216995" lon="127.252361">
        <ele>184.2</ele>
      </trkpt>
      <trkpt lat="38.216950" lon="127.252368">
        <ele>184.2</ele>
      </trkpt>
      <trkpt lat="38.216906" lon="127.252374">
        <ele>184.2</ele>
      </trkpt>
      <trkpt lat="38.216861" lon="127.252381">
        <ele>184.2</ele>
      </trkpt>
      <trkpt lat="38.216816" lon="127.252387">
        <ele>184.1</ele>
      </trkpt>
      <trkpt lat="38.216772" lon="127.252394">
        <ele>184.1</ele>
      </trkpt>
      <trkpt lat="38.216727" lon="127.252400">
        <ele>184.1</ele>
      </trkpt>
      <trkpt lat="38.216682" lon="127.252407">
        <ele>184.0</ele>
      </trkpt>
      <trkpt lat="38.216638" lon="127.252413">
        <ele>184.0</ele>
      </trkpt>
      <trkpt lat="38.216593" lon="127.252413">
        <ele>184.1</ele>
      </trkpt>
      <trkpt lat="38.216548" lon="127.252412">
        <ele>184.1</ele>
      </trkpt>
      <trkpt lat="38.216503" lon="127.252412">
        <ele>184.2</ele>
      </trkpt>
      <trkpt lat="38.216458" lon="127.252411">
        <ele>184.2</ele>
      </trkpt>
      <trkpt lat="38.216413" lon="127.252408">
        <ele>184.3</ele>
      </trkpt>
      <trkpt lat="38.216370" lon="127.252394">
        <ele>184.3</ele>
      </trkpt>
      <trkpt lat="38.216326" lon="127.252380">
        <ele>184.4</ele>
      </trkpt>
      <trkpt lat="38.216282" lon="127.252366">
        <ele>184.4</ele>
      </trkpt>
      <trkpt lat="38.216239" lon="127.252352">
        <ele>184.5</ele>
      </trkpt>
      <trkpt lat="38.216196" lon="127.252336">
        <ele>184.5</ele>
      </trkpt>
      <trkpt lat="38.216154" lon="127.252314">
        <ele>184.6</ele>
      </trkpt>
      <trkpt lat="38.216113" lon="127.252291">
        <ele>184.6</ele>
      </trkpt>
      <trkpt lat="38.216072" lon="127.252269">
        <ele>184.7</ele>
      </trkpt>
      <trkpt lat="38.216030" lon="127.252246">
        <ele>184.8</ele>
      </trkpt>
      <trkpt lat="38.215991" lon="127.252219">
        <ele>184.8</ele>
      </trkpt>
      <trkpt lat="38.215953" lon="127.252188">
        <ele>184.9</ele>
      </trkpt>
      <trkpt lat="38.215915" lon="127.252158">
        <ele>184.9</ele>
      </trkpt>
      <trkpt lat="38.215877" lon="127.252127">
        <ele>184.9</ele>
      </trkpt>
      <trkpt lat="38.215839" lon="127.252097">
        <ele>185.0</ele>
      </trkpt>
      <trkpt lat="38.215802" lon="127.252063">
        <ele>185.0</ele>
      </trkpt>
      <trkpt lat="38.215768" lon="127.252027">
        <ele>185.0</ele>
      </trkpt>
      <trkpt lat="38.215733" lon="127.251990">
        <ele>185.0</ele>
      </trkpt>
      <trkpt lat="38.215699" lon="127.251953">
        <ele>185.0</ele>
      </trkpt>
      <trkpt lat="38.215664" lon="127.251917">
        <ele>185.0</ele>
      </trkpt>
      <trkpt lat="38.215630" lon="127.251880">
        <ele>185.0</ele>
      </trkpt>
      <trkpt lat="38.215597" lon="127.251840">
        <ele>185.0</ele>
      </trkpt>
      <trkpt lat="38.215566" lon="127.251800">
        <ele>185.0</ele>
      </trkpt>
      <trkpt lat="38.215534" lon="127.251759">
        <ele>184.9</ele>
      </trkpt>
      <trkpt lat="38.215502" lon="127.251718">
        <ele>184.9</ele>
      </trkpt>
      <trkpt lat="38.215471" lon="127.251678">
        <ele>184.9</ele>
      </trkpt>
      <trkpt lat="38.215439" lon="127.251637">
        <ele>184.9</ele>
      </trkpt>
      <trkpt lat="38.215408" lon="127.251596">
        <ele>184.9</ele>
      </trkpt>
      <trkpt lat="38.215376" lon="127.251556">
        <ele>184.8</ele>
      </trkpt>
      <trkpt lat="38.215344" lon="127.251515">
        <ele>184.8</ele>
      </trkpt>
      <trkpt lat="38.215313" lon="127.251474">
        <ele>184.8</ele>
      </trkpt>
      <trkpt lat="38.215281" lon="127.251433">
        <ele>184.8</ele>
      </trkpt>
      <trkpt lat="38.215249" lon="127.251393">
        <ele>184.8</ele>
      </trkpt>
      <trkpt lat="38.215218" lon="127.251352">
        <ele>184.7</ele>
      </trkpt>
      <trkpt lat="38.215186" lon="127.251311">
        <ele>184.7</ele>
      </trkpt>
      <trkpt lat="38.215155" lon="127.251271">
        <ele>184.7</ele>
      </trkpt>
      <trkpt lat="38.215123" lon="127.251230">
        <ele>184.7</ele>
      </trkpt>
      <trkpt lat="38.215091" lon="127.251189">
        <ele>184.7</ele>
      </trkpt>
      <trkpt lat="38.215060" lon="127.251149">
        <ele>184.6</ele>
      </trkpt>
      <trkpt lat="38.215028" lon="127.251108">
        <ele>184.6</ele>
      </trkpt>
      <trkpt lat="38.214996" lon="127.251067">
        <ele>184.6</ele>
      </trkpt>
      <trkpt lat="38.214965" lon="127.251027">
        <ele>184.6</ele>
      </trkpt>
      <trkpt lat="38.214933" lon="127.250986">
        <ele>184.6</ele>
      </trkpt>
      <trkpt lat="38.214902" lon="127.250945">
        <ele>184.5</ele>
      </trkpt>
      <trkpt lat="38.214870" lon="127.250905">
        <ele>184.5</ele>
      </trkpt>
      <trkpt lat="38.214838" lon="127.250864">
        <ele>184.5</ele>
      </trkpt>
      <trkpt lat="38.214807" lon="127.250823">
        <ele>184.5</ele>
      </trkpt>
      <trkpt lat="38.214775" lon="127.250783">
        <ele>184.5</ele>
      </trkpt>
      <trkpt lat="38.214743" lon="127.250742">
        <ele>184.4</ele>
      </trkpt>
      <trkpt lat="38.214712" lon="127.250701">
        <ele>184.4</ele>
      </trkpt>
      <trkpt lat="38.214680" lon="127.250661">
        <ele>184.4</ele>
      </trkpt>
      <trkpt lat="38.214649" lon="127.250620">
        <ele>184.4</ele>
      </trkpt>
      <trkpt lat="38.214617" lon="127.250579">
        <ele>184.4</ele>
      </trkpt>
      <trkpt lat="38.214585" lon="127.250539">
        <ele>184.3</ele>
      </trkpt>
      <trkpt lat="38.214554" lon="127.250498">
        <ele>184.3</ele>
      </trkpt>
      <trkpt lat="38.214522" lon="127.250457">
        <ele>184.3</ele>
      </trkpt>
      <trkpt lat="38.214490" lon="127.250417">
        <ele>184.3</ele>
      </trkpt>
      <trkpt lat="38.214458" lon="127.250377">
        <ele>184.3</ele>
      </trkpt>
      <trkpt lat="38.214426" lon="127.250337">
        <ele>184.2</ele>
      </trkpt>
      <trkpt lat="38.214393" lon="127.250297">
        <ele>184.2</ele>
      </trkpt>
      <trkpt lat="38.214361" lon="127.250257">
        <ele>184.2</ele>
      </trkpt>
      <trkpt lat="38.214329" lon="127.250217">
        <ele>184.2</ele>
      </trkpt>
      <trkpt lat="38.214297" lon="127.250177">
        <ele>184.1</ele>
      </trkpt>
      <trkpt lat="38.214265" lon="127.250137">
        <ele>184.1</ele>
      </trkpt>
      <trkpt lat="38.214233" lon="127.250097">
        <ele>184.1</ele>
      </trkpt>
      <trkpt lat="38.214201" lon="127.250057">
        <ele>184.1</ele>
      </trkpt>
      <trkpt lat="38.214169" lon="127.250017">
        <ele>184.1</ele>
      </trkpt>
      <trkpt lat="38.214137" lon="127.249977">
        <ele>184.0</ele>
      </trkpt>
      <trkpt lat="38.214104" lon="127.249936">
        <ele>184.0</ele>
      </trkpt>
      <trkpt lat="38.214072" lon="127.249896">
        <ele>184.0</ele>
      </trkpt>
      <trkpt lat="38.214040" lon="127.249856">
        <ele>184.0</ele>
      </trkpt>
      <trkpt lat="38.214008" lon="127.249816">
        <ele>184.0</ele>
      </trkpt>
      <trkpt lat="38.213976" lon="127.249776">
        <ele>183.9</ele>
      </trkpt>
      <trkpt lat="38.213944" lon="127.249736">
        <ele>183.9</ele>
      </trkpt>
      <trkpt lat="38.213912" lon="127.249696">
        <ele>183.9</ele>
      </trkpt>
      <trkpt lat="38.213880" lon="127.249656">
        <ele>183.9</ele>
      </trkpt>
      <trkpt lat="38.213848" lon="127.249616">
        <ele>183.9</ele>
      </trkpt>
      <trkpt lat="38.213815" lon="127.249576">
        <ele>183.8</ele>
      </trkpt>
      <trkpt lat="38.213783" lon="127.249536">
        <ele>183.8</ele>
      </trkpt>
      <trkpt lat="38.213751" lon="127.249496">
        <ele>183.8</ele>
      </trkpt>
      <trkpt lat="38.213719" lon="127.249456">
        <ele>183.8</ele>
      </trkpt>
      <trkpt lat="38.213687" lon="127.249416">
        <ele>183.8</ele>
      </trkpt>
      <trkpt lat="38.213655" lon="127.249376">
        <ele>183.7</ele>
      </trkpt>
      <trkpt lat="38.213623" lon="127.249336">
        <ele>183.7</ele>
      </trkpt>
      <trkpt lat="38.213591" lon="127.249295">
        <ele>183.7</ele>
      </trkpt>
      <trkpt lat="38.213559" lon="127.249255">
        <ele>183.7</ele>
      </trkpt>
      <trkpt lat="38.213526" lon="127.249215">
        <ele>183.7</ele>
      </trkpt>
      <trkpt lat="38.213494" lon="127.249175">
        <ele>183.6</ele>
      </trkpt>
      <trkpt lat="38.213462" lon="127.249135">
        <ele>183.6</ele>
      </trkpt>
      <trkpt lat="38.213430" lon="127.249095">
        <ele>183.6</ele>
      </trkpt>
      <trkpt lat="38.213398" lon="127.249055">
        <ele>183.6</ele>
      </trkpt>
      <trkpt lat="38.213366" lon="127.249015">
        <ele>183.5</ele>
      </trkpt>
      <trkpt lat="38.213334" lon="127.248975">
        <ele>183.5</ele>
      </trkpt>
      <trkpt lat="38.213302" lon="127.248935">
        <ele>183.5</ele>
      </trkpt>
      <trkpt lat="38.213270" lon="127.248895">
        <ele>183.5</ele>
      </trkpt>
      <trkpt lat="38.213238" lon="127.248854">
        <ele>183.6</ele>
      </trkpt>
      <trkpt lat="38.213206" lon="127.248814">
        <ele>183.6</ele>
      </trkpt>
      <trkpt lat="38.213174" lon="127.248774">
        <ele>183.6</ele>
      </trkpt>
      <trkpt lat="38.213142" lon="127.248733">
        <ele>183.7</ele>
      </trkpt>
      <trkpt lat="38.213110" lon="127.248693">
        <ele>183.7</ele>
      </trkpt>
      <trkpt lat="38.213078" lon="127.248652">
        <ele>183.8</ele>
      </trkpt>
      <trkpt lat="38.213047" lon="127.248612">
        <ele>183.8</ele>
      </trkpt>
      <trkpt lat="38.213015" lon="127.248572">
        <ele>183.8</ele>
      </trkpt>
      <trkpt lat="38.212983" lon="127.248531">
        <ele>183.9</ele>
      </trkpt>
      <trkpt lat="38.212951" lon="127.248491">
        <ele>183.9</ele>
      </trkpt>
      <trkpt lat="38.212919" lon="127.248451">
        <ele>184.0</ele>
      </trkpt>
      <trkpt lat="38.212887" lon="127.248410">
        <ele>184.0</ele>
      </trkpt>
      <trkpt lat="38.212855" lon="127.248370">
        <ele>184.0</ele>
      </trkpt>
      <trkpt lat="38.212823" lon="127.248330">
        <ele>184.1</ele>
      </trkpt>
      <trkpt lat="38.212791" lon="127.248289">
        <ele>184.1</ele>
      </trkpt>
      <trkpt lat="38.212760" lon="127.248249">
        <ele>184.2</ele>
      </trkpt>
      <trkpt lat="38.212728" lon="127.248209">
        <ele>184.2</ele>
      </trkpt>
      <trkpt lat="38.212696" lon="127.248168">
        <ele>184.2</ele>
      </trkpt>
      <trkpt lat="38.212664" lon="127.248128">
        <ele>184.3</ele>
      </trkpt>
      <trkpt lat="38.212632" lon="127.248088">
        <ele>184.3</ele>
      </trkpt>
      <trkpt lat="38.212600" lon="127.248047">
        <ele>184.3</ele>
      </trkpt>
      <trkpt lat="38.212568" lon="127.248007">
        <ele>184.3</ele>
      </trkpt>
      <trkpt lat="38.212536" lon="127.247967">
        <ele>184.3</ele>
      </trkpt>
      <trkpt lat="38.212504" lon="127.247927">
        <ele>184.3</ele>
      </trkpt>
      <trkpt lat="38.212472" lon="127.247886">
        <ele>184.4</ele>
      </trkpt>
      <trkpt lat="38.212440" lon="127.247846">
        <ele>184.4</ele>
      </trkpt>
      <trkpt lat="38.212408" lon="127.247806">
        <ele>184.4</ele>
      </trkpt>
      <trkpt lat="38.212376" lon="127.247766">
        <ele>184.4</ele>
      </trkpt>
      <trkpt lat="38.212344" lon="127.247726">
        <ele>184.4</ele>
      </trkpt>
      <trkpt lat="38.212312" lon="127.247685">
        <ele>184.4</ele>
      </trkpt>
      <trkpt lat="38.212280" lon="127.247645">
        <ele>184.4</ele>
      </trkpt>
      <trkpt lat="38.212248" lon="127.247605">
        <ele>184.4</ele>
      </trkpt>
      <trkpt lat="38.212216" lon="127.247565">
        <ele>184.4</ele>
      </trkpt>
      <trkpt lat="38.212184" lon="127.247524">
        <ele>184.5</ele>
      </trkpt>
      <trkpt lat="38.212152" lon="127.247484">
        <ele>184.5</ele>
      </trkpt>
      <trkpt lat="38.212120" lon="127.247444">
        <ele>184.5</ele>
      </trkpt>
      <trkpt lat="38.212088" lon="127.247404">
        <ele>184.5</ele>
      </trkpt>
      <trkpt lat="38.212056" lon="127.247363">
        <ele>184.5</ele>
      </trkpt>
      <trkpt lat="38.212024" lon="127.247323">
        <ele>184.5</ele>
      </trkpt>
      <trkpt lat="38.211992" lon="127.247283">
        <ele>184.5</ele>
      </trkpt>
      <trkpt lat="38.211960" lon="127.247243">
        <ele>184.5</ele>
      </trkpt>
      <trkpt lat="38.211928" lon="127.247202">
        <ele>184.5</ele>
      </trkpt>
      <trkpt lat="38.211896" lon="127.247162">
        <ele>184.5</ele>
      </trkpt>
      <trkpt lat="38.211865" lon="127.247122">
        <ele>184.6</ele>
      </trkpt>
      <trkpt lat="38.211833" lon="127.247082">
        <ele>184.6</ele>
      </trkpt>
      <trkpt lat="38.211801" lon="127.247042">
        <ele>184.6</ele>
      </trkpt>
      <trkpt lat="38.211769" lon="127.247001">
        <ele>184.6</ele>
      </trkpt>
      <trkpt lat="38.211737" lon="127.246961">
        <ele>184.6</ele>
      </trkpt>
      <trkpt lat="38.211705" lon="127.246921">
        <ele>184.6</ele>
      </trkpt>
      <trkpt lat="38.211673" lon="127.246881">
        <ele>184.6</ele>
      </trkpt>
      <trkpt lat="38.211641" lon="127.246840">
        <ele>184.6</ele>
      </trkpt>
      <trkpt lat="38.211609" lon="127.246800">
        <ele>184.6</ele>
      </trkpt>
      <trkpt lat="38.211577" lon="127.246760">
        <ele>184.7</ele>
      </trkpt>
      <trkpt lat="38.211545" lon="127.246720">
        <ele>184.7</ele>
      </trkpt>
      <trkpt lat="38.211513" lon="127.246679">
        <ele>184.7</ele>
      </trkpt>
      <trkpt lat="38.211481" lon="127.246639">
        <ele>184.7</ele>
      </trkpt>
      <trkpt lat="38.211449" lon="127.246599">
        <ele>184.7</ele>
      </trkpt>
      <trkpt lat="38.211417" lon="127.246559">
        <ele>184.7</ele>
      </trkpt>
      <trkpt lat="38.211385" lon="127.246519">
        <ele>184.7</ele>
      </trkpt>
      <trkpt lat="38.211353" lon="127.246478">
        <ele>184.7</ele>
      </trkpt>
      <trkpt lat="38.211321" lon="127.246438">
        <ele>184.7</ele>
      </trkpt>
      <trkpt lat="38.211289" lon="127.246398">
        <ele>184.8</ele>
      </trkpt>
      <trkpt lat="38.211257" lon="127.246358">
        <ele>184.8</ele>
      </trkpt>
      <trkpt lat="38.211225" lon="127.246317">
        <ele>184.8</ele>
      </trkpt>
      <trkpt lat="38.211193" lon="127.246277">
        <ele>184.8</ele>
      </trkpt>
      <trkpt lat="38.211161" lon="127.246237">
        <ele>184.8</ele>
      </trkpt>
      <trkpt lat="38.211136" lon="127.246223">
        <ele>184.7</ele>
      </trkpt>
      <trkpt lat="38.211117" lon="127.246182">
        <ele>184.5</ele>
      </trkpt>
      <trkpt lat="38.211085" lon="127.246142">
        <ele>184.6</ele>
      </trkpt>
      <trkpt lat="38.211053" lon="127.246102">
        <ele>184.6</ele>
      </trkpt>
      <trkpt lat="38.211021" lon="127.246061">
        <ele>184.7</ele>
      </trkpt>
      <trkpt lat="38.210989" lon="127.246021">
        <ele>184.7</ele>
      </trkpt>
      <trkpt lat="38.210957" lon="127.245981">
        <ele>184.8</ele>
      </trkpt>
      <trkpt lat="38.210937" lon="127.245931">
        <ele>184.9</ele>
      </trkpt>
      <trkpt lat="38.210920" lon="127.245878">
        <ele>185.0</ele>
      </trkpt>
      <trkpt lat="38.210892" lon="127.245834">
        <ele>184.9</ele>
      </trkpt>
      <trkpt lat="38.210860" lon="127.245794">
        <ele>184.8</ele>
      </trkpt>
      <trkpt lat="38.210829" lon="127.245753">
        <ele>184.7</ele>
      </trkpt>
      <trkpt lat="38.210797" lon="127.245712">
        <ele>184.6</ele>
      </trkpt>
      <trkpt lat="38.210765" lon="127.245672">
        <ele>184.5</ele>
      </trkpt>
      <trkpt lat="38.210734" lon="127.245631">
        <ele>184.4</ele>
      </trkpt>
      <trkpt lat="38.210702" lon="127.245590">
        <ele>184.3</ele>
      </trkpt>
      <trkpt lat="38.210704" lon="127.245537">
        <ele>184.3</ele>
      </trkpt>
      <trkpt lat="38.210694" lon="127.245482">
        <ele>184.1</ele>
      </trkpt>
      <trkpt lat="38.210667" lon="127.245437">
        <ele>184.0</ele>
      </trkpt>
      <trkpt lat="38.210626" lon="127.245415">
        <ele>184.0</ele>
      </trkpt>
      <trkpt lat="38.210582" lon="127.245418">
        <ele>184.0</ele>
      </trkpt>
      <trkpt lat="38.210541" lon="127.245431">
        <ele>184.0</ele>
      </trkpt>
      <trkpt lat="38.210498" lon="127.245413">
        <ele>184.0</ele>
      </trkpt>
      <trkpt lat="38.210456" lon="127.245392">
        <ele>184.0</ele>
      </trkpt>
      <trkpt lat="38.210416" lon="127.245367">
        <ele>184.0</ele>
      </trkpt>
      <trkpt lat="38.210377" lon="127.245339">
        <ele>184.0</ele>
      </trkpt>
      <trkpt lat="38.210338" lon="127.245309">
        <ele>184.0</ele>
      </trkpt>
      <trkpt lat="38.210300" lon="127.245280">
        <ele>184.0</ele>
      </trkpt>
      <trkpt lat="38.210262" lon="127.245249">
        <ele>184.0</ele>
      </trkpt>
      <trkpt lat="38.210226" lon="127.245215">
        <ele>184.0</ele>
      </trkpt>
      <trkpt lat="38.210188" lon="127.245184">
        <ele>184.0</ele>
      </trkpt>
      <trkpt lat="38.210148" lon="127.245159">
        <ele>184.0</ele>
      </trkpt>
      <trkpt lat="38.210105" lon="127.245142">
        <ele>184.0</ele>
      </trkpt>
      <trkpt lat="38.210072" lon="127.245125">
        <ele>184.0</ele>
      </trkpt>
      <trkpt lat="38.210113" lon="127.245103">
        <ele>183.9</ele>
      </trkpt>
      <trkpt lat="38.210144" lon="127.245063">
        <ele>183.8</ele>
      </trkpt>
      <trkpt lat="38.210162" lon="127.245011">
        <ele>183.8</ele>
      </trkpt>
      <trkpt lat="38.210163" lon="127.244955">
        <ele>183.6</ele>
      </trkpt>
      <trkpt lat="38.210147" lon="127.244901">
        <ele>183.5</ele>
      </trkpt>
      <trkpt lat="38.210117" lon="127.244859">
        <ele>183.5</ele>
      </trkpt>
      <trkpt lat="38.210076" lon="127.244837">
        <ele>183.6</ele>
      </trkpt>
      <trkpt lat="38.210032" lon="127.244834">
        <ele>183.8</ele>
      </trkpt>
      <trkpt lat="38.210007" lon="127.244843">
        <ele>183.8</ele>
      </trkpt>
      <trkpt lat="38.209971" lon="127.244869">
        <ele>183.8</ele>
      </trkpt>
      <trkpt lat="38.209945" lon="127.244915">
        <ele>183.8</ele>
      </trkpt>
      <trkpt lat="38.209933" lon="127.244969">
        <ele>183.8</ele>
      </trkpt>
      <trkpt lat="38.209914" lon="127.245019">
        <ele>183.8</ele>
      </trkpt>
      <trkpt lat="38.209886" lon="127.245063">
        <ele>183.9</ele>
      </trkpt>
      <trkpt lat="38.209857" lon="127.245108">
        <ele>183.9</ele>
      </trkpt>
      <trkpt lat="38.209829" lon="127.245152">
        <ele>184.0</ele>
      </trkpt>
      <trkpt lat="38.209799" lon="127.245194">
        <ele>184.1</ele>
      </trkpt>
      <trkpt lat="38.209767" lon="127.245235">
        <ele>184.3</ele>
      </trkpt>
      <trkpt lat="38.209735" lon="127.245276">
        <ele>184.4</ele>
      </trkpt>
      <trkpt lat="38.209704" lon="127.245316">
        <ele>184.4</ele>
      </trkpt>
      <trkpt lat="38.209672" lon="127.245357">
        <ele>184.5</ele>
      </trkpt>
      <trkpt lat="38.209640" lon="127.245398">
        <ele>184.5</ele>
      </trkpt>
      <trkpt lat="38.209609" lon="127.245438">
        <ele>184.6</ele>
      </trkpt>
      <trkpt lat="38.209577" lon="127.245479">
        <ele>184.6</ele>
      </trkpt>
      <trkpt lat="38.209545" lon="127.245520">
        <ele>184.7</ele>
      </trkpt>
      <trkpt lat="38.209514" lon="127.245560">
        <ele>184.8</ele>
      </trkpt>
      <trkpt lat="38.209482" lon="127.245601">
        <ele>184.8</ele>
      </trkpt>
      <trkpt lat="38.209451" lon="127.245641">
        <ele>184.9</ele>
      </trkpt>
      <trkpt lat="38.209419" lon="127.245682">
        <ele>184.9</ele>
      </trkpt>
      <trkpt lat="38.209387" lon="127.245723">
        <ele>185.0</ele>
      </trkpt>
      <trkpt lat="38.209356" lon="127.245763">
        <ele>185.0</ele>
      </trkpt>
      <trkpt lat="38.209324" lon="127.245804">
        <ele>185.1</ele>
      </trkpt>
      <trkpt lat="38.209292" lon="127.245845">
        <ele>185.2</ele>
      </trkpt>
      <trkpt lat="38.209261" lon="127.245885">
        <ele>185.2</ele>
      </trkpt>
      <trkpt lat="38.209229" lon="127.245926">
        <ele>185.3</ele>
      </trkpt>
      <trkpt lat="38.209197" lon="127.245967">
        <ele>185.3</ele>
      </trkpt>
      <trkpt lat="38.209166" lon="127.246007">
        <ele>185.4</ele>
      </trkpt>
      <trkpt lat="38.209134" lon="127.246048">
        <ele>185.4</ele>
      </trkpt>
      <trkpt lat="38.209102" lon="127.246089">
        <ele>185.5</ele>
      </trkpt>
      <trkpt lat="38.209071" lon="127.246129">
        <ele>185.6</ele>
      </trkpt>
      <trkpt lat="38.209039" lon="127.246170">
        <ele>185.6</ele>
      </trkpt>
      <trkpt lat="38.209008" lon="127.246211">
        <ele>185.7</ele>
      </trkpt>
      <trkpt lat="38.208976" lon="127.246251">
        <ele>185.7</ele>
      </trkpt>
      <trkpt lat="38.208944" lon="127.246292">
        <ele>185.8</ele>
      </trkpt>
      <trkpt lat="38.208913" lon="127.246333">
        <ele>185.9</ele>
      </trkpt>
      <trkpt lat="38.208881" lon="127.246373">
        <ele>185.9</ele>
      </trkpt>
      <trkpt lat="38.208849" lon="127.246414">
        <ele>186.0</ele>
      </trkpt>
      <trkpt lat="38.208818" lon="127.246455">
        <ele>186.0</ele>
      </trkpt>
      <trkpt lat="38.208786" lon="127.246495">
        <ele>186.1</ele>
      </trkpt>
      <trkpt lat="38.208754" lon="127.246536">
        <ele>186.1</ele>
      </trkpt>
      <trkpt lat="38.208723" lon="127.246577">
        <ele>186.2</ele>
      </trkpt>
      <trkpt lat="38.208691" lon="127.246617">
        <ele>186.3</ele>
      </trkpt>
      <trkpt lat="38.208659" lon="127.246658">
        <ele>186.3</ele>
      </trkpt>
      <trkpt lat="38.208628" lon="127.246699">
        <ele>186.4</ele>
      </trkpt>
      <trkpt lat="38.208596" lon="127.246739">
        <ele>186.4</ele>
      </trkpt>
      <trkpt lat="38.208565" lon="127.246780">
        <ele>186.5</ele>
      </trkpt>
      <trkpt lat="38.208532" lon="127.246820">
        <ele>186.2</ele>
      </trkpt>
      <trkpt lat="38.208500" lon="127.246859">
        <ele>185.8</ele>
      </trkpt>
      <trkpt lat="38.208467" lon="127.246899">
        <ele>185.5</ele>
      </trkpt>
      <trkpt lat="38.208435" lon="127.246939">
        <ele>185.1</ele>
      </trkpt>
      <trkpt lat="38.208403" lon="127.246978">
        <ele>184.8</ele>
      </trkpt>
      <trkpt lat="38.208370" lon="127.247018">
        <ele>184.4</ele>
      </trkpt>
      <trkpt lat="38.208338" lon="127.247058">
        <ele>184.1</ele>
      </trkpt>
      <trkpt lat="38.208305" lon="127.247097">
        <ele>183.7</ele>
      </trkpt>
      <trkpt lat="38.208273" lon="127.247105">
        <ele>183.5</ele>
      </trkpt>
      <trkpt lat="38.208280" lon="127.247129">
        <ele>185.0</ele>
      </trkpt>
      <trkpt lat="38.208248" lon="127.247169">
        <ele>184.8</ele>
      </trkpt>
      <trkpt lat="38.208215" lon="127.247208">
        <ele>184.7</ele>
      </trkpt>
      <trkpt lat="38.208183" lon="127.247248">
        <ele>184.5</ele>
      </trkpt>
      <trkpt lat="38.208151" lon="127.247288">
        <ele>184.4</ele>
      </trkpt>
      <trkpt lat="38.208118" lon="127.247328">
        <ele>184.3</ele>
      </trkpt>
      <trkpt lat="38.208086" lon="127.247368">
        <ele>184.1</ele>
      </trkpt>
      <trkpt lat="38.208054" lon="127.247408">
        <ele>184.0</ele>
      </trkpt>
      <trkpt lat="38.208022" lon="127.247447">
        <ele>183.8</ele>
      </trkpt>
      <trkpt lat="38.207989" lon="127.247487">
        <ele>183.7</ele>
      </trkpt>
      <trkpt lat="38.207957" lon="127.247527">
        <ele>183.5</ele>
      </trkpt>
      <trkpt lat="38.207926" lon="127.247568">
        <ele>183.4</ele>
      </trkpt>
      <trkpt lat="38.207895" lon="127.247610">
        <ele>183.2</ele>
      </trkpt>
      <trkpt lat="38.207864" lon="127.247651">
        <ele>183.0</ele>
      </trkpt>
      <trkpt lat="38.207833" lon="127.247692">
        <ele>182.9</ele>
      </trkpt>
      <trkpt lat="38.207801" lon="127.247734">
        <ele>182.7</ele>
      </trkpt>
      <trkpt lat="38.207770" lon="127.247775">
        <ele>182.5</ele>
      </trkpt>
      <trkpt lat="38.207739" lon="127.247816">
        <ele>182.5</ele>
      </trkpt>
      <trkpt lat="38.207708" lon="127.247858">
        <ele>182.5</ele>
      </trkpt>
      <trkpt lat="38.207677" lon="127.247899">
        <ele>182.5</ele>
      </trkpt>
      <trkpt lat="38.207646" lon="127.247940">
        <ele>182.6</ele>
      </trkpt>
      <trkpt lat="38.207615" lon="127.247982">
        <ele>182.6</ele>
      </trkpt>
      <trkpt lat="38.207584" lon="127.248023">
        <ele>182.6</ele>
      </trkpt>
      <trkpt lat="38.207553" lon="127.248064">
        <ele>182.6</ele>
      </trkpt>
      <trkpt lat="38.207521" lon="127.248105">
        <ele>182.6</ele>
      </trkpt>
      <trkpt lat="38.207490" lon="127.248147">
        <ele>182.6</ele>
      </trkpt>
      <trkpt lat="38.207459" lon="127.248188">
        <ele>182.7</ele>
      </trkpt>
      <trkpt lat="38.207428" lon="127.248229">
        <ele>182.7</ele>
      </trkpt>
      <trkpt lat="38.207397" lon="127.248271">
        <ele>182.7</ele>
      </trkpt>
      <trkpt lat="38.207366" lon="127.248312">
        <ele>182.7</ele>
      </trkpt>
      <trkpt lat="38.207335" lon="127.248353">
        <ele>182.7</ele>
      </trkpt>
      <trkpt lat="38.207304" lon="127.248395">
        <ele>182.7</ele>
      </trkpt>
      <trkpt lat="38.207273" lon="127.248436">
        <ele>182.7</ele>
      </trkpt>
      <trkpt lat="38.207241" lon="127.248477">
        <ele>182.8</ele>
      </trkpt>
      <trkpt lat="38.207210" lon="127.248519">
        <ele>182.8</ele>
      </trkpt>
      <trkpt lat="38.207179" lon="127.248560">
        <ele>182.8</ele>
      </trkpt>
      <trkpt lat="38.207148" lon="127.248601">
        <ele>182.9</ele>
      </trkpt>
      <trkpt lat="38.207116" lon="127.248642">
        <ele>183.0</ele>
      </trkpt>
      <trkpt lat="38.207085" lon="127.248683">
        <ele>183.2</ele>
      </trkpt>
      <trkpt lat="38.207054" lon="127.248724">
        <ele>183.3</ele>
      </trkpt>
      <trkpt lat="38.207022" lon="127.248765">
        <ele>183.5</ele>
      </trkpt>
      <trkpt lat="38.206991" lon="127.248806">
        <ele>183.6</ele>
      </trkpt>
      <trkpt lat="38.206959" lon="127.248847">
        <ele>183.8</ele>
      </trkpt>
      <trkpt lat="38.206928" lon="127.248887">
        <ele>183.9</ele>
      </trkpt>
      <trkpt lat="38.206896" lon="127.248928">
        <ele>184.1</ele>
      </trkpt>
      <trkpt lat="38.206865" lon="127.248969">
        <ele>184.2</ele>
      </trkpt>
      <trkpt lat="38.206834" lon="127.249010">
        <ele>184.3</ele>
      </trkpt>
      <trkpt lat="38.206802" lon="127.249051">
        <ele>184.5</ele>
      </trkpt>
      <trkpt lat="38.206771" lon="127.249092">
        <ele>184.6</ele>
      </trkpt>
      <trkpt lat="38.206739" lon="127.249133">
        <ele>184.8</ele>
      </trkpt>
      <trkpt lat="38.206708" lon="127.249175">
        <ele>184.7</ele>
      </trkpt>
      <trkpt lat="38.206678" lon="127.249217">
        <ele>184.6</ele>
      </trkpt>
      <trkpt lat="38.206647" lon="127.249258">
        <ele>184.4</ele>
      </trkpt>
      <trkpt lat="38.206617" lon="127.249300">
        <ele>184.3</ele>
      </trkpt>
      <trkpt lat="38.206586" lon="127.249342">
        <ele>184.1</ele>
      </trkpt>
      <trkpt lat="38.206555" lon="127.249384">
        <ele>184.0</ele>
      </trkpt>
      <trkpt lat="38.206525" lon="127.249426">
        <ele>183.9</ele>
      </trkpt>
      <trkpt lat="38.206494" lon="127.249468">
        <ele>183.7</ele>
      </trkpt>
      <trkpt lat="38.206464" lon="127.249510">
        <ele>183.6</ele>
      </trkpt>
      <trkpt lat="38.206433" lon="127.249552">
        <ele>183.4</ele>
      </trkpt>
      <trkpt lat="38.206402" lon="127.249594">
        <ele>183.3</ele>
      </trkpt>
      <trkpt lat="38.206372" lon="127.249636">
        <ele>183.2</ele>
      </trkpt>
      <trkpt lat="38.206341" lon="127.249678">
        <ele>183.0</ele>
      </trkpt>
      <trkpt lat="38.206309" lon="127.249718">
        <ele>183.0</ele>
      </trkpt>
      <trkpt lat="38.206277" lon="127.249758">
        <ele>183.0</ele>
      </trkpt>
      <trkpt lat="38.206245" lon="127.249799">
        <ele>183.0</ele>
      </trkpt>
      <trkpt lat="38.206213" lon="127.249839">
        <ele>182.9</ele>
      </trkpt>
      <trkpt lat="38.206182" lon="127.249879">
        <ele>182.9</ele>
      </trkpt>
      <trkpt lat="38.206150" lon="127.249919">
        <ele>182.9</ele>
      </trkpt>
      <trkpt lat="38.206118" lon="127.249960">
        <ele>182.9</ele>
      </trkpt>
      <trkpt lat="38.206086" lon="127.250000">
        <ele>182.9</ele>
      </trkpt>
      <trkpt lat="38.206054" lon="127.250040">
        <ele>182.9</ele>
      </trkpt>
      <trkpt lat="38.206022" lon="127.250080">
        <ele>182.8</ele>
      </trkpt>
      <trkpt lat="38.205990" lon="127.250121">
        <ele>182.8</ele>
      </trkpt>
      <trkpt lat="38.205958" lon="127.250161">
        <ele>182.8</ele>
      </trkpt>
      <trkpt lat="38.205925" lon="127.250200">
        <ele>182.8</ele>
      </trkpt>
      <trkpt lat="38.205892" lon="127.250239">
        <ele>182.8</ele>
      </trkpt>
      <trkpt lat="38.205859" lon="127.250277">
        <ele>182.8</ele>
      </trkpt>
      <trkpt lat="38.205826" lon="127.250316">
        <ele>182.8</ele>
      </trkpt>
      <trkpt lat="38.205793" lon="127.250355">
        <ele>182.8</ele>
      </trkpt>
      <trkpt lat="38.205760" lon="127.250394">
        <ele>182.8</ele>
      </trkpt>
      <trkpt lat="38.205727" lon="127.250433">
        <ele>182.8</ele>
      </trkpt>
      <trkpt lat="38.205694" lon="127.250472">
        <ele>182.8</ele>
      </trkpt>
      <trkpt lat="38.205661" lon="127.250511">
        <ele>182.8</ele>
      </trkpt>
      <trkpt lat="38.205628" lon="127.250549">
        <ele>182.8</ele>
      </trkpt>
      <trkpt lat="38.205595" lon="127.250588">
        <ele>182.8</ele>
      </trkpt>
      <trkpt lat="38.205561" lon="127.250627">
        <ele>182.8</ele>
      </trkpt>
      <trkpt lat="38.205527" lon="127.250663">
        <ele>182.7</ele>
      </trkpt>
      <trkpt lat="38.205492" lon="127.250699">
        <ele>182.7</ele>
      </trkpt>
      <trkpt lat="38.205457" lon="127.250735">
        <ele>182.6</ele>
      </trkpt>
      <trkpt lat="38.205422" lon="127.250771">
        <ele>182.6</ele>
      </trkpt>
      <trkpt lat="38.205387" lon="127.250808">
        <ele>182.5</ele>
      </trkpt>
      <trkpt lat="38.205352" lon="127.250844">
        <ele>182.5</ele>
      </trkpt>
      <trkpt lat="38.205317" lon="127.250880">
        <ele>182.4</ele>
      </trkpt>
      <trkpt lat="38.205283" lon="127.250916">
        <ele>182.4</ele>
      </trkpt>
      <trkpt lat="38.205248" lon="127.250952">
        <ele>182.3</ele>
      </trkpt>
      <trkpt lat="38.205213" lon="127.250988">
        <ele>182.3</ele>
      </trkpt>
      <trkpt lat="38.205178" lon="127.251024">
        <ele>182.2</ele>
      </trkpt>
      <trkpt lat="38.205143" lon="127.251061">
        <ele>182.2</ele>
      </trkpt>
      <trkpt lat="38.205108" lon="127.251097">
        <ele>182.1</ele>
      </trkpt>
      <trkpt lat="38.205073" lon="127.251133">
        <ele>182.1</ele>
      </trkpt>
      <trkpt lat="38.205039" lon="127.251169">
        <ele>182.0</ele>
      </trkpt>
      <trkpt lat="38.205004" lon="127.251205">
        <ele>182.0</ele>
      </trkpt>
      <trkpt lat="38.204969" lon="127.251241">
        <ele>181.9</ele>
      </trkpt>
      <trkpt lat="38.204934" lon="127.251278">
        <ele>181.9</ele>
      </trkpt>
      <trkpt lat="38.204899" lon="127.251314">
        <ele>181.8</ele>
      </trkpt>
      <trkpt lat="38.204862" lon="127.251345">
        <ele>181.8</ele>
      </trkpt>
      <trkpt lat="38.204824" lon="127.251377">
        <ele>181.8</ele>
      </trkpt>
      <trkpt lat="38.204786" lon="127.251408">
        <ele>181.8</ele>
      </trkpt>
      <trkpt lat="38.204749" lon="127.251439">
        <ele>181.8</ele>
      </trkpt>
      <trkpt lat="38.204711" lon="127.251471">
        <ele>181.7</ele>
      </trkpt>
      <trkpt lat="38.204674" lon="127.251502">
        <ele>181.7</ele>
      </trkpt>
      <trkpt lat="38.204636" lon="127.251533">
        <ele>181.7</ele>
      </trkpt>
      <trkpt lat="38.204598" lon="127.251565">
        <ele>181.7</ele>
      </trkpt>
      <trkpt lat="38.204561" lon="127.251596">
        <ele>181.7</ele>
      </trkpt>
      <trkpt lat="38.204523" lon="127.251627">
        <ele>181.7</ele>
      </trkpt>
      <trkpt lat="38.204485" lon="127.251659">
        <ele>181.7</ele>
      </trkpt>
      <trkpt lat="38.204448" lon="127.251690">
        <ele>181.6</ele>
      </trkpt>
      <trkpt lat="38.204410" lon="127.251721">
        <ele>181.6</ele>
      </trkpt>
      <trkpt lat="38.204372" lon="127.251752">
        <ele>181.6</ele>
      </trkpt>
      <trkpt lat="38.204335" lon="127.251784">
        <ele>181.6</ele>
      </trkpt>
      <trkpt lat="38.204297" lon="127.251815">
        <ele>181.6</ele>
      </trkpt>
      <trkpt lat="38.204260" lon="127.251846">
        <ele>181.6</ele>
      </trkpt>
      <trkpt lat="38.204222" lon="127.251878">
        <ele>181.6</ele>
      </trkpt>
      <trkpt lat="38.204184" lon="127.251909">
        <ele>181.6</ele>
      </trkpt>
      <trkpt lat="38.204147" lon="127.251940">
        <ele>181.5</ele>
      </trkpt>
      <trkpt lat="38.204109" lon="127.251972">
        <ele>181.5</ele>
      </trkpt>
      <trkpt lat="38.204071" lon="127.252003">
        <ele>181.5</ele>
      </trkpt>
      <trkpt lat="38.204034" lon="127.252034">
        <ele>181.5</ele>
      </trkpt>
      <trkpt lat="38.203996" lon="127.252065">
        <ele>181.5</ele>
      </trkpt>
      <trkpt lat="38.203956" lon="127.252092">
        <ele>181.6</ele>
      </trkpt>
      <trkpt lat="38.203917" lon="127.252120">
        <ele>181.7</ele>
      </trkpt>
      <trkpt lat="38.203877" lon="127.252147">
        <ele>181.9</ele>
      </trkpt>
      <trkpt lat="38.203838" lon="127.252175">
        <ele>182.0</ele>
      </trkpt>
      <trkpt lat="38.203799" lon="127.252203">
        <ele>182.1</ele>
      </trkpt>
      <trkpt lat="38.203759" lon="127.252230">
        <ele>182.2</ele>
      </trkpt>
      <trkpt lat="38.203720" lon="127.252258">
        <ele>182.3</ele>
      </trkpt>
      <trkpt lat="38.203680" lon="127.252285">
        <ele>182.4</ele>
      </trkpt>
      <trkpt lat="38.203641" lon="127.252313">
        <ele>182.5</ele>
      </trkpt>
      <trkpt lat="38.203602" lon="127.252341">
        <ele>182.6</ele>
      </trkpt>
      <trkpt lat="38.203562" lon="127.252368">
        <ele>182.7</ele>
      </trkpt>
      <trkpt lat="38.203523" lon="127.252396">
        <ele>182.8</ele>
      </trkpt>
      <trkpt lat="38.203484" lon="127.252423">
        <ele>183.0</ele>
      </trkpt>
      <trkpt lat="38.203444" lon="127.252451">
        <ele>183.1</ele>
      </trkpt>
      <trkpt lat="38.203405" lon="127.252479">
        <ele>183.2</ele>
      </trkpt>
      <trkpt lat="38.203365" lon="127.252506">
        <ele>183.3</ele>
      </trkpt>
      <trkpt lat="38.203326" lon="127.252534">
        <ele>183.4</ele>
      </trkpt>
      <trkpt lat="38.203287" lon="127.252561">
        <ele>183.5</ele>
      </trkpt>
      <trkpt lat="38.203247" lon="127.252589">
        <ele>183.5</ele>
      </trkpt>
      <trkpt lat="38.203208" lon="127.252617">
        <ele>183.4</ele>
      </trkpt>
      <trkpt lat="38.203169" lon="127.252645">
        <ele>183.4</ele>
      </trkpt>
      <trkpt lat="38.203129" lon="127.252673">
        <ele>183.4</ele>
      </trkpt>
      <trkpt lat="38.203090" lon="127.252701">
        <ele>183.3</ele>
      </trkpt>
      <trkpt lat="38.203051" lon="127.252729">
        <ele>183.3</ele>
      </trkpt>
      <trkpt lat="38.203012" lon="127.252756">
        <ele>183.3</ele>
      </trkpt>
      <trkpt lat="38.202972" lon="127.252784">
        <ele>183.3</ele>
      </trkpt>
      <trkpt lat="38.202933" lon="127.252812">
        <ele>183.2</ele>
      </trkpt>
      <trkpt lat="38.202894" lon="127.252840">
        <ele>183.2</ele>
      </trkpt>
      <trkpt lat="38.202855" lon="127.252868">
        <ele>183.2</ele>
      </trkpt>
      <trkpt lat="38.202815" lon="127.252896">
        <ele>183.1</ele>
      </trkpt>
      <trkpt lat="38.202776" lon="127.252923">
        <ele>183.1</ele>
      </trkpt>
      <trkpt lat="38.202737" lon="127.252951">
        <ele>183.1</ele>
      </trkpt>
      <trkpt lat="38.202697" lon="127.252979">
        <ele>183.0</ele>
      </trkpt>
      <trkpt lat="38.202658" lon="127.253007">
        <ele>183.0</ele>
      </trkpt>
      <trkpt lat="38.202619" lon="127.253035">
        <ele>183.0</ele>
      </trkpt>
      <trkpt lat="38.202580" lon="127.253063">
        <ele>182.9</ele>
      </trkpt>
      <trkpt lat="38.202540" lon="127.253091">
        <ele>182.9</ele>
      </trkpt>
      <trkpt lat="38.202501" lon="127.253118">
        <ele>182.9</ele>
      </trkpt>
      <trkpt lat="38.202462" lon="127.253146">
        <ele>182.9</ele>
      </trkpt>
      <trkpt lat="38.202422" lon="127.253174">
        <ele>182.8</ele>
      </trkpt>
      <trkpt lat="38.202383" lon="127.253202">
        <ele>182.8</ele>
      </trkpt>
      <trkpt lat="38.202344" lon="127.253230">
        <ele>182.8</ele>
      </trkpt>
      <trkpt lat="38.202305" lon="127.253258">
        <ele>182.7</ele>
      </trkpt>
      <trkpt lat="38.202265" lon="127.253286">
        <ele>182.7</ele>
      </trkpt>
      <trkpt lat="38.202226" lon="127.253313">
        <ele>182.7</ele>
      </trkpt>
      <trkpt lat="38.202187" lon="127.253341">
        <ele>182.6</ele>
      </trkpt>
      <trkpt lat="38.202147" lon="127.253369">
        <ele>182.6</ele>
      </trkpt>
      <trkpt lat="38.202108" lon="127.253397">
        <ele>182.6</ele>
      </trkpt>
      <trkpt lat="38.202069" lon="127.253425">
        <ele>182.6</ele>
      </trkpt>
      <trkpt lat="38.202030" lon="127.253453">
        <ele>182.5</ele>
      </trkpt>
      <trkpt lat="38.201990" lon="127.253480">
        <ele>182.5</ele>
      </trkpt>
      <trkpt lat="38.201951" lon="127.253508">
        <ele>182.5</ele>
      </trkpt>
      <trkpt lat="38.201912" lon="127.253536">
        <ele>182.4</ele>
      </trkpt>
      <trkpt lat="38.201872" lon="127.253564">
        <ele>182.4</ele>
      </trkpt>
      <trkpt lat="38.201833" lon="127.253592">
        <ele>182.4</ele>
      </trkpt>
      <trkpt lat="38.201794" lon="127.253620">
        <ele>182.3</ele>
      </trkpt>
      <trkpt lat="38.201755" lon="127.253648">
        <ele>182.3</ele>
      </trkpt>
      <trkpt lat="38.201715" lon="127.253675">
        <ele>182.3</ele>
      </trkpt>
      <trkpt lat="38.201676" lon="127.253702">
        <ele>182.3</ele>
      </trkpt>
      <trkpt lat="38.201636" lon="127.253730">
        <ele>182.3</ele>
      </trkpt>
      <trkpt lat="38.201597" lon="127.253757">
        <ele>182.3</ele>
      </trkpt>
      <trkpt lat="38.201557" lon="127.253784">
        <ele>182.2</ele>
      </trkpt>
      <trkpt lat="38.201518" lon="127.253812">
        <ele>182.2</ele>
      </trkpt>
      <trkpt lat="38.201478" lon="127.253839">
        <ele>182.2</ele>
      </trkpt>
      <trkpt lat="38.201439" lon="127.253866">
        <ele>182.2</ele>
      </trkpt>
      <trkpt lat="38.201399" lon="127.253894">
        <ele>182.2</ele>
      </trkpt>
      <trkpt lat="38.201360" lon="127.253921">
        <ele>182.2</ele>
      </trkpt>
      <trkpt lat="38.201320" lon="127.253948">
        <ele>182.2</ele>
      </trkpt>
      <trkpt lat="38.201281" lon="127.253976">
        <ele>182.2</ele>
      </trkpt>
      <trkpt lat="38.201241" lon="127.254003">
        <ele>182.1</ele>
      </trkpt>
      <trkpt lat="38.201202" lon="127.254030">
        <ele>182.1</ele>
      </trkpt>
      <trkpt lat="38.201162" lon="127.254058">
        <ele>182.1</ele>
      </trkpt>
      <trkpt lat="38.201123" lon="127.254085">
        <ele>182.1</ele>
      </trkpt>
      <trkpt lat="38.201083" lon="127.254112">
        <ele>182.1</ele>
      </trkpt>
      <trkpt lat="38.201044" lon="127.254140">
        <ele>182.1</ele>
      </trkpt>
      <trkpt lat="38.201004" lon="127.254167">
        <ele>182.1</ele>
      </trkpt>
      <trkpt lat="38.200965" lon="127.254194">
        <ele>182.1</ele>
      </trkpt>
      <trkpt lat="38.200925" lon="127.254222">
        <ele>182.1</ele>
      </trkpt>
      <trkpt lat="38.200886" lon="127.254249">
        <ele>182.0</ele>
      </trkpt>
      <trkpt lat="38.200846" lon="127.254276">
        <ele>182.0</ele>
      </trkpt>
      <trkpt lat="38.200807" lon="127.254304">
        <ele>182.0</ele>
      </trkpt>
      <trkpt lat="38.200767" lon="127.254331">
        <ele>182.0</ele>
      </trkpt>
      <trkpt lat="38.200727" lon="127.254358">
        <ele>181.9</ele>
      </trkpt>
      <trkpt lat="38.200687" lon="127.254384">
        <ele>181.8</ele>
      </trkpt>
      <trkpt lat="38.200647" lon="127.254410">
        <ele>181.7</ele>
      </trkpt>
      <trkpt lat="38.200607" lon="127.254436">
        <ele>181.6</ele>
      </trkpt>
      <trkpt lat="38.200567" lon="127.254463">
        <ele>181.5</ele>
      </trkpt>
      <trkpt lat="38.200527" lon="127.254489">
        <ele>181.4</ele>
      </trkpt>
      <trkpt lat="38.200488" lon="127.254515">
        <ele>181.3</ele>
      </trkpt>
      <trkpt lat="38.200448" lon="127.254541">
        <ele>181.2</ele>
      </trkpt>
      <trkpt lat="38.200408" lon="127.254568">
        <ele>181.1</ele>
      </trkpt>
      <trkpt lat="38.200368" lon="127.254594">
        <ele>181.0</ele>
      </trkpt>
      <trkpt lat="38.200328" lon="127.254620">
        <ele>180.9</ele>
      </trkpt>
      <trkpt lat="38.200288" lon="127.254646">
        <ele>180.8</ele>
      </trkpt>
      <trkpt lat="38.200248" lon="127.254673">
        <ele>180.7</ele>
      </trkpt>
      <trkpt lat="38.200208" lon="127.254699">
        <ele>180.6</ele>
      </trkpt>
      <trkpt lat="38.200168" lon="127.254725">
        <ele>180.5</ele>
      </trkpt>
      <trkpt lat="38.200128" lon="127.254751">
        <ele>180.4</ele>
      </trkpt>
      <trkpt lat="38.200088" lon="127.254778">
        <ele>180.4</ele>
      </trkpt>
      <trkpt lat="38.200048" lon="127.254804">
        <ele>180.3</ele>
      </trkpt>
      <trkpt lat="38.200008" lon="127.254830">
        <ele>180.2</ele>
      </trkpt>
      <trkpt lat="38.199968" lon="127.254856">
        <ele>180.1</ele>
      </trkpt>
      <trkpt lat="38.199928" lon="127.254883">
        <ele>180.0</ele>
      </trkpt>
      <trkpt lat="38.199888" lon="127.254909">
        <ele>179.9</ele>
      </trkpt>
      <trkpt lat="38.199848" lon="127.254935">
        <ele>179.8</ele>
      </trkpt>
      <trkpt lat="38.199808" lon="127.254961">
        <ele>179.7</ele>
      </trkpt>
      <trkpt lat="38.199768" lon="127.254988">
        <ele>179.6</ele>
      </trkpt>
      <trkpt lat="38.199728" lon="127.255014">
        <ele>179.5</ele>
      </trkpt>
      <trkpt lat="38.199689" lon="127.255040">
        <ele>179.4</ele>
      </trkpt>
      <trkpt lat="38.199649" lon="127.255067">
        <ele>179.3</ele>
      </trkpt>
      <trkpt lat="38.199610" lon="127.255095">
        <ele>179.3</ele>
      </trkpt>
      <trkpt lat="38.199570" lon="127.255123">
        <ele>179.4</ele>
      </trkpt>
      <trkpt lat="38.199531" lon="127.255151">
        <ele>179.4</ele>
      </trkpt>
      <trkpt lat="38.199492" lon="127.255180">
        <ele>179.4</ele>
      </trkpt>
      <trkpt lat="38.199453" lon="127.255208">
        <ele>179.4</ele>
      </trkpt>
      <trkpt lat="38.199414" lon="127.255236">
        <ele>179.4</ele>
      </trkpt>
      <trkpt lat="38.199375" lon="127.255264">
        <ele>179.5</ele>
      </trkpt>
      <trkpt lat="38.199336" lon="127.255292">
        <ele>179.5</ele>
      </trkpt>
      <trkpt lat="38.199296" lon="127.255320">
        <ele>179.5</ele>
      </trkpt>
      <trkpt lat="38.199257" lon="127.255348">
        <ele>179.5</ele>
      </trkpt>
      <trkpt lat="38.199218" lon="127.255376">
        <ele>179.6</ele>
      </trkpt>
      <trkpt lat="38.199179" lon="127.255405">
        <ele>179.6</ele>
      </trkpt>
      <trkpt lat="38.199140" lon="127.255433">
        <ele>179.6</ele>
      </trkpt>
      <trkpt lat="38.199101" lon="127.255461">
        <ele>179.6</ele>
      </trkpt>
      <trkpt lat="38.199061" lon="127.255489">
        <ele>179.7</ele>
      </trkpt>
      <trkpt lat="38.199022" lon="127.255517">
        <ele>179.7</ele>
      </trkpt>
      <trkpt lat="38.198983" lon="127.255545">
        <ele>179.7</ele>
      </trkpt>
      <trkpt lat="38.198944" lon="127.255573">
        <ele>179.7</ele>
      </trkpt>
      <trkpt lat="38.198905" lon="127.255601">
        <ele>179.7</ele>
      </trkpt>
      <trkpt lat="38.198866" lon="127.255630">
        <ele>179.8</ele>
      </trkpt>
      <trkpt lat="38.198826" lon="127.255658">
        <ele>179.8</ele>
      </trkpt>
      <trkpt lat="38.198787" lon="127.255686">
        <ele>179.8</ele>
      </trkpt>
      <trkpt lat="38.198748" lon="127.255714">
        <ele>179.8</ele>
      </trkpt>
      <trkpt lat="38.198709" lon="127.255742">
        <ele>179.9</ele>
      </trkpt>
      <trkpt lat="38.198670" lon="127.255770">
        <ele>179.9</ele>
      </trkpt>
      <trkpt lat="38.198631" lon="127.255798">
        <ele>179.9</ele>
      </trkpt>
      <trkpt lat="38.198592" lon="127.255826">
        <ele>179.9</ele>
      </trkpt>
      <trkpt lat="38.198552" lon="127.255855">
        <ele>180.0</ele>
      </trkpt>
      <trkpt lat="38.198513" lon="127.255883">
        <ele>180.0</ele>
      </trkpt>
      <trkpt lat="38.198474" lon="127.255911">
        <ele>180.0</ele>
      </trkpt>
      <trkpt lat="38.198435" lon="127.255939">
        <ele>180.1</ele>
      </trkpt>
      <trkpt lat="38.198396" lon="127.255967">
        <ele>180.3</ele>
      </trkpt>
      <trkpt lat="38.198357" lon="127.255995">
        <ele>180.4</ele>
      </trkpt>
      <trkpt lat="38.198318" lon="127.256024">
        <ele>180.5</ele>
      </trkpt>
      <trkpt lat="38.198278" lon="127.256052">
        <ele>180.7</ele>
      </trkpt>
      <trkpt lat="38.198239" lon="127.256080">
        <ele>180.8</ele>
      </trkpt>
      <trkpt lat="38.198200" lon="127.256108">
        <ele>180.9</ele>
      </trkpt>
      <trkpt lat="38.198161" lon="127.256136">
        <ele>181.0</ele>
      </trkpt>
      <trkpt lat="38.198121" lon="127.256163">
        <ele>181.1</ele>
      </trkpt>
      <trkpt lat="38.198082" lon="127.256191">
        <ele>181.2</ele>
      </trkpt>
      <trkpt lat="38.198043" lon="127.256219">
        <ele>181.2</ele>
      </trkpt>
      <trkpt lat="38.198003" lon="127.256247">
        <ele>181.3</ele>
      </trkpt>
      <trkpt lat="38.197964" lon="127.256275">
        <ele>181.3</ele>
      </trkpt>
      <trkpt lat="38.197925" lon="127.256302">
        <ele>181.4</ele>
      </trkpt>
      <trkpt lat="38.197886" lon="127.256330">
        <ele>181.4</ele>
      </trkpt>
      <trkpt lat="38.197846" lon="127.256358">
        <ele>181.4</ele>
      </trkpt>
      <trkpt lat="38.197807" lon="127.256386">
        <ele>181.4</ele>
      </trkpt>
      <trkpt lat="38.197768" lon="127.256414">
        <ele>181.5</ele>
      </trkpt>
      <trkpt lat="38.197728" lon="127.256442">
        <ele>181.5</ele>
      </trkpt>
      <trkpt lat="38.197689" lon="127.256469">
        <ele>181.5</ele>
      </trkpt>
      <trkpt lat="38.197650" lon="127.256497">
        <ele>181.6</ele>
      </trkpt>
      <trkpt lat="38.197611" lon="127.256525">
        <ele>181.6</ele>
      </trkpt>
      <trkpt lat="38.197571" lon="127.256553">
        <ele>181.6</ele>
      </trkpt>
      <trkpt lat="38.197532" lon="127.256581">
        <ele>181.6</ele>
      </trkpt>
      <trkpt lat="38.197493" lon="127.256608">
        <ele>181.7</ele>
      </trkpt>
      <trkpt lat="38.197453" lon="127.256636">
        <ele>181.7</ele>
      </trkpt>
      <trkpt lat="38.197414" lon="127.256664">
        <ele>181.7</ele>
      </trkpt>
      <trkpt lat="38.197375" lon="127.256692">
        <ele>181.8</ele>
      </trkpt>
      <trkpt lat="38.197335" lon="127.256720">
        <ele>181.8</ele>
      </trkpt>
      <trkpt lat="38.197297" lon="127.256748">
        <ele>181.8</ele>
      </trkpt>
      <trkpt lat="38.197258" lon="127.256778">
        <ele>181.7</ele>
      </trkpt>
      <trkpt lat="38.197220" lon="127.256808">
        <ele>181.6</ele>
      </trkpt>
      <trkpt lat="38.197181" lon="127.256837">
        <ele>181.5</ele>
      </trkpt>
      <trkpt lat="38.197143" lon="127.256867">
        <ele>181.4</ele>
      </trkpt>
      <trkpt lat="38.197104" lon="127.256897">
        <ele>181.4</ele>
      </trkpt>
      <trkpt lat="38.197066" lon="127.256927">
        <ele>181.3</ele>
      </trkpt>
      <trkpt lat="38.197029" lon="127.256959">
        <ele>181.2</ele>
      </trkpt>
      <trkpt lat="38.196992" lon="127.256991">
        <ele>181.1</ele>
      </trkpt>
      <trkpt lat="38.196955" lon="127.257023">
        <ele>181.1</ele>
      </trkpt>
      <trkpt lat="38.196917" lon="127.257056">
        <ele>181.0</ele>
      </trkpt>
      <trkpt lat="38.196880" lon="127.257088">
        <ele>180.9</ele>
      </trkpt>
      <trkpt lat="38.196843" lon="127.257120">
        <ele>180.8</ele>
      </trkpt>
      <trkpt lat="38.196807" lon="127.257154">
        <ele>180.8</ele>
      </trkpt>
      <trkpt lat="38.196772" lon="127.257190">
        <ele>180.7</ele>
      </trkpt>
      <trkpt lat="38.196738" lon="127.257227">
        <ele>180.6</ele>
      </trkpt>
      <trkpt lat="38.196703" lon="127.257263">
        <ele>180.5</ele>
      </trkpt>
      <trkpt lat="38.196668" lon="127.257300">
        <ele>180.4</ele>
      </trkpt>
      <trkpt lat="38.196634" lon="127.257336">
        <ele>180.3</ele>
      </trkpt>
      <trkpt lat="38.196600" lon="127.257375">
        <ele>180.3</ele>
      </trkpt>
      <trkpt lat="38.196568" lon="127.257414">
        <ele>180.2</ele>
      </trkpt>
      <trkpt lat="38.196535" lon="127.257453">
        <ele>180.2</ele>
      </trkpt>
      <trkpt lat="38.196502" lon="127.257492">
        <ele>180.2</ele>
      </trkpt>
      <trkpt lat="38.196469" lon="127.257531">
        <ele>180.1</ele>
      </trkpt>
      <trkpt lat="38.196436" lon="127.257570">
        <ele>180.1</ele>
      </trkpt>
      <trkpt lat="38.196403" lon="127.257609">
        <ele>180.0</ele>
      </trkpt>
      <trkpt lat="38.196371" lon="127.257648">
        <ele>180.0</ele>
      </trkpt>
      <trkpt lat="38.196340" lon="127.257690">
        <ele>180.0</ele>
      </trkpt>
      <trkpt lat="38.196309" lon="127.257732">
        <ele>180.0</ele>
      </trkpt>
      <trkpt lat="38.196279" lon="127.257774">
        <ele>180.0</ele>
      </trkpt>
      <trkpt lat="38.196249" lon="127.257816">
        <ele>180.0</ele>
      </trkpt>
      <trkpt lat="38.196218" lon="127.257859">
        <ele>180.0</ele>
      </trkpt>
      <trkpt lat="38.196188" lon="127.257901">
        <ele>180.0</ele>
      </trkpt>
      <trkpt lat="38.196159" lon="127.257944">
        <ele>180.0</ele>
      </trkpt>
      <trkpt lat="38.196129" lon="127.257988">
        <ele>180.0</ele>
      </trkpt>
      <trkpt lat="38.196100" lon="127.258031">
        <ele>180.0</ele>
      </trkpt>
      <trkpt lat="38.196071" lon="127.258075">
        <ele>180.0</ele>
      </trkpt>
      <trkpt lat="38.196041" lon="127.258118">
        <ele>180.0</ele>
      </trkpt>
      <trkpt lat="38.196012" lon="127.258161">
        <ele>180.0</ele>
      </trkpt>
      <trkpt lat="38.195984" lon="127.258206">
        <ele>180.0</ele>
      </trkpt>
      <trkpt lat="38.195957" lon="127.258252">
        <ele>179.9</ele>
      </trkpt>
      <trkpt lat="38.195930" lon="127.258298">
        <ele>179.9</ele>
      </trkpt>
      <trkpt lat="38.195903" lon="127.258344">
        <ele>179.9</ele>
      </trkpt>
      <trkpt lat="38.195876" lon="127.258389">
        <ele>179.8</ele>
      </trkpt>
      <trkpt lat="38.195849" lon="127.258435">
        <ele>179.8</ele>
      </trkpt>
      <trkpt lat="38.195824" lon="127.258482">
        <ele>179.7</ele>
      </trkpt>
      <trkpt lat="38.195799" lon="127.258530">
        <ele>179.6</ele>
      </trkpt>
      <trkpt lat="38.195773" lon="127.258577">
        <ele>179.6</ele>
      </trkpt>
      <trkpt lat="38.195748" lon="127.258624">
        <ele>179.5</ele>
      </trkpt>
      <trkpt lat="38.195723" lon="127.258671">
        <ele>179.4</ele>
      </trkpt>
      <trkpt lat="38.195697" lon="127.258719">
        <ele>179.3</ele>
      </trkpt>
      <trkpt lat="38.195673" lon="127.258767">
        <ele>179.3</ele>
      </trkpt>
      <trkpt lat="38.195650" lon="127.258816">
        <ele>179.2</ele>
      </trkpt>
      <trkpt lat="38.195627" lon="127.258865">
        <ele>179.1</ele>
      </trkpt>
      <trkpt lat="38.195603" lon="127.258914">
        <ele>179.0</ele>
      </trkpt>
      <trkpt lat="38.195580" lon="127.258963">
        <ele>178.9</ele>
      </trkpt>
      <trkpt lat="38.195557" lon="127.259012">
        <ele>178.8</ele>
      </trkpt>
      <trkpt lat="38.195536" lon="127.259062">
        <ele>178.8</ele>
      </trkpt>
      <trkpt lat="38.195515" lon="127.259113">
        <ele>178.7</ele>
      </trkpt>
      <trkpt lat="38.195495" lon="127.259164">
        <ele>178.7</ele>
      </trkpt>
      <trkpt lat="38.195475" lon="127.259216">
        <ele>178.7</ele>
      </trkpt>
      <trkpt lat="38.195455" lon="127.259267">
        <ele>178.6</ele>
      </trkpt>
      <trkpt lat="38.195434" lon="127.259318">
        <ele>178.6</ele>
      </trkpt>
      <trkpt lat="38.195414" lon="127.259369">
        <ele>178.6</ele>
      </trkpt>
      <trkpt lat="38.195394" lon="127.259420">
        <ele>178.5</ele>
      </trkpt>
      <trkpt lat="38.195374" lon="127.259471">
        <ele>178.5</ele>
      </trkpt>
      <trkpt lat="38.195356" lon="127.259524">
        <ele>178.5</ele>
      </trkpt>
      <trkpt lat="38.195339" lon="127.259577">
        <ele>178.6</ele>
      </trkpt>
      <trkpt lat="38.195322" lon="127.259629">
        <ele>178.7</ele>
      </trkpt>
      <trkpt lat="38.195305" lon="127.259682">
        <ele>178.7</ele>
      </trkpt>
      <trkpt lat="38.195288" lon="127.259735">
        <ele>178.8</ele>
      </trkpt>
      <trkpt lat="38.195271" lon="127.259788">
        <ele>178.8</ele>
      </trkpt>
      <trkpt lat="38.195258" lon="127.259843">
        <ele>178.8</ele>
      </trkpt>
      <trkpt lat="38.195244" lon="127.259898">
        <ele>178.9</ele>
      </trkpt>
      <trkpt lat="38.195231" lon="127.259952">
        <ele>178.9</ele>
      </trkpt>
      <trkpt lat="38.195217" lon="127.260007">
        <ele>178.9</ele>
      </trkpt>
      <trkpt lat="38.195204" lon="127.260061">
        <ele>178.9</ele>
      </trkpt>
      <trkpt lat="38.195190" lon="127.260116">
        <ele>178.9</ele>
      </trkpt>
      <trkpt lat="38.195177" lon="127.260171">
        <ele>179.0</ele>
      </trkpt>
      <trkpt lat="38.195164" lon="127.260225">
        <ele>179.0</ele>
      </trkpt>
      <trkpt lat="38.195153" lon="127.260281">
        <ele>179.0</ele>
      </trkpt>
      <trkpt lat="38.195143" lon="127.260337">
        <ele>179.1</ele>
      </trkpt>
      <trkpt lat="38.195133" lon="127.260392">
        <ele>179.1</ele>
      </trkpt>
      <trkpt lat="38.195123" lon="127.260448">
        <ele>179.2</ele>
      </trkpt>
      <trkpt lat="38.195114" lon="127.260504">
        <ele>179.2</ele>
      </trkpt>
      <trkpt lat="38.195104" lon="127.260560">
        <ele>179.2</ele>
      </trkpt>
      <trkpt lat="38.195094" lon="127.260616">
        <ele>179.3</ele>
      </trkpt>
      <trkpt lat="38.195084" lon="127.260672">
        <ele>179.3</ele>
      </trkpt>
      <trkpt lat="38.195074" lon="127.260727">
        <ele>179.4</ele>
      </trkpt>
      <trkpt lat="38.195064" lon="127.260783">
        <ele>179.4</ele>
      </trkpt>
      <trkpt lat="38.195055" lon="127.260839">
        <ele>179.4</ele>
      </trkpt>
      <trkpt lat="38.195045" lon="127.260895">
        <ele>179.5</ele>
      </trkpt>
      <trkpt lat="38.195035" lon="127.260951">
        <ele>179.5</ele>
      </trkpt>
      <trkpt lat="38.195025" lon="127.261007">
        <ele>179.6</ele>
      </trkpt>
      <trkpt lat="38.195015" lon="127.261062">
        <ele>179.6</ele>
      </trkpt>
      <trkpt lat="38.195006" lon="127.261118">
        <ele>179.6</ele>
      </trkpt>
      <trkpt lat="38.194996" lon="127.261174">
        <ele>179.7</ele>
      </trkpt>
      <trkpt lat="38.194986" lon="127.261230">
        <ele>179.7</ele>
      </trkpt>
      <trkpt lat="38.194976" lon="127.261286">
        <ele>179.8</ele>
      </trkpt>
      <trkpt lat="38.194967" lon="127.261342">
        <ele>179.8</ele>
      </trkpt>
      <trkpt lat="38.194958" lon="127.261398">
        <ele>179.8</ele>
      </trkpt>
      <trkpt lat="38.194950" lon="127.261454">
        <ele>179.7</ele>
      </trkpt>
      <trkpt lat="38.194942" lon="127.261510">
        <ele>179.7</ele>
      </trkpt>
      <trkpt lat="38.194933" lon="127.261567">
        <ele>179.7</ele>
      </trkpt>
      <trkpt lat="38.194925" lon="127.261623">
        <ele>179.7</ele>
      </trkpt>
      <trkpt lat="38.194917" lon="127.261679">
        <ele>179.6</ele>
      </trkpt>
      <trkpt lat="38.194909" lon="127.261735">
        <ele>179.6</ele>
      </trkpt>
      <trkpt lat="38.194900" lon="127.261791">
        <ele>179.6</ele>
      </trkpt>
      <trkpt lat="38.194892" lon="127.261848">
        <ele>179.6</ele>
      </trkpt>
      <trkpt lat="38.194884" lon="127.261904">
        <ele>179.5</ele>
      </trkpt>
      <trkpt lat="38.194875" lon="127.261960">
        <ele>179.5</ele>
      </trkpt>
      <trkpt lat="38.194867" lon="127.262016">
        <ele>179.5</ele>
      </trkpt>
      <trkpt lat="38.194859" lon="127.262073">
        <ele>179.4</ele>
      </trkpt>
      <trkpt lat="38.194850" lon="127.262129">
        <ele>179.4</ele>
      </trkpt>
      <trkpt lat="38.194842" lon="127.262185">
        <ele>179.4</ele>
      </trkpt>
      <trkpt lat="38.194834" lon="127.262241">
        <ele>179.4</ele>
      </trkpt>
      <trkpt lat="38.194825" lon="127.262298">
        <ele>179.3</ele>
      </trkpt>
      <trkpt lat="38.194817" lon="127.262354">
        <ele>179.3</ele>
      </trkpt>
      <trkpt lat="38.194809" lon="127.262410">
        <ele>179.3</ele>
      </trkpt>
      <trkpt lat="38.194800" lon="127.262466">
        <ele>179.3</ele>
      </trkpt>
      <trkpt lat="38.194792" lon="127.262522">
        <ele>179.2</ele>
      </trkpt>
      <trkpt lat="38.194784" lon="127.262579">
        <ele>179.2</ele>
      </trkpt>
      <trkpt lat="38.194776" lon="127.262635">
        <ele>179.2</ele>
      </trkpt>
      <trkpt lat="38.194767" lon="127.262691">
        <ele>179.1</ele>
      </trkpt>
      <trkpt lat="38.194759" lon="127.262747">
        <ele>179.1</ele>
      </trkpt>
      <trkpt lat="38.194751" lon="127.262804">
        <ele>179.1</ele>
      </trkpt>
      <trkpt lat="38.194742" lon="127.262860">
        <ele>179.1</ele>
      </trkpt>
      <trkpt lat="38.194734" lon="127.262916">
        <ele>179.0</ele>
      </trkpt>
      <trkpt lat="38.194726" lon="127.262972">
        <ele>179.0</ele>
      </trkpt>
      <trkpt lat="38.194717" lon="127.263028">
        <ele>179.0</ele>
      </trkpt>
      <trkpt lat="38.194708" lon="127.263085">
        <ele>178.8</ele>
      </trkpt>
      <trkpt lat="38.194700" lon="127.263141">
        <ele>178.7</ele>
      </trkpt>
      <trkpt lat="38.194691" lon="127.263197">
        <ele>178.6</ele>
      </trkpt>
      <trkpt lat="38.194682" lon="127.263253">
        <ele>178.5</ele>
      </trkpt>
      <trkpt lat="38.194674" lon="127.263309">
        <ele>178.4</ele>
      </trkpt>
      <trkpt lat="38.194665" lon="127.263365">
        <ele>178.3</ele>
      </trkpt>
      <trkpt lat="38.194656" lon="127.263421">
        <ele>178.2</ele>
      </trkpt>
      <trkpt lat="38.194648" lon="127.263478">
        <ele>178.1</ele>
      </trkpt>
      <trkpt lat="38.194630" lon="127.263518">
        <ele>178.0</ele>
      </trkpt>
      <trkpt lat="38.194636" lon="127.263552">
        <ele>178.5</ele>
      </trkpt>
      <trkpt lat="38.194627" lon="127.263608">
        <ele>178.4</ele>
      </trkpt>
      <trkpt lat="38.194619" lon="127.263664">
        <ele>178.4</ele>
      </trkpt>
      <trkpt lat="38.194610" lon="127.263720">
        <ele>178.4</ele>
      </trkpt>
      <trkpt lat="38.194601" lon="127.263777">
        <ele>178.3</ele>
      </trkpt>
      <trkpt lat="38.194593" lon="127.263833">
        <ele>178.3</ele>
      </trkpt>
      <trkpt lat="38.194584" lon="127.263889">
        <ele>178.2</ele>
      </trkpt>
      <trkpt lat="38.194575" lon="127.263945">
        <ele>178.2</ele>
      </trkpt>
      <trkpt lat="38.194567" lon="127.264001">
        <ele>178.1</ele>
      </trkpt>
      <trkpt lat="38.194558" lon="127.264057">
        <ele>178.1</ele>
      </trkpt>
      <trkpt lat="38.194549" lon="127.264113">
        <ele>178.1</ele>
      </trkpt>
      <trkpt lat="38.194541" lon="127.264170">
        <ele>178.0</ele>
      </trkpt>
      <trkpt lat="38.194532" lon="127.264226">
        <ele>178.0</ele>
      </trkpt>
      <trkpt lat="38.194525" lon="127.264282">
        <ele>178.0</ele>
      </trkpt>
      <trkpt lat="38.194517" lon="127.264338">
        <ele>178.0</ele>
      </trkpt>
      <trkpt lat="38.194509" lon="127.264395">
        <ele>178.0</ele>
      </trkpt>
      <trkpt lat="38.194501" lon="127.264451">
        <ele>178.0</ele>
      </trkpt>
      <trkpt lat="38.194494" lon="127.264508">
        <ele>178.0</ele>
      </trkpt>
      <trkpt lat="38.194486" lon="127.264564">
        <ele>178.0</ele>
      </trkpt>
      <trkpt lat="38.194478" lon="127.264620">
        <ele>178.0</ele>
      </trkpt>
      <trkpt lat="38.194471" lon="127.264677">
        <ele>178.0</ele>
      </trkpt>
      <trkpt lat="38.194463" lon="127.264733">
        <ele>178.0</ele>
      </trkpt>
      <trkpt lat="38.194455" lon="127.264789">
        <ele>178.0</ele>
      </trkpt>
      <trkpt lat="38.194447" lon="127.264846">
        <ele>178.0</ele>
      </trkpt>
      <trkpt lat="38.194440" lon="127.264902">
        <ele>178.0</ele>
      </trkpt>
      <trkpt lat="38.194432" lon="127.264958">
        <ele>178.0</ele>
      </trkpt>
      <trkpt lat="38.194424" lon="127.265015">
        <ele>178.0</ele>
      </trkpt>
      <trkpt lat="38.194416" lon="127.265071">
        <ele>178.0</ele>
      </trkpt>
      <trkpt lat="38.194409" lon="127.265128">
        <ele>178.0</ele>
      </trkpt>
      <trkpt lat="38.194401" lon="127.265184">
        <ele>178.0</ele>
      </trkpt>
      <trkpt lat="38.194393" lon="127.265240">
        <ele>178.0</ele>
      </trkpt>
      <trkpt lat="38.194385" lon="127.265297">
        <ele>178.0</ele>
      </trkpt>
      <trkpt lat="38.194378" lon="127.265353">
        <ele>178.0</ele>
      </trkpt>
      <trkpt lat="38.194370" lon="127.265409">
        <ele>178.0</ele>
      </trkpt>
      <trkpt lat="38.194362" lon="127.265466">
        <ele>178.0</ele>
      </trkpt>
      <trkpt lat="38.194355" lon="127.265522">
        <ele>178.0</ele>
      </trkpt>
      <trkpt lat="38.194347" lon="127.265578">
        <ele>178.0</ele>
      </trkpt>
      <trkpt lat="38.194339" lon="127.265635">
        <ele>178.0</ele>
      </trkpt>
      <trkpt lat="38.194331" lon="127.265691">
        <ele>178.0</ele>
      </trkpt>
      <trkpt lat="38.194324" lon="127.265748">
        <ele>178.0</ele>
      </trkpt>
      <trkpt lat="38.194316" lon="127.265804">
        <ele>178.0</ele>
      </trkpt>
      <trkpt lat="38.194308" lon="127.265860">
        <ele>178.1</ele>
      </trkpt>
      <trkpt lat="38.194299" lon="127.265916">
        <ele>178.1</ele>
      </trkpt>
      <trkpt lat="38.194291" lon="127.265973">
        <ele>178.1</ele>
      </trkpt>
      <trkpt lat="38.194283" lon="127.266029">
        <ele>178.2</ele>
      </trkpt>
      <trkpt lat="38.194275" lon="127.266085">
        <ele>178.2</ele>
      </trkpt>
      <trkpt lat="38.194267" lon="127.266141">
        <ele>178.2</ele>
      </trkpt>
      <trkpt lat="38.194259" lon="127.266198">
        <ele>178.3</ele>
      </trkpt>
      <trkpt lat="38.194251" lon="127.266254">
        <ele>178.3</ele>
      </trkpt>
      <trkpt lat="38.194242" lon="127.266310">
        <ele>178.4</ele>
      </trkpt>
      <trkpt lat="38.194234" lon="127.266367">
        <ele>178.4</ele>
      </trkpt>
      <trkpt lat="38.194226" lon="127.266423">
        <ele>178.4</ele>
      </trkpt>
      <trkpt lat="38.194218" lon="127.266479">
        <ele>178.5</ele>
      </trkpt>
      <trkpt lat="38.194210" lon="127.266535">
        <ele>178.5</ele>
      </trkpt>
      <trkpt lat="38.194202" lon="127.266592">
        <ele>178.6</ele>
      </trkpt>
      <trkpt lat="38.194194" lon="127.266648">
        <ele>178.6</ele>
      </trkpt>
      <trkpt lat="38.194185" lon="127.266704">
        <ele>178.6</ele>
      </trkpt>
      <trkpt lat="38.194177" lon="127.266760">
        <ele>178.7</ele>
      </trkpt>
      <trkpt lat="38.194169" lon="127.266817">
        <ele>178.7</ele>
      </trkpt>
      <trkpt lat="38.194161" lon="127.266873">
        <ele>178.7</ele>
      </trkpt>
      <trkpt lat="38.194153" lon="127.266929">
        <ele>178.8</ele>
      </trkpt>
      <trkpt lat="38.194144" lon="127.266985">
        <ele>178.7</ele>
      </trkpt>
      <trkpt lat="38.194134" lon="127.267041">
        <ele>178.5</ele>
      </trkpt>
      <trkpt lat="38.194125" lon="127.267097">
        <ele>178.4</ele>
      </trkpt>
      <trkpt lat="38.194115" lon="127.267153">
        <ele>178.2</ele>
      </trkpt>
      <trkpt lat="38.194106" lon="127.267209">
        <ele>178.0</ele>
      </trkpt>
      <trkpt lat="38.194096" lon="127.267265">
        <ele>178.0</ele>
      </trkpt>
      <trkpt lat="38.194086" lon="127.267321">
        <ele>177.9</ele>
      </trkpt>
      <trkpt lat="38.194077" lon="127.267377">
        <ele>177.8</ele>
      </trkpt>
      <trkpt lat="38.194067" lon="127.267433">
        <ele>177.8</ele>
      </trkpt>
      <trkpt lat="38.194058" lon="127.267488">
        <ele>177.7</ele>
      </trkpt>
      <trkpt lat="38.194048" lon="127.267544">
        <ele>177.6</ele>
      </trkpt>
      <trkpt lat="38.194039" lon="127.267600">
        <ele>177.6</ele>
      </trkpt>
      <trkpt lat="38.194029" lon="127.267656">
        <ele>177.5</ele>
      </trkpt>
      <trkpt lat="38.194019" lon="127.267712">
        <ele>177.4</ele>
      </trkpt>
      <trkpt lat="38.194010" lon="127.267768">
        <ele>177.4</ele>
      </trkpt>
      <trkpt lat="38.194000" lon="127.267824">
        <ele>177.3</ele>
      </trkpt>
      <trkpt lat="38.193993" lon="127.267880">
        <ele>177.3</ele>
      </trkpt>
      <trkpt lat="38.193985" lon="127.267937">
        <ele>177.4</ele>
      </trkpt>
      <trkpt lat="38.193977" lon="127.267993">
        <ele>177.4</ele>
      </trkpt>
      <trkpt lat="38.193969" lon="127.268049">
        <ele>177.5</ele>
      </trkpt>
      <trkpt lat="38.193961" lon="127.268105">
        <ele>177.5</ele>
      </trkpt>
      <trkpt lat="38.193952" lon="127.268162">
        <ele>177.5</ele>
      </trkpt>
      <trkpt lat="38.193944" lon="127.268218">
        <ele>177.5</ele>
      </trkpt>
      <trkpt lat="38.193935" lon="127.268274">
        <ele>177.5</ele>
      </trkpt>
      <trkpt lat="38.193927" lon="127.268330">
        <ele>177.4</ele>
      </trkpt>
      <trkpt lat="38.193918" lon="127.268386">
        <ele>177.4</ele>
      </trkpt>
      <trkpt lat="38.193910" lon="127.268442">
        <ele>177.4</ele>
      </trkpt>
      <trkpt lat="38.193901" lon="127.268499">
        <ele>177.4</ele>
      </trkpt>
      <trkpt lat="38.193893" lon="127.268555">
        <ele>177.4</ele>
      </trkpt>
      <trkpt lat="38.193884" lon="127.268611">
        <ele>177.4</ele>
      </trkpt>
      <trkpt lat="38.193876" lon="127.268667">
        <ele>177.4</ele>
      </trkpt>
      <trkpt lat="38.193867" lon="127.268723">
        <ele>177.4</ele>
      </trkpt>
      <trkpt lat="38.193858" lon="127.268780">
        <ele>177.3</ele>
      </trkpt>
      <trkpt lat="38.193850" lon="127.268836">
        <ele>177.3</ele>
      </trkpt>
      <trkpt lat="38.193841" lon="127.268892">
        <ele>177.3</ele>
      </trkpt>
      <trkpt lat="38.193833" lon="127.268948">
        <ele>177.3</ele>
      </trkpt>
      <trkpt lat="38.193824" lon="127.269004">
        <ele>177.3</ele>
      </trkpt>
      <trkpt lat="38.193816" lon="127.269060">
        <ele>177.3</ele>
      </trkpt>
      <trkpt lat="38.193807" lon="127.269117">
        <ele>177.3</ele>
      </trkpt>
      <trkpt lat="38.193799" lon="127.269173">
        <ele>177.3</ele>
      </trkpt>
      <trkpt lat="38.193790" lon="127.269229">
        <ele>177.2</ele>
      </trkpt>
      <trkpt lat="38.193782" lon="127.269285">
        <ele>177.2</ele>
      </trkpt>
      <trkpt lat="38.193773" lon="127.269341">
        <ele>177.2</ele>
      </trkpt>
      <trkpt lat="38.193765" lon="127.269398">
        <ele>177.2</ele>
      </trkpt>
      <trkpt lat="38.193756" lon="127.269454">
        <ele>177.2</ele>
      </trkpt>
      <trkpt lat="38.193748" lon="127.269510">
        <ele>177.2</ele>
      </trkpt>
      <trkpt lat="38.193739" lon="127.269566">
        <ele>177.2</ele>
      </trkpt>
      <trkpt lat="38.193731" lon="127.269622">
        <ele>177.2</ele>
      </trkpt>
      <trkpt lat="38.193722" lon="127.269678">
        <ele>177.1</ele>
      </trkpt>
      <trkpt lat="38.193714" lon="127.269735">
        <ele>177.1</ele>
      </trkpt>
      <trkpt lat="38.193705" lon="127.269791">
        <ele>177.1</ele>
      </trkpt>
      <trkpt lat="38.193697" lon="127.269847">
        <ele>177.1</ele>
      </trkpt>
      <trkpt lat="38.193688" lon="127.269903">
        <ele>177.1</ele>
      </trkpt>
      <trkpt lat="38.193680" lon="127.269959">
        <ele>177.1</ele>
      </trkpt>
      <trkpt lat="38.193671" lon="127.270016">
        <ele>177.1</ele>
      </trkpt>
      <trkpt lat="38.193663" lon="127.270072">
        <ele>177.1</ele>
      </trkpt>
      <trkpt lat="38.193654" lon="127.270128">
        <ele>177.0</ele>
      </trkpt>
      <trkpt lat="38.193646" lon="127.270184">
        <ele>177.0</ele>
      </trkpt>
      <trkpt lat="38.193637" lon="127.270240">
        <ele>177.0</ele>
      </trkpt>
      <trkpt lat="38.193629" lon="127.270296">
        <ele>177.0</ele>
      </trkpt>
      <trkpt lat="38.193621" lon="127.270353">
        <ele>176.9</ele>
      </trkpt>
      <trkpt lat="38.193613" lon="127.270409">
        <ele>176.9</ele>
      </trkpt>
      <trkpt lat="38.193606" lon="127.270466">
        <ele>176.8</ele>
      </trkpt>
      <trkpt lat="38.193598" lon="127.270522">
        <ele>176.8</ele>
      </trkpt>
      <trkpt lat="38.193590" lon="127.270578">
        <ele>176.7</ele>
      </trkpt>
      <trkpt lat="38.193583" lon="127.270635">
        <ele>176.6</ele>
      </trkpt>
      <trkpt lat="38.193575" lon="127.270691">
        <ele>176.6</ele>
      </trkpt>
      <trkpt lat="38.193568" lon="127.270747">
        <ele>176.5</ele>
      </trkpt>
      <trkpt lat="38.193560" lon="127.270804">
        <ele>176.4</ele>
      </trkpt>
      <trkpt lat="38.193552" lon="127.270860">
        <ele>176.4</ele>
      </trkpt>
      <trkpt lat="38.193545" lon="127.270917">
        <ele>176.3</ele>
      </trkpt>
      <trkpt lat="38.193537" lon="127.270973">
        <ele>176.3</ele>
      </trkpt>
      <trkpt lat="38.193529" lon="127.271029">
        <ele>176.2</ele>
      </trkpt>
      <trkpt lat="38.193522" lon="127.271086">
        <ele>176.1</ele>
      </trkpt>
      <trkpt lat="38.193514" lon="127.271142">
        <ele>176.1</ele>
      </trkpt>
      <trkpt lat="38.193507" lon="127.271199">
        <ele>176.0</ele>
      </trkpt>
      <trkpt lat="38.193499" lon="127.271255">
        <ele>175.9</ele>
      </trkpt>
      <trkpt lat="38.193491" lon="127.271311">
        <ele>175.9</ele>
      </trkpt>
      <trkpt lat="38.193484" lon="127.271368">
        <ele>175.8</ele>
      </trkpt>
      <trkpt lat="38.193475" lon="127.271424">
        <ele>175.7</ele>
      </trkpt>
      <trkpt lat="38.193466" lon="127.271480">
        <ele>175.6</ele>
      </trkpt>
      <trkpt lat="38.193457" lon="127.271536">
        <ele>175.5</ele>
      </trkpt>
      <trkpt lat="38.193447" lon="127.271592">
        <ele>175.4</ele>
      </trkpt>
      <trkpt lat="38.193438" lon="127.271648">
        <ele>175.3</ele>
      </trkpt>
      <trkpt lat="38.193429" lon="127.271704">
        <ele>175.2</ele>
      </trkpt>
      <trkpt lat="38.193420" lon="127.271760">
        <ele>175.1</ele>
      </trkpt>
      <trkpt lat="38.193411" lon="127.271816">
        <ele>175.0</ele>
      </trkpt>
      <trkpt lat="38.193399" lon="127.271871">
        <ele>175.1</ele>
      </trkpt>
      <trkpt lat="38.193386" lon="127.271926">
        <ele>175.2</ele>
      </trkpt>
      <trkpt lat="38.193374" lon="127.271981">
        <ele>175.3</ele>
      </trkpt>
      <trkpt lat="38.193361" lon="127.272036">
        <ele>175.4</ele>
      </trkpt>
      <trkpt lat="38.193349" lon="127.272091">
        <ele>175.5</ele>
      </trkpt>
      <trkpt lat="38.193337" lon="127.272146">
        <ele>175.6</ele>
      </trkpt>
      <trkpt lat="38.193324" lon="127.272201">
        <ele>175.6</ele>
      </trkpt>
      <trkpt lat="38.193312" lon="127.272256">
        <ele>175.7</ele>
      </trkpt>
      <trkpt lat="38.193299" lon="127.272311">
        <ele>175.8</ele>
      </trkpt>
      <trkpt lat="38.193284" lon="127.272365">
        <ele>175.9</ele>
      </trkpt>
      <trkpt lat="38.193270" lon="127.272419">
        <ele>175.9</ele>
      </trkpt>
      <trkpt lat="38.193255" lon="127.272473">
        <ele>176.0</ele>
      </trkpt>
      <trkpt lat="38.193241" lon="127.272527">
        <ele>176.0</ele>
      </trkpt>
      <trkpt lat="38.193226" lon="127.272581">
        <ele>176.1</ele>
      </trkpt>
      <trkpt lat="38.193212" lon="127.272636">
        <ele>176.1</ele>
      </trkpt>
      <trkpt lat="38.193197" lon="127.272690">
        <ele>176.2</ele>
      </trkpt>
      <trkpt lat="38.193183" lon="127.272744">
        <ele>176.2</ele>
      </trkpt>
      <trkpt lat="38.193168" lon="127.272798">
        <ele>176.3</ele>
      </trkpt>
      <trkpt lat="38.193154" lon="127.272852">
        <ele>176.3</ele>
      </trkpt>
      <trkpt lat="38.193139" lon="127.272906">
        <ele>176.4</ele>
      </trkpt>
      <trkpt lat="38.193125" lon="127.272961">
        <ele>176.5</ele>
      </trkpt>
      <trkpt lat="38.193110" lon="127.273015">
        <ele>176.5</ele>
      </trkpt>
      <trkpt lat="38.193096" lon="127.273069">
        <ele>176.6</ele>
      </trkpt>
      <trkpt lat="38.193081" lon="127.273123">
        <ele>176.6</ele>
      </trkpt>
      <trkpt lat="38.193067" lon="127.273177">
        <ele>176.7</ele>
      </trkpt>
      <trkpt lat="38.193052" lon="127.273231">
        <ele>176.7</ele>
      </trkpt>
      <trkpt lat="38.193038" lon="127.273285">
        <ele>176.8</ele>
      </trkpt>
      <trkpt lat="38.193023" lon="127.273340">
        <ele>176.8</ele>
      </trkpt>
      <trkpt lat="38.193009" lon="127.273394">
        <ele>176.9</ele>
      </trkpt>
      <trkpt lat="38.192994" lon="127.273448">
        <ele>176.9</ele>
      </trkpt>
      <trkpt lat="38.192980" lon="127.273502">
        <ele>177.0</ele>
      </trkpt>
      <trkpt lat="38.192964" lon="127.273556">
        <ele>177.0</ele>
      </trkpt>
      <trkpt lat="38.192949" lon="127.273609">
        <ele>177.0</ele>
      </trkpt>
      <trkpt lat="38.192933" lon="127.273663">
        <ele>177.0</ele>
      </trkpt>
      <trkpt lat="38.192917" lon="127.273717">
        <ele>177.0</ele>
      </trkpt>
      <trkpt lat="38.192901" lon="127.273770">
        <ele>177.0</ele>
      </trkpt>
      <trkpt lat="38.192886" lon="127.273824">
        <ele>177.0</ele>
      </trkpt>
      <trkpt lat="38.192870" lon="127.273877">
        <ele>177.0</ele>
      </trkpt>
      <trkpt lat="38.192853" lon="127.273931">
        <ele>177.0</ele>
      </trkpt>
      <trkpt lat="38.192836" lon="127.273984">
        <ele>176.9</ele>
      </trkpt>
      <trkpt lat="38.192820" lon="127.274037">
        <ele>176.9</ele>
      </trkpt>
      <trkpt lat="38.192803" lon="127.274090">
        <ele>176.8</ele>
      </trkpt>
      <trkpt lat="38.192786" lon="127.274143">
        <ele>176.8</ele>
      </trkpt>
      <trkpt lat="38.192769" lon="127.274196">
        <ele>176.8</ele>
      </trkpt>
      <trkpt lat="38.192752" lon="127.274249">
        <ele>176.7</ele>
      </trkpt>
      <trkpt lat="38.192735" lon="127.274302">
        <ele>176.7</ele>
      </trkpt>
      <trkpt lat="38.192718" lon="127.274355">
        <ele>176.6</ele>
      </trkpt>
      <trkpt lat="38.192701" lon="127.274408">
        <ele>176.6</ele>
      </trkpt>
      <trkpt lat="38.192684" lon="127.274461">
        <ele>176.5</ele>
      </trkpt>
      <trkpt lat="38.192668" lon="127.274514">
        <ele>176.5</ele>
      </trkpt>
      <trkpt lat="38.192651" lon="127.274567">
        <ele>176.5</ele>
      </trkpt>
      <trkpt lat="38.192635" lon="127.274621">
        <ele>176.4</ele>
      </trkpt>
      <trkpt lat="38.192618" lon="127.274674">
        <ele>176.4</ele>
      </trkpt>
      <trkpt lat="38.192602" lon="127.274727">
        <ele>176.4</ele>
      </trkpt>
      <trkpt lat="38.192586" lon="127.274780">
        <ele>176.3</ele>
      </trkpt>
      <trkpt lat="38.192569" lon="127.274834">
        <ele>176.3</ele>
      </trkpt>
      <trkpt lat="38.192553" lon="127.274887">
        <ele>176.3</ele>
      </trkpt>
      <trkpt lat="38.192537" lon="127.274940">
        <ele>176.2</ele>
      </trkpt>
      <trkpt lat="38.192520" lon="127.274994">
        <ele>176.2</ele>
      </trkpt>
      <trkpt lat="38.192504" lon="127.275047">
        <ele>176.1</ele>
      </trkpt>
      <trkpt lat="38.192488" lon="127.275100">
        <ele>176.1</ele>
      </trkpt>
      <trkpt lat="38.192471" lon="127.275153">
        <ele>176.1</ele>
      </trkpt>
      <trkpt lat="38.192455" lon="127.275207">
        <ele>176.0</ele>
      </trkpt>
      <trkpt lat="38.192438" lon="127.275260">
        <ele>176.0</ele>
      </trkpt>
      <trkpt lat="38.192422" lon="127.275313">
        <ele>176.0</ele>
      </trkpt>
      <trkpt lat="38.192406" lon="127.275367">
        <ele>175.9</ele>
      </trkpt>
      <trkpt lat="38.192389" lon="127.275420">
        <ele>175.9</ele>
      </trkpt>
      <trkpt lat="38.192373" lon="127.275473">
        <ele>175.9</ele>
      </trkpt>
      <trkpt lat="38.192357" lon="127.275526">
        <ele>175.8</ele>
      </trkpt>
      <trkpt lat="38.192340" lon="127.275580">
        <ele>175.8</ele>
      </trkpt>
      <trkpt lat="38.192324" lon="127.275633">
        <ele>175.7</ele>
      </trkpt>
      <trkpt lat="38.192308" lon="127.275686">
        <ele>175.7</ele>
      </trkpt>
      <trkpt lat="38.192291" lon="127.275740">
        <ele>175.7</ele>
      </trkpt>
      <trkpt lat="38.192275" lon="127.275793">
        <ele>175.6</ele>
      </trkpt>
      <trkpt lat="38.192258" lon="127.275846">
        <ele>175.6</ele>
      </trkpt>
      <trkpt lat="38.192242" lon="127.275899">
        <ele>175.6</ele>
      </trkpt>
      <trkpt lat="38.192226" lon="127.275953">
        <ele>175.5</ele>
      </trkpt>
      <trkpt lat="38.192209" lon="127.276006">
        <ele>175.5</ele>
      </trkpt>
      <trkpt lat="38.192193" lon="127.276059">
        <ele>175.5</ele>
      </trkpt>
      <trkpt lat="38.192176" lon="127.276112">
        <ele>175.4</ele>
      </trkpt>
      <trkpt lat="38.192159" lon="127.276165">
        <ele>175.4</ele>
      </trkpt>
      <trkpt lat="38.192142" lon="127.276218">
        <ele>175.3</ele>
      </trkpt>
      <trkpt lat="38.192125" lon="127.276271">
        <ele>175.3</ele>
      </trkpt>
      <trkpt lat="38.192109" lon="127.276325">
        <ele>175.2</ele>
      </trkpt>
      <trkpt lat="38.192092" lon="127.276378">
        <ele>175.2</ele>
      </trkpt>
      <trkpt lat="38.192075" lon="127.276431">
        <ele>175.1</ele>
      </trkpt>
      <trkpt lat="38.192058" lon="127.276484">
        <ele>175.1</ele>
      </trkpt>
      <trkpt lat="38.192042" lon="127.276537">
        <ele>175.0</ele>
      </trkpt>
      <trkpt lat="38.192025" lon="127.276590">
        <ele>175.0</ele>
      </trkpt>
      <trkpt lat="38.192008" lon="127.276643">
        <ele>174.9</ele>
      </trkpt>
      <trkpt lat="38.191991" lon="127.276696">
        <ele>174.9</ele>
      </trkpt>
      <trkpt lat="38.191974" lon="127.276749">
        <ele>174.9</ele>
      </trkpt>
      <trkpt lat="38.191958" lon="127.276802">
        <ele>174.8</ele>
      </trkpt>
      <trkpt lat="38.191941" lon="127.276855">
        <ele>174.8</ele>
      </trkpt>
      <trkpt lat="38.191924" lon="127.276908">
        <ele>174.7</ele>
      </trkpt>
      <trkpt lat="38.191907" lon="127.276961">
        <ele>174.7</ele>
      </trkpt>
      <trkpt lat="38.191891" lon="127.277015">
        <ele>174.6</ele>
      </trkpt>
      <trkpt lat="38.191874" lon="127.277068">
        <ele>174.6</ele>
      </trkpt>
      <trkpt lat="38.191857" lon="127.277121">
        <ele>174.5</ele>
      </trkpt>
      <trkpt lat="38.191840" lon="127.277174">
        <ele>174.5</ele>
      </trkpt>
      <trkpt lat="38.191823" lon="127.277227">
        <ele>174.4</ele>
      </trkpt>
      <trkpt lat="38.191807" lon="127.277280">
        <ele>174.4</ele>
      </trkpt>
      <trkpt lat="38.191790" lon="127.277333">
        <ele>174.4</ele>
      </trkpt>
      <trkpt lat="38.191773" lon="127.277386">
        <ele>174.3</ele>
      </trkpt>
      <trkpt lat="38.191756" lon="127.277439">
        <ele>174.3</ele>
      </trkpt>
      <trkpt lat="38.191740" lon="127.277492">
        <ele>174.2</ele>
      </trkpt>
      <trkpt lat="38.191723" lon="127.277545">
        <ele>174.2</ele>
      </trkpt>
      <trkpt lat="38.191706" lon="127.277598">
        <ele>174.1</ele>
      </trkpt>
      <trkpt lat="38.191689" lon="127.277652">
        <ele>174.1</ele>
      </trkpt>
      <trkpt lat="38.191672" lon="127.277705">
        <ele>174.0</ele>
      </trkpt>
      <trkpt lat="38.191656" lon="127.277758">
        <ele>174.0</ele>
      </trkpt>
      <trkpt lat="38.191639" lon="127.277811">
        <ele>173.9</ele>
      </trkpt>
      <trkpt lat="38.191622" lon="127.277864">
        <ele>173.9</ele>
      </trkpt>
      <trkpt lat="38.191605" lon="127.277917">
        <ele>173.8</ele>
      </trkpt>
      <trkpt lat="38.191589" lon="127.277970">
        <ele>173.8</ele>
      </trkpt>
      <trkpt lat="38.191572" lon="127.278023">
        <ele>173.8</ele>
      </trkpt>
      <trkpt lat="38.191555" lon="127.278076">
        <ele>173.7</ele>
      </trkpt>
      <trkpt lat="38.191538" lon="127.278129">
        <ele>173.7</ele>
      </trkpt>
      <trkpt lat="38.191521" lon="127.278182">
        <ele>173.6</ele>
      </trkpt>
      <trkpt lat="38.191505" lon="127.278235">
        <ele>173.6</ele>
      </trkpt>
      <trkpt lat="38.191488" lon="127.278289">
        <ele>173.5</ele>
      </trkpt>
      <trkpt lat="38.191471" lon="127.278342">
        <ele>173.5</ele>
      </trkpt>
      <trkpt lat="38.191454" lon="127.278395">
        <ele>173.4</ele>
      </trkpt>
      <trkpt lat="38.191438" lon="127.278448">
        <ele>173.4</ele>
      </trkpt>
      <trkpt lat="38.191421" lon="127.278501">
        <ele>173.3</ele>
      </trkpt>
      <trkpt lat="38.191404" lon="127.278554">
        <ele>173.3</ele>
      </trkpt>
      <trkpt lat="38.191387" lon="127.278607">
        <ele>173.3</ele>
      </trkpt>
      <trkpt lat="38.191370" lon="127.278660">
        <ele>173.2</ele>
      </trkpt>
      <trkpt lat="38.191354" lon="127.278713">
        <ele>173.2</ele>
      </trkpt>
      <trkpt lat="38.191337" lon="127.278766">
        <ele>173.1</ele>
      </trkpt>
      <trkpt lat="38.191320" lon="127.278819">
        <ele>173.1</ele>
      </trkpt>
      <trkpt lat="38.191303" lon="127.278872">
        <ele>173.0</ele>
      </trkpt>
      <trkpt lat="38.191287" lon="127.278925">
        <ele>173.0</ele>
      </trkpt>
      <trkpt lat="38.191270" lon="127.278979">
        <ele>172.9</ele>
      </trkpt>
      <trkpt lat="38.191253" lon="127.279032">
        <ele>172.9</ele>
      </trkpt>
      <trkpt lat="38.191236" lon="127.279085">
        <ele>172.8</ele>
      </trkpt>
      <trkpt lat="38.191219" lon="127.279138">
        <ele>172.8</ele>
      </trkpt>
      <trkpt lat="38.191202" lon="127.279190">
        <ele>172.7</ele>
      </trkpt>
      <trkpt lat="38.191184" lon="127.279243">
        <ele>172.6</ele>
      </trkpt>
      <trkpt lat="38.191167" lon="127.279296">
        <ele>172.6</ele>
      </trkpt>
      <trkpt lat="38.191149" lon="127.279349">
        <ele>172.5</ele>
      </trkpt>
      <trkpt lat="38.191132" lon="127.279401">
        <ele>172.4</ele>
      </trkpt>
      <trkpt lat="38.191114" lon="127.279454">
        <ele>172.4</ele>
      </trkpt>
      <trkpt lat="38.191097" lon="127.279507">
        <ele>172.3</ele>
      </trkpt>
      <trkpt lat="38.191079" lon="127.279559">
        <ele>172.2</ele>
      </trkpt>
      <trkpt lat="38.191062" lon="127.279612">
        <ele>172.1</ele>
      </trkpt>
      <trkpt lat="38.191044" lon="127.279665">
        <ele>172.1</ele>
      </trkpt>
      <trkpt lat="38.191027" lon="127.279717">
        <ele>172.0</ele>
      </trkpt>
      <trkpt lat="38.191009" lon="127.279770">
        <ele>171.9</ele>
      </trkpt>
      <trkpt lat="38.190991" lon="127.279823">
        <ele>171.8</ele>
      </trkpt>
      <trkpt lat="38.190974" lon="127.279875">
        <ele>171.8</ele>
      </trkpt>
      <trkpt lat="38.190956" lon="127.279928">
        <ele>171.7</ele>
      </trkpt>
      <trkpt lat="38.190939" lon="127.279981">
        <ele>171.6</ele>
      </trkpt>
      <trkpt lat="38.190921" lon="127.280033">
        <ele>171.5</ele>
      </trkpt>
      <trkpt lat="38.190904" lon="127.280086">
        <ele>171.5</ele>
      </trkpt>
      <trkpt lat="38.190886" lon="127.280139">
        <ele>171.4</ele>
      </trkpt>
      <trkpt lat="38.190869" lon="127.280191">
        <ele>171.3</ele>
      </trkpt>
      <trkpt lat="38.190851" lon="127.280244">
        <ele>171.3</ele>
      </trkpt>
      <trkpt lat="38.190834" lon="127.280297">
        <ele>171.2</ele>
      </trkpt>
      <trkpt lat="38.190816" lon="127.280350">
        <ele>171.1</ele>
      </trkpt>
      <trkpt lat="38.190799" lon="127.280402">
        <ele>171.0</ele>
      </trkpt>
      <trkpt lat="38.190781" lon="127.280455">
        <ele>171.0</ele>
      </trkpt>
      <trkpt lat="38.190764" lon="127.280508">
        <ele>170.9</ele>
      </trkpt>
      <trkpt lat="38.190746" lon="127.280560">
        <ele>170.8</ele>
      </trkpt>
      <trkpt lat="38.190729" lon="127.280613">
        <ele>170.7</ele>
      </trkpt>
      <trkpt lat="38.190711" lon="127.280666">
        <ele>170.7</ele>
      </trkpt>
      <trkpt lat="38.190693" lon="127.280718">
        <ele>170.6</ele>
      </trkpt>
      <trkpt lat="38.190676" lon="127.280771">
        <ele>170.5</ele>
      </trkpt>
      <trkpt lat="38.190658" lon="127.280824">
        <ele>170.4</ele>
      </trkpt>
      <trkpt lat="38.190641" lon="127.280876">
        <ele>170.4</ele>
      </trkpt>
      <trkpt lat="38.190623" lon="127.280929">
        <ele>170.3</ele>
      </trkpt>
      <trkpt lat="38.190616" lon="127.280953">
        <ele>170.3</ele>
      </trkpt>
      <trkpt lat="38.190600" lon="127.281007">
        <ele>170.4</ele>
      </trkpt>
      <trkpt lat="38.190584" lon="127.281060">
        <ele>170.4</ele>
      </trkpt>
      <trkpt lat="38.190568" lon="127.281114">
        <ele>170.5</ele>
      </trkpt>
      <trkpt lat="38.190552" lon="127.281167">
        <ele>170.5</ele>
      </trkpt>
      <trkpt lat="38.190536" lon="127.281220">
        <ele>170.6</ele>
      </trkpt>
      <trkpt lat="38.190520" lon="127.281274">
        <ele>170.6</ele>
      </trkpt>
      <trkpt lat="38.190503" lon="127.281327">
        <ele>170.7</ele>
      </trkpt>
      <trkpt lat="38.190487" lon="127.281381">
        <ele>170.7</ele>
      </trkpt>
      <trkpt lat="38.190471" lon="127.281434">
        <ele>170.8</ele>
      </trkpt>
      <trkpt lat="38.190455" lon="127.281487">
        <ele>170.9</ele>
      </trkpt>
      <trkpt lat="38.190439" lon="127.281541">
        <ele>170.9</ele>
      </trkpt>
      <trkpt lat="38.190423" lon="127.281594">
        <ele>171.0</ele>
      </trkpt>
      <trkpt lat="38.190407" lon="127.281648">
        <ele>171.0</ele>
      </trkpt>
      <trkpt lat="38.190390" lon="127.281701">
        <ele>171.1</ele>
      </trkpt>
      <trkpt lat="38.190374" lon="127.281754">
        <ele>171.1</ele>
      </trkpt>
      <trkpt lat="38.190358" lon="127.281808">
        <ele>171.2</ele>
      </trkpt>
      <trkpt lat="38.190342" lon="127.281861">
        <ele>171.2</ele>
      </trkpt>
      <trkpt lat="38.190326" lon="127.281915">
        <ele>171.3</ele>
      </trkpt>
      <trkpt lat="38.190307" lon="127.281966">
        <ele>171.4</ele>
      </trkpt>
      <trkpt lat="38.190287" lon="127.282018">
        <ele>171.5</ele>
      </trkpt>
      <trkpt lat="38.190267" lon="127.282069">
        <ele>171.6</ele>
      </trkpt>
      <trkpt lat="38.190247" lon="127.282120">
        <ele>171.7</ele>
      </trkpt>
      <trkpt lat="38.190227" lon="127.282171">
        <ele>171.8</ele>
      </trkpt>
      <trkpt lat="38.190207" lon="127.282223">
        <ele>171.9</ele>
      </trkpt>
      <trkpt lat="38.190187" lon="127.282274">
        <ele>172.1</ele>
      </trkpt>
      <trkpt lat="38.190167" lon="127.282325">
        <ele>172.2</ele>
      </trkpt>
      <trkpt lat="38.190147" lon="127.282376">
        <ele>172.3</ele>
      </trkpt>
      <trkpt lat="38.190127" lon="127.282428">
        <ele>172.4</ele>
      </trkpt>
      <trkpt lat="38.190107" lon="127.282479">
        <ele>172.5</ele>
      </trkpt>
      <trkpt lat="38.190087" lon="127.282530">
        <ele>172.6</ele>
      </trkpt>
      <trkpt lat="38.190067" lon="127.282581">
        <ele>172.7</ele>
      </trkpt>
      <trkpt lat="38.190047" lon="127.282633">
        <ele>172.8</ele>
      </trkpt>
      <trkpt lat="38.190027" lon="127.282684">
        <ele>172.9</ele>
      </trkpt>
      <trkpt lat="38.190008" lon="127.282736">
        <ele>172.9</ele>
      </trkpt>
      <trkpt lat="38.189990" lon="127.282788">
        <ele>172.8</ele>
      </trkpt>
      <trkpt lat="38.189972" lon="127.282841">
        <ele>172.7</ele>
      </trkpt>
      <trkpt lat="38.189954" lon="127.282893">
        <ele>172.5</ele>
      </trkpt>
      <trkpt lat="38.189936" lon="127.282945">
        <ele>172.4</ele>
      </trkpt>
      <trkpt lat="38.189918" lon="127.282998">
        <ele>172.2</ele>
      </trkpt>
      <trkpt lat="38.189900" lon="127.283050">
        <ele>172.1</ele>
      </trkpt>
      <trkpt lat="38.189882" lon="127.283103">
        <ele>172.0</ele>
      </trkpt>
      <trkpt lat="38.189864" lon="127.283155">
        <ele>171.8</ele>
      </trkpt>
      <trkpt lat="38.189846" lon="127.283207">
        <ele>171.7</ele>
      </trkpt>
      <trkpt lat="38.189828" lon="127.283260">
        <ele>171.6</ele>
      </trkpt>
      <trkpt lat="38.189810" lon="127.283312">
        <ele>171.4</ele>
      </trkpt>
      <trkpt lat="38.189792" lon="127.283365">
        <ele>171.3</ele>
      </trkpt>
      <trkpt lat="38.189773" lon="127.283417">
        <ele>171.1</ele>
      </trkpt>
      <trkpt lat="38.189755" lon="127.283469">
        <ele>171.0</ele>
      </trkpt>
      <trkpt lat="38.189737" lon="127.283522">
        <ele>170.9</ele>
      </trkpt>
      <trkpt lat="38.189719" lon="127.283574">
        <ele>170.7</ele>
      </trkpt>
      <trkpt lat="38.189701" lon="127.283627">
        <ele>170.6</ele>
      </trkpt>
      <trkpt lat="38.189683" lon="127.283679">
        <ele>170.5</ele>
      </trkpt>
      <trkpt lat="38.189665" lon="127.283731">
        <ele>170.3</ele>
      </trkpt>
      <trkpt lat="38.189647" lon="127.283784">
        <ele>170.2</ele>
      </trkpt>
      <trkpt lat="38.189629" lon="127.283836">
        <ele>170.0</ele>
      </trkpt>
      <trkpt lat="38.189611" lon="127.283889">
        <ele>169.9</ele>
      </trkpt>
      <trkpt lat="38.189593" lon="127.283941">
        <ele>169.8</ele>
      </trkpt>
      <trkpt lat="38.189575" lon="127.283993">
        <ele>169.6</ele>
      </trkpt>
      <trkpt lat="38.189557" lon="127.284046">
        <ele>169.5</ele>
      </trkpt>
      <trkpt lat="38.189539" lon="127.284098">
        <ele>169.4</ele>
      </trkpt>
      <trkpt lat="38.189521" lon="127.284151">
        <ele>169.3</ele>
      </trkpt>
      <trkpt lat="38.189503" lon="127.284203">
        <ele>169.4</ele>
      </trkpt>
      <trkpt lat="38.189484" lon="127.284255">
        <ele>169.4</ele>
      </trkpt>
      <trkpt lat="38.189466" lon="127.284308">
        <ele>169.4</ele>
      </trkpt>
      <trkpt lat="38.189448" lon="127.284360">
        <ele>169.5</ele>
      </trkpt>
      <trkpt lat="38.189430" lon="127.284412">
        <ele>169.5</ele>
      </trkpt>
      <trkpt lat="38.189412" lon="127.284465">
        <ele>169.5</ele>
      </trkpt>
      <trkpt lat="38.189394" lon="127.284517">
        <ele>169.6</ele>
      </trkpt>
      <trkpt lat="38.189376" lon="127.284569">
        <ele>169.6</ele>
      </trkpt>
      <trkpt lat="38.189357" lon="127.284622">
        <ele>169.6</ele>
      </trkpt>
      <trkpt lat="38.189339" lon="127.284674">
        <ele>169.7</ele>
      </trkpt>
      <trkpt lat="38.189321" lon="127.284726">
        <ele>169.7</ele>
      </trkpt>
      <trkpt lat="38.189303" lon="127.284779">
        <ele>169.7</ele>
      </trkpt>
      <trkpt lat="38.189285" lon="127.284831">
        <ele>169.8</ele>
      </trkpt>
      <trkpt lat="38.189267" lon="127.284883">
        <ele>169.8</ele>
      </trkpt>
      <trkpt lat="38.189249" lon="127.284936">
        <ele>169.8</ele>
      </trkpt>
      <trkpt lat="38.189230" lon="127.284988">
        <ele>169.9</ele>
      </trkpt>
      <trkpt lat="38.189212" lon="127.285040">
        <ele>169.9</ele>
      </trkpt>
      <trkpt lat="38.189194" lon="127.285093">
        <ele>170.0</ele>
      </trkpt>
      <trkpt lat="38.189176" lon="127.285145">
        <ele>170.0</ele>
      </trkpt>
      <trkpt lat="38.189158" lon="127.285197">
        <ele>170.0</ele>
      </trkpt>
      <trkpt lat="38.189140" lon="127.285250">
        <ele>170.1</ele>
      </trkpt>
      <trkpt lat="38.189122" lon="127.285302">
        <ele>170.1</ele>
      </trkpt>
      <trkpt lat="38.189103" lon="127.285355">
        <ele>170.1</ele>
      </trkpt>
      <trkpt lat="38.189085" lon="127.285407">
        <ele>170.2</ele>
      </trkpt>
      <trkpt lat="38.189067" lon="127.285459">
        <ele>170.2</ele>
      </trkpt>
      <trkpt lat="38.189049" lon="127.285512">
        <ele>170.2</ele>
      </trkpt>
      <trkpt lat="38.189031" lon="127.285564">
        <ele>170.3</ele>
      </trkpt>
      <trkpt lat="38.189013" lon="127.285616">
        <ele>170.3</ele>
      </trkpt>
      <trkpt lat="38.188995" lon="127.285669">
        <ele>170.3</ele>
      </trkpt>
      <trkpt lat="38.188976" lon="127.285721">
        <ele>170.4</ele>
      </trkpt>
      <trkpt lat="38.188958" lon="127.285773">
        <ele>170.4</ele>
      </trkpt>
      <trkpt lat="38.188940" lon="127.285826">
        <ele>170.4</ele>
      </trkpt>
      <trkpt lat="38.188922" lon="127.285878">
        <ele>170.5</ele>
      </trkpt>
      <trkpt lat="38.188904" lon="127.285930">
        <ele>170.5</ele>
      </trkpt>
      <trkpt lat="38.188886" lon="127.285983">
        <ele>170.5</ele>
      </trkpt>
      <trkpt lat="38.188868" lon="127.286035">
        <ele>170.6</ele>
      </trkpt>
      <trkpt lat="38.188849" lon="127.286087">
        <ele>170.6</ele>
      </trkpt>
      <trkpt lat="38.188831" lon="127.286140">
        <ele>170.7</ele>
      </trkpt>
      <trkpt lat="38.188813" lon="127.286192">
        <ele>170.7</ele>
      </trkpt>
      <trkpt lat="38.188795" lon="127.286244">
        <ele>170.7</ele>
      </trkpt>
      <trkpt lat="38.188777" lon="127.286297">
        <ele>170.8</ele>
      </trkpt>
      <trkpt lat="38.188759" lon="127.286349">
        <ele>170.8</ele>
      </trkpt>
      <trkpt lat="38.188742" lon="127.286402">
        <ele>170.9</ele>
      </trkpt>
      <trkpt lat="38.188726" lon="127.286456">
        <ele>171.1</ele>
      </trkpt>
      <trkpt lat="38.188709" lon="127.286509">
        <ele>171.3</ele>
      </trkpt>
      <trkpt lat="38.188693" lon="127.286562">
        <ele>171.4</ele>
      </trkpt>
      <trkpt lat="38.188677" lon="127.286615">
        <ele>171.6</ele>
      </trkpt>
      <trkpt lat="38.188660" lon="127.286669">
        <ele>171.8</ele>
      </trkpt>
      <trkpt lat="38.188644" lon="127.286722">
        <ele>171.9</ele>
      </trkpt>
      <trkpt lat="38.188627" lon="127.286775">
        <ele>172.1</ele>
      </trkpt>
      <trkpt lat="38.188611" lon="127.286828">
        <ele>172.3</ele>
      </trkpt>
      <trkpt lat="38.188595" lon="127.286882">
        <ele>172.4</ele>
      </trkpt>
      <trkpt lat="38.188578" lon="127.286935">
        <ele>172.6</ele>
      </trkpt>
      <trkpt lat="38.188562" lon="127.286988">
        <ele>172.8</ele>
      </trkpt>
      <trkpt lat="38.188546" lon="127.287042">
        <ele>173.0</ele>
      </trkpt>
      <trkpt lat="38.188529" lon="127.287095">
        <ele>173.1</ele>
      </trkpt>
      <trkpt lat="38.188513" lon="127.287148">
        <ele>173.3</ele>
      </trkpt>
      <trkpt lat="38.188496" lon="127.287201">
        <ele>173.5</ele>
      </trkpt>
      <trkpt lat="38.188480" lon="127.287255">
        <ele>173.6</ele>
      </trkpt>
      <trkpt lat="38.188464" lon="127.287308">
        <ele>173.8</ele>
      </trkpt>
      <trkpt lat="38.188447" lon="127.287361">
        <ele>174.0</ele>
      </trkpt>
      <trkpt lat="38.188431" lon="127.287415">
        <ele>174.1</ele>
      </trkpt>
      <trkpt lat="38.188415" lon="127.287468">
        <ele>174.3</ele>
      </trkpt>
      <trkpt lat="38.188398" lon="127.287521">
        <ele>174.5</ele>
      </trkpt>
      <trkpt lat="38.188382" lon="127.287574">
        <ele>174.6</ele>
      </trkpt>
      <trkpt lat="38.188365" lon="127.287628">
        <ele>174.8</ele>
      </trkpt>
      <trkpt lat="38.188349" lon="127.287681">
        <ele>175.0</ele>
      </trkpt>
      <trkpt lat="38.188333" lon="127.287734">
        <ele>174.8</ele>
      </trkpt>
      <trkpt lat="38.188317" lon="127.287788">
        <ele>174.5</ele>
      </trkpt>
      <trkpt lat="38.188301" lon="127.287841">
        <ele>174.2</ele>
      </trkpt>
      <trkpt lat="38.188285" lon="127.287895">
        <ele>173.9</ele>
      </trkpt>
      <trkpt lat="38.188264" lon="127.287945">
        <ele>173.8</ele>
      </trkpt>
      <trkpt lat="38.188234" lon="127.287987">
        <ele>173.6</ele>
      </trkpt>
      <trkpt lat="38.188202" lon="127.288028">
        <ele>173.4</ele>
      </trkpt>
      <trkpt lat="38.188171" lon="127.288069">
        <ele>173.2</ele>
      </trkpt>
      <trkpt lat="38.188139" lon="127.288109">
        <ele>173.0</ele>
      </trkpt>
      <trkpt lat="38.188107" lon="127.288150">
        <ele>172.8</ele>
      </trkpt>
      <trkpt lat="38.188071" lon="127.288184">
        <ele>172.8</ele>
      </trkpt>
      <trkpt lat="38.188042" lon="127.288227">
        <ele>172.7</ele>
      </trkpt>
      <trkpt lat="38.188020" lon="127.288276">
        <ele>172.5</ele>
      </trkpt>
      <trkpt lat="38.188009" lon="127.288331">
        <ele>172.3</ele>
      </trkpt>
      <trkpt lat="38.188008" lon="127.288388">
        <ele>172.1</ele>
      </trkpt>
      <trkpt lat="38.188017" lon="127.288443">
        <ele>172.0</ele>
      </trkpt>
      <trkpt lat="38.188034" lon="127.288496">
        <ele>171.8</ele>
      </trkpt>
      <trkpt lat="38.188064" lon="127.288539">
        <ele>171.8</ele>
      </trkpt>
      <trkpt lat="38.188085" lon="127.288588">
        <ele>171.7</ele>
      </trkpt>
      <trkpt lat="38.188099" lon="127.288642">
        <ele>171.5</ele>
      </trkpt>
      <trkpt lat="38.188104" lon="127.288698">
        <ele>171.3</ele>
      </trkpt>
      <trkpt lat="38.188105" lon="127.288756">
        <ele>171.1</ele>
      </trkpt>
      <trkpt lat="38.188101" lon="127.288812">
        <ele>171.0</ele>
      </trkpt>
      <trkpt lat="38.188097" lon="127.288870">
        <ele>170.9</ele>
      </trkpt>
      <trkpt lat="38.188093" lon="127.288927">
        <ele>170.7</ele>
      </trkpt>
      <trkpt lat="38.188089" lon="127.288984">
        <ele>170.6</ele>
      </trkpt>
      <trkpt lat="38.188086" lon="127.289041">
        <ele>170.5</ele>
      </trkpt>
      <trkpt lat="38.188082" lon="127.289098">
        <ele>170.4</ele>
      </trkpt>
      <trkpt lat="38.188078" lon="127.289155">
        <ele>170.2</ele>
      </trkpt>
      <trkpt lat="38.188074" lon="127.289212">
        <ele>170.1</ele>
      </trkpt>
      <trkpt lat="38.188063" lon="127.289257">
        <ele>170.0</ele>
      </trkpt>
      <trkpt lat="38.188056" lon="127.289257">
        <ele>170.0</ele>
      </trkpt>
    </trkseg>
  </trk>
</gpx>