<?xml version="1.0" encoding="UTF-8"?>
<gpx version="1.1" creator="Runruun Standard GPX Engine" xmlns="http://www.topografix.com/GPX/1/1">
  <metadata>
    <name>cyungdo_marathon_half</name>
  </metadata>
  <trk>
    <name>cyungdo_marathon_half</name>
    <trkseg>
      <trkpt lat="35.648522" lon="128.720284">
        <ele>118.0</ele>
      </trkpt>
      <trkpt lat="35.648477" lon="128.720285">
        <ele>118.2</ele>
      </trkpt>
      <trkpt lat="35.648432" lon="128.720286">
        <ele>118.4</ele>
      </trkpt>
      <trkpt lat="35.648387" lon="128.720286">
        <ele>118.6</ele>
      </trkpt>
      <trkpt lat="35.648342" lon="128.720287">
        <ele>118.7</ele>
      </trkpt>
      <trkpt lat="35.648297" lon="128.720288">
        <ele>118.9</ele>
      </trkpt>
      <trkpt lat="35.648252" lon="128.720289">
        <ele>119.1</ele>
      </trkpt>
      <trkpt lat="35.648207" lon="128.720290">
        <ele>119.3</ele>
      </trkpt>
      <trkpt lat="35.648162" lon="128.720291">
        <ele>119.5</ele>
      </trkpt>
      <trkpt lat="35.648117" lon="128.720292">
        <ele>119.7</ele>
      </trkpt>
      <trkpt lat="35.648072" lon="128.720293">
        <ele>119.9</ele>
      </trkpt>
      <trkpt lat="35.648027" lon="128.720292">
        <ele>120.0</ele>
      </trkpt>
      <trkpt lat="35.647983" lon="128.720281">
        <ele>120.0</ele>
      </trkpt>
      <trkpt lat="35.647939" lon="128.720270">
        <ele>120.0</ele>
      </trkpt>
      <trkpt lat="35.647900" lon="128.720250">
        <ele>120.0</ele>
      </trkpt>
      <trkpt lat="35.647875" lon="128.720204">
        <ele>120.0</ele>
      </trkpt>
      <trkpt lat="35.647850" lon="128.720158">
        <ele>120.0</ele>
      </trkpt>
      <trkpt lat="35.647825" lon="128.720112">
        <ele>120.0</ele>
      </trkpt>
      <trkpt lat="35.647800" lon="128.720066">
        <ele>120.0</ele>
      </trkpt>
      <trkpt lat="35.647775" lon="128.720020">
        <ele>120.0</ele>
      </trkpt>
      <trkpt lat="35.647803" lon="128.719999">
        <ele>119.2</ele>
      </trkpt>
      <trkpt lat="35.647847" lon="128.719987">
        <ele>119.1</ele>
      </trkpt>
      <trkpt lat="35.647891" lon="128.719973">
        <ele>118.9</ele>
      </trkpt>
      <trkpt lat="35.647933" lon="128.719955">
        <ele>118.6</ele>
      </trkpt>
      <trkpt lat="35.647975" lon="128.719936">
        <ele>118.3</ele>
      </trkpt>
      <trkpt lat="35.648018" lon="128.719918">
        <ele>118.0</ele>
      </trkpt>
      <trkpt lat="35.648060" lon="128.719900">
        <ele>117.8</ele>
      </trkpt>
      <trkpt lat="35.648103" lon="128.719881">
        <ele>117.5</ele>
      </trkpt>
      <trkpt lat="35.648145" lon="128.719863">
        <ele>117.2</ele>
      </trkpt>
      <trkpt lat="35.648187" lon="128.719844">
        <ele>116.9</ele>
      </trkpt>
      <trkpt lat="35.648230" lon="128.719826">
        <ele>116.6</ele>
      </trkpt>
      <trkpt lat="35.648272" lon="128.719807">
        <ele>116.3</ele>
      </trkpt>
      <trkpt lat="35.648314" lon="128.719789">
        <ele>116.0</ele>
      </trkpt>
      <trkpt lat="35.648357" lon="128.719770">
        <ele>115.7</ele>
      </trkpt>
      <trkpt lat="35.648400" lon="128.719755">
        <ele>115.4</ele>
      </trkpt>
      <trkpt lat="35.648445" lon="128.719748">
        <ele>115.1</ele>
      </trkpt>
      <trkpt lat="35.648489" lon="128.719740">
        <ele>114.9</ele>
      </trkpt>
      <trkpt lat="35.648534" lon="128.719733">
        <ele>114.6</ele>
      </trkpt>
      <trkpt lat="35.648578" lon="128.719725">
        <ele>114.4</ele>
      </trkpt>
      <trkpt lat="35.648623" lon="128.719717">
        <ele>114.1</ele>
      </trkpt>
      <trkpt lat="35.648667" lon="128.719710">
        <ele>113.8</ele>
      </trkpt>
      <trkpt lat="35.648712" lon="128.719709">
        <ele>113.6</ele>
      </trkpt>
      <trkpt lat="35.648757" lon="128.719709">
        <ele>113.4</ele>
      </trkpt>
      <trkpt lat="35.648802" lon="128.719709">
        <ele>113.2</ele>
      </trkpt>
      <trkpt lat="35.648847" lon="128.719709">
        <ele>113.1</ele>
      </trkpt>
      <trkpt lat="35.648892" lon="128.719709">
        <ele>112.9</ele>
      </trkpt>
      <trkpt lat="35.648937" lon="128.719709">
        <ele>112.7</ele>
      </trkpt>
      <trkpt lat="35.648982" lon="128.719709">
        <ele>112.5</ele>
      </trkpt>
      <trkpt lat="35.649027" lon="128.719710">
        <ele>112.3</ele>
      </trkpt>
      <trkpt lat="35.649071" lon="128.719722">
        <ele>112.1</ele>
      </trkpt>
      <trkpt lat="35.649115" lon="128.719733">
        <ele>111.9</ele>
      </trkpt>
      <trkpt lat="35.649159" lon="128.719745">
        <ele>111.7</ele>
      </trkpt>
      <trkpt lat="35.649203" lon="128.719756">
        <ele>111.5</ele>
      </trkpt>
      <trkpt lat="35.649247" lon="128.719768">
        <ele>111.3</ele>
      </trkpt>
      <trkpt lat="35.649291" lon="128.719780">
        <ele>111.1</ele>
      </trkpt>
      <trkpt lat="35.649335" lon="128.719791">
        <ele>110.9</ele>
      </trkpt>
      <trkpt lat="35.649379" lon="128.719803">
        <ele>110.7</ele>
      </trkpt>
      <trkpt lat="35.649423" lon="128.719814">
        <ele>110.6</ele>
      </trkpt>
      <trkpt lat="35.649466" lon="128.719826">
        <ele>110.4</ele>
      </trkpt>
      <trkpt lat="35.649510" lon="128.719838">
        <ele>110.2</ele>
      </trkpt>
      <trkpt lat="35.649554" lon="128.719849">
        <ele>110.0</ele>
      </trkpt>
      <trkpt lat="35.649598" lon="128.719862">
        <ele>109.5</ele>
      </trkpt>
      <trkpt lat="35.649642" lon="128.719875">
        <ele>109.0</ele>
      </trkpt>
      <trkpt lat="35.649686" lon="128.719888">
        <ele>108.6</ele>
      </trkpt>
      <trkpt lat="35.649729" lon="128.719901">
        <ele>108.1</ele>
      </trkpt>
      <trkpt lat="35.649773" lon="128.719914">
        <ele>107.7</ele>
      </trkpt>
      <trkpt lat="35.649817" lon="128.719926">
        <ele>107.2</ele>
      </trkpt>
      <trkpt lat="35.649861" lon="128.719939">
        <ele>106.8</ele>
      </trkpt>
      <trkpt lat="35.649904" lon="128.719952">
        <ele>106.3</ele>
      </trkpt>
      <trkpt lat="35.649948" lon="128.719965">
        <ele>105.8</ele>
      </trkpt>
      <trkpt lat="35.649992" lon="128.719978">
        <ele>105.4</ele>
      </trkpt>
      <trkpt lat="35.650035" lon="128.719991">
        <ele>104.9</ele>
      </trkpt>
      <trkpt lat="35.650079" lon="128.720004">
        <ele>104.5</ele>
      </trkpt>
      <trkpt lat="35.650123" lon="128.720017">
        <ele>104.0</ele>
      </trkpt>
      <trkpt lat="35.650167" lon="128.720029">
        <ele>103.6</ele>
      </trkpt>
      <trkpt lat="35.650202" lon="128.720040">
        <ele>106.4</ele>
      </trkpt>
      <trkpt lat="35.650245" lon="128.720053">
        <ele>106.1</ele>
      </trkpt>
      <trkpt lat="35.650289" lon="128.720066">
        <ele>105.9</ele>
      </trkpt>
      <trkpt lat="35.650333" lon="128.720079">
        <ele>105.7</ele>
      </trkpt>
      <trkpt lat="35.650377" lon="128.720092">
        <ele>105.5</ele>
      </trkpt>
      <trkpt lat="35.650420" lon="128.720105">
        <ele>105.3</ele>
      </trkpt>
      <trkpt lat="35.650464" lon="128.720118">
        <ele>105.0</ele>
      </trkpt>
      <trkpt lat="35.650508" lon="128.720131">
        <ele>104.8</ele>
      </trkpt>
      <trkpt lat="35.650551" lon="128.720144">
        <ele>104.6</ele>
      </trkpt>
      <trkpt lat="35.650595" lon="128.720157">
        <ele>104.4</ele>
      </trkpt>
      <trkpt lat="35.650639" lon="128.720170">
        <ele>104.2</ele>
      </trkpt>
      <trkpt lat="35.650683" lon="128.720183">
        <ele>103.9</ele>
      </trkpt>
      <trkpt lat="35.650726" lon="128.720196">
        <ele>103.7</ele>
      </trkpt>
      <trkpt lat="35.650770" lon="128.720209">
        <ele>103.5</ele>
      </trkpt>
      <trkpt lat="35.650813" lon="128.720223">
        <ele>103.2</ele>
      </trkpt>
      <trkpt lat="35.650857" lon="128.720237">
        <ele>102.9</ele>
      </trkpt>
      <trkpt lat="35.650900" lon="128.720251">
        <ele>102.7</ele>
      </trkpt>
      <trkpt lat="35.650944" lon="128.720266">
        <ele>102.4</ele>
      </trkpt>
      <trkpt lat="35.650987" lon="128.720280">
        <ele>102.1</ele>
      </trkpt>
      <trkpt lat="35.651031" lon="128.720294">
        <ele>101.8</ele>
      </trkpt>
      <trkpt lat="35.651074" lon="128.720308">
        <ele>101.5</ele>
      </trkpt>
      <trkpt lat="35.651118" lon="128.720323">
        <ele>101.2</ele>
      </trkpt>
      <trkpt lat="35.651161" lon="128.720337">
        <ele>100.9</ele>
      </trkpt>
      <trkpt lat="35.651204" lon="128.720351">
        <ele>100.7</ele>
      </trkpt>
      <trkpt lat="35.651248" lon="128.720365">
        <ele>100.4</ele>
      </trkpt>
      <trkpt lat="35.651291" lon="128.720380">
        <ele>100.1</ele>
      </trkpt>
      <trkpt lat="35.651303" lon="128.720411">
        <ele>100.0</ele>
      </trkpt>
      <trkpt lat="35.651297" lon="128.720466">
        <ele>99.9</ele>
      </trkpt>
      <trkpt lat="35.651292" lon="128.720521">
        <ele>99.9</ele>
      </trkpt>
      <trkpt lat="35.651287" lon="128.720576">
        <ele>99.8</ele>
      </trkpt>
      <trkpt lat="35.651282" lon="128.720631">
        <ele>99.8</ele>
      </trkpt>
      <trkpt lat="35.651277" lon="128.720686">
        <ele>99.7</ele>
      </trkpt>
      <trkpt lat="35.651272" lon="128.720741">
        <ele>99.7</ele>
      </trkpt>
      <trkpt lat="35.651267" lon="128.720796">
        <ele>99.6</ele>
      </trkpt>
      <trkpt lat="35.651262" lon="128.720851">
        <ele>99.6</ele>
      </trkpt>
      <trkpt lat="35.651257" lon="128.720906">
        <ele>99.6</ele>
      </trkpt>
      <trkpt lat="35.651252" lon="128.720961">
        <ele>99.5</ele>
      </trkpt>
      <trkpt lat="35.651247" lon="128.721016">
        <ele>99.5</ele>
      </trkpt>
      <trkpt lat="35.651242" lon="128.721071">
        <ele>99.4</ele>
      </trkpt>
      <trkpt lat="35.651237" lon="128.721126">
        <ele>99.4</ele>
      </trkpt>
      <trkpt lat="35.651232" lon="128.721181">
        <ele>99.3</ele>
      </trkpt>
      <trkpt lat="35.651227" lon="128.721236">
        <ele>99.3</ele>
      </trkpt>
      <trkpt lat="35.651222" lon="128.721291">
        <ele>99.2</ele>
      </trkpt>
      <trkpt lat="35.651217" lon="128.721346">
        <ele>99.2</ele>
      </trkpt>
      <trkpt lat="35.651212" lon="128.721401">
        <ele>99.1</ele>
      </trkpt>
      <trkpt lat="35.651206" lon="128.721456">
        <ele>99.1</ele>
      </trkpt>
      <trkpt lat="35.651201" lon="128.721511">
        <ele>99.0</ele>
      </trkpt>
      <trkpt lat="35.651196" lon="128.721566">
        <ele>99.0</ele>
      </trkpt>
      <trkpt lat="35.651189" lon="128.721620">
        <ele>99.2</ele>
      </trkpt>
      <trkpt lat="35.651181" lon="128.721675">
        <ele>99.3</ele>
      </trkpt>
      <trkpt lat="35.651174" lon="128.721729">
        <ele>99.4</ele>
      </trkpt>
      <trkpt lat="35.651166" lon="128.721784">
        <ele>99.6</ele>
      </trkpt>
      <trkpt lat="35.651156" lon="128.721838">
        <ele>100.0</ele>
      </trkpt>
      <trkpt lat="35.651147" lon="128.721892">
        <ele>100.3</ele>
      </trkpt>
      <trkpt lat="35.651138" lon="128.721946">
        <ele>100.6</ele>
      </trkpt>
      <trkpt lat="35.651128" lon="128.722000">
        <ele>101.0</ele>
      </trkpt>
      <trkpt lat="35.651119" lon="128.722054">
        <ele>101.3</ele>
      </trkpt>
      <trkpt lat="35.651109" lon="128.722108">
        <ele>101.6</ele>
      </trkpt>
      <trkpt lat="35.651100" lon="128.722163">
        <ele>101.9</ele>
      </trkpt>
      <trkpt lat="35.651088" lon="128.722216">
        <ele>102.2</ele>
      </trkpt>
      <trkpt lat="35.651074" lon="128.722269">
        <ele>102.4</ele>
      </trkpt>
      <trkpt lat="35.651061" lon="128.722321">
        <ele>102.7</ele>
      </trkpt>
      <trkpt lat="35.651048" lon="128.722374">
        <ele>102.9</ele>
      </trkpt>
      <trkpt lat="35.651035" lon="128.722427">
        <ele>103.2</ele>
      </trkpt>
      <trkpt lat="35.651021" lon="128.722480">
        <ele>103.4</ele>
      </trkpt>
      <trkpt lat="35.651008" lon="128.722533">
        <ele>103.7</ele>
      </trkpt>
      <trkpt lat="35.650995" lon="128.722586">
        <ele>103.9</ele>
      </trkpt>
      <trkpt lat="35.650979" lon="128.722638">
        <ele>103.9</ele>
      </trkpt>
      <trkpt lat="35.650963" lon="128.722689">
        <ele>103.7</ele>
      </trkpt>
      <trkpt lat="35.650947" lon="128.722741">
        <ele>103.5</ele>
      </trkpt>
      <trkpt lat="35.650930" lon="128.722792">
        <ele>103.3</ele>
      </trkpt>
      <trkpt lat="35.650914" lon="128.722844">
        <ele>103.1</ele>
      </trkpt>
      <trkpt lat="35.650897" lon="128.722895">
        <ele>102.9</ele>
      </trkpt>
      <trkpt lat="35.650881" lon="128.722947">
        <ele>102.7</ele>
      </trkpt>
      <trkpt lat="35.650865" lon="128.722999">
        <ele>102.6</ele>
      </trkpt>
      <trkpt lat="35.650848" lon="128.723050">
        <ele>102.4</ele>
      </trkpt>
      <trkpt lat="35.650832" lon="128.723102">
        <ele>102.2</ele>
      </trkpt>
      <trkpt lat="35.650816" lon="128.723153">
        <ele>102.0</ele>
      </trkpt>
      <trkpt lat="35.650799" lon="128.723205">
        <ele>101.8</ele>
      </trkpt>
      <trkpt lat="35.650783" lon="128.723256">
        <ele>101.6</ele>
      </trkpt>
      <trkpt lat="35.650767" lon="128.723308">
        <ele>101.4</ele>
      </trkpt>
      <trkpt lat="35.650750" lon="128.723359">
        <ele>101.2</ele>
      </trkpt>
      <trkpt lat="35.650734" lon="128.723411">
        <ele>101.1</ele>
      </trkpt>
      <trkpt lat="35.650717" lon="128.723462">
        <ele>100.9</ele>
      </trkpt>
      <trkpt lat="35.650701" lon="128.723514">
        <ele>100.7</ele>
      </trkpt>
      <trkpt lat="35.650685" lon="128.723566">
        <ele>100.5</ele>
      </trkpt>
      <trkpt lat="35.650668" lon="128.723617">
        <ele>100.3</ele>
      </trkpt>
      <trkpt lat="35.650652" lon="128.723669">
        <ele>100.1</ele>
      </trkpt>
      <trkpt lat="35.650635" lon="128.723720">
        <ele>99.8</ele>
      </trkpt>
      <trkpt lat="35.650616" lon="128.723770">
        <ele>99.4</ele>
      </trkpt>
      <trkpt lat="35.650597" lon="128.723820">
        <ele>98.9</ele>
      </trkpt>
      <trkpt lat="35.650579" lon="128.723871">
        <ele>98.4</ele>
      </trkpt>
      <trkpt lat="35.650560" lon="128.723921">
        <ele>98.0</ele>
      </trkpt>
      <trkpt lat="35.650542" lon="128.723971">
        <ele>97.5</ele>
      </trkpt>
      <trkpt lat="35.650523" lon="128.724022">
        <ele>97.0</ele>
      </trkpt>
      <trkpt lat="35.650504" lon="128.724072">
        <ele>96.6</ele>
      </trkpt>
      <trkpt lat="35.650486" lon="128.724123">
        <ele>96.3</ele>
      </trkpt>
      <trkpt lat="35.650467" lon="128.724173">
        <ele>95.9</ele>
      </trkpt>
      <trkpt lat="35.650449" lon="128.724223">
        <ele>95.6</ele>
      </trkpt>
      <trkpt lat="35.650430" lon="128.724274">
        <ele>95.3</ele>
      </trkpt>
      <trkpt lat="35.650411" lon="128.724324">
        <ele>95.0</ele>
      </trkpt>
      <trkpt lat="35.650406" lon="128.724370">
        <ele>93.5</ele>
      </trkpt>
      <trkpt lat="35.650387" lon="128.724399">
        <ele>94.6</ele>
      </trkpt>
      <trkpt lat="35.650371" lon="128.724451">
        <ele>94.2</ele>
      </trkpt>
      <trkpt lat="35.650355" lon="128.724502">
        <ele>93.8</ele>
      </trkpt>
      <trkpt lat="35.650340" lon="128.724554">
        <ele>93.4</ele>
      </trkpt>
      <trkpt lat="35.650325" lon="128.724607">
        <ele>93.1</ele>
      </trkpt>
      <trkpt lat="35.650310" lon="128.724659">
        <ele>92.8</ele>
      </trkpt>
      <trkpt lat="35.650295" lon="128.724711">
        <ele>92.5</ele>
      </trkpt>
      <trkpt lat="35.650281" lon="128.724763">
        <ele>92.2</ele>
      </trkpt>
      <trkpt lat="35.650266" lon="128.724816">
        <ele>91.8</ele>
      </trkpt>
      <trkpt lat="35.650251" lon="128.724868">
        <ele>91.5</ele>
      </trkpt>
      <trkpt lat="35.650236" lon="128.724920">
        <ele>91.2</ele>
      </trkpt>
      <trkpt lat="35.650222" lon="128.724972">
        <ele>90.9</ele>
      </trkpt>
      <trkpt lat="35.650207" lon="128.725025">
        <ele>90.5</ele>
      </trkpt>
      <trkpt lat="35.650192" lon="128.725077">
        <ele>90.2</ele>
      </trkpt>
      <trkpt lat="35.650177" lon="128.725129">
        <ele>89.9</ele>
      </trkpt>
      <trkpt lat="35.650163" lon="128.725181">
        <ele>89.6</ele>
      </trkpt>
      <trkpt lat="35.650148" lon="128.725234">
        <ele>89.3</ele>
      </trkpt>
      <trkpt lat="35.650133" lon="128.725286">
        <ele>88.9</ele>
      </trkpt>
      <trkpt lat="35.650118" lon="128.725338">
        <ele>88.6</ele>
      </trkpt>
      <trkpt lat="35.650103" lon="128.725391">
        <ele>88.3</ele>
      </trkpt>
      <trkpt lat="35.650089" lon="128.725443">
        <ele>88.0</ele>
      </trkpt>
      <trkpt lat="35.650074" lon="128.725495">
        <ele>87.6</ele>
      </trkpt>
      <trkpt lat="35.650059" lon="128.725547">
        <ele>87.3</ele>
      </trkpt>
      <trkpt lat="35.650044" lon="128.725600">
        <ele>87.0</ele>
      </trkpt>
      <trkpt lat="35.650030" lon="128.725652">
        <ele>86.7</ele>
      </trkpt>
      <trkpt lat="35.650016" lon="128.725704">
        <ele>86.5</ele>
      </trkpt>
      <trkpt lat="35.650002" lon="128.725757">
        <ele>86.5</ele>
      </trkpt>
      <trkpt lat="35.649989" lon="128.725810">
        <ele>86.4</ele>
      </trkpt>
      <trkpt lat="35.649975" lon="128.725863">
        <ele>86.4</ele>
      </trkpt>
      <trkpt lat="35.649962" lon="128.725916">
        <ele>86.4</ele>
      </trkpt>
      <trkpt lat="35.649949" lon="128.725969">
        <ele>86.4</ele>
      </trkpt>
      <trkpt lat="35.649935" lon="128.726021">
        <ele>86.4</ele>
      </trkpt>
      <trkpt lat="35.649922" lon="128.726074">
        <ele>86.3</ele>
      </trkpt>
      <trkpt lat="35.649909" lon="128.726127">
        <ele>86.3</ele>
      </trkpt>
      <trkpt lat="35.649889" lon="128.726176">
        <ele>86.3</ele>
      </trkpt>
      <trkpt lat="35.649860" lon="128.726218">
        <ele>86.4</ele>
      </trkpt>
      <trkpt lat="35.649833" lon="128.726262">
        <ele>86.5</ele>
      </trkpt>
      <trkpt lat="35.649821" lon="128.726315">
        <ele>86.5</ele>
      </trkpt>
      <trkpt lat="35.649808" lon="128.726369">
        <ele>86.6</ele>
      </trkpt>
      <trkpt lat="35.649796" lon="128.726422">
        <ele>86.6</ele>
      </trkpt>
      <trkpt lat="35.649784" lon="128.726475">
        <ele>86.7</ele>
      </trkpt>
      <trkpt lat="35.649772" lon="128.726528">
        <ele>86.7</ele>
      </trkpt>
      <trkpt lat="35.649759" lon="128.726582">
        <ele>86.7</ele>
      </trkpt>
      <trkpt lat="35.649747" lon="128.726635">
        <ele>86.8</ele>
      </trkpt>
      <trkpt lat="35.649735" lon="128.726688">
        <ele>86.9</ele>
      </trkpt>
      <trkpt lat="35.649724" lon="128.726742">
        <ele>87.1</ele>
      </trkpt>
      <trkpt lat="35.649713" lon="128.726795">
        <ele>87.4</ele>
      </trkpt>
      <trkpt lat="35.649702" lon="128.726849">
        <ele>87.6</ele>
      </trkpt>
      <trkpt lat="35.649691" lon="128.726903">
        <ele>87.9</ele>
      </trkpt>
      <trkpt lat="35.649681" lon="128.726957">
        <ele>88.1</ele>
      </trkpt>
      <trkpt lat="35.649670" lon="128.727010">
        <ele>88.4</ele>
      </trkpt>
      <trkpt lat="35.649659" lon="128.727064">
        <ele>88.6</ele>
      </trkpt>
      <trkpt lat="35.649648" lon="128.727118">
        <ele>88.9</ele>
      </trkpt>
      <trkpt lat="35.649637" lon="128.727171">
        <ele>89.1</ele>
      </trkpt>
      <trkpt lat="35.649626" lon="128.727225">
        <ele>89.4</ele>
      </trkpt>
      <trkpt lat="35.649596" lon="128.727240">
        <ele>89.5</ele>
      </trkpt>
      <trkpt lat="35.649609" lon="128.727244">
        <ele>89.1</ele>
      </trkpt>
      <trkpt lat="35.649613" lon="128.727288">
        <ele>89.2</ele>
      </trkpt>
      <trkpt lat="35.649603" lon="128.727341">
        <ele>89.4</ele>
      </trkpt>
      <trkpt lat="35.649593" lon="128.727395">
        <ele>89.6</ele>
      </trkpt>
      <trkpt lat="35.649585" lon="128.727450">
        <ele>89.8</ele>
      </trkpt>
      <trkpt lat="35.649577" lon="128.727504">
        <ele>90.0</ele>
      </trkpt>
      <trkpt lat="35.649566" lon="128.727558">
        <ele>90.1</ele>
      </trkpt>
      <trkpt lat="35.649555" lon="128.727612">
        <ele>90.2</ele>
      </trkpt>
      <trkpt lat="35.649544" lon="128.727665">
        <ele>90.3</ele>
      </trkpt>
      <trkpt lat="35.649533" lon="128.727719">
        <ele>90.3</ele>
      </trkpt>
      <trkpt lat="35.649522" lon="128.727773">
        <ele>90.4</ele>
      </trkpt>
      <trkpt lat="35.649511" lon="128.727826">
        <ele>90.5</ele>
      </trkpt>
      <trkpt lat="35.649500" lon="128.727880">
        <ele>90.6</ele>
      </trkpt>
      <trkpt lat="35.649489" lon="128.727934">
        <ele>90.7</ele>
      </trkpt>
      <trkpt lat="35.649478" lon="128.727987">
        <ele>90.8</ele>
      </trkpt>
      <trkpt lat="35.649467" lon="128.728041">
        <ele>90.9</ele>
      </trkpt>
      <trkpt lat="35.649456" lon="128.728095">
        <ele>90.9</ele>
      </trkpt>
      <trkpt lat="35.649445" lon="128.728148">
        <ele>91.0</ele>
      </trkpt>
      <trkpt lat="35.649434" lon="128.728202">
        <ele>91.1</ele>
      </trkpt>
      <trkpt lat="35.649424" lon="128.728256">
        <ele>91.2</ele>
      </trkpt>
      <trkpt lat="35.649413" lon="128.728309">
        <ele>91.3</ele>
      </trkpt>
      <trkpt lat="35.649402" lon="128.728363">
        <ele>91.4</ele>
      </trkpt>
      <trkpt lat="35.649391" lon="128.728417">
        <ele>91.5</ele>
      </trkpt>
      <trkpt lat="35.649380" lon="128.728470">
        <ele>91.6</ele>
      </trkpt>
      <trkpt lat="35.649369" lon="128.728524">
        <ele>91.6</ele>
      </trkpt>
      <trkpt lat="35.649358" lon="128.728578">
        <ele>91.7</ele>
      </trkpt>
      <trkpt lat="35.649347" lon="128.728631">
        <ele>91.8</ele>
      </trkpt>
      <trkpt lat="35.649335" lon="128.728685">
        <ele>91.9</ele>
      </trkpt>
      <trkpt lat="35.649323" lon="128.728738">
        <ele>91.9</ele>
      </trkpt>
      <trkpt lat="35.649311" lon="128.728791">
        <ele>92.0</ele>
      </trkpt>
      <trkpt lat="35.649300" lon="128.728845">
        <ele>92.3</ele>
      </trkpt>
      <trkpt lat="35.649289" lon="128.728898">
        <ele>92.7</ele>
      </trkpt>
      <trkpt lat="35.649277" lon="128.728952">
        <ele>93.0</ele>
      </trkpt>
      <trkpt lat="35.649266" lon="128.729006">
        <ele>93.4</ele>
      </trkpt>
      <trkpt lat="35.649255" lon="128.729059">
        <ele>93.7</ele>
      </trkpt>
      <trkpt lat="35.649244" lon="128.729113">
        <ele>94.0</ele>
      </trkpt>
      <trkpt lat="35.649233" lon="128.729167">
        <ele>94.4</ele>
      </trkpt>
      <trkpt lat="35.649222" lon="128.729220">
        <ele>94.7</ele>
      </trkpt>
      <trkpt lat="35.649211" lon="128.729274">
        <ele>95.0</ele>
      </trkpt>
      <trkpt lat="35.649200" lon="128.729327">
        <ele>95.4</ele>
      </trkpt>
      <trkpt lat="35.649189" lon="128.729381">
        <ele>95.7</ele>
      </trkpt>
      <trkpt lat="35.649211" lon="128.729402">
        <ele>95.5</ele>
      </trkpt>
      <trkpt lat="35.649181" lon="128.729417">
        <ele>93.6</ele>
      </trkpt>
      <trkpt lat="35.649170" lon="128.729471">
        <ele>93.7</ele>
      </trkpt>
      <trkpt lat="35.649159" lon="128.729525">
        <ele>93.9</ele>
      </trkpt>
      <trkpt lat="35.649148" lon="128.729578">
        <ele>94.1</ele>
      </trkpt>
      <trkpt lat="35.649137" lon="128.729632">
        <ele>94.2</ele>
      </trkpt>
      <trkpt lat="35.649126" lon="128.729686">
        <ele>94.4</ele>
      </trkpt>
      <trkpt lat="35.649115" lon="128.729739">
        <ele>94.5</ele>
      </trkpt>
      <trkpt lat="35.649104" lon="128.729793">
        <ele>94.7</ele>
      </trkpt>
      <trkpt lat="35.649093" lon="128.729847">
        <ele>94.9</ele>
      </trkpt>
      <trkpt lat="35.649082" lon="128.729900">
        <ele>95.0</ele>
      </trkpt>
      <trkpt lat="35.649071" lon="128.729954">
        <ele>95.2</ele>
      </trkpt>
      <trkpt lat="35.649060" lon="128.730008">
        <ele>95.4</ele>
      </trkpt>
      <trkpt lat="35.649049" lon="128.730061">
        <ele>95.5</ele>
      </trkpt>
      <trkpt lat="35.649038" lon="128.730115">
        <ele>95.7</ele>
      </trkpt>
      <trkpt lat="35.649028" lon="128.730169">
        <ele>95.8</ele>
      </trkpt>
      <trkpt lat="35.649017" lon="128.730222">
        <ele>95.8</ele>
      </trkpt>
      <trkpt lat="35.649006" lon="128.730276">
        <ele>95.8</ele>
      </trkpt>
      <trkpt lat="35.648996" lon="128.730330">
        <ele>95.8</ele>
      </trkpt>
      <trkpt lat="35.648985" lon="128.730384">
        <ele>95.8</ele>
      </trkpt>
      <trkpt lat="35.648975" lon="128.730438">
        <ele>95.7</ele>
      </trkpt>
      <trkpt lat="35.648964" lon="128.730491">
        <ele>95.7</ele>
      </trkpt>
      <trkpt lat="35.648953" lon="128.730545">
        <ele>95.7</ele>
      </trkpt>
      <trkpt lat="35.648943" lon="128.730599">
        <ele>95.7</ele>
      </trkpt>
      <trkpt lat="35.648932" lon="128.730653">
        <ele>95.7</ele>
      </trkpt>
      <trkpt lat="35.648922" lon="128.730707">
        <ele>95.7</ele>
      </trkpt>
      <trkpt lat="35.648911" lon="128.730760">
        <ele>95.7</ele>
      </trkpt>
      <trkpt lat="35.648901" lon="128.730814">
        <ele>95.7</ele>
      </trkpt>
      <trkpt lat="35.648890" lon="128.730868">
        <ele>95.6</ele>
      </trkpt>
      <trkpt lat="35.648879" lon="128.730922">
        <ele>95.6</ele>
      </trkpt>
      <trkpt lat="35.648869" lon="128.730975">
        <ele>95.6</ele>
      </trkpt>
      <trkpt lat="35.648858" lon="128.731029">
        <ele>95.6</ele>
      </trkpt>
      <trkpt lat="35.648848" lon="128.731083">
        <ele>95.6</ele>
      </trkpt>
      <trkpt lat="35.648837" lon="128.731137">
        <ele>95.6</ele>
      </trkpt>
      <trkpt lat="35.648826" lon="128.731191">
        <ele>95.6</ele>
      </trkpt>
      <trkpt lat="35.648816" lon="128.731244">
        <ele>95.6</ele>
      </trkpt>
      <trkpt lat="35.648805" lon="128.731298">
        <ele>95.6</ele>
      </trkpt>
      <trkpt lat="35.648795" lon="128.731352">
        <ele>95.5</ele>
      </trkpt>
      <trkpt lat="35.648784" lon="128.731406">
        <ele>95.5</ele>
      </trkpt>
      <trkpt lat="35.648774" lon="128.731459">
        <ele>95.5</ele>
      </trkpt>
      <trkpt lat="35.648763" lon="128.731513">
        <ele>95.5</ele>
      </trkpt>
      <trkpt lat="35.648752" lon="128.731567">
        <ele>95.5</ele>
      </trkpt>
      <trkpt lat="35.648741" lon="128.731621">
        <ele>95.4</ele>
      </trkpt>
      <trkpt lat="35.648730" lon="128.731674">
        <ele>95.3</ele>
      </trkpt>
      <trkpt lat="35.648719" lon="128.731728">
        <ele>95.3</ele>
      </trkpt>
      <trkpt lat="35.648707" lon="128.731781">
        <ele>95.2</ele>
      </trkpt>
      <trkpt lat="35.648696" lon="128.731835">
        <ele>95.1</ele>
      </trkpt>
      <trkpt lat="35.648685" lon="128.731888">
        <ele>95.0</ele>
      </trkpt>
      <trkpt lat="35.648674" lon="128.731942">
        <ele>94.9</ele>
      </trkpt>
      <trkpt lat="35.648662" lon="128.731996">
        <ele>94.8</ele>
      </trkpt>
      <trkpt lat="35.648651" lon="128.732049">
        <ele>94.7</ele>
      </trkpt>
      <trkpt lat="35.648640" lon="128.732103">
        <ele>94.7</ele>
      </trkpt>
      <trkpt lat="35.648629" lon="128.732156">
        <ele>94.6</ele>
      </trkpt>
      <trkpt lat="35.648617" lon="128.732210">
        <ele>94.5</ele>
      </trkpt>
      <trkpt lat="35.648607" lon="128.732264">
        <ele>94.4</ele>
      </trkpt>
      <trkpt lat="35.648596" lon="128.732317">
        <ele>94.3</ele>
      </trkpt>
      <trkpt lat="35.648585" lon="128.732371">
        <ele>94.3</ele>
      </trkpt>
      <trkpt lat="35.648574" lon="128.732425">
        <ele>94.2</ele>
      </trkpt>
      <trkpt lat="35.648563" lon="128.732478">
        <ele>94.1</ele>
      </trkpt>
      <trkpt lat="35.648552" lon="128.732532">
        <ele>94.0</ele>
      </trkpt>
      <trkpt lat="35.648541" lon="128.732586">
        <ele>94.0</ele>
      </trkpt>
      <trkpt lat="35.648530" lon="128.732639">
        <ele>93.9</ele>
      </trkpt>
      <trkpt lat="35.648520" lon="128.732693">
        <ele>93.8</ele>
      </trkpt>
      <trkpt lat="35.648509" lon="128.732747">
        <ele>93.8</ele>
      </trkpt>
      <trkpt lat="35.648498" lon="128.732801">
        <ele>93.8</ele>
      </trkpt>
      <trkpt lat="35.648487" lon="128.732854">
        <ele>93.7</ele>
      </trkpt>
      <trkpt lat="35.648476" lon="128.732908">
        <ele>93.7</ele>
      </trkpt>
      <trkpt lat="35.648465" lon="128.732962">
        <ele>93.6</ele>
      </trkpt>
      <trkpt lat="35.648454" lon="128.733015">
        <ele>93.6</ele>
      </trkpt>
      <trkpt lat="35.648443" lon="128.733069">
        <ele>93.5</ele>
      </trkpt>
      <trkpt lat="35.648432" lon="128.733122">
        <ele>93.4</ele>
      </trkpt>
      <trkpt lat="35.648421" lon="128.733176">
        <ele>93.4</ele>
      </trkpt>
      <trkpt lat="35.648410" lon="128.733230">
        <ele>93.3</ele>
      </trkpt>
      <trkpt lat="35.648399" lon="128.733283">
        <ele>93.3</ele>
      </trkpt>
      <trkpt lat="35.648388" lon="128.733337">
        <ele>93.2</ele>
      </trkpt>
      <trkpt lat="35.648377" lon="128.733391">
        <ele>93.2</ele>
      </trkpt>
      <trkpt lat="35.648366" lon="128.733444">
        <ele>93.1</ele>
      </trkpt>
      <trkpt lat="35.648355" lon="128.733498">
        <ele>93.0</ele>
      </trkpt>
      <trkpt lat="35.648343" lon="128.733552">
        <ele>93.0</ele>
      </trkpt>
      <trkpt lat="35.648332" lon="128.733605">
        <ele>92.9</ele>
      </trkpt>
      <trkpt lat="35.648321" lon="128.733659">
        <ele>92.9</ele>
      </trkpt>
      <trkpt lat="35.648310" lon="128.733713">
        <ele>92.8</ele>
      </trkpt>
      <trkpt lat="35.648299" lon="128.733766">
        <ele>92.7</ele>
      </trkpt>
      <trkpt lat="35.648288" lon="128.733820">
        <ele>92.7</ele>
      </trkpt>
      <trkpt lat="35.648277" lon="128.733873">
        <ele>92.6</ele>
      </trkpt>
      <trkpt lat="35.648266" lon="128.733927">
        <ele>92.6</ele>
      </trkpt>
      <trkpt lat="35.648255" lon="128.733981">
        <ele>92.5</ele>
      </trkpt>
      <trkpt lat="35.648244" lon="128.734034">
        <ele>92.4</ele>
      </trkpt>
      <trkpt lat="35.648233" lon="128.734088">
        <ele>92.4</ele>
      </trkpt>
      <trkpt lat="35.648222" lon="128.734142">
        <ele>92.3</ele>
      </trkpt>
      <trkpt lat="35.648211" lon="128.734195">
        <ele>92.3</ele>
      </trkpt>
      <trkpt lat="35.648200" lon="128.734249">
        <ele>92.2</ele>
      </trkpt>
      <trkpt lat="35.648189" lon="128.734303">
        <ele>92.1</ele>
      </trkpt>
      <trkpt lat="35.648178" lon="128.734356">
        <ele>92.1</ele>
      </trkpt>
      <trkpt lat="35.648167" lon="128.734410">
        <ele>92.0</ele>
      </trkpt>
      <trkpt lat="35.648156" lon="128.734464">
        <ele>92.0</ele>
      </trkpt>
      <trkpt lat="35.648145" lon="128.734517">
        <ele>91.9</ele>
      </trkpt>
      <trkpt lat="35.648134" lon="128.734571">
        <ele>91.8</ele>
      </trkpt>
      <trkpt lat="35.648123" lon="128.734624">
        <ele>91.8</ele>
      </trkpt>
      <trkpt lat="35.648112" lon="128.734678">
        <ele>91.7</ele>
      </trkpt>
      <trkpt lat="35.648101" lon="128.734732">
        <ele>91.7</ele>
      </trkpt>
      <trkpt lat="35.648089" lon="128.734785">
        <ele>91.6</ele>
      </trkpt>
      <trkpt lat="35.648078" lon="128.734839">
        <ele>91.5</ele>
      </trkpt>
      <trkpt lat="35.648067" lon="128.734893">
        <ele>91.5</ele>
      </trkpt>
      <trkpt lat="35.648056" lon="128.734946">
        <ele>91.4</ele>
      </trkpt>
      <trkpt lat="35.648044" lon="128.735000">
        <ele>91.3</ele>
      </trkpt>
      <trkpt lat="35.648033" lon="128.735053">
        <ele>91.2</ele>
      </trkpt>
      <trkpt lat="35.648021" lon="128.735107">
        <ele>91.1</ele>
      </trkpt>
      <trkpt lat="35.648010" lon="128.735160">
        <ele>91.0</ele>
      </trkpt>
      <trkpt lat="35.647998" lon="128.735213">
        <ele>90.9</ele>
      </trkpt>
      <trkpt lat="35.647987" lon="128.735267">
        <ele>90.8</ele>
      </trkpt>
      <trkpt lat="35.647975" lon="128.735320">
        <ele>90.7</ele>
      </trkpt>
      <trkpt lat="35.647963" lon="128.735374">
        <ele>90.6</ele>
      </trkpt>
      <trkpt lat="35.647952" lon="128.735427">
        <ele>90.5</ele>
      </trkpt>
      <trkpt lat="35.647940" lon="128.735481">
        <ele>90.4</ele>
      </trkpt>
      <trkpt lat="35.647929" lon="128.735534">
        <ele>90.3</ele>
      </trkpt>
      <trkpt lat="35.647917" lon="128.735588">
        <ele>90.2</ele>
      </trkpt>
      <trkpt lat="35.647906" lon="128.735641">
        <ele>90.1</ele>
      </trkpt>
      <trkpt lat="35.647894" lon="128.735695">
        <ele>90.0</ele>
      </trkpt>
      <trkpt lat="35.647883" lon="128.735748">
        <ele>89.9</ele>
      </trkpt>
      <trkpt lat="35.647871" lon="128.735802">
        <ele>89.8</ele>
      </trkpt>
      <trkpt lat="35.647860" lon="128.735855">
        <ele>89.7</ele>
      </trkpt>
      <trkpt lat="35.647848" lon="128.735909">
        <ele>89.6</ele>
      </trkpt>
      <trkpt lat="35.647837" lon="128.735962">
        <ele>89.5</ele>
      </trkpt>
      <trkpt lat="35.647825" lon="128.736016">
        <ele>89.4</ele>
      </trkpt>
      <trkpt lat="35.647814" lon="128.736069">
        <ele>89.3</ele>
      </trkpt>
      <trkpt lat="35.647802" lon="128.736123">
        <ele>89.2</ele>
      </trkpt>
      <trkpt lat="35.647791" lon="128.736176">
        <ele>89.1</ele>
      </trkpt>
      <trkpt lat="35.647779" lon="128.736230">
        <ele>89.0</ele>
      </trkpt>
      <trkpt lat="35.647767" lon="128.736283">
        <ele>88.9</ele>
      </trkpt>
      <trkpt lat="35.647756" lon="128.736337">
        <ele>88.8</ele>
      </trkpt>
      <trkpt lat="35.647744" lon="128.736390">
        <ele>88.7</ele>
      </trkpt>
      <trkpt lat="35.647733" lon="128.736444">
        <ele>88.6</ele>
      </trkpt>
      <trkpt lat="35.647731" lon="128.736496">
        <ele>87.3</ele>
      </trkpt>
      <trkpt lat="35.647749" lon="128.736547">
        <ele>83.4</ele>
      </trkpt>
      <trkpt lat="35.647758" lon="128.736572">
        <ele>87.9</ele>
      </trkpt>
      <trkpt lat="35.647777" lon="128.736622">
        <ele>87.7</ele>
      </trkpt>
      <trkpt lat="35.647796" lon="128.736673">
        <ele>87.5</ele>
      </trkpt>
      <trkpt lat="35.647815" lon="128.736723">
        <ele>87.4</ele>
      </trkpt>
      <trkpt lat="35.647834" lon="128.736773">
        <ele>87.2</ele>
      </trkpt>
      <trkpt lat="35.647852" lon="128.736823">
        <ele>87.0</ele>
      </trkpt>
      <trkpt lat="35.647871" lon="128.736874">
        <ele>86.8</ele>
      </trkpt>
      <trkpt lat="35.647890" lon="128.736924">
        <ele>86.6</ele>
      </trkpt>
      <trkpt lat="35.647909" lon="128.736974">
        <ele>86.4</ele>
      </trkpt>
      <trkpt lat="35.647927" lon="128.737025">
        <ele>86.2</ele>
      </trkpt>
      <trkpt lat="35.647946" lon="128.737075">
        <ele>86.0</ele>
      </trkpt>
      <trkpt lat="35.647965" lon="128.737125">
        <ele>85.8</ele>
      </trkpt>
      <trkpt lat="35.647984" lon="128.737175">
        <ele>85.7</ele>
      </trkpt>
      <trkpt lat="35.648003" lon="128.737226">
        <ele>85.5</ele>
      </trkpt>
      <trkpt lat="35.648021" lon="128.737276">
        <ele>85.3</ele>
      </trkpt>
      <trkpt lat="35.648040" lon="128.737326">
        <ele>85.1</ele>
      </trkpt>
      <trkpt lat="35.648059" lon="128.737376">
        <ele>84.9</ele>
      </trkpt>
      <trkpt lat="35.648078" lon="128.737427">
        <ele>84.7</ele>
      </trkpt>
      <trkpt lat="35.648096" lon="128.737477">
        <ele>84.5</ele>
      </trkpt>
      <trkpt lat="35.648115" lon="128.737527">
        <ele>84.3</ele>
      </trkpt>
      <trkpt lat="35.648134" lon="128.737578">
        <ele>84.1</ele>
      </trkpt>
      <trkpt lat="35.648153" lon="128.737628">
        <ele>83.9</ele>
      </trkpt>
      <trkpt lat="35.648172" lon="128.737678">
        <ele>83.8</ele>
      </trkpt>
      <trkpt lat="35.648190" lon="128.737728">
        <ele>83.6</ele>
      </trkpt>
      <trkpt lat="35.648209" lon="128.737779">
        <ele>83.4</ele>
      </trkpt>
      <trkpt lat="35.648228" lon="128.737829">
        <ele>83.2</ele>
      </trkpt>
      <trkpt lat="35.648247" lon="128.737879">
        <ele>83.0</ele>
      </trkpt>
      <trkpt lat="35.648265" lon="128.737930">
        <ele>82.6</ele>
      </trkpt>
      <trkpt lat="35.648283" lon="128.737980">
        <ele>82.3</ele>
      </trkpt>
      <trkpt lat="35.648302" lon="128.738031">
        <ele>81.9</ele>
      </trkpt>
      <trkpt lat="35.648320" lon="128.738081">
        <ele>81.5</ele>
      </trkpt>
      <trkpt lat="35.648338" lon="128.738132">
        <ele>81.2</ele>
      </trkpt>
      <trkpt lat="35.648357" lon="128.738183">
        <ele>80.8</ele>
      </trkpt>
      <trkpt lat="35.648375" lon="128.738233">
        <ele>80.4</ele>
      </trkpt>
      <trkpt lat="35.648393" lon="128.738284">
        <ele>80.1</ele>
      </trkpt>
      <trkpt lat="35.648412" lon="128.738334">
        <ele>79.8</ele>
      </trkpt>
      <trkpt lat="35.648431" lon="128.738384">
        <ele>79.6</ele>
      </trkpt>
      <trkpt lat="35.648450" lon="128.738434">
        <ele>79.5</ele>
      </trkpt>
      <trkpt lat="35.648469" lon="128.738484">
        <ele>79.3</ele>
      </trkpt>
      <trkpt lat="35.648488" lon="128.738534">
        <ele>79.2</ele>
      </trkpt>
      <trkpt lat="35.648507" lon="128.738585">
        <ele>79.1</ele>
      </trkpt>
      <trkpt lat="35.648526" lon="128.738635">
        <ele>78.9</ele>
      </trkpt>
      <trkpt lat="35.648545" lon="128.738685">
        <ele>78.8</ele>
      </trkpt>
      <trkpt lat="35.648564" lon="128.738735">
        <ele>78.7</ele>
      </trkpt>
      <trkpt lat="35.648584" lon="128.738785">
        <ele>78.5</ele>
      </trkpt>
      <trkpt lat="35.648603" lon="128.738835">
        <ele>78.4</ele>
      </trkpt>
      <trkpt lat="35.648622" lon="128.738885">
        <ele>78.2</ele>
      </trkpt>
      <trkpt lat="35.648641" lon="128.738935">
        <ele>78.1</ele>
      </trkpt>
      <trkpt lat="35.648660" lon="128.738985">
        <ele>78.0</ele>
      </trkpt>
      <trkpt lat="35.648679" lon="128.739035">
        <ele>77.8</ele>
      </trkpt>
      <trkpt lat="35.648698" lon="128.739086">
        <ele>77.7</ele>
      </trkpt>
      <trkpt lat="35.648717" lon="128.739136">
        <ele>77.6</ele>
      </trkpt>
      <trkpt lat="35.648736" lon="128.739186">
        <ele>77.5</ele>
      </trkpt>
      <trkpt lat="35.648754" lon="128.739236">
        <ele>77.4</ele>
      </trkpt>
      <trkpt lat="35.648773" lon="128.739287">
        <ele>77.3</ele>
      </trkpt>
      <trkpt lat="35.648792" lon="128.739337">
        <ele>77.2</ele>
      </trkpt>
      <trkpt lat="35.648811" lon="128.739387">
        <ele>77.0</ele>
      </trkpt>
      <trkpt lat="35.648830" lon="128.739437">
        <ele>77.0</ele>
      </trkpt>
      <trkpt lat="35.648848" lon="128.739488">
        <ele>77.0</ele>
      </trkpt>
      <trkpt lat="35.648867" lon="128.739538">
        <ele>76.9</ele>
      </trkpt>
      <trkpt lat="35.648886" lon="128.739588">
        <ele>76.9</ele>
      </trkpt>
      <trkpt lat="35.648905" lon="128.739639">
        <ele>76.9</ele>
      </trkpt>
      <trkpt lat="35.648923" lon="128.739689">
        <ele>76.9</ele>
      </trkpt>
      <trkpt lat="35.648942" lon="128.739739">
        <ele>76.8</ele>
      </trkpt>
      <trkpt lat="35.648961" lon="128.739790">
        <ele>76.8</ele>
      </trkpt>
      <trkpt lat="35.648982" lon="128.739838">
        <ele>76.7</ele>
      </trkpt>
      <trkpt lat="35.649005" lon="128.739886">
        <ele>76.6</ele>
      </trkpt>
      <trkpt lat="35.649028" lon="128.739934">
        <ele>76.5</ele>
      </trkpt>
      <trkpt lat="35.649050" lon="128.739982">
        <ele>76.4</ele>
      </trkpt>
      <trkpt lat="35.649073" lon="128.740029">
        <ele>76.2</ele>
      </trkpt>
      <trkpt lat="35.649095" lon="128.740077">
        <ele>76.1</ele>
      </trkpt>
      <trkpt lat="35.649118" lon="128.740125">
        <ele>76.0</ele>
      </trkpt>
      <trkpt lat="35.649140" lon="128.740173">
        <ele>75.9</ele>
      </trkpt>
      <trkpt lat="35.649163" lon="128.740221">
        <ele>75.8</ele>
      </trkpt>
      <trkpt lat="35.649186" lon="128.740269">
        <ele>75.6</ele>
      </trkpt>
      <trkpt lat="35.649208" lon="128.740317">
        <ele>75.5</ele>
      </trkpt>
      <trkpt lat="35.649231" lon="128.740364">
        <ele>75.4</ele>
      </trkpt>
      <trkpt lat="35.649253" lon="128.740412">
        <ele>75.3</ele>
      </trkpt>
      <trkpt lat="35.649276" lon="128.740460">
        <ele>75.2</ele>
      </trkpt>
      <trkpt lat="35.649298" lon="128.740508">
        <ele>75.0</ele>
      </trkpt>
      <trkpt lat="35.649321" lon="128.740556">
        <ele>74.9</ele>
      </trkpt>
      <trkpt lat="35.649344" lon="128.740604">
        <ele>74.8</ele>
      </trkpt>
      <trkpt lat="35.649366" lon="128.740652">
        <ele>74.7</ele>
      </trkpt>
      <trkpt lat="35.649389" lon="128.740700">
        <ele>74.6</ele>
      </trkpt>
      <trkpt lat="35.649411" lon="128.740747">
        <ele>74.5</ele>
      </trkpt>
      <trkpt lat="35.649434" lon="128.740795">
        <ele>74.3</ele>
      </trkpt>
      <trkpt lat="35.649456" lon="128.740843">
        <ele>74.2</ele>
      </trkpt>
      <trkpt lat="35.649479" lon="128.740891">
        <ele>74.1</ele>
      </trkpt>
      <trkpt lat="35.649501" lon="128.740939">
        <ele>74.0</ele>
      </trkpt>
      <trkpt lat="35.649524" lon="128.740987">
        <ele>73.9</ele>
      </trkpt>
      <trkpt lat="35.649553" lon="128.741027">
        <ele>73.7</ele>
      </trkpt>
      <trkpt lat="35.649589" lon="128.741060">
        <ele>73.5</ele>
      </trkpt>
      <trkpt lat="35.649626" lon="128.741093">
        <ele>73.4</ele>
      </trkpt>
      <trkpt lat="35.649660" lon="128.741128">
        <ele>73.2</ele>
      </trkpt>
      <trkpt lat="35.649694" lon="128.741164">
        <ele>73.1</ele>
      </trkpt>
      <trkpt lat="35.649728" lon="128.741201">
        <ele>73.0</ele>
      </trkpt>
      <trkpt lat="35.649762" lon="128.741237">
        <ele>72.9</ele>
      </trkpt>
      <trkpt lat="35.649796" lon="128.741273">
        <ele>72.7</ele>
      </trkpt>
      <trkpt lat="35.649830" lon="128.741310">
        <ele>72.6</ele>
      </trkpt>
      <trkpt lat="35.649864" lon="128.741346">
        <ele>72.5</ele>
      </trkpt>
      <trkpt lat="35.649898" lon="128.741383">
        <ele>72.4</ele>
      </trkpt>
      <trkpt lat="35.649931" lon="128.741419">
        <ele>72.3</ele>
      </trkpt>
      <trkpt lat="35.649965" lon="128.741455">
        <ele>72.3</ele>
      </trkpt>
      <trkpt lat="35.649999" lon="128.741492">
        <ele>72.2</ele>
      </trkpt>
      <trkpt lat="35.650033" lon="128.741528">
        <ele>72.1</ele>
      </trkpt>
      <trkpt lat="35.650067" lon="128.741565">
        <ele>72.0</ele>
      </trkpt>
      <trkpt lat="35.650101" lon="128.741601">
        <ele>72.0</ele>
      </trkpt>
      <trkpt lat="35.650135" lon="128.741637">
        <ele>71.9</ele>
      </trkpt>
      <trkpt lat="35.650168" lon="128.741674">
        <ele>71.8</ele>
      </trkpt>
      <trkpt lat="35.650202" lon="128.741710">
        <ele>71.7</ele>
      </trkpt>
      <trkpt lat="35.650236" lon="128.741747">
        <ele>71.7</ele>
      </trkpt>
      <trkpt lat="35.650270" lon="128.741783">
        <ele>71.6</ele>
      </trkpt>
      <trkpt lat="35.650304" lon="128.741820">
        <ele>71.5</ele>
      </trkpt>
      <trkpt lat="35.650338" lon="128.741856">
        <ele>71.4</ele>
      </trkpt>
      <trkpt lat="35.650371" lon="128.741892">
        <ele>71.4</ele>
      </trkpt>
      <trkpt lat="35.650406" lon="128.741927">
        <ele>71.3</ele>
      </trkpt>
      <trkpt lat="35.650444" lon="128.741957">
        <ele>71.2</ele>
      </trkpt>
      <trkpt lat="35.650482" lon="128.741987">
        <ele>71.1</ele>
      </trkpt>
      <trkpt lat="35.650520" lon="128.742017">
        <ele>70.9</ele>
      </trkpt>
      <trkpt lat="35.650558" lon="128.742047">
        <ele>70.8</ele>
      </trkpt>
      <trkpt lat="35.650595" lon="128.742077">
        <ele>70.7</ele>
      </trkpt>
      <trkpt lat="35.650633" lon="128.742107">
        <ele>70.6</ele>
      </trkpt>
      <trkpt lat="35.650671" lon="128.742137">
        <ele>70.5</ele>
      </trkpt>
      <trkpt lat="35.650709" lon="128.742167">
        <ele>70.4</ele>
      </trkpt>
      <trkpt lat="35.650747" lon="128.742197">
        <ele>70.3</ele>
      </trkpt>
      <trkpt lat="35.650784" lon="128.742227">
        <ele>70.2</ele>
      </trkpt>
      <trkpt lat="35.650822" lon="128.742257">
        <ele>70.1</ele>
      </trkpt>
      <trkpt lat="35.650860" lon="128.742287">
        <ele>70.0</ele>
      </trkpt>
      <trkpt lat="35.650898" lon="128.742316">
        <ele>69.9</ele>
      </trkpt>
      <trkpt lat="35.650936" lon="128.742346">
        <ele>69.7</ele>
      </trkpt>
      <trkpt lat="35.650974" lon="128.742376">
        <ele>69.6</ele>
      </trkpt>
      <trkpt lat="35.651011" lon="128.742406">
        <ele>69.5</ele>
      </trkpt>
      <trkpt lat="35.651049" lon="128.742436">
        <ele>69.4</ele>
      </trkpt>
      <trkpt lat="35.651087" lon="128.742466">
        <ele>69.3</ele>
      </trkpt>
      <trkpt lat="35.651125" lon="128.742496">
        <ele>69.2</ele>
      </trkpt>
      <trkpt lat="35.651163" lon="128.742526">
        <ele>69.1</ele>
      </trkpt>
      <trkpt lat="35.651201" lon="128.742554">
        <ele>69.0</ele>
      </trkpt>
      <trkpt lat="35.651243" lon="128.742576">
        <ele>68.9</ele>
      </trkpt>
      <trkpt lat="35.651284" lon="128.742597">
        <ele>68.8</ele>
      </trkpt>
      <trkpt lat="35.651326" lon="128.742619">
        <ele>68.6</ele>
      </trkpt>
      <trkpt lat="35.651367" lon="128.742640">
        <ele>68.5</ele>
      </trkpt>
      <trkpt lat="35.651408" lon="128.742662">
        <ele>68.4</ele>
      </trkpt>
      <trkpt lat="35.651450" lon="128.742684">
        <ele>68.3</ele>
      </trkpt>
      <trkpt lat="35.651491" lon="128.742705">
        <ele>68.2</ele>
      </trkpt>
      <trkpt lat="35.651533" lon="128.742727">
        <ele>68.1</ele>
      </trkpt>
      <trkpt lat="35.651574" lon="128.742748">
        <ele>68.0</ele>
      </trkpt>
      <trkpt lat="35.651615" lon="128.742770">
        <ele>67.9</ele>
      </trkpt>
      <trkpt lat="35.651657" lon="128.742792">
        <ele>67.8</ele>
      </trkpt>
      <trkpt lat="35.651698" lon="128.742813">
        <ele>67.7</ele>
      </trkpt>
      <trkpt lat="35.651740" lon="128.742835">
        <ele>67.6</ele>
      </trkpt>
      <trkpt lat="35.651774" lon="128.742825">
        <ele>66.9</ele>
      </trkpt>
      <trkpt lat="35.651803" lon="128.742813">
        <ele>66.4</ele>
      </trkpt>
      <trkpt lat="35.651805" lon="128.742773">
        <ele>67.2</ele>
      </trkpt>
      <trkpt lat="35.651832" lon="128.742729">
        <ele>67.1</ele>
      </trkpt>
      <trkpt lat="35.651859" lon="128.742685">
        <ele>67.0</ele>
      </trkpt>
      <trkpt lat="35.651887" lon="128.742641">
        <ele>66.9</ele>
      </trkpt>
      <trkpt lat="35.651914" lon="128.742597">
        <ele>66.8</ele>
      </trkpt>
      <trkpt lat="35.651941" lon="128.742553">
        <ele>66.7</ele>
      </trkpt>
      <trkpt lat="35.651968" lon="128.742508">
        <ele>66.6</ele>
      </trkpt>
      <trkpt lat="35.651995" lon="128.742464">
        <ele>66.5</ele>
      </trkpt>
      <trkpt lat="35.652022" lon="128.742420">
        <ele>66.4</ele>
      </trkpt>
      <trkpt lat="35.652049" lon="128.742376">
        <ele>66.3</ele>
      </trkpt>
      <trkpt lat="35.652076" lon="128.742332">
        <ele>66.4</ele>
      </trkpt>
      <trkpt lat="35.652103" lon="128.742288">
        <ele>66.5</ele>
      </trkpt>
      <trkpt lat="35.652130" lon="128.742244">
        <ele>66.6</ele>
      </trkpt>
      <trkpt lat="35.652158" lon="128.742199">
        <ele>66.7</ele>
      </trkpt>
      <trkpt lat="35.652185" lon="128.742155">
        <ele>66.7</ele>
      </trkpt>
      <trkpt lat="35.652212" lon="128.742111">
        <ele>66.8</ele>
      </trkpt>
      <trkpt lat="35.652239" lon="128.742067">
        <ele>66.9</ele>
      </trkpt>
      <trkpt lat="35.652266" lon="128.742023">
        <ele>67.0</ele>
      </trkpt>
      <trkpt lat="35.652293" lon="128.741979">
        <ele>67.1</ele>
      </trkpt>
      <trkpt lat="35.652320" lon="128.741935">
        <ele>67.1</ele>
      </trkpt>
      <trkpt lat="35.652347" lon="128.741891">
        <ele>67.2</ele>
      </trkpt>
      <trkpt lat="35.652375" lon="128.741846">
        <ele>67.3</ele>
      </trkpt>
      <trkpt lat="35.652402" lon="128.741802">
        <ele>67.4</ele>
      </trkpt>
      <trkpt lat="35.652429" lon="128.741758">
        <ele>67.5</ele>
      </trkpt>
      <trkpt lat="35.652458" lon="128.741717">
        <ele>67.5</ele>
      </trkpt>
      <trkpt lat="35.652490" lon="128.741677">
        <ele>67.5</ele>
      </trkpt>
      <trkpt lat="35.652521" lon="128.741637">
        <ele>67.5</ele>
      </trkpt>
      <trkpt lat="35.652552" lon="128.741597">
        <ele>67.5</ele>
      </trkpt>
      <trkpt lat="35.652583" lon="128.741557">
        <ele>67.5</ele>
      </trkpt>
      <trkpt lat="35.652615" lon="128.741518">
        <ele>67.5</ele>
      </trkpt>
      <trkpt lat="35.652646" lon="128.741478">
        <ele>67.6</ele>
      </trkpt>
      <trkpt lat="35.652677" lon="128.741438">
        <ele>67.6</ele>
      </trkpt>
      <trkpt lat="35.652708" lon="128.741398">
        <ele>67.6</ele>
      </trkpt>
      <trkpt lat="35.652740" lon="128.741358">
        <ele>67.6</ele>
      </trkpt>
      <trkpt lat="35.652771" lon="128.741319">
        <ele>67.6</ele>
      </trkpt>
      <trkpt lat="35.652802" lon="128.741279">
        <ele>67.6</ele>
      </trkpt>
      <trkpt lat="35.652833" lon="128.741239">
        <ele>67.6</ele>
      </trkpt>
      <trkpt lat="35.652865" lon="128.741199">
        <ele>67.6</ele>
      </trkpt>
      <trkpt lat="35.652896" lon="128.741159">
        <ele>67.6</ele>
      </trkpt>
      <trkpt lat="35.652927" lon="128.741120">
        <ele>67.6</ele>
      </trkpt>
      <trkpt lat="35.652958" lon="128.741080">
        <ele>67.6</ele>
      </trkpt>
      <trkpt lat="35.652990" lon="128.741040">
        <ele>67.6</ele>
      </trkpt>
      <trkpt lat="35.653021" lon="128.741000">
        <ele>67.6</ele>
      </trkpt>
      <trkpt lat="35.653052" lon="128.740961">
        <ele>67.7</ele>
      </trkpt>
      <trkpt lat="35.653083" lon="128.740921">
        <ele>67.7</ele>
      </trkpt>
      <trkpt lat="35.653115" lon="128.740881">
        <ele>67.7</ele>
      </trkpt>
      <trkpt lat="35.653146" lon="128.740841">
        <ele>67.7</ele>
      </trkpt>
      <trkpt lat="35.653177" lon="128.740801">
        <ele>67.7</ele>
      </trkpt>
      <trkpt lat="35.653208" lon="128.740762">
        <ele>67.7</ele>
      </trkpt>
      <trkpt lat="35.653240" lon="128.740722">
        <ele>67.7</ele>
      </trkpt>
      <trkpt lat="35.653271" lon="128.740682">
        <ele>67.7</ele>
      </trkpt>
      <trkpt lat="35.653302" lon="128.740642">
        <ele>67.7</ele>
      </trkpt>
      <trkpt lat="35.653333" lon="128.740602">
        <ele>67.7</ele>
      </trkpt>
      <trkpt lat="35.653365" lon="128.740563">
        <ele>67.7</ele>
      </trkpt>
      <trkpt lat="35.653396" lon="128.740523">
        <ele>67.7</ele>
      </trkpt>
      <trkpt lat="35.653427" lon="128.740483">
        <ele>67.7</ele>
      </trkpt>
      <trkpt lat="35.653458" lon="128.740443">
        <ele>67.8</ele>
      </trkpt>
      <trkpt lat="35.653490" lon="128.740403">
        <ele>67.8</ele>
      </trkpt>
      <trkpt lat="35.653521" lon="128.740364">
        <ele>67.8</ele>
      </trkpt>
      <trkpt lat="35.653552" lon="128.740324">
        <ele>67.8</ele>
      </trkpt>
      <trkpt lat="35.653583" lon="128.740284">
        <ele>67.8</ele>
      </trkpt>
      <trkpt lat="35.653615" lon="128.740244">
        <ele>67.8</ele>
      </trkpt>
      <trkpt lat="35.653646" lon="128.740204">
        <ele>67.8</ele>
      </trkpt>
      <trkpt lat="35.653677" lon="128.740164">
        <ele>67.7</ele>
      </trkpt>
      <trkpt lat="35.653707" lon="128.740123">
        <ele>67.7</ele>
      </trkpt>
      <trkpt lat="35.653738" lon="128.740083">
        <ele>67.7</ele>
      </trkpt>
      <trkpt lat="35.653768" lon="128.740042">
        <ele>67.6</ele>
      </trkpt>
      <trkpt lat="35.653799" lon="128.740002">
        <ele>67.6</ele>
      </trkpt>
      <trkpt lat="35.653830" lon="128.739961">
        <ele>67.5</ele>
      </trkpt>
      <trkpt lat="35.653860" lon="128.739921">
        <ele>67.5</ele>
      </trkpt>
      <trkpt lat="35.653891" lon="128.739880">
        <ele>67.4</ele>
      </trkpt>
      <trkpt lat="35.653921" lon="128.739840">
        <ele>67.4</ele>
      </trkpt>
      <trkpt lat="35.653952" lon="128.739799">
        <ele>67.3</ele>
      </trkpt>
      <trkpt lat="35.653983" lon="128.739758">
        <ele>67.3</ele>
      </trkpt>
      <trkpt lat="35.654013" lon="128.739718">
        <ele>67.2</ele>
      </trkpt>
      <trkpt lat="35.654044" lon="128.739677">
        <ele>67.2</ele>
      </trkpt>
      <trkpt lat="35.654074" lon="128.739637">
        <ele>67.1</ele>
      </trkpt>
      <trkpt lat="35.654105" lon="128.739596">
        <ele>67.1</ele>
      </trkpt>
      <trkpt lat="35.654136" lon="128.739556">
        <ele>67.0</ele>
      </trkpt>
      <trkpt lat="35.654166" lon="128.739515">
        <ele>67.0</ele>
      </trkpt>
      <trkpt lat="35.654194" lon="128.739472">
        <ele>67.1</ele>
      </trkpt>
      <trkpt lat="35.654222" lon="128.739429">
        <ele>67.1</ele>
      </trkpt>
      <trkpt lat="35.654251" lon="128.739386">
        <ele>67.2</ele>
      </trkpt>
      <trkpt lat="35.654279" lon="128.739343">
        <ele>67.2</ele>
      </trkpt>
      <trkpt lat="35.654308" lon="128.739300">
        <ele>67.3</ele>
      </trkpt>
      <trkpt lat="35.654333" lon="128.739255">
        <ele>67.3</ele>
      </trkpt>
      <trkpt lat="35.654356" lon="128.739207">
        <ele>67.2</ele>
      </trkpt>
      <trkpt lat="35.654379" lon="128.739159">
        <ele>67.2</ele>
      </trkpt>
      <trkpt lat="35.654401" lon="128.739111">
        <ele>67.1</ele>
      </trkpt>
      <trkpt lat="35.654424" lon="128.739064">
        <ele>67.0</ele>
      </trkpt>
      <trkpt lat="35.654446" lon="128.739016">
        <ele>67.0</ele>
      </trkpt>
      <trkpt lat="35.654469" lon="128.738968">
        <ele>66.9</ele>
      </trkpt>
      <trkpt lat="35.654492" lon="128.738920">
        <ele>66.9</ele>
      </trkpt>
      <trkpt lat="35.654514" lon="128.738872">
        <ele>66.8</ele>
      </trkpt>
      <trkpt lat="35.654537" lon="128.738824">
        <ele>66.7</ele>
      </trkpt>
      <trkpt lat="35.654559" lon="128.738776">
        <ele>66.7</ele>
      </trkpt>
      <trkpt lat="35.654582" lon="128.738729">
        <ele>66.6</ele>
      </trkpt>
      <trkpt lat="35.654604" lon="128.738681">
        <ele>66.6</ele>
      </trkpt>
      <trkpt lat="35.654627" lon="128.738633">
        <ele>66.5</ele>
      </trkpt>
      <trkpt lat="35.654646" lon="128.738583">
        <ele>66.5</ele>
      </trkpt>
      <trkpt lat="35.654666" lon="128.738533">
        <ele>66.5</ele>
      </trkpt>
      <trkpt lat="35.654685" lon="128.738483">
        <ele>66.5</ele>
      </trkpt>
      <trkpt lat="35.654704" lon="128.738433">
        <ele>66.5</ele>
      </trkpt>
      <trkpt lat="35.654720" lon="128.738381">
        <ele>66.4</ele>
      </trkpt>
      <trkpt lat="35.654735" lon="128.738329">
        <ele>66.3</ele>
      </trkpt>
      <trkpt lat="35.654751" lon="128.738277">
        <ele>66.3</ele>
      </trkpt>
      <trkpt lat="35.654767" lon="128.738225">
        <ele>66.2</ele>
      </trkpt>
      <trkpt lat="35.654782" lon="128.738173">
        <ele>66.1</ele>
      </trkpt>
      <trkpt lat="35.654798" lon="128.738122">
        <ele>66.1</ele>
      </trkpt>
      <trkpt lat="35.654813" lon="128.738069">
        <ele>65.9</ele>
      </trkpt>
      <trkpt lat="35.654825" lon="128.738016">
        <ele>65.6</ele>
      </trkpt>
      <trkpt lat="35.654837" lon="128.737963">
        <ele>65.3</ele>
      </trkpt>
      <trkpt lat="35.654849" lon="128.737909">
        <ele>65.0</ele>
      </trkpt>
      <trkpt lat="35.654861" lon="128.737856">
        <ele>64.7</ele>
      </trkpt>
      <trkpt lat="35.654851" lon="128.737818">
        <ele>64.5</ele>
      </trkpt>
      <trkpt lat="35.654868" lon="128.737823">
        <ele>65.0</ele>
      </trkpt>
      <trkpt lat="35.654881" lon="128.737770">
        <ele>64.9</ele>
      </trkpt>
      <trkpt lat="35.654893" lon="128.737717">
        <ele>64.8</ele>
      </trkpt>
      <trkpt lat="35.654905" lon="128.737663">
        <ele>64.6</ele>
      </trkpt>
      <trkpt lat="35.654917" lon="128.737610">
        <ele>64.5</ele>
      </trkpt>
      <trkpt lat="35.654926" lon="128.737556">
        <ele>64.5</ele>
      </trkpt>
      <trkpt lat="35.654934" lon="128.737501">
        <ele>64.6</ele>
      </trkpt>
      <trkpt lat="35.654941" lon="128.737447">
        <ele>64.6</ele>
      </trkpt>
      <trkpt lat="35.654949" lon="128.737392">
        <ele>64.7</ele>
      </trkpt>
      <trkpt lat="35.654956" lon="128.737338">
        <ele>64.8</ele>
      </trkpt>
      <trkpt lat="35.654963" lon="128.737283">
        <ele>64.8</ele>
      </trkpt>
      <trkpt lat="35.654969" lon="128.737228">
        <ele>65.0</ele>
      </trkpt>
      <trkpt lat="35.654975" lon="128.737173">
        <ele>65.2</ele>
      </trkpt>
      <trkpt lat="35.654981" lon="128.737119">
        <ele>65.4</ele>
      </trkpt>
      <trkpt lat="35.654987" lon="128.737064">
        <ele>65.6</ele>
      </trkpt>
      <trkpt lat="35.654992" lon="128.737009">
        <ele>65.7</ele>
      </trkpt>
      <trkpt lat="35.654998" lon="128.736954">
        <ele>65.9</ele>
      </trkpt>
      <trkpt lat="35.655004" lon="128.736899">
        <ele>66.1</ele>
      </trkpt>
      <trkpt lat="35.655010" lon="128.736844">
        <ele>66.3</ele>
      </trkpt>
      <trkpt lat="35.655016" lon="128.736789">
        <ele>66.5</ele>
      </trkpt>
      <trkpt lat="35.655021" lon="128.736734">
        <ele>66.7</ele>
      </trkpt>
      <trkpt lat="35.655027" lon="128.736679">
        <ele>66.8</ele>
      </trkpt>
      <trkpt lat="35.655032" lon="128.736624">
        <ele>66.9</ele>
      </trkpt>
      <trkpt lat="35.655037" lon="128.736569">
        <ele>67.0</ele>
      </trkpt>
      <trkpt lat="35.655042" lon="128.736515">
        <ele>67.1</ele>
      </trkpt>
      <trkpt lat="35.655048" lon="128.736460">
        <ele>67.2</ele>
      </trkpt>
      <trkpt lat="35.655053" lon="128.736405">
        <ele>67.3</ele>
      </trkpt>
      <trkpt lat="35.655058" lon="128.736350">
        <ele>67.4</ele>
      </trkpt>
      <trkpt lat="35.655063" lon="128.736295">
        <ele>67.5</ele>
      </trkpt>
      <trkpt lat="35.655068" lon="128.736240">
        <ele>67.6</ele>
      </trkpt>
      <trkpt lat="35.655073" lon="128.736185">
        <ele>67.7</ele>
      </trkpt>
      <trkpt lat="35.655078" lon="128.736130">
        <ele>67.8</ele>
      </trkpt>
      <trkpt lat="35.655084" lon="128.736075">
        <ele>67.9</ele>
      </trkpt>
      <trkpt lat="35.655089" lon="128.736020">
        <ele>68.0</ele>
      </trkpt>
      <trkpt lat="35.655094" lon="128.735965">
        <ele>68.1</ele>
      </trkpt>
      <trkpt lat="35.655099" lon="128.735910">
        <ele>68.2</ele>
      </trkpt>
      <trkpt lat="35.655104" lon="128.735855">
        <ele>68.3</ele>
      </trkpt>
      <trkpt lat="35.655109" lon="128.735800">
        <ele>68.4</ele>
      </trkpt>
      <trkpt lat="35.655115" lon="128.735745">
        <ele>68.5</ele>
      </trkpt>
      <trkpt lat="35.655124" lon="128.735691">
        <ele>68.5</ele>
      </trkpt>
      <trkpt lat="35.655132" lon="128.735636">
        <ele>68.6</ele>
      </trkpt>
      <trkpt lat="35.655141" lon="128.735582">
        <ele>68.6</ele>
      </trkpt>
      <trkpt lat="35.655149" lon="128.735528">
        <ele>68.6</ele>
      </trkpt>
      <trkpt lat="35.655157" lon="128.735473">
        <ele>68.7</ele>
      </trkpt>
      <trkpt lat="35.655166" lon="128.735419">
        <ele>68.7</ele>
      </trkpt>
      <trkpt lat="35.655174" lon="128.735364">
        <ele>68.7</ele>
      </trkpt>
      <trkpt lat="35.655183" lon="128.735310">
        <ele>68.8</ele>
      </trkpt>
      <trkpt lat="35.655192" lon="128.735256">
        <ele>68.8</ele>
      </trkpt>
      <trkpt lat="35.655204" lon="128.735203">
        <ele>68.8</ele>
      </trkpt>
      <trkpt lat="35.655215" lon="128.735149">
        <ele>68.8</ele>
      </trkpt>
      <trkpt lat="35.655227" lon="128.735096">
        <ele>68.8</ele>
      </trkpt>
      <trkpt lat="35.655240" lon="128.735043">
        <ele>68.8</ele>
      </trkpt>
      <trkpt lat="35.655258" lon="128.734992">
        <ele>68.7</ele>
      </trkpt>
      <trkpt lat="35.655276" lon="128.734941">
        <ele>68.6</ele>
      </trkpt>
      <trkpt lat="35.655294" lon="128.734891">
        <ele>68.5</ele>
      </trkpt>
      <trkpt lat="35.655312" lon="128.734840">
        <ele>68.4</ele>
      </trkpt>
      <trkpt lat="35.655330" lon="128.734789">
        <ele>68.3</ele>
      </trkpt>
      <trkpt lat="35.655352" lon="128.734741">
        <ele>68.2</ele>
      </trkpt>
      <trkpt lat="35.655373" lon="128.734692">
        <ele>68.1</ele>
      </trkpt>
      <trkpt lat="35.655395" lon="128.734644">
        <ele>68.0</ele>
      </trkpt>
      <trkpt lat="35.655417" lon="128.734595">
        <ele>68.0</ele>
      </trkpt>
      <trkpt lat="35.655438" lon="128.734547">
        <ele>67.9</ele>
      </trkpt>
      <trkpt lat="35.655460" lon="128.734498">
        <ele>67.8</ele>
      </trkpt>
      <trkpt lat="35.655486" lon="128.734453">
        <ele>67.7</ele>
      </trkpt>
      <trkpt lat="35.655512" lon="128.734408">
        <ele>67.6</ele>
      </trkpt>
      <trkpt lat="35.655538" lon="128.734363">
        <ele>67.5</ele>
      </trkpt>
      <trkpt lat="35.655564" lon="128.734318">
        <ele>67.5</ele>
      </trkpt>
      <trkpt lat="35.655590" lon="128.734273">
        <ele>67.4</ele>
      </trkpt>
      <trkpt lat="35.655616" lon="128.734228">
        <ele>67.3</ele>
      </trkpt>
      <trkpt lat="35.655646" lon="128.734186">
        <ele>67.3</ele>
      </trkpt>
      <trkpt lat="35.655675" lon="128.734144">
        <ele>67.2</ele>
      </trkpt>
      <trkpt lat="35.655704" lon="128.734102">
        <ele>67.2</ele>
      </trkpt>
      <trkpt lat="35.655733" lon="128.734060">
        <ele>67.2</ele>
      </trkpt>
      <trkpt lat="35.655763" lon="128.734018">
        <ele>67.2</ele>
      </trkpt>
      <trkpt lat="35.655792" lon="128.733976">
        <ele>67.1</ele>
      </trkpt>
      <trkpt lat="35.655821" lon="128.733934">
        <ele>67.1</ele>
      </trkpt>
      <trkpt lat="35.655850" lon="128.733892">
        <ele>67.1</ele>
      </trkpt>
      <trkpt lat="35.655880" lon="128.733850">
        <ele>67.0</ele>
      </trkpt>
      <trkpt lat="35.655909" lon="128.733808">
        <ele>67.0</ele>
      </trkpt>
      <trkpt lat="35.655938" lon="128.733766">
        <ele>67.0</ele>
      </trkpt>
      <trkpt lat="35.655967" lon="128.733724">
        <ele>67.0</ele>
      </trkpt>
      <trkpt lat="35.655997" lon="128.733682">
        <ele>66.9</ele>
      </trkpt>
      <trkpt lat="35.656026" lon="128.733639">
        <ele>66.9</ele>
      </trkpt>
      <trkpt lat="35.656055" lon="128.733597">
        <ele>66.9</ele>
      </trkpt>
      <trkpt lat="35.656085" lon="128.733555">
        <ele>66.8</ele>
      </trkpt>
      <trkpt lat="35.656114" lon="128.733513">
        <ele>66.8</ele>
      </trkpt>
      <trkpt lat="35.656143" lon="128.733471">
        <ele>66.8</ele>
      </trkpt>
      <trkpt lat="35.656172" lon="128.733429">
        <ele>66.8</ele>
      </trkpt>
      <trkpt lat="35.656202" lon="128.733387">
        <ele>66.7</ele>
      </trkpt>
      <trkpt lat="35.656231" lon="128.733345">
        <ele>66.7</ele>
      </trkpt>
      <trkpt lat="35.656260" lon="128.733303">
        <ele>66.7</ele>
      </trkpt>
      <trkpt lat="35.656289" lon="128.733261">
        <ele>66.6</ele>
      </trkpt>
      <trkpt lat="35.656319" lon="128.733219">
        <ele>66.6</ele>
      </trkpt>
      <trkpt lat="35.656348" lon="128.733177">
        <ele>66.6</ele>
      </trkpt>
      <trkpt lat="35.656377" lon="128.733135">
        <ele>66.6</ele>
      </trkpt>
      <trkpt lat="35.656406" lon="128.733093">
        <ele>66.5</ele>
      </trkpt>
      <trkpt lat="35.656436" lon="128.733051">
        <ele>66.5</ele>
      </trkpt>
      <trkpt lat="35.656465" lon="128.733009">
        <ele>66.5</ele>
      </trkpt>
      <trkpt lat="35.656494" lon="128.732967">
        <ele>66.4</ele>
      </trkpt>
      <trkpt lat="35.656524" lon="128.732925">
        <ele>66.4</ele>
      </trkpt>
      <trkpt lat="35.656553" lon="128.732883">
        <ele>66.4</ele>
      </trkpt>
      <trkpt lat="35.656582" lon="128.732841">
        <ele>66.4</ele>
      </trkpt>
      <trkpt lat="35.656611" lon="128.732799">
        <ele>66.3</ele>
      </trkpt>
      <trkpt lat="35.656641" lon="128.732757">
        <ele>66.3</ele>
      </trkpt>
      <trkpt lat="35.656670" lon="128.732715">
        <ele>66.3</ele>
      </trkpt>
      <trkpt lat="35.656699" lon="128.732673">
        <ele>66.2</ele>
      </trkpt>
      <trkpt lat="35.656728" lon="128.732631">
        <ele>66.2</ele>
      </trkpt>
      <trkpt lat="35.656758" lon="128.732589">
        <ele>66.2</ele>
      </trkpt>
      <trkpt lat="35.656787" lon="128.732547">
        <ele>66.2</ele>
      </trkpt>
      <trkpt lat="35.656816" lon="128.732505">
        <ele>66.1</ele>
      </trkpt>
      <trkpt lat="35.656845" lon="128.732463">
        <ele>66.1</ele>
      </trkpt>
      <trkpt lat="35.656875" lon="128.732421">
        <ele>66.1</ele>
      </trkpt>
      <trkpt lat="35.656904" lon="128.732379">
        <ele>66.0</ele>
      </trkpt>
      <trkpt lat="35.656933" lon="128.732337">
        <ele>66.0</ele>
      </trkpt>
      <trkpt lat="35.656962" lon="128.732295">
        <ele>66.0</ele>
      </trkpt>
      <trkpt lat="35.656992" lon="128.732253">
        <ele>66.0</ele>
      </trkpt>
      <trkpt lat="35.657021" lon="128.732211">
        <ele>65.9</ele>
      </trkpt>
      <trkpt lat="35.657050" lon="128.732169">
        <ele>65.9</ele>
      </trkpt>
      <trkpt lat="35.657080" lon="128.732127">
        <ele>65.9</ele>
      </trkpt>
      <trkpt lat="35.657109" lon="128.732085">
        <ele>65.9</ele>
      </trkpt>
      <trkpt lat="35.657138" lon="128.732043">
        <ele>65.8</ele>
      </trkpt>
      <trkpt lat="35.657167" lon="128.732000">
        <ele>65.8</ele>
      </trkpt>
      <trkpt lat="35.657193" lon="128.731955">
        <ele>65.8</ele>
      </trkpt>
      <trkpt lat="35.657219" lon="128.731910">
        <ele>65.9</ele>
      </trkpt>
      <trkpt lat="35.657245" lon="128.731865">
        <ele>65.9</ele>
      </trkpt>
      <trkpt lat="35.657271" lon="128.731820">
        <ele>65.9</ele>
      </trkpt>
      <trkpt lat="35.657297" lon="128.731775">
        <ele>65.9</ele>
      </trkpt>
      <trkpt lat="35.657323" lon="128.731730">
        <ele>65.9</ele>
      </trkpt>
      <trkpt lat="35.657350" lon="128.731685">
        <ele>66.0</ele>
      </trkpt>
      <trkpt lat="35.657376" lon="128.731640">
        <ele>66.0</ele>
      </trkpt>
      <trkpt lat="35.657400" lon="128.731594">
        <ele>66.0</ele>
      </trkpt>
      <trkpt lat="35.657424" lon="128.731546">
        <ele>66.0</ele>
      </trkpt>
      <trkpt lat="35.657447" lon="128.731499">
        <ele>66.1</ele>
      </trkpt>
      <trkpt lat="35.657471" lon="128.731452">
        <ele>66.1</ele>
      </trkpt>
      <trkpt lat="35.657495" lon="128.731405">
        <ele>66.1</ele>
      </trkpt>
      <trkpt lat="35.657518" lon="128.731358">
        <ele>66.1</ele>
      </trkpt>
      <trkpt lat="35.657542" lon="128.731311">
        <ele>66.2</ele>
      </trkpt>
      <trkpt lat="35.657565" lon="128.731264">
        <ele>66.2</ele>
      </trkpt>
      <trkpt lat="35.657589" lon="128.731217">
        <ele>66.2</ele>
      </trkpt>
      <trkpt lat="35.657613" lon="128.731170">
        <ele>66.3</ele>
      </trkpt>
      <trkpt lat="35.657636" lon="128.731122">
        <ele>66.3</ele>
      </trkpt>
      <trkpt lat="35.657659" lon="128.731075">
        <ele>66.3</ele>
      </trkpt>
      <trkpt lat="35.657681" lon="128.731026">
        <ele>66.3</ele>
      </trkpt>
      <trkpt lat="35.657702" lon="128.730977">
        <ele>66.4</ele>
      </trkpt>
      <trkpt lat="35.657723" lon="128.730929">
        <ele>66.4</ele>
      </trkpt>
      <trkpt lat="35.657744" lon="128.730880">
        <ele>66.4</ele>
      </trkpt>
      <trkpt lat="35.657765" lon="128.730831">
        <ele>66.4</ele>
      </trkpt>
      <trkpt lat="35.657786" lon="128.730782">
        <ele>66.5</ele>
      </trkpt>
      <trkpt lat="35.657807" lon="128.730733">
        <ele>66.5</ele>
      </trkpt>
      <trkpt lat="35.657824" lon="128.730682">
        <ele>66.5</ele>
      </trkpt>
      <trkpt lat="35.657842" lon="128.730631">
        <ele>66.5</ele>
      </trkpt>
      <trkpt lat="35.657859" lon="128.730580">
        <ele>66.4</ele>
      </trkpt>
      <trkpt lat="35.657876" lon="128.730529">
        <ele>66.4</ele>
      </trkpt>
      <trkpt lat="35.657894" lon="128.730478">
        <ele>66.4</ele>
      </trkpt>
      <trkpt lat="35.657911" lon="128.730427">
        <ele>66.4</ele>
      </trkpt>
      <trkpt lat="35.657928" lon="128.730375">
        <ele>66.4</ele>
      </trkpt>
      <trkpt lat="35.657946" lon="128.730324">
        <ele>66.4</ele>
      </trkpt>
      <trkpt lat="35.657963" lon="128.730273">
        <ele>66.3</ele>
      </trkpt>
      <trkpt lat="35.657980" lon="128.730222">
        <ele>66.3</ele>
      </trkpt>
      <trkpt lat="35.657996" lon="128.730172">
        <ele>66.3</ele>
      </trkpt>
      <trkpt lat="35.657964" lon="128.730156">
        <ele>66.3</ele>
      </trkpt>
      <trkpt lat="35.658001" lon="128.730163">
        <ele>66.3</ele>
      </trkpt>
      <trkpt lat="35.658018" lon="128.730112">
        <ele>66.3</ele>
      </trkpt>
      <trkpt lat="35.658035" lon="128.730061">
        <ele>66.3</ele>
      </trkpt>
      <trkpt lat="35.658053" lon="128.730010">
        <ele>66.3</ele>
      </trkpt>
      <trkpt lat="35.658070" lon="128.729959">
        <ele>66.3</ele>
      </trkpt>
      <trkpt lat="35.658088" lon="128.729908">
        <ele>66.3</ele>
      </trkpt>
      <trkpt lat="35.658105" lon="128.729857">
        <ele>66.3</ele>
      </trkpt>
      <trkpt lat="35.658123" lon="128.729806">
        <ele>66.3</ele>
      </trkpt>
      <trkpt lat="35.658140" lon="128.729755">
        <ele>66.3</ele>
      </trkpt>
      <trkpt lat="35.658157" lon="128.729704">
        <ele>66.3</ele>
      </trkpt>
      <trkpt lat="35.658175" lon="128.729653">
        <ele>66.3</ele>
      </trkpt>
      <trkpt lat="35.658192" lon="128.729602">
        <ele>66.3</ele>
      </trkpt>
      <trkpt lat="35.658210" lon="128.729551">
        <ele>66.3</ele>
      </trkpt>
      <trkpt lat="35.658227" lon="128.729500">
        <ele>66.3</ele>
      </trkpt>
      <trkpt lat="35.658245" lon="128.729449">
        <ele>66.3</ele>
      </trkpt>
      <trkpt lat="35.658262" lon="128.729397">
        <ele>66.3</ele>
      </trkpt>
      <trkpt lat="35.658279" lon="128.729346">
        <ele>66.3</ele>
      </trkpt>
      <trkpt lat="35.658295" lon="128.729295">
        <ele>66.3</ele>
      </trkpt>
      <trkpt lat="35.658312" lon="128.729243">
        <ele>66.3</ele>
      </trkpt>
      <trkpt lat="35.658329" lon="128.729192">
        <ele>66.3</ele>
      </trkpt>
      <trkpt lat="35.658346" lon="128.729141">
        <ele>66.3</ele>
      </trkpt>
      <trkpt lat="35.658362" lon="128.729089">
        <ele>66.3</ele>
      </trkpt>
      <trkpt lat="35.658379" lon="128.729038">
        <ele>66.3</ele>
      </trkpt>
      <trkpt lat="35.658396" lon="128.728987">
        <ele>66.3</ele>
      </trkpt>
      <trkpt lat="35.658413" lon="128.728935">
        <ele>66.3</ele>
      </trkpt>
      <trkpt lat="35.658430" lon="128.728884">
        <ele>66.3</ele>
      </trkpt>
      <trkpt lat="35.658446" lon="128.728833">
        <ele>66.4</ele>
      </trkpt>
      <trkpt lat="35.658463" lon="128.728781">
        <ele>66.4</ele>
      </trkpt>
      <trkpt lat="35.658480" lon="128.728730">
        <ele>66.4</ele>
      </trkpt>
      <trkpt lat="35.658497" lon="128.728679">
        <ele>66.4</ele>
      </trkpt>
      <trkpt lat="35.658513" lon="128.728627">
        <ele>66.4</ele>
      </trkpt>
      <trkpt lat="35.658530" lon="128.728576">
        <ele>66.4</ele>
      </trkpt>
      <trkpt lat="35.658547" lon="128.728524">
        <ele>66.4</ele>
      </trkpt>
      <trkpt lat="35.658564" lon="128.728473">
        <ele>66.4</ele>
      </trkpt>
      <trkpt lat="35.658581" lon="128.728422">
        <ele>66.4</ele>
      </trkpt>
      <trkpt lat="35.658597" lon="128.728370">
        <ele>66.4</ele>
      </trkpt>
      <trkpt lat="35.658614" lon="128.728319">
        <ele>66.4</ele>
      </trkpt>
      <trkpt lat="35.658631" lon="128.728268">
        <ele>66.4</ele>
      </trkpt>
      <trkpt lat="35.658648" lon="128.728216">
        <ele>66.4</ele>
      </trkpt>
      <trkpt lat="35.658664" lon="128.728165">
        <ele>66.4</ele>
      </trkpt>
      <trkpt lat="35.658681" lon="128.728114">
        <ele>66.4</ele>
      </trkpt>
      <trkpt lat="35.658698" lon="128.728062">
        <ele>66.4</ele>
      </trkpt>
      <trkpt lat="35.658715" lon="128.728011">
        <ele>66.4</ele>
      </trkpt>
      <trkpt lat="35.658732" lon="128.727960">
        <ele>66.4</ele>
      </trkpt>
      <trkpt lat="35.658748" lon="128.727908">
        <ele>66.4</ele>
      </trkpt>
      <trkpt lat="35.658765" lon="128.727857">
        <ele>66.4</ele>
      </trkpt>
      <trkpt lat="35.658782" lon="128.727806">
        <ele>66.4</ele>
      </trkpt>
      <trkpt lat="35.658799" lon="128.727754">
        <ele>66.5</ele>
      </trkpt>
      <trkpt lat="35.658815" lon="128.727703">
        <ele>66.5</ele>
      </trkpt>
      <trkpt lat="35.658832" lon="128.727652">
        <ele>66.5</ele>
      </trkpt>
      <trkpt lat="35.658849" lon="128.727600">
        <ele>66.5</ele>
      </trkpt>
      <trkpt lat="35.658866" lon="128.727549">
        <ele>66.5</ele>
      </trkpt>
      <trkpt lat="35.658883" lon="128.727498">
        <ele>66.5</ele>
      </trkpt>
      <trkpt lat="35.658899" lon="128.727446">
        <ele>66.5</ele>
      </trkpt>
      <trkpt lat="35.658916" lon="128.727395">
        <ele>66.5</ele>
      </trkpt>
      <trkpt lat="35.658933" lon="128.727344">
        <ele>66.5</ele>
      </trkpt>
      <trkpt lat="35.658950" lon="128.727292">
        <ele>66.5</ele>
      </trkpt>
      <trkpt lat="35.658966" lon="128.727241">
        <ele>66.5</ele>
      </trkpt>
      <trkpt lat="35.658983" lon="128.727189">
        <ele>66.5</ele>
      </trkpt>
      <trkpt lat="35.659000" lon="128.727138">
        <ele>66.5</ele>
      </trkpt>
      <trkpt lat="35.659017" lon="128.727087">
        <ele>66.5</ele>
      </trkpt>
      <trkpt lat="35.659034" lon="128.727035">
        <ele>66.5</ele>
      </trkpt>
      <trkpt lat="35.659050" lon="128.726984">
        <ele>66.5</ele>
      </trkpt>
      <trkpt lat="35.659067" lon="128.726933">
        <ele>66.5</ele>
      </trkpt>
      <trkpt lat="35.659084" lon="128.726881">
        <ele>66.5</ele>
      </trkpt>
      <trkpt lat="35.659101" lon="128.726830">
        <ele>66.5</ele>
      </trkpt>
      <trkpt lat="35.659117" lon="128.726779">
        <ele>66.5</ele>
      </trkpt>
      <trkpt lat="35.659134" lon="128.726727">
        <ele>66.5</ele>
      </trkpt>
      <trkpt lat="35.659151" lon="128.726676">
        <ele>66.6</ele>
      </trkpt>
      <trkpt lat="35.659168" lon="128.726625">
        <ele>66.6</ele>
      </trkpt>
      <trkpt lat="35.659185" lon="128.726573">
        <ele>66.6</ele>
      </trkpt>
      <trkpt lat="35.659201" lon="128.726522">
        <ele>66.6</ele>
      </trkpt>
      <trkpt lat="35.659218" lon="128.726471">
        <ele>66.6</ele>
      </trkpt>
      <trkpt lat="35.659235" lon="128.726419">
        <ele>66.6</ele>
      </trkpt>
      <trkpt lat="35.659252" lon="128.726368">
        <ele>66.6</ele>
      </trkpt>
      <trkpt lat="35.659268" lon="128.726317">
        <ele>66.6</ele>
      </trkpt>
      <trkpt lat="35.659285" lon="128.726265">
        <ele>66.6</ele>
      </trkpt>
      <trkpt lat="35.659302" lon="128.726214">
        <ele>66.6</ele>
      </trkpt>
      <trkpt lat="35.659319" lon="128.726163">
        <ele>66.6</ele>
      </trkpt>
      <trkpt lat="35.659336" lon="128.726111">
        <ele>66.6</ele>
      </trkpt>
      <trkpt lat="35.659352" lon="128.726060">
        <ele>66.6</ele>
      </trkpt>
      <trkpt lat="35.659369" lon="128.726009">
        <ele>66.6</ele>
      </trkpt>
      <trkpt lat="35.659386" lon="128.725957">
        <ele>66.6</ele>
      </trkpt>
      <trkpt lat="35.659403" lon="128.725906">
        <ele>66.6</ele>
      </trkpt>
      <trkpt lat="35.659419" lon="128.725854">
        <ele>66.6</ele>
      </trkpt>
      <trkpt lat="35.659436" lon="128.725803">
        <ele>66.6</ele>
      </trkpt>
      <trkpt lat="35.659453" lon="128.725752">
        <ele>66.6</ele>
      </trkpt>
      <trkpt lat="35.659470" lon="128.725700">
        <ele>66.6</ele>
      </trkpt>
      <trkpt lat="35.659487" lon="128.725649">
        <ele>66.6</ele>
      </trkpt>
      <trkpt lat="35.659503" lon="128.725598">
        <ele>66.7</ele>
      </trkpt>
      <trkpt lat="35.659520" lon="128.725546">
        <ele>66.7</ele>
      </trkpt>
      <trkpt lat="35.659537" lon="128.725495">
        <ele>66.7</ele>
      </trkpt>
      <trkpt lat="35.659554" lon="128.725444">
        <ele>66.7</ele>
      </trkpt>
      <trkpt lat="35.659570" lon="128.725392">
        <ele>66.7</ele>
      </trkpt>
      <trkpt lat="35.659587" lon="128.725341">
        <ele>66.7</ele>
      </trkpt>
      <trkpt lat="35.659604" lon="128.725290">
        <ele>66.7</ele>
      </trkpt>
      <trkpt lat="35.659621" lon="128.725238">
        <ele>66.7</ele>
      </trkpt>
      <trkpt lat="35.659638" lon="128.725187">
        <ele>66.7</ele>
      </trkpt>
      <trkpt lat="35.659654" lon="128.725136">
        <ele>66.7</ele>
      </trkpt>
      <trkpt lat="35.659671" lon="128.725084">
        <ele>66.7</ele>
      </trkpt>
      <trkpt lat="35.659688" lon="128.725033">
        <ele>66.7</ele>
      </trkpt>
      <trkpt lat="35.659705" lon="128.724982">
        <ele>66.7</ele>
      </trkpt>
      <trkpt lat="35.659721" lon="128.724930">
        <ele>66.7</ele>
      </trkpt>
      <trkpt lat="35.659738" lon="128.724879">
        <ele>66.7</ele>
      </trkpt>
      <trkpt lat="35.659755" lon="128.724828">
        <ele>66.7</ele>
      </trkpt>
      <trkpt lat="35.659772" lon="128.724776">
        <ele>66.7</ele>
      </trkpt>
      <trkpt lat="35.659789" lon="128.724725">
        <ele>66.7</ele>
      </trkpt>
      <trkpt lat="35.659805" lon="128.724674">
        <ele>66.7</ele>
      </trkpt>
      <trkpt lat="35.659822" lon="128.724622">
        <ele>66.7</ele>
      </trkpt>
      <trkpt lat="35.659839" lon="128.724571">
        <ele>66.7</ele>
      </trkpt>
      <trkpt lat="35.659856" lon="128.724519">
        <ele>66.8</ele>
      </trkpt>
      <trkpt lat="35.659872" lon="128.724468">
        <ele>66.8</ele>
      </trkpt>
      <trkpt lat="35.659889" lon="128.724417">
        <ele>66.8</ele>
      </trkpt>
      <trkpt lat="35.659906" lon="128.724365">
        <ele>66.8</ele>
      </trkpt>
      <trkpt lat="35.659923" lon="128.724314">
        <ele>66.8</ele>
      </trkpt>
      <trkpt lat="35.659940" lon="128.724263">
        <ele>66.8</ele>
      </trkpt>
      <trkpt lat="35.659956" lon="128.724211">
        <ele>66.8</ele>
      </trkpt>
      <trkpt lat="35.659973" lon="128.724160">
        <ele>66.8</ele>
      </trkpt>
      <trkpt lat="35.659990" lon="128.724109">
        <ele>66.8</ele>
      </trkpt>
      <trkpt lat="35.660007" lon="128.724057">
        <ele>66.8</ele>
      </trkpt>
      <trkpt lat="35.660023" lon="128.724006">
        <ele>66.8</ele>
      </trkpt>
      <trkpt lat="35.660040" lon="128.723954">
        <ele>66.8</ele>
      </trkpt>
      <trkpt lat="35.660056" lon="128.723903">
        <ele>66.9</ele>
      </trkpt>
      <trkpt lat="35.660072" lon="128.723851">
        <ele>66.9</ele>
      </trkpt>
      <trkpt lat="35.660088" lon="128.723799">
        <ele>66.9</ele>
      </trkpt>
      <trkpt lat="35.660104" lon="128.723748">
        <ele>67.0</ele>
      </trkpt>
      <trkpt lat="35.660120" lon="128.723696">
        <ele>67.0</ele>
      </trkpt>
      <trkpt lat="35.660136" lon="128.723644">
        <ele>67.0</ele>
      </trkpt>
      <trkpt lat="35.660152" lon="128.723592">
        <ele>67.1</ele>
      </trkpt>
      <trkpt lat="35.660168" lon="128.723541">
        <ele>67.1</ele>
      </trkpt>
      <trkpt lat="35.660184" lon="128.723489">
        <ele>67.1</ele>
      </trkpt>
      <trkpt lat="35.660200" lon="128.723437">
        <ele>67.2</ele>
      </trkpt>
      <trkpt lat="35.660216" lon="128.723385">
        <ele>67.2</ele>
      </trkpt>
      <trkpt lat="35.660232" lon="128.723334">
        <ele>67.2</ele>
      </trkpt>
      <trkpt lat="35.660248" lon="128.723282">
        <ele>67.3</ele>
      </trkpt>
      <trkpt lat="35.660264" lon="128.723230">
        <ele>67.3</ele>
      </trkpt>
      <trkpt lat="35.660280" lon="128.723179">
        <ele>67.3</ele>
      </trkpt>
      <trkpt lat="35.660296" lon="128.723127">
        <ele>67.4</ele>
      </trkpt>
      <trkpt lat="35.660311" lon="128.723075">
        <ele>67.4</ele>
      </trkpt>
      <trkpt lat="35.660327" lon="128.723023">
        <ele>67.4</ele>
      </trkpt>
      <trkpt lat="35.660343" lon="128.722972">
        <ele>67.5</ele>
      </trkpt>
      <trkpt lat="35.660358" lon="128.722919">
        <ele>67.5</ele>
      </trkpt>
      <trkpt lat="35.660369" lon="128.722866">
        <ele>67.6</ele>
      </trkpt>
      <trkpt lat="35.660381" lon="128.722812">
        <ele>67.7</ele>
      </trkpt>
      <trkpt lat="35.660393" lon="128.722759">
        <ele>67.8</ele>
      </trkpt>
      <trkpt lat="35.660405" lon="128.722706">
        <ele>67.9</ele>
      </trkpt>
      <trkpt lat="35.660417" lon="128.722652">
        <ele>68.0</ele>
      </trkpt>
      <trkpt lat="35.660429" lon="128.722599">
        <ele>68.1</ele>
      </trkpt>
      <trkpt lat="35.660440" lon="128.722545">
        <ele>68.2</ele>
      </trkpt>
      <trkpt lat="35.660452" lon="128.722492">
        <ele>68.3</ele>
      </trkpt>
      <trkpt lat="35.660464" lon="128.722439">
        <ele>68.4</ele>
      </trkpt>
      <trkpt lat="35.660476" lon="128.722385">
        <ele>68.5</ele>
      </trkpt>
      <trkpt lat="35.660488" lon="128.722332">
        <ele>68.6</ele>
      </trkpt>
      <trkpt lat="35.660500" lon="128.722278">
        <ele>68.6</ele>
      </trkpt>
      <trkpt lat="35.660512" lon="128.722225">
        <ele>68.7</ele>
      </trkpt>
      <trkpt lat="35.660523" lon="128.722172">
        <ele>68.8</ele>
      </trkpt>
      <trkpt lat="35.660535" lon="128.722118">
        <ele>68.9</ele>
      </trkpt>
      <trkpt lat="35.660547" lon="128.722065">
        <ele>69.0</ele>
      </trkpt>
      <trkpt lat="35.660556" lon="128.722011">
        <ele>69.1</ele>
      </trkpt>
      <trkpt lat="35.660565" lon="128.721956">
        <ele>69.1</ele>
      </trkpt>
      <trkpt lat="35.660574" lon="128.721902">
        <ele>69.2</ele>
      </trkpt>
      <trkpt lat="35.660583" lon="128.721848">
        <ele>69.3</ele>
      </trkpt>
      <trkpt lat="35.660591" lon="128.721794">
        <ele>69.3</ele>
      </trkpt>
      <trkpt lat="35.660600" lon="128.721739">
        <ele>69.4</ele>
      </trkpt>
      <trkpt lat="35.660609" lon="128.721685">
        <ele>69.5</ele>
      </trkpt>
      <trkpt lat="35.660618" lon="128.721631">
        <ele>69.5</ele>
      </trkpt>
      <trkpt lat="35.660627" lon="128.721577">
        <ele>69.6</ele>
      </trkpt>
      <trkpt lat="35.660636" lon="128.721522">
        <ele>69.7</ele>
      </trkpt>
      <trkpt lat="35.660645" lon="128.721468">
        <ele>69.7</ele>
      </trkpt>
      <trkpt lat="35.660654" lon="128.721414">
        <ele>69.8</ele>
      </trkpt>
      <trkpt lat="35.660663" lon="128.721360">
        <ele>69.9</ele>
      </trkpt>
      <trkpt lat="35.660672" lon="128.721305">
        <ele>69.9</ele>
      </trkpt>
      <trkpt lat="35.660681" lon="128.721251">
        <ele>70.0</ele>
      </trkpt>
      <trkpt lat="35.660690" lon="128.721197">
        <ele>70.1</ele>
      </trkpt>
      <trkpt lat="35.660699" lon="128.721143">
        <ele>70.1</ele>
      </trkpt>
      <trkpt lat="35.660707" lon="128.721088">
        <ele>70.2</ele>
      </trkpt>
      <trkpt lat="35.660716" lon="128.721034">
        <ele>70.3</ele>
      </trkpt>
      <trkpt lat="35.660725" lon="128.720980">
        <ele>70.3</ele>
      </trkpt>
      <trkpt lat="35.660734" lon="128.720926">
        <ele>70.4</ele>
      </trkpt>
      <trkpt lat="35.660743" lon="128.720871">
        <ele>70.5</ele>
      </trkpt>
      <trkpt lat="35.660752" lon="128.720817">
        <ele>70.5</ele>
      </trkpt>
      <trkpt lat="35.660761" lon="128.720763">
        <ele>70.6</ele>
      </trkpt>
      <trkpt lat="35.660770" lon="128.720709">
        <ele>70.7</ele>
      </trkpt>
      <trkpt lat="35.660779" lon="128.720655">
        <ele>70.7</ele>
      </trkpt>
      <trkpt lat="35.660788" lon="128.720600">
        <ele>70.8</ele>
      </trkpt>
      <trkpt lat="35.660797" lon="128.720546">
        <ele>70.9</ele>
      </trkpt>
      <trkpt lat="35.660806" lon="128.720492">
        <ele>70.9</ele>
      </trkpt>
      <trkpt lat="35.660815" lon="128.720438">
        <ele>71.0</ele>
      </trkpt>
      <trkpt lat="35.660824" lon="128.720383">
        <ele>71.1</ele>
      </trkpt>
      <trkpt lat="35.660832" lon="128.720329">
        <ele>71.1</ele>
      </trkpt>
      <trkpt lat="35.660841" lon="128.720275">
        <ele>71.2</ele>
      </trkpt>
      <trkpt lat="35.660850" lon="128.720221">
        <ele>71.3</ele>
      </trkpt>
      <trkpt lat="35.660858" lon="128.720166">
        <ele>71.3</ele>
      </trkpt>
      <trkpt lat="35.660865" lon="128.720111">
        <ele>71.4</ele>
      </trkpt>
      <trkpt lat="35.660873" lon="128.720057">
        <ele>71.4</ele>
      </trkpt>
      <trkpt lat="35.660880" lon="128.720002">
        <ele>71.5</ele>
      </trkpt>
      <trkpt lat="35.660887" lon="128.719948">
        <ele>71.6</ele>
      </trkpt>
      <trkpt lat="35.660894" lon="128.719893">
        <ele>71.6</ele>
      </trkpt>
      <trkpt lat="35.660901" lon="128.719838">
        <ele>71.7</ele>
      </trkpt>
      <trkpt lat="35.660908" lon="128.719784">
        <ele>71.7</ele>
      </trkpt>
      <trkpt lat="35.660915" lon="128.719729">
        <ele>71.8</ele>
      </trkpt>
      <trkpt lat="35.660919" lon="128.719674">
        <ele>71.8</ele>
      </trkpt>
      <trkpt lat="35.660923" lon="128.719619">
        <ele>71.8</ele>
      </trkpt>
      <trkpt lat="35.660927" lon="128.719564">
        <ele>71.7</ele>
      </trkpt>
      <trkpt lat="35.660931" lon="128.719508">
        <ele>71.7</ele>
      </trkpt>
      <trkpt lat="35.660936" lon="128.719453">
        <ele>71.7</ele>
      </trkpt>
      <trkpt lat="35.660940" lon="128.719398">
        <ele>71.7</ele>
      </trkpt>
      <trkpt lat="35.660944" lon="128.719343">
        <ele>71.7</ele>
      </trkpt>
      <trkpt lat="35.660948" lon="128.719288">
        <ele>71.7</ele>
      </trkpt>
      <trkpt lat="35.660952" lon="128.719233">
        <ele>71.6</ele>
      </trkpt>
      <trkpt lat="35.660957" lon="128.719178">
        <ele>71.6</ele>
      </trkpt>
      <trkpt lat="35.660961" lon="128.719123">
        <ele>71.6</ele>
      </trkpt>
      <trkpt lat="35.660965" lon="128.719068">
        <ele>71.6</ele>
      </trkpt>
      <trkpt lat="35.660969" lon="128.719013">
        <ele>71.6</ele>
      </trkpt>
      <trkpt lat="35.660973" lon="128.718957">
        <ele>71.6</ele>
      </trkpt>
      <trkpt lat="35.660977" lon="128.718902">
        <ele>71.5</ele>
      </trkpt>
      <trkpt lat="35.660982" lon="128.718847">
        <ele>71.5</ele>
      </trkpt>
      <trkpt lat="35.660986" lon="128.718792">
        <ele>71.5</ele>
      </trkpt>
      <trkpt lat="35.660990" lon="128.718737">
        <ele>71.5</ele>
      </trkpt>
      <trkpt lat="35.660994" lon="128.718682">
        <ele>71.5</ele>
      </trkpt>
      <trkpt lat="35.660998" lon="128.718627">
        <ele>71.5</ele>
      </trkpt>
      <trkpt lat="35.661003" lon="128.718572">
        <ele>71.4</ele>
      </trkpt>
      <trkpt lat="35.661007" lon="128.718517">
        <ele>71.4</ele>
      </trkpt>
      <trkpt lat="35.661011" lon="128.718461">
        <ele>71.4</ele>
      </trkpt>
      <trkpt lat="35.661015" lon="128.718406">
        <ele>71.4</ele>
      </trkpt>
      <trkpt lat="35.661019" lon="128.718351">
        <ele>71.4</ele>
      </trkpt>
      <trkpt lat="35.661023" lon="128.718296">
        <ele>71.3</ele>
      </trkpt>
      <trkpt lat="35.661028" lon="128.718241">
        <ele>71.3</ele>
      </trkpt>
      <trkpt lat="35.661032" lon="128.718186">
        <ele>71.3</ele>
      </trkpt>
      <trkpt lat="35.661036" lon="128.718131">
        <ele>71.3</ele>
      </trkpt>
      <trkpt lat="35.661040" lon="128.718076">
        <ele>71.3</ele>
      </trkpt>
      <trkpt lat="35.661044" lon="128.718021">
        <ele>71.3</ele>
      </trkpt>
      <trkpt lat="35.661049" lon="128.717966">
        <ele>71.2</ele>
      </trkpt>
      <trkpt lat="35.661053" lon="128.717910">
        <ele>71.2</ele>
      </trkpt>
      <trkpt lat="35.661057" lon="128.717855">
        <ele>71.2</ele>
      </trkpt>
      <trkpt lat="35.661061" lon="128.717800">
        <ele>71.2</ele>
      </trkpt>
      <trkpt lat="35.661065" lon="128.717745">
        <ele>71.2</ele>
      </trkpt>
      <trkpt lat="35.661069" lon="128.717690">
        <ele>71.2</ele>
      </trkpt>
      <trkpt lat="35.661074" lon="128.717635">
        <ele>71.1</ele>
      </trkpt>
      <trkpt lat="35.661078" lon="128.717580">
        <ele>71.1</ele>
      </trkpt>
      <trkpt lat="35.661082" lon="128.717525">
        <ele>71.1</ele>
      </trkpt>
      <trkpt lat="35.661086" lon="128.717470">
        <ele>71.1</ele>
      </trkpt>
      <trkpt lat="35.661090" lon="128.717414">
        <ele>71.1</ele>
      </trkpt>
      <trkpt lat="35.661095" lon="128.717359">
        <ele>71.1</ele>
      </trkpt>
      <trkpt lat="35.661099" lon="128.717304">
        <ele>71.0</ele>
      </trkpt>
      <trkpt lat="35.661103" lon="128.717249">
        <ele>71.0</ele>
      </trkpt>
      <trkpt lat="35.661107" lon="128.717194">
        <ele>71.0</ele>
      </trkpt>
      <trkpt lat="35.661079" lon="128.717184">
        <ele>72.0</ele>
      </trkpt>
      <trkpt lat="35.661103" lon="128.717181">
        <ele>71.0</ele>
      </trkpt>
      <trkpt lat="35.661114" lon="128.717134">
        <ele>71.0</ele>
      </trkpt>
      <trkpt lat="35.661122" lon="128.717079">
        <ele>71.0</ele>
      </trkpt>
      <trkpt lat="35.661129" lon="128.717025">
        <ele>71.0</ele>
      </trkpt>
      <trkpt lat="35.661136" lon="128.716970">
        <ele>71.0</ele>
      </trkpt>
      <trkpt lat="35.661143" lon="128.716915">
        <ele>71.0</ele>
      </trkpt>
      <trkpt lat="35.661150" lon="128.716861">
        <ele>71.0</ele>
      </trkpt>
      <trkpt lat="35.661157" lon="128.716806">
        <ele>71.0</ele>
      </trkpt>
      <trkpt lat="35.661165" lon="128.716752">
        <ele>71.0</ele>
      </trkpt>
      <trkpt lat="35.661174" lon="128.716697">
        <ele>71.0</ele>
      </trkpt>
      <trkpt lat="35.661184" lon="128.716644">
        <ele>70.9</ele>
      </trkpt>
      <trkpt lat="35.661195" lon="128.716590">
        <ele>70.8</ele>
      </trkpt>
      <trkpt lat="35.661206" lon="128.716536">
        <ele>70.7</ele>
      </trkpt>
      <trkpt lat="35.661217" lon="128.716482">
        <ele>70.7</ele>
      </trkpt>
      <trkpt lat="35.661227" lon="128.716429">
        <ele>70.6</ele>
      </trkpt>
      <trkpt lat="35.661238" lon="128.716375">
        <ele>70.5</ele>
      </trkpt>
      <trkpt lat="35.661249" lon="128.716321">
        <ele>70.5</ele>
      </trkpt>
      <trkpt lat="35.661260" lon="128.716268">
        <ele>70.4</ele>
      </trkpt>
      <trkpt lat="35.661270" lon="128.716214">
        <ele>70.3</ele>
      </trkpt>
      <trkpt lat="35.661283" lon="128.716161">
        <ele>70.2</ele>
      </trkpt>
      <trkpt lat="35.661296" lon="128.716108">
        <ele>70.1</ele>
      </trkpt>
      <trkpt lat="35.661309" lon="128.716055">
        <ele>70.0</ele>
      </trkpt>
      <trkpt lat="35.661322" lon="128.716002">
        <ele>69.9</ele>
      </trkpt>
      <trkpt lat="35.661335" lon="128.715949">
        <ele>69.8</ele>
      </trkpt>
      <trkpt lat="35.661348" lon="128.715896">
        <ele>69.7</ele>
      </trkpt>
      <trkpt lat="35.661360" lon="128.715843">
        <ele>69.6</ele>
      </trkpt>
      <trkpt lat="35.661373" lon="128.715790">
        <ele>69.5</ele>
      </trkpt>
      <trkpt lat="35.661386" lon="128.715737">
        <ele>69.4</ele>
      </trkpt>
      <trkpt lat="35.661399" lon="128.715684">
        <ele>69.3</ele>
      </trkpt>
      <trkpt lat="35.661412" lon="128.715631">
        <ele>69.2</ele>
      </trkpt>
      <trkpt lat="35.661425" lon="128.715577">
        <ele>69.1</ele>
      </trkpt>
      <trkpt lat="35.661438" lon="128.715524">
        <ele>69.0</ele>
      </trkpt>
      <trkpt lat="35.661451" lon="128.715471">
        <ele>68.9</ele>
      </trkpt>
      <trkpt lat="35.661464" lon="128.715418">
        <ele>68.8</ele>
      </trkpt>
      <trkpt lat="35.661477" lon="128.715365">
        <ele>68.7</ele>
      </trkpt>
      <trkpt lat="35.661490" lon="128.715312">
        <ele>68.6</ele>
      </trkpt>
      <trkpt lat="35.661502" lon="128.715259">
        <ele>68.4</ele>
      </trkpt>
      <trkpt lat="35.661515" lon="128.715206">
        <ele>68.3</ele>
      </trkpt>
      <trkpt lat="35.661528" lon="128.715153">
        <ele>68.2</ele>
      </trkpt>
      <trkpt lat="35.661541" lon="128.715100">
        <ele>68.1</ele>
      </trkpt>
      <trkpt lat="35.661554" lon="128.715047">
        <ele>68.0</ele>
      </trkpt>
      <trkpt lat="35.661567" lon="128.714994">
        <ele>67.9</ele>
      </trkpt>
      <trkpt lat="35.661580" lon="128.714941">
        <ele>67.8</ele>
      </trkpt>
      <trkpt lat="35.661593" lon="128.714888">
        <ele>67.7</ele>
      </trkpt>
      <trkpt lat="35.661606" lon="128.714835">
        <ele>67.6</ele>
      </trkpt>
      <trkpt lat="35.661619" lon="128.714782">
        <ele>67.5</ele>
      </trkpt>
      <trkpt lat="35.661632" lon="128.714729">
        <ele>67.4</ele>
      </trkpt>
      <trkpt lat="35.661644" lon="128.714676">
        <ele>67.3</ele>
      </trkpt>
      <trkpt lat="35.661657" lon="128.714623">
        <ele>67.2</ele>
      </trkpt>
      <trkpt lat="35.661670" lon="128.714570">
        <ele>67.1</ele>
      </trkpt>
      <trkpt lat="35.661683" lon="128.714517">
        <ele>67.0</ele>
      </trkpt>
      <trkpt lat="35.661696" lon="128.714464">
        <ele>67.0</ele>
      </trkpt>
      <trkpt lat="35.661710" lon="128.714411">
        <ele>67.1</ele>
      </trkpt>
      <trkpt lat="35.661723" lon="128.714359">
        <ele>67.1</ele>
      </trkpt>
      <trkpt lat="35.661736" lon="128.714306">
        <ele>67.1</ele>
      </trkpt>
      <trkpt lat="35.661749" lon="128.714253">
        <ele>67.1</ele>
      </trkpt>
      <trkpt lat="35.661763" lon="128.714200">
        <ele>67.2</ele>
      </trkpt>
      <trkpt lat="35.661776" lon="128.714147">
        <ele>67.2</ele>
      </trkpt>
      <trkpt lat="35.661789" lon="128.714094">
        <ele>67.2</ele>
      </trkpt>
      <trkpt lat="35.661802" lon="128.714041">
        <ele>67.3</ele>
      </trkpt>
      <trkpt lat="35.661815" lon="128.713988">
        <ele>67.3</ele>
      </trkpt>
      <trkpt lat="35.661829" lon="128.713935">
        <ele>67.3</ele>
      </trkpt>
      <trkpt lat="35.661842" lon="128.713882">
        <ele>67.4</ele>
      </trkpt>
      <trkpt lat="35.661855" lon="128.713830">
        <ele>67.4</ele>
      </trkpt>
      <trkpt lat="35.661868" lon="128.713777">
        <ele>67.4</ele>
      </trkpt>
      <trkpt lat="35.661882" lon="128.713724">
        <ele>67.4</ele>
      </trkpt>
      <trkpt lat="35.661895" lon="128.713671">
        <ele>67.5</ele>
      </trkpt>
      <trkpt lat="35.661908" lon="128.713618">
        <ele>67.5</ele>
      </trkpt>
      <trkpt lat="35.661923" lon="128.713566">
        <ele>67.5</ele>
      </trkpt>
      <trkpt lat="35.661938" lon="128.713513">
        <ele>67.6</ele>
      </trkpt>
      <trkpt lat="35.661953" lon="128.713461">
        <ele>67.6</ele>
      </trkpt>
      <trkpt lat="35.661967" lon="128.713409">
        <ele>67.6</ele>
      </trkpt>
      <trkpt lat="35.661982" lon="128.713357">
        <ele>67.7</ele>
      </trkpt>
      <trkpt lat="35.661997" lon="128.713304">
        <ele>67.7</ele>
      </trkpt>
      <trkpt lat="35.662012" lon="128.713252">
        <ele>67.7</ele>
      </trkpt>
      <trkpt lat="35.662027" lon="128.713200">
        <ele>67.8</ele>
      </trkpt>
      <trkpt lat="35.662043" lon="128.713148">
        <ele>67.8</ele>
      </trkpt>
      <trkpt lat="35.662060" lon="128.713097">
        <ele>67.9</ele>
      </trkpt>
      <trkpt lat="35.662078" lon="128.713047">
        <ele>67.9</ele>
      </trkpt>
      <trkpt lat="35.662096" lon="128.712996">
        <ele>67.9</ele>
      </trkpt>
      <trkpt lat="35.662113" lon="128.712945">
        <ele>68.0</ele>
      </trkpt>
      <trkpt lat="35.662132" lon="128.712894">
        <ele>68.0</ele>
      </trkpt>
      <trkpt lat="35.662152" lon="128.712845">
        <ele>68.1</ele>
      </trkpt>
      <trkpt lat="35.662172" lon="128.712795">
        <ele>68.2</ele>
      </trkpt>
      <trkpt lat="35.662192" lon="128.712746">
        <ele>68.2</ele>
      </trkpt>
      <trkpt lat="35.662213" lon="128.712696">
        <ele>68.3</ele>
      </trkpt>
      <trkpt lat="35.662236" lon="128.712649">
        <ele>68.3</ele>
      </trkpt>
      <trkpt lat="35.662258" lon="128.712601">
        <ele>68.2</ele>
      </trkpt>
      <trkpt lat="35.662281" lon="128.712554">
        <ele>68.2</ele>
      </trkpt>
      <trkpt lat="35.662304" lon="128.712506">
        <ele>68.2</ele>
      </trkpt>
      <trkpt lat="35.662327" lon="128.712458">
        <ele>68.1</ele>
      </trkpt>
      <trkpt lat="35.662350" lon="128.712411">
        <ele>68.1</ele>
      </trkpt>
      <trkpt lat="35.662373" lon="128.712363">
        <ele>68.1</ele>
      </trkpt>
      <trkpt lat="35.662396" lon="128.712316">
        <ele>68.0</ele>
      </trkpt>
      <trkpt lat="35.662419" lon="128.712268">
        <ele>68.0</ele>
      </trkpt>
      <trkpt lat="35.662442" lon="128.712220">
        <ele>68.0</ele>
      </trkpt>
      <trkpt lat="35.662465" lon="128.712173">
        <ele>67.9</ele>
      </trkpt>
      <trkpt lat="35.662488" lon="128.712125">
        <ele>67.9</ele>
      </trkpt>
      <trkpt lat="35.662511" lon="128.712078">
        <ele>67.9</ele>
      </trkpt>
      <trkpt lat="35.662534" lon="128.712030">
        <ele>67.8</ele>
      </trkpt>
      <trkpt lat="35.662557" lon="128.711983">
        <ele>67.8</ele>
      </trkpt>
      <trkpt lat="35.662580" lon="128.711935">
        <ele>67.9</ele>
      </trkpt>
      <trkpt lat="35.662603" lon="128.711887">
        <ele>68.0</ele>
      </trkpt>
      <trkpt lat="35.662625" lon="128.711840">
        <ele>68.1</ele>
      </trkpt>
      <trkpt lat="35.662648" lon="128.711792">
        <ele>68.2</ele>
      </trkpt>
      <trkpt lat="35.662671" lon="128.711744">
        <ele>68.3</ele>
      </trkpt>
      <trkpt lat="35.662694" lon="128.711697">
        <ele>68.4</ele>
      </trkpt>
      <trkpt lat="35.662717" lon="128.711649">
        <ele>68.5</ele>
      </trkpt>
      <trkpt lat="35.662740" lon="128.711601">
        <ele>68.5</ele>
      </trkpt>
      <trkpt lat="35.662763" lon="128.711554">
        <ele>68.6</ele>
      </trkpt>
      <trkpt lat="35.662786" lon="128.711506">
        <ele>68.7</ele>
      </trkpt>
      <trkpt lat="35.662808" lon="128.711458">
        <ele>68.8</ele>
      </trkpt>
      <trkpt lat="35.662831" lon="128.711411">
        <ele>68.9</ele>
      </trkpt>
      <trkpt lat="35.662854" lon="128.711363">
        <ele>69.0</ele>
      </trkpt>
      <trkpt lat="35.662877" lon="128.711316">
        <ele>69.1</ele>
      </trkpt>
      <trkpt lat="35.662900" lon="128.711268">
        <ele>69.2</ele>
      </trkpt>
      <trkpt lat="35.662923" lon="128.711220">
        <ele>69.3</ele>
      </trkpt>
      <trkpt lat="35.662946" lon="128.711173">
        <ele>69.4</ele>
      </trkpt>
      <trkpt lat="35.662969" lon="128.711125">
        <ele>69.5</ele>
      </trkpt>
      <trkpt lat="35.662994" lon="128.711079">
        <ele>69.6</ele>
      </trkpt>
      <trkpt lat="35.663019" lon="128.711034">
        <ele>69.8</ele>
      </trkpt>
      <trkpt lat="35.663045" lon="128.710988">
        <ele>69.9</ele>
      </trkpt>
      <trkpt lat="35.663070" lon="128.710942">
        <ele>70.1</ele>
      </trkpt>
      <trkpt lat="35.663096" lon="128.710897">
        <ele>70.2</ele>
      </trkpt>
      <trkpt lat="35.663121" lon="128.710851">
        <ele>70.4</ele>
      </trkpt>
      <trkpt lat="35.663147" lon="128.710806">
        <ele>70.5</ele>
      </trkpt>
      <trkpt lat="35.663173" lon="128.710760">
        <ele>70.6</ele>
      </trkpt>
      <trkpt lat="35.663198" lon="128.710715">
        <ele>70.8</ele>
      </trkpt>
      <trkpt lat="35.663225" lon="128.710671">
        <ele>70.8</ele>
      </trkpt>
      <trkpt lat="35.663253" lon="128.710627">
        <ele>70.8</ele>
      </trkpt>
      <trkpt lat="35.663280" lon="128.710583">
        <ele>70.8</ele>
      </trkpt>
      <trkpt lat="35.663307" lon="128.710539">
        <ele>70.8</ele>
      </trkpt>
      <trkpt lat="35.663335" lon="128.710495">
        <ele>70.8</ele>
      </trkpt>
      <trkpt lat="35.663362" lon="128.710451">
        <ele>70.8</ele>
      </trkpt>
      <trkpt lat="35.663390" lon="128.710407">
        <ele>70.8</ele>
      </trkpt>
      <trkpt lat="35.663417" lon="128.710363">
        <ele>70.8</ele>
      </trkpt>
      <trkpt lat="35.663444" lon="128.710319">
        <ele>70.8</ele>
      </trkpt>
      <trkpt lat="35.663472" lon="128.710275">
        <ele>70.8</ele>
      </trkpt>
      <trkpt lat="35.663500" lon="128.710232">
        <ele>70.8</ele>
      </trkpt>
      <trkpt lat="35.663528" lon="128.710189">
        <ele>70.8</ele>
      </trkpt>
      <trkpt lat="35.663556" lon="128.710146">
        <ele>70.8</ele>
      </trkpt>
      <trkpt lat="35.663585" lon="128.710103">
        <ele>70.8</ele>
      </trkpt>
      <trkpt lat="35.663613" lon="128.710060">
        <ele>70.9</ele>
      </trkpt>
      <trkpt lat="35.663641" lon="128.710017">
        <ele>70.9</ele>
      </trkpt>
      <trkpt lat="35.663669" lon="128.709974">
        <ele>70.9</ele>
      </trkpt>
      <trkpt lat="35.663698" lon="128.709931">
        <ele>70.9</ele>
      </trkpt>
      <trkpt lat="35.663726" lon="128.709888">
        <ele>70.9</ele>
      </trkpt>
      <trkpt lat="35.663754" lon="128.709845">
        <ele>70.9</ele>
      </trkpt>
      <trkpt lat="35.663783" lon="128.709802">
        <ele>70.9</ele>
      </trkpt>
      <trkpt lat="35.663811" lon="128.709759">
        <ele>70.9</ele>
      </trkpt>
      <trkpt lat="35.663839" lon="128.709716">
        <ele>70.9</ele>
      </trkpt>
      <trkpt lat="35.663867" lon="128.709673">
        <ele>71.0</ele>
      </trkpt>
      <trkpt lat="35.663896" lon="128.709630">
        <ele>71.0</ele>
      </trkpt>
      <trkpt lat="35.663924" lon="128.709587">
        <ele>71.0</ele>
      </trkpt>
      <trkpt lat="35.663952" lon="128.709544">
        <ele>71.0</ele>
      </trkpt>
      <trkpt lat="35.663981" lon="128.709501">
        <ele>71.0</ele>
      </trkpt>
      <trkpt lat="35.664009" lon="128.709458">
        <ele>71.0</ele>
      </trkpt>
      <trkpt lat="35.664037" lon="128.709415">
        <ele>71.0</ele>
      </trkpt>
      <trkpt lat="35.664065" lon="128.709372">
        <ele>71.0</ele>
      </trkpt>
      <trkpt lat="35.664094" lon="128.709329">
        <ele>71.0</ele>
      </trkpt>
      <trkpt lat="35.664122" lon="128.709286">
        <ele>71.1</ele>
      </trkpt>
      <trkpt lat="35.664150" lon="128.709243">
        <ele>71.1</ele>
      </trkpt>
      <trkpt lat="35.664179" lon="128.709200">
        <ele>71.1</ele>
      </trkpt>
      <trkpt lat="35.664207" lon="128.709156">
        <ele>71.1</ele>
      </trkpt>
      <trkpt lat="35.664235" lon="128.709113">
        <ele>71.1</ele>
      </trkpt>
      <trkpt lat="35.664263" lon="128.709070">
        <ele>71.1</ele>
      </trkpt>
      <trkpt lat="35.664292" lon="128.709027">
        <ele>71.1</ele>
      </trkpt>
      <trkpt lat="35.664320" lon="128.708984">
        <ele>71.1</ele>
      </trkpt>
      <trkpt lat="35.664348" lon="128.708941">
        <ele>71.1</ele>
      </trkpt>
      <trkpt lat="35.664377" lon="128.708898">
        <ele>71.2</ele>
      </trkpt>
      <trkpt lat="35.664405" lon="128.708855">
        <ele>71.2</ele>
      </trkpt>
      <trkpt lat="35.664433" lon="128.708812">
        <ele>71.2</ele>
      </trkpt>
      <trkpt lat="35.664461" lon="128.708769">
        <ele>71.2</ele>
      </trkpt>
      <trkpt lat="35.664490" lon="128.708726">
        <ele>71.2</ele>
      </trkpt>
      <trkpt lat="35.664518" lon="128.708683">
        <ele>71.2</ele>
      </trkpt>
      <trkpt lat="35.664546" lon="128.708640">
        <ele>71.2</ele>
      </trkpt>
      <trkpt lat="35.664575" lon="128.708597">
        <ele>71.2</ele>
      </trkpt>
      <trkpt lat="35.664603" lon="128.708554">
        <ele>71.2</ele>
      </trkpt>
      <trkpt lat="35.664631" lon="128.708511">
        <ele>71.3</ele>
      </trkpt>
      <trkpt lat="35.664659" lon="128.708468">
        <ele>71.3</ele>
      </trkpt>
      <trkpt lat="35.664688" lon="128.708425">
        <ele>71.3</ele>
      </trkpt>
      <trkpt lat="35.664716" lon="128.708382">
        <ele>71.3</ele>
      </trkpt>
      <trkpt lat="35.664744" lon="128.708339">
        <ele>71.3</ele>
      </trkpt>
      <trkpt lat="35.664773" lon="128.708296">
        <ele>71.3</ele>
      </trkpt>
      <trkpt lat="35.664801" lon="128.708253">
        <ele>71.3</ele>
      </trkpt>
      <trkpt lat="35.664829" lon="128.708210">
        <ele>71.3</ele>
      </trkpt>
      <trkpt lat="35.664857" lon="128.708167">
        <ele>71.3</ele>
      </trkpt>
      <trkpt lat="35.664886" lon="128.708124">
        <ele>71.4</ele>
      </trkpt>
      <trkpt lat="35.664914" lon="128.708081">
        <ele>71.4</ele>
      </trkpt>
      <trkpt lat="35.664942" lon="128.708038">
        <ele>71.4</ele>
      </trkpt>
      <trkpt lat="35.664971" lon="128.707995">
        <ele>71.4</ele>
      </trkpt>
      <trkpt lat="35.664999" lon="128.707952">
        <ele>71.4</ele>
      </trkpt>
      <trkpt lat="35.665027" lon="128.707909">
        <ele>71.4</ele>
      </trkpt>
      <trkpt lat="35.665055" lon="128.707866">
        <ele>71.4</ele>
      </trkpt>
      <trkpt lat="35.665084" lon="128.707823">
        <ele>71.4</ele>
      </trkpt>
      <trkpt lat="35.665112" lon="128.707780">
        <ele>71.4</ele>
      </trkpt>
      <trkpt lat="35.665140" lon="128.707737">
        <ele>71.5</ele>
      </trkpt>
      <trkpt lat="35.665169" lon="128.707694">
        <ele>71.5</ele>
      </trkpt>
      <trkpt lat="35.665197" lon="128.707651">
        <ele>71.5</ele>
      </trkpt>
      <trkpt lat="35.665225" lon="128.707608">
        <ele>71.5</ele>
      </trkpt>
      <trkpt lat="35.665251" lon="128.707563">
        <ele>71.4</ele>
      </trkpt>
      <trkpt lat="35.665276" lon="128.707516">
        <ele>71.3</ele>
      </trkpt>
      <trkpt lat="35.665300" lon="128.707470">
        <ele>71.2</ele>
      </trkpt>
      <trkpt lat="35.665325" lon="128.707423">
        <ele>71.1</ele>
      </trkpt>
      <trkpt lat="35.665349" lon="128.707377">
        <ele>71.0</ele>
      </trkpt>
      <trkpt lat="35.665369" lon="128.707327">
        <ele>70.9</ele>
      </trkpt>
      <trkpt lat="35.665389" lon="128.707278">
        <ele>70.9</ele>
      </trkpt>
      <trkpt lat="35.665409" lon="128.707228">
        <ele>70.8</ele>
      </trkpt>
      <trkpt lat="35.665425" lon="128.707176">
        <ele>70.7</ele>
      </trkpt>
      <trkpt lat="35.665438" lon="128.707124">
        <ele>70.6</ele>
      </trkpt>
      <trkpt lat="35.665451" lon="128.707071">
        <ele>70.5</ele>
      </trkpt>
      <trkpt lat="35.665459" lon="128.707016">
        <ele>70.5</ele>
      </trkpt>
      <trkpt lat="35.665463" lon="128.706961">
        <ele>70.5</ele>
      </trkpt>
      <trkpt lat="35.665466" lon="128.706906">
        <ele>70.5</ele>
      </trkpt>
      <trkpt lat="35.665442" lon="128.706893">
        <ele>70.5</ele>
      </trkpt>
      <trkpt lat="35.665462" lon="128.706861">
        <ele>70.5</ele>
      </trkpt>
      <trkpt lat="35.665457" lon="128.706806">
        <ele>70.5</ele>
      </trkpt>
      <trkpt lat="35.665443" lon="128.706753">
        <ele>70.5</ele>
      </trkpt>
      <trkpt lat="35.665428" lon="128.706701">
        <ele>70.5</ele>
      </trkpt>
      <trkpt lat="35.665410" lon="128.706651">
        <ele>70.4</ele>
      </trkpt>
      <trkpt lat="35.665391" lon="128.706600">
        <ele>70.3</ele>
      </trkpt>
      <trkpt lat="35.665368" lon="128.706553">
        <ele>70.3</ele>
      </trkpt>
      <trkpt lat="35.665343" lon="128.706507">
        <ele>70.3</ele>
      </trkpt>
      <trkpt lat="35.665319" lon="128.706460">
        <ele>70.3</ele>
      </trkpt>
      <trkpt lat="35.665294" lon="128.706414">
        <ele>70.3</ele>
      </trkpt>
      <trkpt lat="35.665268" lon="128.706369">
        <ele>70.3</ele>
      </trkpt>
      <trkpt lat="35.665237" lon="128.706329">
        <ele>70.3</ele>
      </trkpt>
      <trkpt lat="35.665206" lon="128.706289">
        <ele>70.3</ele>
      </trkpt>
      <trkpt lat="35.665173" lon="128.706252">
        <ele>70.3</ele>
      </trkpt>
      <trkpt lat="35.665139" lon="128.706215">
        <ele>70.3</ele>
      </trkpt>
      <trkpt lat="35.665104" lon="128.706180">
        <ele>70.3</ele>
      </trkpt>
      <trkpt lat="35.665067" lon="128.706150">
        <ele>70.3</ele>
      </trkpt>
      <trkpt lat="35.665029" lon="128.706121">
        <ele>70.3</ele>
      </trkpt>
      <trkpt lat="35.664988" lon="128.706097">
        <ele>70.3</ele>
      </trkpt>
      <trkpt lat="35.664948" lon="128.706073">
        <ele>70.3</ele>
      </trkpt>
      <trkpt lat="35.664906" lon="128.706051">
        <ele>70.4</ele>
      </trkpt>
      <trkpt lat="35.664864" lon="128.706032">
        <ele>70.4</ele>
      </trkpt>
      <trkpt lat="35.664822" lon="128.706012">
        <ele>70.5</ele>
      </trkpt>
      <trkpt lat="35.664780" lon="128.705992">
        <ele>70.6</ele>
      </trkpt>
      <trkpt lat="35.664738" lon="128.705973">
        <ele>70.7</ele>
      </trkpt>
      <trkpt lat="35.664696" lon="128.705954">
        <ele>70.8</ele>
      </trkpt>
      <trkpt lat="35.664652" lon="128.705940">
        <ele>70.9</ele>
      </trkpt>
      <trkpt lat="35.664609" lon="128.705927">
        <ele>70.9</ele>
      </trkpt>
      <trkpt lat="35.664565" lon="128.705913">
        <ele>71.0</ele>
      </trkpt>
      <trkpt lat="35.664521" lon="128.705901">
        <ele>71.1</ele>
      </trkpt>
      <trkpt lat="35.664477" lon="128.705892">
        <ele>71.2</ele>
      </trkpt>
      <trkpt lat="35.664433" lon="128.705882">
        <ele>71.3</ele>
      </trkpt>
      <trkpt lat="35.664388" lon="128.705877">
        <ele>71.3</ele>
      </trkpt>
      <trkpt lat="35.664343" lon="128.705875">
        <ele>71.4</ele>
      </trkpt>
      <trkpt lat="35.664298" lon="128.705872">
        <ele>71.5</ele>
      </trkpt>
      <trkpt lat="35.664253" lon="128.705873">
        <ele>71.5</ele>
      </trkpt>
      <trkpt lat="35.664208" lon="128.705877">
        <ele>71.7</ele>
      </trkpt>
      <trkpt lat="35.664163" lon="128.705881">
        <ele>71.8</ele>
      </trkpt>
      <trkpt lat="35.664119" lon="128.705888">
        <ele>71.7</ele>
      </trkpt>
      <trkpt lat="35.664074" lon="128.705896">
        <ele>71.6</ele>
      </trkpt>
      <trkpt lat="35.664030" lon="128.705903">
        <ele>71.6</ele>
      </trkpt>
      <trkpt lat="35.663985" lon="128.705911">
        <ele>71.5</ele>
      </trkpt>
      <trkpt lat="35.663941" lon="128.705922">
        <ele>71.4</ele>
      </trkpt>
      <trkpt lat="35.663897" lon="128.705932">
        <ele>71.3</ele>
      </trkpt>
      <trkpt lat="35.663853" lon="128.705942">
        <ele>71.1</ele>
      </trkpt>
      <trkpt lat="35.663808" lon="128.705952">
        <ele>71.0</ele>
      </trkpt>
      <trkpt lat="35.663764" lon="128.705962">
        <ele>70.9</ele>
      </trkpt>
      <trkpt lat="35.663720" lon="128.705972">
        <ele>70.8</ele>
      </trkpt>
      <trkpt lat="35.663675" lon="128.705978">
        <ele>70.7</ele>
      </trkpt>
      <trkpt lat="35.663631" lon="128.705983">
        <ele>70.7</ele>
      </trkpt>
      <trkpt lat="35.663586" lon="128.705987">
        <ele>70.6</ele>
      </trkpt>
      <trkpt lat="35.663541" lon="128.705992">
        <ele>70.5</ele>
      </trkpt>
      <trkpt lat="35.663496" lon="128.705995">
        <ele>70.4</ele>
      </trkpt>
      <trkpt lat="35.663451" lon="128.705994">
        <ele>70.3</ele>
      </trkpt>
      <trkpt lat="35.663406" lon="128.705993">
        <ele>70.2</ele>
      </trkpt>
      <trkpt lat="35.663361" lon="128.705993">
        <ele>70.1</ele>
      </trkpt>
      <trkpt lat="35.663316" lon="128.705992">
        <ele>70.0</ele>
      </trkpt>
      <trkpt lat="35.663271" lon="128.705987">
        <ele>70.0</ele>
      </trkpt>
      <trkpt lat="35.663227" lon="128.705983">
        <ele>70.0</ele>
      </trkpt>
      <trkpt lat="35.663182" lon="128.705978">
        <ele>70.0</ele>
      </trkpt>
      <trkpt lat="35.663137" lon="128.705973">
        <ele>70.0</ele>
      </trkpt>
      <trkpt lat="35.663092" lon="128.705968">
        <ele>70.0</ele>
      </trkpt>
      <trkpt lat="35.663048" lon="128.705958">
        <ele>70.0</ele>
      </trkpt>
      <trkpt lat="35.663004" lon="128.705948">
        <ele>70.0</ele>
      </trkpt>
      <trkpt lat="35.662960" lon="128.705937">
        <ele>70.0</ele>
      </trkpt>
      <trkpt lat="35.662916" lon="128.705927">
        <ele>70.0</ele>
      </trkpt>
      <trkpt lat="35.662871" lon="128.705916">
        <ele>70.0</ele>
      </trkpt>
      <trkpt lat="35.662828" lon="128.705902">
        <ele>70.0</ele>
      </trkpt>
      <trkpt lat="35.662785" lon="128.705887">
        <ele>70.1</ele>
      </trkpt>
      <trkpt lat="35.662741" lon="128.705872">
        <ele>70.1</ele>
      </trkpt>
      <trkpt lat="35.662698" lon="128.705857">
        <ele>70.1</ele>
      </trkpt>
      <trkpt lat="35.662655" lon="128.705842">
        <ele>70.2</ele>
      </trkpt>
      <trkpt lat="35.662612" lon="128.705827">
        <ele>70.2</ele>
      </trkpt>
      <trkpt lat="35.662568" lon="128.705812">
        <ele>70.2</ele>
      </trkpt>
      <trkpt lat="35.662525" lon="128.705797">
        <ele>70.3</ele>
      </trkpt>
      <trkpt lat="35.662482" lon="128.705782">
        <ele>70.3</ele>
      </trkpt>
      <trkpt lat="35.662438" lon="128.705767">
        <ele>70.4</ele>
      </trkpt>
      <trkpt lat="35.662395" lon="128.705752">
        <ele>70.4</ele>
      </trkpt>
      <trkpt lat="35.662352" lon="128.705737">
        <ele>70.4</ele>
      </trkpt>
      <trkpt lat="35.662309" lon="128.705722">
        <ele>70.5</ele>
      </trkpt>
      <trkpt lat="35.662265" lon="128.705707">
        <ele>70.5</ele>
      </trkpt>
      <trkpt lat="35.662222" lon="128.705692">
        <ele>70.5</ele>
      </trkpt>
      <trkpt lat="35.662179" lon="128.705677">
        <ele>70.6</ele>
      </trkpt>
      <trkpt lat="35.662136" lon="128.705662">
        <ele>70.6</ele>
      </trkpt>
      <trkpt lat="35.662092" lon="128.705647">
        <ele>70.7</ele>
      </trkpt>
      <trkpt lat="35.662049" lon="128.705632">
        <ele>70.7</ele>
      </trkpt>
      <trkpt lat="35.662006" lon="128.705617">
        <ele>70.7</ele>
      </trkpt>
      <trkpt lat="35.661962" lon="128.705602">
        <ele>70.8</ele>
      </trkpt>
      <trkpt lat="35.661919" lon="128.705587">
        <ele>70.8</ele>
      </trkpt>
      <trkpt lat="35.661876" lon="128.705572">
        <ele>70.8</ele>
      </trkpt>
      <trkpt lat="35.661833" lon="128.705557">
        <ele>70.9</ele>
      </trkpt>
      <trkpt lat="35.661789" lon="128.705542">
        <ele>70.9</ele>
      </trkpt>
      <trkpt lat="35.661746" lon="128.705526">
        <ele>70.9</ele>
      </trkpt>
      <trkpt lat="35.661703" lon="128.705511">
        <ele>71.0</ele>
      </trkpt>
      <trkpt lat="35.661659" lon="128.705496">
        <ele>71.0</ele>
      </trkpt>
      <trkpt lat="35.661616" lon="128.705481">
        <ele>71.1</ele>
      </trkpt>
      <trkpt lat="35.661573" lon="128.705466">
        <ele>71.1</ele>
      </trkpt>
      <trkpt lat="35.661530" lon="128.705451">
        <ele>71.1</ele>
      </trkpt>
      <trkpt lat="35.661486" lon="128.705436">
        <ele>71.2</ele>
      </trkpt>
      <trkpt lat="35.661443" lon="128.705421">
        <ele>71.2</ele>
      </trkpt>
      <trkpt lat="35.661400" lon="128.705406">
        <ele>71.2</ele>
      </trkpt>
      <trkpt lat="35.661357" lon="128.705391">
        <ele>71.3</ele>
      </trkpt>
      <trkpt lat="35.661313" lon="128.705376">
        <ele>71.3</ele>
      </trkpt>
      <trkpt lat="35.661270" lon="128.705361">
        <ele>71.3</ele>
      </trkpt>
      <trkpt lat="35.661227" lon="128.705346">
        <ele>71.4</ele>
      </trkpt>
      <trkpt lat="35.661183" lon="128.705331">
        <ele>71.4</ele>
      </trkpt>
      <trkpt lat="35.661140" lon="128.705316">
        <ele>71.5</ele>
      </trkpt>
      <trkpt lat="35.661097" lon="128.705301">
        <ele>71.5</ele>
      </trkpt>
      <trkpt lat="35.661054" lon="128.705286">
        <ele>71.5</ele>
      </trkpt>
      <trkpt lat="35.661010" lon="128.705271">
        <ele>71.6</ele>
      </trkpt>
      <trkpt lat="35.660967" lon="128.705256">
        <ele>71.6</ele>
      </trkpt>
      <trkpt lat="35.660924" lon="128.705241">
        <ele>71.6</ele>
      </trkpt>
      <trkpt lat="35.660881" lon="128.705226">
        <ele>71.7</ele>
      </trkpt>
      <trkpt lat="35.660837" lon="128.705211">
        <ele>71.7</ele>
      </trkpt>
      <trkpt lat="35.660794" lon="128.705196">
        <ele>71.7</ele>
      </trkpt>
      <trkpt lat="35.660751" lon="128.705181">
        <ele>71.8</ele>
      </trkpt>
      <trkpt lat="35.660707" lon="128.705166">
        <ele>71.8</ele>
      </trkpt>
      <trkpt lat="35.660664" lon="128.705150">
        <ele>71.9</ele>
      </trkpt>
      <trkpt lat="35.660621" lon="128.705135">
        <ele>71.9</ele>
      </trkpt>
      <trkpt lat="35.660578" lon="128.705120">
        <ele>71.9</ele>
      </trkpt>
      <trkpt lat="35.660534" lon="128.705105">
        <ele>72.0</ele>
      </trkpt>
      <trkpt lat="35.660491" lon="128.705090">
        <ele>72.0</ele>
      </trkpt>
      <trkpt lat="35.660448" lon="128.705075">
        <ele>72.0</ele>
      </trkpt>
      <trkpt lat="35.660405" lon="128.705060">
        <ele>72.1</ele>
      </trkpt>
      <trkpt lat="35.660361" lon="128.705045">
        <ele>72.1</ele>
      </trkpt>
      <trkpt lat="35.660318" lon="128.705030">
        <ele>72.2</ele>
      </trkpt>
      <trkpt lat="35.660275" lon="128.705015">
        <ele>72.2</ele>
      </trkpt>
      <trkpt lat="35.660231" lon="128.705000">
        <ele>72.2</ele>
      </trkpt>
      <trkpt lat="35.660188" lon="128.704985">
        <ele>72.3</ele>
      </trkpt>
      <trkpt lat="35.660145" lon="128.704970">
        <ele>72.3</ele>
      </trkpt>
      <trkpt lat="35.660101" lon="128.704960">
        <ele>72.5</ele>
      </trkpt>
      <trkpt lat="35.660056" lon="128.704950">
        <ele>72.7</ele>
      </trkpt>
      <trkpt lat="35.660012" lon="128.704940">
        <ele>72.8</ele>
      </trkpt>
      <trkpt lat="35.659968" lon="128.704929">
        <ele>72.9</ele>
      </trkpt>
      <trkpt lat="35.659924" lon="128.704918">
        <ele>73.0</ele>
      </trkpt>
      <trkpt lat="35.659880" lon="128.704907">
        <ele>73.0</ele>
      </trkpt>
      <trkpt lat="35.659836" lon="128.704896">
        <ele>73.1</ele>
      </trkpt>
      <trkpt lat="35.659792" lon="128.704884">
        <ele>73.1</ele>
      </trkpt>
      <trkpt lat="35.659748" lon="128.704873">
        <ele>73.2</ele>
      </trkpt>
      <trkpt lat="35.659704" lon="128.704862">
        <ele>73.3</ele>
      </trkpt>
      <trkpt lat="35.659661" lon="128.704847">
        <ele>73.4</ele>
      </trkpt>
      <trkpt lat="35.659619" lon="128.704827">
        <ele>73.5</ele>
      </trkpt>
      <trkpt lat="35.659576" lon="128.704809">
        <ele>73.6</ele>
      </trkpt>
      <trkpt lat="35.659534" lon="128.704792">
        <ele>73.6</ele>
      </trkpt>
      <trkpt lat="35.659491" lon="128.704774">
        <ele>73.7</ele>
      </trkpt>
      <trkpt lat="35.659449" lon="128.704755">
        <ele>73.8</ele>
      </trkpt>
      <trkpt lat="35.659408" lon="128.704731">
        <ele>73.9</ele>
      </trkpt>
      <trkpt lat="35.659368" lon="128.704706">
        <ele>74.0</ele>
      </trkpt>
      <trkpt lat="35.659328" lon="128.704682">
        <ele>74.1</ele>
      </trkpt>
      <trkpt lat="35.659288" lon="128.704657">
        <ele>74.2</ele>
      </trkpt>
      <trkpt lat="35.659247" lon="128.704632">
        <ele>74.3</ele>
      </trkpt>
      <trkpt lat="35.659210" lon="128.704603">
        <ele>74.3</ele>
      </trkpt>
      <trkpt lat="35.659175" lon="128.704568">
        <ele>74.3</ele>
      </trkpt>
      <trkpt lat="35.659139" lon="128.704534">
        <ele>74.3</ele>
      </trkpt>
      <trkpt lat="35.659104" lon="128.704499">
        <ele>74.3</ele>
      </trkpt>
      <trkpt lat="35.659069" lon="128.704464">
        <ele>74.3</ele>
      </trkpt>
      <trkpt lat="35.659034" lon="128.704430">
        <ele>74.3</ele>
      </trkpt>
      <trkpt lat="35.659000" lon="128.704394">
        <ele>74.3</ele>
      </trkpt>
      <trkpt lat="35.658967" lon="128.704357">
        <ele>74.2</ele>
      </trkpt>
      <trkpt lat="35.658933" lon="128.704319">
        <ele>74.1</ele>
      </trkpt>
      <trkpt lat="35.658900" lon="128.704282">
        <ele>73.9</ele>
      </trkpt>
      <trkpt lat="35.658867" lon="128.704245">
        <ele>73.8</ele>
      </trkpt>
      <trkpt lat="35.658834" lon="128.704207">
        <ele>73.7</ele>
      </trkpt>
      <trkpt lat="35.658801" lon="128.704170">
        <ele>73.6</ele>
      </trkpt>
      <trkpt lat="35.658768" lon="128.704133">
        <ele>73.5</ele>
      </trkpt>
      <trkpt lat="35.658734" lon="128.704095">
        <ele>73.4</ele>
      </trkpt>
      <trkpt lat="35.658701" lon="128.704058">
        <ele>73.3</ele>
      </trkpt>
      <trkpt lat="35.658668" lon="128.704021">
        <ele>73.2</ele>
      </trkpt>
      <trkpt lat="35.658635" lon="128.703983">
        <ele>73.1</ele>
      </trkpt>
      <trkpt lat="35.658602" lon="128.703946">
        <ele>73.0</ele>
      </trkpt>
      <trkpt lat="35.658568" lon="128.703909">
        <ele>72.9</ele>
      </trkpt>
      <trkpt lat="35.658535" lon="128.703871">
        <ele>72.8</ele>
      </trkpt>
      <trkpt lat="35.658502" lon="128.703834">
        <ele>72.7</ele>
      </trkpt>
      <trkpt lat="35.658469" lon="128.703796">
        <ele>72.6</ele>
      </trkpt>
      <trkpt lat="35.658436" lon="128.703759">
        <ele>72.5</ele>
      </trkpt>
      <trkpt lat="35.658403" lon="128.703722">
        <ele>72.4</ele>
      </trkpt>
      <trkpt lat="35.658369" lon="128.703684">
        <ele>72.3</ele>
      </trkpt>
      <trkpt lat="35.658336" lon="128.703647">
        <ele>72.2</ele>
      </trkpt>
      <trkpt lat="35.658303" lon="128.703610">
        <ele>72.1</ele>
      </trkpt>
      <trkpt lat="35.658270" lon="128.703572">
        <ele>72.0</ele>
      </trkpt>
      <trkpt lat="35.658237" lon="128.703535">
        <ele>71.9</ele>
      </trkpt>
      <trkpt lat="35.658203" lon="128.703498">
        <ele>71.8</ele>
      </trkpt>
      <trkpt lat="35.658168" lon="128.703463">
        <ele>71.8</ele>
      </trkpt>
      <trkpt lat="35.658134" lon="128.703428">
        <ele>71.8</ele>
      </trkpt>
      <trkpt lat="35.658099" lon="128.703392">
        <ele>71.8</ele>
      </trkpt>
      <trkpt lat="35.658065" lon="128.703357">
        <ele>71.8</ele>
      </trkpt>
      <trkpt lat="35.658030" lon="128.703321">
        <ele>71.8</ele>
      </trkpt>
      <trkpt lat="35.657996" lon="128.703286">
        <ele>71.8</ele>
      </trkpt>
      <trkpt lat="35.657961" lon="128.703250">
        <ele>71.8</ele>
      </trkpt>
      <trkpt lat="35.657927" lon="128.703215">
        <ele>71.8</ele>
      </trkpt>
      <trkpt lat="35.657892" lon="128.703179">
        <ele>71.8</ele>
      </trkpt>
      <trkpt lat="35.657858" lon="128.703144">
        <ele>71.8</ele>
      </trkpt>
      <trkpt lat="35.657823" lon="128.703108">
        <ele>71.8</ele>
      </trkpt>
      <trkpt lat="35.657789" lon="128.703073">
        <ele>71.8</ele>
      </trkpt>
      <trkpt lat="35.657754" lon="128.703038">
        <ele>71.8</ele>
      </trkpt>
      <trkpt lat="35.657720" lon="128.703002">
        <ele>71.8</ele>
      </trkpt>
      <trkpt lat="35.657689" lon="128.702962">
        <ele>71.9</ele>
      </trkpt>
      <trkpt lat="35.657663" lon="128.702917">
        <ele>72.0</ele>
      </trkpt>
      <trkpt lat="35.657637" lon="128.702872">
        <ele>72.1</ele>
      </trkpt>
      <trkpt lat="35.657610" lon="128.702827">
        <ele>72.2</ele>
      </trkpt>
      <trkpt lat="35.657584" lon="128.702782">
        <ele>72.3</ele>
      </trkpt>
      <trkpt lat="35.657557" lon="128.702738">
        <ele>72.4</ele>
      </trkpt>
      <trkpt lat="35.657532" lon="128.702692">
        <ele>72.5</ele>
      </trkpt>
      <trkpt lat="35.657516" lon="128.702640">
        <ele>72.8</ele>
      </trkpt>
      <trkpt lat="35.657500" lon="128.702589">
        <ele>73.0</ele>
      </trkpt>
      <trkpt lat="35.657481" lon="128.702597">
        <ele>72.8</ele>
      </trkpt>
      <trkpt lat="35.657492" lon="128.702558">
        <ele>72.6</ele>
      </trkpt>
      <trkpt lat="35.657476" lon="128.702506">
        <ele>72.7</ele>
      </trkpt>
      <trkpt lat="35.657461" lon="128.702454">
        <ele>72.8</ele>
      </trkpt>
      <trkpt lat="35.657445" lon="128.702402">
        <ele>73.0</ele>
      </trkpt>
      <trkpt lat="35.657438" lon="128.702348">
        <ele>73.1</ele>
      </trkpt>
      <trkpt lat="35.657433" lon="128.702293">
        <ele>73.1</ele>
      </trkpt>
      <trkpt lat="35.657427" lon="128.702238">
        <ele>73.2</ele>
      </trkpt>
      <trkpt lat="35.657421" lon="128.702183">
        <ele>73.3</ele>
      </trkpt>
      <trkpt lat="35.657416" lon="128.702128">
        <ele>73.4</ele>
      </trkpt>
      <trkpt lat="35.657410" lon="128.702073">
        <ele>73.5</ele>
      </trkpt>
      <trkpt lat="35.657409" lon="128.702018">
        <ele>73.5</ele>
      </trkpt>
      <trkpt lat="35.657410" lon="128.701963">
        <ele>73.6</ele>
      </trkpt>
      <trkpt lat="35.657412" lon="128.701908">
        <ele>73.6</ele>
      </trkpt>
      <trkpt lat="35.657413" lon="128.701852">
        <ele>73.7</ele>
      </trkpt>
      <trkpt lat="35.657415" lon="128.701797">
        <ele>73.7</ele>
      </trkpt>
      <trkpt lat="35.657416" lon="128.701742">
        <ele>73.7</ele>
      </trkpt>
      <trkpt lat="35.657418" lon="128.701686">
        <ele>73.8</ele>
      </trkpt>
      <trkpt lat="35.657424" lon="128.701632">
        <ele>73.8</ele>
      </trkpt>
      <trkpt lat="35.657433" lon="128.701577">
        <ele>73.7</ele>
      </trkpt>
      <trkpt lat="35.657441" lon="128.701523">
        <ele>73.6</ele>
      </trkpt>
      <trkpt lat="35.657449" lon="128.701469">
        <ele>73.6</ele>
      </trkpt>
      <trkpt lat="35.657458" lon="128.701414">
        <ele>73.5</ele>
      </trkpt>
      <trkpt lat="35.657466" lon="128.701360">
        <ele>73.5</ele>
      </trkpt>
      <trkpt lat="35.657474" lon="128.701305">
        <ele>73.4</ele>
      </trkpt>
      <trkpt lat="35.657483" lon="128.701251">
        <ele>73.4</ele>
      </trkpt>
      <trkpt lat="35.657491" lon="128.701197">
        <ele>73.3</ele>
      </trkpt>
      <trkpt lat="35.657499" lon="128.701142">
        <ele>73.2</ele>
      </trkpt>
      <trkpt lat="35.657507" lon="128.701088">
        <ele>73.2</ele>
      </trkpt>
      <trkpt lat="35.657516" lon="128.701034">
        <ele>73.1</ele>
      </trkpt>
      <trkpt lat="35.657524" lon="128.700979">
        <ele>73.1</ele>
      </trkpt>
      <trkpt lat="35.657532" lon="128.700925">
        <ele>73.0</ele>
      </trkpt>
      <trkpt lat="35.657548" lon="128.700873">
        <ele>72.9</ele>
      </trkpt>
      <trkpt lat="35.657564" lon="128.700821">
        <ele>72.8</ele>
      </trkpt>
      <trkpt lat="35.657580" lon="128.700769">
        <ele>72.7</ele>
      </trkpt>
      <trkpt lat="35.657595" lon="128.700718">
        <ele>72.6</ele>
      </trkpt>
      <trkpt lat="35.657611" lon="128.700666">
        <ele>72.5</ele>
      </trkpt>
      <trkpt lat="35.657631" lon="128.700616">
        <ele>72.5</ele>
      </trkpt>
      <trkpt lat="35.657654" lon="128.700569">
        <ele>72.5</ele>
      </trkpt>
      <trkpt lat="35.657677" lon="128.700521">
        <ele>72.5</ele>
      </trkpt>
      <trkpt lat="35.657700" lon="128.700474">
        <ele>72.5</ele>
      </trkpt>
      <trkpt lat="35.657723" lon="128.700426">
        <ele>72.5</ele>
      </trkpt>
      <trkpt lat="35.657746" lon="128.700378">
        <ele>72.5</ele>
      </trkpt>
      <trkpt lat="35.657769" lon="128.700331">
        <ele>72.5</ele>
      </trkpt>
      <trkpt lat="35.657792" lon="128.700283">
        <ele>72.6</ele>
      </trkpt>
      <trkpt lat="35.657815" lon="128.700236">
        <ele>72.6</ele>
      </trkpt>
      <trkpt lat="35.657838" lon="128.700188">
        <ele>72.6</ele>
      </trkpt>
      <trkpt lat="35.657861" lon="128.700141">
        <ele>72.6</ele>
      </trkpt>
      <trkpt lat="35.657884" lon="128.700093">
        <ele>72.6</ele>
      </trkpt>
      <trkpt lat="35.657907" lon="128.700045">
        <ele>72.6</ele>
      </trkpt>
      <trkpt lat="35.657930" lon="128.699998">
        <ele>72.6</ele>
      </trkpt>
      <trkpt lat="35.657953" lon="128.699950">
        <ele>72.6</ele>
      </trkpt>
      <trkpt lat="35.657976" lon="128.699903">
        <ele>72.6</ele>
      </trkpt>
      <trkpt lat="35.657999" lon="128.699855">
        <ele>72.6</ele>
      </trkpt>
      <trkpt lat="35.658022" lon="128.699808">
        <ele>72.6</ele>
      </trkpt>
      <trkpt lat="35.658045" lon="128.699760">
        <ele>72.6</ele>
      </trkpt>
      <trkpt lat="35.658068" lon="128.699712">
        <ele>72.6</ele>
      </trkpt>
      <trkpt lat="35.658091" lon="128.699665">
        <ele>72.7</ele>
      </trkpt>
      <trkpt lat="35.658114" lon="128.699617">
        <ele>72.7</ele>
      </trkpt>
      <trkpt lat="35.658137" lon="128.699570">
        <ele>72.7</ele>
      </trkpt>
      <trkpt lat="35.658160" lon="128.699522">
        <ele>72.7</ele>
      </trkpt>
      <trkpt lat="35.658182" lon="128.699474">
        <ele>72.7</ele>
      </trkpt>
      <trkpt lat="35.658205" lon="128.699427">
        <ele>72.7</ele>
      </trkpt>
      <trkpt lat="35.658228" lon="128.699379">
        <ele>72.7</ele>
      </trkpt>
      <trkpt lat="35.658251" lon="128.699332">
        <ele>72.7</ele>
      </trkpt>
      <trkpt lat="35.658274" lon="128.699284">
        <ele>72.7</ele>
      </trkpt>
      <trkpt lat="35.658297" lon="128.699237">
        <ele>72.7</ele>
      </trkpt>
      <trkpt lat="35.658320" lon="128.699189">
        <ele>72.7</ele>
      </trkpt>
      <trkpt lat="35.658343" lon="128.699141">
        <ele>72.7</ele>
      </trkpt>
      <trkpt lat="35.658366" lon="128.699094">
        <ele>72.7</ele>
      </trkpt>
      <trkpt lat="35.658389" lon="128.699046">
        <ele>72.7</ele>
      </trkpt>
      <trkpt lat="35.658412" lon="128.698999">
        <ele>72.8</ele>
      </trkpt>
      <trkpt lat="35.658435" lon="128.698951">
        <ele>72.8</ele>
      </trkpt>
      <trkpt lat="35.658458" lon="128.698903">
        <ele>72.8</ele>
      </trkpt>
      <trkpt lat="35.658481" lon="128.698856">
        <ele>72.8</ele>
      </trkpt>
      <trkpt lat="35.658504" lon="128.698808">
        <ele>72.8</ele>
      </trkpt>
      <trkpt lat="35.658527" lon="128.698761">
        <ele>72.8</ele>
      </trkpt>
      <trkpt lat="35.658549" lon="128.698713">
        <ele>72.8</ele>
      </trkpt>
      <trkpt lat="35.658559" lon="128.698659">
        <ele>72.9</ele>
      </trkpt>
      <trkpt lat="35.658568" lon="128.698605">
        <ele>73.0</ele>
      </trkpt>
      <trkpt lat="35.658577" lon="128.698550">
        <ele>73.1</ele>
      </trkpt>
      <trkpt lat="35.658586" lon="128.698496">
        <ele>73.1</ele>
      </trkpt>
      <trkpt lat="35.658596" lon="128.698442">
        <ele>73.2</ele>
      </trkpt>
      <trkpt lat="35.658605" lon="128.698388">
        <ele>73.3</ele>
      </trkpt>
      <trkpt lat="35.658601" lon="128.698333">
        <ele>73.3</ele>
      </trkpt>
      <trkpt lat="35.658596" lon="128.698278">
        <ele>73.4</ele>
      </trkpt>
      <trkpt lat="35.658592" lon="128.698223">
        <ele>73.4</ele>
      </trkpt>
      <trkpt lat="35.658587" lon="128.698168">
        <ele>73.4</ele>
      </trkpt>
      <trkpt lat="35.658583" lon="128.698113">
        <ele>73.4</ele>
      </trkpt>
      <trkpt lat="35.658578" lon="128.698058">
        <ele>73.5</ele>
      </trkpt>
      <trkpt lat="35.658571" lon="128.698003">
        <ele>73.5</ele>
      </trkpt>
      <trkpt lat="35.658556" lon="128.697951">
        <ele>73.5</ele>
      </trkpt>
      <trkpt lat="35.658541" lon="128.697899">
        <ele>73.4</ele>
      </trkpt>
      <trkpt lat="35.658526" lon="128.697847">
        <ele>73.4</ele>
      </trkpt>
      <trkpt lat="35.658511" lon="128.697795">
        <ele>73.4</ele>
      </trkpt>
      <trkpt lat="35.658496" lon="128.697742">
        <ele>73.4</ele>
      </trkpt>
      <trkpt lat="35.658481" lon="128.697690">
        <ele>73.3</ele>
      </trkpt>
      <trkpt lat="35.658466" lon="128.697638">
        <ele>73.3</ele>
      </trkpt>
      <trkpt lat="35.658449" lon="128.697587">
        <ele>73.3</ele>
      </trkpt>
      <trkpt lat="35.658431" lon="128.697536">
        <ele>73.3</ele>
      </trkpt>
      <trkpt lat="35.658414" lon="128.697485">
        <ele>73.3</ele>
      </trkpt>
      <trkpt lat="35.658396" lon="128.697434">
        <ele>73.3</ele>
      </trkpt>
      <trkpt lat="35.658379" lon="128.697383">
        <ele>73.3</ele>
      </trkpt>
      <trkpt lat="35.658359" lon="128.697333">
        <ele>73.3</ele>
      </trkpt>
      <trkpt lat="35.658331" lon="128.697290">
        <ele>73.3</ele>
      </trkpt>
      <trkpt lat="35.658303" lon="128.697247">
        <ele>73.4</ele>
      </trkpt>
      <trkpt lat="35.658274" lon="128.697204">
        <ele>73.4</ele>
      </trkpt>
      <trkpt lat="35.658246" lon="128.697161">
        <ele>73.4</ele>
      </trkpt>
      <trkpt lat="35.658218" lon="128.697118">
        <ele>73.5</ele>
      </trkpt>
      <trkpt lat="35.658189" lon="128.697075">
        <ele>73.5</ele>
      </trkpt>
      <trkpt lat="35.658146" lon="128.697063">
        <ele>73.4</ele>
      </trkpt>
      <trkpt lat="35.658102" lon="128.697052">
        <ele>73.3</ele>
      </trkpt>
      <trkpt lat="35.658058" lon="128.697042">
        <ele>73.2</ele>
      </trkpt>
      <trkpt lat="35.658014" lon="128.697031">
        <ele>73.1</ele>
      </trkpt>
      <trkpt lat="35.657970" lon="128.697020">
        <ele>73.0</ele>
      </trkpt>
      <trkpt lat="35.657926" lon="128.697010">
        <ele>72.9</ele>
      </trkpt>
      <trkpt lat="35.657881" lon="128.696999">
        <ele>72.8</ele>
      </trkpt>
      <trkpt lat="35.657837" lon="128.696988">
        <ele>72.7</ele>
      </trkpt>
      <trkpt lat="35.657793" lon="128.696978">
        <ele>72.6</ele>
      </trkpt>
      <trkpt lat="35.657749" lon="128.696967">
        <ele>72.6</ele>
      </trkpt>
      <trkpt lat="35.657705" lon="128.696957">
        <ele>72.5</ele>
      </trkpt>
      <trkpt lat="35.657660" lon="128.696949">
        <ele>72.5</ele>
      </trkpt>
      <trkpt lat="35.657616" lon="128.696940">
        <ele>72.4</ele>
      </trkpt>
      <trkpt lat="35.657572" lon="128.696931">
        <ele>72.4</ele>
      </trkpt>
      <trkpt lat="35.657527" lon="128.696922">
        <ele>72.3</ele>
      </trkpt>
      <trkpt lat="35.657483" lon="128.696914">
        <ele>72.3</ele>
      </trkpt>
      <trkpt lat="35.657443" lon="128.696891">
        <ele>72.5</ele>
      </trkpt>
      <trkpt lat="35.657407" lon="128.696857">
        <ele>72.8</ele>
      </trkpt>
      <trkpt lat="35.657372" lon="128.696824">
        <ele>73.2</ele>
      </trkpt>
      <trkpt lat="35.657330" lon="128.696808">
        <ele>73.6</ele>
      </trkpt>
      <trkpt lat="35.657285" lon="128.696800">
        <ele>73.9</ele>
      </trkpt>
      <trkpt lat="35.657241" lon="128.696792">
        <ele>74.3</ele>
      </trkpt>
      <trkpt lat="35.657196" lon="128.696784">
        <ele>74.7</ele>
      </trkpt>
      <trkpt lat="35.657152" lon="128.696774">
        <ele>75.1</ele>
      </trkpt>
      <trkpt lat="35.657112" lon="128.696749">
        <ele>75.4</ele>
      </trkpt>
      <trkpt lat="35.657075" lon="128.696719">
        <ele>75.7</ele>
      </trkpt>
      <trkpt lat="35.657045" lon="128.696680">
        <ele>76.1</ele>
      </trkpt>
      <trkpt lat="35.657024" lon="128.696630">
        <ele>76.4</ele>
      </trkpt>
      <trkpt lat="35.657015" lon="128.696577">
        <ele>76.7</ele>
      </trkpt>
      <trkpt lat="35.657010" lon="128.696522">
        <ele>76.9</ele>
      </trkpt>
      <trkpt lat="35.657004" lon="128.696467">
        <ele>77.1</ele>
      </trkpt>
      <trkpt lat="35.657000" lon="128.696412">
        <ele>77.3</ele>
      </trkpt>
      <trkpt lat="35.657002" lon="128.696356">
        <ele>77.5</ele>
      </trkpt>
      <trkpt lat="35.657003" lon="128.696301">
        <ele>77.7</ele>
      </trkpt>
      <trkpt lat="35.657010" lon="128.696247">
        <ele>77.8</ele>
      </trkpt>
      <trkpt lat="35.657025" lon="128.696195">
        <ele>77.8</ele>
      </trkpt>
      <trkpt lat="35.657040" lon="128.696143">
        <ele>77.9</ele>
      </trkpt>
      <trkpt lat="35.657054" lon="128.696090">
        <ele>77.9</ele>
      </trkpt>
      <trkpt lat="35.657069" lon="128.696038">
        <ele>77.9</ele>
      </trkpt>
      <trkpt lat="35.657084" lon="128.695986">
        <ele>77.9</ele>
      </trkpt>
      <trkpt lat="35.657099" lon="128.695934">
        <ele>78.0</ele>
      </trkpt>
      <trkpt lat="35.657114" lon="128.695881">
        <ele>78.0</ele>
      </trkpt>
      <trkpt lat="35.657129" lon="128.695829">
        <ele>78.0</ele>
      </trkpt>
      <trkpt lat="35.657139" lon="128.695775">
        <ele>78.3</ele>
      </trkpt>
      <trkpt lat="35.657149" lon="128.695721">
        <ele>78.6</ele>
      </trkpt>
      <trkpt lat="35.657159" lon="128.695667">
        <ele>78.9</ele>
      </trkpt>
      <trkpt lat="35.657169" lon="128.695613">
        <ele>79.3</ele>
      </trkpt>
      <trkpt lat="35.657179" lon="128.695560">
        <ele>79.6</ele>
      </trkpt>
      <trkpt lat="35.657188" lon="128.695505">
        <ele>79.9</ele>
      </trkpt>
      <trkpt lat="35.657195" lon="128.695451">
        <ele>80.1</ele>
      </trkpt>
      <trkpt lat="35.657203" lon="128.695396">
        <ele>80.3</ele>
      </trkpt>
      <trkpt lat="35.657210" lon="128.695341">
        <ele>80.6</ele>
      </trkpt>
      <trkpt lat="35.657217" lon="128.695287">
        <ele>80.8</ele>
      </trkpt>
      <trkpt lat="35.657224" lon="128.695232">
        <ele>81.0</ele>
      </trkpt>
      <trkpt lat="35.657231" lon="128.695178">
        <ele>81.3</ele>
      </trkpt>
      <trkpt lat="35.657228" lon="128.695123">
        <ele>81.6</ele>
      </trkpt>
      <trkpt lat="35.657223" lon="128.695068">
        <ele>81.9</ele>
      </trkpt>
      <trkpt lat="35.657218" lon="128.695012">
        <ele>82.3</ele>
      </trkpt>
      <trkpt lat="35.657214" lon="128.694957">
        <ele>82.6</ele>
      </trkpt>
      <trkpt lat="35.657209" lon="128.694902">
        <ele>82.9</ele>
      </trkpt>
      <trkpt lat="35.657213" lon="128.694848">
        <ele>82.9</ele>
      </trkpt>
      <trkpt lat="35.657219" lon="128.694793">
        <ele>82.8</ele>
      </trkpt>
      <trkpt lat="35.657226" lon="128.694738">
        <ele>82.6</ele>
      </trkpt>
      <trkpt lat="35.657232" lon="128.694683">
        <ele>82.5</ele>
      </trkpt>
      <trkpt lat="35.657238" lon="128.694628">
        <ele>82.4</ele>
      </trkpt>
      <trkpt lat="35.657245" lon="128.694574">
        <ele>82.2</ele>
      </trkpt>
      <trkpt lat="35.657251" lon="128.694519">
        <ele>82.1</ele>
      </trkpt>
      <trkpt lat="35.657257" lon="128.694464">
        <ele>82.0</ele>
      </trkpt>
      <trkpt lat="35.657263" lon="128.694409">
        <ele>81.9</ele>
      </trkpt>
      <trkpt lat="35.657267" lon="128.694354">
        <ele>81.6</ele>
      </trkpt>
      <trkpt lat="35.657268" lon="128.694299">
        <ele>81.3</ele>
      </trkpt>
      <trkpt lat="35.657269" lon="128.694243">
        <ele>81.0</ele>
      </trkpt>
      <trkpt lat="35.657270" lon="128.694188">
        <ele>80.7</ele>
      </trkpt>
      <trkpt lat="35.657272" lon="128.694133">
        <ele>80.4</ele>
      </trkpt>
      <trkpt lat="35.657273" lon="128.694077">
        <ele>80.0</ele>
      </trkpt>
      <trkpt lat="35.657274" lon="128.694022">
        <ele>79.7</ele>
      </trkpt>
      <trkpt lat="35.657275" lon="128.693967">
        <ele>79.4</ele>
      </trkpt>
      <trkpt lat="35.657277" lon="128.693912">
        <ele>79.1</ele>
      </trkpt>
      <trkpt lat="35.657278" lon="128.693856">
        <ele>78.8</ele>
      </trkpt>
      <trkpt lat="35.657279" lon="128.693801">
        <ele>78.5</ele>
      </trkpt>
      <trkpt lat="35.657280" lon="128.693746">
        <ele>78.2</ele>
      </trkpt>
      <trkpt lat="35.657282" lon="128.693690">
        <ele>77.8</ele>
      </trkpt>
      <trkpt lat="35.657283" lon="128.693635">
        <ele>77.5</ele>
      </trkpt>
      <trkpt lat="35.657284" lon="128.693580">
        <ele>77.2</ele>
      </trkpt>
      <trkpt lat="35.657285" lon="128.693524">
        <ele>76.9</ele>
      </trkpt>
      <trkpt lat="35.657287" lon="128.693469">
        <ele>76.6</ele>
      </trkpt>
      <trkpt lat="35.657288" lon="128.693414">
        <ele>76.3</ele>
      </trkpt>
      <trkpt lat="35.657288" lon="128.693358">
        <ele>76.0</ele>
      </trkpt>
      <trkpt lat="35.657277" lon="128.693305">
        <ele>76.2</ele>
      </trkpt>
      <trkpt lat="35.657266" lon="128.693251">
        <ele>76.4</ele>
      </trkpt>
      <trkpt lat="35.657255" lon="128.693197">
        <ele>76.6</ele>
      </trkpt>
      <trkpt lat="35.657244" lon="128.693144">
        <ele>76.8</ele>
      </trkpt>
      <trkpt lat="35.657234" lon="128.693090">
        <ele>77.0</ele>
      </trkpt>
      <trkpt lat="35.657223" lon="128.693036">
        <ele>77.3</ele>
      </trkpt>
      <trkpt lat="35.657212" lon="128.692983">
        <ele>77.5</ele>
      </trkpt>
      <trkpt lat="35.657201" lon="128.692929">
        <ele>77.7</ele>
      </trkpt>
      <trkpt lat="35.657190" lon="128.692875">
        <ele>77.9</ele>
      </trkpt>
      <trkpt lat="35.657185" lon="128.692840">
        <ele>77.2</ele>
      </trkpt>
      <trkpt lat="35.657173" lon="128.692788">
        <ele>77.1</ele>
      </trkpt>
      <trkpt lat="35.657162" lon="128.692735">
        <ele>77.3</ele>
      </trkpt>
      <trkpt lat="35.657151" lon="128.692681">
        <ele>77.4</ele>
      </trkpt>
      <trkpt lat="35.657141" lon="128.692627">
        <ele>77.6</ele>
      </trkpt>
      <trkpt lat="35.657130" lon="128.692573">
        <ele>77.7</ele>
      </trkpt>
      <trkpt lat="35.657119" lon="128.692520">
        <ele>77.9</ele>
      </trkpt>
      <trkpt lat="35.657106" lon="128.692467">
        <ele>78.1</ele>
      </trkpt>
      <trkpt lat="35.657089" lon="128.692416">
        <ele>78.4</ele>
      </trkpt>
      <trkpt lat="35.657072" lon="128.692364">
        <ele>78.7</ele>
      </trkpt>
      <trkpt lat="35.657055" lon="128.692313">
        <ele>78.9</ele>
      </trkpt>
      <trkpt lat="35.657038" lon="128.692262">
        <ele>79.2</ele>
      </trkpt>
      <trkpt lat="35.657021" lon="128.692211">
        <ele>79.5</ele>
      </trkpt>
      <trkpt lat="35.657005" lon="128.692159">
        <ele>79.8</ele>
      </trkpt>
      <trkpt lat="35.656988" lon="128.692108">
        <ele>80.1</ele>
      </trkpt>
      <trkpt lat="35.656970" lon="128.692057">
        <ele>80.4</ele>
      </trkpt>
      <trkpt lat="35.656951" lon="128.692007">
        <ele>80.7</ele>
      </trkpt>
      <trkpt lat="35.656932" lon="128.691957">
        <ele>81.0</ele>
      </trkpt>
      <trkpt lat="35.656912" lon="128.691907">
        <ele>81.3</ele>
      </trkpt>
      <trkpt lat="35.656892" lon="128.691857">
        <ele>81.5</ele>
      </trkpt>
      <trkpt lat="35.656873" lon="128.691808">
        <ele>81.8</ele>
      </trkpt>
      <trkpt lat="35.656851" lon="128.691759">
        <ele>82.1</ele>
      </trkpt>
      <trkpt lat="35.656827" lon="128.691713">
        <ele>82.3</ele>
      </trkpt>
      <trkpt lat="35.656803" lon="128.691666">
        <ele>82.6</ele>
      </trkpt>
      <trkpt lat="35.656778" lon="128.691619">
        <ele>82.8</ele>
      </trkpt>
      <trkpt lat="35.656754" lon="128.691573">
        <ele>83.0</ele>
      </trkpt>
      <trkpt lat="35.656732" lon="128.691525">
        <ele>82.9</ele>
      </trkpt>
      <trkpt lat="35.656709" lon="128.691477">
        <ele>82.9</ele>
      </trkpt>
      <trkpt lat="35.656687" lon="128.691429">
        <ele>82.8</ele>
      </trkpt>
      <trkpt lat="35.656665" lon="128.691381">
        <ele>82.8</ele>
      </trkpt>
      <trkpt lat="35.656643" lon="128.691333">
        <ele>82.7</ele>
      </trkpt>
      <trkpt lat="35.656620" lon="128.691284">
        <ele>82.6</ele>
      </trkpt>
      <trkpt lat="35.656598" lon="128.691236">
        <ele>82.6</ele>
      </trkpt>
      <trkpt lat="35.656576" lon="128.691188">
        <ele>82.5</ele>
      </trkpt>
      <trkpt lat="35.656553" lon="128.691141">
        <ele>82.4</ele>
      </trkpt>
      <trkpt lat="35.656529" lon="128.691094">
        <ele>82.3</ele>
      </trkpt>
      <trkpt lat="35.656505" lon="128.691047">
        <ele>82.2</ele>
      </trkpt>
      <trkpt lat="35.656481" lon="128.691000">
        <ele>82.1</ele>
      </trkpt>
      <trkpt lat="35.656457" lon="128.690954">
        <ele>82.0</ele>
      </trkpt>
      <trkpt lat="35.656433" lon="128.690907">
        <ele>81.9</ele>
      </trkpt>
      <trkpt lat="35.656409" lon="128.690860">
        <ele>81.8</ele>
      </trkpt>
      <trkpt lat="35.656385" lon="128.690813">
        <ele>81.7</ele>
      </trkpt>
      <trkpt lat="35.656361" lon="128.690766">
        <ele>81.5</ele>
      </trkpt>
      <trkpt lat="35.656337" lon="128.690719">
        <ele>81.4</ele>
      </trkpt>
      <trkpt lat="35.656313" lon="128.690672">
        <ele>81.3</ele>
      </trkpt>
      <trkpt lat="35.656289" lon="128.690626">
        <ele>81.2</ele>
      </trkpt>
      <trkpt lat="35.656265" lon="128.690579">
        <ele>81.1</ele>
      </trkpt>
      <trkpt lat="35.656242" lon="128.690532">
        <ele>81.0</ele>
      </trkpt>
      <trkpt lat="35.656219" lon="128.690484">
        <ele>80.6</ele>
      </trkpt>
      <trkpt lat="35.656197" lon="128.690436">
        <ele>80.3</ele>
      </trkpt>
      <trkpt lat="35.656174" lon="128.690388">
        <ele>79.9</ele>
      </trkpt>
      <trkpt lat="35.656152" lon="128.690340">
        <ele>79.6</ele>
      </trkpt>
      <trkpt lat="35.656130" lon="128.690292">
        <ele>79.2</ele>
      </trkpt>
      <trkpt lat="35.656107" lon="128.690244">
        <ele>78.6</ele>
      </trkpt>
      <trkpt lat="35.656085" lon="128.690196">
        <ele>78.1</ele>
      </trkpt>
      <trkpt lat="35.656063" lon="128.690148">
        <ele>77.5</ele>
      </trkpt>
      <trkpt lat="35.656040" lon="128.690100">
        <ele>76.9</ele>
      </trkpt>
      <trkpt lat="35.656018" lon="128.690052">
        <ele>76.3</ele>
      </trkpt>
      <trkpt lat="35.655996" lon="128.690004">
        <ele>75.8</ele>
      </trkpt>
      <trkpt lat="35.655973" lon="128.689956">
        <ele>75.3</ele>
      </trkpt>
      <trkpt lat="35.655948" lon="128.689909">
        <ele>75.3</ele>
      </trkpt>
      <trkpt lat="35.655924" lon="128.689863">
        <ele>75.3</ele>
      </trkpt>
      <trkpt lat="35.655899" lon="128.689817">
        <ele>75.3</ele>
      </trkpt>
      <trkpt lat="35.655875" lon="128.689771">
        <ele>75.2</ele>
      </trkpt>
      <trkpt lat="35.655850" lon="128.689724">
        <ele>75.2</ele>
      </trkpt>
      <trkpt lat="35.655825" lon="128.689678">
        <ele>75.2</ele>
      </trkpt>
      <trkpt lat="35.655801" lon="128.689632">
        <ele>75.2</ele>
      </trkpt>
      <trkpt lat="35.655776" lon="128.689585">
        <ele>75.2</ele>
      </trkpt>
      <trkpt lat="35.655751" lon="128.689539">
        <ele>75.2</ele>
      </trkpt>
      <trkpt lat="35.655727" lon="128.689493">
        <ele>75.1</ele>
      </trkpt>
      <trkpt lat="35.655702" lon="128.689447">
        <ele>75.1</ele>
      </trkpt>
      <trkpt lat="35.655677" lon="128.689400">
        <ele>75.1</ele>
      </trkpt>
      <trkpt lat="35.655653" lon="128.689354">
        <ele>75.1</ele>
      </trkpt>
      <trkpt lat="35.655628" lon="128.689308">
        <ele>75.1</ele>
      </trkpt>
      <trkpt lat="35.655603" lon="128.689262">
        <ele>75.1</ele>
      </trkpt>
      <trkpt lat="35.655579" lon="128.689215">
        <ele>75.1</ele>
      </trkpt>
      <trkpt lat="35.655554" lon="128.689169">
        <ele>75.0</ele>
      </trkpt>
      <trkpt lat="35.655529" lon="128.689123">
        <ele>75.0</ele>
      </trkpt>
      <trkpt lat="35.655505" lon="128.689076">
        <ele>75.0</ele>
      </trkpt>
      <trkpt lat="35.655480" lon="128.689030">
        <ele>75.0</ele>
      </trkpt>
      <trkpt lat="35.655456" lon="128.688983">
        <ele>75.0</ele>
      </trkpt>
      <trkpt lat="35.655432" lon="128.688936">
        <ele>75.0</ele>
      </trkpt>
      <trkpt lat="35.655409" lon="128.688889">
        <ele>75.0</ele>
      </trkpt>
      <trkpt lat="35.655385" lon="128.688842">
        <ele>75.0</ele>
      </trkpt>
      <trkpt lat="35.655361" lon="128.688796">
        <ele>75.0</ele>
      </trkpt>
      <trkpt lat="35.655337" lon="128.688749">
        <ele>75.0</ele>
      </trkpt>
      <trkpt lat="35.655313" lon="128.688702">
        <ele>75.0</ele>
      </trkpt>
      <trkpt lat="35.655289" lon="128.688655">
        <ele>75.0</ele>
      </trkpt>
      <trkpt lat="35.655265" lon="128.688608">
        <ele>75.0</ele>
      </trkpt>
      <trkpt lat="35.655242" lon="128.688561">
        <ele>75.0</ele>
      </trkpt>
      <trkpt lat="35.655218" lon="128.688514">
        <ele>75.0</ele>
      </trkpt>
      <trkpt lat="35.655194" lon="128.688467">
        <ele>75.0</ele>
      </trkpt>
      <trkpt lat="35.655170" lon="128.688420">
        <ele>75.0</ele>
      </trkpt>
      <trkpt lat="35.655146" lon="128.688373">
        <ele>75.0</ele>
      </trkpt>
      <trkpt lat="35.655122" lon="128.688326">
        <ele>75.0</ele>
      </trkpt>
      <trkpt lat="35.655099" lon="128.688279">
        <ele>75.0</ele>
      </trkpt>
      <trkpt lat="35.655075" lon="128.688233">
        <ele>75.0</ele>
      </trkpt>
      <trkpt lat="35.655051" lon="128.688186">
        <ele>75.0</ele>
      </trkpt>
      <trkpt lat="35.655027" lon="128.688139">
        <ele>75.0</ele>
      </trkpt>
      <trkpt lat="35.655003" lon="128.688092">
        <ele>75.0</ele>
      </trkpt>
      <trkpt lat="35.654979" lon="128.688045">
        <ele>75.0</ele>
      </trkpt>
      <trkpt lat="35.654955" lon="128.687998">
        <ele>75.0</ele>
      </trkpt>
      <trkpt lat="35.654932" lon="128.687951">
        <ele>75.0</ele>
      </trkpt>
      <trkpt lat="35.654908" lon="128.687904">
        <ele>75.0</ele>
      </trkpt>
      <trkpt lat="35.654884" lon="128.687857">
        <ele>75.0</ele>
      </trkpt>
      <trkpt lat="35.654860" lon="128.687810">
        <ele>75.0</ele>
      </trkpt>
      <trkpt lat="35.654836" lon="128.687763">
        <ele>75.0</ele>
      </trkpt>
      <trkpt lat="35.654812" lon="128.687716">
        <ele>75.0</ele>
      </trkpt>
      <trkpt lat="35.654789" lon="128.687669">
        <ele>75.0</ele>
      </trkpt>
      <trkpt lat="35.654765" lon="128.687623">
        <ele>75.0</ele>
      </trkpt>
      <trkpt lat="35.654741" lon="128.687576">
        <ele>75.0</ele>
      </trkpt>
      <trkpt lat="35.654717" lon="128.687529">
        <ele>75.0</ele>
      </trkpt>
      <trkpt lat="35.654693" lon="128.687482">
        <ele>75.0</ele>
      </trkpt>
      <trkpt lat="35.654669" lon="128.687435">
        <ele>75.0</ele>
      </trkpt>
      <trkpt lat="35.654645" lon="128.687388">
        <ele>75.0</ele>
      </trkpt>
      <trkpt lat="35.654622" lon="128.687341">
        <ele>75.0</ele>
      </trkpt>
      <trkpt lat="35.654598" lon="128.687294">
        <ele>75.0</ele>
      </trkpt>
      <trkpt lat="35.654574" lon="128.687247">
        <ele>75.0</ele>
      </trkpt>
      <trkpt lat="35.654550" lon="128.687200">
        <ele>75.0</ele>
      </trkpt>
      <trkpt lat="35.654526" lon="128.687153">
        <ele>75.0</ele>
      </trkpt>
      <trkpt lat="35.654502" lon="128.687106">
        <ele>75.0</ele>
      </trkpt>
      <trkpt lat="35.654479" lon="128.687060">
        <ele>75.0</ele>
      </trkpt>
      <trkpt lat="35.654455" lon="128.687013">
        <ele>75.0</ele>
      </trkpt>
      <trkpt lat="35.654431" lon="128.686966">
        <ele>75.0</ele>
      </trkpt>
      <trkpt lat="35.654407" lon="128.686919">
        <ele>75.0</ele>
      </trkpt>
      <trkpt lat="35.654383" lon="128.686872">
        <ele>75.0</ele>
      </trkpt>
      <trkpt lat="35.654359" lon="128.686825">
        <ele>75.0</ele>
      </trkpt>
      <trkpt lat="35.654335" lon="128.686778">
        <ele>75.0</ele>
      </trkpt>
      <trkpt lat="35.654312" lon="128.686731">
        <ele>75.0</ele>
      </trkpt>
      <trkpt lat="35.654288" lon="128.686684">
        <ele>75.0</ele>
      </trkpt>
      <trkpt lat="35.654264" lon="128.686637">
        <ele>75.0</ele>
      </trkpt>
      <trkpt lat="35.654240" lon="128.686590">
        <ele>75.0</ele>
      </trkpt>
      <trkpt lat="35.654216" lon="128.686543">
        <ele>75.0</ele>
      </trkpt>
      <trkpt lat="35.654192" lon="128.686497">
        <ele>75.0</ele>
      </trkpt>
      <trkpt lat="35.654169" lon="128.686450">
        <ele>75.0</ele>
      </trkpt>
      <trkpt lat="35.654145" lon="128.686403">
        <ele>75.0</ele>
      </trkpt>
      <trkpt lat="35.654121" lon="128.686356">
        <ele>75.0</ele>
      </trkpt>
      <trkpt lat="35.654097" lon="128.686309">
        <ele>75.0</ele>
      </trkpt>
      <trkpt lat="35.654073" lon="128.686262">
        <ele>75.0</ele>
      </trkpt>
      <trkpt lat="35.654049" lon="128.686215">
        <ele>75.0</ele>
      </trkpt>
      <trkpt lat="35.654026" lon="128.686168">
        <ele>75.0</ele>
      </trkpt>
      <trkpt lat="35.654002" lon="128.686121">
        <ele>75.0</ele>
      </trkpt>
      <trkpt lat="35.653978" lon="128.686074">
        <ele>75.0</ele>
      </trkpt>
      <trkpt lat="35.653954" lon="128.686027">
        <ele>75.0</ele>
      </trkpt>
      <trkpt lat="35.653930" lon="128.685980">
        <ele>75.0</ele>
      </trkpt>
      <trkpt lat="35.653906" lon="128.685934">
        <ele>75.0</ele>
      </trkpt>
      <trkpt lat="35.653882" lon="128.685887">
        <ele>75.0</ele>
      </trkpt>
      <trkpt lat="35.653859" lon="128.685840">
        <ele>75.0</ele>
      </trkpt>
      <trkpt lat="35.653835" lon="128.685793">
        <ele>75.0</ele>
      </trkpt>
      <trkpt lat="35.653811" lon="128.685746">
        <ele>75.0</ele>
      </trkpt>
      <trkpt lat="35.653786" lon="128.685700">
        <ele>75.1</ele>
      </trkpt>
      <trkpt lat="35.653760" lon="128.685654">
        <ele>75.1</ele>
      </trkpt>
      <trkpt lat="35.653735" lon="128.685609">
        <ele>75.2</ele>
      </trkpt>
      <trkpt lat="35.653710" lon="128.685563">
        <ele>75.3</ele>
      </trkpt>
      <trkpt lat="35.653684" lon="128.685517">
        <ele>75.4</ele>
      </trkpt>
      <trkpt lat="35.653659" lon="128.685472">
        <ele>75.4</ele>
      </trkpt>
      <trkpt lat="35.653634" lon="128.685426">
        <ele>75.5</ele>
      </trkpt>
      <trkpt lat="35.653608" lon="128.685380">
        <ele>75.6</ele>
      </trkpt>
      <trkpt lat="35.653583" lon="128.685334">
        <ele>75.7</ele>
      </trkpt>
      <trkpt lat="35.653558" lon="128.685289">
        <ele>75.7</ele>
      </trkpt>
      <trkpt lat="35.653532" lon="128.685243">
        <ele>75.8</ele>
      </trkpt>
      <trkpt lat="35.653507" lon="128.685197">
        <ele>75.9</ele>
      </trkpt>
      <trkpt lat="35.653482" lon="128.685151">
        <ele>75.9</ele>
      </trkpt>
      <trkpt lat="35.653456" lon="128.685106">
        <ele>76.0</ele>
      </trkpt>
      <trkpt lat="35.653431" lon="128.685060">
        <ele>76.1</ele>
      </trkpt>
      <trkpt lat="35.653406" lon="128.685014">
        <ele>76.2</ele>
      </trkpt>
      <trkpt lat="35.653380" lon="128.684968">
        <ele>76.2</ele>
      </trkpt>
      <trkpt lat="35.653355" lon="128.684923">
        <ele>76.3</ele>
      </trkpt>
      <trkpt lat="35.653330" lon="128.684877">
        <ele>76.4</ele>
      </trkpt>
      <trkpt lat="35.653304" lon="128.684831">
        <ele>76.4</ele>
      </trkpt>
      <trkpt lat="35.653279" lon="128.684786">
        <ele>76.5</ele>
      </trkpt>
      <trkpt lat="35.653254" lon="128.684740">
        <ele>76.6</ele>
      </trkpt>
      <trkpt lat="35.653229" lon="128.684694">
        <ele>76.7</ele>
      </trkpt>
      <trkpt lat="35.653203" lon="128.684648">
        <ele>76.7</ele>
      </trkpt>
      <trkpt lat="35.653178" lon="128.684603">
        <ele>76.8</ele>
      </trkpt>
      <trkpt lat="35.653153" lon="128.684557">
        <ele>76.9</ele>
      </trkpt>
      <trkpt lat="35.653127" lon="128.684511">
        <ele>77.0</ele>
      </trkpt>
      <trkpt lat="35.653102" lon="128.684465">
        <ele>77.0</ele>
      </trkpt>
      <trkpt lat="35.653078" lon="128.684419">
        <ele>77.2</ele>
      </trkpt>
      <trkpt lat="35.653053" lon="128.684373">
        <ele>77.3</ele>
      </trkpt>
      <trkpt lat="35.653028" lon="128.684326">
        <ele>77.4</ele>
      </trkpt>
      <trkpt lat="35.653004" lon="128.684280">
        <ele>77.5</ele>
      </trkpt>
      <trkpt lat="35.652979" lon="128.684234">
        <ele>77.6</ele>
      </trkpt>
      <trkpt lat="35.652955" lon="128.684187">
        <ele>77.7</ele>
      </trkpt>
      <trkpt lat="35.652930" lon="128.684141">
        <ele>77.8</ele>
      </trkpt>
      <trkpt lat="35.652905" lon="128.684095">
        <ele>78.0</ele>
      </trkpt>
      <trkpt lat="35.652881" lon="128.684048">
        <ele>78.1</ele>
      </trkpt>
      <trkpt lat="35.652856" lon="128.684002">
        <ele>78.2</ele>
      </trkpt>
      <trkpt lat="35.652832" lon="128.683956">
        <ele>78.3</ele>
      </trkpt>
      <trkpt lat="35.652807" lon="128.683909">
        <ele>78.4</ele>
      </trkpt>
      <trkpt lat="35.652782" lon="128.683863">
        <ele>78.5</ele>
      </trkpt>
      <trkpt lat="35.652758" lon="128.683817">
        <ele>78.6</ele>
      </trkpt>
      <trkpt lat="35.652733" lon="128.683770">
        <ele>78.8</ele>
      </trkpt>
      <trkpt lat="35.652709" lon="128.683724">
        <ele>78.9</ele>
      </trkpt>
      <trkpt lat="35.652684" lon="128.683678">
        <ele>79.0</ele>
      </trkpt>
      <trkpt lat="35.652659" lon="128.683631">
        <ele>79.1</ele>
      </trkpt>
      <trkpt lat="35.652635" lon="128.683585">
        <ele>79.2</ele>
      </trkpt>
      <trkpt lat="35.652610" lon="128.683539">
        <ele>79.3</ele>
      </trkpt>
      <trkpt lat="35.652586" lon="128.683492">
        <ele>79.4</ele>
      </trkpt>
      <trkpt lat="35.652561" lon="128.683446">
        <ele>79.6</ele>
      </trkpt>
      <trkpt lat="35.652536" lon="128.683400">
        <ele>79.7</ele>
      </trkpt>
      <trkpt lat="35.652512" lon="128.683353">
        <ele>79.8</ele>
      </trkpt>
      <trkpt lat="35.652488" lon="128.683306">
        <ele>79.8</ele>
      </trkpt>
      <trkpt lat="35.652464" lon="128.683259">
        <ele>79.7</ele>
      </trkpt>
      <trkpt lat="35.652441" lon="128.683212">
        <ele>79.7</ele>
      </trkpt>
      <trkpt lat="35.652417" lon="128.683165">
        <ele>79.7</ele>
      </trkpt>
      <trkpt lat="35.652393" lon="128.683118">
        <ele>79.6</ele>
      </trkpt>
      <trkpt lat="35.652370" lon="128.683071">
        <ele>79.6</ele>
      </trkpt>
      <trkpt lat="35.652346" lon="128.683024">
        <ele>79.5</ele>
      </trkpt>
      <trkpt lat="35.652322" lon="128.682977">
        <ele>79.5</ele>
      </trkpt>
      <trkpt lat="35.652298" lon="128.682930">
        <ele>79.5</ele>
      </trkpt>
      <trkpt lat="35.652275" lon="128.682883">
        <ele>79.4</ele>
      </trkpt>
      <trkpt lat="35.652251" lon="128.682836">
        <ele>79.4</ele>
      </trkpt>
      <trkpt lat="35.652227" lon="128.682789">
        <ele>79.3</ele>
      </trkpt>
      <trkpt lat="35.652204" lon="128.682742">
        <ele>79.3</ele>
      </trkpt>
      <trkpt lat="35.652180" lon="128.682695">
        <ele>79.3</ele>
      </trkpt>
      <trkpt lat="35.652156" lon="128.682648">
        <ele>79.2</ele>
      </trkpt>
      <trkpt lat="35.652132" lon="128.682601">
        <ele>79.2</ele>
      </trkpt>
      <trkpt lat="35.652109" lon="128.682554">
        <ele>79.2</ele>
      </trkpt>
      <trkpt lat="35.652085" lon="128.682507">
        <ele>79.1</ele>
      </trkpt>
      <trkpt lat="35.652061" lon="128.682460">
        <ele>79.1</ele>
      </trkpt>
      <trkpt lat="35.652038" lon="128.682413">
        <ele>79.0</ele>
      </trkpt>
      <trkpt lat="35.652014" lon="128.682366">
        <ele>79.0</ele>
      </trkpt>
      <trkpt lat="35.651990" lon="128.682319">
        <ele>79.0</ele>
      </trkpt>
      <trkpt lat="35.651966" lon="128.682272">
        <ele>79.0</ele>
      </trkpt>
      <trkpt lat="35.651942" lon="128.682225">
        <ele>79.0</ele>
      </trkpt>
      <trkpt lat="35.651918" lon="128.682178">
        <ele>79.0</ele>
      </trkpt>
      <trkpt lat="35.651895" lon="128.682131">
        <ele>79.0</ele>
      </trkpt>
      <trkpt lat="35.651871" lon="128.682084">
        <ele>79.1</ele>
      </trkpt>
      <trkpt lat="35.651848" lon="128.682037">
        <ele>79.3</ele>
      </trkpt>
      <trkpt lat="35.651825" lon="128.681989">
        <ele>79.3</ele>
      </trkpt>
      <trkpt lat="35.651801" lon="128.681942">
        <ele>79.3</ele>
      </trkpt>
      <trkpt lat="35.651776" lon="128.681896">
        <ele>79.3</ele>
      </trkpt>
      <trkpt lat="35.651751" lon="128.681851">
        <ele>79.3</ele>
      </trkpt>
      <trkpt lat="35.651725" lon="128.681805">
        <ele>79.3</ele>
      </trkpt>
      <trkpt lat="35.651700" lon="128.681759">
        <ele>79.3</ele>
      </trkpt>
      <trkpt lat="35.651675" lon="128.681713">
        <ele>79.3</ele>
      </trkpt>
      <trkpt lat="35.651650" lon="128.681667">
        <ele>79.3</ele>
      </trkpt>
      <trkpt lat="35.651625" lon="128.681622">
        <ele>79.3</ele>
      </trkpt>
      <trkpt lat="35.651599" lon="128.681576">
        <ele>79.3</ele>
      </trkpt>
      <trkpt lat="35.651574" lon="128.681530">
        <ele>79.3</ele>
      </trkpt>
      <trkpt lat="35.651549" lon="128.681484">
        <ele>79.3</ele>
      </trkpt>
      <trkpt lat="35.651524" lon="128.681438">
        <ele>79.3</ele>
      </trkpt>
      <trkpt lat="35.651498" lon="128.681393">
        <ele>79.3</ele>
      </trkpt>
      <trkpt lat="35.651473" lon="128.681347">
        <ele>79.3</ele>
      </trkpt>
      <trkpt lat="35.651449" lon="128.681300">
        <ele>79.2</ele>
      </trkpt>
      <trkpt lat="35.651425" lon="128.681254">
        <ele>79.2</ele>
      </trkpt>
      <trkpt lat="35.651400" lon="128.681207">
        <ele>79.2</ele>
      </trkpt>
      <trkpt lat="35.651376" lon="128.681160">
        <ele>79.1</ele>
      </trkpt>
      <trkpt lat="35.651352" lon="128.681114">
        <ele>79.1</ele>
      </trkpt>
      <trkpt lat="35.651327" lon="128.681067">
        <ele>79.0</ele>
      </trkpt>
      <trkpt lat="35.651303" lon="128.681021">
        <ele>79.0</ele>
      </trkpt>
      <trkpt lat="35.651279" lon="128.680974">
        <ele>79.0</ele>
      </trkpt>
      <trkpt lat="35.651254" lon="128.680928">
        <ele>78.9</ele>
      </trkpt>
      <trkpt lat="35.651230" lon="128.680881">
        <ele>78.9</ele>
      </trkpt>
      <trkpt lat="35.651206" lon="128.680835">
        <ele>78.8</ele>
      </trkpt>
      <trkpt lat="35.651182" lon="128.680788">
        <ele>78.8</ele>
      </trkpt>
      <trkpt lat="35.651157" lon="128.680742">
        <ele>78.8</ele>
      </trkpt>
      <trkpt lat="35.651133" lon="128.680695">
        <ele>78.7</ele>
      </trkpt>
      <trkpt lat="35.651109" lon="128.680649">
        <ele>78.7</ele>
      </trkpt>
      <trkpt lat="35.651084" lon="128.680602">
        <ele>78.6</ele>
      </trkpt>
      <trkpt lat="35.651060" lon="128.680555">
        <ele>78.6</ele>
      </trkpt>
      <trkpt lat="35.651036" lon="128.680509">
        <ele>78.6</ele>
      </trkpt>
      <trkpt lat="35.651011" lon="128.680462">
        <ele>78.5</ele>
      </trkpt>
      <trkpt lat="35.650987" lon="128.680416">
        <ele>78.5</ele>
      </trkpt>
      <trkpt lat="35.650963" lon="128.680369">
        <ele>78.4</ele>
      </trkpt>
      <trkpt lat="35.650938" lon="128.680323">
        <ele>78.4</ele>
      </trkpt>
      <trkpt lat="35.650914" lon="128.680276">
        <ele>78.4</ele>
      </trkpt>
      <trkpt lat="35.650890" lon="128.680230">
        <ele>78.3</ele>
      </trkpt>
      <trkpt lat="35.650865" lon="128.680183">
        <ele>78.3</ele>
      </trkpt>
      <trkpt lat="35.650841" lon="128.680137">
        <ele>78.2</ele>
      </trkpt>
      <trkpt lat="35.650817" lon="128.680090">
        <ele>78.2</ele>
      </trkpt>
      <trkpt lat="35.650792" lon="128.680044">
        <ele>78.2</ele>
      </trkpt>
      <trkpt lat="35.650768" lon="128.679997">
        <ele>78.1</ele>
      </trkpt>
      <trkpt lat="35.650744" lon="128.679950">
        <ele>78.1</ele>
      </trkpt>
      <trkpt lat="35.650719" lon="128.679904">
        <ele>78.0</ele>
      </trkpt>
      <trkpt lat="35.650708" lon="128.679861">
        <ele>78.0</ele>
      </trkpt>
      <trkpt lat="35.650735" lon="128.679840">
        <ele>78.0</ele>
      </trkpt>
      <trkpt lat="35.650698" lon="128.679863">
        <ele>78.0</ele>
      </trkpt>
      <trkpt lat="35.650674" lon="128.679817">
        <ele>78.0</ele>
      </trkpt>
      <trkpt lat="35.650649" lon="128.679770">
        <ele>78.0</ele>
      </trkpt>
      <trkpt lat="35.650625" lon="128.679724">
        <ele>78.0</ele>
      </trkpt>
      <trkpt lat="35.650600" lon="128.679677">
        <ele>78.0</ele>
      </trkpt>
      <trkpt lat="35.650576" lon="128.679631">
        <ele>78.0</ele>
      </trkpt>
      <trkpt lat="35.650552" lon="128.679584">
        <ele>78.0</ele>
      </trkpt>
      <trkpt lat="35.650527" lon="128.679538">
        <ele>77.9</ele>
      </trkpt>
      <trkpt lat="35.650503" lon="128.679492">
        <ele>77.9</ele>
      </trkpt>
      <trkpt lat="35.650478" lon="128.679445">
        <ele>77.9</ele>
      </trkpt>
      <trkpt lat="35.650454" lon="128.679399">
        <ele>77.8</ele>
      </trkpt>
      <trkpt lat="35.650429" lon="128.679352">
        <ele>77.8</ele>
      </trkpt>
      <trkpt lat="35.650405" lon="128.679306">
        <ele>77.8</ele>
      </trkpt>
      <trkpt lat="35.650380" lon="128.679259">
        <ele>77.8</ele>
      </trkpt>
      <trkpt lat="35.650356" lon="128.679213">
        <ele>77.7</ele>
      </trkpt>
      <trkpt lat="35.650332" lon="128.679166">
        <ele>77.7</ele>
      </trkpt>
      <trkpt lat="35.650307" lon="128.679120">
        <ele>77.7</ele>
      </trkpt>
      <trkpt lat="35.650283" lon="128.679074">
        <ele>77.6</ele>
      </trkpt>
      <trkpt lat="35.650258" lon="128.679027">
        <ele>77.6</ele>
      </trkpt>
      <trkpt lat="35.650234" lon="128.678981">
        <ele>77.6</ele>
      </trkpt>
      <trkpt lat="35.650209" lon="128.678934">
        <ele>77.6</ele>
      </trkpt>
      <trkpt lat="35.650185" lon="128.678888">
        <ele>77.5</ele>
      </trkpt>
      <trkpt lat="35.650160" lon="128.678841">
        <ele>77.5</ele>
      </trkpt>
      <trkpt lat="35.650136" lon="128.678795">
        <ele>77.5</ele>
      </trkpt>
      <trkpt lat="35.650111" lon="128.678748">
        <ele>77.4</ele>
      </trkpt>
      <trkpt lat="35.650087" lon="128.678702">
        <ele>77.4</ele>
      </trkpt>
      <trkpt lat="35.650063" lon="128.678656">
        <ele>77.4</ele>
      </trkpt>
      <trkpt lat="35.650038" lon="128.678609">
        <ele>77.4</ele>
      </trkpt>
      <trkpt lat="35.650014" lon="128.678563">
        <ele>77.3</ele>
      </trkpt>
      <trkpt lat="35.649989" lon="128.678516">
        <ele>77.3</ele>
      </trkpt>
      <trkpt lat="35.649965" lon="128.678470">
        <ele>77.3</ele>
      </trkpt>
      <trkpt lat="35.649940" lon="128.678423">
        <ele>77.2</ele>
      </trkpt>
      <trkpt lat="35.649916" lon="128.678377">
        <ele>77.2</ele>
      </trkpt>
      <trkpt lat="35.649891" lon="128.678330">
        <ele>77.2</ele>
      </trkpt>
      <trkpt lat="35.649867" lon="128.678284">
        <ele>77.2</ele>
      </trkpt>
      <trkpt lat="35.649843" lon="128.678238">
        <ele>77.1</ele>
      </trkpt>
      <trkpt lat="35.649818" lon="128.678191">
        <ele>77.1</ele>
      </trkpt>
      <trkpt lat="35.649794" lon="128.678145">
        <ele>77.1</ele>
      </trkpt>
      <trkpt lat="35.649769" lon="128.678098">
        <ele>77.0</ele>
      </trkpt>
      <trkpt lat="35.649745" lon="128.678052">
        <ele>77.0</ele>
      </trkpt>
      <trkpt lat="35.649720" lon="128.678005">
        <ele>77.0</ele>
      </trkpt>
      <trkpt lat="35.649696" lon="128.677959">
        <ele>77.0</ele>
      </trkpt>
      <trkpt lat="35.649671" lon="128.677912">
        <ele>76.9</ele>
      </trkpt>
      <trkpt lat="35.649647" lon="128.677866">
        <ele>76.9</ele>
      </trkpt>
      <trkpt lat="35.649623" lon="128.677820">
        <ele>76.9</ele>
      </trkpt>
      <trkpt lat="35.649598" lon="128.677773">
        <ele>76.8</ele>
      </trkpt>
      <trkpt lat="35.649574" lon="128.677727">
        <ele>76.8</ele>
      </trkpt>
      <trkpt lat="35.649549" lon="128.677680">
        <ele>76.8</ele>
      </trkpt>
      <trkpt lat="35.649525" lon="128.677634">
        <ele>76.9</ele>
      </trkpt>
      <trkpt lat="35.649501" lon="128.677587">
        <ele>76.9</ele>
      </trkpt>
      <trkpt lat="35.649477" lon="128.677540">
        <ele>76.9</ele>
      </trkpt>
      <trkpt lat="35.649452" lon="128.677494">
        <ele>77.0</ele>
      </trkpt>
      <trkpt lat="35.649428" lon="128.677447">
        <ele>77.0</ele>
      </trkpt>
      <trkpt lat="35.649404" lon="128.677400">
        <ele>77.0</ele>
      </trkpt>
      <trkpt lat="35.649380" lon="128.677354">
        <ele>77.1</ele>
      </trkpt>
      <trkpt lat="35.649355" lon="128.677307">
        <ele>77.1</ele>
      </trkpt>
      <trkpt lat="35.649331" lon="128.677261">
        <ele>77.1</ele>
      </trkpt>
      <trkpt lat="35.649307" lon="128.677214">
        <ele>77.2</ele>
      </trkpt>
      <trkpt lat="35.649283" lon="128.677167">
        <ele>77.2</ele>
      </trkpt>
      <trkpt lat="35.649258" lon="128.677121">
        <ele>77.2</ele>
      </trkpt>
      <trkpt lat="35.649234" lon="128.677074">
        <ele>77.3</ele>
      </trkpt>
      <trkpt lat="35.649210" lon="128.677028">
        <ele>77.3</ele>
      </trkpt>
      <trkpt lat="35.649186" lon="128.676981">
        <ele>77.3</ele>
      </trkpt>
      <trkpt lat="35.649161" lon="128.676934">
        <ele>77.4</ele>
      </trkpt>
      <trkpt lat="35.649137" lon="128.676888">
        <ele>77.4</ele>
      </trkpt>
      <trkpt lat="35.649113" lon="128.676841">
        <ele>77.4</ele>
      </trkpt>
      <trkpt lat="35.649089" lon="128.676795">
        <ele>77.5</ele>
      </trkpt>
      <trkpt lat="35.649065" lon="128.676748">
        <ele>77.5</ele>
      </trkpt>
      <trkpt lat="35.649040" lon="128.676701">
        <ele>77.5</ele>
      </trkpt>
      <trkpt lat="35.649016" lon="128.676655">
        <ele>77.6</ele>
      </trkpt>
      <trkpt lat="35.648992" lon="128.676608">
        <ele>77.6</ele>
      </trkpt>
      <trkpt lat="35.648968" lon="128.676562">
        <ele>77.6</ele>
      </trkpt>
      <trkpt lat="35.648943" lon="128.676515">
        <ele>77.7</ele>
      </trkpt>
      <trkpt lat="35.648919" lon="128.676468">
        <ele>77.7</ele>
      </trkpt>
      <trkpt lat="35.648895" lon="128.676422">
        <ele>77.7</ele>
      </trkpt>
      <trkpt lat="35.648871" lon="128.676375">
        <ele>77.8</ele>
      </trkpt>
      <trkpt lat="35.648846" lon="128.676329">
        <ele>77.8</ele>
      </trkpt>
      <trkpt lat="35.648822" lon="128.676282">
        <ele>77.8</ele>
      </trkpt>
      <trkpt lat="35.648798" lon="128.676235">
        <ele>77.9</ele>
      </trkpt>
      <trkpt lat="35.648774" lon="128.676189">
        <ele>77.9</ele>
      </trkpt>
      <trkpt lat="35.648749" lon="128.676142">
        <ele>77.9</ele>
      </trkpt>
      <trkpt lat="35.648725" lon="128.676096">
        <ele>78.0</ele>
      </trkpt>
      <trkpt lat="35.648701" lon="128.676049">
        <ele>78.0</ele>
      </trkpt>
      <trkpt lat="35.648677" lon="128.676002">
        <ele>78.0</ele>
      </trkpt>
      <trkpt lat="35.648652" lon="128.675956">
        <ele>78.1</ele>
      </trkpt>
      <trkpt lat="35.648628" lon="128.675909">
        <ele>78.1</ele>
      </trkpt>
      <trkpt lat="35.648604" lon="128.675862">
        <ele>78.1</ele>
      </trkpt>
      <trkpt lat="35.648580" lon="128.675816">
        <ele>78.2</ele>
      </trkpt>
      <trkpt lat="35.648555" lon="128.675769">
        <ele>78.2</ele>
      </trkpt>
      <trkpt lat="35.648531" lon="128.675723">
        <ele>78.2</ele>
      </trkpt>
      <trkpt lat="35.648507" lon="128.675676">
        <ele>78.3</ele>
      </trkpt>
      <trkpt lat="35.648483" lon="128.675629">
        <ele>78.3</ele>
      </trkpt>
      <trkpt lat="35.648458" lon="128.675583">
        <ele>78.3</ele>
      </trkpt>
      <trkpt lat="35.648434" lon="128.675536">
        <ele>78.4</ele>
      </trkpt>
      <trkpt lat="35.648410" lon="128.675490">
        <ele>78.4</ele>
      </trkpt>
      <trkpt lat="35.648386" lon="128.675443">
        <ele>78.4</ele>
      </trkpt>
      <trkpt lat="35.648362" lon="128.675396">
        <ele>78.5</ele>
      </trkpt>
      <trkpt lat="35.648337" lon="128.675350">
        <ele>78.5</ele>
      </trkpt>
      <trkpt lat="35.648312" lon="128.675304">
        <ele>78.5</ele>
      </trkpt>
      <trkpt lat="35.648287" lon="128.675258">
        <ele>78.5</ele>
      </trkpt>
      <trkpt lat="35.648261" lon="128.675213">
        <ele>78.6</ele>
      </trkpt>
      <trkpt lat="35.648236" lon="128.675167">
        <ele>78.6</ele>
      </trkpt>
      <trkpt lat="35.648210" lon="128.675122">
        <ele>78.6</ele>
      </trkpt>
      <trkpt lat="35.648184" lon="128.675076">
        <ele>78.7</ele>
      </trkpt>
      <trkpt lat="35.648159" lon="128.675031">
        <ele>78.7</ele>
      </trkpt>
      <trkpt lat="35.648133" lon="128.674985">
        <ele>78.7</ele>
      </trkpt>
      <trkpt lat="35.648108" lon="128.674940">
        <ele>78.8</ele>
      </trkpt>
      <trkpt lat="35.648082" lon="128.674894">
        <ele>78.8</ele>
      </trkpt>
      <trkpt lat="35.648057" lon="128.674849">
        <ele>78.8</ele>
      </trkpt>
      <trkpt lat="35.648031" lon="128.674803">
        <ele>78.8</ele>
      </trkpt>
      <trkpt lat="35.648005" lon="128.674758">
        <ele>78.9</ele>
      </trkpt>
      <trkpt lat="35.647980" lon="128.674712">
        <ele>78.9</ele>
      </trkpt>
      <trkpt lat="35.647954" lon="128.674667">
        <ele>78.9</ele>
      </trkpt>
      <trkpt lat="35.647929" lon="128.674621">
        <ele>79.0</ele>
      </trkpt>
      <trkpt lat="35.647903" lon="128.674576">
        <ele>79.0</ele>
      </trkpt>
      <trkpt lat="35.647879" lon="128.674529">
        <ele>79.0</ele>
      </trkpt>
      <trkpt lat="35.647854" lon="128.674483">
        <ele>79.1</ele>
      </trkpt>
      <trkpt lat="35.647830" lon="128.674436">
        <ele>79.1</ele>
      </trkpt>
      <trkpt lat="35.647806" lon="128.674389">
        <ele>79.1</ele>
      </trkpt>
      <trkpt lat="35.647782" lon="128.674343">
        <ele>79.2</ele>
      </trkpt>
      <trkpt lat="35.647757" lon="128.674296">
        <ele>79.2</ele>
      </trkpt>
      <trkpt lat="35.647733" lon="128.674250">
        <ele>79.2</ele>
      </trkpt>
      <trkpt lat="35.647709" lon="128.674203">
        <ele>79.3</ele>
      </trkpt>
      <trkpt lat="35.647684" lon="128.674157">
        <ele>79.3</ele>
      </trkpt>
      <trkpt lat="35.647660" lon="128.674110">
        <ele>79.3</ele>
      </trkpt>
      <trkpt lat="35.647636" lon="128.674063">
        <ele>79.4</ele>
      </trkpt>
      <trkpt lat="35.647611" lon="128.674017">
        <ele>79.4</ele>
      </trkpt>
      <trkpt lat="35.647587" lon="128.673970">
        <ele>79.4</ele>
      </trkpt>
      <trkpt lat="35.647563" lon="128.673924">
        <ele>79.5</ele>
      </trkpt>
      <trkpt lat="35.647539" lon="128.673877">
        <ele>79.5</ele>
      </trkpt>
      <trkpt lat="35.647514" lon="128.673831">
        <ele>79.5</ele>
      </trkpt>
      <trkpt lat="35.647490" lon="128.673784">
        <ele>79.6</ele>
      </trkpt>
      <trkpt lat="35.647466" lon="128.673738">
        <ele>79.6</ele>
      </trkpt>
      <trkpt lat="35.647441" lon="128.673691">
        <ele>79.6</ele>
      </trkpt>
      <trkpt lat="35.647417" lon="128.673644">
        <ele>79.7</ele>
      </trkpt>
      <trkpt lat="35.647393" lon="128.673598">
        <ele>79.7</ele>
      </trkpt>
      <trkpt lat="35.647369" lon="128.673551">
        <ele>79.7</ele>
      </trkpt>
      <trkpt lat="35.647344" lon="128.673505">
        <ele>79.8</ele>
      </trkpt>
      <trkpt lat="35.647320" lon="128.673458">
        <ele>79.8</ele>
      </trkpt>
      <trkpt lat="35.647296" lon="128.673412">
        <ele>79.8</ele>
      </trkpt>
      <trkpt lat="35.647271" lon="128.673365">
        <ele>79.9</ele>
      </trkpt>
      <trkpt lat="35.647247" lon="128.673318">
        <ele>79.9</ele>
      </trkpt>
      <trkpt lat="35.647223" lon="128.673272">
        <ele>79.9</ele>
      </trkpt>
      <trkpt lat="35.647198" lon="128.673225">
        <ele>80.0</ele>
      </trkpt>
      <trkpt lat="35.647174" lon="128.673179">
        <ele>80.0</ele>
      </trkpt>
      <trkpt lat="35.647149" lon="128.673133">
        <ele>80.0</ele>
      </trkpt>
      <trkpt lat="35.647125" lon="128.673086">
        <ele>80.0</ele>
      </trkpt>
      <trkpt lat="35.647100" lon="128.673040">
        <ele>80.0</ele>
      </trkpt>
      <trkpt lat="35.647076" lon="128.672994">
        <ele>79.9</ele>
      </trkpt>
      <trkpt lat="35.647051" lon="128.672947">
        <ele>79.9</ele>
      </trkpt>
      <trkpt lat="35.647026" lon="128.672901">
        <ele>79.9</ele>
      </trkpt>
      <trkpt lat="35.647002" lon="128.672855">
        <ele>79.9</ele>
      </trkpt>
      <trkpt lat="35.646977" lon="128.672808">
        <ele>79.9</ele>
      </trkpt>
      <trkpt lat="35.646952" lon="128.672762">
        <ele>79.9</ele>
      </trkpt>
      <trkpt lat="35.646928" lon="128.672716">
        <ele>79.9</ele>
      </trkpt>
      <trkpt lat="35.646903" lon="128.672670">
        <ele>79.8</ele>
      </trkpt>
      <trkpt lat="35.646879" lon="128.672623">
        <ele>79.8</ele>
      </trkpt>
      <trkpt lat="35.646854" lon="128.672577">
        <ele>79.8</ele>
      </trkpt>
      <trkpt lat="35.646829" lon="128.672531">
        <ele>79.8</ele>
      </trkpt>
      <trkpt lat="35.646805" lon="128.672484">
        <ele>79.8</ele>
      </trkpt>
      <trkpt lat="35.646780" lon="128.672438">
        <ele>79.8</ele>
      </trkpt>
      <trkpt lat="35.646756" lon="128.672391">
        <ele>79.9</ele>
      </trkpt>
      <trkpt lat="35.646731" lon="128.672345">
        <ele>79.9</ele>
      </trkpt>
      <trkpt lat="35.646707" lon="128.672299">
        <ele>79.9</ele>
      </trkpt>
      <trkpt lat="35.646682" lon="128.672252">
        <ele>80.0</ele>
      </trkpt>
      <trkpt lat="35.646658" lon="128.672206">
        <ele>80.0</ele>
      </trkpt>
      <trkpt lat="35.646634" lon="128.672159">
        <ele>80.0</ele>
      </trkpt>
      <trkpt lat="35.646609" lon="128.672113">
        <ele>80.0</ele>
      </trkpt>
      <trkpt lat="35.646585" lon="128.672066">
        <ele>80.1</ele>
      </trkpt>
      <trkpt lat="35.646560" lon="128.672020">
        <ele>80.1</ele>
      </trkpt>
      <trkpt lat="35.646536" lon="128.671974">
        <ele>80.1</ele>
      </trkpt>
      <trkpt lat="35.646511" lon="128.671927">
        <ele>80.1</ele>
      </trkpt>
      <trkpt lat="35.646487" lon="128.671881">
        <ele>80.2</ele>
      </trkpt>
      <trkpt lat="35.646462" lon="128.671834">
        <ele>80.2</ele>
      </trkpt>
      <trkpt lat="35.646438" lon="128.671788">
        <ele>80.2</ele>
      </trkpt>
      <trkpt lat="35.646413" lon="128.671741">
        <ele>80.2</ele>
      </trkpt>
      <trkpt lat="35.646389" lon="128.671695">
        <ele>80.3</ele>
      </trkpt>
      <trkpt lat="35.646364" lon="128.671649">
        <ele>80.3</ele>
      </trkpt>
      <trkpt lat="35.646340" lon="128.671602">
        <ele>80.3</ele>
      </trkpt>
      <trkpt lat="35.646316" lon="128.671556">
        <ele>80.3</ele>
      </trkpt>
      <trkpt lat="35.646291" lon="128.671509">
        <ele>80.4</ele>
      </trkpt>
      <trkpt lat="35.646267" lon="128.671463">
        <ele>80.4</ele>
      </trkpt>
      <trkpt lat="35.646242" lon="128.671416">
        <ele>80.4</ele>
      </trkpt>
      <trkpt lat="35.646218" lon="128.671370">
        <ele>80.5</ele>
      </trkpt>
      <trkpt lat="35.646193" lon="128.671324">
        <ele>80.5</ele>
      </trkpt>
      <trkpt lat="35.646169" lon="128.671277">
        <ele>80.5</ele>
      </trkpt>
      <trkpt lat="35.646144" lon="128.671231">
        <ele>80.5</ele>
      </trkpt>
      <trkpt lat="35.646120" lon="128.671184">
        <ele>80.6</ele>
      </trkpt>
      <trkpt lat="35.646095" lon="128.671138">
        <ele>80.6</ele>
      </trkpt>
      <trkpt lat="35.646071" lon="128.671091">
        <ele>80.6</ele>
      </trkpt>
      <trkpt lat="35.646046" lon="128.671045">
        <ele>80.6</ele>
      </trkpt>
      <trkpt lat="35.646022" lon="128.670999">
        <ele>80.7</ele>
      </trkpt>
      <trkpt lat="35.645997" lon="128.670952">
        <ele>80.7</ele>
      </trkpt>
      <trkpt lat="35.645973" lon="128.670906">
        <ele>80.7</ele>
      </trkpt>
      <trkpt lat="35.645949" lon="128.670859">
        <ele>80.7</ele>
      </trkpt>
      <trkpt lat="35.645924" lon="128.670813">
        <ele>80.8</ele>
      </trkpt>
      <trkpt lat="35.645900" lon="128.670766">
        <ele>80.8</ele>
      </trkpt>
      <trkpt lat="35.645875" lon="128.670720">
        <ele>80.9</ele>
      </trkpt>
      <trkpt lat="35.645851" lon="128.670674">
        <ele>80.9</ele>
      </trkpt>
      <trkpt lat="35.645826" lon="128.670627">
        <ele>81.0</ele>
      </trkpt>
      <trkpt lat="35.645803" lon="128.670580">
        <ele>81.0</ele>
      </trkpt>
      <trkpt lat="35.645780" lon="128.670533">
        <ele>81.0</ele>
      </trkpt>
      <trkpt lat="35.645757" lon="128.670485">
        <ele>81.0</ele>
      </trkpt>
      <trkpt lat="35.645734" lon="128.670437">
        <ele>81.1</ele>
      </trkpt>
      <trkpt lat="35.645711" lon="128.670390">
        <ele>81.1</ele>
      </trkpt>
      <trkpt lat="35.645688" lon="128.670342">
        <ele>81.1</ele>
      </trkpt>
      <trkpt lat="35.645665" lon="128.670295">
        <ele>81.1</ele>
      </trkpt>
      <trkpt lat="35.645642" lon="128.670247">
        <ele>81.1</ele>
      </trkpt>
      <trkpt lat="35.645619" lon="128.670200">
        <ele>81.1</ele>
      </trkpt>
      <trkpt lat="35.645596" lon="128.670152">
        <ele>81.2</ele>
      </trkpt>
      <trkpt lat="35.645573" lon="128.670104">
        <ele>81.2</ele>
      </trkpt>
      <trkpt lat="35.645550" lon="128.670057">
        <ele>81.2</ele>
      </trkpt>
      <trkpt lat="35.645527" lon="128.670009">
        <ele>81.2</ele>
      </trkpt>
      <trkpt lat="35.645504" lon="128.669962">
        <ele>81.2</ele>
      </trkpt>
      <trkpt lat="35.645481" lon="128.669914">
        <ele>81.2</ele>
      </trkpt>
      <trkpt lat="35.645458" lon="128.669867">
        <ele>81.3</ele>
      </trkpt>
      <trkpt lat="35.645435" lon="128.669819">
        <ele>81.3</ele>
      </trkpt>
      <trkpt lat="35.645412" lon="128.669771">
        <ele>81.3</ele>
      </trkpt>
      <trkpt lat="35.645390" lon="128.669723">
        <ele>81.3</ele>
      </trkpt>
      <trkpt lat="35.645373" lon="128.669672">
        <ele>81.3</ele>
      </trkpt>
      <trkpt lat="35.645356" lon="128.669621">
        <ele>81.3</ele>
      </trkpt>
      <trkpt lat="35.645339" lon="128.669570">
        <ele>81.3</ele>
      </trkpt>
      <trkpt lat="35.645321" lon="128.669519">
        <ele>81.3</ele>
      </trkpt>
      <trkpt lat="35.645304" lon="128.669468">
        <ele>81.3</ele>
      </trkpt>
      <trkpt lat="35.645287" lon="128.669416">
        <ele>81.3</ele>
      </trkpt>
      <trkpt lat="35.645269" lon="128.669366">
        <ele>81.3</ele>
      </trkpt>
      <trkpt lat="35.645249" lon="128.669316">
        <ele>81.3</ele>
      </trkpt>
      <trkpt lat="35.645230" lon="128.669266">
        <ele>81.2</ele>
      </trkpt>
      <trkpt lat="35.645210" lon="128.669216">
        <ele>81.2</ele>
      </trkpt>
      <trkpt lat="35.645191" lon="128.669166">
        <ele>81.2</ele>
      </trkpt>
      <trkpt lat="35.645172" lon="128.669116">
        <ele>81.1</ele>
      </trkpt>
      <trkpt lat="35.645152" lon="128.669066">
        <ele>81.1</ele>
      </trkpt>
      <trkpt lat="35.645133" lon="128.669016">
        <ele>81.1</ele>
      </trkpt>
      <trkpt lat="35.645114" lon="128.668967">
        <ele>81.0</ele>
      </trkpt>
      <trkpt lat="35.645094" lon="128.668917">
        <ele>81.0</ele>
      </trkpt>
      <trkpt lat="35.645077" lon="128.668866">
        <ele>81.0</ele>
      </trkpt>
      <trkpt lat="35.645061" lon="128.668814">
        <ele>80.9</ele>
      </trkpt>
      <trkpt lat="35.645044" lon="128.668762">
        <ele>80.8</ele>
      </trkpt>
      <trkpt lat="35.645028" lon="128.668711">
        <ele>80.7</ele>
      </trkpt>
      <trkpt lat="35.645012" lon="128.668659">
        <ele>80.7</ele>
      </trkpt>
      <trkpt lat="35.644996" lon="128.668608">
        <ele>80.6</ele>
      </trkpt>
      <trkpt lat="35.644979" lon="128.668556">
        <ele>80.5</ele>
      </trkpt>
      <trkpt lat="35.644964" lon="128.668504">
        <ele>80.5</ele>
      </trkpt>
      <trkpt lat="35.644950" lon="128.668452">
        <ele>80.6</ele>
      </trkpt>
      <trkpt lat="35.644935" lon="128.668399">
        <ele>80.6</ele>
      </trkpt>
      <trkpt lat="35.644921" lon="128.668347">
        <ele>80.6</ele>
      </trkpt>
      <trkpt lat="35.644906" lon="128.668294">
        <ele>80.7</ele>
      </trkpt>
      <trkpt lat="35.644892" lon="128.668242">
        <ele>80.7</ele>
      </trkpt>
      <trkpt lat="35.644877" lon="128.668190">
        <ele>80.7</ele>
      </trkpt>
      <trkpt lat="35.644862" lon="128.668137">
        <ele>80.8</ele>
      </trkpt>
      <trkpt lat="35.644848" lon="128.668085">
        <ele>80.8</ele>
      </trkpt>
      <trkpt lat="35.644833" lon="128.668033">
        <ele>80.8</ele>
      </trkpt>
      <trkpt lat="35.644819" lon="128.667980">
        <ele>80.9</ele>
      </trkpt>
      <trkpt lat="35.644804" lon="128.667928">
        <ele>80.9</ele>
      </trkpt>
      <trkpt lat="35.644790" lon="128.667876">
        <ele>81.0</ele>
      </trkpt>
      <trkpt lat="35.644775" lon="128.667823">
        <ele>81.0</ele>
      </trkpt>
      <trkpt lat="35.644761" lon="128.667771">
        <ele>81.0</ele>
      </trkpt>
      <trkpt lat="35.644746" lon="128.667719">
        <ele>81.1</ele>
      </trkpt>
      <trkpt lat="35.644731" lon="128.667666">
        <ele>81.1</ele>
      </trkpt>
      <trkpt lat="35.644717" lon="128.667614">
        <ele>81.1</ele>
      </trkpt>
      <trkpt lat="35.644702" lon="128.667562">
        <ele>81.2</ele>
      </trkpt>
      <trkpt lat="35.644688" lon="128.667509">
        <ele>81.2</ele>
      </trkpt>
      <trkpt lat="35.644673" lon="128.667457">
        <ele>81.2</ele>
      </trkpt>
      <trkpt lat="35.644659" lon="128.667404">
        <ele>81.3</ele>
      </trkpt>
      <trkpt lat="35.644644" lon="128.667352">
        <ele>81.3</ele>
      </trkpt>
      <trkpt lat="35.644630" lon="128.667299">
        <ele>81.4</ele>
      </trkpt>
      <trkpt lat="35.644616" lon="128.667247">
        <ele>81.4</ele>
      </trkpt>
      <trkpt lat="35.644603" lon="128.667194">
        <ele>81.5</ele>
      </trkpt>
      <trkpt lat="35.644589" lon="128.667142">
        <ele>81.5</ele>
      </trkpt>
      <trkpt lat="35.644575" lon="128.667089">
        <ele>81.6</ele>
      </trkpt>
      <trkpt lat="35.644561" lon="128.667036">
        <ele>81.7</ele>
      </trkpt>
      <trkpt lat="35.644547" lon="128.666984">
        <ele>81.7</ele>
      </trkpt>
      <trkpt lat="35.644533" lon="128.666931">
        <ele>81.8</ele>
      </trkpt>
      <trkpt lat="35.644519" lon="128.666878">
        <ele>81.8</ele>
      </trkpt>
      <trkpt lat="35.644505" lon="128.666826">
        <ele>81.9</ele>
      </trkpt>
      <trkpt lat="35.644491" lon="128.666773">
        <ele>82.0</ele>
      </trkpt>
      <trkpt lat="35.644477" lon="128.666721">
        <ele>82.0</ele>
      </trkpt>
      <trkpt lat="35.644464" lon="128.666668">
        <ele>82.1</ele>
      </trkpt>
      <trkpt lat="35.644450" lon="128.666615">
        <ele>82.1</ele>
      </trkpt>
      <trkpt lat="35.644436" lon="128.666563">
        <ele>82.2</ele>
      </trkpt>
      <trkpt lat="35.644422" lon="128.666510">
        <ele>82.2</ele>
      </trkpt>
      <trkpt lat="35.644408" lon="128.666458">
        <ele>82.3</ele>
      </trkpt>
      <trkpt lat="35.644394" lon="128.666405">
        <ele>82.3</ele>
      </trkpt>
      <trkpt lat="35.644380" lon="128.666352">
        <ele>82.4</ele>
      </trkpt>
      <trkpt lat="35.644366" lon="128.666300">
        <ele>82.4</ele>
      </trkpt>
      <trkpt lat="35.644352" lon="128.666247">
        <ele>82.4</ele>
      </trkpt>
      <trkpt lat="35.644338" lon="128.666194">
        <ele>82.5</ele>
      </trkpt>
      <trkpt lat="35.644324" lon="128.666142">
        <ele>82.5</ele>
      </trkpt>
      <trkpt lat="35.644310" lon="128.666089">
        <ele>82.4</ele>
      </trkpt>
      <trkpt lat="35.644297" lon="128.666037">
        <ele>82.4</ele>
      </trkpt>
      <trkpt lat="35.644283" lon="128.665984">
        <ele>82.3</ele>
      </trkpt>
      <trkpt lat="35.644269" lon="128.665931">
        <ele>82.3</ele>
      </trkpt>
      <trkpt lat="35.644255" lon="128.665879">
        <ele>82.2</ele>
      </trkpt>
      <trkpt lat="35.644241" lon="128.665826">
        <ele>82.2</ele>
      </trkpt>
      <trkpt lat="35.644227" lon="128.665774">
        <ele>82.1</ele>
      </trkpt>
      <trkpt lat="35.644213" lon="128.665721">
        <ele>82.1</ele>
      </trkpt>
      <trkpt lat="35.644199" lon="128.665668">
        <ele>82.0</ele>
      </trkpt>
      <trkpt lat="35.644185" lon="128.665616">
        <ele>81.9</ele>
      </trkpt>
      <trkpt lat="35.644171" lon="128.665563">
        <ele>81.9</ele>
      </trkpt>
      <trkpt lat="35.644157" lon="128.665510">
        <ele>81.8</ele>
      </trkpt>
      <trkpt lat="35.644143" lon="128.665458">
        <ele>81.8</ele>
      </trkpt>
      <trkpt lat="35.644129" lon="128.665405">
        <ele>81.7</ele>
      </trkpt>
      <trkpt lat="35.644116" lon="128.665353">
        <ele>81.7</ele>
      </trkpt>
      <trkpt lat="35.644102" lon="128.665300">
        <ele>81.6</ele>
      </trkpt>
      <trkpt lat="35.644088" lon="128.665247">
        <ele>81.6</ele>
      </trkpt>
      <trkpt lat="35.644074" lon="128.665195">
        <ele>81.5</ele>
      </trkpt>
      <trkpt lat="35.644060" lon="128.665142">
        <ele>81.5</ele>
      </trkpt>
      <trkpt lat="35.644045" lon="128.665090">
        <ele>81.6</ele>
      </trkpt>
      <trkpt lat="35.644031" lon="128.665037">
        <ele>81.6</ele>
      </trkpt>
      <trkpt lat="35.644017" lon="128.664985">
        <ele>81.7</ele>
      </trkpt>
      <trkpt lat="35.644003" lon="128.664932">
        <ele>81.7</ele>
      </trkpt>
      <trkpt lat="35.643988" lon="128.664880">
        <ele>81.7</ele>
      </trkpt>
      <trkpt lat="35.643974" lon="128.664827">
        <ele>81.8</ele>
      </trkpt>
      <trkpt lat="35.643960" lon="128.664775">
        <ele>81.8</ele>
      </trkpt>
      <trkpt lat="35.643946" lon="128.664722">
        <ele>81.9</ele>
      </trkpt>
      <trkpt lat="35.643931" lon="128.664670">
        <ele>81.9</ele>
      </trkpt>
      <trkpt lat="35.643917" lon="128.664617">
        <ele>81.9</ele>
      </trkpt>
      <trkpt lat="35.643903" lon="128.664565">
        <ele>82.0</ele>
      </trkpt>
      <trkpt lat="35.643889" lon="128.664512">
        <ele>82.0</ele>
      </trkpt>
      <trkpt lat="35.643874" lon="128.664460">
        <ele>82.1</ele>
      </trkpt>
      <trkpt lat="35.643860" lon="128.664407">
        <ele>82.1</ele>
      </trkpt>
      <trkpt lat="35.643846" lon="128.664355">
        <ele>82.2</ele>
      </trkpt>
      <trkpt lat="35.643832" lon="128.664303">
        <ele>82.2</ele>
      </trkpt>
      <trkpt lat="35.643818" lon="128.664250">
        <ele>82.2</ele>
      </trkpt>
      <trkpt lat="35.643803" lon="128.664198">
        <ele>82.3</ele>
      </trkpt>
      <trkpt lat="35.643789" lon="128.664145">
        <ele>82.3</ele>
      </trkpt>
      <trkpt lat="35.643775" lon="128.664093">
        <ele>82.4</ele>
      </trkpt>
      <trkpt lat="35.643761" lon="128.664040">
        <ele>82.4</ele>
      </trkpt>
      <trkpt lat="35.643746" lon="128.663988">
        <ele>82.5</ele>
      </trkpt>
      <trkpt lat="35.643732" lon="128.663935">
        <ele>82.5</ele>
      </trkpt>
      <trkpt lat="35.643718" lon="128.663883">
        <ele>82.5</ele>
      </trkpt>
      <trkpt lat="35.643704" lon="128.663830">
        <ele>82.6</ele>
      </trkpt>
      <trkpt lat="35.643689" lon="128.663778">
        <ele>82.6</ele>
      </trkpt>
      <trkpt lat="35.643675" lon="128.663725">
        <ele>82.7</ele>
      </trkpt>
      <trkpt lat="35.643661" lon="128.663673">
        <ele>82.7</ele>
      </trkpt>
      <trkpt lat="35.643647" lon="128.663620">
        <ele>82.8</ele>
      </trkpt>
      <trkpt lat="35.643632" lon="128.663568">
        <ele>82.8</ele>
      </trkpt>
      <trkpt lat="35.643618" lon="128.663515">
        <ele>82.8</ele>
      </trkpt>
      <trkpt lat="35.643604" lon="128.663463">
        <ele>82.9</ele>
      </trkpt>
      <trkpt lat="35.643590" lon="128.663410">
        <ele>82.9</ele>
      </trkpt>
      <trkpt lat="35.643575" lon="128.663358">
        <ele>83.0</ele>
      </trkpt>
      <trkpt lat="35.643555" lon="128.663320">
        <ele>83.0</ele>
      </trkpt>
      <trkpt lat="35.643530" lon="128.663331">
        <ele>82.9</ele>
      </trkpt>
      <trkpt lat="35.643561" lon="128.663306">
        <ele>82.3</ele>
      </trkpt>
      <trkpt lat="35.643547" lon="128.663253">
        <ele>82.3</ele>
      </trkpt>
      <trkpt lat="35.643533" lon="128.663201">
        <ele>82.4</ele>
      </trkpt>
      <trkpt lat="35.643519" lon="128.663148">
        <ele>82.4</ele>
      </trkpt>
      <trkpt lat="35.643504" lon="128.663096">
        <ele>82.4</ele>
      </trkpt>
      <trkpt lat="35.643490" lon="128.663043">
        <ele>82.4</ele>
      </trkpt>
      <trkpt lat="35.643476" lon="128.662991">
        <ele>82.5</ele>
      </trkpt>
      <trkpt lat="35.643462" lon="128.662938">
        <ele>82.5</ele>
      </trkpt>
      <trkpt lat="35.643448" lon="128.662886">
        <ele>82.5</ele>
      </trkpt>
      <trkpt lat="35.643433" lon="128.662833">
        <ele>82.5</ele>
      </trkpt>
      <trkpt lat="35.643419" lon="128.662781">
        <ele>82.6</ele>
      </trkpt>
      <trkpt lat="35.643405" lon="128.662728">
        <ele>82.6</ele>
      </trkpt>
      <trkpt lat="35.643391" lon="128.662676">
        <ele>82.6</ele>
      </trkpt>
      <trkpt lat="35.643376" lon="128.662623">
        <ele>82.7</ele>
      </trkpt>
      <trkpt lat="35.643362" lon="128.662571">
        <ele>82.7</ele>
      </trkpt>
      <trkpt lat="35.643348" lon="128.662518">
        <ele>82.7</ele>
      </trkpt>
      <trkpt lat="35.643334" lon="128.662466">
        <ele>82.7</ele>
      </trkpt>
      <trkpt lat="35.643320" lon="128.662413">
        <ele>82.8</ele>
      </trkpt>
      <trkpt lat="35.643305" lon="128.662361">
        <ele>82.8</ele>
      </trkpt>
      <trkpt lat="35.643291" lon="128.662308">
        <ele>82.8</ele>
      </trkpt>
      <trkpt lat="35.643277" lon="128.662256">
        <ele>82.8</ele>
      </trkpt>
      <trkpt lat="35.643263" lon="128.662203">
        <ele>82.9</ele>
      </trkpt>
      <trkpt lat="35.643249" lon="128.662151">
        <ele>82.9</ele>
      </trkpt>
      <trkpt lat="35.643234" lon="128.662098">
        <ele>82.9</ele>
      </trkpt>
      <trkpt lat="35.643220" lon="128.662046">
        <ele>82.9</ele>
      </trkpt>
      <trkpt lat="35.643206" lon="128.661993">
        <ele>83.0</ele>
      </trkpt>
      <trkpt lat="35.643192" lon="128.661941">
        <ele>83.0</ele>
      </trkpt>
      <trkpt lat="35.643177" lon="128.661889">
        <ele>83.0</ele>
      </trkpt>
      <trkpt lat="35.643162" lon="128.661836">
        <ele>83.0</ele>
      </trkpt>
      <trkpt lat="35.643147" lon="128.661784">
        <ele>83.0</ele>
      </trkpt>
      <trkpt lat="35.643131" lon="128.661732">
        <ele>83.0</ele>
      </trkpt>
      <trkpt lat="35.643116" lon="128.661680">
        <ele>83.0</ele>
      </trkpt>
      <trkpt lat="35.643101" lon="128.661628">
        <ele>83.0</ele>
      </trkpt>
      <trkpt lat="35.643086" lon="128.661576">
        <ele>83.0</ele>
      </trkpt>
      <trkpt lat="35.643071" lon="128.661524">
        <ele>83.0</ele>
      </trkpt>
      <trkpt lat="35.643056" lon="128.661471">
        <ele>83.0</ele>
      </trkpt>
      <trkpt lat="35.643041" lon="128.661419">
        <ele>83.0</ele>
      </trkpt>
      <trkpt lat="35.643026" lon="128.661367">
        <ele>83.0</ele>
      </trkpt>
      <trkpt lat="35.643011" lon="128.661315">
        <ele>83.0</ele>
      </trkpt>
      <trkpt lat="35.642996" lon="128.661263">
        <ele>83.0</ele>
      </trkpt>
      <trkpt lat="35.642981" lon="128.661211">
        <ele>83.0</ele>
      </trkpt>
      <trkpt lat="35.642966" lon="128.661159">
        <ele>83.0</ele>
      </trkpt>
      <trkpt lat="35.642951" lon="128.661107">
        <ele>83.0</ele>
      </trkpt>
      <trkpt lat="35.642936" lon="128.661054">
        <ele>83.0</ele>
      </trkpt>
      <trkpt lat="35.642922" lon="128.661002">
        <ele>83.0</ele>
      </trkpt>
      <trkpt lat="35.642908" lon="128.660949">
        <ele>82.9</ele>
      </trkpt>
      <trkpt lat="35.642894" lon="128.660897">
        <ele>82.9</ele>
      </trkpt>
      <trkpt lat="35.642879" lon="128.660844">
        <ele>82.9</ele>
      </trkpt>
      <trkpt lat="35.642865" lon="128.660792">
        <ele>82.9</ele>
      </trkpt>
      <trkpt lat="35.642851" lon="128.660739">
        <ele>82.8</ele>
      </trkpt>
      <trkpt lat="35.642837" lon="128.660687">
        <ele>82.8</ele>
      </trkpt>
      <trkpt lat="35.642823" lon="128.660634">
        <ele>82.8</ele>
      </trkpt>
      <trkpt lat="35.642809" lon="128.660581">
        <ele>82.8</ele>
      </trkpt>
      <trkpt lat="35.642795" lon="128.660529">
        <ele>82.7</ele>
      </trkpt>
      <trkpt lat="35.642781" lon="128.660476">
        <ele>82.7</ele>
      </trkpt>
      <trkpt lat="35.642767" lon="128.660424">
        <ele>82.7</ele>
      </trkpt>
      <trkpt lat="35.642753" lon="128.660371">
        <ele>82.7</ele>
      </trkpt>
      <trkpt lat="35.642738" lon="128.660319">
        <ele>82.6</ele>
      </trkpt>
      <trkpt lat="35.642724" lon="128.660266">
        <ele>82.6</ele>
      </trkpt>
      <trkpt lat="35.642710" lon="128.660214">
        <ele>82.6</ele>
      </trkpt>
      <trkpt lat="35.642696" lon="128.660161">
        <ele>82.5</ele>
      </trkpt>
      <trkpt lat="35.642682" lon="128.660109">
        <ele>82.5</ele>
      </trkpt>
      <trkpt lat="35.642668" lon="128.660056">
        <ele>82.5</ele>
      </trkpt>
      <trkpt lat="35.642654" lon="128.660003">
        <ele>82.5</ele>
      </trkpt>
      <trkpt lat="35.642640" lon="128.659951">
        <ele>82.4</ele>
      </trkpt>
      <trkpt lat="35.642626" lon="128.659898">
        <ele>82.4</ele>
      </trkpt>
      <trkpt lat="35.642612" lon="128.659846">
        <ele>82.4</ele>
      </trkpt>
      <trkpt lat="35.642598" lon="128.659793">
        <ele>82.4</ele>
      </trkpt>
      <trkpt lat="35.642583" lon="128.659741">
        <ele>82.3</ele>
      </trkpt>
      <trkpt lat="35.642569" lon="128.659688">
        <ele>82.3</ele>
      </trkpt>
      <trkpt lat="35.642555" lon="128.659636">
        <ele>82.3</ele>
      </trkpt>
      <trkpt lat="35.642541" lon="128.659583">
        <ele>82.4</ele>
      </trkpt>
      <trkpt lat="35.642527" lon="128.659531">
        <ele>82.5</ele>
      </trkpt>
      <trkpt lat="35.642513" lon="128.659478">
        <ele>82.6</ele>
      </trkpt>
      <trkpt lat="35.642499" lon="128.659425">
        <ele>82.6</ele>
      </trkpt>
      <trkpt lat="35.642485" lon="128.659373">
        <ele>82.7</ele>
      </trkpt>
      <trkpt lat="35.642471" lon="128.659320">
        <ele>82.8</ele>
      </trkpt>
      <trkpt lat="35.642457" lon="128.659268">
        <ele>82.8</ele>
      </trkpt>
      <trkpt lat="35.642442" lon="128.659215">
        <ele>82.9</ele>
      </trkpt>
      <trkpt lat="35.642428" lon="128.659163">
        <ele>82.9</ele>
      </trkpt>
      <trkpt lat="35.642414" lon="128.659110">
        <ele>82.9</ele>
      </trkpt>
      <trkpt lat="35.642400" lon="128.659058">
        <ele>83.0</ele>
      </trkpt>
      <trkpt lat="35.642385" lon="128.659005">
        <ele>83.0</ele>
      </trkpt>
      <trkpt lat="35.642371" lon="128.658953">
        <ele>83.1</ele>
      </trkpt>
      <trkpt lat="35.642357" lon="128.658901">
        <ele>83.1</ele>
      </trkpt>
      <trkpt lat="35.642343" lon="128.658848">
        <ele>83.1</ele>
      </trkpt>
      <trkpt lat="35.642328" lon="128.658796">
        <ele>83.2</ele>
      </trkpt>
      <trkpt lat="35.642314" lon="128.658743">
        <ele>83.2</ele>
      </trkpt>
      <trkpt lat="35.642300" lon="128.658691">
        <ele>83.3</ele>
      </trkpt>
      <trkpt lat="35.642285" lon="128.658638">
        <ele>83.3</ele>
      </trkpt>
      <trkpt lat="35.642271" lon="128.658586">
        <ele>83.3</ele>
      </trkpt>
      <trkpt lat="35.642257" lon="128.658533">
        <ele>83.4</ele>
      </trkpt>
      <trkpt lat="35.642243" lon="128.658481">
        <ele>83.4</ele>
      </trkpt>
      <trkpt lat="35.642228" lon="128.658428">
        <ele>83.5</ele>
      </trkpt>
      <trkpt lat="35.642214" lon="128.658376">
        <ele>83.5</ele>
      </trkpt>
      <trkpt lat="35.642200" lon="128.658323">
        <ele>83.5</ele>
      </trkpt>
      <trkpt lat="35.642186" lon="128.658271">
        <ele>83.6</ele>
      </trkpt>
      <trkpt lat="35.642171" lon="128.658218">
        <ele>83.6</ele>
      </trkpt>
      <trkpt lat="35.642157" lon="128.658166">
        <ele>83.7</ele>
      </trkpt>
      <trkpt lat="35.642143" lon="128.658113">
        <ele>83.7</ele>
      </trkpt>
      <trkpt lat="35.642128" lon="128.658061">
        <ele>83.8</ele>
      </trkpt>
      <trkpt lat="35.642114" lon="128.658009">
        <ele>83.8</ele>
      </trkpt>
      <trkpt lat="35.642100" lon="128.657956">
        <ele>83.8</ele>
      </trkpt>
      <trkpt lat="35.642086" lon="128.657904">
        <ele>83.9</ele>
      </trkpt>
      <trkpt lat="35.642071" lon="128.657851">
        <ele>83.9</ele>
      </trkpt>
      <trkpt lat="35.642057" lon="128.657799">
        <ele>84.0</ele>
      </trkpt>
      <trkpt lat="35.642043" lon="128.657746">
        <ele>84.0</ele>
      </trkpt>
      <trkpt lat="35.642029" lon="128.657694">
        <ele>84.0</ele>
      </trkpt>
      <trkpt lat="35.642014" lon="128.657641">
        <ele>84.1</ele>
      </trkpt>
      <trkpt lat="35.642000" lon="128.657589">
        <ele>84.1</ele>
      </trkpt>
      <trkpt lat="35.641986" lon="128.657536">
        <ele>84.2</ele>
      </trkpt>
      <trkpt lat="35.641971" lon="128.657484">
        <ele>84.2</ele>
      </trkpt>
      <trkpt lat="35.641957" lon="128.657431">
        <ele>84.2</ele>
      </trkpt>
      <trkpt lat="35.641943" lon="128.657379">
        <ele>84.3</ele>
      </trkpt>
      <trkpt lat="35.641929" lon="128.657326">
        <ele>84.3</ele>
      </trkpt>
      <trkpt lat="35.641914" lon="128.657274">
        <ele>84.4</ele>
      </trkpt>
      <trkpt lat="35.641900" lon="128.657221">
        <ele>84.4</ele>
      </trkpt>
      <trkpt lat="35.641886" lon="128.657169">
        <ele>84.4</ele>
      </trkpt>
      <trkpt lat="35.641872" lon="128.657117">
        <ele>84.5</ele>
      </trkpt>
      <trkpt lat="35.641857" lon="128.657064">
        <ele>84.5</ele>
      </trkpt>
      <trkpt lat="35.641843" lon="128.657012">
        <ele>84.6</ele>
      </trkpt>
      <trkpt lat="35.641829" lon="128.656959">
        <ele>84.6</ele>
      </trkpt>
      <trkpt lat="35.641814" lon="128.656907">
        <ele>84.6</ele>
      </trkpt>
      <trkpt lat="35.641800" lon="128.656854">
        <ele>84.7</ele>
      </trkpt>
      <trkpt lat="35.641786" lon="128.656802">
        <ele>84.7</ele>
      </trkpt>
      <trkpt lat="35.641772" lon="128.656749">
        <ele>84.8</ele>
      </trkpt>
      <trkpt lat="35.641757" lon="128.656697">
        <ele>84.8</ele>
      </trkpt>
      <trkpt lat="35.641743" lon="128.656644">
        <ele>84.8</ele>
      </trkpt>
      <trkpt lat="35.641728" lon="128.656592">
        <ele>84.9</ele>
      </trkpt>
      <trkpt lat="35.641714" lon="128.656540">
        <ele>84.9</ele>
      </trkpt>
      <trkpt lat="35.641699" lon="128.656487">
        <ele>84.9</ele>
      </trkpt>
      <trkpt lat="35.641685" lon="128.656435">
        <ele>84.9</ele>
      </trkpt>
      <trkpt lat="35.641670" lon="128.656383">
        <ele>85.0</ele>
      </trkpt>
      <trkpt lat="35.641656" lon="128.656330">
        <ele>85.0</ele>
      </trkpt>
      <trkpt lat="35.641641" lon="128.656278">
        <ele>85.0</ele>
      </trkpt>
      <trkpt lat="35.641627" lon="128.656225">
        <ele>85.0</ele>
      </trkpt>
      <trkpt lat="35.641612" lon="128.656173">
        <ele>85.0</ele>
      </trkpt>
      <trkpt lat="35.641598" lon="128.656121">
        <ele>85.1</ele>
      </trkpt>
      <trkpt lat="35.641583" lon="128.656068">
        <ele>85.1</ele>
      </trkpt>
      <trkpt lat="35.641569" lon="128.656016">
        <ele>85.1</ele>
      </trkpt>
      <trkpt lat="35.641554" lon="128.655964">
        <ele>85.1</ele>
      </trkpt>
      <trkpt lat="35.641540" lon="128.655911">
        <ele>85.2</ele>
      </trkpt>
      <trkpt lat="35.641525" lon="128.655859">
        <ele>85.2</ele>
      </trkpt>
      <trkpt lat="35.641511" lon="128.655807">
        <ele>85.2</ele>
      </trkpt>
      <trkpt lat="35.641496" lon="128.655754">
        <ele>85.2</ele>
      </trkpt>
      <trkpt lat="35.641482" lon="128.655702">
        <ele>85.3</ele>
      </trkpt>
      <trkpt lat="35.641467" lon="128.655649">
        <ele>85.3</ele>
      </trkpt>
      <trkpt lat="35.641453" lon="128.655597">
        <ele>85.3</ele>
      </trkpt>
      <trkpt lat="35.641438" lon="128.655545">
        <ele>85.3</ele>
      </trkpt>
      <trkpt lat="35.641424" lon="128.655492">
        <ele>85.4</ele>
      </trkpt>
      <trkpt lat="35.641409" lon="128.655440">
        <ele>85.4</ele>
      </trkpt>
      <trkpt lat="35.641395" lon="128.655388">
        <ele>85.4</ele>
      </trkpt>
      <trkpt lat="35.641380" lon="128.655335">
        <ele>85.4</ele>
      </trkpt>
      <trkpt lat="35.641366" lon="128.655283">
        <ele>85.5</ele>
      </trkpt>
      <trkpt lat="35.641351" lon="128.655230">
        <ele>85.5</ele>
      </trkpt>
      <trkpt lat="35.641336" lon="128.655178">
        <ele>85.5</ele>
      </trkpt>
      <trkpt lat="35.641321" lon="128.655126">
        <ele>85.5</ele>
      </trkpt>
      <trkpt lat="35.641307" lon="128.655074">
        <ele>85.4</ele>
      </trkpt>
      <trkpt lat="35.641292" lon="128.655021">
        <ele>85.4</ele>
      </trkpt>
      <trkpt lat="35.641277" lon="128.654969">
        <ele>85.4</ele>
      </trkpt>
      <trkpt lat="35.641262" lon="128.654917">
        <ele>85.4</ele>
      </trkpt>
      <trkpt lat="35.641247" lon="128.654865">
        <ele>85.3</ele>
      </trkpt>
      <trkpt lat="35.641232" lon="128.654813">
        <ele>85.3</ele>
      </trkpt>
      <trkpt lat="35.641217" lon="128.654760">
        <ele>85.3</ele>
      </trkpt>
      <trkpt lat="35.641203" lon="128.654708">
        <ele>85.3</ele>
      </trkpt>
      <trkpt lat="35.641188" lon="128.654656">
        <ele>85.2</ele>
      </trkpt>
      <trkpt lat="35.641173" lon="128.654604">
        <ele>85.2</ele>
      </trkpt>
      <trkpt lat="35.641158" lon="128.654552">
        <ele>85.2</ele>
      </trkpt>
      <trkpt lat="35.641143" lon="128.654499">
        <ele>85.2</ele>
      </trkpt>
      <trkpt lat="35.641128" lon="128.654447">
        <ele>85.1</ele>
      </trkpt>
      <trkpt lat="35.641113" lon="128.654395">
        <ele>85.1</ele>
      </trkpt>
      <trkpt lat="35.641098" lon="128.654343">
        <ele>85.1</ele>
      </trkpt>
      <trkpt lat="35.641084" lon="128.654290">
        <ele>85.1</ele>
      </trkpt>
      <trkpt lat="35.641069" lon="128.654238">
        <ele>85.0</ele>
      </trkpt>
      <trkpt lat="35.641054" lon="128.654186">
        <ele>85.0</ele>
      </trkpt>
      <trkpt lat="35.641039" lon="128.654134">
        <ele>85.0</ele>
      </trkpt>
      <trkpt lat="35.641024" lon="128.654082">
        <ele>85.0</ele>
      </trkpt>
      <trkpt lat="35.641009" lon="128.654029">
        <ele>84.9</ele>
      </trkpt>
      <trkpt lat="35.640994" lon="128.653977">
        <ele>84.9</ele>
      </trkpt>
      <trkpt lat="35.640980" lon="128.653925">
        <ele>84.9</ele>
      </trkpt>
      <trkpt lat="35.640965" lon="128.653873">
        <ele>84.9</ele>
      </trkpt>
      <trkpt lat="35.640950" lon="128.653820">
        <ele>84.8</ele>
      </trkpt>
      <trkpt lat="35.640935" lon="128.653768">
        <ele>84.8</ele>
      </trkpt>
      <trkpt lat="35.640921" lon="128.653716">
        <ele>85.1</ele>
      </trkpt>
      <trkpt lat="35.640907" lon="128.653663">
        <ele>85.6</ele>
      </trkpt>
      <trkpt lat="35.640893" lon="128.653611">
        <ele>86.0</ele>
      </trkpt>
      <trkpt lat="35.640879" lon="128.653558">
        <ele>86.4</ele>
      </trkpt>
      <trkpt lat="35.640865" lon="128.653505">
        <ele>86.8</ele>
      </trkpt>
      <trkpt lat="35.640851" lon="128.653453">
        <ele>87.2</ele>
      </trkpt>
      <trkpt lat="35.640837" lon="128.653400">
        <ele>87.6</ele>
      </trkpt>
      <trkpt lat="35.640823" lon="128.653348">
        <ele>88.1</ele>
      </trkpt>
      <trkpt lat="35.640809" lon="128.653295">
        <ele>88.5</ele>
      </trkpt>
      <trkpt lat="35.640795" lon="128.653243">
        <ele>88.9</ele>
      </trkpt>
      <trkpt lat="35.640781" lon="128.653190">
        <ele>89.3</ele>
      </trkpt>
      <trkpt lat="35.640767" lon="128.653137">
        <ele>89.7</ele>
      </trkpt>
      <trkpt lat="35.640753" lon="128.653085">
        <ele>90.1</ele>
      </trkpt>
      <trkpt lat="35.640739" lon="128.653032">
        <ele>90.6</ele>
      </trkpt>
      <trkpt lat="35.640725" lon="128.652980">
        <ele>91.0</ele>
      </trkpt>
      <trkpt lat="35.640711" lon="128.652927">
        <ele>91.4</ele>
      </trkpt>
      <trkpt lat="35.640697" lon="128.652874">
        <ele>91.8</ele>
      </trkpt>
      <trkpt lat="35.640683" lon="128.652822">
        <ele>92.2</ele>
      </trkpt>
      <trkpt lat="35.640678" lon="128.652813">
        <ele>91.0</ele>
      </trkpt>
      <trkpt lat="35.640667" lon="128.652762">
        <ele>91.2</ele>
      </trkpt>
      <trkpt lat="35.640653" lon="128.652710">
        <ele>91.5</ele>
      </trkpt>
      <trkpt lat="35.640639" lon="128.652657">
        <ele>91.9</ele>
      </trkpt>
      <trkpt lat="35.640625" lon="128.652604">
        <ele>92.3</ele>
      </trkpt>
      <trkpt lat="35.640613" lon="128.652551">
        <ele>92.7</ele>
      </trkpt>
      <trkpt lat="35.640600" lon="128.652498">
        <ele>93.1</ele>
      </trkpt>
      <trkpt lat="35.640587" lon="128.652445">
        <ele>93.4</ele>
      </trkpt>
      <trkpt lat="35.640574" lon="128.652393">
        <ele>93.6</ele>
      </trkpt>
      <trkpt lat="35.640560" lon="128.652340">
        <ele>93.7</ele>
      </trkpt>
      <trkpt lat="35.640547" lon="128.652287">
        <ele>93.8</ele>
      </trkpt>
      <trkpt lat="35.640534" lon="128.652234">
        <ele>94.0</ele>
      </trkpt>
      <trkpt lat="35.640522" lon="128.652181">
        <ele>94.0</ele>
      </trkpt>
      <trkpt lat="35.640511" lon="128.652127">
        <ele>94.1</ele>
      </trkpt>
      <trkpt lat="35.640500" lon="128.652073">
        <ele>94.2</ele>
      </trkpt>
      <trkpt lat="35.640490" lon="128.652019">
        <ele>94.3</ele>
      </trkpt>
      <trkpt lat="35.640480" lon="128.651965">
        <ele>94.3</ele>
      </trkpt>
      <trkpt lat="35.640472" lon="128.651911">
        <ele>94.3</ele>
      </trkpt>
      <trkpt lat="35.640463" lon="128.651857">
        <ele>94.4</ele>
      </trkpt>
      <trkpt lat="35.640455" lon="128.651802">
        <ele>94.4</ele>
      </trkpt>
      <trkpt lat="35.640446" lon="128.651748">
        <ele>94.4</ele>
      </trkpt>
      <trkpt lat="35.640438" lon="128.651694">
        <ele>94.5</ele>
      </trkpt>
      <trkpt lat="35.640430" lon="128.651639">
        <ele>94.5</ele>
      </trkpt>
      <trkpt lat="35.640424" lon="128.651584">
        <ele>94.3</ele>
      </trkpt>
      <trkpt lat="35.640417" lon="128.651530">
        <ele>94.2</ele>
      </trkpt>
      <trkpt lat="35.640410" lon="128.651475">
        <ele>94.0</ele>
      </trkpt>
      <trkpt lat="35.640404" lon="128.651420">
        <ele>93.9</ele>
      </trkpt>
      <trkpt lat="35.640397" lon="128.651365">
        <ele>93.7</ele>
      </trkpt>
      <trkpt lat="35.640390" lon="128.651311">
        <ele>93.6</ele>
      </trkpt>
      <trkpt lat="35.640384" lon="128.651256">
        <ele>93.4</ele>
      </trkpt>
      <trkpt lat="35.640377" lon="128.651201">
        <ele>93.3</ele>
      </trkpt>
      <trkpt lat="35.640370" lon="128.651147">
        <ele>93.1</ele>
      </trkpt>
      <trkpt lat="35.640364" lon="128.651092">
        <ele>93.0</ele>
      </trkpt>
      <trkpt lat="35.640357" lon="128.651037">
        <ele>92.8</ele>
      </trkpt>
      <trkpt lat="35.640351" lon="128.650982">
        <ele>92.7</ele>
      </trkpt>
      <trkpt lat="35.640344" lon="128.650928">
        <ele>92.5</ele>
      </trkpt>
      <trkpt lat="35.640337" lon="128.650873">
        <ele>92.4</ele>
      </trkpt>
      <trkpt lat="35.640331" lon="128.650818">
        <ele>92.2</ele>
      </trkpt>
      <trkpt lat="35.640324" lon="128.650764">
        <ele>92.1</ele>
      </trkpt>
      <trkpt lat="35.640317" lon="128.650709">
        <ele>91.9</ele>
      </trkpt>
      <trkpt lat="35.640311" lon="128.650654">
        <ele>91.8</ele>
      </trkpt>
      <trkpt lat="35.640304" lon="128.650599">
        <ele>91.6</ele>
      </trkpt>
      <trkpt lat="35.640297" lon="128.650545">
        <ele>91.5</ele>
      </trkpt>
      <trkpt lat="35.640291" lon="128.650490">
        <ele>91.3</ele>
      </trkpt>
      <trkpt lat="35.640284" lon="128.650435">
        <ele>91.2</ele>
      </trkpt>
      <trkpt lat="35.640277" lon="128.650380">
        <ele>91.0</ele>
      </trkpt>
      <trkpt lat="35.640271" lon="128.650326">
        <ele>90.9</ele>
      </trkpt>
      <trkpt lat="35.640264" lon="128.650271">
        <ele>90.7</ele>
      </trkpt>
      <trkpt lat="35.640258" lon="128.650216">
        <ele>90.6</ele>
      </trkpt>
      <trkpt lat="35.640251" lon="128.650162">
        <ele>90.4</ele>
      </trkpt>
      <trkpt lat="35.640244" lon="128.650107">
        <ele>90.3</ele>
      </trkpt>
      <trkpt lat="35.640238" lon="128.650052">
        <ele>90.1</ele>
      </trkpt>
      <trkpt lat="35.640231" lon="128.649997">
        <ele>90.0</ele>
      </trkpt>
      <trkpt lat="35.640224" lon="128.649943">
        <ele>89.9</ele>
      </trkpt>
      <trkpt lat="35.640218" lon="128.649888">
        <ele>89.7</ele>
      </trkpt>
      <trkpt lat="35.640211" lon="128.649833">
        <ele>89.6</ele>
      </trkpt>
      <trkpt lat="35.640204" lon="128.649779">
        <ele>89.4</ele>
      </trkpt>
      <trkpt lat="35.640198" lon="128.649724">
        <ele>89.3</ele>
      </trkpt>
      <trkpt lat="35.640191" lon="128.649669">
        <ele>89.1</ele>
      </trkpt>
      <trkpt lat="35.640185" lon="128.649614">
        <ele>89.0</ele>
      </trkpt>
      <trkpt lat="35.640178" lon="128.649560">
        <ele>88.8</ele>
      </trkpt>
      <trkpt lat="35.640171" lon="128.649505">
        <ele>88.7</ele>
      </trkpt>
      <trkpt lat="35.640165" lon="128.649450">
        <ele>88.5</ele>
      </trkpt>
      <trkpt lat="35.640158" lon="128.649395">
        <ele>88.4</ele>
      </trkpt>
      <trkpt lat="35.640153" lon="128.649341">
        <ele>88.3</ele>
      </trkpt>
      <trkpt lat="35.640149" lon="128.649285">
        <ele>88.2</ele>
      </trkpt>
      <trkpt lat="35.640144" lon="128.649230">
        <ele>88.2</ele>
      </trkpt>
      <trkpt lat="35.640140" lon="128.649175">
        <ele>88.2</ele>
      </trkpt>
      <trkpt lat="35.640136" lon="128.649120">
        <ele>88.1</ele>
      </trkpt>
      <trkpt lat="35.640132" lon="128.649065">
        <ele>88.1</ele>
      </trkpt>
      <trkpt lat="35.640128" lon="128.649010">
        <ele>88.0</ele>
      </trkpt>
      <trkpt lat="35.640124" lon="128.648955">
        <ele>88.0</ele>
      </trkpt>
      <trkpt lat="35.640120" lon="128.648900">
        <ele>88.0</ele>
      </trkpt>
      <trkpt lat="35.640115" lon="128.648845">
        <ele>87.9</ele>
      </trkpt>
      <trkpt lat="35.640111" lon="128.648790">
        <ele>87.9</ele>
      </trkpt>
      <trkpt lat="35.640107" lon="128.648734">
        <ele>87.8</ele>
      </trkpt>
      <trkpt lat="35.640103" lon="128.648679">
        <ele>87.8</ele>
      </trkpt>
      <trkpt lat="35.640099" lon="128.648624">
        <ele>87.7</ele>
      </trkpt>
      <trkpt lat="35.640095" lon="128.648569">
        <ele>87.7</ele>
      </trkpt>
      <trkpt lat="35.640091" lon="128.648514">
        <ele>87.7</ele>
      </trkpt>
      <trkpt lat="35.640086" lon="128.648459">
        <ele>87.6</ele>
      </trkpt>
      <trkpt lat="35.640082" lon="128.648404">
        <ele>87.6</ele>
      </trkpt>
      <trkpt lat="35.640078" lon="128.648349">
        <ele>87.5</ele>
      </trkpt>
      <trkpt lat="35.640074" lon="128.648294">
        <ele>87.5</ele>
      </trkpt>
      <trkpt lat="35.640070" lon="128.648239">
        <ele>87.5</ele>
      </trkpt>
      <trkpt lat="35.640066" lon="128.648184">
        <ele>87.4</ele>
      </trkpt>
      <trkpt lat="35.640062" lon="128.648128">
        <ele>87.4</ele>
      </trkpt>
      <trkpt lat="35.640057" lon="128.648073">
        <ele>87.3</ele>
      </trkpt>
      <trkpt lat="35.640053" lon="128.648018">
        <ele>87.3</ele>
      </trkpt>
      <trkpt lat="35.640049" lon="128.647963">
        <ele>87.3</ele>
      </trkpt>
      <trkpt lat="35.640045" lon="128.647908">
        <ele>87.2</ele>
      </trkpt>
      <trkpt lat="35.640041" lon="128.647853">
        <ele>87.2</ele>
      </trkpt>
      <trkpt lat="35.640037" lon="128.647798">
        <ele>87.1</ele>
      </trkpt>
      <trkpt lat="35.640033" lon="128.647743">
        <ele>87.1</ele>
      </trkpt>
      <trkpt lat="35.640028" lon="128.647688">
        <ele>87.1</ele>
      </trkpt>
      <trkpt lat="35.640024" lon="128.647633">
        <ele>87.0</ele>
      </trkpt>
      <trkpt lat="35.640020" lon="128.647578">
        <ele>87.9</ele>
      </trkpt>
      <trkpt lat="35.640016" lon="128.647522">
        <ele>89.3</ele>
      </trkpt>
      <trkpt lat="35.640011" lon="128.647467">
        <ele>90.6</ele>
      </trkpt>
      <trkpt lat="35.640011" lon="128.647466">
        <ele>87.3</ele>
      </trkpt>
      <trkpt lat="35.640015" lon="128.647521">
        <ele>87.2</ele>
      </trkpt>
      <trkpt lat="35.640020" lon="128.647576">
        <ele>87.1</ele>
      </trkpt>
      <trkpt lat="35.640024" lon="128.647631">
        <ele>87.0</ele>
      </trkpt>
      <trkpt lat="35.640028" lon="128.647687">
        <ele>87.1</ele>
      </trkpt>
      <trkpt lat="35.640032" lon="128.647742">
        <ele>87.1</ele>
      </trkpt>
      <trkpt lat="35.640037" lon="128.647797">
        <ele>87.1</ele>
      </trkpt>
      <trkpt lat="35.640041" lon="128.647852">
        <ele>87.2</ele>
      </trkpt>
      <trkpt lat="35.640045" lon="128.647907">
        <ele>87.2</ele>
      </trkpt>
      <trkpt lat="35.640049" lon="128.647962">
        <ele>87.3</ele>
      </trkpt>
      <trkpt lat="35.640053" lon="128.648017">
        <ele>87.3</ele>
      </trkpt>
      <trkpt lat="35.640057" lon="128.648072">
        <ele>87.3</ele>
      </trkpt>
      <trkpt lat="35.640061" lon="128.648127">
        <ele>87.4</ele>
      </trkpt>
      <trkpt lat="35.640066" lon="128.648182">
        <ele>87.4</ele>
      </trkpt>
      <trkpt lat="35.640070" lon="128.648237">
        <ele>87.5</ele>
      </trkpt>
      <trkpt lat="35.640074" lon="128.648293">
        <ele>87.5</ele>
      </trkpt>
      <trkpt lat="35.640078" lon="128.648348">
        <ele>87.5</ele>
      </trkpt>
      <trkpt lat="35.640082" lon="128.648403">
        <ele>87.6</ele>
      </trkpt>
      <trkpt lat="35.640086" lon="128.648458">
        <ele>87.6</ele>
      </trkpt>
      <trkpt lat="35.640090" lon="128.648513">
        <ele>87.7</ele>
      </trkpt>
      <trkpt lat="35.640095" lon="128.648568">
        <ele>87.7</ele>
      </trkpt>
      <trkpt lat="35.640099" lon="128.648623">
        <ele>87.7</ele>
      </trkpt>
      <trkpt lat="35.640103" lon="128.648678">
        <ele>87.8</ele>
      </trkpt>
      <trkpt lat="35.640107" lon="128.648733">
        <ele>87.8</ele>
      </trkpt>
      <trkpt lat="35.640111" lon="128.648788">
        <ele>87.9</ele>
      </trkpt>
      <trkpt lat="35.640115" lon="128.648844">
        <ele>87.9</ele>
      </trkpt>
      <trkpt lat="35.640119" lon="128.648899">
        <ele>88.0</ele>
      </trkpt>
      <trkpt lat="35.640124" lon="128.648954">
        <ele>88.0</ele>
      </trkpt>
      <trkpt lat="35.640128" lon="128.649009">
        <ele>88.0</ele>
      </trkpt>
      <trkpt lat="35.640132" lon="128.649064">
        <ele>88.1</ele>
      </trkpt>
      <trkpt lat="35.640136" lon="128.649119">
        <ele>88.1</ele>
      </trkpt>
      <trkpt lat="35.640140" lon="128.649174">
        <ele>88.2</ele>
      </trkpt>
      <trkpt lat="35.640144" lon="128.649229">
        <ele>88.2</ele>
      </trkpt>
      <trkpt lat="35.640148" lon="128.649284">
        <ele>88.2</ele>
      </trkpt>
      <trkpt lat="35.640153" lon="128.649339">
        <ele>88.3</ele>
      </trkpt>
      <trkpt lat="35.640158" lon="128.649394">
        <ele>88.5</ele>
      </trkpt>
      <trkpt lat="35.640164" lon="128.649449">
        <ele>88.8</ele>
      </trkpt>
      <trkpt lat="35.640171" lon="128.649504">
        <ele>89.2</ele>
      </trkpt>
      <trkpt lat="35.640178" lon="128.649558">
        <ele>89.6</ele>
      </trkpt>
      <trkpt lat="35.640184" lon="128.649613">
        <ele>89.9</ele>
      </trkpt>
      <trkpt lat="35.640191" lon="128.649668">
        <ele>90.3</ele>
      </trkpt>
      <trkpt lat="35.640198" lon="128.649723">
        <ele>90.7</ele>
      </trkpt>
      <trkpt lat="35.640204" lon="128.649777">
        <ele>91.0</ele>
      </trkpt>
      <trkpt lat="35.640211" lon="128.649832">
        <ele>91.4</ele>
      </trkpt>
      <trkpt lat="35.640217" lon="128.649887">
        <ele>91.8</ele>
      </trkpt>
      <trkpt lat="35.640224" lon="128.649942">
        <ele>92.1</ele>
      </trkpt>
      <trkpt lat="35.640231" lon="128.649996">
        <ele>92.5</ele>
      </trkpt>
      <trkpt lat="35.640237" lon="128.650051">
        <ele>92.9</ele>
      </trkpt>
      <trkpt lat="35.640244" lon="128.650106">
        <ele>93.2</ele>
      </trkpt>
      <trkpt lat="35.640251" lon="128.650160">
        <ele>93.6</ele>
      </trkpt>
      <trkpt lat="35.640257" lon="128.650215">
        <ele>94.0</ele>
      </trkpt>
      <trkpt lat="35.640264" lon="128.650270">
        <ele>94.3</ele>
      </trkpt>
      <trkpt lat="35.640268" lon="128.650308">
        <ele>90.8</ele>
      </trkpt>
      <trkpt lat="35.640275" lon="128.650363">
        <ele>91.0</ele>
      </trkpt>
      <trkpt lat="35.640282" lon="128.650417">
        <ele>91.1</ele>
      </trkpt>
      <trkpt lat="35.640288" lon="128.650472">
        <ele>91.3</ele>
      </trkpt>
      <trkpt lat="35.640295" lon="128.650527">
        <ele>91.4</ele>
      </trkpt>
      <trkpt lat="35.640302" lon="128.650582">
        <ele>91.6</ele>
      </trkpt>
      <trkpt lat="35.640308" lon="128.650636">
        <ele>91.7</ele>
      </trkpt>
      <trkpt lat="35.640315" lon="128.650691">
        <ele>91.9</ele>
      </trkpt>
      <trkpt lat="35.640322" lon="128.650746">
        <ele>92.0</ele>
      </trkpt>
      <trkpt lat="35.640328" lon="128.650800">
        <ele>92.2</ele>
      </trkpt>
      <trkpt lat="35.640335" lon="128.650855">
        <ele>92.3</ele>
      </trkpt>
      <trkpt lat="35.640342" lon="128.650910">
        <ele>92.5</ele>
      </trkpt>
      <trkpt lat="35.640348" lon="128.650965">
        <ele>92.6</ele>
      </trkpt>
      <trkpt lat="35.640355" lon="128.651019">
        <ele>92.8</ele>
      </trkpt>
      <trkpt lat="35.640362" lon="128.651074">
        <ele>92.9</ele>
      </trkpt>
      <trkpt lat="35.640368" lon="128.651129">
        <ele>93.1</ele>
      </trkpt>
      <trkpt lat="35.640375" lon="128.651183">
        <ele>93.2</ele>
      </trkpt>
      <trkpt lat="35.640381" lon="128.651238">
        <ele>93.4</ele>
      </trkpt>
      <trkpt lat="35.640388" lon="128.651293">
        <ele>93.5</ele>
      </trkpt>
      <trkpt lat="35.640395" lon="128.651348">
        <ele>93.7</ele>
      </trkpt>
      <trkpt lat="35.640401" lon="128.651402">
        <ele>93.8</ele>
      </trkpt>
      <trkpt lat="35.640408" lon="128.651457">
        <ele>94.0</ele>
      </trkpt>
      <trkpt lat="35.640415" lon="128.651512">
        <ele>94.1</ele>
      </trkpt>
      <trkpt lat="35.640421" lon="128.651567">
        <ele>94.3</ele>
      </trkpt>
      <trkpt lat="35.640428" lon="128.651621">
        <ele>94.4</ele>
      </trkpt>
      <trkpt lat="35.640435" lon="128.651676">
        <ele>94.5</ele>
      </trkpt>
      <trkpt lat="35.640444" lon="128.651730">
        <ele>94.5</ele>
      </trkpt>
      <trkpt lat="35.640452" lon="128.651785">
        <ele>94.4</ele>
      </trkpt>
      <trkpt lat="35.640460" lon="128.651839">
        <ele>94.4</ele>
      </trkpt>
      <trkpt lat="35.640469" lon="128.651893">
        <ele>94.4</ele>
      </trkpt>
      <trkpt lat="35.640477" lon="128.651948">
        <ele>94.3</ele>
      </trkpt>
      <trkpt lat="35.640486" lon="128.652002">
        <ele>94.3</ele>
      </trkpt>
      <trkpt lat="35.640497" lon="128.652056">
        <ele>94.2</ele>
      </trkpt>
      <trkpt lat="35.640508" lon="128.652109">
        <ele>94.1</ele>
      </trkpt>
      <trkpt lat="35.640518" lon="128.652163">
        <ele>94.1</ele>
      </trkpt>
      <trkpt lat="35.640529" lon="128.652217">
        <ele>94.0</ele>
      </trkpt>
      <trkpt lat="35.640543" lon="128.652270">
        <ele>93.9</ele>
      </trkpt>
      <trkpt lat="35.640556" lon="128.652322">
        <ele>93.8</ele>
      </trkpt>
      <trkpt lat="35.640569" lon="128.652375">
        <ele>93.6</ele>
      </trkpt>
      <trkpt lat="35.640583" lon="128.652428">
        <ele>93.5</ele>
      </trkpt>
      <trkpt lat="35.640595" lon="128.652481">
        <ele>93.2</ele>
      </trkpt>
      <trkpt lat="35.640608" lon="128.652534">
        <ele>92.8</ele>
      </trkpt>
      <trkpt lat="35.640621" lon="128.652587">
        <ele>92.4</ele>
      </trkpt>
      <trkpt lat="35.640635" lon="128.652640">
        <ele>92.1</ele>
      </trkpt>
      <trkpt lat="35.640649" lon="128.652692">
        <ele>91.7</ele>
      </trkpt>
      <trkpt lat="35.640663" lon="128.652745">
        <ele>91.4</ele>
      </trkpt>
      <trkpt lat="35.640677" lon="128.652798">
        <ele>91.1</ele>
      </trkpt>
      <trkpt lat="35.640691" lon="128.652850">
        <ele>90.7</ele>
      </trkpt>
      <trkpt lat="35.640705" lon="128.652903">
        <ele>90.4</ele>
      </trkpt>
      <trkpt lat="35.640719" lon="128.652955">
        <ele>90.0</ele>
      </trkpt>
      <trkpt lat="35.640733" lon="128.653008">
        <ele>89.7</ele>
      </trkpt>
      <trkpt lat="35.640747" lon="128.653061">
        <ele>89.3</ele>
      </trkpt>
      <trkpt lat="35.640761" lon="128.653113">
        <ele>89.0</ele>
      </trkpt>
      <trkpt lat="35.640775" lon="128.653166">
        <ele>88.7</ele>
      </trkpt>
      <trkpt lat="35.640789" lon="128.653218">
        <ele>88.3</ele>
      </trkpt>
      <trkpt lat="35.640803" lon="128.653271">
        <ele>88.0</ele>
      </trkpt>
      <trkpt lat="35.640816" lon="128.653324">
        <ele>87.6</ele>
      </trkpt>
      <trkpt lat="35.640830" lon="128.653376">
        <ele>87.3</ele>
      </trkpt>
      <trkpt lat="35.640844" lon="128.653429">
        <ele>86.9</ele>
      </trkpt>
      <trkpt lat="35.640858" lon="128.653481">
        <ele>86.6</ele>
      </trkpt>
      <trkpt lat="35.640872" lon="128.653534">
        <ele>86.3</ele>
      </trkpt>
      <trkpt lat="35.640886" lon="128.653586">
        <ele>85.9</ele>
      </trkpt>
      <trkpt lat="35.640900" lon="128.653639">
        <ele>85.6</ele>
      </trkpt>
      <trkpt lat="35.640914" lon="128.653692">
        <ele>85.2</ele>
      </trkpt>
      <trkpt lat="35.640928" lon="128.653744">
        <ele>84.9</ele>
      </trkpt>
      <trkpt lat="35.640943" lon="128.653797">
        <ele>84.8</ele>
      </trkpt>
      <trkpt lat="35.640958" lon="128.653849">
        <ele>84.8</ele>
      </trkpt>
      <trkpt lat="35.640973" lon="128.653901">
        <ele>84.9</ele>
      </trkpt>
      <trkpt lat="35.640988" lon="128.653953">
        <ele>84.9</ele>
      </trkpt>
      <trkpt lat="35.641002" lon="128.654005">
        <ele>84.9</ele>
      </trkpt>
      <trkpt lat="35.641017" lon="128.654058">
        <ele>84.9</ele>
      </trkpt>
      <trkpt lat="35.641032" lon="128.654110">
        <ele>85.0</ele>
      </trkpt>
      <trkpt lat="35.641047" lon="128.654162">
        <ele>85.0</ele>
      </trkpt>
      <trkpt lat="35.641062" lon="128.654214">
        <ele>85.0</ele>
      </trkpt>
      <trkpt lat="35.641077" lon="128.654267">
        <ele>85.0</ele>
      </trkpt>
      <trkpt lat="35.641092" lon="128.654319">
        <ele>85.1</ele>
      </trkpt>
      <trkpt lat="35.641107" lon="128.654371">
        <ele>85.1</ele>
      </trkpt>
      <trkpt lat="35.641121" lon="128.654423">
        <ele>85.1</ele>
      </trkpt>
      <trkpt lat="35.641136" lon="128.654475">
        <ele>85.1</ele>
      </trkpt>
      <trkpt lat="35.641151" lon="128.654528">
        <ele>85.2</ele>
      </trkpt>
      <trkpt lat="35.641166" lon="128.654580">
        <ele>85.2</ele>
      </trkpt>
      <trkpt lat="35.641181" lon="128.654632">
        <ele>85.2</ele>
      </trkpt>
      <trkpt lat="35.641196" lon="128.654684">
        <ele>85.3</ele>
      </trkpt>
      <trkpt lat="35.641211" lon="128.654736">
        <ele>85.3</ele>
      </trkpt>
      <trkpt lat="35.641225" lon="128.654789">
        <ele>85.3</ele>
      </trkpt>
      <trkpt lat="35.641240" lon="128.654841">
        <ele>85.3</ele>
      </trkpt>
      <trkpt lat="35.641255" lon="128.654893">
        <ele>85.4</ele>
      </trkpt>
      <trkpt lat="35.641270" lon="128.654945">
        <ele>85.4</ele>
      </trkpt>
      <trkpt lat="35.641285" lon="128.654998">
        <ele>85.4</ele>
      </trkpt>
      <trkpt lat="35.641300" lon="128.655050">
        <ele>85.4</ele>
      </trkpt>
      <trkpt lat="35.641315" lon="128.655102">
        <ele>85.5</ele>
      </trkpt>
      <trkpt lat="35.641330" lon="128.655154">
        <ele>85.5</ele>
      </trkpt>
      <trkpt lat="35.641344" lon="128.655207">
        <ele>85.5</ele>
      </trkpt>
      <trkpt lat="35.641355" lon="128.655260">
        <ele>85.5</ele>
      </trkpt>
      <trkpt lat="35.641365" lon="128.655314">
        <ele>85.5</ele>
      </trkpt>
      <trkpt lat="35.641376" lon="128.655368">
        <ele>85.5</ele>
      </trkpt>
      <trkpt lat="35.641387" lon="128.655422">
        <ele>85.5</ele>
      </trkpt>
      <trkpt lat="35.641398" lon="128.655475">
        <ele>85.5</ele>
      </trkpt>
      <trkpt lat="35.641409" lon="128.655529">
        <ele>85.5</ele>
      </trkpt>
      <trkpt lat="35.641419" lon="128.655583">
        <ele>85.5</ele>
      </trkpt>
      <trkpt lat="35.641430" lon="128.655636">
        <ele>85.5</ele>
      </trkpt>
      <trkpt lat="35.641441" lon="128.655690">
        <ele>85.5</ele>
      </trkpt>
      <trkpt lat="35.641467" lon="128.655708">
        <ele>85.4</ele>
      </trkpt>
      <trkpt lat="35.641491" lon="128.655736">
        <ele>85.3</ele>
      </trkpt>
      <trkpt lat="35.641505" lon="128.655788">
        <ele>85.3</ele>
      </trkpt>
      <trkpt lat="35.641520" lon="128.655841">
        <ele>85.2</ele>
      </trkpt>
      <trkpt lat="35.641534" lon="128.655893">
        <ele>85.2</ele>
      </trkpt>
      <trkpt lat="35.641549" lon="128.655945">
        <ele>85.2</ele>
      </trkpt>
      <trkpt lat="35.641563" lon="128.655998">
        <ele>85.2</ele>
      </trkpt>
      <trkpt lat="35.641578" lon="128.656050">
        <ele>85.1</ele>
      </trkpt>
      <trkpt lat="35.641592" lon="128.656103">
        <ele>85.1</ele>
      </trkpt>
      <trkpt lat="35.641607" lon="128.656155">
        <ele>85.1</ele>
      </trkpt>
      <trkpt lat="35.641621" lon="128.656207">
        <ele>85.0</ele>
      </trkpt>
      <trkpt lat="35.641636" lon="128.656260">
        <ele>85.0</ele>
      </trkpt>
      <trkpt lat="35.641651" lon="128.656312">
        <ele>85.0</ele>
      </trkpt>
      <trkpt lat="35.641665" lon="128.656364">
        <ele>85.0</ele>
      </trkpt>
      <trkpt lat="35.641680" lon="128.656417">
        <ele>84.9</ele>
      </trkpt>
      <trkpt lat="35.641694" lon="128.656469">
        <ele>84.9</ele>
      </trkpt>
      <trkpt lat="35.641709" lon="128.656521">
        <ele>84.9</ele>
      </trkpt>
      <trkpt lat="35.641723" lon="128.656574">
        <ele>84.9</ele>
      </trkpt>
      <trkpt lat="35.641738" lon="128.656626">
        <ele>84.8</ele>
      </trkpt>
      <trkpt lat="35.641752" lon="128.656679">
        <ele>84.8</ele>
      </trkpt>
      <trkpt lat="35.641767" lon="128.656731">
        <ele>84.8</ele>
      </trkpt>
      <trkpt lat="35.641781" lon="128.656783">
        <ele>84.7</ele>
      </trkpt>
      <trkpt lat="35.641795" lon="128.656836">
        <ele>84.7</ele>
      </trkpt>
      <trkpt lat="35.641810" lon="128.656888">
        <ele>84.7</ele>
      </trkpt>
      <trkpt lat="35.641824" lon="128.656941">
        <ele>84.6</ele>
      </trkpt>
      <trkpt lat="35.641838" lon="128.656993">
        <ele>84.6</ele>
      </trkpt>
      <trkpt lat="35.641852" lon="128.657046">
        <ele>84.5</ele>
      </trkpt>
      <trkpt lat="35.641867" lon="128.657098">
        <ele>84.5</ele>
      </trkpt>
      <trkpt lat="35.641881" lon="128.657151">
        <ele>84.5</ele>
      </trkpt>
      <trkpt lat="35.641895" lon="128.657203">
        <ele>84.4</ele>
      </trkpt>
      <trkpt lat="35.641909" lon="128.657256">
        <ele>84.4</ele>
      </trkpt>
      <trkpt lat="35.641924" lon="128.657308">
        <ele>84.3</ele>
      </trkpt>
      <trkpt lat="35.641938" lon="128.657361">
        <ele>84.3</ele>
      </trkpt>
      <trkpt lat="35.641952" lon="128.657413">
        <ele>84.3</ele>
      </trkpt>
      <trkpt lat="35.641966" lon="128.657466">
        <ele>84.2</ele>
      </trkpt>
      <trkpt lat="35.641981" lon="128.657518">
        <ele>84.2</ele>
      </trkpt>
      <trkpt lat="35.641995" lon="128.657570">
        <ele>84.1</ele>
      </trkpt>
      <trkpt lat="35.642009" lon="128.657623">
        <ele>84.1</ele>
      </trkpt>
      <trkpt lat="35.642024" lon="128.657675">
        <ele>84.1</ele>
      </trkpt>
      <trkpt lat="35.642038" lon="128.657728">
        <ele>84.0</ele>
      </trkpt>
      <trkpt lat="35.642052" lon="128.657780">
        <ele>84.0</ele>
      </trkpt>
      <trkpt lat="35.642066" lon="128.657833">
        <ele>83.9</ele>
      </trkpt>
      <trkpt lat="35.642081" lon="128.657885">
        <ele>83.9</ele>
      </trkpt>
      <trkpt lat="35.642095" lon="128.657938">
        <ele>83.8</ele>
      </trkpt>
      <trkpt lat="35.642109" lon="128.657990">
        <ele>83.8</ele>
      </trkpt>
      <trkpt lat="35.642123" lon="128.658043">
        <ele>83.8</ele>
      </trkpt>
      <trkpt lat="35.642138" lon="128.658095">
        <ele>83.7</ele>
      </trkpt>
      <trkpt lat="35.642152" lon="128.658148">
        <ele>83.7</ele>
      </trkpt>
      <trkpt lat="35.642166" lon="128.658200">
        <ele>83.6</ele>
      </trkpt>
      <trkpt lat="35.642181" lon="128.658253">
        <ele>83.6</ele>
      </trkpt>
      <trkpt lat="35.642195" lon="128.658305">
        <ele>83.6</ele>
      </trkpt>
      <trkpt lat="35.642209" lon="128.658358">
        <ele>83.5</ele>
      </trkpt>
      <trkpt lat="35.642223" lon="128.658410">
        <ele>83.5</ele>
      </trkpt>
      <trkpt lat="35.642238" lon="128.658462">
        <ele>83.4</ele>
      </trkpt>
      <trkpt lat="35.642252" lon="128.658515">
        <ele>83.4</ele>
      </trkpt>
      <trkpt lat="35.642266" lon="128.658567">
        <ele>83.4</ele>
      </trkpt>
      <trkpt lat="35.642280" lon="128.658620">
        <ele>83.3</ele>
      </trkpt>
      <trkpt lat="35.642295" lon="128.658672">
        <ele>83.3</ele>
      </trkpt>
      <trkpt lat="35.642309" lon="128.658725">
        <ele>83.2</ele>
      </trkpt>
      <trkpt lat="35.642323" lon="128.658777">
        <ele>83.2</ele>
      </trkpt>
      <trkpt lat="35.642338" lon="128.658830">
        <ele>83.2</ele>
      </trkpt>
      <trkpt lat="35.642352" lon="128.658882">
        <ele>83.1</ele>
      </trkpt>
      <trkpt lat="35.642366" lon="128.658935">
        <ele>83.1</ele>
      </trkpt>
      <trkpt lat="35.642380" lon="128.658987">
        <ele>83.0</ele>
      </trkpt>
      <trkpt lat="35.642395" lon="128.659040">
        <ele>83.0</ele>
      </trkpt>
      <trkpt lat="35.642409" lon="128.659092">
        <ele>83.0</ele>
      </trkpt>
      <trkpt lat="35.642423" lon="128.659145">
        <ele>82.9</ele>
      </trkpt>
      <trkpt lat="35.642437" lon="128.659197">
        <ele>82.9</ele>
      </trkpt>
      <trkpt lat="35.642452" lon="128.659250">
        <ele>82.8</ele>
      </trkpt>
      <trkpt lat="35.642466" lon="128.659302">
        <ele>82.8</ele>
      </trkpt>
      <trkpt lat="35.642480" lon="128.659355">
        <ele>82.7</ele>
      </trkpt>
      <trkpt lat="35.642494" lon="128.659407">
        <ele>82.6</ele>
      </trkpt>
      <trkpt lat="35.642508" lon="128.659460">
        <ele>82.6</ele>
      </trkpt>
      <trkpt lat="35.642522" lon="128.659512">
        <ele>82.5</ele>
      </trkpt>
      <trkpt lat="35.642536" lon="128.659565">
        <ele>82.4</ele>
      </trkpt>
      <trkpt lat="35.642550" lon="128.659617">
        <ele>82.4</ele>
      </trkpt>
      <trkpt lat="35.642564" lon="128.659670">
        <ele>82.3</ele>
      </trkpt>
      <trkpt lat="35.642579" lon="128.659722">
        <ele>82.3</ele>
      </trkpt>
      <trkpt lat="35.642593" lon="128.659775">
        <ele>82.4</ele>
      </trkpt>
      <trkpt lat="35.642607" lon="128.659828">
        <ele>82.4</ele>
      </trkpt>
      <trkpt lat="35.642621" lon="128.659880">
        <ele>82.4</ele>
      </trkpt>
      <trkpt lat="35.642635" lon="128.659933">
        <ele>82.4</ele>
      </trkpt>
      <trkpt lat="35.642649" lon="128.659985">
        <ele>82.5</ele>
      </trkpt>
      <trkpt lat="35.642663" lon="128.660038">
        <ele>82.5</ele>
      </trkpt>
      <trkpt lat="35.642677" lon="128.660090">
        <ele>82.5</ele>
      </trkpt>
      <trkpt lat="35.642691" lon="128.660143">
        <ele>82.5</ele>
      </trkpt>
      <trkpt lat="35.642705" lon="128.660195">
        <ele>82.6</ele>
      </trkpt>
      <trkpt lat="35.642719" lon="128.660248">
        <ele>82.6</ele>
      </trkpt>
      <trkpt lat="35.642734" lon="128.660300">
        <ele>82.6</ele>
      </trkpt>
      <trkpt lat="35.642748" lon="128.660353">
        <ele>82.6</ele>
      </trkpt>
      <trkpt lat="35.642762" lon="128.660405">
        <ele>82.7</ele>
      </trkpt>
      <trkpt lat="35.642776" lon="128.660458">
        <ele>82.7</ele>
      </trkpt>
      <trkpt lat="35.642790" lon="128.660511">
        <ele>82.7</ele>
      </trkpt>
      <trkpt lat="35.642804" lon="128.660563">
        <ele>82.7</ele>
      </trkpt>
      <trkpt lat="35.642818" lon="128.660616">
        <ele>82.8</ele>
      </trkpt>
      <trkpt lat="35.642832" lon="128.660668">
        <ele>82.8</ele>
      </trkpt>
      <trkpt lat="35.642846" lon="128.660721">
        <ele>82.8</ele>
      </trkpt>
      <trkpt lat="35.642860" lon="128.660773">
        <ele>82.9</ele>
      </trkpt>
      <trkpt lat="35.642875" lon="128.660826">
        <ele>82.9</ele>
      </trkpt>
      <trkpt lat="35.642889" lon="128.660878">
        <ele>82.9</ele>
      </trkpt>
      <trkpt lat="35.642903" lon="128.660931">
        <ele>82.9</ele>
      </trkpt>
      <trkpt lat="35.642917" lon="128.660983">
        <ele>83.0</ele>
      </trkpt>
      <trkpt lat="35.642931" lon="128.661036">
        <ele>83.0</ele>
      </trkpt>
      <trkpt lat="35.642945" lon="128.661088">
        <ele>83.0</ele>
      </trkpt>
      <trkpt lat="35.642960" lon="128.661141">
        <ele>83.0</ele>
      </trkpt>
      <trkpt lat="35.642975" lon="128.661193">
        <ele>83.0</ele>
      </trkpt>
      <trkpt lat="35.642991" lon="128.661245">
        <ele>83.0</ele>
      </trkpt>
      <trkpt lat="35.643006" lon="128.661297">
        <ele>83.0</ele>
      </trkpt>
      <trkpt lat="35.643021" lon="128.661349">
        <ele>83.0</ele>
      </trkpt>
      <trkpt lat="35.643036" lon="128.661401">
        <ele>83.0</ele>
      </trkpt>
      <trkpt lat="35.643051" lon="128.661453">
        <ele>83.0</ele>
      </trkpt>
      <trkpt lat="35.643066" lon="128.661505">
        <ele>83.0</ele>
      </trkpt>
      <trkpt lat="35.643081" lon="128.661558">
        <ele>83.0</ele>
      </trkpt>
      <trkpt lat="35.643096" lon="128.661610">
        <ele>83.0</ele>
      </trkpt>
      <trkpt lat="35.643111" lon="128.661662">
        <ele>83.0</ele>
      </trkpt>
      <trkpt lat="35.643126" lon="128.661714">
        <ele>83.0</ele>
      </trkpt>
      <trkpt lat="35.643141" lon="128.661766">
        <ele>83.0</ele>
      </trkpt>
      <trkpt lat="35.643156" lon="128.661818">
        <ele>83.0</ele>
      </trkpt>
      <trkpt lat="35.643171" lon="128.661870">
        <ele>83.0</ele>
      </trkpt>
      <trkpt lat="35.643187" lon="128.661922">
        <ele>83.0</ele>
      </trkpt>
      <trkpt lat="35.643201" lon="128.661975">
        <ele>83.0</ele>
      </trkpt>
      <trkpt lat="35.643215" lon="128.662027">
        <ele>82.9</ele>
      </trkpt>
      <trkpt lat="35.643229" lon="128.662080">
        <ele>82.8</ele>
      </trkpt>
      <trkpt lat="35.643244" lon="128.662132">
        <ele>82.7</ele>
      </trkpt>
      <trkpt lat="35.643258" lon="128.662185">
        <ele>82.7</ele>
      </trkpt>
      <trkpt lat="35.643272" lon="128.662237">
        <ele>82.6</ele>
      </trkpt>
      <trkpt lat="35.643286" lon="128.662290">
        <ele>82.5</ele>
      </trkpt>
      <trkpt lat="35.643300" lon="128.662342">
        <ele>82.5</ele>
      </trkpt>
      <trkpt lat="35.643315" lon="128.662395">
        <ele>82.4</ele>
      </trkpt>
      <trkpt lat="35.643329" lon="128.662447">
        <ele>82.3</ele>
      </trkpt>
      <trkpt lat="35.643343" lon="128.662500">
        <ele>82.3</ele>
      </trkpt>
      <trkpt lat="35.643357" lon="128.662552">
        <ele>82.2</ele>
      </trkpt>
      <trkpt lat="35.643371" lon="128.662605">
        <ele>82.1</ele>
      </trkpt>
      <trkpt lat="35.643386" lon="128.662657">
        <ele>82.1</ele>
      </trkpt>
      <trkpt lat="35.643400" lon="128.662710">
        <ele>82.0</ele>
      </trkpt>
      <trkpt lat="35.643414" lon="128.662762">
        <ele>81.9</ele>
      </trkpt>
      <trkpt lat="35.643428" lon="128.662815">
        <ele>81.9</ele>
      </trkpt>
      <trkpt lat="35.643442" lon="128.662867">
        <ele>81.8</ele>
      </trkpt>
      <trkpt lat="35.643457" lon="128.662920">
        <ele>81.7</ele>
      </trkpt>
      <trkpt lat="35.643471" lon="128.662972">
        <ele>81.6</ele>
      </trkpt>
      <trkpt lat="35.643485" lon="128.663025">
        <ele>81.6</ele>
      </trkpt>
      <trkpt lat="35.643499" lon="128.663077">
        <ele>81.5</ele>
      </trkpt>
      <trkpt lat="35.643509" lon="128.663115">
        <ele>82.3</ele>
      </trkpt>
      <trkpt lat="35.643524" lon="128.663167">
        <ele>82.3</ele>
      </trkpt>
      <trkpt lat="35.643538" lon="128.663220">
        <ele>82.2</ele>
      </trkpt>
      <trkpt lat="35.643552" lon="128.663272">
        <ele>82.2</ele>
      </trkpt>
      <trkpt lat="35.643566" lon="128.663325">
        <ele>82.2</ele>
      </trkpt>
      <trkpt lat="35.643581" lon="128.663377">
        <ele>82.2</ele>
      </trkpt>
      <trkpt lat="35.643595" lon="128.663430">
        <ele>82.2</ele>
      </trkpt>
      <trkpt lat="35.643609" lon="128.663482">
        <ele>82.1</ele>
      </trkpt>
      <trkpt lat="35.643623" lon="128.663535">
        <ele>82.1</ele>
      </trkpt>
      <trkpt lat="35.643638" lon="128.663587">
        <ele>82.1</ele>
      </trkpt>
      <trkpt lat="35.643652" lon="128.663640">
        <ele>82.1</ele>
      </trkpt>
      <trkpt lat="35.643666" lon="128.663692">
        <ele>82.1</ele>
      </trkpt>
      <trkpt lat="35.643680" lon="128.663745">
        <ele>82.0</ele>
      </trkpt>
      <trkpt lat="35.643695" lon="128.663797">
        <ele>82.0</ele>
      </trkpt>
      <trkpt lat="35.643709" lon="128.663850">
        <ele>82.0</ele>
      </trkpt>
      <trkpt lat="35.643723" lon="128.663902">
        <ele>82.0</ele>
      </trkpt>
      <trkpt lat="35.643737" lon="128.663954">
        <ele>82.0</ele>
      </trkpt>
      <trkpt lat="35.643752" lon="128.664007">
        <ele>81.9</ele>
      </trkpt>
      <trkpt lat="35.643766" lon="128.664059">
        <ele>81.9</ele>
      </trkpt>
      <trkpt lat="35.643780" lon="128.664112">
        <ele>81.9</ele>
      </trkpt>
      <trkpt lat="35.643794" lon="128.664164">
        <ele>81.9</ele>
      </trkpt>
      <trkpt lat="35.643808" lon="128.664217">
        <ele>81.9</ele>
      </trkpt>
      <trkpt lat="35.643823" lon="128.664269">
        <ele>81.8</ele>
      </trkpt>
      <trkpt lat="35.643837" lon="128.664322">
        <ele>81.8</ele>
      </trkpt>
      <trkpt lat="35.643851" lon="128.664374">
        <ele>81.8</ele>
      </trkpt>
      <trkpt lat="35.643865" lon="128.664427">
        <ele>81.8</ele>
      </trkpt>
      <trkpt lat="35.643880" lon="128.664479">
        <ele>81.8</ele>
      </trkpt>
      <trkpt lat="35.643894" lon="128.664532">
        <ele>81.7</ele>
      </trkpt>
      <trkpt lat="35.643908" lon="128.664584">
        <ele>81.7</ele>
      </trkpt>
      <trkpt lat="35.643922" lon="128.664637">
        <ele>81.7</ele>
      </trkpt>
      <trkpt lat="35.643937" lon="128.664689">
        <ele>81.7</ele>
      </trkpt>
      <trkpt lat="35.643951" lon="128.664742">
        <ele>81.7</ele>
      </trkpt>
      <trkpt lat="35.643965" lon="128.664794">
        <ele>81.6</ele>
      </trkpt>
      <trkpt lat="35.643979" lon="128.664847">
        <ele>81.6</ele>
      </trkpt>
      <trkpt lat="35.643994" lon="128.664899">
        <ele>81.6</ele>
      </trkpt>
      <trkpt lat="35.644008" lon="128.664952">
        <ele>81.6</ele>
      </trkpt>
      <trkpt lat="35.644022" lon="128.665004">
        <ele>81.6</ele>
      </trkpt>
      <trkpt lat="35.644036" lon="128.665057">
        <ele>81.5</ele>
      </trkpt>
      <trkpt lat="35.644051" lon="128.665109">
        <ele>81.5</ele>
      </trkpt>
      <trkpt lat="35.644065" lon="128.665162">
        <ele>81.5</ele>
      </trkpt>
      <trkpt lat="35.644079" lon="128.665214">
        <ele>81.5</ele>
      </trkpt>
      <trkpt lat="35.644093" lon="128.665267">
        <ele>81.6</ele>
      </trkpt>
      <trkpt lat="35.644107" lon="128.665319">
        <ele>81.6</ele>
      </trkpt>
      <trkpt lat="35.644121" lon="128.665372">
        <ele>81.7</ele>
      </trkpt>
      <trkpt lat="35.644135" lon="128.665425">
        <ele>81.8</ele>
      </trkpt>
      <trkpt lat="35.644149" lon="128.665477">
        <ele>81.8</ele>
      </trkpt>
      <trkpt lat="35.644162" lon="128.665530">
        <ele>81.9</ele>
      </trkpt>
      <trkpt lat="35.644176" lon="128.665582">
        <ele>81.9</ele>
      </trkpt>
      <trkpt lat="35.644190" lon="128.665635">
        <ele>82.0</ele>
      </trkpt>
      <trkpt lat="35.644204" lon="128.665688">
        <ele>82.0</ele>
      </trkpt>
      <trkpt lat="35.644218" lon="128.665740">
        <ele>82.1</ele>
      </trkpt>
      <trkpt lat="35.644232" lon="128.665793">
        <ele>82.1</ele>
      </trkpt>
      <trkpt lat="35.644246" lon="128.665846">
        <ele>82.2</ele>
      </trkpt>
      <trkpt lat="35.644260" lon="128.665898">
        <ele>82.2</ele>
      </trkpt>
      <trkpt lat="35.644274" lon="128.665951">
        <ele>82.3</ele>
      </trkpt>
      <trkpt lat="35.644288" lon="128.666003">
        <ele>82.3</ele>
      </trkpt>
      <trkpt lat="35.644302" lon="128.666056">
        <ele>82.4</ele>
      </trkpt>
      <trkpt lat="35.644316" lon="128.666109">
        <ele>82.4</ele>
      </trkpt>
      <trkpt lat="35.644330" lon="128.666161">
        <ele>82.5</ele>
      </trkpt>
      <trkpt lat="35.644343" lon="128.666214">
        <ele>82.5</ele>
      </trkpt>
      <trkpt lat="35.644357" lon="128.666266">
        <ele>82.4</ele>
      </trkpt>
      <trkpt lat="35.644371" lon="128.666319">
        <ele>82.4</ele>
      </trkpt>
      <trkpt lat="35.644385" lon="128.666372">
        <ele>82.4</ele>
      </trkpt>
      <trkpt lat="35.644399" lon="128.666424">
        <ele>82.3</ele>
      </trkpt>
      <trkpt lat="35.644413" lon="128.666477">
        <ele>82.3</ele>
      </trkpt>
      <trkpt lat="35.644427" lon="128.666530">
        <ele>82.2</ele>
      </trkpt>
      <trkpt lat="35.644441" lon="128.666582">
        <ele>82.2</ele>
      </trkpt>
      <trkpt lat="35.644455" lon="128.666635">
        <ele>82.1</ele>
      </trkpt>
      <trkpt lat="35.644469" lon="128.666687">
        <ele>82.0</ele>
      </trkpt>
      <trkpt lat="35.644483" lon="128.666740">
        <ele>82.0</ele>
      </trkpt>
      <trkpt lat="35.644496" lon="128.666793">
        <ele>81.9</ele>
      </trkpt>
      <trkpt lat="35.644510" lon="128.666845">
        <ele>81.9</ele>
      </trkpt>
      <trkpt lat="35.644524" lon="128.666898">
        <ele>81.8</ele>
      </trkpt>
      <trkpt lat="35.644538" lon="128.666950">
        <ele>81.8</ele>
      </trkpt>
      <trkpt lat="35.644552" lon="128.667003">
        <ele>81.7</ele>
      </trkpt>
      <trkpt lat="35.644566" lon="128.667056">
        <ele>81.6</ele>
      </trkpt>
      <trkpt lat="35.644580" lon="128.667108">
        <ele>81.6</ele>
      </trkpt>
      <trkpt lat="35.644594" lon="128.667161">
        <ele>81.5</ele>
      </trkpt>
      <trkpt lat="35.644608" lon="128.667214">
        <ele>81.5</ele>
      </trkpt>
      <trkpt lat="35.644622" lon="128.667266">
        <ele>81.4</ele>
      </trkpt>
      <trkpt lat="35.644636" lon="128.667319">
        <ele>81.4</ele>
      </trkpt>
      <trkpt lat="35.644650" lon="128.667371">
        <ele>81.3</ele>
      </trkpt>
      <trkpt lat="35.644664" lon="128.667424">
        <ele>81.3</ele>
      </trkpt>
      <trkpt lat="35.644679" lon="128.667476">
        <ele>81.2</ele>
      </trkpt>
      <trkpt lat="35.644693" lon="128.667528">
        <ele>81.2</ele>
      </trkpt>
      <trkpt lat="35.644708" lon="128.667581">
        <ele>81.2</ele>
      </trkpt>
      <trkpt lat="35.644722" lon="128.667633">
        <ele>81.1</ele>
      </trkpt>
      <trkpt lat="35.644737" lon="128.667686">
        <ele>81.1</ele>
      </trkpt>
      <trkpt lat="35.644751" lon="128.667738">
        <ele>81.0</ele>
      </trkpt>
      <trkpt lat="35.644766" lon="128.667790">
        <ele>81.0</ele>
      </trkpt>
      <trkpt lat="35.644781" lon="128.667843">
        <ele>81.0</ele>
      </trkpt>
      <trkpt lat="35.644795" lon="128.667895">
        <ele>80.9</ele>
      </trkpt>
      <trkpt lat="35.644810" lon="128.667947">
        <ele>80.9</ele>
      </trkpt>
      <trkpt lat="35.644824" lon="128.668000">
        <ele>80.9</ele>
      </trkpt>
      <trkpt lat="35.644839" lon="128.668052">
        <ele>80.8</ele>
      </trkpt>
      <trkpt lat="35.644853" lon="128.668104">
        <ele>80.8</ele>
      </trkpt>
      <trkpt lat="35.644868" lon="128.668157">
        <ele>80.8</ele>
      </trkpt>
      <trkpt lat="35.644882" lon="128.668209">
        <ele>80.7</ele>
      </trkpt>
      <trkpt lat="35.644897" lon="128.668261">
        <ele>80.7</ele>
      </trkpt>
      <trkpt lat="35.644912" lon="128.668314">
        <ele>80.7</ele>
      </trkpt>
      <trkpt lat="35.644926" lon="128.668366">
        <ele>80.6</ele>
      </trkpt>
      <trkpt lat="35.644941" lon="128.668418">
        <ele>80.6</ele>
      </trkpt>
      <trkpt lat="35.644955" lon="128.668471">
        <ele>80.5</ele>
      </trkpt>
      <trkpt lat="35.644970" lon="128.668523">
        <ele>80.5</ele>
      </trkpt>
      <trkpt lat="35.644985" lon="128.668575">
        <ele>80.5</ele>
      </trkpt>
      <trkpt lat="35.645002" lon="128.668627">
        <ele>80.6</ele>
      </trkpt>
      <trkpt lat="35.645018" lon="128.668678">
        <ele>80.7</ele>
      </trkpt>
      <trkpt lat="35.645034" lon="128.668730">
        <ele>80.8</ele>
      </trkpt>
      <trkpt lat="35.645050" lon="128.668781">
        <ele>80.8</ele>
      </trkpt>
      <trkpt lat="35.645067" lon="128.668833">
        <ele>80.9</ele>
      </trkpt>
      <trkpt lat="35.645083" lon="128.668885">
        <ele>81.0</ele>
      </trkpt>
      <trkpt lat="35.645101" lon="128.668935">
        <ele>81.0</ele>
      </trkpt>
      <trkpt lat="35.645121" lon="128.668985">
        <ele>81.1</ele>
      </trkpt>
      <trkpt lat="35.645140" lon="128.669035">
        <ele>81.1</ele>
      </trkpt>
      <trkpt lat="35.645159" lon="128.669085">
        <ele>81.1</ele>
      </trkpt>
      <trkpt lat="35.645179" lon="128.669135">
        <ele>81.1</ele>
      </trkpt>
      <trkpt lat="35.645198" lon="128.669185">
        <ele>81.2</ele>
      </trkpt>
      <trkpt lat="35.645218" lon="128.669235">
        <ele>81.2</ele>
      </trkpt>
      <trkpt lat="35.645237" lon="128.669285">
        <ele>81.2</ele>
      </trkpt>
      <trkpt lat="35.645256" lon="128.669334">
        <ele>81.3</ele>
      </trkpt>
      <trkpt lat="35.645276" lon="128.669384">
        <ele>81.3</ele>
      </trkpt>
      <trkpt lat="35.645293" lon="128.669435">
        <ele>81.3</ele>
      </trkpt>
      <trkpt lat="35.645311" lon="128.669486">
        <ele>81.3</ele>
      </trkpt>
      <trkpt lat="35.645328" lon="128.669538">
        <ele>81.3</ele>
      </trkpt>
      <trkpt lat="35.645345" lon="128.669589">
        <ele>81.3</ele>
      </trkpt>
      <trkpt lat="35.645362" lon="128.669640">
        <ele>81.3</ele>
      </trkpt>
      <trkpt lat="35.645379" lon="128.669691">
        <ele>81.3</ele>
      </trkpt>
      <trkpt lat="35.645398" lon="128.669741">
        <ele>81.3</ele>
      </trkpt>
      <trkpt lat="35.645421" lon="128.669789">
        <ele>81.3</ele>
      </trkpt>
      <trkpt lat="35.645443" lon="128.669837">
        <ele>81.3</ele>
      </trkpt>
      <trkpt lat="35.645466" lon="128.669884">
        <ele>81.2</ele>
      </trkpt>
      <trkpt lat="35.645489" lon="128.669932">
        <ele>81.2</ele>
      </trkpt>
      <trkpt lat="35.645512" lon="128.669979">
        <ele>81.2</ele>
      </trkpt>
      <trkpt lat="35.645535" lon="128.670027">
        <ele>81.2</ele>
      </trkpt>
      <trkpt lat="35.645558" lon="128.670074">
        <ele>81.2</ele>
      </trkpt>
      <trkpt lat="35.645581" lon="128.670122">
        <ele>81.2</ele>
      </trkpt>
      <trkpt lat="35.645604" lon="128.670170">
        <ele>81.2</ele>
      </trkpt>
      <trkpt lat="35.645627" lon="128.670217">
        <ele>81.1</ele>
      </trkpt>
      <trkpt lat="35.645650" lon="128.670265">
        <ele>81.1</ele>
      </trkpt>
      <trkpt lat="35.645673" lon="128.670312">
        <ele>81.1</ele>
      </trkpt>
      <trkpt lat="35.645696" lon="128.670360">
        <ele>81.1</ele>
      </trkpt>
      <trkpt lat="35.645719" lon="128.670407">
        <ele>81.1</ele>
      </trkpt>
      <trkpt lat="35.645742" lon="128.670455">
        <ele>81.1</ele>
      </trkpt>
      <trkpt lat="35.645765" lon="128.670503">
        <ele>81.0</ele>
      </trkpt>
      <trkpt lat="35.645788" lon="128.670550">
        <ele>81.0</ele>
      </trkpt>
      <trkpt lat="35.645811" lon="128.670598">
        <ele>81.0</ele>
      </trkpt>
      <trkpt lat="35.645835" lon="128.670644">
        <ele>81.0</ele>
      </trkpt>
      <trkpt lat="35.645860" lon="128.670691">
        <ele>80.9</ele>
      </trkpt>
      <trkpt lat="35.645884" lon="128.670737">
        <ele>80.8</ele>
      </trkpt>
      <trkpt lat="35.645909" lon="128.670784">
        <ele>80.8</ele>
      </trkpt>
      <trkpt lat="35.645933" lon="128.670830">
        <ele>80.7</ele>
      </trkpt>
      <trkpt lat="35.645958" lon="128.670876">
        <ele>80.6</ele>
      </trkpt>
      <trkpt lat="35.645982" lon="128.670923">
        <ele>80.5</ele>
      </trkpt>
      <trkpt lat="35.646006" lon="128.670969">
        <ele>80.4</ele>
      </trkpt>
      <trkpt lat="35.646031" lon="128.671016">
        <ele>80.3</ele>
      </trkpt>
      <trkpt lat="35.646055" lon="128.671062">
        <ele>80.2</ele>
      </trkpt>
      <trkpt lat="35.646080" lon="128.671109">
        <ele>80.2</ele>
      </trkpt>
      <trkpt lat="35.646104" lon="128.671155">
        <ele>80.1</ele>
      </trkpt>
      <trkpt lat="35.646129" lon="128.671201">
        <ele>80.0</ele>
      </trkpt>
      <trkpt lat="35.646153" lon="128.671248">
        <ele>79.9</ele>
      </trkpt>
      <trkpt lat="35.646178" lon="128.671292">
        <ele>79.8</ele>
      </trkpt>
      <trkpt lat="35.646187" lon="128.671312">
        <ele>80.3</ele>
      </trkpt>
      <trkpt lat="35.646211" lon="128.671358">
        <ele>80.3</ele>
      </trkpt>
      <trkpt lat="35.646236" lon="128.671404">
        <ele>80.3</ele>
      </trkpt>
      <trkpt lat="35.646260" lon="128.671451">
        <ele>80.2</ele>
      </trkpt>
      <trkpt lat="35.646285" lon="128.671497">
        <ele>80.2</ele>
      </trkpt>
      <trkpt lat="35.646309" lon="128.671544">
        <ele>80.2</ele>
      </trkpt>
      <trkpt lat="35.646334" lon="128.671590">
        <ele>80.2</ele>
      </trkpt>
      <trkpt lat="35.646358" lon="128.671636">
        <ele>80.2</ele>
      </trkpt>
      <trkpt lat="35.646382" lon="128.671683">
        <ele>80.1</ele>
      </trkpt>
      <trkpt lat="35.646407" lon="128.671729">
        <ele>80.1</ele>
      </trkpt>
      <trkpt lat="35.646431" lon="128.671776">
        <ele>80.1</ele>
      </trkpt>
      <trkpt lat="35.646456" lon="128.671822">
        <ele>80.1</ele>
      </trkpt>
      <trkpt lat="35.646480" lon="128.671869">
        <ele>80.1</ele>
      </trkpt>
      <trkpt lat="35.646505" lon="128.671915">
        <ele>80.0</ele>
      </trkpt>
      <trkpt lat="35.646529" lon="128.671961">
        <ele>80.0</ele>
      </trkpt>
      <trkpt lat="35.646554" lon="128.672008">
        <ele>80.0</ele>
      </trkpt>
      <trkpt lat="35.646578" lon="128.672054">
        <ele>80.0</ele>
      </trkpt>
      <trkpt lat="35.646603" lon="128.672101">
        <ele>80.0</ele>
      </trkpt>
      <trkpt lat="35.646627" lon="128.672147">
        <ele>80.0</ele>
      </trkpt>
      <trkpt lat="35.646652" lon="128.672194">
        <ele>79.9</ele>
      </trkpt>
      <trkpt lat="35.646676" lon="128.672240">
        <ele>79.9</ele>
      </trkpt>
      <trkpt lat="35.646701" lon="128.672286">
        <ele>79.9</ele>
      </trkpt>
      <trkpt lat="35.646725" lon="128.672333">
        <ele>79.9</ele>
      </trkpt>
      <trkpt lat="35.646749" lon="128.672379">
        <ele>79.9</ele>
      </trkpt>
      <trkpt lat="35.646774" lon="128.672426">
        <ele>79.8</ele>
      </trkpt>
      <trkpt lat="35.646798" lon="128.672472">
        <ele>79.8</ele>
      </trkpt>
      <trkpt lat="35.646823" lon="128.672519">
        <ele>79.8</ele>
      </trkpt>
      <trkpt lat="35.646848" lon="128.672565">
        <ele>79.8</ele>
      </trkpt>
      <trkpt lat="35.646872" lon="128.672611">
        <ele>79.8</ele>
      </trkpt>
      <trkpt lat="35.646897" lon="128.672657">
        <ele>79.8</ele>
      </trkpt>
      <trkpt lat="35.646921" lon="128.672704">
        <ele>79.9</ele>
      </trkpt>
      <trkpt lat="35.646946" lon="128.672750">
        <ele>79.9</ele>
      </trkpt>
      <trkpt lat="35.646971" lon="128.672796">
        <ele>79.9</ele>
      </trkpt>
      <trkpt lat="35.646995" lon="128.672843">
        <ele>79.9</ele>
      </trkpt>
      <trkpt lat="35.647020" lon="128.672889">
        <ele>79.9</ele>
      </trkpt>
      <trkpt lat="35.647045" lon="128.672935">
        <ele>79.9</ele>
      </trkpt>
      <trkpt lat="35.647069" lon="128.672982">
        <ele>79.9</ele>
      </trkpt>
      <trkpt lat="35.647094" lon="128.673028">
        <ele>80.0</ele>
      </trkpt>
      <trkpt lat="35.647118" lon="128.673074">
        <ele>80.0</ele>
      </trkpt>
      <trkpt lat="35.647143" lon="128.673120">
        <ele>80.0</ele>
      </trkpt>
      <trkpt lat="35.647168" lon="128.673167">
        <ele>80.0</ele>
      </trkpt>
      <trkpt lat="35.647192" lon="128.673213">
        <ele>80.0</ele>
      </trkpt>
      <trkpt lat="35.647216" lon="128.673260">
        <ele>79.9</ele>
      </trkpt>
      <trkpt lat="35.647241" lon="128.673306">
        <ele>79.9</ele>
      </trkpt>
      <trkpt lat="35.647265" lon="128.673353">
        <ele>79.9</ele>
      </trkpt>
      <trkpt lat="35.647289" lon="128.673399">
        <ele>79.8</ele>
      </trkpt>
      <trkpt lat="35.647314" lon="128.673446">
        <ele>79.8</ele>
      </trkpt>
      <trkpt lat="35.647338" lon="128.673493">
        <ele>79.8</ele>
      </trkpt>
      <trkpt lat="35.647362" lon="128.673539">
        <ele>79.7</ele>
      </trkpt>
      <trkpt lat="35.647386" lon="128.673586">
        <ele>79.7</ele>
      </trkpt>
      <trkpt lat="35.647411" lon="128.673632">
        <ele>79.7</ele>
      </trkpt>
      <trkpt lat="35.647435" lon="128.673679">
        <ele>79.6</ele>
      </trkpt>
      <trkpt lat="35.647459" lon="128.673725">
        <ele>79.6</ele>
      </trkpt>
      <trkpt lat="35.647484" lon="128.673772">
        <ele>79.6</ele>
      </trkpt>
      <trkpt lat="35.647508" lon="128.673819">
        <ele>79.5</ele>
      </trkpt>
      <trkpt lat="35.647532" lon="128.673865">
        <ele>79.5</ele>
      </trkpt>
      <trkpt lat="35.647557" lon="128.673912">
        <ele>79.5</ele>
      </trkpt>
      <trkpt lat="35.647581" lon="128.673958">
        <ele>79.4</ele>
      </trkpt>
      <trkpt lat="35.647605" lon="128.674005">
        <ele>79.4</ele>
      </trkpt>
      <trkpt lat="35.647629" lon="128.674051">
        <ele>79.4</ele>
      </trkpt>
      <trkpt lat="35.647654" lon="128.674098">
        <ele>79.3</ele>
      </trkpt>
      <trkpt lat="35.647678" lon="128.674144">
        <ele>79.3</ele>
      </trkpt>
      <trkpt lat="35.647702" lon="128.674191">
        <ele>79.3</ele>
      </trkpt>
      <trkpt lat="35.647727" lon="128.674238">
        <ele>79.2</ele>
      </trkpt>
      <trkpt lat="35.647751" lon="128.674284">
        <ele>79.2</ele>
      </trkpt>
      <trkpt lat="35.647775" lon="128.674331">
        <ele>79.2</ele>
      </trkpt>
      <trkpt lat="35.647799" lon="128.674377">
        <ele>79.1</ele>
      </trkpt>
      <trkpt lat="35.647824" lon="128.674424">
        <ele>79.1</ele>
      </trkpt>
      <trkpt lat="35.647848" lon="128.674470">
        <ele>79.1</ele>
      </trkpt>
      <trkpt lat="35.647872" lon="128.674517">
        <ele>79.0</ele>
      </trkpt>
      <trkpt lat="35.647897" lon="128.674564">
        <ele>79.0</ele>
      </trkpt>
      <trkpt lat="35.647922" lon="128.674609">
        <ele>79.0</ele>
      </trkpt>
      <trkpt lat="35.647948" lon="128.674655">
        <ele>78.9</ele>
      </trkpt>
      <trkpt lat="35.647973" lon="128.674700">
        <ele>78.9</ele>
      </trkpt>
      <trkpt lat="35.647999" lon="128.674746">
        <ele>78.9</ele>
      </trkpt>
      <trkpt lat="35.648024" lon="128.674791">
        <ele>78.9</ele>
      </trkpt>
      <trkpt lat="35.648050" lon="128.674837">
        <ele>78.8</ele>
      </trkpt>
      <trkpt lat="35.648075" lon="128.674882">
        <ele>78.8</ele>
      </trkpt>
      <trkpt lat="35.648101" lon="128.674928">
        <ele>78.8</ele>
      </trkpt>
      <trkpt lat="35.648127" lon="128.674973">
        <ele>78.7</ele>
      </trkpt>
      <trkpt lat="35.648152" lon="128.675019">
        <ele>78.7</ele>
      </trkpt>
      <trkpt lat="35.648178" lon="128.675064">
        <ele>78.7</ele>
      </trkpt>
      <trkpt lat="35.648203" lon="128.675110">
        <ele>78.6</ele>
      </trkpt>
      <trkpt lat="35.648229" lon="128.675155">
        <ele>78.6</ele>
      </trkpt>
      <trkpt lat="35.648254" lon="128.675201">
        <ele>78.6</ele>
      </trkpt>
      <trkpt lat="35.648280" lon="128.675246">
        <ele>78.6</ele>
      </trkpt>
      <trkpt lat="35.648306" lon="128.675292">
        <ele>78.5</ele>
      </trkpt>
      <trkpt lat="35.648331" lon="128.675338">
        <ele>78.5</ele>
      </trkpt>
      <trkpt lat="35.648355" lon="128.675384">
        <ele>78.5</ele>
      </trkpt>
      <trkpt lat="35.648379" lon="128.675431">
        <ele>78.4</ele>
      </trkpt>
      <trkpt lat="35.648404" lon="128.675477">
        <ele>78.4</ele>
      </trkpt>
      <trkpt lat="35.648428" lon="128.675524">
        <ele>78.4</ele>
      </trkpt>
      <trkpt lat="35.648452" lon="128.675571">
        <ele>78.3</ele>
      </trkpt>
      <trkpt lat="35.648476" lon="128.675617">
        <ele>78.3</ele>
      </trkpt>
      <trkpt lat="35.648501" lon="128.675664">
        <ele>78.3</ele>
      </trkpt>
      <trkpt lat="35.648525" lon="128.675711">
        <ele>78.2</ele>
      </trkpt>
      <trkpt lat="35.648549" lon="128.675757">
        <ele>78.2</ele>
      </trkpt>
      <trkpt lat="35.648573" lon="128.675804">
        <ele>78.2</ele>
      </trkpt>
      <trkpt lat="35.648598" lon="128.675850">
        <ele>78.1</ele>
      </trkpt>
      <trkpt lat="35.648622" lon="128.675897">
        <ele>78.1</ele>
      </trkpt>
      <trkpt lat="35.648646" lon="128.675944">
        <ele>78.1</ele>
      </trkpt>
      <trkpt lat="35.648670" lon="128.675990">
        <ele>78.0</ele>
      </trkpt>
      <trkpt lat="35.648695" lon="128.676037">
        <ele>78.0</ele>
      </trkpt>
      <trkpt lat="35.648719" lon="128.676083">
        <ele>78.0</ele>
      </trkpt>
      <trkpt lat="35.648743" lon="128.676130">
        <ele>77.9</ele>
      </trkpt>
      <trkpt lat="35.648767" lon="128.676177">
        <ele>77.9</ele>
      </trkpt>
      <trkpt lat="35.648792" lon="128.676223">
        <ele>77.9</ele>
      </trkpt>
      <trkpt lat="35.648816" lon="128.676270">
        <ele>77.8</ele>
      </trkpt>
      <trkpt lat="35.648840" lon="128.676316">
        <ele>77.8</ele>
      </trkpt>
      <trkpt lat="35.648864" lon="128.676363">
        <ele>77.8</ele>
      </trkpt>
      <trkpt lat="35.648888" lon="128.676410">
        <ele>77.7</ele>
      </trkpt>
      <trkpt lat="35.648913" lon="128.676456">
        <ele>77.7</ele>
      </trkpt>
      <trkpt lat="35.648937" lon="128.676503">
        <ele>77.7</ele>
      </trkpt>
      <trkpt lat="35.648961" lon="128.676549">
        <ele>77.6</ele>
      </trkpt>
      <trkpt lat="35.648985" lon="128.676596">
        <ele>77.6</ele>
      </trkpt>
      <trkpt lat="35.649010" lon="128.676643">
        <ele>77.6</ele>
      </trkpt>
      <trkpt lat="35.649034" lon="128.676689">
        <ele>77.5</ele>
      </trkpt>
      <trkpt lat="35.649058" lon="128.676736">
        <ele>77.5</ele>
      </trkpt>
      <trkpt lat="35.649082" lon="128.676782">
        <ele>77.5</ele>
      </trkpt>
      <trkpt lat="35.649107" lon="128.676829">
        <ele>77.4</ele>
      </trkpt>
      <trkpt lat="35.649131" lon="128.676876">
        <ele>77.4</ele>
      </trkpt>
      <trkpt lat="35.649155" lon="128.676922">
        <ele>77.4</ele>
      </trkpt>
      <trkpt lat="35.649179" lon="128.676969">
        <ele>77.3</ele>
      </trkpt>
      <trkpt lat="35.649204" lon="128.677015">
        <ele>77.3</ele>
      </trkpt>
      <trkpt lat="35.649228" lon="128.677062">
        <ele>77.3</ele>
      </trkpt>
      <trkpt lat="35.649252" lon="128.677109">
        <ele>77.2</ele>
      </trkpt>
      <trkpt lat="35.649276" lon="128.677155">
        <ele>77.2</ele>
      </trkpt>
      <trkpt lat="35.649301" lon="128.677202">
        <ele>77.2</ele>
      </trkpt>
      <trkpt lat="35.649325" lon="128.677248">
        <ele>77.1</ele>
      </trkpt>
      <trkpt lat="35.649349" lon="128.677295">
        <ele>77.1</ele>
      </trkpt>
      <trkpt lat="35.649373" lon="128.677342">
        <ele>77.1</ele>
      </trkpt>
      <trkpt lat="35.649398" lon="128.677388">
        <ele>77.0</ele>
      </trkpt>
      <trkpt lat="35.649422" lon="128.677435">
        <ele>77.0</ele>
      </trkpt>
      <trkpt lat="35.649446" lon="128.677482">
        <ele>77.0</ele>
      </trkpt>
      <trkpt lat="35.649470" lon="128.677528">
        <ele>76.9</ele>
      </trkpt>
      <trkpt lat="35.649495" lon="128.677575">
        <ele>76.9</ele>
      </trkpt>
      <trkpt lat="35.649519" lon="128.677621">
        <ele>76.9</ele>
      </trkpt>
      <trkpt lat="35.649543" lon="128.677668">
        <ele>76.8</ele>
      </trkpt>
      <trkpt lat="35.649567" lon="128.677715">
        <ele>76.8</ele>
      </trkpt>
      <trkpt lat="35.649592" lon="128.677761">
        <ele>76.8</ele>
      </trkpt>
      <trkpt lat="35.649616" lon="128.677807">
        <ele>76.9</ele>
      </trkpt>
      <trkpt lat="35.649641" lon="128.677854">
        <ele>76.9</ele>
      </trkpt>
      <trkpt lat="35.649665" lon="128.677900">
        <ele>76.9</ele>
      </trkpt>
      <trkpt lat="35.649689" lon="128.677947">
        <ele>76.9</ele>
      </trkpt>
      <trkpt lat="35.649714" lon="128.677993">
        <ele>77.0</ele>
      </trkpt>
      <trkpt lat="35.649738" lon="128.678040">
        <ele>77.0</ele>
      </trkpt>
      <trkpt lat="35.649763" lon="128.678086">
        <ele>77.0</ele>
      </trkpt>
      <trkpt lat="35.649787" lon="128.678133">
        <ele>77.1</ele>
      </trkpt>
      <trkpt lat="35.649812" lon="128.678179">
        <ele>77.1</ele>
      </trkpt>
      <trkpt lat="35.649836" lon="128.678225">
        <ele>77.1</ele>
      </trkpt>
      <trkpt lat="35.649861" lon="128.678272">
        <ele>77.1</ele>
      </trkpt>
      <trkpt lat="35.649885" lon="128.678318">
        <ele>77.2</ele>
      </trkpt>
      <trkpt lat="35.649910" lon="128.678365">
        <ele>77.2</ele>
      </trkpt>
      <trkpt lat="35.649934" lon="128.678411">
        <ele>77.2</ele>
      </trkpt>
      <trkpt lat="35.649958" lon="128.678458">
        <ele>77.3</ele>
      </trkpt>
      <trkpt lat="35.649983" lon="128.678504">
        <ele>77.3</ele>
      </trkpt>
      <trkpt lat="35.650007" lon="128.678551">
        <ele>77.3</ele>
      </trkpt>
      <trkpt lat="35.650032" lon="128.678597">
        <ele>77.3</ele>
      </trkpt>
      <trkpt lat="35.650056" lon="128.678643">
        <ele>77.4</ele>
      </trkpt>
      <trkpt lat="35.650081" lon="128.678690">
        <ele>77.4</ele>
      </trkpt>
      <trkpt lat="35.650105" lon="128.678736">
        <ele>77.4</ele>
      </trkpt>
      <trkpt lat="35.650130" lon="128.678783">
        <ele>77.5</ele>
      </trkpt>
      <trkpt lat="35.650154" lon="128.678829">
        <ele>77.5</ele>
      </trkpt>
      <trkpt lat="35.650178" lon="128.678876">
        <ele>77.5</ele>
      </trkpt>
      <trkpt lat="35.650203" lon="128.678922">
        <ele>77.5</ele>
      </trkpt>
      <trkpt lat="35.650227" lon="128.678969">
        <ele>77.6</ele>
      </trkpt>
      <trkpt lat="35.650252" lon="128.679015">
        <ele>77.6</ele>
      </trkpt>
      <trkpt lat="35.650276" lon="128.679061">
        <ele>77.6</ele>
      </trkpt>
      <trkpt lat="35.650301" lon="128.679108">
        <ele>77.7</ele>
      </trkpt>
      <trkpt lat="35.650325" lon="128.679154">
        <ele>77.7</ele>
      </trkpt>
      <trkpt lat="35.650350" lon="128.679201">
        <ele>77.7</ele>
      </trkpt>
      <trkpt lat="35.650374" lon="128.679247">
        <ele>77.8</ele>
      </trkpt>
      <trkpt lat="35.650398" lon="128.679294">
        <ele>77.8</ele>
      </trkpt>
      <trkpt lat="35.650423" lon="128.679340">
        <ele>77.8</ele>
      </trkpt>
      <trkpt lat="35.650447" lon="128.679386">
        <ele>77.8</ele>
      </trkpt>
      <trkpt lat="35.650472" lon="128.679433">
        <ele>77.9</ele>
      </trkpt>
      <trkpt lat="35.650496" lon="128.679479">
        <ele>77.9</ele>
      </trkpt>
      <trkpt lat="35.650521" lon="128.679526">
        <ele>77.9</ele>
      </trkpt>
      <trkpt lat="35.650545" lon="128.679572">
        <ele>78.0</ele>
      </trkpt>
      <trkpt lat="35.650570" lon="128.679619">
        <ele>78.0</ele>
      </trkpt>
      <trkpt lat="35.650594" lon="128.679665">
        <ele>78.0</ele>
      </trkpt>
      <trkpt lat="35.650618" lon="128.679712">
        <ele>78.1</ele>
      </trkpt>
      <trkpt lat="35.650643" lon="128.679758">
        <ele>78.2</ele>
      </trkpt>
      <trkpt lat="35.650667" lon="128.679805">
        <ele>78.3</ele>
      </trkpt>
      <trkpt lat="35.650691" lon="128.679851">
        <ele>78.4</ele>
      </trkpt>
      <trkpt lat="35.650716" lon="128.679898">
        <ele>78.5</ele>
      </trkpt>
      <trkpt lat="35.650740" lon="128.679944">
        <ele>78.6</ele>
      </trkpt>
      <trkpt lat="35.650765" lon="128.679991">
        <ele>78.6</ele>
      </trkpt>
      <trkpt lat="35.650789" lon="128.680037">
        <ele>78.7</ele>
      </trkpt>
      <trkpt lat="35.650813" lon="128.680084">
        <ele>78.8</ele>
      </trkpt>
      <trkpt lat="35.650838" lon="128.680130">
        <ele>78.9</ele>
      </trkpt>
      <trkpt lat="35.650862" lon="128.680177">
        <ele>79.0</ele>
      </trkpt>
      <trkpt lat="35.650886" lon="128.680223">
        <ele>79.1</ele>
      </trkpt>
      <trkpt lat="35.650911" lon="128.680270">
        <ele>79.2</ele>
      </trkpt>
      <trkpt lat="35.650935" lon="128.680316">
        <ele>79.2</ele>
      </trkpt>
      <trkpt lat="35.650951" lon="128.680344">
        <ele>78.6</ele>
      </trkpt>
      <trkpt lat="35.650974" lon="128.680390">
        <ele>78.5</ele>
      </trkpt>
      <trkpt lat="35.650998" lon="128.680437">
        <ele>78.6</ele>
      </trkpt>
      <trkpt lat="35.651022" lon="128.680483">
        <ele>78.6</ele>
      </trkpt>
      <trkpt lat="35.651047" lon="128.680530">
        <ele>78.6</ele>
      </trkpt>
      <trkpt lat="35.651071" lon="128.680576">
        <ele>78.7</ele>
      </trkpt>
      <trkpt lat="35.651095" lon="128.680623">
        <ele>78.7</ele>
      </trkpt>
      <trkpt lat="35.651119" lon="128.680669">
        <ele>78.8</ele>
      </trkpt>
      <trkpt lat="35.651144" lon="128.680716">
        <ele>78.8</ele>
      </trkpt>
      <trkpt lat="35.651168" lon="128.680762">
        <ele>78.8</ele>
      </trkpt>
      <trkpt lat="35.651192" lon="128.680809">
        <ele>78.9</ele>
      </trkpt>
      <trkpt lat="35.651217" lon="128.680856">
        <ele>78.9</ele>
      </trkpt>
      <trkpt lat="35.651241" lon="128.680902">
        <ele>78.9</ele>
      </trkpt>
      <trkpt lat="35.651265" lon="128.680949">
        <ele>79.0</ele>
      </trkpt>
      <trkpt lat="35.651290" lon="128.680995">
        <ele>79.0</ele>
      </trkpt>
      <trkpt lat="35.651314" lon="128.681042">
        <ele>79.0</ele>
      </trkpt>
      <trkpt lat="35.651338" lon="128.681088">
        <ele>79.1</ele>
      </trkpt>
      <trkpt lat="35.651363" lon="128.681135">
        <ele>79.1</ele>
      </trkpt>
      <trkpt lat="35.651387" lon="128.681181">
        <ele>79.2</ele>
      </trkpt>
      <trkpt lat="35.651411" lon="128.681228">
        <ele>79.2</ele>
      </trkpt>
      <trkpt lat="35.651436" lon="128.681274">
        <ele>79.2</ele>
      </trkpt>
      <trkpt lat="35.651460" lon="128.681321">
        <ele>79.3</ele>
      </trkpt>
      <trkpt lat="35.651484" lon="128.681367">
        <ele>79.3</ele>
      </trkpt>
      <trkpt lat="35.651510" lon="128.681413">
        <ele>79.3</ele>
      </trkpt>
      <trkpt lat="35.651535" lon="128.681459">
        <ele>79.3</ele>
      </trkpt>
      <trkpt lat="35.651560" lon="128.681505">
        <ele>79.3</ele>
      </trkpt>
      <trkpt lat="35.651585" lon="128.681551">
        <ele>79.3</ele>
      </trkpt>
      <trkpt lat="35.651611" lon="128.681596">
        <ele>79.3</ele>
      </trkpt>
      <trkpt lat="35.651636" lon="128.681642">
        <ele>79.3</ele>
      </trkpt>
      <trkpt lat="35.651661" lon="128.681688">
        <ele>79.3</ele>
      </trkpt>
      <trkpt lat="35.651686" lon="128.681734">
        <ele>79.3</ele>
      </trkpt>
      <trkpt lat="35.651712" lon="128.681780">
        <ele>79.3</ele>
      </trkpt>
      <trkpt lat="35.651737" lon="128.681825">
        <ele>79.3</ele>
      </trkpt>
      <trkpt lat="35.651762" lon="128.681871">
        <ele>79.3</ele>
      </trkpt>
      <trkpt lat="35.651787" lon="128.681917">
        <ele>79.3</ele>
      </trkpt>
      <trkpt lat="35.651812" lon="128.681963">
        <ele>79.3</ele>
      </trkpt>
      <trkpt lat="35.651835" lon="128.682011">
        <ele>79.3</ele>
      </trkpt>
      <trkpt lat="35.651858" lon="128.682058">
        <ele>79.3</ele>
      </trkpt>
      <trkpt lat="35.651881" lon="128.682106">
        <ele>79.0</ele>
      </trkpt>
      <trkpt lat="35.651905" lon="128.682152">
        <ele>79.0</ele>
      </trkpt>
      <trkpt lat="35.651929" lon="128.682199">
        <ele>79.0</ele>
      </trkpt>
      <trkpt lat="35.651953" lon="128.682246">
        <ele>79.0</ele>
      </trkpt>
      <trkpt lat="35.651977" lon="128.682293">
        <ele>79.0</ele>
      </trkpt>
      <trkpt lat="35.652001" lon="128.682340">
        <ele>79.0</ele>
      </trkpt>
      <trkpt lat="35.652025" lon="128.682387">
        <ele>79.0</ele>
      </trkpt>
      <trkpt lat="35.652048" lon="128.682434">
        <ele>79.1</ele>
      </trkpt>
      <trkpt lat="35.652072" lon="128.682481">
        <ele>79.1</ele>
      </trkpt>
      <trkpt lat="35.652096" lon="128.682528">
        <ele>79.1</ele>
      </trkpt>
      <trkpt lat="35.652119" lon="128.682575">
        <ele>79.2</ele>
      </trkpt>
      <trkpt lat="35.652143" lon="128.682622">
        <ele>79.2</ele>
      </trkpt>
      <trkpt lat="35.652167" lon="128.682669">
        <ele>79.2</ele>
      </trkpt>
      <trkpt lat="35.652191" lon="128.682716">
        <ele>79.3</ele>
      </trkpt>
      <trkpt lat="35.652214" lon="128.682763">
        <ele>79.3</ele>
      </trkpt>
      <trkpt lat="35.652238" lon="128.682810">
        <ele>79.4</ele>
      </trkpt>
      <trkpt lat="35.652262" lon="128.682857">
        <ele>79.4</ele>
      </trkpt>
      <trkpt lat="35.652285" lon="128.682904">
        <ele>79.4</ele>
      </trkpt>
      <trkpt lat="35.652309" lon="128.682951">
        <ele>79.5</ele>
      </trkpt>
      <trkpt lat="35.652333" lon="128.682998">
        <ele>79.5</ele>
      </trkpt>
      <trkpt lat="35.652356" lon="128.683045">
        <ele>79.6</ele>
      </trkpt>
      <trkpt lat="35.652380" lon="128.683092">
        <ele>79.6</ele>
      </trkpt>
      <trkpt lat="35.652404" lon="128.683139">
        <ele>79.6</ele>
      </trkpt>
      <trkpt lat="35.652428" lon="128.683186">
        <ele>79.7</ele>
      </trkpt>
      <trkpt lat="35.652451" lon="128.683233">
        <ele>79.7</ele>
      </trkpt>
      <trkpt lat="35.652475" lon="128.683280">
        <ele>79.7</ele>
      </trkpt>
      <trkpt lat="35.652499" lon="128.683327">
        <ele>79.8</ele>
      </trkpt>
      <trkpt lat="35.652523" lon="128.683374">
        <ele>79.7</ele>
      </trkpt>
      <trkpt lat="35.652547" lon="128.683420">
        <ele>79.6</ele>
      </trkpt>
      <trkpt lat="35.652572" lon="128.683467">
        <ele>79.5</ele>
      </trkpt>
      <trkpt lat="35.652597" lon="128.683513">
        <ele>79.4</ele>
      </trkpt>
      <trkpt lat="35.652621" lon="128.683559">
        <ele>79.3</ele>
      </trkpt>
      <trkpt lat="35.652646" lon="128.683606">
        <ele>79.2</ele>
      </trkpt>
      <trkpt lat="35.652670" lon="128.683652">
        <ele>79.1</ele>
      </trkpt>
      <trkpt lat="35.652695" lon="128.683698">
        <ele>78.9</ele>
      </trkpt>
      <trkpt lat="35.652720" lon="128.683745">
        <ele>78.8</ele>
      </trkpt>
      <trkpt lat="35.652744" lon="128.683791">
        <ele>78.7</ele>
      </trkpt>
      <trkpt lat="35.652769" lon="128.683837">
        <ele>78.6</ele>
      </trkpt>
      <trkpt lat="35.652793" lon="128.683884">
        <ele>78.5</ele>
      </trkpt>
      <trkpt lat="35.652818" lon="128.683930">
        <ele>78.4</ele>
      </trkpt>
      <trkpt lat="35.652843" lon="128.683976">
        <ele>78.2</ele>
      </trkpt>
      <trkpt lat="35.652867" lon="128.684023">
        <ele>78.1</ele>
      </trkpt>
      <trkpt lat="35.652892" lon="128.684069">
        <ele>78.0</ele>
      </trkpt>
      <trkpt lat="35.652916" lon="128.684115">
        <ele>77.9</ele>
      </trkpt>
      <trkpt lat="35.652941" lon="128.684162">
        <ele>77.8</ele>
      </trkpt>
      <trkpt lat="35.652966" lon="128.684208">
        <ele>77.7</ele>
      </trkpt>
      <trkpt lat="35.652990" lon="128.684254">
        <ele>77.6</ele>
      </trkpt>
      <trkpt lat="35.653015" lon="128.684301">
        <ele>77.4</ele>
      </trkpt>
      <trkpt lat="35.653039" lon="128.684347">
        <ele>77.3</ele>
      </trkpt>
      <trkpt lat="35.653064" lon="128.684393">
        <ele>77.2</ele>
      </trkpt>
      <trkpt lat="35.653089" lon="128.684440">
        <ele>77.1</ele>
      </trkpt>
      <trkpt lat="35.653113" lon="128.684486">
        <ele>77.0</ele>
      </trkpt>
      <trkpt lat="35.653139" lon="128.684532">
        <ele>76.9</ele>
      </trkpt>
      <trkpt lat="35.653164" lon="128.684577">
        <ele>76.8</ele>
      </trkpt>
      <trkpt lat="35.653189" lon="128.684623">
        <ele>76.8</ele>
      </trkpt>
      <trkpt lat="35.653215" lon="128.684669">
        <ele>76.7</ele>
      </trkpt>
      <trkpt lat="35.653240" lon="128.684715">
        <ele>76.6</ele>
      </trkpt>
      <trkpt lat="35.653265" lon="128.684760">
        <ele>76.6</ele>
      </trkpt>
      <trkpt lat="35.653290" lon="128.684806">
        <ele>76.5</ele>
      </trkpt>
      <trkpt lat="35.653316" lon="128.684852">
        <ele>76.4</ele>
      </trkpt>
      <trkpt lat="35.653341" lon="128.684897">
        <ele>76.3</ele>
      </trkpt>
      <trkpt lat="35.653366" lon="128.684943">
        <ele>76.3</ele>
      </trkpt>
      <trkpt lat="35.653392" lon="128.684989">
        <ele>76.2</ele>
      </trkpt>
      <trkpt lat="35.653417" lon="128.685035">
        <ele>76.1</ele>
      </trkpt>
      <trkpt lat="35.653442" lon="128.685080">
        <ele>76.1</ele>
      </trkpt>
      <trkpt lat="35.653468" lon="128.685126">
        <ele>76.0</ele>
      </trkpt>
      <trkpt lat="35.653493" lon="128.685172">
        <ele>75.9</ele>
      </trkpt>
      <trkpt lat="35.653518" lon="128.685218">
        <ele>75.8</ele>
      </trkpt>
      <trkpt lat="35.653544" lon="128.685263">
        <ele>75.8</ele>
      </trkpt>
      <trkpt lat="35.653569" lon="128.685309">
        <ele>75.7</ele>
      </trkpt>
      <trkpt lat="35.653594" lon="128.685355">
        <ele>75.6</ele>
      </trkpt>
      <trkpt lat="35.653620" lon="128.685401">
        <ele>75.5</ele>
      </trkpt>
      <trkpt lat="35.653645" lon="128.685446">
        <ele>75.5</ele>
      </trkpt>
      <trkpt lat="35.653670" lon="128.685492">
        <ele>75.4</ele>
      </trkpt>
      <trkpt lat="35.653696" lon="128.685538">
        <ele>75.3</ele>
      </trkpt>
      <trkpt lat="35.653721" lon="128.685583">
        <ele>75.3</ele>
      </trkpt>
      <trkpt lat="35.653746" lon="128.685629">
        <ele>75.2</ele>
      </trkpt>
      <trkpt lat="35.653772" lon="128.685675">
        <ele>75.1</ele>
      </trkpt>
      <trkpt lat="35.653797" lon="128.685721">
        <ele>75.0</ele>
      </trkpt>
      <trkpt lat="35.653822" lon="128.685767">
        <ele>75.0</ele>
      </trkpt>
      <trkpt lat="35.653845" lon="128.685814">
        <ele>75.0</ele>
      </trkpt>
      <trkpt lat="35.653869" lon="128.685861">
        <ele>75.0</ele>
      </trkpt>
      <trkpt lat="35.653893" lon="128.685908">
        <ele>75.0</ele>
      </trkpt>
      <trkpt lat="35.653917" lon="128.685955">
        <ele>75.0</ele>
      </trkpt>
      <trkpt lat="35.653941" lon="128.686001">
        <ele>75.0</ele>
      </trkpt>
      <trkpt lat="35.653965" lon="128.686048">
        <ele>75.0</ele>
      </trkpt>
      <trkpt lat="35.653989" lon="128.686095">
        <ele>75.0</ele>
      </trkpt>
      <trkpt lat="35.654012" lon="128.686142">
        <ele>75.0</ele>
      </trkpt>
      <trkpt lat="35.654036" lon="128.686189">
        <ele>75.0</ele>
      </trkpt>
      <trkpt lat="35.654060" lon="128.686236">
        <ele>75.0</ele>
      </trkpt>
      <trkpt lat="35.654084" lon="128.686283">
        <ele>75.0</ele>
      </trkpt>
      <trkpt lat="35.654108" lon="128.686330">
        <ele>75.0</ele>
      </trkpt>
      <trkpt lat="35.654132" lon="128.686377">
        <ele>75.0</ele>
      </trkpt>
      <trkpt lat="35.654155" lon="128.686424">
        <ele>75.0</ele>
      </trkpt>
      <trkpt lat="35.654179" lon="128.686471">
        <ele>75.0</ele>
      </trkpt>
      <trkpt lat="35.654203" lon="128.686518">
        <ele>75.0</ele>
      </trkpt>
      <trkpt lat="35.654227" lon="128.686564">
        <ele>75.0</ele>
      </trkpt>
      <trkpt lat="35.654251" lon="128.686611">
        <ele>75.0</ele>
      </trkpt>
      <trkpt lat="35.654275" lon="128.686658">
        <ele>75.0</ele>
      </trkpt>
      <trkpt lat="35.654298" lon="128.686705">
        <ele>75.0</ele>
      </trkpt>
      <trkpt lat="35.654322" lon="128.686752">
        <ele>75.0</ele>
      </trkpt>
      <trkpt lat="35.654346" lon="128.686799">
        <ele>75.0</ele>
      </trkpt>
      <trkpt lat="35.654370" lon="128.686846">
        <ele>75.0</ele>
      </trkpt>
      <trkpt lat="35.654394" lon="128.686893">
        <ele>75.0</ele>
      </trkpt>
      <trkpt lat="35.654418" lon="128.686940">
        <ele>75.0</ele>
      </trkpt>
      <trkpt lat="35.654442" lon="128.686987">
        <ele>75.0</ele>
      </trkpt>
      <trkpt lat="35.654465" lon="128.687034">
        <ele>75.0</ele>
      </trkpt>
      <trkpt lat="35.654489" lon="128.687081">
        <ele>75.0</ele>
      </trkpt>
      <trkpt lat="35.654513" lon="128.687127">
        <ele>75.0</ele>
      </trkpt>
      <trkpt lat="35.654537" lon="128.687174">
        <ele>75.0</ele>
      </trkpt>
      <trkpt lat="35.654561" lon="128.687221">
        <ele>75.0</ele>
      </trkpt>
      <trkpt lat="35.654585" lon="128.687268">
        <ele>75.0</ele>
      </trkpt>
      <trkpt lat="35.654608" lon="128.687315">
        <ele>75.0</ele>
      </trkpt>
      <trkpt lat="35.654632" lon="128.687362">
        <ele>75.0</ele>
      </trkpt>
      <trkpt lat="35.654656" lon="128.687409">
        <ele>75.0</ele>
      </trkpt>
      <trkpt lat="35.654680" lon="128.687456">
        <ele>75.0</ele>
      </trkpt>
      <trkpt lat="35.654704" lon="128.687503">
        <ele>75.0</ele>
      </trkpt>
      <trkpt lat="35.654728" lon="128.687550">
        <ele>75.0</ele>
      </trkpt>
      <trkpt lat="35.654752" lon="128.687597">
        <ele>75.0</ele>
      </trkpt>
      <trkpt lat="35.654775" lon="128.687644">
        <ele>75.0</ele>
      </trkpt>
      <trkpt lat="35.654799" lon="128.687691">
        <ele>75.0</ele>
      </trkpt>
      <trkpt lat="35.654823" lon="128.687737">
        <ele>75.0</ele>
      </trkpt>
      <trkpt lat="35.654847" lon="128.687784">
        <ele>75.0</ele>
      </trkpt>
      <trkpt lat="35.654871" lon="128.687831">
        <ele>75.0</ele>
      </trkpt>
      <trkpt lat="35.654895" lon="128.687878">
        <ele>75.0</ele>
      </trkpt>
      <trkpt lat="35.654918" lon="128.687925">
        <ele>75.0</ele>
      </trkpt>
      <trkpt lat="35.654942" lon="128.687972">
        <ele>75.0</ele>
      </trkpt>
      <trkpt lat="35.654966" lon="128.688019">
        <ele>75.0</ele>
      </trkpt>
      <trkpt lat="35.654990" lon="128.688066">
        <ele>75.0</ele>
      </trkpt>
      <trkpt lat="35.655014" lon="128.688113">
        <ele>75.0</ele>
      </trkpt>
      <trkpt lat="35.655038" lon="128.688160">
        <ele>75.0</ele>
      </trkpt>
      <trkpt lat="35.655062" lon="128.688207">
        <ele>75.0</ele>
      </trkpt>
      <trkpt lat="35.655085" lon="128.688254">
        <ele>75.0</ele>
      </trkpt>
      <trkpt lat="35.655109" lon="128.688300">
        <ele>75.0</ele>
      </trkpt>
      <trkpt lat="35.655133" lon="128.688347">
        <ele>75.0</ele>
      </trkpt>
      <trkpt lat="35.655157" lon="128.688394">
        <ele>75.0</ele>
      </trkpt>
      <trkpt lat="35.655181" lon="128.688441">
        <ele>75.0</ele>
      </trkpt>
      <trkpt lat="35.655205" lon="128.688488">
        <ele>75.0</ele>
      </trkpt>
      <trkpt lat="35.655228" lon="128.688535">
        <ele>75.0</ele>
      </trkpt>
      <trkpt lat="35.655252" lon="128.688582">
        <ele>75.0</ele>
      </trkpt>
      <trkpt lat="35.655276" lon="128.688629">
        <ele>75.0</ele>
      </trkpt>
      <trkpt lat="35.655300" lon="128.688676">
        <ele>75.0</ele>
      </trkpt>
      <trkpt lat="35.655324" lon="128.688723">
        <ele>75.0</ele>
      </trkpt>
      <trkpt lat="35.655348" lon="128.688770">
        <ele>75.0</ele>
      </trkpt>
      <trkpt lat="35.655372" lon="128.688817">
        <ele>75.0</ele>
      </trkpt>
      <trkpt lat="35.655395" lon="128.688863">
        <ele>75.0</ele>
      </trkpt>
      <trkpt lat="35.655419" lon="128.688910">
        <ele>75.0</ele>
      </trkpt>
      <trkpt lat="35.655443" lon="128.688957">
        <ele>75.0</ele>
      </trkpt>
      <trkpt lat="35.655467" lon="128.689004">
        <ele>75.0</ele>
      </trkpt>
      <trkpt lat="35.655491" lon="128.689051">
        <ele>75.0</ele>
      </trkpt>
      <trkpt lat="35.655516" lon="128.689097">
        <ele>75.0</ele>
      </trkpt>
      <trkpt lat="35.655540" lon="128.689143">
        <ele>75.0</ele>
      </trkpt>
      <trkpt lat="35.655565" lon="128.689190">
        <ele>75.1</ele>
      </trkpt>
      <trkpt lat="35.655590" lon="128.689236">
        <ele>75.1</ele>
      </trkpt>
      <trkpt lat="35.655614" lon="128.689282">
        <ele>75.1</ele>
      </trkpt>
      <trkpt lat="35.655639" lon="128.689329">
        <ele>75.1</ele>
      </trkpt>
      <trkpt lat="35.655664" lon="128.689375">
        <ele>75.1</ele>
      </trkpt>
      <trkpt lat="35.655688" lon="128.689421">
        <ele>75.1</ele>
      </trkpt>
      <trkpt lat="35.655713" lon="128.689467">
        <ele>75.1</ele>
      </trkpt>
      <trkpt lat="35.655738" lon="128.689514">
        <ele>75.2</ele>
      </trkpt>
      <trkpt lat="35.655762" lon="128.689560">
        <ele>75.2</ele>
      </trkpt>
      <trkpt lat="35.655787" lon="128.689606">
        <ele>75.2</ele>
      </trkpt>
      <trkpt lat="35.655812" lon="128.689652">
        <ele>75.2</ele>
      </trkpt>
      <trkpt lat="35.655836" lon="128.689699">
        <ele>75.2</ele>
      </trkpt>
      <trkpt lat="35.655861" lon="128.689745">
        <ele>75.2</ele>
      </trkpt>
      <trkpt lat="35.655886" lon="128.689791">
        <ele>75.2</ele>
      </trkpt>
      <trkpt lat="35.655910" lon="128.689838">
        <ele>75.3</ele>
      </trkpt>
      <trkpt lat="35.655935" lon="128.689884">
        <ele>75.3</ele>
      </trkpt>
      <trkpt lat="35.655960" lon="128.689930">
        <ele>75.3</ele>
      </trkpt>
      <trkpt lat="35.655983" lon="128.689977">
        <ele>75.5</ele>
      </trkpt>
      <trkpt lat="35.656006" lon="128.690025">
        <ele>76.0</ele>
      </trkpt>
      <trkpt lat="35.656028" lon="128.690073">
        <ele>76.6</ele>
      </trkpt>
      <trkpt lat="35.656050" lon="128.690121">
        <ele>77.2</ele>
      </trkpt>
      <trkpt lat="35.656073" lon="128.690169">
        <ele>77.7</ele>
      </trkpt>
      <trkpt lat="35.656095" lon="128.690217">
        <ele>78.3</ele>
      </trkpt>
      <trkpt lat="35.656117" lon="128.690265">
        <ele>78.9</ele>
      </trkpt>
      <trkpt lat="35.656140" lon="128.690313">
        <ele>79.5</ele>
      </trkpt>
      <trkpt lat="35.656162" lon="128.690361">
        <ele>80.4</ele>
      </trkpt>
      <trkpt lat="35.656174" lon="128.690402">
        <ele>80.7</ele>
      </trkpt>
      <trkpt lat="35.656198" lon="128.690438">
        <ele>80.1</ele>
      </trkpt>
      <trkpt lat="35.656220" lon="128.690486">
        <ele>80.6</ele>
      </trkpt>
      <trkpt lat="35.656243" lon="128.690534">
        <ele>81.0</ele>
      </trkpt>
      <trkpt lat="35.656266" lon="128.690581">
        <ele>81.1</ele>
      </trkpt>
      <trkpt lat="35.656290" lon="128.690628">
        <ele>81.2</ele>
      </trkpt>
      <trkpt lat="35.656314" lon="128.690674">
        <ele>81.3</ele>
      </trkpt>
      <trkpt lat="35.656338" lon="128.690721">
        <ele>81.4</ele>
      </trkpt>
      <trkpt lat="35.656362" lon="128.690768">
        <ele>81.6</ele>
      </trkpt>
      <trkpt lat="35.656386" lon="128.690815">
        <ele>81.7</ele>
      </trkpt>
      <trkpt lat="35.656410" lon="128.690862">
        <ele>81.8</ele>
      </trkpt>
      <trkpt lat="35.656434" lon="128.690909">
        <ele>81.9</ele>
      </trkpt>
      <trkpt lat="35.656458" lon="128.690956">
        <ele>82.0</ele>
      </trkpt>
      <trkpt lat="35.656482" lon="128.691002">
        <ele>82.1</ele>
      </trkpt>
      <trkpt lat="35.656506" lon="128.691049">
        <ele>82.2</ele>
      </trkpt>
      <trkpt lat="35.656530" lon="128.691096">
        <ele>82.3</ele>
      </trkpt>
      <trkpt lat="35.656554" lon="128.691143">
        <ele>82.4</ele>
      </trkpt>
      <trkpt lat="35.656577" lon="128.691190">
        <ele>82.5</ele>
      </trkpt>
      <trkpt lat="35.656599" lon="128.691238">
        <ele>82.6</ele>
      </trkpt>
      <trkpt lat="35.656621" lon="128.691287">
        <ele>82.6</ele>
      </trkpt>
      <trkpt lat="35.656644" lon="128.691335">
        <ele>82.7</ele>
      </trkpt>
      <trkpt lat="35.656666" lon="128.691383">
        <ele>82.8</ele>
      </trkpt>
      <trkpt lat="35.656688" lon="128.691431">
        <ele>82.8</ele>
      </trkpt>
      <trkpt lat="35.656710" lon="128.691479">
        <ele>82.9</ele>
      </trkpt>
      <trkpt lat="35.656733" lon="128.691527">
        <ele>82.9</ele>
      </trkpt>
      <trkpt lat="35.656754" lon="128.691575">
        <ele>83.0</ele>
      </trkpt>
      <trkpt lat="35.656757" lon="128.691631">
        <ele>83.0</ele>
      </trkpt>
      <trkpt lat="35.656760" lon="128.691686">
        <ele>83.0</ele>
      </trkpt>
      <trkpt lat="35.656762" lon="128.691741">
        <ele>83.0</ele>
      </trkpt>
      <trkpt lat="35.656765" lon="128.691796">
        <ele>83.0</ele>
      </trkpt>
      <trkpt lat="35.656768" lon="128.691851">
        <ele>83.0</ele>
      </trkpt>
      <trkpt lat="35.656771" lon="128.691907">
        <ele>83.0</ele>
      </trkpt>
      <trkpt lat="35.656764" lon="128.691961">
        <ele>83.0</ele>
      </trkpt>
      <trkpt lat="35.656757" lon="128.692016">
        <ele>83.0</ele>
      </trkpt>
      <trkpt lat="35.656749" lon="128.692070">
        <ele>82.9</ele>
      </trkpt>
      <trkpt lat="35.656742" lon="128.692125">
        <ele>82.9</ele>
      </trkpt>
      <trkpt lat="35.656734" lon="128.692180">
        <ele>82.9</ele>
      </trkpt>
      <trkpt lat="35.656727" lon="128.692234">
        <ele>82.9</ele>
      </trkpt>
      <trkpt lat="35.656719" lon="128.692289">
        <ele>82.8</ele>
      </trkpt>
      <trkpt lat="35.656712" lon="128.692343">
        <ele>82.8</ele>
      </trkpt>
      <trkpt lat="35.656705" lon="128.692398">
        <ele>82.8</ele>
      </trkpt>
      <trkpt lat="35.656693" lon="128.692451">
        <ele>83.1</ele>
      </trkpt>
      <trkpt lat="35.656680" lon="128.692504">
        <ele>83.5</ele>
      </trkpt>
      <trkpt lat="35.656667" lon="128.692557">
        <ele>83.8</ele>
      </trkpt>
      <trkpt lat="35.656654" lon="128.692610">
        <ele>84.2</ele>
      </trkpt>
      <trkpt lat="35.656641" lon="128.692663">
        <ele>84.6</ele>
      </trkpt>
      <trkpt lat="35.656628" lon="128.692716">
        <ele>84.9</ele>
      </trkpt>
      <trkpt lat="35.656615" lon="128.692769">
        <ele>85.3</ele>
      </trkpt>
      <trkpt lat="35.656614" lon="128.692824">
        <ele>85.5</ele>
      </trkpt>
      <trkpt lat="35.656612" lon="128.692880">
        <ele>85.8</ele>
      </trkpt>
      <trkpt lat="35.656612" lon="128.692892">
        <ele>85.3</ele>
      </trkpt>
      <trkpt lat="35.656611" lon="128.692948">
        <ele>85.5</ele>
      </trkpt>
      <trkpt lat="35.656610" lon="128.693003">
        <ele>85.7</ele>
      </trkpt>
      <trkpt lat="35.656623" lon="128.693055">
        <ele>85.8</ele>
      </trkpt>
      <trkpt lat="35.656642" lon="128.693105">
        <ele>85.8</ele>
      </trkpt>
      <trkpt lat="35.656661" lon="128.693155">
        <ele>85.8</ele>
      </trkpt>
      <trkpt lat="35.656680" lon="128.693205">
        <ele>85.8</ele>
      </trkpt>
      <trkpt lat="35.656699" lon="128.693255">
        <ele>85.8</ele>
      </trkpt>
      <trkpt lat="35.656718" lon="128.693305">
        <ele>85.8</ele>
      </trkpt>
      <trkpt lat="35.656737" lon="128.693356">
        <ele>85.8</ele>
      </trkpt>
      <trkpt lat="35.656756" lon="128.693406">
        <ele>85.8</ele>
      </trkpt>
      <trkpt lat="35.656776" lon="128.693456">
        <ele>85.8</ele>
      </trkpt>
      <trkpt lat="35.656795" lon="128.693506">
        <ele>85.8</ele>
      </trkpt>
      <trkpt lat="35.656814" lon="128.693556">
        <ele>85.8</ele>
      </trkpt>
      <trkpt lat="35.656832" lon="128.693606">
        <ele>85.9</ele>
      </trkpt>
      <trkpt lat="35.656849" lon="128.693658">
        <ele>86.1</ele>
      </trkpt>
      <trkpt lat="35.656866" lon="128.693709">
        <ele>86.4</ele>
      </trkpt>
      <trkpt lat="35.656883" lon="128.693760">
        <ele>86.7</ele>
      </trkpt>
      <trkpt lat="35.656900" lon="128.693811">
        <ele>86.9</ele>
      </trkpt>
      <trkpt lat="35.656917" lon="128.693862">
        <ele>87.2</ele>
      </trkpt>
      <trkpt lat="35.656935" lon="128.693914">
        <ele>87.5</ele>
      </trkpt>
      <trkpt lat="35.656949" lon="128.693966">
        <ele>87.5</ele>
      </trkpt>
      <trkpt lat="35.656962" lon="128.694019">
        <ele>87.5</ele>
      </trkpt>
      <trkpt lat="35.656976" lon="128.694072">
        <ele>87.4</ele>
      </trkpt>
      <trkpt lat="35.656989" lon="128.694124">
        <ele>87.4</ele>
      </trkpt>
      <trkpt lat="35.657003" lon="128.694177">
        <ele>87.4</ele>
      </trkpt>
      <trkpt lat="35.657017" lon="128.694230">
        <ele>87.3</ele>
      </trkpt>
      <trkpt lat="35.657030" lon="128.694283">
        <ele>87.3</ele>
      </trkpt>
      <trkpt lat="35.657042" lon="128.694336">
        <ele>87.2</ele>
      </trkpt>
      <trkpt lat="35.657050" lon="128.694391">
        <ele>86.9</ele>
      </trkpt>
      <trkpt lat="35.657058" lon="128.694445">
        <ele>86.7</ele>
      </trkpt>
      <trkpt lat="35.657066" lon="128.694499">
        <ele>86.4</ele>
      </trkpt>
      <trkpt lat="35.657075" lon="128.694554">
        <ele>86.2</ele>
      </trkpt>
      <trkpt lat="35.657083" lon="128.694608">
        <ele>86.0</ele>
      </trkpt>
      <trkpt lat="35.657091" lon="128.694663">
        <ele>85.7</ele>
      </trkpt>
      <trkpt lat="35.657099" lon="128.694717">
        <ele>85.5</ele>
      </trkpt>
      <trkpt lat="35.657108" lon="128.694771">
        <ele>85.2</ele>
      </trkpt>
      <trkpt lat="35.657116" lon="128.694826">
        <ele>85.0</ele>
      </trkpt>
      <trkpt lat="35.657119" lon="128.694880">
        <ele>84.7</ele>
      </trkpt>
      <trkpt lat="35.657115" lon="128.694936">
        <ele>84.5</ele>
      </trkpt>
      <trkpt lat="35.657111" lon="128.694991">
        <ele>84.3</ele>
      </trkpt>
      <trkpt lat="35.657107" lon="128.695046">
        <ele>84.1</ele>
      </trkpt>
      <trkpt lat="35.657102" lon="128.695101">
        <ele>83.8</ele>
      </trkpt>
      <trkpt lat="35.657098" lon="128.695156">
        <ele>83.6</ele>
      </trkpt>
      <trkpt lat="35.657091" lon="128.695210">
        <ele>83.4</ele>
      </trkpt>
      <trkpt lat="35.657081" lon="128.695264">
        <ele>83.1</ele>
      </trkpt>
      <trkpt lat="35.657071" lon="128.695318">
        <ele>82.8</ele>
      </trkpt>
      <trkpt lat="35.657061" lon="128.695372">
        <ele>82.5</ele>
      </trkpt>
      <trkpt lat="35.657051" lon="128.695426">
        <ele>82.2</ele>
      </trkpt>
      <trkpt lat="35.657041" lon="128.695480">
        <ele>81.9</ele>
      </trkpt>
      <trkpt lat="35.657030" lon="128.695534">
        <ele>81.6</ele>
      </trkpt>
      <trkpt lat="35.657020" lon="128.695588">
        <ele>81.3</ele>
      </trkpt>
      <trkpt lat="35.657010" lon="128.695642">
        <ele>81.1</ele>
      </trkpt>
      <trkpt lat="35.657000" lon="128.695696">
        <ele>80.8</ele>
      </trkpt>
      <trkpt lat="35.656990" lon="128.695750">
        <ele>80.5</ele>
      </trkpt>
      <trkpt lat="35.656980" lon="128.695804">
        <ele>80.2</ele>
      </trkpt>
      <trkpt lat="35.656970" lon="128.695857">
        <ele>79.9</ele>
      </trkpt>
      <trkpt lat="35.656959" lon="128.695911">
        <ele>79.6</ele>
      </trkpt>
      <trkpt lat="35.656949" lon="128.695965">
        <ele>79.3</ele>
      </trkpt>
      <trkpt lat="35.656939" lon="128.696019">
        <ele>79.0</ele>
      </trkpt>
      <trkpt lat="35.656917" lon="128.696067">
        <ele>79.0</ele>
      </trkpt>
      <trkpt lat="35.656893" lon="128.696114">
        <ele>79.0</ele>
      </trkpt>
      <trkpt lat="35.656870" lon="128.696161">
        <ele>79.0</ele>
      </trkpt>
      <trkpt lat="35.656850" lon="128.696211">
        <ele>79.0</ele>
      </trkpt>
      <trkpt lat="35.656832" lon="128.696261">
        <ele>79.0</ele>
      </trkpt>
      <trkpt lat="35.656814" lon="128.696312">
        <ele>79.0</ele>
      </trkpt>
      <trkpt lat="35.656796" lon="128.696363">
        <ele>79.0</ele>
      </trkpt>
      <trkpt lat="35.656778" lon="128.696413">
        <ele>79.0</ele>
      </trkpt>
      <trkpt lat="35.656756" lon="128.696462">
        <ele>79.0</ele>
      </trkpt>
      <trkpt lat="35.656735" lon="128.696511">
        <ele>79.0</ele>
      </trkpt>
      <trkpt lat="35.656713" lon="128.696559">
        <ele>79.0</ele>
      </trkpt>
      <trkpt lat="35.656683" lon="128.696600">
        <ele>78.9</ele>
      </trkpt>
      <trkpt lat="35.656652" lon="128.696641">
        <ele>78.8</ele>
      </trkpt>
      <trkpt lat="35.656642" lon="128.696680">
        <ele>78.8</ele>
      </trkpt>
      <trkpt lat="35.656609" lon="128.696695">
        <ele>78.7</ele>
      </trkpt>
      <trkpt lat="35.656575" lon="128.696732">
        <ele>78.6</ele>
      </trkpt>
      <trkpt lat="35.656541" lon="128.696768">
        <ele>78.5</ele>
      </trkpt>
      <trkpt lat="35.656501" lon="128.696792">
        <ele>78.4</ele>
      </trkpt>
      <trkpt lat="35.656460" lon="128.696816">
        <ele>78.3</ele>
      </trkpt>
      <trkpt lat="35.656419" lon="128.696840">
        <ele>78.1</ele>
      </trkpt>
      <trkpt lat="35.656379" lon="128.696864">
        <ele>78.0</ele>
      </trkpt>
      <trkpt lat="35.656338" lon="128.696888">
        <ele>77.9</ele>
      </trkpt>
      <trkpt lat="35.656298" lon="128.696912">
        <ele>77.8</ele>
      </trkpt>
      <trkpt lat="35.656259" lon="128.696940">
        <ele>77.8</ele>
      </trkpt>
      <trkpt lat="35.656223" lon="128.696973">
        <ele>77.7</ele>
      </trkpt>
      <trkpt lat="35.656191" lon="128.697012">
        <ele>77.5</ele>
      </trkpt>
      <trkpt lat="35.656159" lon="128.697050">
        <ele>77.3</ele>
      </trkpt>
      <trkpt lat="35.656203" lon="128.697060">
        <ele>77.2</ele>
      </trkpt>
      <trkpt lat="35.656248" lon="128.697070">
        <ele>77.1</ele>
      </trkpt>
      <trkpt lat="35.656292" lon="128.697081">
        <ele>77.1</ele>
      </trkpt>
      <trkpt lat="35.656334" lon="128.697097">
        <ele>77.0</ele>
      </trkpt>
      <trkpt lat="35.656373" lon="128.697125">
        <ele>76.9</ele>
      </trkpt>
      <trkpt lat="35.656404" lon="128.697162">
        <ele>76.7</ele>
      </trkpt>
      <trkpt lat="35.656423" lon="128.697212">
        <ele>76.4</ele>
      </trkpt>
      <trkpt lat="35.656429" lon="128.697264">
        <ele>76.2</ele>
      </trkpt>
      <trkpt lat="35.656423" lon="128.697319">
        <ele>75.9</ele>
      </trkpt>
      <trkpt lat="35.656418" lon="128.697374">
        <ele>75.7</ele>
      </trkpt>
      <trkpt lat="35.656412" lon="128.697429">
        <ele>75.4</ele>
      </trkpt>
      <trkpt lat="35.656408" lon="128.697470">
        <ele>75.3</ele>
      </trkpt>
      <trkpt lat="35.656406" lon="128.697525">
        <ele>75.2</ele>
      </trkpt>
      <trkpt lat="35.656410" lon="128.697580">
        <ele>75.1</ele>
      </trkpt>
      <trkpt lat="35.656413" lon="128.697635">
        <ele>74.9</ele>
      </trkpt>
      <trkpt lat="35.656404" lon="128.697687">
        <ele>74.8</ele>
      </trkpt>
      <trkpt lat="35.656382" lon="128.697736">
        <ele>74.9</ele>
      </trkpt>
      <trkpt lat="35.656360" lon="128.697784">
        <ele>75.0</ele>
      </trkpt>
      <trkpt lat="35.656339" lon="128.697832">
        <ele>75.1</ele>
      </trkpt>
      <trkpt lat="35.656317" lon="128.697881">
        <ele>75.1</ele>
      </trkpt>
      <trkpt lat="35.656295" lon="128.697929">
        <ele>75.2</ele>
      </trkpt>
      <trkpt lat="35.656273" lon="128.697977">
        <ele>75.3</ele>
      </trkpt>
      <trkpt lat="35.656251" lon="128.698026">
        <ele>75.3</ele>
      </trkpt>
      <trkpt lat="35.656229" lon="128.698074">
        <ele>75.4</ele>
      </trkpt>
      <trkpt lat="35.656208" lon="128.698123">
        <ele>75.5</ele>
      </trkpt>
      <trkpt lat="35.656186" lon="128.698171">
        <ele>75.6</ele>
      </trkpt>
      <trkpt lat="35.656164" lon="128.698219">
        <ele>75.6</ele>
      </trkpt>
      <trkpt lat="35.656142" lon="128.698268">
        <ele>75.7</ele>
      </trkpt>
      <trkpt lat="35.656120" lon="128.698316">
        <ele>75.8</ele>
      </trkpt>
      <trkpt lat="35.656098" lon="128.698364">
        <ele>75.8</ele>
      </trkpt>
      <trkpt lat="35.656076" lon="128.698413">
        <ele>75.9</ele>
      </trkpt>
      <trkpt lat="35.656055" lon="128.698461">
        <ele>76.0</ele>
      </trkpt>
      <trkpt lat="35.656033" lon="128.698509">
        <ele>76.1</ele>
      </trkpt>
      <trkpt lat="35.656011" lon="128.698558">
        <ele>76.1</ele>
      </trkpt>
      <trkpt lat="35.655989" lon="128.698606">
        <ele>76.2</ele>
      </trkpt>
      <trkpt lat="35.655967" lon="128.698655">
        <ele>76.3</ele>
      </trkpt>
      <trkpt lat="35.655945" lon="128.698703">
        <ele>76.4</ele>
      </trkpt>
      <trkpt lat="35.655924" lon="128.698751">
        <ele>76.4</ele>
      </trkpt>
      <trkpt lat="35.655902" lon="128.698800">
        <ele>76.5</ele>
      </trkpt>
      <trkpt lat="35.655880" lon="128.698848">
        <ele>76.6</ele>
      </trkpt>
      <trkpt lat="35.655858" lon="128.698896">
        <ele>76.6</ele>
      </trkpt>
      <trkpt lat="35.655836" lon="128.698945">
        <ele>76.7</ele>
      </trkpt>
      <trkpt lat="35.655814" lon="128.698993">
        <ele>76.8</ele>
      </trkpt>
      <trkpt lat="35.655793" lon="128.699042">
        <ele>76.9</ele>
      </trkpt>
      <trkpt lat="35.655771" lon="128.699090">
        <ele>76.9</ele>
      </trkpt>
      <trkpt lat="35.655749" lon="128.699138">
        <ele>77.0</ele>
      </trkpt>
      <trkpt lat="35.655728" lon="128.699187">
        <ele>77.0</ele>
      </trkpt>
      <trkpt lat="35.655706" lon="128.699236">
        <ele>77.0</ele>
      </trkpt>
      <trkpt lat="35.655685" lon="128.699285">
        <ele>77.0</ele>
      </trkpt>
      <trkpt lat="35.655664" lon="128.699334">
        <ele>77.0</ele>
      </trkpt>
      <trkpt lat="35.655643" lon="128.699382">
        <ele>77.0</ele>
      </trkpt>
      <trkpt lat="35.655622" lon="128.699431">
        <ele>77.0</ele>
      </trkpt>
      <trkpt lat="35.655600" lon="128.699480">
        <ele>77.0</ele>
      </trkpt>
      <trkpt lat="35.655579" lon="128.699529">
        <ele>77.0</ele>
      </trkpt>
      <trkpt lat="35.655558" lon="128.699578">
        <ele>77.0</ele>
      </trkpt>
      <trkpt lat="35.655537" lon="128.699626">
        <ele>77.0</ele>
      </trkpt>
      <trkpt lat="35.655516" lon="128.699675">
        <ele>77.0</ele>
      </trkpt>
      <trkpt lat="35.655494" lon="128.699724">
        <ele>77.0</ele>
      </trkpt>
      <trkpt lat="35.655477" lon="128.699763">
        <ele>77.0</ele>
      </trkpt>
      <trkpt lat="35.655456" lon="128.699812">
        <ele>77.0</ele>
      </trkpt>
      <trkpt lat="35.655435" lon="128.699861">
        <ele>77.0</ele>
      </trkpt>
      <trkpt lat="35.655414" lon="128.699910">
        <ele>77.0</ele>
      </trkpt>
      <trkpt lat="35.655393" lon="128.699959">
        <ele>77.0</ele>
      </trkpt>
      <trkpt lat="35.655372" lon="128.700008">
        <ele>77.0</ele>
      </trkpt>
      <trkpt lat="35.655351" lon="128.700057">
        <ele>77.0</ele>
      </trkpt>
      <trkpt lat="35.655330" lon="128.700106">
        <ele>77.0</ele>
      </trkpt>
      <trkpt lat="35.655309" lon="128.700155">
        <ele>77.0</ele>
      </trkpt>
      <trkpt lat="35.655288" lon="128.700203">
        <ele>77.0</ele>
      </trkpt>
      <trkpt lat="35.655267" lon="128.700252">
        <ele>77.0</ele>
      </trkpt>
      <trkpt lat="35.655246" lon="128.700301">
        <ele>77.0</ele>
      </trkpt>
      <trkpt lat="35.655224" lon="128.700350">
        <ele>77.0</ele>
      </trkpt>
      <trkpt lat="35.655203" lon="128.700398">
        <ele>77.0</ele>
      </trkpt>
      <trkpt lat="35.655180" lon="128.700446">
        <ele>77.2</ele>
      </trkpt>
      <trkpt lat="35.655157" lon="128.700494">
        <ele>77.3</ele>
      </trkpt>
      <trkpt lat="35.655135" lon="128.700542">
        <ele>77.4</ele>
      </trkpt>
      <trkpt lat="35.655112" lon="128.700590">
        <ele>77.5</ele>
      </trkpt>
      <trkpt lat="35.655089" lon="128.700637">
        <ele>77.7</ele>
      </trkpt>
      <trkpt lat="35.655066" lon="128.700685">
        <ele>77.8</ele>
      </trkpt>
      <trkpt lat="35.655044" lon="128.700733">
        <ele>77.9</ele>
      </trkpt>
      <trkpt lat="35.655021" lon="128.700781">
        <ele>78.0</ele>
      </trkpt>
      <trkpt lat="35.654998" lon="128.700828">
        <ele>78.1</ele>
      </trkpt>
      <trkpt lat="35.654975" lon="128.700876">
        <ele>78.3</ele>
      </trkpt>
      <trkpt lat="35.654953" lon="128.700924">
        <ele>78.4</ele>
      </trkpt>
      <trkpt lat="35.654930" lon="128.700972">
        <ele>78.5</ele>
      </trkpt>
      <trkpt lat="35.654907" lon="128.701019">
        <ele>78.6</ele>
      </trkpt>
      <trkpt lat="35.654885" lon="128.701067">
        <ele>78.7</ele>
      </trkpt>
      <trkpt lat="35.654862" lon="128.701115">
        <ele>78.9</ele>
      </trkpt>
      <trkpt lat="35.654839" lon="128.701163">
        <ele>79.0</ele>
      </trkpt>
      <trkpt lat="35.654813" lon="128.701207">
        <ele>79.1</ele>
      </trkpt>
      <trkpt lat="35.654786" lon="128.701252">
        <ele>79.3</ele>
      </trkpt>
      <trkpt lat="35.654759" lon="128.701296">
        <ele>79.5</ele>
      </trkpt>
      <trkpt lat="35.654733" lon="128.701341">
        <ele>79.6</ele>
      </trkpt>
      <trkpt lat="35.654706" lon="128.701385">
        <ele>79.8</ele>
      </trkpt>
      <trkpt lat="35.654679" lon="128.701430">
        <ele>79.9</ele>
      </trkpt>
      <trkpt lat="35.654652" lon="128.701474">
        <ele>80.1</ele>
      </trkpt>
      <trkpt lat="35.654626" lon="128.701519">
        <ele>80.2</ele>
      </trkpt>
      <trkpt lat="35.654599" lon="128.701563">
        <ele>80.4</ele>
      </trkpt>
      <trkpt lat="35.654572" lon="128.701608">
        <ele>80.6</ele>
      </trkpt>
      <trkpt lat="35.654545" lon="128.701652">
        <ele>80.7</ele>
      </trkpt>
      <trkpt lat="35.654519" lon="128.701697">
        <ele>80.9</ele>
      </trkpt>
      <trkpt lat="35.654492" lon="128.701741">
        <ele>81.0</ele>
      </trkpt>
      <trkpt lat="35.654465" lon="128.701786">
        <ele>81.2</ele>
      </trkpt>
      <trkpt lat="35.654438" lon="128.701830">
        <ele>81.3</ele>
      </trkpt>
      <trkpt lat="35.654412" lon="128.701875">
        <ele>81.5</ele>
      </trkpt>
      <trkpt lat="35.654385" lon="128.701919">
        <ele>81.7</ele>
      </trkpt>
      <trkpt lat="35.654358" lon="128.701964">
        <ele>81.8</ele>
      </trkpt>
      <trkpt lat="35.654332" lon="128.702008">
        <ele>82.0</ele>
      </trkpt>
      <trkpt lat="35.654305" lon="128.702053">
        <ele>82.1</ele>
      </trkpt>
      <trkpt lat="35.654278" lon="128.702097">
        <ele>82.3</ele>
      </trkpt>
      <trkpt lat="35.654251" lon="128.702142">
        <ele>82.4</ele>
      </trkpt>
      <trkpt lat="35.654225" lon="128.702186">
        <ele>82.6</ele>
      </trkpt>
      <trkpt lat="35.654198" lon="128.702231">
        <ele>82.7</ele>
      </trkpt>
      <trkpt lat="35.654171" lon="128.702275">
        <ele>82.9</ele>
      </trkpt>
      <trkpt lat="35.654144" lon="128.702320">
        <ele>83.1</ele>
      </trkpt>
      <trkpt lat="35.654118" lon="128.702364">
        <ele>83.2</ele>
      </trkpt>
      <trkpt lat="35.654091" lon="128.702409">
        <ele>83.4</ele>
      </trkpt>
      <trkpt lat="35.654064" lon="128.702453">
        <ele>83.5</ele>
      </trkpt>
      <trkpt lat="35.654037" lon="128.702498">
        <ele>83.7</ele>
      </trkpt>
      <trkpt lat="35.654011" lon="128.702542">
        <ele>83.8</ele>
      </trkpt>
      <trkpt lat="35.653984" lon="128.702587">
        <ele>84.0</ele>
      </trkpt>
      <trkpt lat="35.653957" lon="128.702631">
        <ele>84.2</ele>
      </trkpt>
      <trkpt lat="35.653931" lon="128.702676">
        <ele>84.3</ele>
      </trkpt>
      <trkpt lat="35.653904" lon="128.702720">
        <ele>84.5</ele>
      </trkpt>
      <trkpt lat="35.653877" lon="128.702765">
        <ele>84.6</ele>
      </trkpt>
      <trkpt lat="35.653850" lon="128.702809">
        <ele>84.8</ele>
      </trkpt>
      <trkpt lat="35.653824" lon="128.702854">
        <ele>84.9</ele>
      </trkpt>
      <trkpt lat="35.653797" lon="128.702898">
        <ele>85.1</ele>
      </trkpt>
      <trkpt lat="35.653770" lon="128.702943">
        <ele>85.3</ele>
      </trkpt>
      <trkpt lat="35.653743" lon="128.702987">
        <ele>85.4</ele>
      </trkpt>
      <trkpt lat="35.653717" lon="128.703032">
        <ele>85.6</ele>
      </trkpt>
      <trkpt lat="35.653690" lon="128.703076">
        <ele>85.7</ele>
      </trkpt>
      <trkpt lat="35.653667" lon="128.703124">
        <ele>85.9</ele>
      </trkpt>
      <trkpt lat="35.653647" lon="128.703173">
        <ele>86.1</ele>
      </trkpt>
      <trkpt lat="35.653627" lon="128.703223">
        <ele>86.2</ele>
      </trkpt>
      <trkpt lat="35.653608" lon="128.703273">
        <ele>86.4</ele>
      </trkpt>
      <trkpt lat="35.653588" lon="128.703322">
        <ele>86.6</ele>
      </trkpt>
      <trkpt lat="35.653568" lon="128.703372">
        <ele>86.7</ele>
      </trkpt>
      <trkpt lat="35.653548" lon="128.703422">
        <ele>86.9</ele>
      </trkpt>
      <trkpt lat="35.653529" lon="128.703471">
        <ele>87.1</ele>
      </trkpt>
      <trkpt lat="35.653509" lon="128.703521">
        <ele>87.2</ele>
      </trkpt>
      <trkpt lat="35.653483" lon="128.703566">
        <ele>87.4</ele>
      </trkpt>
      <trkpt lat="35.653453" lon="128.703607">
        <ele>87.5</ele>
      </trkpt>
      <trkpt lat="35.653423" lon="128.703649">
        <ele>87.6</ele>
      </trkpt>
      <trkpt lat="35.653393" lon="128.703690">
        <ele>87.8</ele>
      </trkpt>
      <trkpt lat="35.653364" lon="128.703731">
        <ele>87.9</ele>
      </trkpt>
      <trkpt lat="35.653334" lon="128.703773">
        <ele>88.0</ele>
      </trkpt>
      <trkpt lat="35.653304" lon="128.703814">
        <ele>88.1</ele>
      </trkpt>
      <trkpt lat="35.653274" lon="128.703855">
        <ele>88.2</ele>
      </trkpt>
      <trkpt lat="35.653248" lon="128.703900">
        <ele>88.7</ele>
      </trkpt>
      <trkpt lat="35.653224" lon="128.703947">
        <ele>89.3</ele>
      </trkpt>
      <trkpt lat="35.653200" lon="128.703994">
        <ele>89.9</ele>
      </trkpt>
      <trkpt lat="35.653176" lon="128.704041">
        <ele>90.5</ele>
      </trkpt>
      <trkpt lat="35.653152" lon="128.704088">
        <ele>91.2</ele>
      </trkpt>
      <trkpt lat="35.653128" lon="128.704135">
        <ele>91.8</ele>
      </trkpt>
      <trkpt lat="35.653105" lon="128.704182">
        <ele>92.4</ele>
      </trkpt>
      <trkpt lat="35.653080" lon="128.704225">
        <ele>93.0</ele>
      </trkpt>
      <trkpt lat="35.653063" lon="128.704263">
        <ele>90.2</ele>
      </trkpt>
      <trkpt lat="35.653039" lon="128.704310">
        <ele>90.5</ele>
      </trkpt>
      <trkpt lat="35.653016" lon="128.704357">
        <ele>90.7</ele>
      </trkpt>
      <trkpt lat="35.652992" lon="128.704404">
        <ele>91.0</ele>
      </trkpt>
      <trkpt lat="35.652968" lon="128.704451">
        <ele>91.2</ele>
      </trkpt>
      <trkpt lat="35.652945" lon="128.704498">
        <ele>91.5</ele>
      </trkpt>
      <trkpt lat="35.652921" lon="128.704545">
        <ele>91.7</ele>
      </trkpt>
      <trkpt lat="35.652897" lon="128.704592">
        <ele>92.0</ele>
      </trkpt>
      <trkpt lat="35.652873" lon="128.704639">
        <ele>92.2</ele>
      </trkpt>
      <trkpt lat="35.652850" lon="128.704686">
        <ele>92.5</ele>
      </trkpt>
      <trkpt lat="35.652826" lon="128.704733">
        <ele>92.7</ele>
      </trkpt>
      <trkpt lat="35.652802" lon="128.704780">
        <ele>93.0</ele>
      </trkpt>
      <trkpt lat="35.652780" lon="128.704829">
        <ele>93.2</ele>
      </trkpt>
      <trkpt lat="35.652759" lon="128.704877">
        <ele>93.5</ele>
      </trkpt>
      <trkpt lat="35.652737" lon="128.704926">
        <ele>93.7</ele>
      </trkpt>
      <trkpt lat="35.652715" lon="128.704974">
        <ele>94.0</ele>
      </trkpt>
      <trkpt lat="35.652694" lon="128.705023">
        <ele>94.2</ele>
      </trkpt>
      <trkpt lat="35.652672" lon="128.705071">
        <ele>94.5</ele>
      </trkpt>
      <trkpt lat="35.652650" lon="128.705120">
        <ele>94.5</ele>
      </trkpt>
      <trkpt lat="35.652628" lon="128.705168">
        <ele>94.6</ele>
      </trkpt>
      <trkpt lat="35.652607" lon="128.705217">
        <ele>94.6</ele>
      </trkpt>
      <trkpt lat="35.652585" lon="128.705265">
        <ele>94.6</ele>
      </trkpt>
      <trkpt lat="35.652563" lon="128.705313">
        <ele>94.7</ele>
      </trkpt>
      <trkpt lat="35.652542" lon="128.705362">
        <ele>94.7</ele>
      </trkpt>
      <trkpt lat="35.652520" lon="128.705410">
        <ele>94.7</ele>
      </trkpt>
      <trkpt lat="35.652498" lon="128.705459">
        <ele>94.8</ele>
      </trkpt>
      <trkpt lat="35.652476" lon="128.705507">
        <ele>94.8</ele>
      </trkpt>
      <trkpt lat="35.652455" lon="128.705556">
        <ele>94.8</ele>
      </trkpt>
      <trkpt lat="35.652433" lon="128.705604">
        <ele>94.9</ele>
      </trkpt>
      <trkpt lat="35.652411" lon="128.705653">
        <ele>94.9</ele>
      </trkpt>
      <trkpt lat="35.652390" lon="128.705701">
        <ele>94.9</ele>
      </trkpt>
      <trkpt lat="35.652368" lon="128.705750">
        <ele>95.0</ele>
      </trkpt>
      <trkpt lat="35.652346" lon="128.705798">
        <ele>95.0</ele>
      </trkpt>
      <trkpt lat="35.652324" lon="128.705846">
        <ele>95.0</ele>
      </trkpt>
      <trkpt lat="35.652303" lon="128.705895">
        <ele>95.1</ele>
      </trkpt>
      <trkpt lat="35.652281" lon="128.705943">
        <ele>95.1</ele>
      </trkpt>
      <trkpt lat="35.652259" lon="128.705992">
        <ele>95.1</ele>
      </trkpt>
      <trkpt lat="35.652238" lon="128.706040">
        <ele>95.2</ele>
      </trkpt>
      <trkpt lat="35.652216" lon="128.706089">
        <ele>95.2</ele>
      </trkpt>
      <trkpt lat="35.652194" lon="128.706137">
        <ele>95.2</ele>
      </trkpt>
      <trkpt lat="35.652172" lon="128.706186">
        <ele>95.3</ele>
      </trkpt>
      <trkpt lat="35.652151" lon="128.706234">
        <ele>95.3</ele>
      </trkpt>
      <trkpt lat="35.652129" lon="128.706283">
        <ele>95.3</ele>
      </trkpt>
      <trkpt lat="35.652107" lon="128.706331">
        <ele>95.4</ele>
      </trkpt>
      <trkpt lat="35.652086" lon="128.706380">
        <ele>95.4</ele>
      </trkpt>
      <trkpt lat="35.652064" lon="128.706428">
        <ele>95.4</ele>
      </trkpt>
      <trkpt lat="35.652042" lon="128.706476">
        <ele>95.5</ele>
      </trkpt>
      <trkpt lat="35.652020" lon="128.706525">
        <ele>95.5</ele>
      </trkpt>
      <trkpt lat="35.651999" lon="128.706573">
        <ele>95.5</ele>
      </trkpt>
      <trkpt lat="35.651977" lon="128.706622">
        <ele>95.6</ele>
      </trkpt>
      <trkpt lat="35.651955" lon="128.706670">
        <ele>95.6</ele>
      </trkpt>
      <trkpt lat="35.651934" lon="128.706719">
        <ele>95.6</ele>
      </trkpt>
      <trkpt lat="35.651912" lon="128.706767">
        <ele>95.7</ele>
      </trkpt>
      <trkpt lat="35.651890" lon="128.706816">
        <ele>95.7</ele>
      </trkpt>
      <trkpt lat="35.651868" lon="128.706864">
        <ele>95.7</ele>
      </trkpt>
      <trkpt lat="35.651847" lon="128.706913">
        <ele>95.8</ele>
      </trkpt>
      <trkpt lat="35.651825" lon="128.706961">
        <ele>95.8</ele>
      </trkpt>
      <trkpt lat="35.651803" lon="128.707009">
        <ele>96.0</ele>
      </trkpt>
      <trkpt lat="35.651781" lon="128.707057">
        <ele>96.1</ele>
      </trkpt>
      <trkpt lat="35.651759" lon="128.707105">
        <ele>96.2</ele>
      </trkpt>
      <trkpt lat="35.651736" lon="128.707154">
        <ele>96.4</ele>
      </trkpt>
      <trkpt lat="35.651714" lon="128.707202">
        <ele>96.5</ele>
      </trkpt>
      <trkpt lat="35.651692" lon="128.707250">
        <ele>96.7</ele>
      </trkpt>
      <trkpt lat="35.651670" lon="128.707298">
        <ele>96.8</ele>
      </trkpt>
      <trkpt lat="35.651648" lon="128.707346">
        <ele>96.9</ele>
      </trkpt>
      <trkpt lat="35.651626" lon="128.707395">
        <ele>97.1</ele>
      </trkpt>
      <trkpt lat="35.651604" lon="128.707443">
        <ele>97.2</ele>
      </trkpt>
      <trkpt lat="35.651582" lon="128.707491">
        <ele>97.3</ele>
      </trkpt>
      <trkpt lat="35.651559" lon="128.707539">
        <ele>97.5</ele>
      </trkpt>
      <trkpt lat="35.651537" lon="128.707587">
        <ele>97.6</ele>
      </trkpt>
      <trkpt lat="35.651515" lon="128.707635">
        <ele>97.7</ele>
      </trkpt>
      <trkpt lat="35.651493" lon="128.707684">
        <ele>97.9</ele>
      </trkpt>
      <trkpt lat="35.651471" lon="128.707732">
        <ele>98.0</ele>
      </trkpt>
      <trkpt lat="35.651449" lon="128.707780">
        <ele>98.2</ele>
      </trkpt>
      <trkpt lat="35.651427" lon="128.707828">
        <ele>98.3</ele>
      </trkpt>
      <trkpt lat="35.651405" lon="128.707876">
        <ele>98.4</ele>
      </trkpt>
      <trkpt lat="35.651382" lon="128.707924">
        <ele>98.6</ele>
      </trkpt>
      <trkpt lat="35.651360" lon="128.707973">
        <ele>98.7</ele>
      </trkpt>
      <trkpt lat="35.651341" lon="128.708022">
        <ele>98.8</ele>
      </trkpt>
      <trkpt lat="35.651331" lon="128.708076">
        <ele>98.6</ele>
      </trkpt>
      <trkpt lat="35.651320" lon="128.708130">
        <ele>98.5</ele>
      </trkpt>
      <trkpt lat="35.651309" lon="128.708184">
        <ele>98.4</ele>
      </trkpt>
      <trkpt lat="35.651299" lon="128.708237">
        <ele>98.2</ele>
      </trkpt>
      <trkpt lat="35.651288" lon="128.708291">
        <ele>98.1</ele>
      </trkpt>
      <trkpt lat="35.651278" lon="128.708345">
        <ele>98.0</ele>
      </trkpt>
      <trkpt lat="35.651267" lon="128.708399">
        <ele>97.8</ele>
      </trkpt>
      <trkpt lat="35.651272" lon="128.708453">
        <ele>97.7</ele>
      </trkpt>
      <trkpt lat="35.651278" lon="128.708508">
        <ele>97.7</ele>
      </trkpt>
      <trkpt lat="35.651284" lon="128.708563">
        <ele>97.6</ele>
      </trkpt>
      <trkpt lat="35.651291" lon="128.708618">
        <ele>97.6</ele>
      </trkpt>
      <trkpt lat="35.651297" lon="128.708673">
        <ele>97.5</ele>
      </trkpt>
      <trkpt lat="35.651304" lon="128.708727">
        <ele>97.5</ele>
      </trkpt>
      <trkpt lat="35.651310" lon="128.708782">
        <ele>97.4</ele>
      </trkpt>
      <trkpt lat="35.651316" lon="128.708837">
        <ele>97.4</ele>
      </trkpt>
      <trkpt lat="35.651323" lon="128.708892">
        <ele>97.3</ele>
      </trkpt>
      <trkpt lat="35.651330" lon="128.708946">
        <ele>97.2</ele>
      </trkpt>
      <trkpt lat="35.651337" lon="128.709001">
        <ele>97.1</ele>
      </trkpt>
      <trkpt lat="35.651344" lon="128.709056">
        <ele>97.1</ele>
      </trkpt>
      <trkpt lat="35.651351" lon="128.709110">
        <ele>97.1</ele>
      </trkpt>
      <trkpt lat="35.651357" lon="128.709165">
        <ele>97.3</ele>
      </trkpt>
      <trkpt lat="35.651363" lon="128.709220">
        <ele>97.6</ele>
      </trkpt>
      <trkpt lat="35.651370" lon="128.709275">
        <ele>97.8</ele>
      </trkpt>
      <trkpt lat="35.651376" lon="128.709329">
        <ele>98.1</ele>
      </trkpt>
      <trkpt lat="35.651383" lon="128.709384">
        <ele>98.3</ele>
      </trkpt>
      <trkpt lat="35.651389" lon="128.709439">
        <ele>98.6</ele>
      </trkpt>
      <trkpt lat="35.651395" lon="128.709494">
        <ele>98.8</ele>
      </trkpt>
      <trkpt lat="35.651402" lon="128.709549">
        <ele>99.1</ele>
      </trkpt>
      <trkpt lat="35.651408" lon="128.709603">
        <ele>99.4</ele>
      </trkpt>
      <trkpt lat="35.651414" lon="128.709658">
        <ele>99.6</ele>
      </trkpt>
      <trkpt lat="35.651421" lon="128.709713">
        <ele>99.9</ele>
      </trkpt>
      <trkpt lat="35.651427" lon="128.709768">
        <ele>100.1</ele>
      </trkpt>
      <trkpt lat="35.651433" lon="128.709822">
        <ele>100.4</ele>
      </trkpt>
      <trkpt lat="35.651440" lon="128.709877">
        <ele>100.6</ele>
      </trkpt>
      <trkpt lat="35.651446" lon="128.709932">
        <ele>100.9</ele>
      </trkpt>
      <trkpt lat="35.651452" lon="128.709987">
        <ele>101.1</ele>
      </trkpt>
      <trkpt lat="35.651459" lon="128.710042">
        <ele>101.4</ele>
      </trkpt>
      <trkpt lat="35.651465" lon="128.710096">
        <ele>101.6</ele>
      </trkpt>
      <trkpt lat="35.651472" lon="128.710151">
        <ele>101.9</ele>
      </trkpt>
      <trkpt lat="35.651478" lon="128.710206">
        <ele>102.1</ele>
      </trkpt>
      <trkpt lat="35.651482" lon="128.710241">
        <ele>100.1</ele>
      </trkpt>
      <trkpt lat="35.651488" lon="128.710295">
        <ele>100.2</ele>
      </trkpt>
      <trkpt lat="35.651495" lon="128.710350">
        <ele>100.3</ele>
      </trkpt>
      <trkpt lat="35.651501" lon="128.710405">
        <ele>100.5</ele>
      </trkpt>
      <trkpt lat="35.651507" lon="128.710460">
        <ele>100.7</ele>
      </trkpt>
      <trkpt lat="35.651514" lon="128.710514">
        <ele>100.9</ele>
      </trkpt>
      <trkpt lat="35.651520" lon="128.710569">
        <ele>101.0</ele>
      </trkpt>
      <trkpt lat="35.651527" lon="128.710624">
        <ele>101.2</ele>
      </trkpt>
      <trkpt lat="35.651533" lon="128.710679">
        <ele>101.4</ele>
      </trkpt>
      <trkpt lat="35.651539" lon="128.710734">
        <ele>101.6</ele>
      </trkpt>
      <trkpt lat="35.651546" lon="128.710788">
        <ele>101.7</ele>
      </trkpt>
      <trkpt lat="35.651552" lon="128.710843">
        <ele>101.9</ele>
      </trkpt>
      <trkpt lat="35.651558" lon="128.710898">
        <ele>102.1</ele>
      </trkpt>
      <trkpt lat="35.651565" lon="128.710953">
        <ele>102.3</ele>
      </trkpt>
      <trkpt lat="35.651569" lon="128.711008">
        <ele>102.3</ele>
      </trkpt>
      <trkpt lat="35.651572" lon="128.711063">
        <ele>102.3</ele>
      </trkpt>
      <trkpt lat="35.651576" lon="128.711118">
        <ele>102.3</ele>
      </trkpt>
      <trkpt lat="35.651579" lon="128.711173">
        <ele>102.3</ele>
      </trkpt>
      <trkpt lat="35.651581" lon="128.711229">
        <ele>102.3</ele>
      </trkpt>
      <trkpt lat="35.651583" lon="128.711284">
        <ele>102.3</ele>
      </trkpt>
      <trkpt lat="35.651585" lon="128.711339">
        <ele>102.3</ele>
      </trkpt>
      <trkpt lat="35.651586" lon="128.711394">
        <ele>102.3</ele>
      </trkpt>
      <trkpt lat="35.651588" lon="128.711450">
        <ele>102.3</ele>
      </trkpt>
      <trkpt lat="35.651586" lon="128.711505">
        <ele>102.3</ele>
      </trkpt>
      <trkpt lat="35.651584" lon="128.711560">
        <ele>102.3</ele>
      </trkpt>
      <trkpt lat="35.651583" lon="128.711616">
        <ele>102.3</ele>
      </trkpt>
      <trkpt lat="35.651581" lon="128.711671">
        <ele>102.3</ele>
      </trkpt>
      <trkpt lat="35.651579" lon="128.711726">
        <ele>102.3</ele>
      </trkpt>
      <trkpt lat="35.651577" lon="128.711782">
        <ele>102.3</ele>
      </trkpt>
      <trkpt lat="35.651576" lon="128.711837">
        <ele>102.3</ele>
      </trkpt>
      <trkpt lat="35.651574" lon="128.711892">
        <ele>102.3</ele>
      </trkpt>
      <trkpt lat="35.651572" lon="128.711947">
        <ele>102.3</ele>
      </trkpt>
      <trkpt lat="35.651570" lon="128.712003">
        <ele>102.3</ele>
      </trkpt>
      <trkpt lat="35.651569" lon="128.712058">
        <ele>102.3</ele>
      </trkpt>
      <trkpt lat="35.651567" lon="128.712113">
        <ele>102.3</ele>
      </trkpt>
      <trkpt lat="35.651565" lon="128.712169">
        <ele>102.3</ele>
      </trkpt>
      <trkpt lat="35.651566" lon="128.712224">
        <ele>102.3</ele>
      </trkpt>
      <trkpt lat="35.651567" lon="128.712279">
        <ele>102.3</ele>
      </trkpt>
      <trkpt lat="35.651568" lon="128.712335">
        <ele>102.3</ele>
      </trkpt>
      <trkpt lat="35.651569" lon="128.712390">
        <ele>102.3</ele>
      </trkpt>
      <trkpt lat="35.651570" lon="128.712445">
        <ele>102.3</ele>
      </trkpt>
      <trkpt lat="35.651567" lon="128.712500">
        <ele>102.3</ele>
      </trkpt>
      <trkpt lat="35.651562" lon="128.712555">
        <ele>102.4</ele>
      </trkpt>
      <trkpt lat="35.651558" lon="128.712611">
        <ele>102.4</ele>
      </trkpt>
      <trkpt lat="35.651554" lon="128.712666">
        <ele>102.4</ele>
      </trkpt>
      <trkpt lat="35.651549" lon="128.712721">
        <ele>102.5</ele>
      </trkpt>
      <trkpt lat="35.651545" lon="128.712776">
        <ele>102.5</ele>
      </trkpt>
      <trkpt lat="35.651540" lon="128.712831">
        <ele>102.5</ele>
      </trkpt>
      <trkpt lat="35.651536" lon="128.712886">
        <ele>102.6</ele>
      </trkpt>
      <trkpt lat="35.651532" lon="128.712941">
        <ele>102.6</ele>
      </trkpt>
      <trkpt lat="35.651527" lon="128.712996">
        <ele>102.6</ele>
      </trkpt>
      <trkpt lat="35.651523" lon="128.713051">
        <ele>102.7</ele>
      </trkpt>
      <trkpt lat="35.651519" lon="128.713106">
        <ele>102.7</ele>
      </trkpt>
      <trkpt lat="35.651514" lon="128.713161">
        <ele>102.7</ele>
      </trkpt>
      <trkpt lat="35.651510" lon="128.713216">
        <ele>102.8</ele>
      </trkpt>
      <trkpt lat="35.651506" lon="128.713271">
        <ele>102.8</ele>
      </trkpt>
      <trkpt lat="35.651503" lon="128.713327">
        <ele>102.9</ele>
      </trkpt>
      <trkpt lat="35.651502" lon="128.713382">
        <ele>102.9</ele>
      </trkpt>
      <trkpt lat="35.651500" lon="128.713437">
        <ele>103.0</ele>
      </trkpt>
      <trkpt lat="35.651498" lon="128.713493">
        <ele>103.1</ele>
      </trkpt>
      <trkpt lat="35.651496" lon="128.713548">
        <ele>103.1</ele>
      </trkpt>
      <trkpt lat="35.651495" lon="128.713603">
        <ele>103.2</ele>
      </trkpt>
      <trkpt lat="35.651493" lon="128.713658">
        <ele>103.2</ele>
      </trkpt>
      <trkpt lat="35.651491" lon="128.713714">
        <ele>103.3</ele>
      </trkpt>
      <trkpt lat="35.651489" lon="128.713769">
        <ele>103.4</ele>
      </trkpt>
      <trkpt lat="35.651488" lon="128.713824">
        <ele>103.4</ele>
      </trkpt>
      <trkpt lat="35.651487" lon="128.713880">
        <ele>103.5</ele>
      </trkpt>
      <trkpt lat="35.651491" lon="128.713935">
        <ele>103.5</ele>
      </trkpt>
      <trkpt lat="35.651495" lon="128.713990">
        <ele>103.5</ele>
      </trkpt>
      <trkpt lat="35.651499" lon="128.714045">
        <ele>103.5</ele>
      </trkpt>
      <trkpt lat="35.651503" lon="128.714100">
        <ele>103.5</ele>
      </trkpt>
      <trkpt lat="35.651507" lon="128.714155">
        <ele>103.5</ele>
      </trkpt>
      <trkpt lat="35.651512" lon="128.714210">
        <ele>103.5</ele>
      </trkpt>
      <trkpt lat="35.651516" lon="128.714265">
        <ele>103.5</ele>
      </trkpt>
      <trkpt lat="35.651520" lon="128.714320">
        <ele>103.5</ele>
      </trkpt>
      <trkpt lat="35.651520" lon="128.714376">
        <ele>103.5</ele>
      </trkpt>
      <trkpt lat="35.651518" lon="128.714431">
        <ele>103.6</ele>
      </trkpt>
      <trkpt lat="35.651516" lon="128.714486">
        <ele>103.6</ele>
      </trkpt>
      <trkpt lat="35.651514" lon="128.714542">
        <ele>103.7</ele>
      </trkpt>
      <trkpt lat="35.651513" lon="128.714597">
        <ele>103.7</ele>
      </trkpt>
      <trkpt lat="35.651511" lon="128.714652">
        <ele>103.8</ele>
      </trkpt>
      <trkpt lat="35.651508" lon="128.714705">
        <ele>103.7</ele>
      </trkpt>
      <trkpt lat="35.651508" lon="128.714759">
        <ele>103.6</ele>
      </trkpt>
      <trkpt lat="35.651506" lon="128.714815">
        <ele>103.6</ele>
      </trkpt>
      <trkpt lat="35.651505" lon="128.714870">
        <ele>103.7</ele>
      </trkpt>
      <trkpt lat="35.651503" lon="128.714925">
        <ele>103.8</ele>
      </trkpt>
      <trkpt lat="35.651501" lon="128.714981">
        <ele>103.8</ele>
      </trkpt>
      <trkpt lat="35.651498" lon="128.715036">
        <ele>103.8</ele>
      </trkpt>
      <trkpt lat="35.651495" lon="128.715091">
        <ele>103.7</ele>
      </trkpt>
      <trkpt lat="35.651493" lon="128.715146">
        <ele>103.7</ele>
      </trkpt>
      <trkpt lat="35.651490" lon="128.715202">
        <ele>103.7</ele>
      </trkpt>
      <trkpt lat="35.651488" lon="128.715257">
        <ele>103.7</ele>
      </trkpt>
      <trkpt lat="35.651485" lon="128.715312">
        <ele>103.6</ele>
      </trkpt>
      <trkpt lat="35.651482" lon="128.715367">
        <ele>103.6</ele>
      </trkpt>
      <trkpt lat="35.651480" lon="128.715423">
        <ele>103.6</ele>
      </trkpt>
      <trkpt lat="35.651477" lon="128.715478">
        <ele>103.6</ele>
      </trkpt>
      <trkpt lat="35.651475" lon="128.715533">
        <ele>103.5</ele>
      </trkpt>
      <trkpt lat="35.651472" lon="128.715588">
        <ele>103.5</ele>
      </trkpt>
      <trkpt lat="35.651470" lon="128.715644">
        <ele>103.5</ele>
      </trkpt>
      <trkpt lat="35.651467" lon="128.715699">
        <ele>103.5</ele>
      </trkpt>
      <trkpt lat="35.651464" lon="128.715754">
        <ele>103.4</ele>
      </trkpt>
      <trkpt lat="35.651462" lon="128.715809">
        <ele>103.4</ele>
      </trkpt>
      <trkpt lat="35.651459" lon="128.715865">
        <ele>103.4</ele>
      </trkpt>
      <trkpt lat="35.651457" lon="128.715920">
        <ele>103.4</ele>
      </trkpt>
      <trkpt lat="35.651454" lon="128.715975">
        <ele>103.3</ele>
      </trkpt>
      <trkpt lat="35.651451" lon="128.716030">
        <ele>103.3</ele>
      </trkpt>
      <trkpt lat="35.651449" lon="128.716085">
        <ele>103.3</ele>
      </trkpt>
      <trkpt lat="35.651446" lon="128.716141">
        <ele>103.3</ele>
      </trkpt>
      <trkpt lat="35.651444" lon="128.716196">
        <ele>103.2</ele>
      </trkpt>
      <trkpt lat="35.651441" lon="128.716251">
        <ele>103.2</ele>
      </trkpt>
      <trkpt lat="35.651438" lon="128.716306">
        <ele>103.2</ele>
      </trkpt>
      <trkpt lat="35.651436" lon="128.716362">
        <ele>103.2</ele>
      </trkpt>
      <trkpt lat="35.651433" lon="128.716417">
        <ele>103.1</ele>
      </trkpt>
      <trkpt lat="35.651431" lon="128.716472">
        <ele>103.1</ele>
      </trkpt>
      <trkpt lat="35.651428" lon="128.716527">
        <ele>103.1</ele>
      </trkpt>
      <trkpt lat="35.651426" lon="128.716583">
        <ele>103.1</ele>
      </trkpt>
      <trkpt lat="35.651423" lon="128.716638">
        <ele>103.0</ele>
      </trkpt>
      <trkpt lat="35.651420" lon="128.716693">
        <ele>103.0</ele>
      </trkpt>
      <trkpt lat="35.651418" lon="128.716748">
        <ele>101.8</ele>
      </trkpt>
      <trkpt lat="35.651416" lon="128.716804">
        <ele>100.4</ele>
      </trkpt>
      <trkpt lat="35.651415" lon="128.716849">
        <ele>102.8</ele>
      </trkpt>
      <trkpt lat="35.651413" lon="128.716904">
        <ele>102.7</ele>
      </trkpt>
      <trkpt lat="35.651412" lon="128.716959">
        <ele>102.7</ele>
      </trkpt>
      <trkpt lat="35.651410" lon="128.717015">
        <ele>102.6</ele>
      </trkpt>
      <trkpt lat="35.651408" lon="128.717070">
        <ele>102.6</ele>
      </trkpt>
      <trkpt lat="35.651406" lon="128.717125">
        <ele>102.5</ele>
      </trkpt>
      <trkpt lat="35.651405" lon="128.717181">
        <ele>102.5</ele>
      </trkpt>
      <trkpt lat="35.651403" lon="128.717236">
        <ele>102.4</ele>
      </trkpt>
      <trkpt lat="35.651401" lon="128.717291">
        <ele>102.3</ele>
      </trkpt>
      <trkpt lat="35.651399" lon="128.717346">
        <ele>102.3</ele>
      </trkpt>
      <trkpt lat="35.651398" lon="128.717402">
        <ele>102.2</ele>
      </trkpt>
      <trkpt lat="35.651396" lon="128.717457">
        <ele>102.2</ele>
      </trkpt>
      <trkpt lat="35.651394" lon="128.717512">
        <ele>102.1</ele>
      </trkpt>
      <trkpt lat="35.651393" lon="128.717568">
        <ele>102.1</ele>
      </trkpt>
      <trkpt lat="35.651391" lon="128.717623">
        <ele>102.0</ele>
      </trkpt>
      <trkpt lat="35.651389" lon="128.717678">
        <ele>102.0</ele>
      </trkpt>
      <trkpt lat="35.651387" lon="128.717733">
        <ele>101.9</ele>
      </trkpt>
      <trkpt lat="35.651386" lon="128.717789">
        <ele>101.9</ele>
      </trkpt>
      <trkpt lat="35.651384" lon="128.717844">
        <ele>101.8</ele>
      </trkpt>
      <trkpt lat="35.651382" lon="128.717899">
        <ele>101.8</ele>
      </trkpt>
      <trkpt lat="35.651380" lon="128.717955">
        <ele>101.7</ele>
      </trkpt>
      <trkpt lat="35.651379" lon="128.718010">
        <ele>101.7</ele>
      </trkpt>
      <trkpt lat="35.651377" lon="128.718065">
        <ele>101.6</ele>
      </trkpt>
      <trkpt lat="35.651375" lon="128.718121">
        <ele>101.5</ele>
      </trkpt>
      <trkpt lat="35.651373" lon="128.718176">
        <ele>101.5</ele>
      </trkpt>
      <trkpt lat="35.651372" lon="128.718231">
        <ele>101.4</ele>
      </trkpt>
      <trkpt lat="35.651370" lon="128.718286">
        <ele>101.4</ele>
      </trkpt>
      <trkpt lat="35.651368" lon="128.718342">
        <ele>101.3</ele>
      </trkpt>
      <trkpt lat="35.651367" lon="128.718397">
        <ele>101.3</ele>
      </trkpt>
      <trkpt lat="35.651365" lon="128.718452">
        <ele>101.2</ele>
      </trkpt>
      <trkpt lat="35.651363" lon="128.718508">
        <ele>101.2</ele>
      </trkpt>
      <trkpt lat="35.651361" lon="128.718563">
        <ele>101.1</ele>
      </trkpt>
      <trkpt lat="35.651360" lon="128.718618">
        <ele>101.1</ele>
      </trkpt>
      <trkpt lat="35.651358" lon="128.718674">
        <ele>101.0</ele>
      </trkpt>
      <trkpt lat="35.651356" lon="128.718729">
        <ele>101.0</ele>
      </trkpt>
      <trkpt lat="35.651354" lon="128.718784">
        <ele>100.9</ele>
      </trkpt>
      <trkpt lat="35.651353" lon="128.718839">
        <ele>100.9</ele>
      </trkpt>
      <trkpt lat="35.651351" lon="128.718895">
        <ele>100.8</ele>
      </trkpt>
      <trkpt lat="35.651349" lon="128.718950">
        <ele>100.7</ele>
      </trkpt>
      <trkpt lat="35.651348" lon="128.719005">
        <ele>100.7</ele>
      </trkpt>
      <trkpt lat="35.651346" lon="128.719061">
        <ele>100.6</ele>
      </trkpt>
      <trkpt lat="35.651344" lon="128.719116">
        <ele>100.6</ele>
      </trkpt>
      <trkpt lat="35.651342" lon="128.719171">
        <ele>100.5</ele>
      </trkpt>
      <trkpt lat="35.651341" lon="128.719226">
        <ele>100.5</ele>
      </trkpt>
      <trkpt lat="35.651339" lon="128.719282">
        <ele>100.4</ele>
      </trkpt>
      <trkpt lat="35.651337" lon="128.719337">
        <ele>100.4</ele>
      </trkpt>
      <trkpt lat="35.651335" lon="128.719392">
        <ele>100.3</ele>
      </trkpt>
      <trkpt lat="35.651334" lon="128.719448">
        <ele>100.3</ele>
      </trkpt>
      <trkpt lat="35.651332" lon="128.719503">
        <ele>100.2</ele>
      </trkpt>
      <trkpt lat="35.651330" lon="128.719558">
        <ele>100.2</ele>
      </trkpt>
      <trkpt lat="35.651328" lon="128.719614">
        <ele>100.1</ele>
      </trkpt>
      <trkpt lat="35.651327" lon="128.719669">
        <ele>100.1</ele>
      </trkpt>
      <trkpt lat="35.651325" lon="128.719724">
        <ele>100.0</ele>
      </trkpt>
      <trkpt lat="35.651331" lon="128.719770">
        <ele>100.0</ele>
      </trkpt>
      <trkpt lat="35.651329" lon="128.719825">
        <ele>100.0</ele>
      </trkpt>
      <trkpt lat="35.651326" lon="128.719880">
        <ele>100.0</ele>
      </trkpt>
      <trkpt lat="35.651324" lon="128.719936">
        <ele>100.0</ele>
      </trkpt>
      <trkpt lat="35.651321" lon="128.719991">
        <ele>100.0</ele>
      </trkpt>
      <trkpt lat="35.651319" lon="128.720046">
        <ele>100.0</ele>
      </trkpt>
      <trkpt lat="35.651316" lon="128.720101">
        <ele>100.0</ele>
      </trkpt>
      <trkpt lat="35.651314" lon="128.720157">
        <ele>100.0</ele>
      </trkpt>
      <trkpt lat="35.651311" lon="128.720212">
        <ele>100.0</ele>
      </trkpt>
      <trkpt lat="35.651309" lon="128.720267">
        <ele>100.0</ele>
      </trkpt>
      <trkpt lat="35.651307" lon="128.720322">
        <ele>100.0</ele>
      </trkpt>
      <trkpt lat="35.651305" lon="128.720378">
        <ele>100.0</ele>
      </trkpt>
      <trkpt lat="35.651271" lon="128.720395">
        <ele>101.0</ele>
      </trkpt>
      <trkpt lat="35.651300" lon="128.720385">
        <ele>100.0</ele>
      </trkpt>
      <trkpt lat="35.651267" lon="128.720371">
        <ele>100.3</ele>
      </trkpt>
      <trkpt lat="35.651223" lon="128.720357">
        <ele>100.5</ele>
      </trkpt>
      <trkpt lat="35.651180" lon="128.720343">
        <ele>100.8</ele>
      </trkpt>
      <trkpt lat="35.651136" lon="128.720329">
        <ele>101.1</ele>
      </trkpt>
      <trkpt lat="35.651093" lon="128.720314">
        <ele>101.4</ele>
      </trkpt>
      <trkpt lat="35.651049" lon="128.720300">
        <ele>101.7</ele>
      </trkpt>
      <trkpt lat="35.651006" lon="128.720286">
        <ele>102.0</ele>
      </trkpt>
      <trkpt lat="35.650962" lon="128.720272">
        <ele>102.2</ele>
      </trkpt>
      <trkpt lat="35.650919" lon="128.720257">
        <ele>102.5</ele>
      </trkpt>
      <trkpt lat="35.650876" lon="128.720243">
        <ele>102.8</ele>
      </trkpt>
      <trkpt lat="35.650832" lon="128.720229">
        <ele>103.1</ele>
      </trkpt>
      <trkpt lat="35.650789" lon="128.720215">
        <ele>103.4</ele>
      </trkpt>
      <trkpt lat="35.650745" lon="128.720201">
        <ele>103.6</ele>
      </trkpt>
      <trkpt lat="35.650701" lon="128.720188">
        <ele>103.9</ele>
      </trkpt>
      <trkpt lat="35.650658" lon="128.720175">
        <ele>104.1</ele>
      </trkpt>
      <trkpt lat="35.650614" lon="128.720163">
        <ele>104.3</ele>
      </trkpt>
      <trkpt lat="35.650570" lon="128.720150">
        <ele>104.6</ele>
      </trkpt>
      <trkpt lat="35.650526" lon="128.720137">
        <ele>104.8</ele>
      </trkpt>
      <trkpt lat="35.650483" lon="128.720124">
        <ele>105.0</ele>
      </trkpt>
      <trkpt lat="35.650439" lon="128.720111">
        <ele>105.3</ele>
      </trkpt>
      <trkpt lat="35.650395" lon="128.720098">
        <ele>105.5</ele>
      </trkpt>
      <trkpt lat="35.650352" lon="128.720085">
        <ele>105.7</ele>
      </trkpt>
      <trkpt lat="35.650308" lon="128.720072">
        <ele>106.0</ele>
      </trkpt>
      <trkpt lat="35.650264" lon="128.720059">
        <ele>106.2</ele>
      </trkpt>
      <trkpt lat="35.650220" lon="128.720046">
        <ele>106.4</ele>
      </trkpt>
      <trkpt lat="35.650177" lon="128.720033">
        <ele>106.7</ele>
      </trkpt>
      <trkpt lat="35.650133" lon="128.720020">
        <ele>106.9</ele>
      </trkpt>
      <trkpt lat="35.650089" lon="128.720007">
        <ele>107.1</ele>
      </trkpt>
      <trkpt lat="35.650045" lon="128.719994">
        <ele>107.4</ele>
      </trkpt>
      <trkpt lat="35.650002" lon="128.719982">
        <ele>107.6</ele>
      </trkpt>
      <trkpt lat="35.649958" lon="128.719969">
        <ele>107.8</ele>
      </trkpt>
      <trkpt lat="35.649914" lon="128.719956">
        <ele>108.1</ele>
      </trkpt>
      <trkpt lat="35.649871" lon="128.719943">
        <ele>108.3</ele>
      </trkpt>
      <trkpt lat="35.649827" lon="128.719930">
        <ele>108.5</ele>
      </trkpt>
      <trkpt lat="35.649783" lon="128.719917">
        <ele>108.8</ele>
      </trkpt>
      <trkpt lat="35.649739" lon="128.719904">
        <ele>109.0</ele>
      </trkpt>
      <trkpt lat="35.649696" lon="128.719891">
        <ele>109.2</ele>
      </trkpt>
      <trkpt lat="35.649652" lon="128.719878">
        <ele>109.5</ele>
      </trkpt>
      <trkpt lat="35.649608" lon="128.719865">
        <ele>109.7</ele>
      </trkpt>
      <trkpt lat="35.649565" lon="128.719852">
        <ele>109.9</ele>
      </trkpt>
      <trkpt lat="35.649521" lon="128.719840">
        <ele>110.1</ele>
      </trkpt>
      <trkpt lat="35.649477" lon="128.719829">
        <ele>110.3</ele>
      </trkpt>
      <trkpt lat="35.649433" lon="128.719817">
        <ele>110.5</ele>
      </trkpt>
      <trkpt lat="35.649389" lon="128.719805">
        <ele>110.7</ele>
      </trkpt>
      <trkpt lat="35.649345" lon="128.719794">
        <ele>110.9</ele>
      </trkpt>
      <trkpt lat="35.649301" lon="128.719782">
        <ele>111.1</ele>
      </trkpt>
      <trkpt lat="35.649257" lon="128.719771">
        <ele>111.3</ele>
      </trkpt>
      <trkpt lat="35.649213" lon="128.719759">
        <ele>111.5</ele>
      </trkpt>
      <trkpt lat="35.649169" lon="128.719747">
        <ele>111.7</ele>
      </trkpt>
      <trkpt lat="35.649125" lon="128.719736">
        <ele>111.9</ele>
      </trkpt>
      <trkpt lat="35.649081" lon="128.719724">
        <ele>112.0</ele>
      </trkpt>
      <trkpt lat="35.649037" lon="128.719713">
        <ele>112.2</ele>
      </trkpt>
      <trkpt lat="35.648992" lon="128.719709">
        <ele>112.6</ele>
      </trkpt>
      <trkpt lat="35.648947" lon="128.719709">
        <ele>113.0</ele>
      </trkpt>
      <trkpt lat="35.648902" lon="128.719709">
        <ele>113.3</ele>
      </trkpt>
      <trkpt lat="35.648857" lon="128.719709">
        <ele>113.7</ele>
      </trkpt>
      <trkpt lat="35.648820" lon="128.719709">
        <ele>113.0</ele>
      </trkpt>
      <trkpt lat="35.648775" lon="128.719709">
        <ele>113.2</ele>
      </trkpt>
      <trkpt lat="35.648730" lon="128.719709">
        <ele>113.5</ele>
      </trkpt>
      <trkpt lat="35.648685" lon="128.719709">
        <ele>113.7</ele>
      </trkpt>
      <trkpt lat="35.648641" lon="128.719714">
        <ele>114.0</ele>
      </trkpt>
      <trkpt lat="35.648596" lon="128.719722">
        <ele>114.2</ele>
      </trkpt>
      <trkpt lat="35.648552" lon="128.719730">
        <ele>114.5</ele>
      </trkpt>
      <trkpt lat="35.648507" lon="128.719737">
        <ele>114.8</ele>
      </trkpt>
      <trkpt lat="35.648463" lon="128.719745">
        <ele>115.0</ele>
      </trkpt>
      <trkpt lat="35.648418" lon="128.719752">
        <ele>115.3</ele>
      </trkpt>
      <trkpt lat="35.648374" lon="128.719763">
        <ele>115.6</ele>
      </trkpt>
      <trkpt lat="35.648332" lon="128.719781">
        <ele>115.9</ele>
      </trkpt>
      <trkpt lat="35.648289" lon="128.719800">
        <ele>116.2</ele>
      </trkpt>
      <trkpt lat="35.648247" lon="128.719818">
        <ele>116.5</ele>
      </trkpt>
      <trkpt lat="35.648205" lon="128.719837">
        <ele>116.8</ele>
      </trkpt>
      <trkpt lat="35.648162" lon="128.719855">
        <ele>117.0</ele>
      </trkpt>
      <trkpt lat="35.648120" lon="128.719874">
        <ele>117.3</ele>
      </trkpt>
      <trkpt lat="35.648077" lon="128.719892">
        <ele>117.6</ele>
      </trkpt>
      <trkpt lat="35.648035" lon="128.719910">
        <ele>117.9</ele>
      </trkpt>
      <trkpt lat="35.647993" lon="128.719929">
        <ele>118.2</ele>
      </trkpt>
      <trkpt lat="35.647950" lon="128.719947">
        <ele>118.5</ele>
      </trkpt>
      <trkpt lat="35.647908" lon="128.719966">
        <ele>118.8</ele>
      </trkpt>
      <trkpt lat="35.647865" lon="128.719982">
        <ele>119.2</ele>
      </trkpt>
      <trkpt lat="35.647821" lon="128.719994">
        <ele>119.7</ele>
      </trkpt>
      <trkpt lat="35.647777" lon="128.720006">
        <ele>120.2</ele>
      </trkpt>
      <trkpt lat="35.647789" lon="128.720048">
        <ele>120.3</ele>
      </trkpt>
      <trkpt lat="35.647814" lon="128.720094">
        <ele>120.2</ele>
      </trkpt>
      <trkpt lat="35.647838" lon="128.720140">
        <ele>120.1</ele>
      </trkpt>
      <trkpt lat="35.647863" lon="128.720187">
        <ele>120.1</ele>
      </trkpt>
      <trkpt lat="35.647887" lon="128.720233">
        <ele>120.0</ele>
      </trkpt>
      <trkpt lat="35.647919" lon="128.720265">
        <ele>120.0</ele>
      </trkpt>
      <trkpt lat="35.647964" lon="128.720274">
        <ele>120.0</ele>
      </trkpt>
      <trkpt lat="35.648008" lon="128.720283">
        <ele>120.0</ele>
      </trkpt>
      <trkpt lat="35.648053" lon="128.720289">
        <ele>119.9</ele>
      </trkpt>
      <trkpt lat="35.648098" lon="128.720288">
        <ele>119.8</ele>
      </trkpt>
      <trkpt lat="35.648143" lon="128.720287">
        <ele>119.6</ele>
      </trkpt>
      <trkpt lat="35.648188" lon="128.720286">
        <ele>119.5</ele>
      </trkpt>
      <trkpt lat="35.648233" lon="128.720285">
        <ele>119.3</ele>
      </trkpt>
      <trkpt lat="35.648278" lon="128.720284">
        <ele>119.2</ele>
      </trkpt>
      <trkpt lat="35.648322" lon="128.720283">
        <ele>119.0</ele>
      </trkpt>
      <trkpt lat="35.648367" lon="128.720283">
        <ele>118.8</ele>
      </trkpt>
      <trkpt lat="35.648412" lon="128.720282">
        <ele>118.7</ele>
      </trkpt>
      <trkpt lat="35.648457" lon="128.720281">
        <ele>118.5</ele>
      </trkpt>
      <trkpt lat="35.648502" lon="128.720280">
        <ele>118.4</ele>
      </trkpt>
      <trkpt lat="35.648547" lon="128.720279">
        <ele>118.2</ele>
      </trkpt>
      <trkpt lat="35.648592" lon="128.720278">
        <ele>118.0</ele>
      </trkpt>
      <trkpt lat="35.648605" lon="128.720278">
        <ele>118.0</ele>
      </trkpt>
    </trkseg>
  </trk>
</gpx>