<?xml version="1.0" encoding="UTF-8"?>
<gpx version="1.1" creator="Runruun Standard GPX Engine" xmlns="http://www.topografix.com/GPX/1/1">
  <metadata>
    <name>egg_run_half</name>
  </metadata>
  <trk>
    <name>egg_run_half</name>
    <trkseg>
      <trkpt lat="37.557591" lon="126.612185">
        <ele>2.0</ele>
      </trkpt>
      <trkpt lat="37.557633" lon="126.612168">
        <ele>2.0</ele>
      </trkpt>
      <trkpt lat="37.557647" lon="126.612222">
        <ele>2.0</ele>
      </trkpt>
      <trkpt lat="37.557662" lon="126.612275">
        <ele>1.9</ele>
      </trkpt>
      <trkpt lat="37.557677" lon="126.612329">
        <ele>1.9</ele>
      </trkpt>
      <trkpt lat="37.557691" lon="126.612382">
        <ele>1.8</ele>
      </trkpt>
      <trkpt lat="37.557706" lon="126.612436">
        <ele>1.8</ele>
      </trkpt>
      <trkpt lat="37.557720" lon="126.612490">
        <ele>1.7</ele>
      </trkpt>
      <trkpt lat="37.557735" lon="126.612543">
        <ele>1.7</ele>
      </trkpt>
      <trkpt lat="37.557750" lon="126.612597">
        <ele>1.7</ele>
      </trkpt>
      <trkpt lat="37.557764" lon="126.612650">
        <ele>1.6</ele>
      </trkpt>
      <trkpt lat="37.557779" lon="126.612704">
        <ele>1.6</ele>
      </trkpt>
      <trkpt lat="37.557794" lon="126.612758">
        <ele>1.5</ele>
      </trkpt>
      <trkpt lat="37.557808" lon="126.612811">
        <ele>1.5</ele>
      </trkpt>
      <trkpt lat="37.557823" lon="126.612865">
        <ele>1.4</ele>
      </trkpt>
      <trkpt lat="37.557838" lon="126.612919">
        <ele>1.4</ele>
      </trkpt>
      <trkpt lat="37.557852" lon="126.612972">
        <ele>1.4</ele>
      </trkpt>
      <trkpt lat="37.557867" lon="126.613026">
        <ele>1.3</ele>
      </trkpt>
      <trkpt lat="37.557882" lon="126.613079">
        <ele>1.3</ele>
      </trkpt>
      <trkpt lat="37.557896" lon="126.613133">
        <ele>1.2</ele>
      </trkpt>
      <trkpt lat="37.557911" lon="126.613187">
        <ele>1.2</ele>
      </trkpt>
      <trkpt lat="37.557926" lon="126.613240">
        <ele>1.2</ele>
      </trkpt>
      <trkpt lat="37.557940" lon="126.613294">
        <ele>1.1</ele>
      </trkpt>
      <trkpt lat="37.557955" lon="126.613348">
        <ele>1.1</ele>
      </trkpt>
      <trkpt lat="37.557970" lon="126.613401">
        <ele>1.0</ele>
      </trkpt>
      <trkpt lat="37.557984" lon="126.613455">
        <ele>1.0</ele>
      </trkpt>
      <trkpt lat="37.557999" lon="126.613508">
        <ele>1.1</ele>
      </trkpt>
      <trkpt lat="37.558014" lon="126.613562">
        <ele>1.2</ele>
      </trkpt>
      <trkpt lat="37.558028" lon="126.613616">
        <ele>1.3</ele>
      </trkpt>
      <trkpt lat="37.558043" lon="126.613669">
        <ele>1.4</ele>
      </trkpt>
      <trkpt lat="37.558058" lon="126.613723">
        <ele>1.4</ele>
      </trkpt>
      <trkpt lat="37.558072" lon="126.613777">
        <ele>1.5</ele>
      </trkpt>
      <trkpt lat="37.558087" lon="126.613830">
        <ele>1.6</ele>
      </trkpt>
      <trkpt lat="37.558102" lon="126.613884">
        <ele>1.7</ele>
      </trkpt>
      <trkpt lat="37.558116" lon="126.613937">
        <ele>1.8</ele>
      </trkpt>
      <trkpt lat="37.558131" lon="126.613991">
        <ele>1.8</ele>
      </trkpt>
      <trkpt lat="37.558146" lon="126.614045">
        <ele>1.9</ele>
      </trkpt>
      <trkpt lat="37.558160" lon="126.614098">
        <ele>2.0</ele>
      </trkpt>
      <trkpt lat="37.558175" lon="126.614152">
        <ele>2.1</ele>
      </trkpt>
      <trkpt lat="37.558190" lon="126.614206">
        <ele>2.2</ele>
      </trkpt>
      <trkpt lat="37.558204" lon="126.614259">
        <ele>2.2</ele>
      </trkpt>
      <trkpt lat="37.558219" lon="126.614313">
        <ele>2.3</ele>
      </trkpt>
      <trkpt lat="37.558234" lon="126.614366">
        <ele>2.4</ele>
      </trkpt>
      <trkpt lat="37.558248" lon="126.614420">
        <ele>2.5</ele>
      </trkpt>
      <trkpt lat="37.558263" lon="126.614474">
        <ele>2.6</ele>
      </trkpt>
      <trkpt lat="37.558278" lon="126.614527">
        <ele>2.6</ele>
      </trkpt>
      <trkpt lat="37.558292" lon="126.614581">
        <ele>2.7</ele>
      </trkpt>
      <trkpt lat="37.558307" lon="126.614634">
        <ele>2.8</ele>
      </trkpt>
      <trkpt lat="37.558322" lon="126.614688">
        <ele>2.9</ele>
      </trkpt>
      <trkpt lat="37.558336" lon="126.614742">
        <ele>3.0</ele>
      </trkpt>
      <trkpt lat="37.558351" lon="126.614795">
        <ele>3.0</ele>
      </trkpt>
      <trkpt lat="37.558366" lon="126.614849">
        <ele>3.1</ele>
      </trkpt>
      <trkpt lat="37.558380" lon="126.614903">
        <ele>3.2</ele>
      </trkpt>
      <trkpt lat="37.558395" lon="126.614956">
        <ele>3.3</ele>
      </trkpt>
      <trkpt lat="37.558410" lon="126.615010">
        <ele>3.4</ele>
      </trkpt>
      <trkpt lat="37.558424" lon="126.615063">
        <ele>3.4</ele>
      </trkpt>
      <trkpt lat="37.558439" lon="126.615117">
        <ele>3.5</ele>
      </trkpt>
      <trkpt lat="37.558454" lon="126.615171">
        <ele>3.6</ele>
      </trkpt>
      <trkpt lat="37.558468" lon="126.615224">
        <ele>3.7</ele>
      </trkpt>
      <trkpt lat="37.558483" lon="126.615278">
        <ele>3.8</ele>
      </trkpt>
      <trkpt lat="37.558498" lon="126.615332">
        <ele>3.8</ele>
      </trkpt>
      <trkpt lat="37.558512" lon="126.615385">
        <ele>3.9</ele>
      </trkpt>
      <trkpt lat="37.558527" lon="126.615439">
        <ele>4.0</ele>
      </trkpt>
      <trkpt lat="37.558542" lon="126.615492">
        <ele>4.1</ele>
      </trkpt>
      <trkpt lat="37.558556" lon="126.615546">
        <ele>4.2</ele>
      </trkpt>
      <trkpt lat="37.558571" lon="126.615600">
        <ele>4.2</ele>
      </trkpt>
      <trkpt lat="37.558586" lon="126.615653">
        <ele>4.3</ele>
      </trkpt>
      <trkpt lat="37.558600" lon="126.615707">
        <ele>4.4</ele>
      </trkpt>
      <trkpt lat="37.558615" lon="126.615761">
        <ele>4.5</ele>
      </trkpt>
      <trkpt lat="37.558629" lon="126.615814">
        <ele>4.5</ele>
      </trkpt>
      <trkpt lat="37.558643" lon="126.615868">
        <ele>4.6</ele>
      </trkpt>
      <trkpt lat="37.558657" lon="126.615922">
        <ele>4.6</ele>
      </trkpt>
      <trkpt lat="37.558671" lon="126.615976">
        <ele>4.7</ele>
      </trkpt>
      <trkpt lat="37.558685" lon="126.616030">
        <ele>4.7</ele>
      </trkpt>
      <trkpt lat="37.558699" lon="126.616084">
        <ele>4.7</ele>
      </trkpt>
      <trkpt lat="37.558713" lon="126.616138">
        <ele>4.8</ele>
      </trkpt>
      <trkpt lat="37.558726" lon="126.616192">
        <ele>4.8</ele>
      </trkpt>
      <trkpt lat="37.558740" lon="126.616246">
        <ele>4.9</ele>
      </trkpt>
      <trkpt lat="37.558754" lon="126.616300">
        <ele>4.9</ele>
      </trkpt>
      <trkpt lat="37.558768" lon="126.616354">
        <ele>5.0</ele>
      </trkpt>
      <trkpt lat="37.558782" lon="126.616408">
        <ele>5.0</ele>
      </trkpt>
      <trkpt lat="37.558796" lon="126.616462">
        <ele>5.0</ele>
      </trkpt>
      <trkpt lat="37.558810" lon="126.616516">
        <ele>5.1</ele>
      </trkpt>
      <trkpt lat="37.558824" lon="126.616570">
        <ele>5.1</ele>
      </trkpt>
      <trkpt lat="37.558838" lon="126.616624">
        <ele>5.2</ele>
      </trkpt>
      <trkpt lat="37.558852" lon="126.616677">
        <ele>5.2</ele>
      </trkpt>
      <trkpt lat="37.558866" lon="126.616731">
        <ele>5.3</ele>
      </trkpt>
      <trkpt lat="37.558879" lon="126.616785">
        <ele>5.3</ele>
      </trkpt>
      <trkpt lat="37.558893" lon="126.616839">
        <ele>5.3</ele>
      </trkpt>
      <trkpt lat="37.558907" lon="126.616893">
        <ele>5.4</ele>
      </trkpt>
      <trkpt lat="37.558921" lon="126.616947">
        <ele>5.4</ele>
      </trkpt>
      <trkpt lat="37.558935" lon="126.617001">
        <ele>5.5</ele>
      </trkpt>
      <trkpt lat="37.558949" lon="126.617055">
        <ele>5.5</ele>
      </trkpt>
      <trkpt lat="37.558963" lon="126.617109">
        <ele>5.6</ele>
      </trkpt>
      <trkpt lat="37.558977" lon="126.617163">
        <ele>5.6</ele>
      </trkpt>
      <trkpt lat="37.558991" lon="126.617217">
        <ele>5.6</ele>
      </trkpt>
      <trkpt lat="37.559005" lon="126.617271">
        <ele>5.7</ele>
      </trkpt>
      <trkpt lat="37.559019" lon="126.617325">
        <ele>5.7</ele>
      </trkpt>
      <trkpt lat="37.559032" lon="126.617379">
        <ele>5.8</ele>
      </trkpt>
      <trkpt lat="37.559046" lon="126.617433">
        <ele>5.8</ele>
      </trkpt>
      <trkpt lat="37.559060" lon="126.617487">
        <ele>5.9</ele>
      </trkpt>
      <trkpt lat="37.559074" lon="126.617541">
        <ele>5.9</ele>
      </trkpt>
      <trkpt lat="37.559088" lon="126.617595">
        <ele>5.9</ele>
      </trkpt>
      <trkpt lat="37.559102" lon="126.617648">
        <ele>6.0</ele>
      </trkpt>
      <trkpt lat="37.559116" lon="126.617702">
        <ele>6.0</ele>
      </trkpt>
      <trkpt lat="37.559130" lon="126.617756">
        <ele>6.1</ele>
      </trkpt>
      <trkpt lat="37.559144" lon="126.617810">
        <ele>6.1</ele>
      </trkpt>
      <trkpt lat="37.559158" lon="126.617864">
        <ele>6.1</ele>
      </trkpt>
      <trkpt lat="37.559171" lon="126.617918">
        <ele>6.2</ele>
      </trkpt>
      <trkpt lat="37.559185" lon="126.617972">
        <ele>6.2</ele>
      </trkpt>
      <trkpt lat="37.559199" lon="126.618026">
        <ele>6.3</ele>
      </trkpt>
      <trkpt lat="37.559208" lon="126.618058">
        <ele>5.8</ele>
      </trkpt>
      <trkpt lat="37.559222" lon="126.618112">
        <ele>5.8</ele>
      </trkpt>
      <trkpt lat="37.559236" lon="126.618166">
        <ele>5.9</ele>
      </trkpt>
      <trkpt lat="37.559249" lon="126.618220">
        <ele>5.9</ele>
      </trkpt>
      <trkpt lat="37.559263" lon="126.618274">
        <ele>6.0</ele>
      </trkpt>
      <trkpt lat="37.559277" lon="126.618328">
        <ele>6.0</ele>
      </trkpt>
      <trkpt lat="37.559291" lon="126.618382">
        <ele>6.0</ele>
      </trkpt>
      <trkpt lat="37.559305" lon="126.618436">
        <ele>6.1</ele>
      </trkpt>
      <trkpt lat="37.559319" lon="126.618490">
        <ele>6.1</ele>
      </trkpt>
      <trkpt lat="37.559333" lon="126.618544">
        <ele>6.2</ele>
      </trkpt>
      <trkpt lat="37.559347" lon="126.618598">
        <ele>6.2</ele>
      </trkpt>
      <trkpt lat="37.559361" lon="126.618652">
        <ele>6.2</ele>
      </trkpt>
      <trkpt lat="37.559375" lon="126.618705">
        <ele>6.3</ele>
      </trkpt>
      <trkpt lat="37.559409" lon="126.618708">
        <ele>6.3</ele>
      </trkpt>
      <trkpt lat="37.559452" lon="126.618689">
        <ele>6.4</ele>
      </trkpt>
      <trkpt lat="37.559494" lon="126.618670">
        <ele>6.5</ele>
      </trkpt>
      <trkpt lat="37.559536" lon="126.618651">
        <ele>6.5</ele>
      </trkpt>
      <trkpt lat="37.559579" lon="126.618633">
        <ele>6.4</ele>
      </trkpt>
      <trkpt lat="37.559621" lon="126.618614">
        <ele>6.4</ele>
      </trkpt>
      <trkpt lat="37.559664" lon="126.618596">
        <ele>6.4</ele>
      </trkpt>
      <trkpt lat="37.559706" lon="126.618577">
        <ele>6.3</ele>
      </trkpt>
      <trkpt lat="37.559749" lon="126.618559">
        <ele>6.3</ele>
      </trkpt>
      <trkpt lat="37.559791" lon="126.618540">
        <ele>6.3</ele>
      </trkpt>
      <trkpt lat="37.559834" lon="126.618522">
        <ele>6.2</ele>
      </trkpt>
      <trkpt lat="37.559876" lon="126.618503">
        <ele>6.2</ele>
      </trkpt>
      <trkpt lat="37.559919" lon="126.618485">
        <ele>6.2</ele>
      </trkpt>
      <trkpt lat="37.559961" lon="126.618466">
        <ele>6.2</ele>
      </trkpt>
      <trkpt lat="37.560004" lon="126.618448">
        <ele>6.1</ele>
      </trkpt>
      <trkpt lat="37.560047" lon="126.618429">
        <ele>6.1</ele>
      </trkpt>
      <trkpt lat="37.560089" lon="126.618411">
        <ele>6.1</ele>
      </trkpt>
      <trkpt lat="37.560132" lon="126.618392">
        <ele>6.0</ele>
      </trkpt>
      <trkpt lat="37.560174" lon="126.618373">
        <ele>6.0</ele>
      </trkpt>
      <trkpt lat="37.560217" lon="126.618355">
        <ele>6.0</ele>
      </trkpt>
      <trkpt lat="37.560259" lon="126.618336">
        <ele>5.9</ele>
      </trkpt>
      <trkpt lat="37.560302" lon="126.618318">
        <ele>5.9</ele>
      </trkpt>
      <trkpt lat="37.560344" lon="126.618299">
        <ele>5.9</ele>
      </trkpt>
      <trkpt lat="37.560387" lon="126.618281">
        <ele>5.8</ele>
      </trkpt>
      <trkpt lat="37.560429" lon="126.618262">
        <ele>5.8</ele>
      </trkpt>
      <trkpt lat="37.560472" lon="126.618244">
        <ele>5.8</ele>
      </trkpt>
      <trkpt lat="37.560514" lon="126.618225">
        <ele>5.7</ele>
      </trkpt>
      <trkpt lat="37.560557" lon="126.618207">
        <ele>5.7</ele>
      </trkpt>
      <trkpt lat="37.560599" lon="126.618188">
        <ele>5.7</ele>
      </trkpt>
      <trkpt lat="37.560642" lon="126.618170">
        <ele>5.6</ele>
      </trkpt>
      <trkpt lat="37.560684" lon="126.618151">
        <ele>5.6</ele>
      </trkpt>
      <trkpt lat="37.560727" lon="126.618133">
        <ele>5.6</ele>
      </trkpt>
      <trkpt lat="37.560769" lon="126.618114">
        <ele>5.5</ele>
      </trkpt>
      <trkpt lat="37.560812" lon="126.618096">
        <ele>5.5</ele>
      </trkpt>
      <trkpt lat="37.560854" lon="126.618077">
        <ele>5.5</ele>
      </trkpt>
      <trkpt lat="37.560897" lon="126.618059">
        <ele>5.4</ele>
      </trkpt>
      <trkpt lat="37.560939" lon="126.618040">
        <ele>5.4</ele>
      </trkpt>
      <trkpt lat="37.560982" lon="126.618022">
        <ele>5.4</ele>
      </trkpt>
      <trkpt lat="37.561024" lon="126.618003">
        <ele>5.4</ele>
      </trkpt>
      <trkpt lat="37.561067" lon="126.617985">
        <ele>5.3</ele>
      </trkpt>
      <trkpt lat="37.561109" lon="126.617966">
        <ele>5.3</ele>
      </trkpt>
      <trkpt lat="37.561152" lon="126.617948">
        <ele>5.3</ele>
      </trkpt>
      <trkpt lat="37.561194" lon="126.617929">
        <ele>5.2</ele>
      </trkpt>
      <trkpt lat="37.561237" lon="126.617911">
        <ele>5.2</ele>
      </trkpt>
      <trkpt lat="37.561279" lon="126.617892">
        <ele>5.2</ele>
      </trkpt>
      <trkpt lat="37.561322" lon="126.617874">
        <ele>5.1</ele>
      </trkpt>
      <trkpt lat="37.561364" lon="126.617855">
        <ele>5.1</ele>
      </trkpt>
      <trkpt lat="37.561407" lon="126.617837">
        <ele>5.1</ele>
      </trkpt>
      <trkpt lat="37.561449" lon="126.617818">
        <ele>5.0</ele>
      </trkpt>
      <trkpt lat="37.561492" lon="126.617800">
        <ele>5.0</ele>
      </trkpt>
      <trkpt lat="37.561535" lon="126.617785">
        <ele>5.0</ele>
      </trkpt>
      <trkpt lat="37.561579" lon="126.617777">
        <ele>5.1</ele>
      </trkpt>
      <trkpt lat="37.561606" lon="126.617793">
        <ele>5.2</ele>
      </trkpt>
      <trkpt lat="37.561638" lon="126.617780">
        <ele>5.3</ele>
      </trkpt>
      <trkpt lat="37.561680" lon="126.617801">
        <ele>5.3</ele>
      </trkpt>
      <trkpt lat="37.561721" lon="126.617823">
        <ele>5.3</ele>
      </trkpt>
      <trkpt lat="37.561758" lon="126.617852">
        <ele>5.3</ele>
      </trkpt>
      <trkpt lat="37.561788" lon="126.617895">
        <ele>5.3</ele>
      </trkpt>
      <trkpt lat="37.561811" lon="126.617943">
        <ele>5.3</ele>
      </trkpt>
      <trkpt lat="37.561831" lon="126.617994">
        <ele>5.3</ele>
      </trkpt>
      <trkpt lat="37.561847" lon="126.618047">
        <ele>5.3</ele>
      </trkpt>
      <trkpt lat="37.561863" lon="126.618100">
        <ele>5.3</ele>
      </trkpt>
      <trkpt lat="37.561878" lon="126.618153">
        <ele>5.3</ele>
      </trkpt>
      <trkpt lat="37.561894" lon="126.618207">
        <ele>5.3</ele>
      </trkpt>
      <trkpt lat="37.561910" lon="126.618260">
        <ele>5.3</ele>
      </trkpt>
      <trkpt lat="37.561925" lon="126.618313">
        <ele>5.3</ele>
      </trkpt>
      <trkpt lat="37.561941" lon="126.618366">
        <ele>5.3</ele>
      </trkpt>
      <trkpt lat="37.561957" lon="126.618419">
        <ele>5.3</ele>
      </trkpt>
      <trkpt lat="37.561972" lon="126.618472">
        <ele>5.3</ele>
      </trkpt>
      <trkpt lat="37.562000" lon="126.618493">
        <ele>5.3</ele>
      </trkpt>
      <trkpt lat="37.562042" lon="126.618474">
        <ele>5.3</ele>
      </trkpt>
      <trkpt lat="37.562084" lon="126.618455">
        <ele>5.2</ele>
      </trkpt>
      <trkpt lat="37.562127" lon="126.618436">
        <ele>5.2</ele>
      </trkpt>
      <trkpt lat="37.562169" lon="126.618417">
        <ele>5.2</ele>
      </trkpt>
      <trkpt lat="37.562211" lon="126.618398">
        <ele>5.1</ele>
      </trkpt>
      <trkpt lat="37.562254" lon="126.618379">
        <ele>5.1</ele>
      </trkpt>
      <trkpt lat="37.562296" lon="126.618360">
        <ele>5.0</ele>
      </trkpt>
      <trkpt lat="37.562338" lon="126.618341">
        <ele>5.0</ele>
      </trkpt>
      <trkpt lat="37.562381" lon="126.618322">
        <ele>4.3</ele>
      </trkpt>
      <trkpt lat="37.562423" lon="126.618303">
        <ele>3.5</ele>
      </trkpt>
      <trkpt lat="37.562466" lon="126.618285">
        <ele>2.7</ele>
      </trkpt>
      <trkpt lat="37.562508" lon="126.618266">
        <ele>1.9</ele>
      </trkpt>
      <trkpt lat="37.562551" lon="126.618248">
        <ele>1.2</ele>
      </trkpt>
      <trkpt lat="37.562593" lon="126.618229">
        <ele>0.4</ele>
      </trkpt>
      <trkpt lat="37.562621" lon="126.618217">
        <ele>4.2</ele>
      </trkpt>
      <trkpt lat="37.562663" lon="126.618198">
        <ele>4.1</ele>
      </trkpt>
      <trkpt lat="37.562706" lon="126.618180">
        <ele>4.0</ele>
      </trkpt>
      <trkpt lat="37.562748" lon="126.618161">
        <ele>3.9</ele>
      </trkpt>
      <trkpt lat="37.562791" lon="126.618143">
        <ele>3.8</ele>
      </trkpt>
      <trkpt lat="37.562833" lon="126.618124">
        <ele>3.7</ele>
      </trkpt>
      <trkpt lat="37.562876" lon="126.618106">
        <ele>3.6</ele>
      </trkpt>
      <trkpt lat="37.562918" lon="126.618087">
        <ele>3.5</ele>
      </trkpt>
      <trkpt lat="37.562961" lon="126.618069">
        <ele>3.4</ele>
      </trkpt>
      <trkpt lat="37.563003" lon="126.618050">
        <ele>3.3</ele>
      </trkpt>
      <trkpt lat="37.563046" lon="126.618032">
        <ele>3.2</ele>
      </trkpt>
      <trkpt lat="37.563088" lon="126.618013">
        <ele>3.1</ele>
      </trkpt>
      <trkpt lat="37.563131" lon="126.617995">
        <ele>3.0</ele>
      </trkpt>
      <trkpt lat="37.563173" lon="126.617976">
        <ele>2.9</ele>
      </trkpt>
      <trkpt lat="37.563216" lon="126.617958">
        <ele>2.8</ele>
      </trkpt>
      <trkpt lat="37.563258" lon="126.617939">
        <ele>2.7</ele>
      </trkpt>
      <trkpt lat="37.563301" lon="126.617921">
        <ele>2.6</ele>
      </trkpt>
      <trkpt lat="37.563343" lon="126.617902">
        <ele>2.5</ele>
      </trkpt>
      <trkpt lat="37.563386" lon="126.617884">
        <ele>2.3</ele>
      </trkpt>
      <trkpt lat="37.563428" lon="126.617865">
        <ele>2.2</ele>
      </trkpt>
      <trkpt lat="37.563471" lon="126.617847">
        <ele>2.1</ele>
      </trkpt>
      <trkpt lat="37.563513" lon="126.617828">
        <ele>2.0</ele>
      </trkpt>
      <trkpt lat="37.563556" lon="126.617809">
        <ele>1.9</ele>
      </trkpt>
      <trkpt lat="37.563598" lon="126.617791">
        <ele>1.8</ele>
      </trkpt>
      <trkpt lat="37.563641" lon="126.617772">
        <ele>1.7</ele>
      </trkpt>
      <trkpt lat="37.563683" lon="126.617754">
        <ele>1.6</ele>
      </trkpt>
      <trkpt lat="37.563726" lon="126.617735">
        <ele>1.5</ele>
      </trkpt>
      <trkpt lat="37.563768" lon="126.617717">
        <ele>1.4</ele>
      </trkpt>
      <trkpt lat="37.563811" lon="126.617698">
        <ele>1.3</ele>
      </trkpt>
      <trkpt lat="37.563853" lon="126.617680">
        <ele>1.2</ele>
      </trkpt>
      <trkpt lat="37.563896" lon="126.617661">
        <ele>1.1</ele>
      </trkpt>
      <trkpt lat="37.563938" lon="126.617643">
        <ele>1.0</ele>
      </trkpt>
      <trkpt lat="37.563981" lon="126.617624">
        <ele>0.9</ele>
      </trkpt>
      <trkpt lat="37.564023" lon="126.617606">
        <ele>0.8</ele>
      </trkpt>
      <trkpt lat="37.564066" lon="126.617587">
        <ele>0.7</ele>
      </trkpt>
      <trkpt lat="37.564108" lon="126.617569">
        <ele>0.6</ele>
      </trkpt>
      <trkpt lat="37.564151" lon="126.617550">
        <ele>0.4</ele>
      </trkpt>
      <trkpt lat="37.564193" lon="126.617532">
        <ele>0.3</ele>
      </trkpt>
      <trkpt lat="37.564210" lon="126.617548">
        <ele>0.8</ele>
      </trkpt>
      <trkpt lat="37.564235" lon="126.617572">
        <ele>0.7</ele>
      </trkpt>
      <trkpt lat="37.564251" lon="126.617625">
        <ele>0.8</ele>
      </trkpt>
      <trkpt lat="37.564265" lon="126.617679">
        <ele>0.8</ele>
      </trkpt>
      <trkpt lat="37.564279" lon="126.617732">
        <ele>0.8</ele>
      </trkpt>
      <trkpt lat="37.564293" lon="126.617786">
        <ele>0.9</ele>
      </trkpt>
      <trkpt lat="37.564308" lon="126.617840">
        <ele>0.9</ele>
      </trkpt>
      <trkpt lat="37.564322" lon="126.617894">
        <ele>0.9</ele>
      </trkpt>
      <trkpt lat="37.564336" lon="126.617948">
        <ele>0.9</ele>
      </trkpt>
      <trkpt lat="37.564350" lon="126.618001">
        <ele>0.9</ele>
      </trkpt>
      <trkpt lat="37.564364" lon="126.618055">
        <ele>0.9</ele>
      </trkpt>
      <trkpt lat="37.564379" lon="126.618109">
        <ele>0.9</ele>
      </trkpt>
      <trkpt lat="37.564393" lon="126.618163">
        <ele>0.9</ele>
      </trkpt>
      <trkpt lat="37.564407" lon="126.618217">
        <ele>1.0</ele>
      </trkpt>
      <trkpt lat="37.564421" lon="126.618271">
        <ele>1.0</ele>
      </trkpt>
      <trkpt lat="37.564436" lon="126.618324">
        <ele>1.0</ele>
      </trkpt>
      <trkpt lat="37.564450" lon="126.618378">
        <ele>1.0</ele>
      </trkpt>
      <trkpt lat="37.564464" lon="126.618432">
        <ele>1.0</ele>
      </trkpt>
      <trkpt lat="37.564478" lon="126.618486">
        <ele>1.0</ele>
      </trkpt>
      <trkpt lat="37.564493" lon="126.618540">
        <ele>1.0</ele>
      </trkpt>
      <trkpt lat="37.564507" lon="126.618593">
        <ele>1.0</ele>
      </trkpt>
      <trkpt lat="37.564521" lon="126.618647">
        <ele>1.1</ele>
      </trkpt>
      <trkpt lat="37.564535" lon="126.618701">
        <ele>1.1</ele>
      </trkpt>
      <trkpt lat="37.564550" lon="126.618755">
        <ele>1.1</ele>
      </trkpt>
      <trkpt lat="37.564564" lon="126.618809">
        <ele>1.1</ele>
      </trkpt>
      <trkpt lat="37.564578" lon="126.618862">
        <ele>1.1</ele>
      </trkpt>
      <trkpt lat="37.564592" lon="126.618916">
        <ele>1.1</ele>
      </trkpt>
      <trkpt lat="37.564606" lon="126.618970">
        <ele>1.1</ele>
      </trkpt>
      <trkpt lat="37.564621" lon="126.619024">
        <ele>1.2</ele>
      </trkpt>
      <trkpt lat="37.564635" lon="126.619078">
        <ele>1.2</ele>
      </trkpt>
      <trkpt lat="37.564649" lon="126.619131">
        <ele>1.2</ele>
      </trkpt>
      <trkpt lat="37.564663" lon="126.619185">
        <ele>1.2</ele>
      </trkpt>
      <trkpt lat="37.564678" lon="126.619239">
        <ele>1.2</ele>
      </trkpt>
      <trkpt lat="37.564692" lon="126.619293">
        <ele>1.2</ele>
      </trkpt>
      <trkpt lat="37.564706" lon="126.619347">
        <ele>1.2</ele>
      </trkpt>
      <trkpt lat="37.564720" lon="126.619401">
        <ele>1.2</ele>
      </trkpt>
      <trkpt lat="37.564735" lon="126.619454">
        <ele>1.3</ele>
      </trkpt>
      <trkpt lat="37.564749" lon="126.619508">
        <ele>1.3</ele>
      </trkpt>
      <trkpt lat="37.564763" lon="126.619562">
        <ele>1.3</ele>
      </trkpt>
      <trkpt lat="37.564777" lon="126.619616">
        <ele>1.3</ele>
      </trkpt>
      <trkpt lat="37.564791" lon="126.619670">
        <ele>1.3</ele>
      </trkpt>
      <trkpt lat="37.564806" lon="126.619723">
        <ele>1.3</ele>
      </trkpt>
      <trkpt lat="37.564820" lon="126.619777">
        <ele>1.3</ele>
      </trkpt>
      <trkpt lat="37.564834" lon="126.619831">
        <ele>1.4</ele>
      </trkpt>
      <trkpt lat="37.564848" lon="126.619885">
        <ele>1.4</ele>
      </trkpt>
      <trkpt lat="37.564863" lon="126.619939">
        <ele>1.4</ele>
      </trkpt>
      <trkpt lat="37.564877" lon="126.619992">
        <ele>1.4</ele>
      </trkpt>
      <trkpt lat="37.564891" lon="126.620046">
        <ele>1.4</ele>
      </trkpt>
      <trkpt lat="37.564905" lon="126.620100">
        <ele>1.4</ele>
      </trkpt>
      <trkpt lat="37.564920" lon="126.620154">
        <ele>1.4</ele>
      </trkpt>
      <trkpt lat="37.564934" lon="126.620208">
        <ele>1.4</ele>
      </trkpt>
      <trkpt lat="37.564948" lon="126.620262">
        <ele>1.5</ele>
      </trkpt>
      <trkpt lat="37.564962" lon="126.620315">
        <ele>1.5</ele>
      </trkpt>
      <trkpt lat="37.564977" lon="126.620369">
        <ele>1.5</ele>
      </trkpt>
      <trkpt lat="37.564991" lon="126.620423">
        <ele>1.5</ele>
      </trkpt>
      <trkpt lat="37.565007" lon="126.620476">
        <ele>1.6</ele>
      </trkpt>
      <trkpt lat="37.565024" lon="126.620528">
        <ele>1.7</ele>
      </trkpt>
      <trkpt lat="37.565040" lon="126.620581">
        <ele>1.8</ele>
      </trkpt>
      <trkpt lat="37.565057" lon="126.620634">
        <ele>1.9</ele>
      </trkpt>
      <trkpt lat="37.565073" lon="126.620687">
        <ele>2.0</ele>
      </trkpt>
      <trkpt lat="37.565090" lon="126.620740">
        <ele>2.1</ele>
      </trkpt>
      <trkpt lat="37.565106" lon="126.620792">
        <ele>2.2</ele>
      </trkpt>
      <trkpt lat="37.565123" lon="126.620845">
        <ele>2.3</ele>
      </trkpt>
      <trkpt lat="37.565139" lon="126.620898">
        <ele>2.4</ele>
      </trkpt>
      <trkpt lat="37.565156" lon="126.620951">
        <ele>2.5</ele>
      </trkpt>
      <trkpt lat="37.565172" lon="126.621004">
        <ele>2.6</ele>
      </trkpt>
      <trkpt lat="37.565189" lon="126.621056">
        <ele>2.7</ele>
      </trkpt>
      <trkpt lat="37.565205" lon="126.621109">
        <ele>2.8</ele>
      </trkpt>
      <trkpt lat="37.565221" lon="126.621162">
        <ele>2.9</ele>
      </trkpt>
      <trkpt lat="37.565238" lon="126.621215">
        <ele>3.0</ele>
      </trkpt>
      <trkpt lat="37.565254" lon="126.621267">
        <ele>3.2</ele>
      </trkpt>
      <trkpt lat="37.565271" lon="126.621320">
        <ele>3.3</ele>
      </trkpt>
      <trkpt lat="37.565287" lon="126.621373">
        <ele>3.4</ele>
      </trkpt>
      <trkpt lat="37.565304" lon="126.621426">
        <ele>3.5</ele>
      </trkpt>
      <trkpt lat="37.565320" lon="126.621479">
        <ele>3.6</ele>
      </trkpt>
      <trkpt lat="37.565337" lon="126.621531">
        <ele>3.7</ele>
      </trkpt>
      <trkpt lat="37.565353" lon="126.621584">
        <ele>3.8</ele>
      </trkpt>
      <trkpt lat="37.565370" lon="126.621637">
        <ele>3.9</ele>
      </trkpt>
      <trkpt lat="37.565386" lon="126.621690">
        <ele>4.0</ele>
      </trkpt>
      <trkpt lat="37.565398" lon="126.621744">
        <ele>4.1</ele>
      </trkpt>
      <trkpt lat="37.565409" lon="126.621799">
        <ele>4.2</ele>
      </trkpt>
      <trkpt lat="37.565420" lon="126.621854">
        <ele>4.4</ele>
      </trkpt>
      <trkpt lat="37.565431" lon="126.621909">
        <ele>4.5</ele>
      </trkpt>
      <trkpt lat="37.565444" lon="126.621964">
        <ele>4.6</ele>
      </trkpt>
      <trkpt lat="37.565457" lon="126.622018">
        <ele>4.7</ele>
      </trkpt>
      <trkpt lat="37.565470" lon="126.622072">
        <ele>4.8</ele>
      </trkpt>
      <trkpt lat="37.565483" lon="126.622127">
        <ele>4.9</ele>
      </trkpt>
      <trkpt lat="37.565499" lon="126.622179">
        <ele>5.1</ele>
      </trkpt>
      <trkpt lat="37.565519" lon="126.622230">
        <ele>5.3</ele>
      </trkpt>
      <trkpt lat="37.565534" lon="126.622283">
        <ele>5.1</ele>
      </trkpt>
      <trkpt lat="37.565549" lon="126.622337">
        <ele>5.0</ele>
      </trkpt>
      <trkpt lat="37.565564" lon="126.622390">
        <ele>4.8</ele>
      </trkpt>
      <trkpt lat="37.565579" lon="126.622444">
        <ele>4.7</ele>
      </trkpt>
      <trkpt lat="37.565594" lon="126.622497">
        <ele>4.6</ele>
      </trkpt>
      <trkpt lat="37.565609" lon="126.622551">
        <ele>4.4</ele>
      </trkpt>
      <trkpt lat="37.565624" lon="126.622604">
        <ele>4.3</ele>
      </trkpt>
      <trkpt lat="37.565638" lon="126.622658">
        <ele>4.1</ele>
      </trkpt>
      <trkpt lat="37.565653" lon="126.622712">
        <ele>4.0</ele>
      </trkpt>
      <trkpt lat="37.565668" lon="126.622765">
        <ele>3.9</ele>
      </trkpt>
      <trkpt lat="37.565683" lon="126.622819">
        <ele>3.7</ele>
      </trkpt>
      <trkpt lat="37.565698" lon="126.622872">
        <ele>3.6</ele>
      </trkpt>
      <trkpt lat="37.565713" lon="126.622926">
        <ele>3.4</ele>
      </trkpt>
      <trkpt lat="37.565728" lon="126.622979">
        <ele>3.3</ele>
      </trkpt>
      <trkpt lat="37.565743" lon="126.623033">
        <ele>3.2</ele>
      </trkpt>
      <trkpt lat="37.565758" lon="126.623086">
        <ele>3.0</ele>
      </trkpt>
      <trkpt lat="37.565772" lon="126.623140">
        <ele>2.9</ele>
      </trkpt>
      <trkpt lat="37.565782" lon="126.623174">
        <ele>4.8</ele>
      </trkpt>
      <trkpt lat="37.565797" lon="126.623227">
        <ele>4.8</ele>
      </trkpt>
      <trkpt lat="37.565812" lon="126.623281">
        <ele>4.8</ele>
      </trkpt>
      <trkpt lat="37.565827" lon="126.623334">
        <ele>4.7</ele>
      </trkpt>
      <trkpt lat="37.565841" lon="126.623388">
        <ele>4.7</ele>
      </trkpt>
      <trkpt lat="37.565856" lon="126.623441">
        <ele>4.7</ele>
      </trkpt>
      <trkpt lat="37.565871" lon="126.623495">
        <ele>4.7</ele>
      </trkpt>
      <trkpt lat="37.565886" lon="126.623549">
        <ele>4.6</ele>
      </trkpt>
      <trkpt lat="37.565901" lon="126.623602">
        <ele>4.6</ele>
      </trkpt>
      <trkpt lat="37.565916" lon="126.623656">
        <ele>4.6</ele>
      </trkpt>
      <trkpt lat="37.565931" lon="126.623709">
        <ele>4.6</ele>
      </trkpt>
      <trkpt lat="37.565946" lon="126.623763">
        <ele>4.6</ele>
      </trkpt>
      <trkpt lat="37.565960" lon="126.623816">
        <ele>4.5</ele>
      </trkpt>
      <trkpt lat="37.565975" lon="126.623870">
        <ele>4.5</ele>
      </trkpt>
      <trkpt lat="37.565990" lon="126.623923">
        <ele>4.5</ele>
      </trkpt>
      <trkpt lat="37.566005" lon="126.623977">
        <ele>4.5</ele>
      </trkpt>
      <trkpt lat="37.566020" lon="126.624030">
        <ele>4.4</ele>
      </trkpt>
      <trkpt lat="37.566035" lon="126.624084">
        <ele>4.4</ele>
      </trkpt>
      <trkpt lat="37.566050" lon="126.624137">
        <ele>4.4</ele>
      </trkpt>
      <trkpt lat="37.566065" lon="126.624191">
        <ele>4.4</ele>
      </trkpt>
      <trkpt lat="37.566080" lon="126.624244">
        <ele>4.4</ele>
      </trkpt>
      <trkpt lat="37.566094" lon="126.624298">
        <ele>4.3</ele>
      </trkpt>
      <trkpt lat="37.566109" lon="126.624352">
        <ele>4.3</ele>
      </trkpt>
      <trkpt lat="37.566124" lon="126.624405">
        <ele>4.3</ele>
      </trkpt>
      <trkpt lat="37.566139" lon="126.624459">
        <ele>4.3</ele>
      </trkpt>
      <trkpt lat="37.566154" lon="126.624512">
        <ele>4.3</ele>
      </trkpt>
      <trkpt lat="37.566169" lon="126.624566">
        <ele>4.2</ele>
      </trkpt>
      <trkpt lat="37.566184" lon="126.624619">
        <ele>4.2</ele>
      </trkpt>
      <trkpt lat="37.566199" lon="126.624673">
        <ele>4.2</ele>
      </trkpt>
      <trkpt lat="37.566213" lon="126.624726">
        <ele>4.2</ele>
      </trkpt>
      <trkpt lat="37.566228" lon="126.624780">
        <ele>4.1</ele>
      </trkpt>
      <trkpt lat="37.566243" lon="126.624833">
        <ele>4.1</ele>
      </trkpt>
      <trkpt lat="37.566258" lon="126.624887">
        <ele>4.1</ele>
      </trkpt>
      <trkpt lat="37.566273" lon="126.624940">
        <ele>4.1</ele>
      </trkpt>
      <trkpt lat="37.566288" lon="126.624994">
        <ele>4.1</ele>
      </trkpt>
      <trkpt lat="37.566303" lon="126.625047">
        <ele>4.0</ele>
      </trkpt>
      <trkpt lat="37.566318" lon="126.625101">
        <ele>4.0</ele>
      </trkpt>
      <trkpt lat="37.566332" lon="126.625155">
        <ele>4.0</ele>
      </trkpt>
      <trkpt lat="37.566347" lon="126.625208">
        <ele>4.0</ele>
      </trkpt>
      <trkpt lat="37.566362" lon="126.625262">
        <ele>3.9</ele>
      </trkpt>
      <trkpt lat="37.566377" lon="126.625315">
        <ele>3.9</ele>
      </trkpt>
      <trkpt lat="37.566392" lon="126.625369">
        <ele>3.9</ele>
      </trkpt>
      <trkpt lat="37.566407" lon="126.625422">
        <ele>3.9</ele>
      </trkpt>
      <trkpt lat="37.566422" lon="126.625476">
        <ele>3.9</ele>
      </trkpt>
      <trkpt lat="37.566437" lon="126.625529">
        <ele>3.8</ele>
      </trkpt>
      <trkpt lat="37.566451" lon="126.625583">
        <ele>3.8</ele>
      </trkpt>
      <trkpt lat="37.566466" lon="126.625636">
        <ele>3.8</ele>
      </trkpt>
      <trkpt lat="37.566481" lon="126.625690">
        <ele>3.8</ele>
      </trkpt>
      <trkpt lat="37.566496" lon="126.625743">
        <ele>3.7</ele>
      </trkpt>
      <trkpt lat="37.566511" lon="126.625797">
        <ele>3.7</ele>
      </trkpt>
      <trkpt lat="37.566526" lon="126.625850">
        <ele>3.7</ele>
      </trkpt>
      <trkpt lat="37.566541" lon="126.625904">
        <ele>3.7</ele>
      </trkpt>
      <trkpt lat="37.566556" lon="126.625958">
        <ele>3.7</ele>
      </trkpt>
      <trkpt lat="37.566571" lon="126.626011">
        <ele>3.6</ele>
      </trkpt>
      <trkpt lat="37.566585" lon="126.626065">
        <ele>3.6</ele>
      </trkpt>
      <trkpt lat="37.566600" lon="126.626118">
        <ele>3.6</ele>
      </trkpt>
      <trkpt lat="37.566615" lon="126.626172">
        <ele>3.6</ele>
      </trkpt>
      <trkpt lat="37.566630" lon="126.626225">
        <ele>3.6</ele>
      </trkpt>
      <trkpt lat="37.566645" lon="126.626279">
        <ele>3.5</ele>
      </trkpt>
      <trkpt lat="37.566660" lon="126.626332">
        <ele>3.5</ele>
      </trkpt>
      <trkpt lat="37.566675" lon="126.626386">
        <ele>3.5</ele>
      </trkpt>
      <trkpt lat="37.566690" lon="126.626439">
        <ele>3.5</ele>
      </trkpt>
      <trkpt lat="37.566704" lon="126.626493">
        <ele>3.4</ele>
      </trkpt>
      <trkpt lat="37.566719" lon="126.626546">
        <ele>3.4</ele>
      </trkpt>
      <trkpt lat="37.566734" lon="126.626600">
        <ele>3.4</ele>
      </trkpt>
      <trkpt lat="37.566749" lon="126.626653">
        <ele>3.4</ele>
      </trkpt>
      <trkpt lat="37.566764" lon="126.626707">
        <ele>3.4</ele>
      </trkpt>
      <trkpt lat="37.566779" lon="126.626761">
        <ele>3.3</ele>
      </trkpt>
      <trkpt lat="37.566794" lon="126.626814">
        <ele>3.3</ele>
      </trkpt>
      <trkpt lat="37.566809" lon="126.626868">
        <ele>3.3</ele>
      </trkpt>
      <trkpt lat="37.566823" lon="126.626921">
        <ele>3.3</ele>
      </trkpt>
      <trkpt lat="37.566838" lon="126.626975">
        <ele>3.2</ele>
      </trkpt>
      <trkpt lat="37.566853" lon="126.627028">
        <ele>3.2</ele>
      </trkpt>
      <trkpt lat="37.566868" lon="126.627082">
        <ele>3.2</ele>
      </trkpt>
      <trkpt lat="37.566883" lon="126.627135">
        <ele>3.2</ele>
      </trkpt>
      <trkpt lat="37.566898" lon="126.627189">
        <ele>3.2</ele>
      </trkpt>
      <trkpt lat="37.566913" lon="126.627242">
        <ele>3.1</ele>
      </trkpt>
      <trkpt lat="37.566928" lon="126.627296">
        <ele>3.1</ele>
      </trkpt>
      <trkpt lat="37.566942" lon="126.627349">
        <ele>3.1</ele>
      </trkpt>
      <trkpt lat="37.566957" lon="126.627403">
        <ele>3.1</ele>
      </trkpt>
      <trkpt lat="37.566972" lon="126.627456">
        <ele>3.0</ele>
      </trkpt>
      <trkpt lat="37.566987" lon="126.627510">
        <ele>3.0</ele>
      </trkpt>
      <trkpt lat="37.567002" lon="126.627564">
        <ele>3.0</ele>
      </trkpt>
      <trkpt lat="37.567017" lon="126.627617">
        <ele>3.0</ele>
      </trkpt>
      <trkpt lat="37.567032" lon="126.627671">
        <ele>3.0</ele>
      </trkpt>
      <trkpt lat="37.567047" lon="126.627724">
        <ele>2.9</ele>
      </trkpt>
      <trkpt lat="37.567062" lon="126.627778">
        <ele>2.9</ele>
      </trkpt>
      <trkpt lat="37.567076" lon="126.627831">
        <ele>2.9</ele>
      </trkpt>
      <trkpt lat="37.567091" lon="126.627885">
        <ele>2.9</ele>
      </trkpt>
      <trkpt lat="37.567106" lon="126.627938">
        <ele>2.8</ele>
      </trkpt>
      <trkpt lat="37.567121" lon="126.627992">
        <ele>2.8</ele>
      </trkpt>
      <trkpt lat="37.567136" lon="126.628045">
        <ele>2.8</ele>
      </trkpt>
      <trkpt lat="37.567144" lon="126.628093">
        <ele>2.8</ele>
      </trkpt>
      <trkpt lat="37.567162" lon="126.628145">
        <ele>2.8</ele>
      </trkpt>
      <trkpt lat="37.567178" lon="126.628198">
        <ele>2.8</ele>
      </trkpt>
      <trkpt lat="37.567187" lon="126.628254">
        <ele>2.8</ele>
      </trkpt>
      <trkpt lat="37.567192" lon="126.628310">
        <ele>2.9</ele>
      </trkpt>
      <trkpt lat="37.567195" lon="126.628367">
        <ele>3.0</ele>
      </trkpt>
      <trkpt lat="37.567189" lon="126.628423">
        <ele>3.2</ele>
      </trkpt>
      <trkpt lat="37.567184" lon="126.628479">
        <ele>3.4</ele>
      </trkpt>
      <trkpt lat="37.567184" lon="126.628536">
        <ele>3.5</ele>
      </trkpt>
      <trkpt lat="37.567188" lon="126.628592">
        <ele>3.6</ele>
      </trkpt>
      <trkpt lat="37.567196" lon="126.628648">
        <ele>3.8</ele>
      </trkpt>
      <trkpt lat="37.567204" lon="126.628704">
        <ele>4.0</ele>
      </trkpt>
      <trkpt lat="37.567218" lon="126.628758">
        <ele>4.0</ele>
      </trkpt>
      <trkpt lat="37.567232" lon="126.628812">
        <ele>4.1</ele>
      </trkpt>
      <trkpt lat="37.567246" lon="126.628866">
        <ele>4.1</ele>
      </trkpt>
      <trkpt lat="37.567260" lon="126.628919">
        <ele>4.1</ele>
      </trkpt>
      <trkpt lat="37.567274" lon="126.628973">
        <ele>4.2</ele>
      </trkpt>
      <trkpt lat="37.567289" lon="126.629027">
        <ele>4.2</ele>
      </trkpt>
      <trkpt lat="37.567303" lon="126.629081">
        <ele>4.2</ele>
      </trkpt>
      <trkpt lat="37.567317" lon="126.629135">
        <ele>4.2</ele>
      </trkpt>
      <trkpt lat="37.567331" lon="126.629189">
        <ele>4.3</ele>
      </trkpt>
      <trkpt lat="37.567345" lon="126.629242">
        <ele>4.3</ele>
      </trkpt>
      <trkpt lat="37.567359" lon="126.629296">
        <ele>4.3</ele>
      </trkpt>
      <trkpt lat="37.567374" lon="126.629350">
        <ele>4.4</ele>
      </trkpt>
      <trkpt lat="37.567388" lon="126.629404">
        <ele>4.4</ele>
      </trkpt>
      <trkpt lat="37.567402" lon="126.629458">
        <ele>4.4</ele>
      </trkpt>
      <trkpt lat="37.567416" lon="126.629512">
        <ele>4.5</ele>
      </trkpt>
      <trkpt lat="37.567430" lon="126.629565">
        <ele>4.5</ele>
      </trkpt>
      <trkpt lat="37.567444" lon="126.629619">
        <ele>4.5</ele>
      </trkpt>
      <trkpt lat="37.567459" lon="126.629673">
        <ele>4.6</ele>
      </trkpt>
      <trkpt lat="37.567473" lon="126.629727">
        <ele>4.6</ele>
      </trkpt>
      <trkpt lat="37.567487" lon="126.629781">
        <ele>4.6</ele>
      </trkpt>
      <trkpt lat="37.567501" lon="126.629835">
        <ele>4.7</ele>
      </trkpt>
      <trkpt lat="37.567515" lon="126.629888">
        <ele>4.7</ele>
      </trkpt>
      <trkpt lat="37.567529" lon="126.629942">
        <ele>4.7</ele>
      </trkpt>
      <trkpt lat="37.567544" lon="126.629996">
        <ele>4.7</ele>
      </trkpt>
      <trkpt lat="37.567558" lon="126.630050">
        <ele>4.8</ele>
      </trkpt>
      <trkpt lat="37.567572" lon="126.630104">
        <ele>4.8</ele>
      </trkpt>
      <trkpt lat="37.567586" lon="126.630158">
        <ele>4.8</ele>
      </trkpt>
      <trkpt lat="37.567600" lon="126.630211">
        <ele>4.9</ele>
      </trkpt>
      <trkpt lat="37.567614" lon="126.630265">
        <ele>4.9</ele>
      </trkpt>
      <trkpt lat="37.567629" lon="126.630319">
        <ele>4.9</ele>
      </trkpt>
      <trkpt lat="37.567643" lon="126.630373">
        <ele>5.0</ele>
      </trkpt>
      <trkpt lat="37.567657" lon="126.630427">
        <ele>5.0</ele>
      </trkpt>
      <trkpt lat="37.567671" lon="126.630481">
        <ele>5.0</ele>
      </trkpt>
      <trkpt lat="37.567685" lon="126.630535">
        <ele>5.1</ele>
      </trkpt>
      <trkpt lat="37.567700" lon="126.630588">
        <ele>5.1</ele>
      </trkpt>
      <trkpt lat="37.567714" lon="126.630642">
        <ele>5.1</ele>
      </trkpt>
      <trkpt lat="37.567728" lon="126.630696">
        <ele>5.1</ele>
      </trkpt>
      <trkpt lat="37.567742" lon="126.630750">
        <ele>5.2</ele>
      </trkpt>
      <trkpt lat="37.567756" lon="126.630804">
        <ele>5.2</ele>
      </trkpt>
      <trkpt lat="37.567770" lon="126.630858">
        <ele>5.2</ele>
      </trkpt>
      <trkpt lat="37.567785" lon="126.630911">
        <ele>5.3</ele>
      </trkpt>
      <trkpt lat="37.567799" lon="126.630965">
        <ele>5.3</ele>
      </trkpt>
      <trkpt lat="37.567813" lon="126.631019">
        <ele>5.3</ele>
      </trkpt>
      <trkpt lat="37.567827" lon="126.631073">
        <ele>5.4</ele>
      </trkpt>
      <trkpt lat="37.567841" lon="126.631127">
        <ele>5.4</ele>
      </trkpt>
      <trkpt lat="37.567855" lon="126.631181">
        <ele>5.4</ele>
      </trkpt>
      <trkpt lat="37.567870" lon="126.631234">
        <ele>5.5</ele>
      </trkpt>
      <trkpt lat="37.567884" lon="126.631288">
        <ele>5.5</ele>
      </trkpt>
      <trkpt lat="37.567898" lon="126.631342">
        <ele>5.5</ele>
      </trkpt>
      <trkpt lat="37.567912" lon="126.631396">
        <ele>5.5</ele>
      </trkpt>
      <trkpt lat="37.567926" lon="126.631450">
        <ele>5.6</ele>
      </trkpt>
      <trkpt lat="37.567940" lon="126.631504">
        <ele>5.6</ele>
      </trkpt>
      <trkpt lat="37.567955" lon="126.631557">
        <ele>5.6</ele>
      </trkpt>
      <trkpt lat="37.567969" lon="126.631611">
        <ele>5.7</ele>
      </trkpt>
      <trkpt lat="37.567983" lon="126.631665">
        <ele>5.7</ele>
      </trkpt>
      <trkpt lat="37.567997" lon="126.631719">
        <ele>5.7</ele>
      </trkpt>
      <trkpt lat="37.568011" lon="126.631773">
        <ele>5.8</ele>
      </trkpt>
      <trkpt lat="37.568025" lon="126.631827">
        <ele>5.8</ele>
      </trkpt>
      <trkpt lat="37.568040" lon="126.631880">
        <ele>5.8</ele>
      </trkpt>
      <trkpt lat="37.568054" lon="126.631934">
        <ele>5.9</ele>
      </trkpt>
      <trkpt lat="37.568068" lon="126.631988">
        <ele>5.9</ele>
      </trkpt>
      <trkpt lat="37.568082" lon="126.632042">
        <ele>5.9</ele>
      </trkpt>
      <trkpt lat="37.568096" lon="126.632096">
        <ele>6.0</ele>
      </trkpt>
      <trkpt lat="37.568110" lon="126.632150">
        <ele>6.0</ele>
      </trkpt>
      <trkpt lat="37.568136" lon="126.632176">
        <ele>6.0</ele>
      </trkpt>
      <trkpt lat="37.568121" lon="126.632191">
        <ele>5.5</ele>
      </trkpt>
      <trkpt lat="37.568136" lon="126.632245">
        <ele>5.5</ele>
      </trkpt>
      <trkpt lat="37.568150" lon="126.632299">
        <ele>5.6</ele>
      </trkpt>
      <trkpt lat="37.568164" lon="126.632353">
        <ele>5.6</ele>
      </trkpt>
      <trkpt lat="37.568178" lon="126.632407">
        <ele>5.6</ele>
      </trkpt>
      <trkpt lat="37.568192" lon="126.632461">
        <ele>5.6</ele>
      </trkpt>
      <trkpt lat="37.568207" lon="126.632514">
        <ele>5.7</ele>
      </trkpt>
      <trkpt lat="37.568221" lon="126.632568">
        <ele>5.7</ele>
      </trkpt>
      <trkpt lat="37.568235" lon="126.632622">
        <ele>5.7</ele>
      </trkpt>
      <trkpt lat="37.568249" lon="126.632676">
        <ele>5.7</ele>
      </trkpt>
      <trkpt lat="37.568263" lon="126.632730">
        <ele>5.8</ele>
      </trkpt>
      <trkpt lat="37.568278" lon="126.632784">
        <ele>5.8</ele>
      </trkpt>
      <trkpt lat="37.568292" lon="126.632837">
        <ele>5.8</ele>
      </trkpt>
      <trkpt lat="37.568306" lon="126.632891">
        <ele>5.8</ele>
      </trkpt>
      <trkpt lat="37.568320" lon="126.632945">
        <ele>5.9</ele>
      </trkpt>
      <trkpt lat="37.568334" lon="126.632999">
        <ele>5.9</ele>
      </trkpt>
      <trkpt lat="37.568349" lon="126.633053">
        <ele>5.9</ele>
      </trkpt>
      <trkpt lat="37.568363" lon="126.633107">
        <ele>5.9</ele>
      </trkpt>
      <trkpt lat="37.568377" lon="126.633160">
        <ele>6.0</ele>
      </trkpt>
      <trkpt lat="37.568391" lon="126.633214">
        <ele>6.0</ele>
      </trkpt>
      <trkpt lat="37.568405" lon="126.633268">
        <ele>5.8</ele>
      </trkpt>
      <trkpt lat="37.568419" lon="126.633322">
        <ele>5.6</ele>
      </trkpt>
      <trkpt lat="37.568433" lon="126.633376">
        <ele>5.5</ele>
      </trkpt>
      <trkpt lat="37.568447" lon="126.633430">
        <ele>5.3</ele>
      </trkpt>
      <trkpt lat="37.568462" lon="126.633484">
        <ele>5.1</ele>
      </trkpt>
      <trkpt lat="37.568476" lon="126.633538">
        <ele>5.0</ele>
      </trkpt>
      <trkpt lat="37.568490" lon="126.633591">
        <ele>4.8</ele>
      </trkpt>
      <trkpt lat="37.568504" lon="126.633645">
        <ele>4.6</ele>
      </trkpt>
      <trkpt lat="37.568518" lon="126.633699">
        <ele>4.5</ele>
      </trkpt>
      <trkpt lat="37.568533" lon="126.633752">
        <ele>4.3</ele>
      </trkpt>
      <trkpt lat="37.568548" lon="126.633806">
        <ele>4.2</ele>
      </trkpt>
      <trkpt lat="37.568563" lon="126.633859">
        <ele>4.0</ele>
      </trkpt>
      <trkpt lat="37.568578" lon="126.633913">
        <ele>3.8</ele>
      </trkpt>
      <trkpt lat="37.568593" lon="126.633966">
        <ele>3.7</ele>
      </trkpt>
      <trkpt lat="37.568608" lon="126.634020">
        <ele>3.5</ele>
      </trkpt>
      <trkpt lat="37.568623" lon="126.634073">
        <ele>3.4</ele>
      </trkpt>
      <trkpt lat="37.568638" lon="126.634127">
        <ele>3.2</ele>
      </trkpt>
      <trkpt lat="37.568653" lon="126.634180">
        <ele>3.1</ele>
      </trkpt>
      <trkpt lat="37.568668" lon="126.634234">
        <ele>2.9</ele>
      </trkpt>
      <trkpt lat="37.568683" lon="126.634287">
        <ele>2.8</ele>
      </trkpt>
      <trkpt lat="37.568698" lon="126.634341">
        <ele>2.9</ele>
      </trkpt>
      <trkpt lat="37.568713" lon="126.634394">
        <ele>3.1</ele>
      </trkpt>
      <trkpt lat="37.568728" lon="126.634448">
        <ele>3.2</ele>
      </trkpt>
      <trkpt lat="37.568743" lon="126.634501">
        <ele>3.3</ele>
      </trkpt>
      <trkpt lat="37.568758" lon="126.634555">
        <ele>3.4</ele>
      </trkpt>
      <trkpt lat="37.568773" lon="126.634608">
        <ele>3.5</ele>
      </trkpt>
      <trkpt lat="37.568788" lon="126.634662">
        <ele>3.7</ele>
      </trkpt>
      <trkpt lat="37.568803" lon="126.634715">
        <ele>3.8</ele>
      </trkpt>
      <trkpt lat="37.568818" lon="126.634769">
        <ele>3.9</ele>
      </trkpt>
      <trkpt lat="37.568833" lon="126.634822">
        <ele>4.0</ele>
      </trkpt>
      <trkpt lat="37.568848" lon="126.634876">
        <ele>4.1</ele>
      </trkpt>
      <trkpt lat="37.568863" lon="126.634929">
        <ele>4.3</ele>
      </trkpt>
      <trkpt lat="37.568878" lon="126.634983">
        <ele>4.4</ele>
      </trkpt>
      <trkpt lat="37.568893" lon="126.635036">
        <ele>4.5</ele>
      </trkpt>
      <trkpt lat="37.568917" lon="126.635084">
        <ele>4.5</ele>
      </trkpt>
      <trkpt lat="37.568950" lon="126.635122">
        <ele>4.3</ele>
      </trkpt>
      <trkpt lat="37.568988" lon="126.635151">
        <ele>4.2</ele>
      </trkpt>
      <trkpt lat="37.569028" lon="126.635178">
        <ele>4.0</ele>
      </trkpt>
      <trkpt lat="37.569068" lon="126.635205">
        <ele>3.8</ele>
      </trkpt>
      <trkpt lat="37.569107" lon="126.635232">
        <ele>3.7</ele>
      </trkpt>
      <trkpt lat="37.569147" lon="126.635258">
        <ele>3.5</ele>
      </trkpt>
      <trkpt lat="37.569186" lon="126.635285">
        <ele>3.3</ele>
      </trkpt>
      <trkpt lat="37.569221" lon="126.635321">
        <ele>3.3</ele>
      </trkpt>
      <trkpt lat="37.569242" lon="126.635371">
        <ele>3.5</ele>
      </trkpt>
      <trkpt lat="37.569257" lon="126.635425">
        <ele>4.1</ele>
      </trkpt>
      <trkpt lat="37.569272" lon="126.635478">
        <ele>4.6</ele>
      </trkpt>
      <trkpt lat="37.569270" lon="126.635519">
        <ele>4.8</ele>
      </trkpt>
      <trkpt lat="37.569292" lon="126.635551">
        <ele>3.5</ele>
      </trkpt>
      <trkpt lat="37.569307" lon="126.635604">
        <ele>3.6</ele>
      </trkpt>
      <trkpt lat="37.569322" lon="126.635658">
        <ele>3.7</ele>
      </trkpt>
      <trkpt lat="37.569337" lon="126.635711">
        <ele>3.7</ele>
      </trkpt>
      <trkpt lat="37.569351" lon="126.635765">
        <ele>3.8</ele>
      </trkpt>
      <trkpt lat="37.569366" lon="126.635818">
        <ele>3.8</ele>
      </trkpt>
      <trkpt lat="37.569381" lon="126.635872">
        <ele>3.9</ele>
      </trkpt>
      <trkpt lat="37.569396" lon="126.635925">
        <ele>3.9</ele>
      </trkpt>
      <trkpt lat="37.569411" lon="126.635979">
        <ele>4.0</ele>
      </trkpt>
      <trkpt lat="37.569426" lon="126.636032">
        <ele>4.0</ele>
      </trkpt>
      <trkpt lat="37.569441" lon="126.636086">
        <ele>4.1</ele>
      </trkpt>
      <trkpt lat="37.569456" lon="126.636139">
        <ele>4.2</ele>
      </trkpt>
      <trkpt lat="37.569471" lon="126.636193">
        <ele>4.2</ele>
      </trkpt>
      <trkpt lat="37.569486" lon="126.636246">
        <ele>4.3</ele>
      </trkpt>
      <trkpt lat="37.569501" lon="126.636300">
        <ele>4.3</ele>
      </trkpt>
      <trkpt lat="37.569516" lon="126.636353">
        <ele>4.4</ele>
      </trkpt>
      <trkpt lat="37.569531" lon="126.636407">
        <ele>4.4</ele>
      </trkpt>
      <trkpt lat="37.569546" lon="126.636460">
        <ele>4.5</ele>
      </trkpt>
      <trkpt lat="37.569560" lon="126.636514">
        <ele>4.6</ele>
      </trkpt>
      <trkpt lat="37.569575" lon="126.636567">
        <ele>4.6</ele>
      </trkpt>
      <trkpt lat="37.569590" lon="126.636621">
        <ele>4.7</ele>
      </trkpt>
      <trkpt lat="37.569605" lon="126.636674">
        <ele>4.7</ele>
      </trkpt>
      <trkpt lat="37.569620" lon="126.636728">
        <ele>4.8</ele>
      </trkpt>
      <trkpt lat="37.569635" lon="126.636782">
        <ele>4.8</ele>
      </trkpt>
      <trkpt lat="37.569650" lon="126.636835">
        <ele>4.9</ele>
      </trkpt>
      <trkpt lat="37.569665" lon="126.636889">
        <ele>4.9</ele>
      </trkpt>
      <trkpt lat="37.569680" lon="126.636942">
        <ele>5.0</ele>
      </trkpt>
      <trkpt lat="37.569694" lon="126.636996">
        <ele>5.1</ele>
      </trkpt>
      <trkpt lat="37.569707" lon="126.637050">
        <ele>5.3</ele>
      </trkpt>
      <trkpt lat="37.569721" lon="126.637104">
        <ele>5.4</ele>
      </trkpt>
      <trkpt lat="37.569735" lon="126.637158">
        <ele>5.5</ele>
      </trkpt>
      <trkpt lat="37.569749" lon="126.637212">
        <ele>5.6</ele>
      </trkpt>
      <trkpt lat="37.569763" lon="126.637266">
        <ele>5.7</ele>
      </trkpt>
      <trkpt lat="37.569776" lon="126.637320">
        <ele>5.8</ele>
      </trkpt>
      <trkpt lat="37.569788" lon="126.637375">
        <ele>5.9</ele>
      </trkpt>
      <trkpt lat="37.569800" lon="126.637429">
        <ele>6.0</ele>
      </trkpt>
      <trkpt lat="37.569813" lon="126.637484">
        <ele>6.0</ele>
      </trkpt>
      <trkpt lat="37.569825" lon="126.637539">
        <ele>6.1</ele>
      </trkpt>
      <trkpt lat="37.569837" lon="126.637593">
        <ele>6.1</ele>
      </trkpt>
      <trkpt lat="37.569849" lon="126.637648">
        <ele>6.2</ele>
      </trkpt>
      <trkpt lat="37.569861" lon="126.637702">
        <ele>6.3</ele>
      </trkpt>
      <trkpt lat="37.569873" lon="126.637757">
        <ele>6.3</ele>
      </trkpt>
      <trkpt lat="37.569884" lon="126.637812">
        <ele>6.3</ele>
      </trkpt>
      <trkpt lat="37.569894" lon="126.637867">
        <ele>6.3</ele>
      </trkpt>
      <trkpt lat="37.569905" lon="126.637923">
        <ele>6.3</ele>
      </trkpt>
      <trkpt lat="37.569916" lon="126.637978">
        <ele>6.4</ele>
      </trkpt>
      <trkpt lat="37.569926" lon="126.638033">
        <ele>6.4</ele>
      </trkpt>
      <trkpt lat="37.569937" lon="126.638088">
        <ele>6.4</ele>
      </trkpt>
      <trkpt lat="37.569948" lon="126.638143">
        <ele>6.4</ele>
      </trkpt>
      <trkpt lat="37.569959" lon="126.638198">
        <ele>6.4</ele>
      </trkpt>
      <trkpt lat="37.569969" lon="126.638253">
        <ele>6.4</ele>
      </trkpt>
      <trkpt lat="37.569980" lon="126.638308">
        <ele>6.4</ele>
      </trkpt>
      <trkpt lat="37.569991" lon="126.638363">
        <ele>6.5</ele>
      </trkpt>
      <trkpt lat="37.570001" lon="126.638419">
        <ele>6.5</ele>
      </trkpt>
      <trkpt lat="37.570012" lon="126.638474">
        <ele>6.5</ele>
      </trkpt>
      <trkpt lat="37.570022" lon="126.638529">
        <ele>6.5</ele>
      </trkpt>
      <trkpt lat="37.570031" lon="126.638584">
        <ele>6.7</ele>
      </trkpt>
      <trkpt lat="37.570040" lon="126.638640">
        <ele>6.8</ele>
      </trkpt>
      <trkpt lat="37.570049" lon="126.638696">
        <ele>7.0</ele>
      </trkpt>
      <trkpt lat="37.570058" lon="126.638751">
        <ele>7.1</ele>
      </trkpt>
      <trkpt lat="37.570067" lon="126.638807">
        <ele>7.2</ele>
      </trkpt>
      <trkpt lat="37.570076" lon="126.638862">
        <ele>7.4</ele>
      </trkpt>
      <trkpt lat="37.570085" lon="126.638918">
        <ele>7.5</ele>
      </trkpt>
      <trkpt lat="37.570094" lon="126.638973">
        <ele>7.7</ele>
      </trkpt>
      <trkpt lat="37.570103" lon="126.639029">
        <ele>7.6</ele>
      </trkpt>
      <trkpt lat="37.570109" lon="126.639085">
        <ele>6.8</ele>
      </trkpt>
      <trkpt lat="37.570115" lon="126.639142">
        <ele>6.1</ele>
      </trkpt>
      <trkpt lat="37.570119" lon="126.639170">
        <ele>7.3</ele>
      </trkpt>
      <trkpt lat="37.570125" lon="126.639226">
        <ele>7.2</ele>
      </trkpt>
      <trkpt lat="37.570132" lon="126.639282">
        <ele>7.1</ele>
      </trkpt>
      <trkpt lat="37.570139" lon="126.639339">
        <ele>7.0</ele>
      </trkpt>
      <trkpt lat="37.570145" lon="126.639395">
        <ele>6.9</ele>
      </trkpt>
      <trkpt lat="37.570152" lon="126.639451">
        <ele>6.8</ele>
      </trkpt>
      <trkpt lat="37.570159" lon="126.639507">
        <ele>6.7</ele>
      </trkpt>
      <trkpt lat="37.570166" lon="126.639563">
        <ele>6.6</ele>
      </trkpt>
      <trkpt lat="37.570172" lon="126.639619">
        <ele>6.5</ele>
      </trkpt>
      <trkpt lat="37.570179" lon="126.639675">
        <ele>6.4</ele>
      </trkpt>
      <trkpt lat="37.570186" lon="126.639731">
        <ele>6.3</ele>
      </trkpt>
      <trkpt lat="37.570192" lon="126.639787">
        <ele>6.2</ele>
      </trkpt>
      <trkpt lat="37.570199" lon="126.639843">
        <ele>6.1</ele>
      </trkpt>
      <trkpt lat="37.570206" lon="126.639900">
        <ele>6.0</ele>
      </trkpt>
      <trkpt lat="37.570210" lon="126.639956">
        <ele>5.9</ele>
      </trkpt>
      <trkpt lat="37.570214" lon="126.640012">
        <ele>5.8</ele>
      </trkpt>
      <trkpt lat="37.570219" lon="126.640069">
        <ele>5.7</ele>
      </trkpt>
      <trkpt lat="37.570223" lon="126.640125">
        <ele>5.6</ele>
      </trkpt>
      <trkpt lat="37.570228" lon="126.640182">
        <ele>5.5</ele>
      </trkpt>
      <trkpt lat="37.570232" lon="126.640238">
        <ele>5.4</ele>
      </trkpt>
      <trkpt lat="37.570236" lon="126.640295">
        <ele>5.3</ele>
      </trkpt>
      <trkpt lat="37.570239" lon="126.640351">
        <ele>5.2</ele>
      </trkpt>
      <trkpt lat="37.570241" lon="126.640408">
        <ele>5.2</ele>
      </trkpt>
      <trkpt lat="37.570244" lon="126.640465">
        <ele>5.1</ele>
      </trkpt>
      <trkpt lat="37.570247" lon="126.640521">
        <ele>5.1</ele>
      </trkpt>
      <trkpt lat="37.570250" lon="126.640578">
        <ele>5.1</ele>
      </trkpt>
      <trkpt lat="37.570253" lon="126.640635">
        <ele>5.0</ele>
      </trkpt>
      <trkpt lat="37.570255" lon="126.640691">
        <ele>5.0</ele>
      </trkpt>
      <trkpt lat="37.570258" lon="126.640748">
        <ele>4.9</ele>
      </trkpt>
      <trkpt lat="37.570261" lon="126.640804">
        <ele>4.9</ele>
      </trkpt>
      <trkpt lat="37.570264" lon="126.640861">
        <ele>4.8</ele>
      </trkpt>
      <trkpt lat="37.570267" lon="126.640918">
        <ele>4.8</ele>
      </trkpt>
      <trkpt lat="37.570270" lon="126.640974">
        <ele>4.7</ele>
      </trkpt>
      <trkpt lat="37.570272" lon="126.641031">
        <ele>4.7</ele>
      </trkpt>
      <trkpt lat="37.570275" lon="126.641087">
        <ele>4.6</ele>
      </trkpt>
      <trkpt lat="37.570278" lon="126.641144">
        <ele>4.6</ele>
      </trkpt>
      <trkpt lat="37.570281" lon="126.641201">
        <ele>4.6</ele>
      </trkpt>
      <trkpt lat="37.570284" lon="126.641257">
        <ele>4.5</ele>
      </trkpt>
      <trkpt lat="37.570286" lon="126.641314">
        <ele>4.5</ele>
      </trkpt>
      <trkpt lat="37.570289" lon="126.641371">
        <ele>4.4</ele>
      </trkpt>
      <trkpt lat="37.570292" lon="126.641427">
        <ele>4.4</ele>
      </trkpt>
      <trkpt lat="37.570295" lon="126.641484">
        <ele>4.3</ele>
      </trkpt>
      <trkpt lat="37.570298" lon="126.641540">
        <ele>4.3</ele>
      </trkpt>
      <trkpt lat="37.570300" lon="126.641597">
        <ele>4.2</ele>
      </trkpt>
      <trkpt lat="37.570303" lon="126.641654">
        <ele>4.2</ele>
      </trkpt>
      <trkpt lat="37.570306" lon="126.641710">
        <ele>4.1</ele>
      </trkpt>
      <trkpt lat="37.570309" lon="126.641767">
        <ele>4.1</ele>
      </trkpt>
      <trkpt lat="37.570312" lon="126.641824">
        <ele>4.0</ele>
      </trkpt>
      <trkpt lat="37.570315" lon="126.641880">
        <ele>4.0</ele>
      </trkpt>
      <trkpt lat="37.570317" lon="126.641937">
        <ele>4.0</ele>
      </trkpt>
      <trkpt lat="37.570320" lon="126.641993">
        <ele>3.9</ele>
      </trkpt>
      <trkpt lat="37.570323" lon="126.642050">
        <ele>3.9</ele>
      </trkpt>
      <trkpt lat="37.570326" lon="126.642107">
        <ele>3.8</ele>
      </trkpt>
      <trkpt lat="37.570329" lon="126.642163">
        <ele>3.8</ele>
      </trkpt>
      <trkpt lat="37.570331" lon="126.642220">
        <ele>3.7</ele>
      </trkpt>
      <trkpt lat="37.570334" lon="126.642277">
        <ele>3.7</ele>
      </trkpt>
      <trkpt lat="37.570337" lon="126.642333">
        <ele>3.6</ele>
      </trkpt>
      <trkpt lat="37.570340" lon="126.642390">
        <ele>3.6</ele>
      </trkpt>
      <trkpt lat="37.570343" lon="126.642446">
        <ele>3.5</ele>
      </trkpt>
      <trkpt lat="37.570346" lon="126.642503">
        <ele>3.5</ele>
      </trkpt>
      <trkpt lat="37.570349" lon="126.642560">
        <ele>3.3</ele>
      </trkpt>
      <trkpt lat="37.570352" lon="126.642616">
        <ele>3.1</ele>
      </trkpt>
      <trkpt lat="37.570355" lon="126.642673">
        <ele>3.0</ele>
      </trkpt>
      <trkpt lat="37.570358" lon="126.642729">
        <ele>2.8</ele>
      </trkpt>
      <trkpt lat="37.570361" lon="126.642786">
        <ele>2.6</ele>
      </trkpt>
      <trkpt lat="37.570364" lon="126.642843">
        <ele>2.5</ele>
      </trkpt>
      <trkpt lat="37.570367" lon="126.642899">
        <ele>2.3</ele>
      </trkpt>
      <trkpt lat="37.570370" lon="126.642956">
        <ele>2.1</ele>
      </trkpt>
      <trkpt lat="37.570373" lon="126.643012">
        <ele>1.9</ele>
      </trkpt>
      <trkpt lat="37.570382" lon="126.643063">
        <ele>1.8</ele>
      </trkpt>
      <trkpt lat="37.570379" lon="126.643110">
        <ele>3.0</ele>
      </trkpt>
      <trkpt lat="37.570382" lon="126.643167">
        <ele>3.0</ele>
      </trkpt>
      <trkpt lat="37.570385" lon="126.643223">
        <ele>2.9</ele>
      </trkpt>
      <trkpt lat="37.570388" lon="126.643280">
        <ele>2.9</ele>
      </trkpt>
      <trkpt lat="37.570391" lon="126.643337">
        <ele>2.9</ele>
      </trkpt>
      <trkpt lat="37.570394" lon="126.643393">
        <ele>2.9</ele>
      </trkpt>
      <trkpt lat="37.570397" lon="126.643450">
        <ele>2.9</ele>
      </trkpt>
      <trkpt lat="37.570401" lon="126.643506">
        <ele>2.8</ele>
      </trkpt>
      <trkpt lat="37.570404" lon="126.643563">
        <ele>2.8</ele>
      </trkpt>
      <trkpt lat="37.570407" lon="126.643619">
        <ele>2.8</ele>
      </trkpt>
      <trkpt lat="37.570410" lon="126.643676">
        <ele>2.8</ele>
      </trkpt>
      <trkpt lat="37.570413" lon="126.643733">
        <ele>2.8</ele>
      </trkpt>
      <trkpt lat="37.570416" lon="126.643789">
        <ele>2.7</ele>
      </trkpt>
      <trkpt lat="37.570419" lon="126.643846">
        <ele>2.7</ele>
      </trkpt>
      <trkpt lat="37.570423" lon="126.643902">
        <ele>2.7</ele>
      </trkpt>
      <trkpt lat="37.570426" lon="126.643959">
        <ele>2.7</ele>
      </trkpt>
      <trkpt lat="37.570429" lon="126.644016">
        <ele>2.7</ele>
      </trkpt>
      <trkpt lat="37.570432" lon="126.644072">
        <ele>2.6</ele>
      </trkpt>
      <trkpt lat="37.570435" lon="126.644129">
        <ele>2.6</ele>
      </trkpt>
      <trkpt lat="37.570438" lon="126.644185">
        <ele>2.6</ele>
      </trkpt>
      <trkpt lat="37.570441" lon="126.644242">
        <ele>2.6</ele>
      </trkpt>
      <trkpt lat="37.570444" lon="126.644299">
        <ele>2.6</ele>
      </trkpt>
      <trkpt lat="37.570448" lon="126.644355">
        <ele>2.5</ele>
      </trkpt>
      <trkpt lat="37.570451" lon="126.644412">
        <ele>2.5</ele>
      </trkpt>
      <trkpt lat="37.570454" lon="126.644468">
        <ele>2.5</ele>
      </trkpt>
      <trkpt lat="37.570457" lon="126.644525">
        <ele>2.5</ele>
      </trkpt>
      <trkpt lat="37.570460" lon="126.644582">
        <ele>2.5</ele>
      </trkpt>
      <trkpt lat="37.570463" lon="126.644638">
        <ele>2.4</ele>
      </trkpt>
      <trkpt lat="37.570466" lon="126.644695">
        <ele>2.4</ele>
      </trkpt>
      <trkpt lat="37.570469" lon="126.644751">
        <ele>2.4</ele>
      </trkpt>
      <trkpt lat="37.570473" lon="126.644808">
        <ele>2.4</ele>
      </trkpt>
      <trkpt lat="37.570476" lon="126.644865">
        <ele>2.4</ele>
      </trkpt>
      <trkpt lat="37.570479" lon="126.644921">
        <ele>2.3</ele>
      </trkpt>
      <trkpt lat="37.570482" lon="126.644978">
        <ele>2.3</ele>
      </trkpt>
      <trkpt lat="37.570485" lon="126.645034">
        <ele>2.3</ele>
      </trkpt>
      <trkpt lat="37.570488" lon="126.645091">
        <ele>2.3</ele>
      </trkpt>
      <trkpt lat="37.570491" lon="126.645148">
        <ele>2.3</ele>
      </trkpt>
      <trkpt lat="37.570495" lon="126.645204">
        <ele>2.2</ele>
      </trkpt>
      <trkpt lat="37.570498" lon="126.645261">
        <ele>2.2</ele>
      </trkpt>
      <trkpt lat="37.570501" lon="126.645317">
        <ele>2.2</ele>
      </trkpt>
      <trkpt lat="37.570504" lon="126.645374">
        <ele>2.2</ele>
      </trkpt>
      <trkpt lat="37.570507" lon="126.645431">
        <ele>2.2</ele>
      </trkpt>
      <trkpt lat="37.570510" lon="126.645487">
        <ele>2.1</ele>
      </trkpt>
      <trkpt lat="37.570513" lon="126.645544">
        <ele>2.1</ele>
      </trkpt>
      <trkpt lat="37.570516" lon="126.645600">
        <ele>2.1</ele>
      </trkpt>
      <trkpt lat="37.570520" lon="126.645657">
        <ele>2.1</ele>
      </trkpt>
      <trkpt lat="37.570523" lon="126.645713">
        <ele>2.1</ele>
      </trkpt>
      <trkpt lat="37.570526" lon="126.645770">
        <ele>2.0</ele>
      </trkpt>
      <trkpt lat="37.570529" lon="126.645827">
        <ele>2.0</ele>
      </trkpt>
      <trkpt lat="37.570532" lon="126.645883">
        <ele>2.0</ele>
      </trkpt>
      <trkpt lat="37.570535" lon="126.645940">
        <ele>2.0</ele>
      </trkpt>
      <trkpt lat="37.570538" lon="126.645996">
        <ele>2.0</ele>
      </trkpt>
      <trkpt lat="37.570542" lon="126.646053">
        <ele>1.9</ele>
      </trkpt>
      <trkpt lat="37.570545" lon="126.646110">
        <ele>1.9</ele>
      </trkpt>
      <trkpt lat="37.570548" lon="126.646166">
        <ele>1.9</ele>
      </trkpt>
      <trkpt lat="37.570551" lon="126.646223">
        <ele>1.9</ele>
      </trkpt>
      <trkpt lat="37.570554" lon="126.646279">
        <ele>1.9</ele>
      </trkpt>
      <trkpt lat="37.570557" lon="126.646336">
        <ele>1.8</ele>
      </trkpt>
      <trkpt lat="37.570560" lon="126.646393">
        <ele>1.8</ele>
      </trkpt>
      <trkpt lat="37.570562" lon="126.646449">
        <ele>1.8</ele>
      </trkpt>
      <trkpt lat="37.570554" lon="126.646505">
        <ele>1.5</ele>
      </trkpt>
      <trkpt lat="37.570539" lon="126.646558">
        <ele>1.3</ele>
      </trkpt>
      <trkpt lat="37.570523" lon="126.646612">
        <ele>1.0</ele>
      </trkpt>
      <trkpt lat="37.570513" lon="126.646667">
        <ele>1.0</ele>
      </trkpt>
      <trkpt lat="37.570508" lon="126.646723">
        <ele>1.0</ele>
      </trkpt>
      <trkpt lat="37.570507" lon="126.646780">
        <ele>1.1</ele>
      </trkpt>
      <trkpt lat="37.570510" lon="126.646836">
        <ele>1.3</ele>
      </trkpt>
      <trkpt lat="37.570512" lon="126.646893">
        <ele>1.5</ele>
      </trkpt>
      <trkpt lat="37.570514" lon="126.646949">
        <ele>1.6</ele>
      </trkpt>
      <trkpt lat="37.570517" lon="126.647006">
        <ele>1.8</ele>
      </trkpt>
      <trkpt lat="37.570519" lon="126.647063">
        <ele>2.0</ele>
      </trkpt>
      <trkpt lat="37.570522" lon="126.647119">
        <ele>2.2</ele>
      </trkpt>
      <trkpt lat="37.570524" lon="126.647176">
        <ele>2.4</ele>
      </trkpt>
      <trkpt lat="37.570526" lon="126.647233">
        <ele>2.6</ele>
      </trkpt>
      <trkpt lat="37.570529" lon="126.647289">
        <ele>2.8</ele>
      </trkpt>
      <trkpt lat="37.570531" lon="126.647346">
        <ele>2.9</ele>
      </trkpt>
      <trkpt lat="37.570534" lon="126.647403">
        <ele>3.1</ele>
      </trkpt>
      <trkpt lat="37.570536" lon="126.647459">
        <ele>3.3</ele>
      </trkpt>
      <trkpt lat="37.570538" lon="126.647516">
        <ele>3.5</ele>
      </trkpt>
      <trkpt lat="37.570541" lon="126.647573">
        <ele>3.7</ele>
      </trkpt>
      <trkpt lat="37.570543" lon="126.647629">
        <ele>3.9</ele>
      </trkpt>
      <trkpt lat="37.570546" lon="126.647686">
        <ele>4.1</ele>
      </trkpt>
      <trkpt lat="37.570548" lon="126.647743">
        <ele>4.3</ele>
      </trkpt>
      <trkpt lat="37.570550" lon="126.647799">
        <ele>4.4</ele>
      </trkpt>
      <trkpt lat="37.570553" lon="126.647856">
        <ele>4.6</ele>
      </trkpt>
      <trkpt lat="37.570553" lon="126.647910">
        <ele>4.8</ele>
      </trkpt>
      <trkpt lat="37.570556" lon="126.647940">
        <ele>4.1</ele>
      </trkpt>
      <trkpt lat="37.570559" lon="126.647997">
        <ele>4.3</ele>
      </trkpt>
      <trkpt lat="37.570561" lon="126.648054">
        <ele>4.5</ele>
      </trkpt>
      <trkpt lat="37.570564" lon="126.648110">
        <ele>4.7</ele>
      </trkpt>
      <trkpt lat="37.570567" lon="126.648167">
        <ele>4.8</ele>
      </trkpt>
      <trkpt lat="37.570571" lon="126.648223">
        <ele>4.8</ele>
      </trkpt>
      <trkpt lat="37.570576" lon="126.648280">
        <ele>4.8</ele>
      </trkpt>
      <trkpt lat="37.570580" lon="126.648336">
        <ele>4.8</ele>
      </trkpt>
      <trkpt lat="37.570584" lon="126.648393">
        <ele>4.8</ele>
      </trkpt>
      <trkpt lat="37.570588" lon="126.648449">
        <ele>4.8</ele>
      </trkpt>
      <trkpt lat="37.570593" lon="126.648506">
        <ele>4.8</ele>
      </trkpt>
      <trkpt lat="37.570597" lon="126.648562">
        <ele>4.8</ele>
      </trkpt>
      <trkpt lat="37.570601" lon="126.648619">
        <ele>4.8</ele>
      </trkpt>
      <trkpt lat="37.570605" lon="126.648675">
        <ele>4.7</ele>
      </trkpt>
      <trkpt lat="37.570610" lon="126.648732">
        <ele>4.7</ele>
      </trkpt>
      <trkpt lat="37.570614" lon="126.648788">
        <ele>4.7</ele>
      </trkpt>
      <trkpt lat="37.570618" lon="126.648845">
        <ele>4.7</ele>
      </trkpt>
      <trkpt lat="37.570622" lon="126.648901">
        <ele>4.7</ele>
      </trkpt>
      <trkpt lat="37.570627" lon="126.648958">
        <ele>4.7</ele>
      </trkpt>
      <trkpt lat="37.570631" lon="126.649014">
        <ele>4.7</ele>
      </trkpt>
      <trkpt lat="37.570635" lon="126.649070">
        <ele>4.7</ele>
      </trkpt>
      <trkpt lat="37.570639" lon="126.649127">
        <ele>4.7</ele>
      </trkpt>
      <trkpt lat="37.570644" lon="126.649183">
        <ele>4.7</ele>
      </trkpt>
      <trkpt lat="37.570648" lon="126.649240">
        <ele>4.7</ele>
      </trkpt>
      <trkpt lat="37.570652" lon="126.649296">
        <ele>4.7</ele>
      </trkpt>
      <trkpt lat="37.570656" lon="126.649353">
        <ele>4.7</ele>
      </trkpt>
      <trkpt lat="37.570661" lon="126.649409">
        <ele>4.7</ele>
      </trkpt>
      <trkpt lat="37.570665" lon="126.649466">
        <ele>4.7</ele>
      </trkpt>
      <trkpt lat="37.570669" lon="126.649522">
        <ele>4.7</ele>
      </trkpt>
      <trkpt lat="37.570673" lon="126.649579">
        <ele>4.7</ele>
      </trkpt>
      <trkpt lat="37.570678" lon="126.649635">
        <ele>4.7</ele>
      </trkpt>
      <trkpt lat="37.570682" lon="126.649692">
        <ele>4.6</ele>
      </trkpt>
      <trkpt lat="37.570686" lon="126.649748">
        <ele>4.6</ele>
      </trkpt>
      <trkpt lat="37.570690" lon="126.649805">
        <ele>4.6</ele>
      </trkpt>
      <trkpt lat="37.570695" lon="126.649861">
        <ele>4.6</ele>
      </trkpt>
      <trkpt lat="37.570699" lon="126.649918">
        <ele>4.6</ele>
      </trkpt>
      <trkpt lat="37.570703" lon="126.649974">
        <ele>4.6</ele>
      </trkpt>
      <trkpt lat="37.570707" lon="126.650031">
        <ele>4.6</ele>
      </trkpt>
      <trkpt lat="37.570712" lon="126.650087">
        <ele>4.6</ele>
      </trkpt>
      <trkpt lat="37.570716" lon="126.650144">
        <ele>4.6</ele>
      </trkpt>
      <trkpt lat="37.570720" lon="126.650200">
        <ele>4.6</ele>
      </trkpt>
      <trkpt lat="37.570724" lon="126.650256">
        <ele>4.6</ele>
      </trkpt>
      <trkpt lat="37.570729" lon="126.650313">
        <ele>4.6</ele>
      </trkpt>
      <trkpt lat="37.570733" lon="126.650369">
        <ele>4.6</ele>
      </trkpt>
      <trkpt lat="37.570737" lon="126.650426">
        <ele>4.6</ele>
      </trkpt>
      <trkpt lat="37.570741" lon="126.650482">
        <ele>4.6</ele>
      </trkpt>
      <trkpt lat="37.570746" lon="126.650539">
        <ele>4.6</ele>
      </trkpt>
      <trkpt lat="37.570750" lon="126.650595">
        <ele>4.6</ele>
      </trkpt>
      <trkpt lat="37.570754" lon="126.650652">
        <ele>4.5</ele>
      </trkpt>
      <trkpt lat="37.570759" lon="126.650708">
        <ele>4.5</ele>
      </trkpt>
      <trkpt lat="37.570763" lon="126.650765">
        <ele>4.5</ele>
      </trkpt>
      <trkpt lat="37.570767" lon="126.650821">
        <ele>4.5</ele>
      </trkpt>
      <trkpt lat="37.570771" lon="126.650878">
        <ele>4.5</ele>
      </trkpt>
      <trkpt lat="37.570776" lon="126.650934">
        <ele>4.5</ele>
      </trkpt>
      <trkpt lat="37.570780" lon="126.650991">
        <ele>4.5</ele>
      </trkpt>
      <trkpt lat="37.570784" lon="126.651047">
        <ele>4.5</ele>
      </trkpt>
      <trkpt lat="37.570788" lon="126.651104">
        <ele>4.5</ele>
      </trkpt>
      <trkpt lat="37.570793" lon="126.651160">
        <ele>4.5</ele>
      </trkpt>
      <trkpt lat="37.570797" lon="126.651217">
        <ele>4.5</ele>
      </trkpt>
      <trkpt lat="37.570801" lon="126.651273">
        <ele>4.5</ele>
      </trkpt>
      <trkpt lat="37.570805" lon="126.651330">
        <ele>4.5</ele>
      </trkpt>
      <trkpt lat="37.570810" lon="126.651386">
        <ele>4.5</ele>
      </trkpt>
      <trkpt lat="37.570814" lon="126.651443">
        <ele>4.5</ele>
      </trkpt>
      <trkpt lat="37.570818" lon="126.651499">
        <ele>4.5</ele>
      </trkpt>
      <trkpt lat="37.570822" lon="126.651555">
        <ele>4.5</ele>
      </trkpt>
      <trkpt lat="37.570827" lon="126.651612">
        <ele>4.5</ele>
      </trkpt>
      <trkpt lat="37.570831" lon="126.651668">
        <ele>4.4</ele>
      </trkpt>
      <trkpt lat="37.570835" lon="126.651725">
        <ele>4.4</ele>
      </trkpt>
      <trkpt lat="37.570839" lon="126.651781">
        <ele>4.4</ele>
      </trkpt>
      <trkpt lat="37.570844" lon="126.651838">
        <ele>4.4</ele>
      </trkpt>
      <trkpt lat="37.570848" lon="126.651894">
        <ele>4.4</ele>
      </trkpt>
      <trkpt lat="37.570852" lon="126.651951">
        <ele>4.4</ele>
      </trkpt>
      <trkpt lat="37.570856" lon="126.652007">
        <ele>4.4</ele>
      </trkpt>
      <trkpt lat="37.570861" lon="126.652064">
        <ele>4.4</ele>
      </trkpt>
      <trkpt lat="37.570865" lon="126.652120">
        <ele>4.4</ele>
      </trkpt>
      <trkpt lat="37.570869" lon="126.652177">
        <ele>4.4</ele>
      </trkpt>
      <trkpt lat="37.570873" lon="126.652233">
        <ele>4.4</ele>
      </trkpt>
      <trkpt lat="37.570878" lon="126.652290">
        <ele>4.4</ele>
      </trkpt>
      <trkpt lat="37.570882" lon="126.652346">
        <ele>4.4</ele>
      </trkpt>
      <trkpt lat="37.570886" lon="126.652403">
        <ele>4.4</ele>
      </trkpt>
      <trkpt lat="37.570890" lon="126.652459">
        <ele>4.4</ele>
      </trkpt>
      <trkpt lat="37.570895" lon="126.652516">
        <ele>4.4</ele>
      </trkpt>
      <trkpt lat="37.570899" lon="126.652572">
        <ele>4.4</ele>
      </trkpt>
      <trkpt lat="37.570903" lon="126.652629">
        <ele>4.4</ele>
      </trkpt>
      <trkpt lat="37.570907" lon="126.652685">
        <ele>4.3</ele>
      </trkpt>
      <trkpt lat="37.570912" lon="126.652742">
        <ele>4.3</ele>
      </trkpt>
      <trkpt lat="37.570916" lon="126.652798">
        <ele>4.3</ele>
      </trkpt>
      <trkpt lat="37.570920" lon="126.652854">
        <ele>4.3</ele>
      </trkpt>
      <trkpt lat="37.570924" lon="126.652911">
        <ele>4.3</ele>
      </trkpt>
      <trkpt lat="37.570929" lon="126.652967">
        <ele>4.3</ele>
      </trkpt>
      <trkpt lat="37.570933" lon="126.653024">
        <ele>4.3</ele>
      </trkpt>
      <trkpt lat="37.570937" lon="126.653080">
        <ele>4.3</ele>
      </trkpt>
      <trkpt lat="37.570941" lon="126.653137">
        <ele>4.3</ele>
      </trkpt>
      <trkpt lat="37.570933" lon="126.653146">
        <ele>4.4</ele>
      </trkpt>
      <trkpt lat="37.570945" lon="126.653189">
        <ele>4.5</ele>
      </trkpt>
      <trkpt lat="37.570950" lon="126.653245">
        <ele>4.5</ele>
      </trkpt>
      <trkpt lat="37.570954" lon="126.653302">
        <ele>4.5</ele>
      </trkpt>
      <trkpt lat="37.570958" lon="126.653358">
        <ele>4.5</ele>
      </trkpt>
      <trkpt lat="37.570962" lon="126.653415">
        <ele>4.5</ele>
      </trkpt>
      <trkpt lat="37.570967" lon="126.653471">
        <ele>4.5</ele>
      </trkpt>
      <trkpt lat="37.570971" lon="126.653527">
        <ele>4.5</ele>
      </trkpt>
      <trkpt lat="37.570975" lon="126.653584">
        <ele>4.5</ele>
      </trkpt>
      <trkpt lat="37.570979" lon="126.653640">
        <ele>4.5</ele>
      </trkpt>
      <trkpt lat="37.570984" lon="126.653697">
        <ele>4.5</ele>
      </trkpt>
      <trkpt lat="37.570988" lon="126.653753">
        <ele>4.5</ele>
      </trkpt>
      <trkpt lat="37.570992" lon="126.653810">
        <ele>4.5</ele>
      </trkpt>
      <trkpt lat="37.570996" lon="126.653866">
        <ele>4.5</ele>
      </trkpt>
      <trkpt lat="37.571001" lon="126.653923">
        <ele>4.5</ele>
      </trkpt>
      <trkpt lat="37.571005" lon="126.653979">
        <ele>4.5</ele>
      </trkpt>
      <trkpt lat="37.571009" lon="126.654036">
        <ele>4.5</ele>
      </trkpt>
      <trkpt lat="37.571014" lon="126.654092">
        <ele>4.5</ele>
      </trkpt>
      <trkpt lat="37.571018" lon="126.654149">
        <ele>4.5</ele>
      </trkpt>
      <trkpt lat="37.571022" lon="126.654205">
        <ele>4.5</ele>
      </trkpt>
      <trkpt lat="37.571026" lon="126.654262">
        <ele>4.5</ele>
      </trkpt>
      <trkpt lat="37.571031" lon="126.654318">
        <ele>4.5</ele>
      </trkpt>
      <trkpt lat="37.571035" lon="126.654375">
        <ele>4.5</ele>
      </trkpt>
      <trkpt lat="37.571039" lon="126.654431">
        <ele>4.5</ele>
      </trkpt>
      <trkpt lat="37.571043" lon="126.654488">
        <ele>4.5</ele>
      </trkpt>
      <trkpt lat="37.571048" lon="126.654544">
        <ele>4.5</ele>
      </trkpt>
      <trkpt lat="37.571052" lon="126.654601">
        <ele>4.5</ele>
      </trkpt>
      <trkpt lat="37.571056" lon="126.654657">
        <ele>4.5</ele>
      </trkpt>
      <trkpt lat="37.571060" lon="126.654713">
        <ele>4.5</ele>
      </trkpt>
      <trkpt lat="37.571065" lon="126.654770">
        <ele>4.5</ele>
      </trkpt>
      <trkpt lat="37.571069" lon="126.654826">
        <ele>4.5</ele>
      </trkpt>
      <trkpt lat="37.571073" lon="126.654883">
        <ele>4.4</ele>
      </trkpt>
      <trkpt lat="37.571077" lon="126.654939">
        <ele>4.4</ele>
      </trkpt>
      <trkpt lat="37.571082" lon="126.654996">
        <ele>4.4</ele>
      </trkpt>
      <trkpt lat="37.571086" lon="126.655052">
        <ele>4.4</ele>
      </trkpt>
      <trkpt lat="37.571090" lon="126.655109">
        <ele>4.4</ele>
      </trkpt>
      <trkpt lat="37.571095" lon="126.655165">
        <ele>4.4</ele>
      </trkpt>
      <trkpt lat="37.571099" lon="126.655222">
        <ele>4.4</ele>
      </trkpt>
      <trkpt lat="37.571103" lon="126.655278">
        <ele>4.4</ele>
      </trkpt>
      <trkpt lat="37.571107" lon="126.655335">
        <ele>4.4</ele>
      </trkpt>
      <trkpt lat="37.571112" lon="126.655391">
        <ele>4.4</ele>
      </trkpt>
      <trkpt lat="37.571116" lon="126.655448">
        <ele>4.4</ele>
      </trkpt>
      <trkpt lat="37.571120" lon="126.655504">
        <ele>4.4</ele>
      </trkpt>
      <trkpt lat="37.571124" lon="126.655561">
        <ele>4.4</ele>
      </trkpt>
      <trkpt lat="37.571129" lon="126.655617">
        <ele>4.4</ele>
      </trkpt>
      <trkpt lat="37.571133" lon="126.655674">
        <ele>4.4</ele>
      </trkpt>
      <trkpt lat="37.571137" lon="126.655730">
        <ele>4.4</ele>
      </trkpt>
      <trkpt lat="37.571141" lon="126.655787">
        <ele>4.4</ele>
      </trkpt>
      <trkpt lat="37.571146" lon="126.655843">
        <ele>4.4</ele>
      </trkpt>
      <trkpt lat="37.571150" lon="126.655900">
        <ele>4.4</ele>
      </trkpt>
      <trkpt lat="37.571154" lon="126.655956">
        <ele>4.4</ele>
      </trkpt>
      <trkpt lat="37.571158" lon="126.656012">
        <ele>4.4</ele>
      </trkpt>
      <trkpt lat="37.571163" lon="126.656069">
        <ele>4.4</ele>
      </trkpt>
      <trkpt lat="37.571167" lon="126.656125">
        <ele>4.4</ele>
      </trkpt>
      <trkpt lat="37.571171" lon="126.656182">
        <ele>4.4</ele>
      </trkpt>
      <trkpt lat="37.571175" lon="126.656238">
        <ele>4.4</ele>
      </trkpt>
      <trkpt lat="37.571180" lon="126.656295">
        <ele>4.4</ele>
      </trkpt>
      <trkpt lat="37.571184" lon="126.656351">
        <ele>4.4</ele>
      </trkpt>
      <trkpt lat="37.571188" lon="126.656408">
        <ele>4.4</ele>
      </trkpt>
      <trkpt lat="37.571193" lon="126.656464">
        <ele>4.4</ele>
      </trkpt>
      <trkpt lat="37.571197" lon="126.656521">
        <ele>4.4</ele>
      </trkpt>
      <trkpt lat="37.571201" lon="126.656577">
        <ele>4.4</ele>
      </trkpt>
      <trkpt lat="37.571205" lon="126.656634">
        <ele>4.4</ele>
      </trkpt>
      <trkpt lat="37.571210" lon="126.656690">
        <ele>4.4</ele>
      </trkpt>
      <trkpt lat="37.571214" lon="126.656747">
        <ele>4.4</ele>
      </trkpt>
      <trkpt lat="37.571218" lon="126.656803">
        <ele>4.4</ele>
      </trkpt>
      <trkpt lat="37.571222" lon="126.656860">
        <ele>4.4</ele>
      </trkpt>
      <trkpt lat="37.571227" lon="126.656916">
        <ele>4.4</ele>
      </trkpt>
      <trkpt lat="37.571231" lon="126.656973">
        <ele>4.4</ele>
      </trkpt>
      <trkpt lat="37.571235" lon="126.657029">
        <ele>4.4</ele>
      </trkpt>
      <trkpt lat="37.571239" lon="126.657086">
        <ele>4.4</ele>
      </trkpt>
      <trkpt lat="37.571244" lon="126.657142">
        <ele>4.4</ele>
      </trkpt>
      <trkpt lat="37.571248" lon="126.657198">
        <ele>4.4</ele>
      </trkpt>
      <trkpt lat="37.571252" lon="126.657255">
        <ele>4.4</ele>
      </trkpt>
      <trkpt lat="37.571256" lon="126.657311">
        <ele>4.4</ele>
      </trkpt>
      <trkpt lat="37.571261" lon="126.657368">
        <ele>4.4</ele>
      </trkpt>
      <trkpt lat="37.571265" lon="126.657424">
        <ele>4.4</ele>
      </trkpt>
      <trkpt lat="37.571269" lon="126.657481">
        <ele>4.4</ele>
      </trkpt>
      <trkpt lat="37.571273" lon="126.657537">
        <ele>4.4</ele>
      </trkpt>
      <trkpt lat="37.571278" lon="126.657594">
        <ele>4.4</ele>
      </trkpt>
      <trkpt lat="37.571282" lon="126.657650">
        <ele>4.4</ele>
      </trkpt>
      <trkpt lat="37.571286" lon="126.657707">
        <ele>4.4</ele>
      </trkpt>
      <trkpt lat="37.571291" lon="126.657763">
        <ele>4.4</ele>
      </trkpt>
      <trkpt lat="37.571295" lon="126.657820">
        <ele>4.4</ele>
      </trkpt>
      <trkpt lat="37.571299" lon="126.657876">
        <ele>4.4</ele>
      </trkpt>
      <trkpt lat="37.571303" lon="126.657933">
        <ele>4.4</ele>
      </trkpt>
      <trkpt lat="37.571308" lon="126.657989">
        <ele>4.4</ele>
      </trkpt>
      <trkpt lat="37.571312" lon="126.658046">
        <ele>4.4</ele>
      </trkpt>
      <trkpt lat="37.571316" lon="126.658102">
        <ele>4.4</ele>
      </trkpt>
      <trkpt lat="37.571320" lon="126.658159">
        <ele>4.4</ele>
      </trkpt>
      <trkpt lat="37.571325" lon="126.658215">
        <ele>4.4</ele>
      </trkpt>
      <trkpt lat="37.571329" lon="126.658272">
        <ele>4.3</ele>
      </trkpt>
      <trkpt lat="37.571333" lon="126.658328">
        <ele>4.3</ele>
      </trkpt>
      <trkpt lat="37.571337" lon="126.658385">
        <ele>4.3</ele>
      </trkpt>
      <trkpt lat="37.571342" lon="126.658441">
        <ele>4.3</ele>
      </trkpt>
      <trkpt lat="37.571346" lon="126.658497">
        <ele>4.3</ele>
      </trkpt>
      <trkpt lat="37.571350" lon="126.658554">
        <ele>4.3</ele>
      </trkpt>
      <trkpt lat="37.571354" lon="126.658610">
        <ele>4.3</ele>
      </trkpt>
      <trkpt lat="37.571359" lon="126.658667">
        <ele>4.3</ele>
      </trkpt>
      <trkpt lat="37.571363" lon="126.658723">
        <ele>4.3</ele>
      </trkpt>
      <trkpt lat="37.571367" lon="126.658780">
        <ele>4.3</ele>
      </trkpt>
      <trkpt lat="37.571371" lon="126.658836">
        <ele>4.3</ele>
      </trkpt>
      <trkpt lat="37.571376" lon="126.658893">
        <ele>4.3</ele>
      </trkpt>
      <trkpt lat="37.571380" lon="126.658949">
        <ele>4.3</ele>
      </trkpt>
      <trkpt lat="37.571384" lon="126.659006">
        <ele>4.3</ele>
      </trkpt>
      <trkpt lat="37.571389" lon="126.659062">
        <ele>4.3</ele>
      </trkpt>
      <trkpt lat="37.571393" lon="126.659119">
        <ele>4.3</ele>
      </trkpt>
      <trkpt lat="37.571397" lon="126.659175">
        <ele>4.3</ele>
      </trkpt>
      <trkpt lat="37.571401" lon="126.659232">
        <ele>4.3</ele>
      </trkpt>
      <trkpt lat="37.571406" lon="126.659288">
        <ele>4.3</ele>
      </trkpt>
      <trkpt lat="37.571410" lon="126.659345">
        <ele>4.3</ele>
      </trkpt>
      <trkpt lat="37.571414" lon="126.659401">
        <ele>4.3</ele>
      </trkpt>
      <trkpt lat="37.571418" lon="126.659458">
        <ele>4.3</ele>
      </trkpt>
      <trkpt lat="37.571423" lon="126.659514">
        <ele>4.3</ele>
      </trkpt>
      <trkpt lat="37.571427" lon="126.659571">
        <ele>4.3</ele>
      </trkpt>
      <trkpt lat="37.571431" lon="126.659627">
        <ele>4.3</ele>
      </trkpt>
      <trkpt lat="37.571435" lon="126.659683">
        <ele>4.3</ele>
      </trkpt>
      <trkpt lat="37.571440" lon="126.659740">
        <ele>4.3</ele>
      </trkpt>
      <trkpt lat="37.571444" lon="126.659796">
        <ele>4.3</ele>
      </trkpt>
      <trkpt lat="37.571448" lon="126.659853">
        <ele>4.3</ele>
      </trkpt>
      <trkpt lat="37.571452" lon="126.659909">
        <ele>4.3</ele>
      </trkpt>
      <trkpt lat="37.571457" lon="126.659966">
        <ele>4.3</ele>
      </trkpt>
      <trkpt lat="37.571465" lon="126.660017">
        <ele>4.3</ele>
      </trkpt>
      <trkpt lat="37.571469" lon="126.660074">
        <ele>4.3</ele>
      </trkpt>
      <trkpt lat="37.571472" lon="126.660130">
        <ele>4.3</ele>
      </trkpt>
      <trkpt lat="37.571476" lon="126.660187">
        <ele>4.3</ele>
      </trkpt>
      <trkpt lat="37.571480" lon="126.660244">
        <ele>4.3</ele>
      </trkpt>
      <trkpt lat="37.571484" lon="126.660300">
        <ele>4.3</ele>
      </trkpt>
      <trkpt lat="37.571487" lon="126.660357">
        <ele>4.3</ele>
      </trkpt>
      <trkpt lat="37.571491" lon="126.660413">
        <ele>4.3</ele>
      </trkpt>
      <trkpt lat="37.571495" lon="126.660470">
        <ele>4.3</ele>
      </trkpt>
      <trkpt lat="37.571498" lon="126.660526">
        <ele>4.3</ele>
      </trkpt>
      <trkpt lat="37.571502" lon="126.660583">
        <ele>4.3</ele>
      </trkpt>
      <trkpt lat="37.571506" lon="126.660639">
        <ele>4.3</ele>
      </trkpt>
      <trkpt lat="37.571509" lon="126.660696">
        <ele>4.3</ele>
      </trkpt>
      <trkpt lat="37.571513" lon="126.660752">
        <ele>4.3</ele>
      </trkpt>
      <trkpt lat="37.571517" lon="126.660809">
        <ele>4.3</ele>
      </trkpt>
      <trkpt lat="37.571521" lon="126.660865">
        <ele>4.3</ele>
      </trkpt>
      <trkpt lat="37.571524" lon="126.660922">
        <ele>4.3</ele>
      </trkpt>
      <trkpt lat="37.571528" lon="126.660979">
        <ele>4.3</ele>
      </trkpt>
      <trkpt lat="37.571532" lon="126.661035">
        <ele>4.3</ele>
      </trkpt>
      <trkpt lat="37.571535" lon="126.661092">
        <ele>4.3</ele>
      </trkpt>
      <trkpt lat="37.571540" lon="126.661148">
        <ele>4.3</ele>
      </trkpt>
      <trkpt lat="37.571547" lon="126.661203">
        <ele>4.3</ele>
      </trkpt>
      <trkpt lat="37.571538" lon="126.661258">
        <ele>4.3</ele>
      </trkpt>
      <trkpt lat="37.571525" lon="126.661312">
        <ele>4.5</ele>
      </trkpt>
      <trkpt lat="37.571511" lon="126.661367">
        <ele>4.6</ele>
      </trkpt>
      <trkpt lat="37.571498" lon="126.661421">
        <ele>4.7</ele>
      </trkpt>
      <trkpt lat="37.571485" lon="126.661475">
        <ele>4.8</ele>
      </trkpt>
      <trkpt lat="37.571482" lon="126.661532">
        <ele>4.8</ele>
      </trkpt>
      <trkpt lat="37.571478" lon="126.661588">
        <ele>4.8</ele>
      </trkpt>
      <trkpt lat="37.571482" lon="126.661645">
        <ele>4.8</ele>
      </trkpt>
      <trkpt lat="37.571486" lon="126.661701">
        <ele>4.9</ele>
      </trkpt>
      <trkpt lat="37.571491" lon="126.661758">
        <ele>4.9</ele>
      </trkpt>
      <trkpt lat="37.571495" lon="126.661814">
        <ele>4.9</ele>
      </trkpt>
      <trkpt lat="37.571500" lon="126.661870">
        <ele>5.0</ele>
      </trkpt>
      <trkpt lat="37.571504" lon="126.661927">
        <ele>5.0</ele>
      </trkpt>
      <trkpt lat="37.571508" lon="126.661983">
        <ele>5.1</ele>
      </trkpt>
      <trkpt lat="37.571513" lon="126.662040">
        <ele>5.1</ele>
      </trkpt>
      <trkpt lat="37.571517" lon="126.662096">
        <ele>5.1</ele>
      </trkpt>
      <trkpt lat="37.571521" lon="126.662153">
        <ele>5.2</ele>
      </trkpt>
      <trkpt lat="37.571526" lon="126.662209">
        <ele>5.2</ele>
      </trkpt>
      <trkpt lat="37.571530" lon="126.662266">
        <ele>5.2</ele>
      </trkpt>
      <trkpt lat="37.571535" lon="126.662322">
        <ele>5.3</ele>
      </trkpt>
      <trkpt lat="37.571539" lon="126.662379">
        <ele>5.3</ele>
      </trkpt>
      <trkpt lat="37.571543" lon="126.662435">
        <ele>5.4</ele>
      </trkpt>
      <trkpt lat="37.571548" lon="126.662492">
        <ele>5.4</ele>
      </trkpt>
      <trkpt lat="37.571552" lon="126.662548">
        <ele>5.4</ele>
      </trkpt>
      <trkpt lat="37.571557" lon="126.662604">
        <ele>5.5</ele>
      </trkpt>
      <trkpt lat="37.571561" lon="126.662661">
        <ele>5.5</ele>
      </trkpt>
      <trkpt lat="37.571563" lon="126.662682">
        <ele>5.3</ele>
      </trkpt>
      <trkpt lat="37.571567" lon="126.662738">
        <ele>5.3</ele>
      </trkpt>
      <trkpt lat="37.571571" lon="126.662795">
        <ele>5.4</ele>
      </trkpt>
      <trkpt lat="37.571576" lon="126.662851">
        <ele>5.4</ele>
      </trkpt>
      <trkpt lat="37.571580" lon="126.662908">
        <ele>5.4</ele>
      </trkpt>
      <trkpt lat="37.571585" lon="126.662964">
        <ele>5.5</ele>
      </trkpt>
      <trkpt lat="37.571590" lon="126.663020">
        <ele>5.5</ele>
      </trkpt>
      <trkpt lat="37.571602" lon="126.663075">
        <ele>5.8</ele>
      </trkpt>
      <trkpt lat="37.571619" lon="126.663127">
        <ele>5.8</ele>
      </trkpt>
      <trkpt lat="37.571637" lon="126.663180">
        <ele>5.8</ele>
      </trkpt>
      <trkpt lat="37.571654" lon="126.663232">
        <ele>5.8</ele>
      </trkpt>
      <trkpt lat="37.571671" lon="126.663285">
        <ele>5.8</ele>
      </trkpt>
      <trkpt lat="37.571686" lon="126.663338">
        <ele>5.9</ele>
      </trkpt>
      <trkpt lat="37.571699" lon="126.663392">
        <ele>5.9</ele>
      </trkpt>
      <trkpt lat="37.571709" lon="126.663448">
        <ele>6.1</ele>
      </trkpt>
      <trkpt lat="37.571715" lon="126.663504">
        <ele>6.2</ele>
      </trkpt>
      <trkpt lat="37.571721" lon="126.663560">
        <ele>6.3</ele>
      </trkpt>
      <trkpt lat="37.571727" lon="126.663616">
        <ele>6.4</ele>
      </trkpt>
      <trkpt lat="37.571733" lon="126.663672">
        <ele>6.5</ele>
      </trkpt>
      <trkpt lat="37.571739" lon="126.663729">
        <ele>6.6</ele>
      </trkpt>
      <trkpt lat="37.571745" lon="126.663785">
        <ele>6.8</ele>
      </trkpt>
      <trkpt lat="37.571749" lon="126.663841">
        <ele>6.9</ele>
      </trkpt>
      <trkpt lat="37.571752" lon="126.663898">
        <ele>6.9</ele>
      </trkpt>
      <trkpt lat="37.571754" lon="126.663955">
        <ele>7.0</ele>
      </trkpt>
      <trkpt lat="37.571757" lon="126.664011">
        <ele>7.1</ele>
      </trkpt>
      <trkpt lat="37.571760" lon="126.664068">
        <ele>7.2</ele>
      </trkpt>
      <trkpt lat="37.571762" lon="126.664124">
        <ele>7.2</ele>
      </trkpt>
      <trkpt lat="37.571765" lon="126.664181">
        <ele>7.3</ele>
      </trkpt>
      <trkpt lat="37.571766" lon="126.664238">
        <ele>7.3</ele>
      </trkpt>
      <trkpt lat="37.571766" lon="126.664295">
        <ele>7.3</ele>
      </trkpt>
      <trkpt lat="37.571767" lon="126.664351">
        <ele>7.3</ele>
      </trkpt>
      <trkpt lat="37.571767" lon="126.664408">
        <ele>7.3</ele>
      </trkpt>
      <trkpt lat="37.571768" lon="126.664465">
        <ele>7.4</ele>
      </trkpt>
      <trkpt lat="37.571768" lon="126.664522">
        <ele>7.4</ele>
      </trkpt>
      <trkpt lat="37.571769" lon="126.664578">
        <ele>7.4</ele>
      </trkpt>
      <trkpt lat="37.571769" lon="126.664635">
        <ele>7.4</ele>
      </trkpt>
      <trkpt lat="37.571770" lon="126.664692">
        <ele>7.4</ele>
      </trkpt>
      <trkpt lat="37.571771" lon="126.664748">
        <ele>7.4</ele>
      </trkpt>
      <trkpt lat="37.571771" lon="126.664805">
        <ele>7.4</ele>
      </trkpt>
      <trkpt lat="37.571772" lon="126.664862">
        <ele>7.4</ele>
      </trkpt>
      <trkpt lat="37.571772" lon="126.664919">
        <ele>7.5</ele>
      </trkpt>
      <trkpt lat="37.571773" lon="126.664975">
        <ele>7.5</ele>
      </trkpt>
      <trkpt lat="37.571773" lon="126.665032">
        <ele>7.5</ele>
      </trkpt>
      <trkpt lat="37.571774" lon="126.665089">
        <ele>7.5</ele>
      </trkpt>
      <trkpt lat="37.571773" lon="126.665146">
        <ele>7.4</ele>
      </trkpt>
      <trkpt lat="37.571773" lon="126.665202">
        <ele>7.3</ele>
      </trkpt>
      <trkpt lat="37.571772" lon="126.665259">
        <ele>7.2</ele>
      </trkpt>
      <trkpt lat="37.571771" lon="126.665316">
        <ele>7.1</ele>
      </trkpt>
      <trkpt lat="37.571770" lon="126.665372">
        <ele>6.9</ele>
      </trkpt>
      <trkpt lat="37.571769" lon="126.665429">
        <ele>6.8</ele>
      </trkpt>
      <trkpt lat="37.571768" lon="126.665486">
        <ele>6.7</ele>
      </trkpt>
      <trkpt lat="37.571767" lon="126.665543">
        <ele>6.6</ele>
      </trkpt>
      <trkpt lat="37.571766" lon="126.665599">
        <ele>6.5</ele>
      </trkpt>
      <trkpt lat="37.571765" lon="126.665656">
        <ele>6.3</ele>
      </trkpt>
      <trkpt lat="37.571764" lon="126.665713">
        <ele>6.3</ele>
      </trkpt>
      <trkpt lat="37.571761" lon="126.665769">
        <ele>6.3</ele>
      </trkpt>
      <trkpt lat="37.571759" lon="126.665826">
        <ele>6.2</ele>
      </trkpt>
      <trkpt lat="37.571757" lon="126.665883">
        <ele>6.2</ele>
      </trkpt>
      <trkpt lat="37.571755" lon="126.665939">
        <ele>6.2</ele>
      </trkpt>
      <trkpt lat="37.571752" lon="126.665996">
        <ele>6.1</ele>
      </trkpt>
      <trkpt lat="37.571750" lon="126.666053">
        <ele>6.1</ele>
      </trkpt>
      <trkpt lat="37.571748" lon="126.666109">
        <ele>6.1</ele>
      </trkpt>
      <trkpt lat="37.571745" lon="126.666166">
        <ele>6.0</ele>
      </trkpt>
      <trkpt lat="37.571743" lon="126.666223">
        <ele>6.0</ele>
      </trkpt>
      <trkpt lat="37.571739" lon="126.666279">
        <ele>6.0</ele>
      </trkpt>
      <trkpt lat="37.571734" lon="126.666336">
        <ele>6.1</ele>
      </trkpt>
      <trkpt lat="37.571730" lon="126.666392">
        <ele>6.1</ele>
      </trkpt>
      <trkpt lat="37.571725" lon="126.666448">
        <ele>6.1</ele>
      </trkpt>
      <trkpt lat="37.571721" lon="126.666505">
        <ele>6.2</ele>
      </trkpt>
      <trkpt lat="37.571716" lon="126.666561">
        <ele>6.2</ele>
      </trkpt>
      <trkpt lat="37.571711" lon="126.666618">
        <ele>6.2</ele>
      </trkpt>
      <trkpt lat="37.571707" lon="126.666674">
        <ele>6.2</ele>
      </trkpt>
      <trkpt lat="37.571702" lon="126.666731">
        <ele>6.3</ele>
      </trkpt>
      <trkpt lat="37.571698" lon="126.666787">
        <ele>6.3</ele>
      </trkpt>
      <trkpt lat="37.571693" lon="126.666843">
        <ele>6.3</ele>
      </trkpt>
      <trkpt lat="37.571688" lon="126.666900">
        <ele>6.4</ele>
      </trkpt>
      <trkpt lat="37.571684" lon="126.666956">
        <ele>6.4</ele>
      </trkpt>
      <trkpt lat="37.571679" lon="126.667013">
        <ele>6.4</ele>
      </trkpt>
      <trkpt lat="37.571675" lon="126.667069">
        <ele>6.5</ele>
      </trkpt>
      <trkpt lat="37.571670" lon="126.667126">
        <ele>6.5</ele>
      </trkpt>
      <trkpt lat="37.571665" lon="126.667182">
        <ele>6.5</ele>
      </trkpt>
      <trkpt lat="37.571660" lon="126.667238">
        <ele>6.5</ele>
      </trkpt>
      <trkpt lat="37.571655" lon="126.667295">
        <ele>6.4</ele>
      </trkpt>
      <trkpt lat="37.571650" lon="126.667351">
        <ele>6.4</ele>
      </trkpt>
      <trkpt lat="37.571645" lon="126.667408">
        <ele>6.4</ele>
      </trkpt>
      <trkpt lat="37.571640" lon="126.667464">
        <ele>6.4</ele>
      </trkpt>
      <trkpt lat="37.571635" lon="126.667520">
        <ele>6.4</ele>
      </trkpt>
      <trkpt lat="37.571630" lon="126.667577">
        <ele>6.4</ele>
      </trkpt>
      <trkpt lat="37.571625" lon="126.667633">
        <ele>6.3</ele>
      </trkpt>
      <trkpt lat="37.571620" lon="126.667689">
        <ele>6.3</ele>
      </trkpt>
      <trkpt lat="37.571615" lon="126.667746">
        <ele>6.3</ele>
      </trkpt>
      <trkpt lat="37.571609" lon="126.667802">
        <ele>6.3</ele>
      </trkpt>
      <trkpt lat="37.571604" lon="126.667859">
        <ele>6.3</ele>
      </trkpt>
      <trkpt lat="37.571599" lon="126.667915">
        <ele>6.2</ele>
      </trkpt>
      <trkpt lat="37.571594" lon="126.667971">
        <ele>6.2</ele>
      </trkpt>
      <trkpt lat="37.571589" lon="126.668028">
        <ele>6.2</ele>
      </trkpt>
      <trkpt lat="37.571584" lon="126.668084">
        <ele>6.2</ele>
      </trkpt>
      <trkpt lat="37.571579" lon="126.668140">
        <ele>6.2</ele>
      </trkpt>
      <trkpt lat="37.571574" lon="126.668197">
        <ele>6.2</ele>
      </trkpt>
      <trkpt lat="37.571569" lon="126.668253">
        <ele>6.1</ele>
      </trkpt>
      <trkpt lat="37.571564" lon="126.668309">
        <ele>6.1</ele>
      </trkpt>
      <trkpt lat="37.571559" lon="126.668366">
        <ele>6.1</ele>
      </trkpt>
      <trkpt lat="37.571554" lon="126.668422">
        <ele>6.1</ele>
      </trkpt>
      <trkpt lat="37.571549" lon="126.668479">
        <ele>6.1</ele>
      </trkpt>
      <trkpt lat="37.571544" lon="126.668535">
        <ele>6.0</ele>
      </trkpt>
      <trkpt lat="37.571539" lon="126.668591">
        <ele>6.0</ele>
      </trkpt>
      <trkpt lat="37.571533" lon="126.668648">
        <ele>6.0</ele>
      </trkpt>
      <trkpt lat="37.571528" lon="126.668704">
        <ele>6.0</ele>
      </trkpt>
      <trkpt lat="37.571523" lon="126.668760">
        <ele>6.0</ele>
      </trkpt>
      <trkpt lat="37.571518" lon="126.668817">
        <ele>6.0</ele>
      </trkpt>
      <trkpt lat="37.571513" lon="126.668873">
        <ele>5.9</ele>
      </trkpt>
      <trkpt lat="37.571508" lon="126.668930">
        <ele>5.9</ele>
      </trkpt>
      <trkpt lat="37.571503" lon="126.668986">
        <ele>5.9</ele>
      </trkpt>
      <trkpt lat="37.571498" lon="126.669042">
        <ele>5.9</ele>
      </trkpt>
      <trkpt lat="37.571493" lon="126.669099">
        <ele>5.9</ele>
      </trkpt>
      <trkpt lat="37.571488" lon="126.669155">
        <ele>5.8</ele>
      </trkpt>
      <trkpt lat="37.571483" lon="126.669211">
        <ele>5.8</ele>
      </trkpt>
      <trkpt lat="37.571478" lon="126.669268">
        <ele>5.8</ele>
      </trkpt>
      <trkpt lat="37.571473" lon="126.669324">
        <ele>5.8</ele>
      </trkpt>
      <trkpt lat="37.571468" lon="126.669381">
        <ele>5.8</ele>
      </trkpt>
      <trkpt lat="37.571463" lon="126.669437">
        <ele>5.8</ele>
      </trkpt>
      <trkpt lat="37.571458" lon="126.669493">
        <ele>5.7</ele>
      </trkpt>
      <trkpt lat="37.571452" lon="126.669550">
        <ele>5.7</ele>
      </trkpt>
      <trkpt lat="37.571447" lon="126.669606">
        <ele>5.7</ele>
      </trkpt>
      <trkpt lat="37.571442" lon="126.669662">
        <ele>5.7</ele>
      </trkpt>
      <trkpt lat="37.571437" lon="126.669719">
        <ele>5.7</ele>
      </trkpt>
      <trkpt lat="37.571432" lon="126.669775">
        <ele>5.6</ele>
      </trkpt>
      <trkpt lat="37.571427" lon="126.669832">
        <ele>5.6</ele>
      </trkpt>
      <trkpt lat="37.571422" lon="126.669888">
        <ele>5.6</ele>
      </trkpt>
      <trkpt lat="37.571417" lon="126.669944">
        <ele>5.6</ele>
      </trkpt>
      <trkpt lat="37.571412" lon="126.670001">
        <ele>5.6</ele>
      </trkpt>
      <trkpt lat="37.571407" lon="126.670057">
        <ele>5.6</ele>
      </trkpt>
      <trkpt lat="37.571402" lon="126.670113">
        <ele>5.5</ele>
      </trkpt>
      <trkpt lat="37.571397" lon="126.670170">
        <ele>5.5</ele>
      </trkpt>
      <trkpt lat="37.571391" lon="126.670226">
        <ele>5.5</ele>
      </trkpt>
      <trkpt lat="37.571381" lon="126.670281">
        <ele>5.5</ele>
      </trkpt>
      <trkpt lat="37.571369" lon="126.670336">
        <ele>5.5</ele>
      </trkpt>
      <trkpt lat="37.571354" lon="126.670389">
        <ele>5.7</ele>
      </trkpt>
      <trkpt lat="37.571337" lon="126.670442">
        <ele>5.8</ele>
      </trkpt>
      <trkpt lat="37.571318" lon="126.670493">
        <ele>5.8</ele>
      </trkpt>
      <trkpt lat="37.571298" lon="126.670544">
        <ele>5.9</ele>
      </trkpt>
      <trkpt lat="37.571279" lon="126.670595">
        <ele>5.9</ele>
      </trkpt>
      <trkpt lat="37.571259" lon="126.670647">
        <ele>6.0</ele>
      </trkpt>
      <trkpt lat="37.571240" lon="126.670698">
        <ele>6.0</ele>
      </trkpt>
      <trkpt lat="37.571226" lon="126.670752">
        <ele>6.0</ele>
      </trkpt>
      <trkpt lat="37.571215" lon="126.670806">
        <ele>6.0</ele>
      </trkpt>
      <trkpt lat="37.571210" lon="126.670863">
        <ele>6.0</ele>
      </trkpt>
      <trkpt lat="37.571205" lon="126.670919">
        <ele>6.0</ele>
      </trkpt>
      <trkpt lat="37.571201" lon="126.670976">
        <ele>5.9</ele>
      </trkpt>
      <trkpt lat="37.571196" lon="126.671032">
        <ele>5.9</ele>
      </trkpt>
      <trkpt lat="37.571191" lon="126.671089">
        <ele>5.9</ele>
      </trkpt>
      <trkpt lat="37.571187" lon="126.671145">
        <ele>5.9</ele>
      </trkpt>
      <trkpt lat="37.571182" lon="126.671201">
        <ele>5.8</ele>
      </trkpt>
      <trkpt lat="37.571177" lon="126.671258">
        <ele>5.8</ele>
      </trkpt>
      <trkpt lat="37.571173" lon="126.671314">
        <ele>5.8</ele>
      </trkpt>
      <trkpt lat="37.571168" lon="126.671368">
        <ele>5.8</ele>
      </trkpt>
      <trkpt lat="37.571164" lon="126.671424">
        <ele>5.8</ele>
      </trkpt>
      <trkpt lat="37.571159" lon="126.671481">
        <ele>5.8</ele>
      </trkpt>
      <trkpt lat="37.571154" lon="126.671537">
        <ele>5.8</ele>
      </trkpt>
      <trkpt lat="37.571150" lon="126.671594">
        <ele>5.8</ele>
      </trkpt>
      <trkpt lat="37.571145" lon="126.671650">
        <ele>5.8</ele>
      </trkpt>
      <trkpt lat="37.571141" lon="126.671707">
        <ele>5.8</ele>
      </trkpt>
      <trkpt lat="37.571136" lon="126.671763">
        <ele>5.8</ele>
      </trkpt>
      <trkpt lat="37.571131" lon="126.671820">
        <ele>5.8</ele>
      </trkpt>
      <trkpt lat="37.571127" lon="126.671876">
        <ele>5.8</ele>
      </trkpt>
      <trkpt lat="37.571122" lon="126.671932">
        <ele>5.8</ele>
      </trkpt>
      <trkpt lat="37.571118" lon="126.671989">
        <ele>5.8</ele>
      </trkpt>
      <trkpt lat="37.571121" lon="126.672045">
        <ele>5.9</ele>
      </trkpt>
      <trkpt lat="37.571126" lon="126.672102">
        <ele>6.0</ele>
      </trkpt>
      <trkpt lat="37.571131" lon="126.672158">
        <ele>6.1</ele>
      </trkpt>
      <trkpt lat="37.571136" lon="126.672214">
        <ele>6.2</ele>
      </trkpt>
      <trkpt lat="37.571141" lon="126.672271">
        <ele>6.3</ele>
      </trkpt>
      <trkpt lat="37.571146" lon="126.672327">
        <ele>6.4</ele>
      </trkpt>
      <trkpt lat="37.571151" lon="126.672384">
        <ele>6.6</ele>
      </trkpt>
      <trkpt lat="37.571156" lon="126.672440">
        <ele>6.7</ele>
      </trkpt>
      <trkpt lat="37.571161" lon="126.672496">
        <ele>6.8</ele>
      </trkpt>
      <trkpt lat="37.571162" lon="126.672553">
        <ele>6.7</ele>
      </trkpt>
      <trkpt lat="37.571162" lon="126.672610">
        <ele>6.7</ele>
      </trkpt>
      <trkpt lat="37.571162" lon="126.672666">
        <ele>6.6</ele>
      </trkpt>
      <trkpt lat="37.571161" lon="126.672723">
        <ele>6.5</ele>
      </trkpt>
      <trkpt lat="37.571156" lon="126.672779">
        <ele>6.5</ele>
      </trkpt>
      <trkpt lat="37.571151" lon="126.672836">
        <ele>6.5</ele>
      </trkpt>
      <trkpt lat="37.571147" lon="126.672892">
        <ele>6.5</ele>
      </trkpt>
      <trkpt lat="37.571142" lon="126.672949">
        <ele>6.5</ele>
      </trkpt>
      <trkpt lat="37.571137" lon="126.673005">
        <ele>6.5</ele>
      </trkpt>
      <trkpt lat="37.571132" lon="126.673061">
        <ele>6.5</ele>
      </trkpt>
      <trkpt lat="37.571127" lon="126.673118">
        <ele>6.5</ele>
      </trkpt>
      <trkpt lat="37.571122" lon="126.673174">
        <ele>6.5</ele>
      </trkpt>
      <trkpt lat="37.571117" lon="126.673231">
        <ele>6.4</ele>
      </trkpt>
      <trkpt lat="37.571112" lon="126.673287">
        <ele>6.4</ele>
      </trkpt>
      <trkpt lat="37.571107" lon="126.673343">
        <ele>6.4</ele>
      </trkpt>
      <trkpt lat="37.571102" lon="126.673400">
        <ele>6.4</ele>
      </trkpt>
      <trkpt lat="37.571097" lon="126.673456">
        <ele>6.4</ele>
      </trkpt>
      <trkpt lat="37.571092" lon="126.673513">
        <ele>6.4</ele>
      </trkpt>
      <trkpt lat="37.571087" lon="126.673569">
        <ele>6.4</ele>
      </trkpt>
      <trkpt lat="37.571083" lon="126.673625">
        <ele>6.4</ele>
      </trkpt>
      <trkpt lat="37.571078" lon="126.673682">
        <ele>6.4</ele>
      </trkpt>
      <trkpt lat="37.571073" lon="126.673738">
        <ele>6.4</ele>
      </trkpt>
      <trkpt lat="37.571068" lon="126.673795">
        <ele>6.4</ele>
      </trkpt>
      <trkpt lat="37.571063" lon="126.673851">
        <ele>6.4</ele>
      </trkpt>
      <trkpt lat="37.571058" lon="126.673907">
        <ele>6.4</ele>
      </trkpt>
      <trkpt lat="37.571053" lon="126.673964">
        <ele>6.4</ele>
      </trkpt>
      <trkpt lat="37.571048" lon="126.674020">
        <ele>6.4</ele>
      </trkpt>
      <trkpt lat="37.571043" lon="126.674077">
        <ele>6.4</ele>
      </trkpt>
      <trkpt lat="37.571038" lon="126.674133">
        <ele>6.4</ele>
      </trkpt>
      <trkpt lat="37.571033" lon="126.674189">
        <ele>6.4</ele>
      </trkpt>
      <trkpt lat="37.571028" lon="126.674246">
        <ele>6.3</ele>
      </trkpt>
      <trkpt lat="37.571024" lon="126.674302">
        <ele>6.3</ele>
      </trkpt>
      <trkpt lat="37.571019" lon="126.674358">
        <ele>6.3</ele>
      </trkpt>
      <trkpt lat="37.571014" lon="126.674415">
        <ele>6.3</ele>
      </trkpt>
      <trkpt lat="37.571009" lon="126.674471">
        <ele>6.3</ele>
      </trkpt>
      <trkpt lat="37.571004" lon="126.674528">
        <ele>6.3</ele>
      </trkpt>
      <trkpt lat="37.570999" lon="126.674584">
        <ele>6.3</ele>
      </trkpt>
      <trkpt lat="37.570994" lon="126.674640">
        <ele>6.3</ele>
      </trkpt>
      <trkpt lat="37.570989" lon="126.674697">
        <ele>6.3</ele>
      </trkpt>
      <trkpt lat="37.570981" lon="126.674753">
        <ele>6.3</ele>
      </trkpt>
      <trkpt lat="37.570967" lon="126.674807">
        <ele>6.4</ele>
      </trkpt>
      <trkpt lat="37.570952" lon="126.674860">
        <ele>6.5</ele>
      </trkpt>
      <trkpt lat="37.570933" lon="126.674911">
        <ele>6.6</ele>
      </trkpt>
      <trkpt lat="37.570912" lon="126.674961">
        <ele>6.8</ele>
      </trkpt>
      <trkpt lat="37.570891" lon="126.675011">
        <ele>7.0</ele>
      </trkpt>
      <trkpt lat="37.570870" lon="126.675062">
        <ele>7.2</ele>
      </trkpt>
      <trkpt lat="37.570853" lon="126.675114">
        <ele>7.4</ele>
      </trkpt>
      <trkpt lat="37.570841" lon="126.675168">
        <ele>7.7</ele>
      </trkpt>
      <trkpt lat="37.570828" lon="126.675223">
        <ele>8.0</ele>
      </trkpt>
      <trkpt lat="37.570816" lon="126.675277">
        <ele>8.3</ele>
      </trkpt>
      <trkpt lat="37.570806" lon="126.675333">
        <ele>8.5</ele>
      </trkpt>
      <trkpt lat="37.570799" lon="126.675389">
        <ele>8.7</ele>
      </trkpt>
      <trkpt lat="37.570792" lon="126.675445">
        <ele>8.8</ele>
      </trkpt>
      <trkpt lat="37.570785" lon="126.675501">
        <ele>8.9</ele>
      </trkpt>
      <trkpt lat="37.570778" lon="126.675557">
        <ele>9.0</ele>
      </trkpt>
      <trkpt lat="37.570771" lon="126.675613">
        <ele>9.1</ele>
      </trkpt>
      <trkpt lat="37.570764" lon="126.675669">
        <ele>9.2</ele>
      </trkpt>
      <trkpt lat="37.570757" lon="126.675725">
        <ele>9.3</ele>
      </trkpt>
      <trkpt lat="37.570750" lon="126.675781">
        <ele>9.4</ele>
      </trkpt>
      <trkpt lat="37.570743" lon="126.675837">
        <ele>9.5</ele>
      </trkpt>
      <trkpt lat="37.570736" lon="126.675893">
        <ele>9.6</ele>
      </trkpt>
      <trkpt lat="37.570729" lon="126.675949">
        <ele>9.7</ele>
      </trkpt>
      <trkpt lat="37.570722" lon="126.676005">
        <ele>9.9</ele>
      </trkpt>
      <trkpt lat="37.570715" lon="126.676061">
        <ele>10.0</ele>
      </trkpt>
      <trkpt lat="37.570708" lon="126.676117">
        <ele>10.1</ele>
      </trkpt>
      <trkpt lat="37.570701" lon="126.676173">
        <ele>10.2</ele>
      </trkpt>
      <trkpt lat="37.570694" lon="126.676229">
        <ele>10.3</ele>
      </trkpt>
      <trkpt lat="37.570687" lon="126.676285">
        <ele>10.2</ele>
      </trkpt>
      <trkpt lat="37.570679" lon="126.676341">
        <ele>10.2</ele>
      </trkpt>
      <trkpt lat="37.570672" lon="126.676397">
        <ele>10.1</ele>
      </trkpt>
      <trkpt lat="37.570664" lon="126.676453">
        <ele>10.0</ele>
      </trkpt>
      <trkpt lat="37.570657" lon="126.676509">
        <ele>9.9</ele>
      </trkpt>
      <trkpt lat="37.570649" lon="126.676565">
        <ele>9.9</ele>
      </trkpt>
      <trkpt lat="37.570642" lon="126.676621">
        <ele>9.8</ele>
      </trkpt>
      <trkpt lat="37.570634" lon="126.676677">
        <ele>9.7</ele>
      </trkpt>
      <trkpt lat="37.570627" lon="126.676733">
        <ele>9.6</ele>
      </trkpt>
      <trkpt lat="37.570619" lon="126.676789">
        <ele>9.6</ele>
      </trkpt>
      <trkpt lat="37.570612" lon="126.676845">
        <ele>9.5</ele>
      </trkpt>
      <trkpt lat="37.570606" lon="126.676901">
        <ele>9.4</ele>
      </trkpt>
      <trkpt lat="37.570600" lon="126.676957">
        <ele>9.3</ele>
      </trkpt>
      <trkpt lat="37.570593" lon="126.677013">
        <ele>9.2</ele>
      </trkpt>
      <trkpt lat="37.570587" lon="126.677069">
        <ele>9.2</ele>
      </trkpt>
      <trkpt lat="37.570581" lon="126.677126">
        <ele>9.1</ele>
      </trkpt>
      <trkpt lat="37.570575" lon="126.677182">
        <ele>9.0</ele>
      </trkpt>
      <trkpt lat="37.570568" lon="126.677238">
        <ele>8.9</ele>
      </trkpt>
      <trkpt lat="37.570562" lon="126.677294">
        <ele>8.9</ele>
      </trkpt>
      <trkpt lat="37.570556" lon="126.677350">
        <ele>8.8</ele>
      </trkpt>
      <trkpt lat="37.570550" lon="126.677407">
        <ele>8.7</ele>
      </trkpt>
      <trkpt lat="37.570543" lon="126.677463">
        <ele>8.6</ele>
      </trkpt>
      <trkpt lat="37.570537" lon="126.677519">
        <ele>8.6</ele>
      </trkpt>
      <trkpt lat="37.570532" lon="126.677575">
        <ele>8.4</ele>
      </trkpt>
      <trkpt lat="37.570530" lon="126.677619">
        <ele>8.3</ele>
      </trkpt>
      <trkpt lat="37.570528" lon="126.677675">
        <ele>8.3</ele>
      </trkpt>
      <trkpt lat="37.570526" lon="126.677732">
        <ele>8.3</ele>
      </trkpt>
      <trkpt lat="37.570524" lon="126.677789">
        <ele>8.3</ele>
      </trkpt>
      <trkpt lat="37.570522" lon="126.677845">
        <ele>8.3</ele>
      </trkpt>
      <trkpt lat="37.570520" lon="126.677902">
        <ele>8.3</ele>
      </trkpt>
      <trkpt lat="37.570518" lon="126.677959">
        <ele>8.2</ele>
      </trkpt>
      <trkpt lat="37.570516" lon="126.678015">
        <ele>8.2</ele>
      </trkpt>
      <trkpt lat="37.570514" lon="126.678072">
        <ele>8.2</ele>
      </trkpt>
      <trkpt lat="37.570512" lon="126.678129">
        <ele>8.2</ele>
      </trkpt>
      <trkpt lat="37.570510" lon="126.678185">
        <ele>8.2</ele>
      </trkpt>
      <trkpt lat="37.570507" lon="126.678242">
        <ele>8.2</ele>
      </trkpt>
      <trkpt lat="37.570505" lon="126.678299">
        <ele>8.2</ele>
      </trkpt>
      <trkpt lat="37.570503" lon="126.678355">
        <ele>8.2</ele>
      </trkpt>
      <trkpt lat="37.570501" lon="126.678412">
        <ele>8.2</ele>
      </trkpt>
      <trkpt lat="37.570499" lon="126.678469">
        <ele>8.2</ele>
      </trkpt>
      <trkpt lat="37.570497" lon="126.678525">
        <ele>8.2</ele>
      </trkpt>
      <trkpt lat="37.570495" lon="126.678582">
        <ele>8.1</ele>
      </trkpt>
      <trkpt lat="37.570493" lon="126.678639">
        <ele>8.1</ele>
      </trkpt>
      <trkpt lat="37.570491" lon="126.678695">
        <ele>8.1</ele>
      </trkpt>
      <trkpt lat="37.570489" lon="126.678752">
        <ele>8.1</ele>
      </trkpt>
      <trkpt lat="37.570487" lon="126.678809">
        <ele>8.1</ele>
      </trkpt>
      <trkpt lat="37.570485" lon="126.678865">
        <ele>8.1</ele>
      </trkpt>
      <trkpt lat="37.570483" lon="126.678922">
        <ele>8.1</ele>
      </trkpt>
      <trkpt lat="37.570481" lon="126.678979">
        <ele>8.1</ele>
      </trkpt>
      <trkpt lat="37.570479" lon="126.679035">
        <ele>8.1</ele>
      </trkpt>
      <trkpt lat="37.570477" lon="126.679092">
        <ele>8.1</ele>
      </trkpt>
      <trkpt lat="37.570475" lon="126.679149">
        <ele>8.1</ele>
      </trkpt>
      <trkpt lat="37.570473" lon="126.679205">
        <ele>8.1</ele>
      </trkpt>
      <trkpt lat="37.570471" lon="126.679262">
        <ele>8.0</ele>
      </trkpt>
      <trkpt lat="37.570469" lon="126.679319">
        <ele>8.0</ele>
      </trkpt>
      <trkpt lat="37.570466" lon="126.679375">
        <ele>8.0</ele>
      </trkpt>
      <trkpt lat="37.570464" lon="126.679432">
        <ele>8.0</ele>
      </trkpt>
      <trkpt lat="37.570462" lon="126.679489">
        <ele>8.0</ele>
      </trkpt>
      <trkpt lat="37.570460" lon="126.679545">
        <ele>8.0</ele>
      </trkpt>
      <trkpt lat="37.570459" lon="126.679602">
        <ele>8.0</ele>
      </trkpt>
      <trkpt lat="37.570457" lon="126.679659">
        <ele>8.0</ele>
      </trkpt>
      <trkpt lat="37.570455" lon="126.679716">
        <ele>7.9</ele>
      </trkpt>
      <trkpt lat="37.570454" lon="126.679772">
        <ele>7.9</ele>
      </trkpt>
      <trkpt lat="37.570452" lon="126.679829">
        <ele>7.9</ele>
      </trkpt>
      <trkpt lat="37.570450" lon="126.679886">
        <ele>7.9</ele>
      </trkpt>
      <trkpt lat="37.570448" lon="126.679942">
        <ele>7.9</ele>
      </trkpt>
      <trkpt lat="37.570447" lon="126.679999">
        <ele>7.8</ele>
      </trkpt>
      <trkpt lat="37.570445" lon="126.680056">
        <ele>7.8</ele>
      </trkpt>
      <trkpt lat="37.570443" lon="126.680112">
        <ele>7.8</ele>
      </trkpt>
      <trkpt lat="37.570463" lon="126.680162">
        <ele>7.8</ele>
      </trkpt>
      <trkpt lat="37.570489" lon="126.680208">
        <ele>7.7</ele>
      </trkpt>
      <trkpt lat="37.570516" lon="126.680254">
        <ele>7.7</ele>
      </trkpt>
      <trkpt lat="37.570542" lon="126.680299">
        <ele>7.7</ele>
      </trkpt>
      <trkpt lat="37.570569" lon="126.680345">
        <ele>7.6</ele>
      </trkpt>
      <trkpt lat="37.570596" lon="126.680391">
        <ele>7.6</ele>
      </trkpt>
      <trkpt lat="37.570622" lon="126.680437">
        <ele>7.6</ele>
      </trkpt>
      <trkpt lat="37.570649" lon="126.680482">
        <ele>7.5</ele>
      </trkpt>
      <trkpt lat="37.570666" lon="126.680534">
        <ele>7.5</ele>
      </trkpt>
      <trkpt lat="37.570672" lon="126.680590">
        <ele>7.5</ele>
      </trkpt>
      <trkpt lat="37.570672" lon="126.680646">
        <ele>7.6</ele>
      </trkpt>
      <trkpt lat="37.570673" lon="126.680703">
        <ele>7.7</ele>
      </trkpt>
      <trkpt lat="37.570673" lon="126.680760">
        <ele>7.7</ele>
      </trkpt>
      <trkpt lat="37.570673" lon="126.680817">
        <ele>7.8</ele>
      </trkpt>
      <trkpt lat="37.570673" lon="126.680873">
        <ele>7.9</ele>
      </trkpt>
      <trkpt lat="37.570673" lon="126.680930">
        <ele>8.0</ele>
      </trkpt>
      <trkpt lat="37.570674" lon="126.680987">
        <ele>8.0</ele>
      </trkpt>
      <trkpt lat="37.570674" lon="126.681044">
        <ele>8.1</ele>
      </trkpt>
      <trkpt lat="37.570674" lon="126.681100">
        <ele>8.2</ele>
      </trkpt>
      <trkpt lat="37.570674" lon="126.681157">
        <ele>8.2</ele>
      </trkpt>
      <trkpt lat="37.570674" lon="126.681214">
        <ele>8.3</ele>
      </trkpt>
      <trkpt lat="37.570675" lon="126.681270">
        <ele>8.4</ele>
      </trkpt>
      <trkpt lat="37.570675" lon="126.681327">
        <ele>8.5</ele>
      </trkpt>
      <trkpt lat="37.570675" lon="126.681384">
        <ele>8.5</ele>
      </trkpt>
      <trkpt lat="37.570675" lon="126.681441">
        <ele>8.6</ele>
      </trkpt>
      <trkpt lat="37.570676" lon="126.681497">
        <ele>8.7</ele>
      </trkpt>
      <trkpt lat="37.570676" lon="126.681554">
        <ele>8.7</ele>
      </trkpt>
      <trkpt lat="37.570676" lon="126.681611">
        <ele>8.8</ele>
      </trkpt>
      <trkpt lat="37.570676" lon="126.681668">
        <ele>8.9</ele>
      </trkpt>
      <trkpt lat="37.570676" lon="126.681724">
        <ele>9.0</ele>
      </trkpt>
      <trkpt lat="37.570677" lon="126.681781">
        <ele>9.0</ele>
      </trkpt>
      <trkpt lat="37.570677" lon="126.681838">
        <ele>9.1</ele>
      </trkpt>
      <trkpt lat="37.570677" lon="126.681894">
        <ele>9.2</ele>
      </trkpt>
      <trkpt lat="37.570677" lon="126.681951">
        <ele>9.2</ele>
      </trkpt>
      <trkpt lat="37.570677" lon="126.682008">
        <ele>9.3</ele>
      </trkpt>
      <trkpt lat="37.570678" lon="126.682065">
        <ele>9.4</ele>
      </trkpt>
      <trkpt lat="37.570678" lon="126.682121">
        <ele>9.5</ele>
      </trkpt>
      <trkpt lat="37.570678" lon="126.682178">
        <ele>9.5</ele>
      </trkpt>
      <trkpt lat="37.570678" lon="126.682235">
        <ele>9.6</ele>
      </trkpt>
      <trkpt lat="37.570679" lon="126.682292">
        <ele>9.7</ele>
      </trkpt>
      <trkpt lat="37.570679" lon="126.682348">
        <ele>9.7</ele>
      </trkpt>
      <trkpt lat="37.570679" lon="126.682405">
        <ele>9.8</ele>
      </trkpt>
      <trkpt lat="37.570679" lon="126.682462">
        <ele>9.9</ele>
      </trkpt>
      <trkpt lat="37.570679" lon="126.682519">
        <ele>10.0</ele>
      </trkpt>
      <trkpt lat="37.570680" lon="126.682575">
        <ele>10.0</ele>
      </trkpt>
      <trkpt lat="37.570680" lon="126.682632">
        <ele>10.1</ele>
      </trkpt>
      <trkpt lat="37.570680" lon="126.682689">
        <ele>10.2</ele>
      </trkpt>
      <trkpt lat="37.570680" lon="126.682745">
        <ele>10.2</ele>
      </trkpt>
      <trkpt lat="37.570680" lon="126.682802">
        <ele>10.3</ele>
      </trkpt>
      <trkpt lat="37.570681" lon="126.682859">
        <ele>10.4</ele>
      </trkpt>
      <trkpt lat="37.570681" lon="126.682916">
        <ele>10.4</ele>
      </trkpt>
      <trkpt lat="37.570681" lon="126.682972">
        <ele>10.5</ele>
      </trkpt>
      <trkpt lat="37.570681" lon="126.683029">
        <ele>10.6</ele>
      </trkpt>
      <trkpt lat="37.570681" lon="126.683086">
        <ele>10.7</ele>
      </trkpt>
      <trkpt lat="37.570682" lon="126.683143">
        <ele>10.7</ele>
      </trkpt>
      <trkpt lat="37.570682" lon="126.683199">
        <ele>10.8</ele>
      </trkpt>
      <trkpt lat="37.570682" lon="126.683256">
        <ele>10.9</ele>
      </trkpt>
      <trkpt lat="37.570682" lon="126.683313">
        <ele>10.9</ele>
      </trkpt>
      <trkpt lat="37.570683" lon="126.683370">
        <ele>11.0</ele>
      </trkpt>
      <trkpt lat="37.570683" lon="126.683426">
        <ele>11.1</ele>
      </trkpt>
      <trkpt lat="37.570683" lon="126.683483">
        <ele>11.2</ele>
      </trkpt>
      <trkpt lat="37.570683" lon="126.683540">
        <ele>11.2</ele>
      </trkpt>
      <trkpt lat="37.570683" lon="126.683596">
        <ele>11.3</ele>
      </trkpt>
      <trkpt lat="37.570684" lon="126.683653">
        <ele>11.4</ele>
      </trkpt>
      <trkpt lat="37.570684" lon="126.683710">
        <ele>11.4</ele>
      </trkpt>
      <trkpt lat="37.570685" lon="126.683767">
        <ele>11.6</ele>
      </trkpt>
      <trkpt lat="37.570688" lon="126.683823">
        <ele>11.8</ele>
      </trkpt>
      <trkpt lat="37.570691" lon="126.683880">
        <ele>12.0</ele>
      </trkpt>
      <trkpt lat="37.570694" lon="126.683936">
        <ele>12.3</ele>
      </trkpt>
      <trkpt lat="37.570698" lon="126.683993">
        <ele>12.5</ele>
      </trkpt>
      <trkpt lat="37.570701" lon="126.684050">
        <ele>12.8</ele>
      </trkpt>
      <trkpt lat="37.570704" lon="126.684106">
        <ele>13.0</ele>
      </trkpt>
      <trkpt lat="37.570708" lon="126.684163">
        <ele>13.3</ele>
      </trkpt>
      <trkpt lat="37.570711" lon="126.684219">
        <ele>13.5</ele>
      </trkpt>
      <trkpt lat="37.570714" lon="126.684276">
        <ele>13.8</ele>
      </trkpt>
      <trkpt lat="37.570717" lon="126.684332">
        <ele>14.0</ele>
      </trkpt>
      <trkpt lat="37.570721" lon="126.684389">
        <ele>14.3</ele>
      </trkpt>
      <trkpt lat="37.570724" lon="126.684446">
        <ele>14.5</ele>
      </trkpt>
      <trkpt lat="37.570727" lon="126.684502">
        <ele>14.8</ele>
      </trkpt>
      <trkpt lat="37.570730" lon="126.684556">
        <ele>13.0</ele>
      </trkpt>
      <trkpt lat="37.570734" lon="126.684612">
        <ele>13.2</ele>
      </trkpt>
      <trkpt lat="37.570737" lon="126.684669">
        <ele>13.3</ele>
      </trkpt>
      <trkpt lat="37.570741" lon="126.684725">
        <ele>13.4</ele>
      </trkpt>
      <trkpt lat="37.570744" lon="126.684782">
        <ele>13.6</ele>
      </trkpt>
      <trkpt lat="37.570747" lon="126.684838">
        <ele>13.7</ele>
      </trkpt>
      <trkpt lat="37.570751" lon="126.684895">
        <ele>13.8</ele>
      </trkpt>
      <trkpt lat="37.570754" lon="126.684952">
        <ele>14.0</ele>
      </trkpt>
      <trkpt lat="37.570758" lon="126.685008">
        <ele>14.1</ele>
      </trkpt>
      <trkpt lat="37.570761" lon="126.685065">
        <ele>14.3</ele>
      </trkpt>
      <trkpt lat="37.570764" lon="126.685121">
        <ele>14.4</ele>
      </trkpt>
      <trkpt lat="37.570768" lon="126.685178">
        <ele>14.5</ele>
      </trkpt>
      <trkpt lat="37.570771" lon="126.685234">
        <ele>14.7</ele>
      </trkpt>
      <trkpt lat="37.570775" lon="126.685291">
        <ele>14.8</ele>
      </trkpt>
      <trkpt lat="37.570778" lon="126.685348">
        <ele>15.0</ele>
      </trkpt>
      <trkpt lat="37.570779" lon="126.685404">
        <ele>15.2</ele>
      </trkpt>
      <trkpt lat="37.570779" lon="126.685461">
        <ele>15.5</ele>
      </trkpt>
      <trkpt lat="37.570779" lon="126.685518">
        <ele>15.8</ele>
      </trkpt>
      <trkpt lat="37.570779" lon="126.685574">
        <ele>16.1</ele>
      </trkpt>
      <trkpt lat="37.570778" lon="126.685631">
        <ele>16.5</ele>
      </trkpt>
      <trkpt lat="37.570778" lon="126.685688">
        <ele>16.8</ele>
      </trkpt>
      <trkpt lat="37.570778" lon="126.685745">
        <ele>17.1</ele>
      </trkpt>
      <trkpt lat="37.570778" lon="126.685801">
        <ele>17.4</ele>
      </trkpt>
      <trkpt lat="37.570785" lon="126.685857">
        <ele>17.7</ele>
      </trkpt>
      <trkpt lat="37.570796" lon="126.685912">
        <ele>17.9</ele>
      </trkpt>
      <trkpt lat="37.570806" lon="126.685967">
        <ele>18.1</ele>
      </trkpt>
      <trkpt lat="37.570817" lon="126.686022">
        <ele>18.4</ele>
      </trkpt>
      <trkpt lat="37.570828" lon="126.686077">
        <ele>18.6</ele>
      </trkpt>
      <trkpt lat="37.570839" lon="126.686132">
        <ele>18.9</ele>
      </trkpt>
      <trkpt lat="37.570845" lon="126.686188">
        <ele>19.0</ele>
      </trkpt>
      <trkpt lat="37.570846" lon="126.686245">
        <ele>19.0</ele>
      </trkpt>
      <trkpt lat="37.570846" lon="126.686302">
        <ele>19.1</ele>
      </trkpt>
      <trkpt lat="37.570847" lon="126.686358">
        <ele>19.1</ele>
      </trkpt>
      <trkpt lat="37.570848" lon="126.686415">
        <ele>19.1</ele>
      </trkpt>
      <trkpt lat="37.570848" lon="126.686472">
        <ele>19.1</ele>
      </trkpt>
      <trkpt lat="37.570849" lon="126.686529">
        <ele>19.1</ele>
      </trkpt>
      <trkpt lat="37.570849" lon="126.686585">
        <ele>19.2</ele>
      </trkpt>
      <trkpt lat="37.570850" lon="126.686642">
        <ele>19.2</ele>
      </trkpt>
      <trkpt lat="37.570850" lon="126.686699">
        <ele>19.2</ele>
      </trkpt>
      <trkpt lat="37.570851" lon="126.686755">
        <ele>19.2</ele>
      </trkpt>
      <trkpt lat="37.570851" lon="126.686812">
        <ele>19.3</ele>
      </trkpt>
      <trkpt lat="37.570852" lon="126.686869">
        <ele>19.3</ele>
      </trkpt>
      <trkpt lat="37.570853" lon="126.686926">
        <ele>19.3</ele>
      </trkpt>
      <trkpt lat="37.570853" lon="126.686982">
        <ele>19.3</ele>
      </trkpt>
      <trkpt lat="37.570854" lon="126.687039">
        <ele>19.4</ele>
      </trkpt>
      <trkpt lat="37.570854" lon="126.687096">
        <ele>19.4</ele>
      </trkpt>
      <trkpt lat="37.570855" lon="126.687153">
        <ele>19.4</ele>
      </trkpt>
      <trkpt lat="37.570855" lon="126.687209">
        <ele>19.4</ele>
      </trkpt>
      <trkpt lat="37.570856" lon="126.687266">
        <ele>19.4</ele>
      </trkpt>
      <trkpt lat="37.570856" lon="126.687323">
        <ele>19.5</ele>
      </trkpt>
      <trkpt lat="37.570857" lon="126.687379">
        <ele>19.5</ele>
      </trkpt>
      <trkpt lat="37.570858" lon="126.687436">
        <ele>19.5</ele>
      </trkpt>
      <trkpt lat="37.570858" lon="126.687493">
        <ele>19.5</ele>
      </trkpt>
      <trkpt lat="37.570859" lon="126.687550">
        <ele>19.6</ele>
      </trkpt>
      <trkpt lat="37.570859" lon="126.687606">
        <ele>19.6</ele>
      </trkpt>
      <trkpt lat="37.570860" lon="126.687663">
        <ele>19.6</ele>
      </trkpt>
      <trkpt lat="37.570860" lon="126.687720">
        <ele>19.6</ele>
      </trkpt>
      <trkpt lat="37.570861" lon="126.687777">
        <ele>19.6</ele>
      </trkpt>
      <trkpt lat="37.570862" lon="126.687833">
        <ele>19.7</ele>
      </trkpt>
      <trkpt lat="37.570862" lon="126.687890">
        <ele>19.7</ele>
      </trkpt>
      <trkpt lat="37.570863" lon="126.687947">
        <ele>19.7</ele>
      </trkpt>
      <trkpt lat="37.570863" lon="126.688003">
        <ele>19.7</ele>
      </trkpt>
      <trkpt lat="37.570864" lon="126.688060">
        <ele>19.8</ele>
      </trkpt>
      <trkpt lat="37.570864" lon="126.688117">
        <ele>19.8</ele>
      </trkpt>
      <trkpt lat="37.570865" lon="126.688174">
        <ele>19.8</ele>
      </trkpt>
      <trkpt lat="37.570865" lon="126.688230">
        <ele>19.8</ele>
      </trkpt>
      <trkpt lat="37.570866" lon="126.688287">
        <ele>19.9</ele>
      </trkpt>
      <trkpt lat="37.570867" lon="126.688344">
        <ele>19.9</ele>
      </trkpt>
      <trkpt lat="37.570867" lon="126.688401">
        <ele>19.9</ele>
      </trkpt>
      <trkpt lat="37.570868" lon="126.688457">
        <ele>19.9</ele>
      </trkpt>
      <trkpt lat="37.570868" lon="126.688514">
        <ele>19.9</ele>
      </trkpt>
      <trkpt lat="37.570869" lon="126.688571">
        <ele>20.0</ele>
      </trkpt>
      <trkpt lat="37.570869" lon="126.688627">
        <ele>20.0</ele>
      </trkpt>
      <trkpt lat="37.570870" lon="126.688684">
        <ele>20.0</ele>
      </trkpt>
      <trkpt lat="37.570870" lon="126.688741">
        <ele>20.0</ele>
      </trkpt>
      <trkpt lat="37.570871" lon="126.688798">
        <ele>20.1</ele>
      </trkpt>
      <trkpt lat="37.570872" lon="126.688854">
        <ele>20.1</ele>
      </trkpt>
      <trkpt lat="37.570872" lon="126.688911">
        <ele>20.1</ele>
      </trkpt>
      <trkpt lat="37.570873" lon="126.688968">
        <ele>20.1</ele>
      </trkpt>
      <trkpt lat="37.570873" lon="126.689025">
        <ele>20.1</ele>
      </trkpt>
      <trkpt lat="37.570874" lon="126.689081">
        <ele>20.2</ele>
      </trkpt>
      <trkpt lat="37.570874" lon="126.689138">
        <ele>20.2</ele>
      </trkpt>
      <trkpt lat="37.570875" lon="126.689195">
        <ele>20.2</ele>
      </trkpt>
      <trkpt lat="37.570876" lon="126.689251">
        <ele>20.2</ele>
      </trkpt>
      <trkpt lat="37.570876" lon="126.689308">
        <ele>20.3</ele>
      </trkpt>
      <trkpt lat="37.570877" lon="126.689365">
        <ele>20.3</ele>
      </trkpt>
      <trkpt lat="37.570894" lon="126.689400">
        <ele>20.3</ele>
      </trkpt>
      <trkpt lat="37.570900" lon="126.689449">
        <ele>20.3</ele>
      </trkpt>
      <trkpt lat="37.570900" lon="126.689506">
        <ele>20.3</ele>
      </trkpt>
      <trkpt lat="37.570899" lon="126.689562">
        <ele>20.3</ele>
      </trkpt>
      <trkpt lat="37.570899" lon="126.689619">
        <ele>20.3</ele>
      </trkpt>
      <trkpt lat="37.570898" lon="126.689676">
        <ele>20.3</ele>
      </trkpt>
      <trkpt lat="37.570898" lon="126.689733">
        <ele>20.3</ele>
      </trkpt>
      <trkpt lat="37.570897" lon="126.689789">
        <ele>20.3</ele>
      </trkpt>
      <trkpt lat="37.570897" lon="126.689846">
        <ele>20.3</ele>
      </trkpt>
      <trkpt lat="37.570896" lon="126.689903">
        <ele>20.3</ele>
      </trkpt>
      <trkpt lat="37.570896" lon="126.689960">
        <ele>20.3</ele>
      </trkpt>
      <trkpt lat="37.570895" lon="126.690016">
        <ele>20.3</ele>
      </trkpt>
      <trkpt lat="37.570895" lon="126.690073">
        <ele>20.3</ele>
      </trkpt>
      <trkpt lat="37.570894" lon="126.690130">
        <ele>20.3</ele>
      </trkpt>
      <trkpt lat="37.570894" lon="126.690186">
        <ele>20.3</ele>
      </trkpt>
      <trkpt lat="37.570893" lon="126.690243">
        <ele>20.3</ele>
      </trkpt>
      <trkpt lat="37.570893" lon="126.690300">
        <ele>20.3</ele>
      </trkpt>
      <trkpt lat="37.570892" lon="126.690357">
        <ele>20.3</ele>
      </trkpt>
      <trkpt lat="37.570892" lon="126.690413">
        <ele>20.3</ele>
      </trkpt>
      <trkpt lat="37.570891" lon="126.690470">
        <ele>20.3</ele>
      </trkpt>
      <trkpt lat="37.570891" lon="126.690527">
        <ele>20.3</ele>
      </trkpt>
      <trkpt lat="37.570890" lon="126.690584">
        <ele>20.3</ele>
      </trkpt>
      <trkpt lat="37.570890" lon="126.690640">
        <ele>20.3</ele>
      </trkpt>
      <trkpt lat="37.570898" lon="126.690696">
        <ele>20.5</ele>
      </trkpt>
      <trkpt lat="37.570905" lon="126.690752">
        <ele>20.7</ele>
      </trkpt>
      <trkpt lat="37.570912" lon="126.690808">
        <ele>20.8</ele>
      </trkpt>
      <trkpt lat="37.570919" lon="126.690864">
        <ele>21.0</ele>
      </trkpt>
      <trkpt lat="37.570927" lon="126.690920">
        <ele>21.2</ele>
      </trkpt>
      <trkpt lat="37.570933" lon="126.690976">
        <ele>21.3</ele>
      </trkpt>
      <trkpt lat="37.570935" lon="126.691033">
        <ele>21.4</ele>
      </trkpt>
      <trkpt lat="37.570938" lon="126.691090">
        <ele>21.5</ele>
      </trkpt>
      <trkpt lat="37.570940" lon="126.691146">
        <ele>21.5</ele>
      </trkpt>
      <trkpt lat="37.570943" lon="126.691203">
        <ele>21.6</ele>
      </trkpt>
      <trkpt lat="37.570946" lon="126.691260">
        <ele>21.7</ele>
      </trkpt>
      <trkpt lat="37.570948" lon="126.691316">
        <ele>21.8</ele>
      </trkpt>
      <trkpt lat="37.570951" lon="126.691373">
        <ele>21.9</ele>
      </trkpt>
      <trkpt lat="37.570953" lon="126.691429">
        <ele>21.9</ele>
      </trkpt>
      <trkpt lat="37.570956" lon="126.691486">
        <ele>22.0</ele>
      </trkpt>
      <trkpt lat="37.570958" lon="126.691543">
        <ele>22.1</ele>
      </trkpt>
      <trkpt lat="37.570961" lon="126.691599">
        <ele>22.2</ele>
      </trkpt>
      <trkpt lat="37.570963" lon="126.691656">
        <ele>22.2</ele>
      </trkpt>
      <trkpt lat="37.570966" lon="126.691713">
        <ele>22.3</ele>
      </trkpt>
      <trkpt lat="37.570969" lon="126.691769">
        <ele>22.4</ele>
      </trkpt>
      <trkpt lat="37.570971" lon="126.691826">
        <ele>22.5</ele>
      </trkpt>
      <trkpt lat="37.570974" lon="126.691883">
        <ele>22.5</ele>
      </trkpt>
      <trkpt lat="37.570976" lon="126.691939">
        <ele>22.6</ele>
      </trkpt>
      <trkpt lat="37.570979" lon="126.691996">
        <ele>22.7</ele>
      </trkpt>
      <trkpt lat="37.570981" lon="126.692053">
        <ele>22.8</ele>
      </trkpt>
      <trkpt lat="37.570984" lon="126.692109">
        <ele>22.8</ele>
      </trkpt>
      <trkpt lat="37.570987" lon="126.692166">
        <ele>22.9</ele>
      </trkpt>
      <trkpt lat="37.570989" lon="126.692222">
        <ele>23.0</ele>
      </trkpt>
      <trkpt lat="37.570992" lon="126.692279">
        <ele>23.1</ele>
      </trkpt>
      <trkpt lat="37.570994" lon="126.692336">
        <ele>23.2</ele>
      </trkpt>
      <trkpt lat="37.570997" lon="126.692392">
        <ele>23.2</ele>
      </trkpt>
      <trkpt lat="37.570999" lon="126.692449">
        <ele>23.3</ele>
      </trkpt>
      <trkpt lat="37.571002" lon="126.692506">
        <ele>23.4</ele>
      </trkpt>
      <trkpt lat="37.571005" lon="126.692562">
        <ele>23.5</ele>
      </trkpt>
      <trkpt lat="37.571007" lon="126.692619">
        <ele>23.5</ele>
      </trkpt>
      <trkpt lat="37.571010" lon="126.692676">
        <ele>23.6</ele>
      </trkpt>
      <trkpt lat="37.571012" lon="126.692732">
        <ele>23.7</ele>
      </trkpt>
      <trkpt lat="37.571015" lon="126.692789">
        <ele>23.8</ele>
      </trkpt>
      <trkpt lat="37.571017" lon="126.692845">
        <ele>23.8</ele>
      </trkpt>
      <trkpt lat="37.571020" lon="126.692902">
        <ele>23.9</ele>
      </trkpt>
      <trkpt lat="37.571023" lon="126.692959">
        <ele>24.0</ele>
      </trkpt>
      <trkpt lat="37.571025" lon="126.693015">
        <ele>24.1</ele>
      </trkpt>
      <trkpt lat="37.571028" lon="126.693072">
        <ele>24.1</ele>
      </trkpt>
      <trkpt lat="37.571030" lon="126.693129">
        <ele>24.2</ele>
      </trkpt>
      <trkpt lat="37.571033" lon="126.693185">
        <ele>24.3</ele>
      </trkpt>
      <trkpt lat="37.571035" lon="126.693242">
        <ele>24.4</ele>
      </trkpt>
      <trkpt lat="37.571038" lon="126.693299">
        <ele>24.4</ele>
      </trkpt>
      <trkpt lat="37.571040" lon="126.693355">
        <ele>24.5</ele>
      </trkpt>
      <trkpt lat="37.571043" lon="126.693412">
        <ele>24.6</ele>
      </trkpt>
      <trkpt lat="37.571046" lon="126.693469">
        <ele>24.7</ele>
      </trkpt>
      <trkpt lat="37.571048" lon="126.693525">
        <ele>24.8</ele>
      </trkpt>
      <trkpt lat="37.571051" lon="126.693582">
        <ele>24.8</ele>
      </trkpt>
      <trkpt lat="37.571053" lon="126.693638">
        <ele>24.9</ele>
      </trkpt>
      <trkpt lat="37.571056" lon="126.693695">
        <ele>25.0</ele>
      </trkpt>
      <trkpt lat="37.571058" lon="126.693752">
        <ele>25.1</ele>
      </trkpt>
      <trkpt lat="37.571061" lon="126.693808">
        <ele>25.1</ele>
      </trkpt>
      <trkpt lat="37.571064" lon="126.693865">
        <ele>25.2</ele>
      </trkpt>
      <trkpt lat="37.571066" lon="126.693922">
        <ele>25.3</ele>
      </trkpt>
      <trkpt lat="37.571069" lon="126.693978">
        <ele>25.4</ele>
      </trkpt>
      <trkpt lat="37.571071" lon="126.694035">
        <ele>25.4</ele>
      </trkpt>
      <trkpt lat="37.571074" lon="126.694092">
        <ele>25.5</ele>
      </trkpt>
      <trkpt lat="37.571076" lon="126.694148">
        <ele>25.6</ele>
      </trkpt>
      <trkpt lat="37.571079" lon="126.694205">
        <ele>25.7</ele>
      </trkpt>
      <trkpt lat="37.571082" lon="126.694261">
        <ele>25.7</ele>
      </trkpt>
      <trkpt lat="37.571084" lon="126.694318">
        <ele>25.8</ele>
      </trkpt>
      <trkpt lat="37.571087" lon="126.694375">
        <ele>25.9</ele>
      </trkpt>
      <trkpt lat="37.571089" lon="126.694431">
        <ele>26.0</ele>
      </trkpt>
      <trkpt lat="37.571092" lon="126.694488">
        <ele>26.1</ele>
      </trkpt>
      <trkpt lat="37.571094" lon="126.694545">
        <ele>26.1</ele>
      </trkpt>
      <trkpt lat="37.571097" lon="126.694601">
        <ele>26.2</ele>
      </trkpt>
      <trkpt lat="37.571100" lon="126.694658">
        <ele>26.3</ele>
      </trkpt>
      <trkpt lat="37.571102" lon="126.694715">
        <ele>26.4</ele>
      </trkpt>
      <trkpt lat="37.571105" lon="126.694771">
        <ele>26.4</ele>
      </trkpt>
      <trkpt lat="37.571107" lon="126.694828">
        <ele>26.5</ele>
      </trkpt>
      <trkpt lat="37.571110" lon="126.694885">
        <ele>26.6</ele>
      </trkpt>
      <trkpt lat="37.571112" lon="126.694941">
        <ele>26.7</ele>
      </trkpt>
      <trkpt lat="37.571115" lon="126.694998">
        <ele>26.7</ele>
      </trkpt>
      <trkpt lat="37.571117" lon="126.695054">
        <ele>26.8</ele>
      </trkpt>
      <trkpt lat="37.571120" lon="126.695111">
        <ele>26.9</ele>
      </trkpt>
      <trkpt lat="37.571123" lon="126.695168">
        <ele>27.0</ele>
      </trkpt>
      <trkpt lat="37.571125" lon="126.695224">
        <ele>27.0</ele>
      </trkpt>
      <trkpt lat="37.571128" lon="126.695281">
        <ele>27.1</ele>
      </trkpt>
      <trkpt lat="37.571130" lon="126.695338">
        <ele>27.2</ele>
      </trkpt>
      <trkpt lat="37.571133" lon="126.695394">
        <ele>27.3</ele>
      </trkpt>
      <trkpt lat="37.571135" lon="126.695451">
        <ele>27.4</ele>
      </trkpt>
      <trkpt lat="37.571138" lon="126.695508">
        <ele>27.4</ele>
      </trkpt>
      <trkpt lat="37.571141" lon="126.695564">
        <ele>27.5</ele>
      </trkpt>
      <trkpt lat="37.571143" lon="126.695621">
        <ele>27.6</ele>
      </trkpt>
      <trkpt lat="37.571146" lon="126.695677">
        <ele>27.7</ele>
      </trkpt>
      <trkpt lat="37.571148" lon="126.695734">
        <ele>27.7</ele>
      </trkpt>
      <trkpt lat="37.571151" lon="126.695791">
        <ele>27.8</ele>
      </trkpt>
      <trkpt lat="37.571153" lon="126.695847">
        <ele>27.9</ele>
      </trkpt>
      <trkpt lat="37.571156" lon="126.695904">
        <ele>28.0</ele>
      </trkpt>
      <trkpt lat="37.571159" lon="126.695961">
        <ele>28.0</ele>
      </trkpt>
      <trkpt lat="37.571161" lon="126.696017">
        <ele>28.1</ele>
      </trkpt>
      <trkpt lat="37.571164" lon="126.696074">
        <ele>28.2</ele>
      </trkpt>
      <trkpt lat="37.571166" lon="126.696131">
        <ele>28.3</ele>
      </trkpt>
      <trkpt lat="37.571169" lon="126.696187">
        <ele>28.3</ele>
      </trkpt>
      <trkpt lat="37.571171" lon="126.696244">
        <ele>28.4</ele>
      </trkpt>
      <trkpt lat="37.571174" lon="126.696301">
        <ele>28.5</ele>
      </trkpt>
      <trkpt lat="37.571176" lon="126.696357">
        <ele>28.6</ele>
      </trkpt>
      <trkpt lat="37.571179" lon="126.696414">
        <ele>28.6</ele>
      </trkpt>
      <trkpt lat="37.571182" lon="126.696470">
        <ele>28.7</ele>
      </trkpt>
      <trkpt lat="37.571184" lon="126.696527">
        <ele>28.8</ele>
      </trkpt>
      <trkpt lat="37.571187" lon="126.696584">
        <ele>28.9</ele>
      </trkpt>
      <trkpt lat="37.571189" lon="126.696640">
        <ele>29.0</ele>
      </trkpt>
      <trkpt lat="37.571192" lon="126.696697">
        <ele>29.0</ele>
      </trkpt>
      <trkpt lat="37.571194" lon="126.696754">
        <ele>29.1</ele>
      </trkpt>
      <trkpt lat="37.571197" lon="126.696810">
        <ele>29.2</ele>
      </trkpt>
      <trkpt lat="37.571200" lon="126.696867">
        <ele>29.3</ele>
      </trkpt>
      <trkpt lat="37.571199" lon="126.696898">
        <ele>25.0</ele>
      </trkpt>
      <trkpt lat="37.571203" lon="126.696952">
        <ele>24.0</ele>
      </trkpt>
      <trkpt lat="37.571206" lon="126.697009">
        <ele>24.1</ele>
      </trkpt>
      <trkpt lat="37.571209" lon="126.697065">
        <ele>24.1</ele>
      </trkpt>
      <trkpt lat="37.571211" lon="126.697122">
        <ele>24.2</ele>
      </trkpt>
      <trkpt lat="37.571214" lon="126.697179">
        <ele>24.2</ele>
      </trkpt>
      <trkpt lat="37.571216" lon="126.697235">
        <ele>24.3</ele>
      </trkpt>
      <trkpt lat="37.571219" lon="126.697292">
        <ele>24.3</ele>
      </trkpt>
      <trkpt lat="37.571221" lon="126.697349">
        <ele>24.4</ele>
      </trkpt>
      <trkpt lat="37.571224" lon="126.697405">
        <ele>24.4</ele>
      </trkpt>
      <trkpt lat="37.571227" lon="126.697462">
        <ele>24.5</ele>
      </trkpt>
      <trkpt lat="37.571229" lon="126.697518">
        <ele>24.5</ele>
      </trkpt>
      <trkpt lat="37.571232" lon="126.697575">
        <ele>24.6</ele>
      </trkpt>
      <trkpt lat="37.571234" lon="126.697632">
        <ele>24.6</ele>
      </trkpt>
      <trkpt lat="37.571237" lon="126.697688">
        <ele>24.7</ele>
      </trkpt>
      <trkpt lat="37.571240" lon="126.697745">
        <ele>24.7</ele>
      </trkpt>
      <trkpt lat="37.571242" lon="126.697802">
        <ele>24.8</ele>
      </trkpt>
      <trkpt lat="37.571245" lon="126.697858">
        <ele>24.8</ele>
      </trkpt>
      <trkpt lat="37.571247" lon="126.697915">
        <ele>24.9</ele>
      </trkpt>
      <trkpt lat="37.571250" lon="126.697972">
        <ele>24.9</ele>
      </trkpt>
      <trkpt lat="37.571252" lon="126.698028">
        <ele>25.0</ele>
      </trkpt>
      <trkpt lat="37.571255" lon="126.698085">
        <ele>25.0</ele>
      </trkpt>
      <trkpt lat="37.571258" lon="126.698141">
        <ele>25.1</ele>
      </trkpt>
      <trkpt lat="37.571260" lon="126.698198">
        <ele>25.1</ele>
      </trkpt>
      <trkpt lat="37.571263" lon="126.698255">
        <ele>25.1</ele>
      </trkpt>
      <trkpt lat="37.571265" lon="126.698311">
        <ele>25.2</ele>
      </trkpt>
      <trkpt lat="37.571268" lon="126.698368">
        <ele>25.2</ele>
      </trkpt>
      <trkpt lat="37.571270" lon="126.698425">
        <ele>25.3</ele>
      </trkpt>
      <trkpt lat="37.571273" lon="126.698481">
        <ele>25.3</ele>
      </trkpt>
      <trkpt lat="37.571276" lon="126.698538">
        <ele>25.4</ele>
      </trkpt>
      <trkpt lat="37.571278" lon="126.698595">
        <ele>25.4</ele>
      </trkpt>
      <trkpt lat="37.571281" lon="126.698651">
        <ele>25.5</ele>
      </trkpt>
      <trkpt lat="37.571283" lon="126.698708">
        <ele>25.5</ele>
      </trkpt>
      <trkpt lat="37.571286" lon="126.698765">
        <ele>25.6</ele>
      </trkpt>
      <trkpt lat="37.571288" lon="126.698821">
        <ele>25.6</ele>
      </trkpt>
      <trkpt lat="37.571291" lon="126.698878">
        <ele>25.7</ele>
      </trkpt>
      <trkpt lat="37.571294" lon="126.698934">
        <ele>25.7</ele>
      </trkpt>
      <trkpt lat="37.571296" lon="126.698991">
        <ele>25.8</ele>
      </trkpt>
      <trkpt lat="37.571299" lon="126.699048">
        <ele>25.8</ele>
      </trkpt>
      <trkpt lat="37.571301" lon="126.699104">
        <ele>25.9</ele>
      </trkpt>
      <trkpt lat="37.571304" lon="126.699161">
        <ele>25.9</ele>
      </trkpt>
      <trkpt lat="37.571307" lon="126.699218">
        <ele>26.0</ele>
      </trkpt>
      <trkpt lat="37.571309" lon="126.699274">
        <ele>26.0</ele>
      </trkpt>
      <trkpt lat="37.571312" lon="126.699331">
        <ele>26.1</ele>
      </trkpt>
      <trkpt lat="37.571314" lon="126.699388">
        <ele>26.1</ele>
      </trkpt>
      <trkpt lat="37.571317" lon="126.699444">
        <ele>26.2</ele>
      </trkpt>
      <trkpt lat="37.571319" lon="126.699501">
        <ele>26.2</ele>
      </trkpt>
      <trkpt lat="37.571322" lon="126.699557">
        <ele>26.2</ele>
      </trkpt>
      <trkpt lat="37.571325" lon="126.699614">
        <ele>26.3</ele>
      </trkpt>
      <trkpt lat="37.571327" lon="126.699671">
        <ele>26.3</ele>
      </trkpt>
      <trkpt lat="37.571330" lon="126.699727">
        <ele>26.4</ele>
      </trkpt>
      <trkpt lat="37.571332" lon="126.699784">
        <ele>26.4</ele>
      </trkpt>
      <trkpt lat="37.571335" lon="126.699841">
        <ele>26.5</ele>
      </trkpt>
      <trkpt lat="37.571337" lon="126.699897">
        <ele>26.5</ele>
      </trkpt>
      <trkpt lat="37.571340" lon="126.699954">
        <ele>26.6</ele>
      </trkpt>
      <trkpt lat="37.571343" lon="126.700011">
        <ele>26.6</ele>
      </trkpt>
      <trkpt lat="37.571345" lon="126.700067">
        <ele>26.7</ele>
      </trkpt>
      <trkpt lat="37.571348" lon="126.700124">
        <ele>26.7</ele>
      </trkpt>
      <trkpt lat="37.571350" lon="126.700181">
        <ele>26.8</ele>
      </trkpt>
      <trkpt lat="37.571353" lon="126.700237">
        <ele>26.8</ele>
      </trkpt>
      <trkpt lat="37.571355" lon="126.700294">
        <ele>26.9</ele>
      </trkpt>
      <trkpt lat="37.571358" lon="126.700350">
        <ele>26.9</ele>
      </trkpt>
      <trkpt lat="37.571361" lon="126.700407">
        <ele>27.0</ele>
      </trkpt>
      <trkpt lat="37.571363" lon="126.700464">
        <ele>27.0</ele>
      </trkpt>
      <trkpt lat="37.571366" lon="126.700520">
        <ele>27.1</ele>
      </trkpt>
      <trkpt lat="37.571368" lon="126.700577">
        <ele>27.1</ele>
      </trkpt>
      <trkpt lat="37.571371" lon="126.700634">
        <ele>27.2</ele>
      </trkpt>
      <trkpt lat="37.571373" lon="126.700690">
        <ele>27.2</ele>
      </trkpt>
      <trkpt lat="37.571376" lon="126.700747">
        <ele>27.3</ele>
      </trkpt>
      <trkpt lat="37.571379" lon="126.700804">
        <ele>27.3</ele>
      </trkpt>
      <trkpt lat="37.571381" lon="126.700860">
        <ele>27.4</ele>
      </trkpt>
      <trkpt lat="37.571384" lon="126.700917">
        <ele>27.4</ele>
      </trkpt>
      <trkpt lat="37.571386" lon="126.700973">
        <ele>27.4</ele>
      </trkpt>
      <trkpt lat="37.571389" lon="126.701030">
        <ele>27.5</ele>
      </trkpt>
      <trkpt lat="37.571392" lon="126.701087">
        <ele>27.5</ele>
      </trkpt>
      <trkpt lat="37.571394" lon="126.701143">
        <ele>27.6</ele>
      </trkpt>
      <trkpt lat="37.571397" lon="126.701200">
        <ele>27.6</ele>
      </trkpt>
      <trkpt lat="37.571399" lon="126.701257">
        <ele>27.7</ele>
      </trkpt>
      <trkpt lat="37.571402" lon="126.701313">
        <ele>27.7</ele>
      </trkpt>
      <trkpt lat="37.571404" lon="126.701370">
        <ele>27.8</ele>
      </trkpt>
      <trkpt lat="37.571407" lon="126.701427">
        <ele>27.8</ele>
      </trkpt>
      <trkpt lat="37.571410" lon="126.701483">
        <ele>27.9</ele>
      </trkpt>
      <trkpt lat="37.571412" lon="126.701540">
        <ele>27.9</ele>
      </trkpt>
      <trkpt lat="37.571415" lon="126.701596">
        <ele>28.0</ele>
      </trkpt>
      <trkpt lat="37.571417" lon="126.701653">
        <ele>28.0</ele>
      </trkpt>
      <trkpt lat="37.571420" lon="126.701710">
        <ele>28.1</ele>
      </trkpt>
      <trkpt lat="37.571422" lon="126.701766">
        <ele>28.1</ele>
      </trkpt>
      <trkpt lat="37.571425" lon="126.701823">
        <ele>28.2</ele>
      </trkpt>
      <trkpt lat="37.571428" lon="126.701880">
        <ele>28.2</ele>
      </trkpt>
      <trkpt lat="37.571430" lon="126.701936">
        <ele>28.3</ele>
      </trkpt>
      <trkpt lat="37.571433" lon="126.701993">
        <ele>28.3</ele>
      </trkpt>
      <trkpt lat="37.571435" lon="126.702050">
        <ele>28.4</ele>
      </trkpt>
      <trkpt lat="37.571438" lon="126.702106">
        <ele>28.4</ele>
      </trkpt>
      <trkpt lat="37.571440" lon="126.702163">
        <ele>28.5</ele>
      </trkpt>
      <trkpt lat="37.571443" lon="126.702220">
        <ele>28.5</ele>
      </trkpt>
      <trkpt lat="37.571446" lon="126.702276">
        <ele>28.5</ele>
      </trkpt>
      <trkpt lat="37.571448" lon="126.702333">
        <ele>28.6</ele>
      </trkpt>
      <trkpt lat="37.571451" lon="126.702389">
        <ele>28.6</ele>
      </trkpt>
      <trkpt lat="37.571453" lon="126.702446">
        <ele>28.7</ele>
      </trkpt>
      <trkpt lat="37.571456" lon="126.702503">
        <ele>28.7</ele>
      </trkpt>
      <trkpt lat="37.571458" lon="126.702559">
        <ele>28.8</ele>
      </trkpt>
      <trkpt lat="37.571461" lon="126.702616">
        <ele>28.8</ele>
      </trkpt>
      <trkpt lat="37.571464" lon="126.702673">
        <ele>28.9</ele>
      </trkpt>
      <trkpt lat="37.571466" lon="126.702729">
        <ele>28.9</ele>
      </trkpt>
      <trkpt lat="37.571469" lon="126.702786">
        <ele>29.0</ele>
      </trkpt>
      <trkpt lat="37.571471" lon="126.702843">
        <ele>29.0</ele>
      </trkpt>
      <trkpt lat="37.571474" lon="126.702899">
        <ele>29.1</ele>
      </trkpt>
      <trkpt lat="37.571477" lon="126.702956">
        <ele>29.1</ele>
      </trkpt>
      <trkpt lat="37.571479" lon="126.703012">
        <ele>29.2</ele>
      </trkpt>
      <trkpt lat="37.571482" lon="126.703069">
        <ele>29.2</ele>
      </trkpt>
      <trkpt lat="37.571484" lon="126.703126">
        <ele>29.3</ele>
      </trkpt>
      <trkpt lat="37.571486" lon="126.703165">
        <ele>27.3</ele>
      </trkpt>
      <trkpt lat="37.571489" lon="126.703221">
        <ele>27.3</ele>
      </trkpt>
      <trkpt lat="37.571491" lon="126.703278">
        <ele>27.4</ele>
      </trkpt>
      <trkpt lat="37.571494" lon="126.703335">
        <ele>27.4</ele>
      </trkpt>
      <trkpt lat="37.571496" lon="126.703391">
        <ele>27.4</ele>
      </trkpt>
      <trkpt lat="37.571499" lon="126.703448">
        <ele>27.4</ele>
      </trkpt>
      <trkpt lat="37.571502" lon="126.703504">
        <ele>27.5</ele>
      </trkpt>
      <trkpt lat="37.571504" lon="126.703561">
        <ele>27.5</ele>
      </trkpt>
      <trkpt lat="37.571507" lon="126.703618">
        <ele>27.5</ele>
      </trkpt>
      <trkpt lat="37.571509" lon="126.703674">
        <ele>27.6</ele>
      </trkpt>
      <trkpt lat="37.571512" lon="126.703731">
        <ele>27.6</ele>
      </trkpt>
      <trkpt lat="37.571514" lon="126.703788">
        <ele>27.6</ele>
      </trkpt>
      <trkpt lat="37.571517" lon="126.703844">
        <ele>27.7</ele>
      </trkpt>
      <trkpt lat="37.571520" lon="126.703901">
        <ele>27.7</ele>
      </trkpt>
      <trkpt lat="37.571522" lon="126.703958">
        <ele>27.7</ele>
      </trkpt>
      <trkpt lat="37.571525" lon="126.704014">
        <ele>27.7</ele>
      </trkpt>
      <trkpt lat="37.571527" lon="126.704071">
        <ele>27.8</ele>
      </trkpt>
      <trkpt lat="37.571530" lon="126.704127">
        <ele>27.8</ele>
      </trkpt>
      <trkpt lat="37.571533" lon="126.704184">
        <ele>27.8</ele>
      </trkpt>
      <trkpt lat="37.571535" lon="126.704241">
        <ele>27.9</ele>
      </trkpt>
      <trkpt lat="37.571538" lon="126.704297">
        <ele>27.9</ele>
      </trkpt>
      <trkpt lat="37.571540" lon="126.704354">
        <ele>27.9</ele>
      </trkpt>
      <trkpt lat="37.571543" lon="126.704411">
        <ele>28.0</ele>
      </trkpt>
      <trkpt lat="37.571546" lon="126.704467">
        <ele>28.0</ele>
      </trkpt>
      <trkpt lat="37.571548" lon="126.704524">
        <ele>28.0</ele>
      </trkpt>
      <trkpt lat="37.571551" lon="126.704581">
        <ele>28.0</ele>
      </trkpt>
      <trkpt lat="37.571553" lon="126.704637">
        <ele>28.1</ele>
      </trkpt>
      <trkpt lat="37.571556" lon="126.704694">
        <ele>28.1</ele>
      </trkpt>
      <trkpt lat="37.571558" lon="126.704750">
        <ele>28.1</ele>
      </trkpt>
      <trkpt lat="37.571561" lon="126.704807">
        <ele>28.2</ele>
      </trkpt>
      <trkpt lat="37.571564" lon="126.704864">
        <ele>28.2</ele>
      </trkpt>
      <trkpt lat="37.571566" lon="126.704920">
        <ele>28.2</ele>
      </trkpt>
      <trkpt lat="37.571569" lon="126.704977">
        <ele>28.2</ele>
      </trkpt>
      <trkpt lat="37.571571" lon="126.705034">
        <ele>28.3</ele>
      </trkpt>
      <trkpt lat="37.571574" lon="126.705090">
        <ele>28.3</ele>
      </trkpt>
      <trkpt lat="37.571577" lon="126.705147">
        <ele>28.3</ele>
      </trkpt>
      <trkpt lat="37.571579" lon="126.705204">
        <ele>28.4</ele>
      </trkpt>
      <trkpt lat="37.571582" lon="126.705260">
        <ele>28.4</ele>
      </trkpt>
      <trkpt lat="37.571584" lon="126.705317">
        <ele>28.4</ele>
      </trkpt>
      <trkpt lat="37.571587" lon="126.705374">
        <ele>28.5</ele>
      </trkpt>
      <trkpt lat="37.571589" lon="126.705430">
        <ele>28.5</ele>
      </trkpt>
      <trkpt lat="37.571592" lon="126.705487">
        <ele>28.5</ele>
      </trkpt>
      <trkpt lat="37.571595" lon="126.705543">
        <ele>28.5</ele>
      </trkpt>
      <trkpt lat="37.571597" lon="126.705600">
        <ele>28.6</ele>
      </trkpt>
      <trkpt lat="37.571600" lon="126.705657">
        <ele>28.6</ele>
      </trkpt>
      <trkpt lat="37.571602" lon="126.705713">
        <ele>28.6</ele>
      </trkpt>
      <trkpt lat="37.571605" lon="126.705770">
        <ele>28.7</ele>
      </trkpt>
      <trkpt lat="37.571608" lon="126.705827">
        <ele>28.7</ele>
      </trkpt>
      <trkpt lat="37.571610" lon="126.705883">
        <ele>28.7</ele>
      </trkpt>
      <trkpt lat="37.571613" lon="126.705940">
        <ele>28.7</ele>
      </trkpt>
      <trkpt lat="37.571615" lon="126.705997">
        <ele>28.8</ele>
      </trkpt>
      <trkpt lat="37.571618" lon="126.706053">
        <ele>28.8</ele>
      </trkpt>
      <trkpt lat="37.571621" lon="126.706110">
        <ele>28.8</ele>
      </trkpt>
      <trkpt lat="37.571623" lon="126.706166">
        <ele>28.9</ele>
      </trkpt>
      <trkpt lat="37.571626" lon="126.706223">
        <ele>28.9</ele>
      </trkpt>
      <trkpt lat="37.571628" lon="126.706280">
        <ele>28.9</ele>
      </trkpt>
      <trkpt lat="37.571631" lon="126.706336">
        <ele>29.0</ele>
      </trkpt>
      <trkpt lat="37.571633" lon="126.706393">
        <ele>29.0</ele>
      </trkpt>
      <trkpt lat="37.571636" lon="126.706450">
        <ele>29.0</ele>
      </trkpt>
      <trkpt lat="37.571639" lon="126.706506">
        <ele>29.0</ele>
      </trkpt>
      <trkpt lat="37.571641" lon="126.706563">
        <ele>29.1</ele>
      </trkpt>
      <trkpt lat="37.571644" lon="126.706620">
        <ele>29.1</ele>
      </trkpt>
      <trkpt lat="37.571646" lon="126.706676">
        <ele>29.1</ele>
      </trkpt>
      <trkpt lat="37.571649" lon="126.706733">
        <ele>29.2</ele>
      </trkpt>
      <trkpt lat="37.571652" lon="126.706790">
        <ele>29.2</ele>
      </trkpt>
      <trkpt lat="37.571654" lon="126.706846">
        <ele>29.2</ele>
      </trkpt>
      <trkpt lat="37.571657" lon="126.706903">
        <ele>29.3</ele>
      </trkpt>
      <trkpt lat="37.571659" lon="126.706959">
        <ele>29.3</ele>
      </trkpt>
      <trkpt lat="37.571662" lon="126.707016">
        <ele>29.3</ele>
      </trkpt>
      <trkpt lat="37.571664" lon="126.707073">
        <ele>29.4</ele>
      </trkpt>
      <trkpt lat="37.571666" lon="126.707129">
        <ele>29.4</ele>
      </trkpt>
      <trkpt lat="37.571669" lon="126.707186">
        <ele>29.5</ele>
      </trkpt>
      <trkpt lat="37.571671" lon="126.707243">
        <ele>29.3</ele>
      </trkpt>
      <trkpt lat="37.571674" lon="126.707299">
        <ele>29.2</ele>
      </trkpt>
      <trkpt lat="37.571676" lon="126.707356">
        <ele>29.0</ele>
      </trkpt>
      <trkpt lat="37.571679" lon="126.707413">
        <ele>28.9</ele>
      </trkpt>
      <trkpt lat="37.571681" lon="126.707469">
        <ele>28.8</ele>
      </trkpt>
      <trkpt lat="37.571684" lon="126.707526">
        <ele>28.6</ele>
      </trkpt>
      <trkpt lat="37.571687" lon="126.707583">
        <ele>28.5</ele>
      </trkpt>
      <trkpt lat="37.571689" lon="126.707639">
        <ele>28.3</ele>
      </trkpt>
      <trkpt lat="37.571692" lon="126.707696">
        <ele>28.2</ele>
      </trkpt>
      <trkpt lat="37.571694" lon="126.707752">
        <ele>28.1</ele>
      </trkpt>
      <trkpt lat="37.571697" lon="126.707809">
        <ele>27.9</ele>
      </trkpt>
      <trkpt lat="37.571699" lon="126.707866">
        <ele>27.8</ele>
      </trkpt>
      <trkpt lat="37.571702" lon="126.707922">
        <ele>27.6</ele>
      </trkpt>
      <trkpt lat="37.571705" lon="126.707979">
        <ele>27.5</ele>
      </trkpt>
      <trkpt lat="37.571707" lon="126.708036">
        <ele>27.4</ele>
      </trkpt>
      <trkpt lat="37.571710" lon="126.708092">
        <ele>27.2</ele>
      </trkpt>
      <trkpt lat="37.571712" lon="126.708149">
        <ele>27.1</ele>
      </trkpt>
      <trkpt lat="37.571715" lon="126.708206">
        <ele>26.9</ele>
      </trkpt>
      <trkpt lat="37.571717" lon="126.708262">
        <ele>26.8</ele>
      </trkpt>
      <trkpt lat="37.571720" lon="126.708319">
        <ele>26.7</ele>
      </trkpt>
      <trkpt lat="37.571722" lon="126.708375">
        <ele>26.5</ele>
      </trkpt>
      <trkpt lat="37.571725" lon="126.708432">
        <ele>26.4</ele>
      </trkpt>
      <trkpt lat="37.571728" lon="126.708489">
        <ele>26.2</ele>
      </trkpt>
      <trkpt lat="37.571730" lon="126.708545">
        <ele>26.1</ele>
      </trkpt>
      <trkpt lat="37.571733" lon="126.708602">
        <ele>26.0</ele>
      </trkpt>
      <trkpt lat="37.571735" lon="126.708659">
        <ele>25.8</ele>
      </trkpt>
      <trkpt lat="37.571738" lon="126.708715">
        <ele>25.7</ele>
      </trkpt>
      <trkpt lat="37.571740" lon="126.708772">
        <ele>25.5</ele>
      </trkpt>
      <trkpt lat="37.571743" lon="126.708829">
        <ele>25.4</ele>
      </trkpt>
      <trkpt lat="37.571746" lon="126.708885">
        <ele>25.3</ele>
      </trkpt>
      <trkpt lat="37.571748" lon="126.708942">
        <ele>25.1</ele>
      </trkpt>
      <trkpt lat="37.571751" lon="126.708999">
        <ele>25.0</ele>
      </trkpt>
      <trkpt lat="37.571753" lon="126.709055">
        <ele>24.8</ele>
      </trkpt>
      <trkpt lat="37.571756" lon="126.709112">
        <ele>24.7</ele>
      </trkpt>
      <trkpt lat="37.571758" lon="126.709168">
        <ele>24.6</ele>
      </trkpt>
      <trkpt lat="37.571761" lon="126.709225">
        <ele>24.4</ele>
      </trkpt>
      <trkpt lat="37.571764" lon="126.709282">
        <ele>24.3</ele>
      </trkpt>
      <trkpt lat="37.571766" lon="126.709338">
        <ele>24.1</ele>
      </trkpt>
      <trkpt lat="37.571769" lon="126.709395">
        <ele>24.0</ele>
      </trkpt>
      <trkpt lat="37.571771" lon="126.709452">
        <ele>23.9</ele>
      </trkpt>
      <trkpt lat="37.571774" lon="126.709508">
        <ele>23.7</ele>
      </trkpt>
      <trkpt lat="37.571776" lon="126.709565">
        <ele>23.6</ele>
      </trkpt>
      <trkpt lat="37.571779" lon="126.709622">
        <ele>23.4</ele>
      </trkpt>
      <trkpt lat="37.571782" lon="126.709678">
        <ele>23.3</ele>
      </trkpt>
      <trkpt lat="37.571784" lon="126.709735">
        <ele>23.2</ele>
      </trkpt>
      <trkpt lat="37.571787" lon="126.709792">
        <ele>23.0</ele>
      </trkpt>
      <trkpt lat="37.571789" lon="126.709848">
        <ele>22.9</ele>
      </trkpt>
      <trkpt lat="37.571792" lon="126.709905">
        <ele>22.7</ele>
      </trkpt>
      <trkpt lat="37.571794" lon="126.709961">
        <ele>22.6</ele>
      </trkpt>
      <trkpt lat="37.571797" lon="126.710018">
        <ele>22.5</ele>
      </trkpt>
      <trkpt lat="37.571800" lon="126.710075">
        <ele>22.3</ele>
      </trkpt>
      <trkpt lat="37.571801" lon="126.710104">
        <ele>28.0</ele>
      </trkpt>
      <trkpt lat="37.571803" lon="126.710161">
        <ele>27.9</ele>
      </trkpt>
      <trkpt lat="37.571806" lon="126.710218">
        <ele>27.9</ele>
      </trkpt>
      <trkpt lat="37.571809" lon="126.710274">
        <ele>27.8</ele>
      </trkpt>
      <trkpt lat="37.571811" lon="126.710331">
        <ele>27.7</ele>
      </trkpt>
      <trkpt lat="37.571814" lon="126.710388">
        <ele>27.7</ele>
      </trkpt>
      <trkpt lat="37.571816" lon="126.710444">
        <ele>27.6</ele>
      </trkpt>
      <trkpt lat="37.571819" lon="126.710501">
        <ele>27.5</ele>
      </trkpt>
      <trkpt lat="37.571821" lon="126.710557">
        <ele>27.5</ele>
      </trkpt>
      <trkpt lat="37.571824" lon="126.710614">
        <ele>27.4</ele>
      </trkpt>
      <trkpt lat="37.571827" lon="126.710671">
        <ele>27.4</ele>
      </trkpt>
      <trkpt lat="37.571829" lon="126.710727">
        <ele>27.3</ele>
      </trkpt>
      <trkpt lat="37.571832" lon="126.710784">
        <ele>27.2</ele>
      </trkpt>
      <trkpt lat="37.571834" lon="126.710841">
        <ele>27.2</ele>
      </trkpt>
      <trkpt lat="37.571837" lon="126.710897">
        <ele>27.1</ele>
      </trkpt>
      <trkpt lat="37.571839" lon="126.710954">
        <ele>27.0</ele>
      </trkpt>
      <trkpt lat="37.571842" lon="126.711011">
        <ele>27.0</ele>
      </trkpt>
      <trkpt lat="37.571845" lon="126.711067">
        <ele>26.9</ele>
      </trkpt>
      <trkpt lat="37.571847" lon="126.711124">
        <ele>26.9</ele>
      </trkpt>
      <trkpt lat="37.571850" lon="126.711180">
        <ele>26.8</ele>
      </trkpt>
      <trkpt lat="37.571852" lon="126.711237">
        <ele>26.7</ele>
      </trkpt>
      <trkpt lat="37.571855" lon="126.711294">
        <ele>26.7</ele>
      </trkpt>
      <trkpt lat="37.571857" lon="126.711350">
        <ele>26.6</ele>
      </trkpt>
      <trkpt lat="37.571860" lon="126.711407">
        <ele>26.5</ele>
      </trkpt>
      <trkpt lat="37.571862" lon="126.711464">
        <ele>26.5</ele>
      </trkpt>
      <trkpt lat="37.571865" lon="126.711520">
        <ele>26.4</ele>
      </trkpt>
      <trkpt lat="37.571868" lon="126.711577">
        <ele>26.4</ele>
      </trkpt>
      <trkpt lat="37.571870" lon="126.711634">
        <ele>26.3</ele>
      </trkpt>
      <trkpt lat="37.571873" lon="126.711690">
        <ele>26.2</ele>
      </trkpt>
      <trkpt lat="37.571875" lon="126.711747">
        <ele>26.2</ele>
      </trkpt>
      <trkpt lat="37.571878" lon="126.711804">
        <ele>26.1</ele>
      </trkpt>
      <trkpt lat="37.571880" lon="126.711860">
        <ele>26.0</ele>
      </trkpt>
      <trkpt lat="37.571883" lon="126.711917">
        <ele>26.0</ele>
      </trkpt>
      <trkpt lat="37.571886" lon="126.711973">
        <ele>25.9</ele>
      </trkpt>
      <trkpt lat="37.571888" lon="126.712030">
        <ele>25.9</ele>
      </trkpt>
      <trkpt lat="37.571891" lon="126.712087">
        <ele>25.8</ele>
      </trkpt>
      <trkpt lat="37.571893" lon="126.712143">
        <ele>25.7</ele>
      </trkpt>
      <trkpt lat="37.571896" lon="126.712200">
        <ele>25.7</ele>
      </trkpt>
      <trkpt lat="37.571898" lon="126.712257">
        <ele>25.6</ele>
      </trkpt>
      <trkpt lat="37.571901" lon="126.712313">
        <ele>25.5</ele>
      </trkpt>
      <trkpt lat="37.571904" lon="126.712370">
        <ele>25.5</ele>
      </trkpt>
      <trkpt lat="37.571906" lon="126.712427">
        <ele>25.4</ele>
      </trkpt>
      <trkpt lat="37.571909" lon="126.712483">
        <ele>25.4</ele>
      </trkpt>
      <trkpt lat="37.571911" lon="126.712540">
        <ele>25.3</ele>
      </trkpt>
      <trkpt lat="37.571914" lon="126.712596">
        <ele>25.2</ele>
      </trkpt>
      <trkpt lat="37.571916" lon="126.712653">
        <ele>25.2</ele>
      </trkpt>
      <trkpt lat="37.571919" lon="126.712710">
        <ele>25.1</ele>
      </trkpt>
      <trkpt lat="37.571922" lon="126.712766">
        <ele>25.1</ele>
      </trkpt>
      <trkpt lat="37.571924" lon="126.712823">
        <ele>25.0</ele>
      </trkpt>
      <trkpt lat="37.571927" lon="126.712880">
        <ele>24.9</ele>
      </trkpt>
      <trkpt lat="37.571929" lon="126.712936">
        <ele>24.9</ele>
      </trkpt>
      <trkpt lat="37.571932" lon="126.712993">
        <ele>24.8</ele>
      </trkpt>
      <trkpt lat="37.571934" lon="126.713050">
        <ele>24.7</ele>
      </trkpt>
      <trkpt lat="37.571937" lon="126.713106">
        <ele>24.7</ele>
      </trkpt>
      <trkpt lat="37.571940" lon="126.713163">
        <ele>24.6</ele>
      </trkpt>
      <trkpt lat="37.571942" lon="126.713220">
        <ele>24.6</ele>
      </trkpt>
      <trkpt lat="37.571945" lon="126.713276">
        <ele>24.5</ele>
      </trkpt>
      <trkpt lat="37.571947" lon="126.713333">
        <ele>24.4</ele>
      </trkpt>
      <trkpt lat="37.571950" lon="126.713389">
        <ele>24.4</ele>
      </trkpt>
      <trkpt lat="37.571952" lon="126.713446">
        <ele>24.3</ele>
      </trkpt>
      <trkpt lat="37.571955" lon="126.713503">
        <ele>24.2</ele>
      </trkpt>
      <trkpt lat="37.571958" lon="126.713559">
        <ele>24.2</ele>
      </trkpt>
      <trkpt lat="37.571960" lon="126.713616">
        <ele>24.1</ele>
      </trkpt>
      <trkpt lat="37.571963" lon="126.713673">
        <ele>24.1</ele>
      </trkpt>
      <trkpt lat="37.571965" lon="126.713729">
        <ele>24.0</ele>
      </trkpt>
      <trkpt lat="37.571968" lon="126.713786">
        <ele>23.9</ele>
      </trkpt>
      <trkpt lat="37.571970" lon="126.713843">
        <ele>23.9</ele>
      </trkpt>
      <trkpt lat="37.571973" lon="126.713899">
        <ele>23.8</ele>
      </trkpt>
      <trkpt lat="37.571975" lon="126.713956">
        <ele>23.7</ele>
      </trkpt>
      <trkpt lat="37.571978" lon="126.714013">
        <ele>23.7</ele>
      </trkpt>
      <trkpt lat="37.571981" lon="126.714069">
        <ele>23.6</ele>
      </trkpt>
      <trkpt lat="37.571983" lon="126.714126">
        <ele>23.6</ele>
      </trkpt>
      <trkpt lat="37.571986" lon="126.714182">
        <ele>23.5</ele>
      </trkpt>
      <trkpt lat="37.571988" lon="126.714239">
        <ele>23.4</ele>
      </trkpt>
      <trkpt lat="37.571991" lon="126.714296">
        <ele>23.4</ele>
      </trkpt>
      <trkpt lat="37.571993" lon="126.714352">
        <ele>23.3</ele>
      </trkpt>
      <trkpt lat="37.571996" lon="126.714409">
        <ele>23.2</ele>
      </trkpt>
      <trkpt lat="37.571999" lon="126.714466">
        <ele>23.2</ele>
      </trkpt>
      <trkpt lat="37.572001" lon="126.714522">
        <ele>23.1</ele>
      </trkpt>
      <trkpt lat="37.572004" lon="126.714579">
        <ele>23.1</ele>
      </trkpt>
      <trkpt lat="37.572006" lon="126.714636">
        <ele>23.0</ele>
      </trkpt>
      <trkpt lat="37.572009" lon="126.714692">
        <ele>22.9</ele>
      </trkpt>
      <trkpt lat="37.572011" lon="126.714749">
        <ele>22.9</ele>
      </trkpt>
      <trkpt lat="37.572014" lon="126.714805">
        <ele>22.8</ele>
      </trkpt>
      <trkpt lat="37.572017" lon="126.714862">
        <ele>22.7</ele>
      </trkpt>
      <trkpt lat="37.572019" lon="126.714919">
        <ele>22.7</ele>
      </trkpt>
      <trkpt lat="37.572022" lon="126.714975">
        <ele>22.6</ele>
      </trkpt>
      <trkpt lat="37.572024" lon="126.715032">
        <ele>22.6</ele>
      </trkpt>
      <trkpt lat="37.572027" lon="126.715089">
        <ele>22.5</ele>
      </trkpt>
      <trkpt lat="37.572029" lon="126.715145">
        <ele>22.4</ele>
      </trkpt>
      <trkpt lat="37.572032" lon="126.715202">
        <ele>22.4</ele>
      </trkpt>
      <trkpt lat="37.572035" lon="126.715259">
        <ele>22.3</ele>
      </trkpt>
      <trkpt lat="37.572043" lon="126.715268">
        <ele>24.3</ele>
      </trkpt>
      <trkpt lat="37.572038" lon="126.715316">
        <ele>25.3</ele>
      </trkpt>
      <trkpt lat="37.572041" lon="126.715373">
        <ele>25.2</ele>
      </trkpt>
      <trkpt lat="37.572043" lon="126.715429">
        <ele>25.2</ele>
      </trkpt>
      <trkpt lat="37.572046" lon="126.715486">
        <ele>25.1</ele>
      </trkpt>
      <trkpt lat="37.572048" lon="126.715542">
        <ele>25.1</ele>
      </trkpt>
      <trkpt lat="37.572051" lon="126.715599">
        <ele>25.0</ele>
      </trkpt>
      <trkpt lat="37.572054" lon="126.715656">
        <ele>25.0</ele>
      </trkpt>
      <trkpt lat="37.572056" lon="126.715712">
        <ele>24.9</ele>
      </trkpt>
      <trkpt lat="37.572059" lon="126.715769">
        <ele>24.9</ele>
      </trkpt>
      <trkpt lat="37.572061" lon="126.715826">
        <ele>24.8</ele>
      </trkpt>
      <trkpt lat="37.572064" lon="126.715882">
        <ele>24.8</ele>
      </trkpt>
      <trkpt lat="37.572066" lon="126.715939">
        <ele>24.7</ele>
      </trkpt>
      <trkpt lat="37.572069" lon="126.715996">
        <ele>24.7</ele>
      </trkpt>
      <trkpt lat="37.572072" lon="126.716052">
        <ele>24.7</ele>
      </trkpt>
      <trkpt lat="37.572074" lon="126.716109">
        <ele>24.6</ele>
      </trkpt>
      <trkpt lat="37.572077" lon="126.716166">
        <ele>24.6</ele>
      </trkpt>
      <trkpt lat="37.572079" lon="126.716222">
        <ele>24.5</ele>
      </trkpt>
      <trkpt lat="37.572082" lon="126.716279">
        <ele>24.5</ele>
      </trkpt>
      <trkpt lat="37.572084" lon="126.716335">
        <ele>24.4</ele>
      </trkpt>
      <trkpt lat="37.572087" lon="126.716392">
        <ele>24.4</ele>
      </trkpt>
      <trkpt lat="37.572090" lon="126.716449">
        <ele>24.3</ele>
      </trkpt>
      <trkpt lat="37.572092" lon="126.716505">
        <ele>24.3</ele>
      </trkpt>
      <trkpt lat="37.572095" lon="126.716562">
        <ele>24.2</ele>
      </trkpt>
      <trkpt lat="37.572097" lon="126.716619">
        <ele>24.2</ele>
      </trkpt>
      <trkpt lat="37.572100" lon="126.716675">
        <ele>24.1</ele>
      </trkpt>
      <trkpt lat="37.572102" lon="126.716732">
        <ele>24.1</ele>
      </trkpt>
      <trkpt lat="37.572105" lon="126.716789">
        <ele>24.1</ele>
      </trkpt>
      <trkpt lat="37.572108" lon="126.716845">
        <ele>24.0</ele>
      </trkpt>
      <trkpt lat="37.572110" lon="126.716902">
        <ele>24.0</ele>
      </trkpt>
      <trkpt lat="37.572113" lon="126.716958">
        <ele>23.9</ele>
      </trkpt>
      <trkpt lat="37.572115" lon="126.717015">
        <ele>23.9</ele>
      </trkpt>
      <trkpt lat="37.572118" lon="126.717072">
        <ele>23.8</ele>
      </trkpt>
      <trkpt lat="37.572120" lon="126.717128">
        <ele>23.8</ele>
      </trkpt>
      <trkpt lat="37.572123" lon="126.717185">
        <ele>23.7</ele>
      </trkpt>
      <trkpt lat="37.572126" lon="126.717242">
        <ele>23.7</ele>
      </trkpt>
      <trkpt lat="37.572128" lon="126.717298">
        <ele>23.6</ele>
      </trkpt>
      <trkpt lat="37.572131" lon="126.717355">
        <ele>23.6</ele>
      </trkpt>
      <trkpt lat="37.572133" lon="126.717412">
        <ele>23.5</ele>
      </trkpt>
      <trkpt lat="37.572136" lon="126.717468">
        <ele>23.5</ele>
      </trkpt>
      <trkpt lat="37.572139" lon="126.717525">
        <ele>23.4</ele>
      </trkpt>
      <trkpt lat="37.572141" lon="126.717582">
        <ele>23.4</ele>
      </trkpt>
      <trkpt lat="37.572144" lon="126.717638">
        <ele>23.4</ele>
      </trkpt>
      <trkpt lat="37.572146" lon="126.717695">
        <ele>23.3</ele>
      </trkpt>
      <trkpt lat="37.572149" lon="126.717751">
        <ele>23.3</ele>
      </trkpt>
      <trkpt lat="37.572151" lon="126.717808">
        <ele>23.2</ele>
      </trkpt>
      <trkpt lat="37.572154" lon="126.717865">
        <ele>23.2</ele>
      </trkpt>
      <trkpt lat="37.572157" lon="126.717921">
        <ele>23.1</ele>
      </trkpt>
      <trkpt lat="37.572159" lon="126.717978">
        <ele>23.1</ele>
      </trkpt>
      <trkpt lat="37.572162" lon="126.718035">
        <ele>23.0</ele>
      </trkpt>
      <trkpt lat="37.572164" lon="126.718091">
        <ele>23.0</ele>
      </trkpt>
      <trkpt lat="37.572167" lon="126.718148">
        <ele>22.9</ele>
      </trkpt>
      <trkpt lat="37.572169" lon="126.718205">
        <ele>22.9</ele>
      </trkpt>
      <trkpt lat="37.572172" lon="126.718261">
        <ele>22.8</ele>
      </trkpt>
      <trkpt lat="37.572175" lon="126.718318">
        <ele>22.8</ele>
      </trkpt>
      <trkpt lat="37.572177" lon="126.718374">
        <ele>22.8</ele>
      </trkpt>
      <trkpt lat="37.572180" lon="126.718431">
        <ele>22.7</ele>
      </trkpt>
      <trkpt lat="37.572182" lon="126.718488">
        <ele>22.7</ele>
      </trkpt>
      <trkpt lat="37.572185" lon="126.718544">
        <ele>22.6</ele>
      </trkpt>
      <trkpt lat="37.572187" lon="126.718601">
        <ele>22.6</ele>
      </trkpt>
      <trkpt lat="37.572190" lon="126.718658">
        <ele>22.5</ele>
      </trkpt>
      <trkpt lat="37.572193" lon="126.718714">
        <ele>22.5</ele>
      </trkpt>
      <trkpt lat="37.572195" lon="126.718771">
        <ele>22.4</ele>
      </trkpt>
      <trkpt lat="37.572198" lon="126.718828">
        <ele>22.4</ele>
      </trkpt>
      <trkpt lat="37.572200" lon="126.718884">
        <ele>22.3</ele>
      </trkpt>
      <trkpt lat="37.572188" lon="126.718926">
        <ele>22.3</ele>
      </trkpt>
      <trkpt lat="37.572187" lon="126.718979">
        <ele>22.3</ele>
      </trkpt>
      <trkpt lat="37.572190" lon="126.719036">
        <ele>22.3</ele>
      </trkpt>
      <trkpt lat="37.572193" lon="126.719092">
        <ele>22.3</ele>
      </trkpt>
      <trkpt lat="37.572196" lon="126.719149">
        <ele>22.3</ele>
      </trkpt>
      <trkpt lat="37.572198" lon="126.719206">
        <ele>22.3</ele>
      </trkpt>
      <trkpt lat="37.572201" lon="126.719262">
        <ele>22.3</ele>
      </trkpt>
      <trkpt lat="37.572204" lon="126.719319">
        <ele>22.3</ele>
      </trkpt>
      <trkpt lat="37.572207" lon="126.719375">
        <ele>22.3</ele>
      </trkpt>
      <trkpt lat="37.572209" lon="126.719432">
        <ele>22.3</ele>
      </trkpt>
      <trkpt lat="37.572212" lon="126.719489">
        <ele>22.3</ele>
      </trkpt>
      <trkpt lat="37.572215" lon="126.719545">
        <ele>22.3</ele>
      </trkpt>
      <trkpt lat="37.572218" lon="126.719602">
        <ele>22.3</ele>
      </trkpt>
      <trkpt lat="37.572220" lon="126.719659">
        <ele>22.3</ele>
      </trkpt>
      <trkpt lat="37.572223" lon="126.719715">
        <ele>22.3</ele>
      </trkpt>
      <trkpt lat="37.572226" lon="126.719772">
        <ele>22.3</ele>
      </trkpt>
      <trkpt lat="37.572229" lon="126.719829">
        <ele>22.3</ele>
      </trkpt>
      <trkpt lat="37.572231" lon="126.719885">
        <ele>22.3</ele>
      </trkpt>
      <trkpt lat="37.572234" lon="126.719942">
        <ele>22.3</ele>
      </trkpt>
      <trkpt lat="37.572237" lon="126.719998">
        <ele>22.3</ele>
      </trkpt>
      <trkpt lat="37.572239" lon="126.720055">
        <ele>22.3</ele>
      </trkpt>
      <trkpt lat="37.572242" lon="126.720112">
        <ele>22.3</ele>
      </trkpt>
      <trkpt lat="37.572245" lon="126.720168">
        <ele>22.3</ele>
      </trkpt>
      <trkpt lat="37.572248" lon="126.720225">
        <ele>22.3</ele>
      </trkpt>
      <trkpt lat="37.572250" lon="126.720282">
        <ele>22.3</ele>
      </trkpt>
      <trkpt lat="37.572253" lon="126.720338">
        <ele>22.3</ele>
      </trkpt>
      <trkpt lat="37.572257" lon="126.720395">
        <ele>22.3</ele>
      </trkpt>
      <trkpt lat="37.572261" lon="126.720451">
        <ele>22.3</ele>
      </trkpt>
      <trkpt lat="37.572265" lon="126.720508">
        <ele>22.3</ele>
      </trkpt>
      <trkpt lat="37.572269" lon="126.720564">
        <ele>22.3</ele>
      </trkpt>
      <trkpt lat="37.572273" lon="126.720621">
        <ele>22.3</ele>
      </trkpt>
      <trkpt lat="37.572276" lon="126.720677">
        <ele>22.3</ele>
      </trkpt>
      <trkpt lat="37.572280" lon="126.720734">
        <ele>22.3</ele>
      </trkpt>
      <trkpt lat="37.572284" lon="126.720790">
        <ele>22.3</ele>
      </trkpt>
      <trkpt lat="37.572288" lon="126.720847">
        <ele>22.3</ele>
      </trkpt>
      <trkpt lat="37.572292" lon="126.720903">
        <ele>22.3</ele>
      </trkpt>
      <trkpt lat="37.572296" lon="126.720960">
        <ele>22.3</ele>
      </trkpt>
      <trkpt lat="37.572300" lon="126.721016">
        <ele>22.3</ele>
      </trkpt>
      <trkpt lat="37.572303" lon="126.721073">
        <ele>22.3</ele>
      </trkpt>
      <trkpt lat="37.572307" lon="126.721130">
        <ele>22.3</ele>
      </trkpt>
      <trkpt lat="37.572311" lon="126.721186">
        <ele>22.3</ele>
      </trkpt>
      <trkpt lat="37.572315" lon="126.721243">
        <ele>22.3</ele>
      </trkpt>
      <trkpt lat="37.572319" lon="126.721299">
        <ele>22.3</ele>
      </trkpt>
      <trkpt lat="37.572322" lon="126.721356">
        <ele>22.3</ele>
      </trkpt>
      <trkpt lat="37.572324" lon="126.721412">
        <ele>22.3</ele>
      </trkpt>
      <trkpt lat="37.572325" lon="126.721469">
        <ele>22.3</ele>
      </trkpt>
      <trkpt lat="37.572327" lon="126.721526">
        <ele>22.3</ele>
      </trkpt>
      <trkpt lat="37.572329" lon="126.721582">
        <ele>22.3</ele>
      </trkpt>
      <trkpt lat="37.572331" lon="126.721639">
        <ele>22.3</ele>
      </trkpt>
      <trkpt lat="37.572333" lon="126.721696">
        <ele>22.3</ele>
      </trkpt>
      <trkpt lat="37.572334" lon="126.721752">
        <ele>22.3</ele>
      </trkpt>
      <trkpt lat="37.572336" lon="126.721809">
        <ele>22.3</ele>
      </trkpt>
      <trkpt lat="37.572338" lon="126.721866">
        <ele>22.3</ele>
      </trkpt>
      <trkpt lat="37.572312" lon="126.721888">
        <ele>22.3</ele>
      </trkpt>
      <trkpt lat="37.572307" lon="126.721944">
        <ele>22.4</ele>
      </trkpt>
      <trkpt lat="37.572303" lon="126.722001">
        <ele>22.5</ele>
      </trkpt>
      <trkpt lat="37.572298" lon="126.722057">
        <ele>22.5</ele>
      </trkpt>
      <trkpt lat="37.572293" lon="126.722114">
        <ele>22.6</ele>
      </trkpt>
      <trkpt lat="37.572289" lon="126.722170">
        <ele>22.7</ele>
      </trkpt>
      <trkpt lat="37.572284" lon="126.722226">
        <ele>22.7</ele>
      </trkpt>
      <trkpt lat="37.572279" lon="126.722283">
        <ele>22.8</ele>
      </trkpt>
      <trkpt lat="37.572277" lon="126.722340">
        <ele>22.8</ele>
      </trkpt>
      <trkpt lat="37.572276" lon="126.722396">
        <ele>22.9</ele>
      </trkpt>
      <trkpt lat="37.572275" lon="126.722453">
        <ele>23.0</ele>
      </trkpt>
      <trkpt lat="37.572277" lon="126.722510">
        <ele>22.7</ele>
      </trkpt>
      <trkpt lat="37.572281" lon="126.722566">
        <ele>22.3</ele>
      </trkpt>
      <trkpt lat="37.572285" lon="126.722623">
        <ele>21.8</ele>
      </trkpt>
      <trkpt lat="37.572284" lon="126.722609">
        <ele>22.6</ele>
      </trkpt>
      <trkpt lat="37.572280" lon="126.722553">
        <ele>22.7</ele>
      </trkpt>
      <trkpt lat="37.572276" lon="126.722496">
        <ele>22.9</ele>
      </trkpt>
      <trkpt lat="37.572276" lon="126.722440">
        <ele>23.0</ele>
      </trkpt>
      <trkpt lat="37.572277" lon="126.722383">
        <ele>22.9</ele>
      </trkpt>
      <trkpt lat="37.572278" lon="126.722326">
        <ele>22.8</ele>
      </trkpt>
      <trkpt lat="37.572281" lon="126.722270">
        <ele>22.8</ele>
      </trkpt>
      <trkpt lat="37.572285" lon="126.722213">
        <ele>22.7</ele>
      </trkpt>
      <trkpt lat="37.572290" lon="126.722157">
        <ele>22.6</ele>
      </trkpt>
      <trkpt lat="37.572295" lon="126.722100">
        <ele>22.6</ele>
      </trkpt>
      <trkpt lat="37.572299" lon="126.722044">
        <ele>22.5</ele>
      </trkpt>
      <trkpt lat="37.572304" lon="126.721987">
        <ele>22.5</ele>
      </trkpt>
      <trkpt lat="37.572308" lon="126.721931">
        <ele>22.4</ele>
      </trkpt>
      <trkpt lat="37.572313" lon="126.721875">
        <ele>22.3</ele>
      </trkpt>
      <trkpt lat="37.572317" lon="126.721818">
        <ele>22.3</ele>
      </trkpt>
      <trkpt lat="37.572355" lon="126.721812">
        <ele>22.3</ele>
      </trkpt>
      <trkpt lat="37.572327" lon="126.721810">
        <ele>22.3</ele>
      </trkpt>
      <trkpt lat="37.572319" lon="126.721765">
        <ele>22.3</ele>
      </trkpt>
      <trkpt lat="37.572321" lon="126.721709">
        <ele>22.3</ele>
      </trkpt>
      <trkpt lat="37.572324" lon="126.721652">
        <ele>22.3</ele>
      </trkpt>
      <trkpt lat="37.572324" lon="126.721595">
        <ele>22.3</ele>
      </trkpt>
      <trkpt lat="37.572321" lon="126.721539">
        <ele>22.3</ele>
      </trkpt>
      <trkpt lat="37.572318" lon="126.721482">
        <ele>22.3</ele>
      </trkpt>
      <trkpt lat="37.572315" lon="126.721426">
        <ele>22.3</ele>
      </trkpt>
      <trkpt lat="37.572312" lon="126.721369">
        <ele>22.3</ele>
      </trkpt>
      <trkpt lat="37.572309" lon="126.721312">
        <ele>22.3</ele>
      </trkpt>
      <trkpt lat="37.572306" lon="126.721256">
        <ele>22.3</ele>
      </trkpt>
      <trkpt lat="37.572302" lon="126.721199">
        <ele>22.3</ele>
      </trkpt>
      <trkpt lat="37.572299" lon="126.721142">
        <ele>22.3</ele>
      </trkpt>
      <trkpt lat="37.572296" lon="126.721086">
        <ele>22.3</ele>
      </trkpt>
      <trkpt lat="37.572293" lon="126.721029">
        <ele>22.3</ele>
      </trkpt>
      <trkpt lat="37.572290" lon="126.720973">
        <ele>22.3</ele>
      </trkpt>
      <trkpt lat="37.572287" lon="126.720916">
        <ele>22.3</ele>
      </trkpt>
      <trkpt lat="37.572284" lon="126.720859">
        <ele>22.3</ele>
      </trkpt>
      <trkpt lat="37.572281" lon="126.720803">
        <ele>22.3</ele>
      </trkpt>
      <trkpt lat="37.572278" lon="126.720746">
        <ele>22.3</ele>
      </trkpt>
      <trkpt lat="37.572275" lon="126.720690">
        <ele>22.3</ele>
      </trkpt>
      <trkpt lat="37.572272" lon="126.720633">
        <ele>22.3</ele>
      </trkpt>
      <trkpt lat="37.572269" lon="126.720576">
        <ele>22.3</ele>
      </trkpt>
      <trkpt lat="37.572267" lon="126.720520">
        <ele>22.3</ele>
      </trkpt>
      <trkpt lat="37.572264" lon="126.720463">
        <ele>22.4</ele>
      </trkpt>
      <trkpt lat="37.572261" lon="126.720407">
        <ele>22.4</ele>
      </trkpt>
      <trkpt lat="37.572259" lon="126.720350">
        <ele>22.5</ele>
      </trkpt>
      <trkpt lat="37.572256" lon="126.720293">
        <ele>22.5</ele>
      </trkpt>
      <trkpt lat="37.572253" lon="126.720237">
        <ele>22.5</ele>
      </trkpt>
      <trkpt lat="37.572251" lon="126.720180">
        <ele>22.6</ele>
      </trkpt>
      <trkpt lat="37.572248" lon="126.720123">
        <ele>22.6</ele>
      </trkpt>
      <trkpt lat="37.572245" lon="126.720067">
        <ele>22.6</ele>
      </trkpt>
      <trkpt lat="37.572243" lon="126.720010">
        <ele>22.7</ele>
      </trkpt>
      <trkpt lat="37.572240" lon="126.719953">
        <ele>22.7</ele>
      </trkpt>
      <trkpt lat="37.572237" lon="126.719897">
        <ele>22.7</ele>
      </trkpt>
      <trkpt lat="37.572235" lon="126.719840">
        <ele>22.8</ele>
      </trkpt>
      <trkpt lat="37.572232" lon="126.719784">
        <ele>22.8</ele>
      </trkpt>
      <trkpt lat="37.572229" lon="126.719727">
        <ele>22.8</ele>
      </trkpt>
      <trkpt lat="37.572227" lon="126.719670">
        <ele>22.9</ele>
      </trkpt>
      <trkpt lat="37.572224" lon="126.719614">
        <ele>22.9</ele>
      </trkpt>
      <trkpt lat="37.572221" lon="126.719557">
        <ele>22.9</ele>
      </trkpt>
      <trkpt lat="37.572219" lon="126.719500">
        <ele>23.0</ele>
      </trkpt>
      <trkpt lat="37.572216" lon="126.719444">
        <ele>23.0</ele>
      </trkpt>
      <trkpt lat="37.572213" lon="126.719387">
        <ele>23.1</ele>
      </trkpt>
      <trkpt lat="37.572211" lon="126.719330">
        <ele>23.1</ele>
      </trkpt>
      <trkpt lat="37.572208" lon="126.719274">
        <ele>23.1</ele>
      </trkpt>
      <trkpt lat="37.572205" lon="126.719217">
        <ele>23.2</ele>
      </trkpt>
      <trkpt lat="37.572203" lon="126.719161">
        <ele>23.2</ele>
      </trkpt>
      <trkpt lat="37.572200" lon="126.719104">
        <ele>23.2</ele>
      </trkpt>
      <trkpt lat="37.572197" lon="126.719047">
        <ele>23.3</ele>
      </trkpt>
      <trkpt lat="37.572195" lon="126.718991">
        <ele>23.3</ele>
      </trkpt>
      <trkpt lat="37.572192" lon="126.718934">
        <ele>23.3</ele>
      </trkpt>
      <trkpt lat="37.572189" lon="126.718877">
        <ele>23.4</ele>
      </trkpt>
      <trkpt lat="37.572187" lon="126.718821">
        <ele>23.4</ele>
      </trkpt>
      <trkpt lat="37.572184" lon="126.718764">
        <ele>23.4</ele>
      </trkpt>
      <trkpt lat="37.572181" lon="126.718708">
        <ele>23.5</ele>
      </trkpt>
      <trkpt lat="37.572179" lon="126.718651">
        <ele>23.5</ele>
      </trkpt>
      <trkpt lat="37.572176" lon="126.718594">
        <ele>23.6</ele>
      </trkpt>
      <trkpt lat="37.572173" lon="126.718538">
        <ele>23.6</ele>
      </trkpt>
      <trkpt lat="37.572171" lon="126.718481">
        <ele>23.6</ele>
      </trkpt>
      <trkpt lat="37.572168" lon="126.718424">
        <ele>23.7</ele>
      </trkpt>
      <trkpt lat="37.572165" lon="126.718368">
        <ele>23.7</ele>
      </trkpt>
      <trkpt lat="37.572163" lon="126.718311">
        <ele>23.7</ele>
      </trkpt>
      <trkpt lat="37.572160" lon="126.718254">
        <ele>23.8</ele>
      </trkpt>
      <trkpt lat="37.572158" lon="126.718198">
        <ele>23.8</ele>
      </trkpt>
      <trkpt lat="37.572155" lon="126.718141">
        <ele>23.8</ele>
      </trkpt>
      <trkpt lat="37.572152" lon="126.718085">
        <ele>23.9</ele>
      </trkpt>
      <trkpt lat="37.572150" lon="126.718028">
        <ele>23.9</ele>
      </trkpt>
      <trkpt lat="37.572147" lon="126.717971">
        <ele>23.9</ele>
      </trkpt>
      <trkpt lat="37.572144" lon="126.717915">
        <ele>24.0</ele>
      </trkpt>
      <trkpt lat="37.572142" lon="126.717858">
        <ele>24.0</ele>
      </trkpt>
      <trkpt lat="37.572139" lon="126.717801">
        <ele>24.1</ele>
      </trkpt>
      <trkpt lat="37.572136" lon="126.717745">
        <ele>24.1</ele>
      </trkpt>
      <trkpt lat="37.572134" lon="126.717688">
        <ele>24.1</ele>
      </trkpt>
      <trkpt lat="37.572131" lon="126.717631">
        <ele>24.2</ele>
      </trkpt>
      <trkpt lat="37.572128" lon="126.717575">
        <ele>24.2</ele>
      </trkpt>
      <trkpt lat="37.572126" lon="126.717518">
        <ele>24.2</ele>
      </trkpt>
      <trkpt lat="37.572123" lon="126.717462">
        <ele>24.3</ele>
      </trkpt>
      <trkpt lat="37.572120" lon="126.717405">
        <ele>24.3</ele>
      </trkpt>
      <trkpt lat="37.572118" lon="126.717348">
        <ele>24.3</ele>
      </trkpt>
      <trkpt lat="37.572115" lon="126.717292">
        <ele>24.4</ele>
      </trkpt>
      <trkpt lat="37.572112" lon="126.717235">
        <ele>24.4</ele>
      </trkpt>
      <trkpt lat="37.572110" lon="126.717178">
        <ele>24.4</ele>
      </trkpt>
      <trkpt lat="37.572107" lon="126.717122">
        <ele>24.5</ele>
      </trkpt>
      <trkpt lat="37.572104" lon="126.717065">
        <ele>24.5</ele>
      </trkpt>
      <trkpt lat="37.572102" lon="126.717008">
        <ele>24.5</ele>
      </trkpt>
      <trkpt lat="37.572099" lon="126.716952">
        <ele>24.6</ele>
      </trkpt>
      <trkpt lat="37.572096" lon="126.716895">
        <ele>24.6</ele>
      </trkpt>
      <trkpt lat="37.572094" lon="126.716839">
        <ele>24.7</ele>
      </trkpt>
      <trkpt lat="37.572091" lon="126.716782">
        <ele>24.7</ele>
      </trkpt>
      <trkpt lat="37.572088" lon="126.716725">
        <ele>24.7</ele>
      </trkpt>
      <trkpt lat="37.572086" lon="126.716669">
        <ele>24.8</ele>
      </trkpt>
      <trkpt lat="37.572083" lon="126.716612">
        <ele>24.8</ele>
      </trkpt>
      <trkpt lat="37.572080" lon="126.716555">
        <ele>24.8</ele>
      </trkpt>
      <trkpt lat="37.572078" lon="126.716499">
        <ele>24.9</ele>
      </trkpt>
      <trkpt lat="37.572075" lon="126.716442">
        <ele>24.9</ele>
      </trkpt>
      <trkpt lat="37.572073" lon="126.716385">
        <ele>24.9</ele>
      </trkpt>
      <trkpt lat="37.572070" lon="126.716329">
        <ele>24.9</ele>
      </trkpt>
      <trkpt lat="37.572068" lon="126.716272">
        <ele>25.0</ele>
      </trkpt>
      <trkpt lat="37.572065" lon="126.716216">
        <ele>25.0</ele>
      </trkpt>
      <trkpt lat="37.572063" lon="126.716159">
        <ele>25.0</ele>
      </trkpt>
      <trkpt lat="37.572060" lon="126.716102">
        <ele>25.0</ele>
      </trkpt>
      <trkpt lat="37.572058" lon="126.716046">
        <ele>25.1</ele>
      </trkpt>
      <trkpt lat="37.572055" lon="126.715989">
        <ele>25.1</ele>
      </trkpt>
      <trkpt lat="37.572053" lon="126.715932">
        <ele>25.1</ele>
      </trkpt>
      <trkpt lat="37.572050" lon="126.715876">
        <ele>25.2</ele>
      </trkpt>
      <trkpt lat="37.572047" lon="126.715819">
        <ele>25.2</ele>
      </trkpt>
      <trkpt lat="37.572045" lon="126.715762">
        <ele>25.2</ele>
      </trkpt>
      <trkpt lat="37.572042" lon="126.715706">
        <ele>25.2</ele>
      </trkpt>
      <trkpt lat="37.572040" lon="126.715649">
        <ele>25.3</ele>
      </trkpt>
      <trkpt lat="37.572037" lon="126.715592">
        <ele>25.3</ele>
      </trkpt>
      <trkpt lat="37.572035" lon="126.715536">
        <ele>25.3</ele>
      </trkpt>
      <trkpt lat="37.572032" lon="126.715479">
        <ele>25.3</ele>
      </trkpt>
      <trkpt lat="37.572030" lon="126.715423">
        <ele>25.4</ele>
      </trkpt>
      <trkpt lat="37.572027" lon="126.715366">
        <ele>25.4</ele>
      </trkpt>
      <trkpt lat="37.572025" lon="126.715309">
        <ele>25.4</ele>
      </trkpt>
      <trkpt lat="37.572022" lon="126.715253">
        <ele>25.5</ele>
      </trkpt>
      <trkpt lat="37.572019" lon="126.715196">
        <ele>25.5</ele>
      </trkpt>
      <trkpt lat="37.572017" lon="126.715139">
        <ele>25.5</ele>
      </trkpt>
      <trkpt lat="37.572014" lon="126.715083">
        <ele>25.5</ele>
      </trkpt>
      <trkpt lat="37.572012" lon="126.715026">
        <ele>25.6</ele>
      </trkpt>
      <trkpt lat="37.572009" lon="126.714969">
        <ele>25.6</ele>
      </trkpt>
      <trkpt lat="37.572007" lon="126.714913">
        <ele>25.6</ele>
      </trkpt>
      <trkpt lat="37.572004" lon="126.714856">
        <ele>25.7</ele>
      </trkpt>
      <trkpt lat="37.572002" lon="126.714799">
        <ele>25.7</ele>
      </trkpt>
      <trkpt lat="37.571999" lon="126.714743">
        <ele>25.7</ele>
      </trkpt>
      <trkpt lat="37.571997" lon="126.714686">
        <ele>25.7</ele>
      </trkpt>
      <trkpt lat="37.571994" lon="126.714630">
        <ele>25.8</ele>
      </trkpt>
      <trkpt lat="37.571992" lon="126.714573">
        <ele>25.8</ele>
      </trkpt>
      <trkpt lat="37.571989" lon="126.714516">
        <ele>25.8</ele>
      </trkpt>
      <trkpt lat="37.571986" lon="126.714460">
        <ele>25.8</ele>
      </trkpt>
      <trkpt lat="37.571984" lon="126.714403">
        <ele>25.9</ele>
      </trkpt>
      <trkpt lat="37.571981" lon="126.714346">
        <ele>25.9</ele>
      </trkpt>
      <trkpt lat="37.571979" lon="126.714290">
        <ele>25.9</ele>
      </trkpt>
      <trkpt lat="37.571976" lon="126.714233">
        <ele>26.0</ele>
      </trkpt>
      <trkpt lat="37.571974" lon="126.714176">
        <ele>26.0</ele>
      </trkpt>
      <trkpt lat="37.571971" lon="126.714120">
        <ele>26.0</ele>
      </trkpt>
      <trkpt lat="37.571969" lon="126.714063">
        <ele>26.0</ele>
      </trkpt>
      <trkpt lat="37.571966" lon="126.714006">
        <ele>26.1</ele>
      </trkpt>
      <trkpt lat="37.571964" lon="126.713950">
        <ele>26.1</ele>
      </trkpt>
      <trkpt lat="37.571961" lon="126.713893">
        <ele>26.1</ele>
      </trkpt>
      <trkpt lat="37.571959" lon="126.713837">
        <ele>26.1</ele>
      </trkpt>
      <trkpt lat="37.571956" lon="126.713780">
        <ele>26.2</ele>
      </trkpt>
      <trkpt lat="37.571953" lon="126.713723">
        <ele>26.2</ele>
      </trkpt>
      <trkpt lat="37.571951" lon="126.713667">
        <ele>26.2</ele>
      </trkpt>
      <trkpt lat="37.571948" lon="126.713610">
        <ele>26.3</ele>
      </trkpt>
      <trkpt lat="37.571946" lon="126.713553">
        <ele>26.3</ele>
      </trkpt>
      <trkpt lat="37.571943" lon="126.713497">
        <ele>26.3</ele>
      </trkpt>
      <trkpt lat="37.571941" lon="126.713440">
        <ele>26.3</ele>
      </trkpt>
      <trkpt lat="37.571938" lon="126.713383">
        <ele>26.4</ele>
      </trkpt>
      <trkpt lat="37.571936" lon="126.713327">
        <ele>26.4</ele>
      </trkpt>
      <trkpt lat="37.571933" lon="126.713270">
        <ele>26.4</ele>
      </trkpt>
      <trkpt lat="37.571931" lon="126.713213">
        <ele>26.4</ele>
      </trkpt>
      <trkpt lat="37.571928" lon="126.713157">
        <ele>26.5</ele>
      </trkpt>
      <trkpt lat="37.571926" lon="126.713100">
        <ele>26.5</ele>
      </trkpt>
      <trkpt lat="37.571923" lon="126.713044">
        <ele>26.5</ele>
      </trkpt>
      <trkpt lat="37.571920" lon="126.712987">
        <ele>26.6</ele>
      </trkpt>
      <trkpt lat="37.571918" lon="126.712930">
        <ele>26.6</ele>
      </trkpt>
      <trkpt lat="37.571915" lon="126.712874">
        <ele>26.6</ele>
      </trkpt>
      <trkpt lat="37.571913" lon="126.712817">
        <ele>26.6</ele>
      </trkpt>
      <trkpt lat="37.571910" lon="126.712760">
        <ele>26.7</ele>
      </trkpt>
      <trkpt lat="37.571908" lon="126.712704">
        <ele>26.7</ele>
      </trkpt>
      <trkpt lat="37.571905" lon="126.712647">
        <ele>26.7</ele>
      </trkpt>
      <trkpt lat="37.571903" lon="126.712590">
        <ele>26.8</ele>
      </trkpt>
      <trkpt lat="37.571900" lon="126.712534">
        <ele>26.8</ele>
      </trkpt>
      <trkpt lat="37.571898" lon="126.712477">
        <ele>26.8</ele>
      </trkpt>
      <trkpt lat="37.571895" lon="126.712420">
        <ele>26.8</ele>
      </trkpt>
      <trkpt lat="37.571893" lon="126.712364">
        <ele>26.9</ele>
      </trkpt>
      <trkpt lat="37.571890" lon="126.712307">
        <ele>26.9</ele>
      </trkpt>
      <trkpt lat="37.571887" lon="126.712251">
        <ele>26.9</ele>
      </trkpt>
      <trkpt lat="37.571885" lon="126.712194">
        <ele>26.9</ele>
      </trkpt>
      <trkpt lat="37.571882" lon="126.712137">
        <ele>27.0</ele>
      </trkpt>
      <trkpt lat="37.571880" lon="126.712081">
        <ele>27.0</ele>
      </trkpt>
      <trkpt lat="37.571877" lon="126.712024">
        <ele>27.0</ele>
      </trkpt>
      <trkpt lat="37.571875" lon="126.711967">
        <ele>27.1</ele>
      </trkpt>
      <trkpt lat="37.571872" lon="126.711911">
        <ele>27.1</ele>
      </trkpt>
      <trkpt lat="37.571870" lon="126.711854">
        <ele>27.1</ele>
      </trkpt>
      <trkpt lat="37.571867" lon="126.711797">
        <ele>27.1</ele>
      </trkpt>
      <trkpt lat="37.571865" lon="126.711741">
        <ele>27.2</ele>
      </trkpt>
      <trkpt lat="37.571862" lon="126.711684">
        <ele>27.2</ele>
      </trkpt>
      <trkpt lat="37.571860" lon="126.711627">
        <ele>27.2</ele>
      </trkpt>
      <trkpt lat="37.571857" lon="126.711571">
        <ele>27.2</ele>
      </trkpt>
      <trkpt lat="37.571854" lon="126.711514">
        <ele>27.3</ele>
      </trkpt>
      <trkpt lat="37.571852" lon="126.711458">
        <ele>27.3</ele>
      </trkpt>
      <trkpt lat="37.571849" lon="126.711401">
        <ele>27.3</ele>
      </trkpt>
      <trkpt lat="37.571847" lon="126.711344">
        <ele>27.4</ele>
      </trkpt>
      <trkpt lat="37.571844" lon="126.711288">
        <ele>27.4</ele>
      </trkpt>
      <trkpt lat="37.571842" lon="126.711231">
        <ele>27.4</ele>
      </trkpt>
      <trkpt lat="37.571839" lon="126.711174">
        <ele>27.4</ele>
      </trkpt>
      <trkpt lat="37.571837" lon="126.711118">
        <ele>27.5</ele>
      </trkpt>
      <trkpt lat="37.571834" lon="126.711061">
        <ele>27.5</ele>
      </trkpt>
      <trkpt lat="37.571832" lon="126.711004">
        <ele>27.5</ele>
      </trkpt>
      <trkpt lat="37.571829" lon="126.710948">
        <ele>27.5</ele>
      </trkpt>
      <trkpt lat="37.571827" lon="126.710891">
        <ele>27.6</ele>
      </trkpt>
      <trkpt lat="37.571824" lon="126.710835">
        <ele>27.6</ele>
      </trkpt>
      <trkpt lat="37.571821" lon="126.710778">
        <ele>27.6</ele>
      </trkpt>
      <trkpt lat="37.571819" lon="126.710721">
        <ele>27.7</ele>
      </trkpt>
      <trkpt lat="37.571816" lon="126.710665">
        <ele>27.7</ele>
      </trkpt>
      <trkpt lat="37.571814" lon="126.710608">
        <ele>27.7</ele>
      </trkpt>
      <trkpt lat="37.571811" lon="126.710551">
        <ele>27.7</ele>
      </trkpt>
      <trkpt lat="37.571809" lon="126.710495">
        <ele>27.8</ele>
      </trkpt>
      <trkpt lat="37.571806" lon="126.710438">
        <ele>27.8</ele>
      </trkpt>
      <trkpt lat="37.571804" lon="126.710381">
        <ele>27.8</ele>
      </trkpt>
      <trkpt lat="37.571801" lon="126.710325">
        <ele>27.9</ele>
      </trkpt>
      <trkpt lat="37.571799" lon="126.710268">
        <ele>27.9</ele>
      </trkpt>
      <trkpt lat="37.571796" lon="126.710211">
        <ele>27.9</ele>
      </trkpt>
      <trkpt lat="37.571794" lon="126.710155">
        <ele>27.9</ele>
      </trkpt>
      <trkpt lat="37.571791" lon="126.710098">
        <ele>28.0</ele>
      </trkpt>
      <trkpt lat="37.571788" lon="126.710042">
        <ele>28.0</ele>
      </trkpt>
      <trkpt lat="37.571786" lon="126.709985">
        <ele>28.0</ele>
      </trkpt>
      <trkpt lat="37.571783" lon="126.709928">
        <ele>28.0</ele>
      </trkpt>
      <trkpt lat="37.571781" lon="126.709872">
        <ele>28.1</ele>
      </trkpt>
      <trkpt lat="37.571778" lon="126.709815">
        <ele>28.1</ele>
      </trkpt>
      <trkpt lat="37.571776" lon="126.709758">
        <ele>28.1</ele>
      </trkpt>
      <trkpt lat="37.571773" lon="126.709702">
        <ele>28.2</ele>
      </trkpt>
      <trkpt lat="37.571771" lon="126.709645">
        <ele>28.2</ele>
      </trkpt>
      <trkpt lat="37.571768" lon="126.709588">
        <ele>28.2</ele>
      </trkpt>
      <trkpt lat="37.571766" lon="126.709532">
        <ele>28.2</ele>
      </trkpt>
      <trkpt lat="37.571763" lon="126.709475">
        <ele>28.3</ele>
      </trkpt>
      <trkpt lat="37.571761" lon="126.709418">
        <ele>28.3</ele>
      </trkpt>
      <trkpt lat="37.571758" lon="126.709362">
        <ele>28.3</ele>
      </trkpt>
      <trkpt lat="37.571756" lon="126.709305">
        <ele>28.3</ele>
      </trkpt>
      <trkpt lat="37.571753" lon="126.709249">
        <ele>28.3</ele>
      </trkpt>
      <trkpt lat="37.571750" lon="126.709192">
        <ele>28.3</ele>
      </trkpt>
      <trkpt lat="37.571748" lon="126.709135">
        <ele>28.3</ele>
      </trkpt>
      <trkpt lat="37.571745" lon="126.709079">
        <ele>28.2</ele>
      </trkpt>
      <trkpt lat="37.571743" lon="126.709022">
        <ele>28.2</ele>
      </trkpt>
      <trkpt lat="37.571740" lon="126.708965">
        <ele>28.2</ele>
      </trkpt>
      <trkpt lat="37.571738" lon="126.708909">
        <ele>28.2</ele>
      </trkpt>
      <trkpt lat="37.571735" lon="126.708852">
        <ele>28.2</ele>
      </trkpt>
      <trkpt lat="37.571733" lon="126.708795">
        <ele>28.2</ele>
      </trkpt>
      <trkpt lat="37.571730" lon="126.708739">
        <ele>28.2</ele>
      </trkpt>
      <trkpt lat="37.571728" lon="126.708682">
        <ele>28.2</ele>
      </trkpt>
      <trkpt lat="37.571725" lon="126.708625">
        <ele>28.2</ele>
      </trkpt>
      <trkpt lat="37.571723" lon="126.708569">
        <ele>28.2</ele>
      </trkpt>
      <trkpt lat="37.571720" lon="126.708512">
        <ele>28.2</ele>
      </trkpt>
      <trkpt lat="37.571718" lon="126.708455">
        <ele>28.1</ele>
      </trkpt>
      <trkpt lat="37.571715" lon="126.708399">
        <ele>28.1</ele>
      </trkpt>
      <trkpt lat="37.571713" lon="126.708342">
        <ele>28.1</ele>
      </trkpt>
      <trkpt lat="37.571710" lon="126.708286">
        <ele>28.1</ele>
      </trkpt>
      <trkpt lat="37.571708" lon="126.708229">
        <ele>28.1</ele>
      </trkpt>
      <trkpt lat="37.571705" lon="126.708172">
        <ele>28.1</ele>
      </trkpt>
      <trkpt lat="37.571703" lon="126.708116">
        <ele>28.1</ele>
      </trkpt>
      <trkpt lat="37.571700" lon="126.708059">
        <ele>28.1</ele>
      </trkpt>
      <trkpt lat="37.571698" lon="126.708002">
        <ele>28.1</ele>
      </trkpt>
      <trkpt lat="37.571695" lon="126.707946">
        <ele>28.1</ele>
      </trkpt>
      <trkpt lat="37.571693" lon="126.707889">
        <ele>28.0</ele>
      </trkpt>
      <trkpt lat="37.571690" lon="126.707832">
        <ele>28.0</ele>
      </trkpt>
      <trkpt lat="37.571688" lon="126.707776">
        <ele>28.0</ele>
      </trkpt>
      <trkpt lat="37.571685" lon="126.707719">
        <ele>28.0</ele>
      </trkpt>
      <trkpt lat="37.571683" lon="126.707662">
        <ele>28.0</ele>
      </trkpt>
      <trkpt lat="37.571680" lon="126.707606">
        <ele>28.0</ele>
      </trkpt>
      <trkpt lat="37.571678" lon="126.707549">
        <ele>28.0</ele>
      </trkpt>
      <trkpt lat="37.571675" lon="126.707493">
        <ele>28.0</ele>
      </trkpt>
      <trkpt lat="37.571673" lon="126.707436">
        <ele>28.0</ele>
      </trkpt>
      <trkpt lat="37.571670" lon="126.707379">
        <ele>28.0</ele>
      </trkpt>
      <trkpt lat="37.571668" lon="126.707323">
        <ele>28.0</ele>
      </trkpt>
      <trkpt lat="37.571665" lon="126.707266">
        <ele>27.9</ele>
      </trkpt>
      <trkpt lat="37.571663" lon="126.707209">
        <ele>27.9</ele>
      </trkpt>
      <trkpt lat="37.571660" lon="126.707153">
        <ele>27.9</ele>
      </trkpt>
      <trkpt lat="37.571658" lon="126.707096">
        <ele>27.9</ele>
      </trkpt>
      <trkpt lat="37.571655" lon="126.707039">
        <ele>27.9</ele>
      </trkpt>
      <trkpt lat="37.571653" lon="126.706983">
        <ele>27.9</ele>
      </trkpt>
      <trkpt lat="37.571650" lon="126.706926">
        <ele>27.9</ele>
      </trkpt>
      <trkpt lat="37.571647" lon="126.706869">
        <ele>27.9</ele>
      </trkpt>
      <trkpt lat="37.571645" lon="126.706813">
        <ele>27.9</ele>
      </trkpt>
      <trkpt lat="37.571642" lon="126.706756">
        <ele>27.9</ele>
      </trkpt>
      <trkpt lat="37.571640" lon="126.706700">
        <ele>27.8</ele>
      </trkpt>
      <trkpt lat="37.571637" lon="126.706643">
        <ele>27.8</ele>
      </trkpt>
      <trkpt lat="37.571635" lon="126.706586">
        <ele>27.8</ele>
      </trkpt>
      <trkpt lat="37.571632" lon="126.706530">
        <ele>27.8</ele>
      </trkpt>
      <trkpt lat="37.571630" lon="126.706473">
        <ele>27.8</ele>
      </trkpt>
      <trkpt lat="37.571627" lon="126.706416">
        <ele>27.8</ele>
      </trkpt>
      <trkpt lat="37.571625" lon="126.706360">
        <ele>27.8</ele>
      </trkpt>
      <trkpt lat="37.571622" lon="126.706303">
        <ele>27.8</ele>
      </trkpt>
      <trkpt lat="37.571620" lon="126.706246">
        <ele>27.8</ele>
      </trkpt>
      <trkpt lat="37.571617" lon="126.706190">
        <ele>27.8</ele>
      </trkpt>
      <trkpt lat="37.571615" lon="126.706133">
        <ele>27.8</ele>
      </trkpt>
      <trkpt lat="37.571612" lon="126.706076">
        <ele>27.7</ele>
      </trkpt>
      <trkpt lat="37.571610" lon="126.706020">
        <ele>27.7</ele>
      </trkpt>
      <trkpt lat="37.571607" lon="126.705963">
        <ele>27.7</ele>
      </trkpt>
      <trkpt lat="37.571605" lon="126.705906">
        <ele>27.7</ele>
      </trkpt>
      <trkpt lat="37.571602" lon="126.705850">
        <ele>27.7</ele>
      </trkpt>
      <trkpt lat="37.571600" lon="126.705793">
        <ele>27.7</ele>
      </trkpt>
      <trkpt lat="37.571597" lon="126.705737">
        <ele>27.7</ele>
      </trkpt>
      <trkpt lat="37.571595" lon="126.705680">
        <ele>27.7</ele>
      </trkpt>
      <trkpt lat="37.571592" lon="126.705623">
        <ele>27.7</ele>
      </trkpt>
      <trkpt lat="37.571590" lon="126.705567">
        <ele>27.7</ele>
      </trkpt>
      <trkpt lat="37.571587" lon="126.705510">
        <ele>27.6</ele>
      </trkpt>
      <trkpt lat="37.571585" lon="126.705453">
        <ele>27.6</ele>
      </trkpt>
      <trkpt lat="37.571582" lon="126.705397">
        <ele>27.6</ele>
      </trkpt>
      <trkpt lat="37.571580" lon="126.705340">
        <ele>27.6</ele>
      </trkpt>
      <trkpt lat="37.571577" lon="126.705283">
        <ele>27.6</ele>
      </trkpt>
      <trkpt lat="37.571575" lon="126.705227">
        <ele>27.6</ele>
      </trkpt>
      <trkpt lat="37.571572" lon="126.705170">
        <ele>27.6</ele>
      </trkpt>
      <trkpt lat="37.571570" lon="126.705113">
        <ele>27.6</ele>
      </trkpt>
      <trkpt lat="37.571567" lon="126.705057">
        <ele>27.6</ele>
      </trkpt>
      <trkpt lat="37.571565" lon="126.705000">
        <ele>27.6</ele>
      </trkpt>
      <trkpt lat="37.571562" lon="126.704944">
        <ele>27.6</ele>
      </trkpt>
      <trkpt lat="37.571560" lon="126.704887">
        <ele>27.5</ele>
      </trkpt>
      <trkpt lat="37.571557" lon="126.704830">
        <ele>27.5</ele>
      </trkpt>
      <trkpt lat="37.571555" lon="126.704774">
        <ele>27.5</ele>
      </trkpt>
      <trkpt lat="37.571552" lon="126.704717">
        <ele>27.5</ele>
      </trkpt>
      <trkpt lat="37.571550" lon="126.704660">
        <ele>27.5</ele>
      </trkpt>
      <trkpt lat="37.571547" lon="126.704604">
        <ele>27.5</ele>
      </trkpt>
      <trkpt lat="37.571544" lon="126.704547">
        <ele>27.5</ele>
      </trkpt>
      <trkpt lat="37.571542" lon="126.704490">
        <ele>27.5</ele>
      </trkpt>
      <trkpt lat="37.571539" lon="126.704434">
        <ele>27.5</ele>
      </trkpt>
      <trkpt lat="37.571537" lon="126.704377">
        <ele>27.5</ele>
      </trkpt>
      <trkpt lat="37.571534" lon="126.704320">
        <ele>27.4</ele>
      </trkpt>
      <trkpt lat="37.571532" lon="126.704264">
        <ele>27.4</ele>
      </trkpt>
      <trkpt lat="37.571529" lon="126.704207">
        <ele>27.4</ele>
      </trkpt>
      <trkpt lat="37.571527" lon="126.704151">
        <ele>27.4</ele>
      </trkpt>
      <trkpt lat="37.571524" lon="126.704094">
        <ele>27.4</ele>
      </trkpt>
      <trkpt lat="37.571522" lon="126.704037">
        <ele>27.4</ele>
      </trkpt>
      <trkpt lat="37.571519" lon="126.703981">
        <ele>27.4</ele>
      </trkpt>
      <trkpt lat="37.571517" lon="126.703924">
        <ele>27.4</ele>
      </trkpt>
      <trkpt lat="37.571514" lon="126.703867">
        <ele>27.4</ele>
      </trkpt>
      <trkpt lat="37.571512" lon="126.703811">
        <ele>27.4</ele>
      </trkpt>
      <trkpt lat="37.571509" lon="126.703754">
        <ele>27.4</ele>
      </trkpt>
      <trkpt lat="37.571507" lon="126.703697">
        <ele>27.3</ele>
      </trkpt>
      <trkpt lat="37.571504" lon="126.703641">
        <ele>27.3</ele>
      </trkpt>
      <trkpt lat="37.571502" lon="126.703584">
        <ele>27.3</ele>
      </trkpt>
      <trkpt lat="37.571499" lon="126.703527">
        <ele>27.3</ele>
      </trkpt>
      <trkpt lat="37.571497" lon="126.703471">
        <ele>27.3</ele>
      </trkpt>
      <trkpt lat="37.571497" lon="126.703417">
        <ele>27.3</ele>
      </trkpt>
      <trkpt lat="37.571495" lon="126.703360">
        <ele>27.2</ele>
      </trkpt>
      <trkpt lat="37.571492" lon="126.703303">
        <ele>27.2</ele>
      </trkpt>
      <trkpt lat="37.571490" lon="126.703247">
        <ele>27.2</ele>
      </trkpt>
      <trkpt lat="37.571487" lon="126.703190">
        <ele>27.1</ele>
      </trkpt>
      <trkpt lat="37.571484" lon="126.703133">
        <ele>27.1</ele>
      </trkpt>
      <trkpt lat="37.571482" lon="126.703077">
        <ele>27.0</ele>
      </trkpt>
      <trkpt lat="37.571479" lon="126.703020">
        <ele>27.0</ele>
      </trkpt>
      <trkpt lat="37.571477" lon="126.702964">
        <ele>27.0</ele>
      </trkpt>
      <trkpt lat="37.571474" lon="126.702907">
        <ele>26.9</ele>
      </trkpt>
      <trkpt lat="37.571472" lon="126.702850">
        <ele>26.9</ele>
      </trkpt>
      <trkpt lat="37.571469" lon="126.702794">
        <ele>26.8</ele>
      </trkpt>
      <trkpt lat="37.571466" lon="126.702737">
        <ele>26.8</ele>
      </trkpt>
      <trkpt lat="37.571464" lon="126.702680">
        <ele>26.8</ele>
      </trkpt>
      <trkpt lat="37.571461" lon="126.702624">
        <ele>26.7</ele>
      </trkpt>
      <trkpt lat="37.571459" lon="126.702567">
        <ele>26.7</ele>
      </trkpt>
      <trkpt lat="37.571456" lon="126.702510">
        <ele>26.6</ele>
      </trkpt>
      <trkpt lat="37.571454" lon="126.702454">
        <ele>26.6</ele>
      </trkpt>
      <trkpt lat="37.571451" lon="126.702397">
        <ele>26.6</ele>
      </trkpt>
      <trkpt lat="37.571448" lon="126.702340">
        <ele>26.5</ele>
      </trkpt>
      <trkpt lat="37.571446" lon="126.702284">
        <ele>26.5</ele>
      </trkpt>
      <trkpt lat="37.571443" lon="126.702227">
        <ele>26.4</ele>
      </trkpt>
      <trkpt lat="37.571441" lon="126.702171">
        <ele>26.4</ele>
      </trkpt>
      <trkpt lat="37.571438" lon="126.702114">
        <ele>26.4</ele>
      </trkpt>
      <trkpt lat="37.571435" lon="126.702057">
        <ele>26.3</ele>
      </trkpt>
      <trkpt lat="37.571433" lon="126.702001">
        <ele>26.3</ele>
      </trkpt>
      <trkpt lat="37.571430" lon="126.701944">
        <ele>26.2</ele>
      </trkpt>
      <trkpt lat="37.571428" lon="126.701887">
        <ele>26.2</ele>
      </trkpt>
      <trkpt lat="37.571425" lon="126.701831">
        <ele>26.2</ele>
      </trkpt>
      <trkpt lat="37.571423" lon="126.701774">
        <ele>26.1</ele>
      </trkpt>
      <trkpt lat="37.571420" lon="126.701717">
        <ele>26.1</ele>
      </trkpt>
      <trkpt lat="37.571417" lon="126.701661">
        <ele>26.0</ele>
      </trkpt>
      <trkpt lat="37.571415" lon="126.701604">
        <ele>26.0</ele>
      </trkpt>
      <trkpt lat="37.571412" lon="126.701548">
        <ele>26.0</ele>
      </trkpt>
      <trkpt lat="37.571410" lon="126.701491">
        <ele>25.9</ele>
      </trkpt>
      <trkpt lat="37.571407" lon="126.701434">
        <ele>25.9</ele>
      </trkpt>
      <trkpt lat="37.571405" lon="126.701378">
        <ele>25.8</ele>
      </trkpt>
      <trkpt lat="37.571402" lon="126.701321">
        <ele>25.8</ele>
      </trkpt>
      <trkpt lat="37.571399" lon="126.701264">
        <ele>25.8</ele>
      </trkpt>
      <trkpt lat="37.571397" lon="126.701208">
        <ele>25.7</ele>
      </trkpt>
      <trkpt lat="37.571394" lon="126.701151">
        <ele>25.7</ele>
      </trkpt>
      <trkpt lat="37.571392" lon="126.701094">
        <ele>25.6</ele>
      </trkpt>
      <trkpt lat="37.571389" lon="126.701038">
        <ele>25.6</ele>
      </trkpt>
      <trkpt lat="37.571387" lon="126.700981">
        <ele>25.6</ele>
      </trkpt>
      <trkpt lat="37.571384" lon="126.700924">
        <ele>25.5</ele>
      </trkpt>
      <trkpt lat="37.571381" lon="126.700868">
        <ele>25.5</ele>
      </trkpt>
      <trkpt lat="37.571379" lon="126.700811">
        <ele>25.4</ele>
      </trkpt>
      <trkpt lat="37.571376" lon="126.700755">
        <ele>25.4</ele>
      </trkpt>
      <trkpt lat="37.571374" lon="126.700698">
        <ele>25.4</ele>
      </trkpt>
      <trkpt lat="37.571371" lon="126.700641">
        <ele>25.3</ele>
      </trkpt>
      <trkpt lat="37.571368" lon="126.700585">
        <ele>25.3</ele>
      </trkpt>
      <trkpt lat="37.571366" lon="126.700528">
        <ele>25.2</ele>
      </trkpt>
      <trkpt lat="37.571363" lon="126.700471">
        <ele>25.2</ele>
      </trkpt>
      <trkpt lat="37.571361" lon="126.700415">
        <ele>25.2</ele>
      </trkpt>
      <trkpt lat="37.571358" lon="126.700358">
        <ele>25.1</ele>
      </trkpt>
      <trkpt lat="37.571356" lon="126.700301">
        <ele>25.1</ele>
      </trkpt>
      <trkpt lat="37.571353" lon="126.700245">
        <ele>25.0</ele>
      </trkpt>
      <trkpt lat="37.571350" lon="126.700188">
        <ele>25.0</ele>
      </trkpt>
      <trkpt lat="37.571348" lon="126.700132">
        <ele>25.0</ele>
      </trkpt>
      <trkpt lat="37.571345" lon="126.700075">
        <ele>24.9</ele>
      </trkpt>
      <trkpt lat="37.571343" lon="126.700018">
        <ele>24.9</ele>
      </trkpt>
      <trkpt lat="37.571340" lon="126.699962">
        <ele>24.8</ele>
      </trkpt>
      <trkpt lat="37.571338" lon="126.699905">
        <ele>24.8</ele>
      </trkpt>
      <trkpt lat="37.571335" lon="126.699848">
        <ele>24.8</ele>
      </trkpt>
      <trkpt lat="37.571332" lon="126.699792">
        <ele>24.7</ele>
      </trkpt>
      <trkpt lat="37.571330" lon="126.699735">
        <ele>24.7</ele>
      </trkpt>
      <trkpt lat="37.571327" lon="126.699678">
        <ele>24.6</ele>
      </trkpt>
      <trkpt lat="37.571325" lon="126.699622">
        <ele>24.6</ele>
      </trkpt>
      <trkpt lat="37.571322" lon="126.699565">
        <ele>24.6</ele>
      </trkpt>
      <trkpt lat="37.571320" lon="126.699509">
        <ele>24.5</ele>
      </trkpt>
      <trkpt lat="37.571317" lon="126.699452">
        <ele>24.5</ele>
      </trkpt>
      <trkpt lat="37.571314" lon="126.699395">
        <ele>24.4</ele>
      </trkpt>
      <trkpt lat="37.571312" lon="126.699339">
        <ele>24.4</ele>
      </trkpt>
      <trkpt lat="37.571309" lon="126.699282">
        <ele>24.4</ele>
      </trkpt>
      <trkpt lat="37.571307" lon="126.699225">
        <ele>24.3</ele>
      </trkpt>
      <trkpt lat="37.571304" lon="126.699169">
        <ele>24.3</ele>
      </trkpt>
      <trkpt lat="37.571301" lon="126.699112">
        <ele>24.2</ele>
      </trkpt>
      <trkpt lat="37.571299" lon="126.699055">
        <ele>24.2</ele>
      </trkpt>
      <trkpt lat="37.571296" lon="126.698999">
        <ele>24.2</ele>
      </trkpt>
      <trkpt lat="37.571294" lon="126.698942">
        <ele>24.1</ele>
      </trkpt>
      <trkpt lat="37.571291" lon="126.698885">
        <ele>24.1</ele>
      </trkpt>
      <trkpt lat="37.571289" lon="126.698829">
        <ele>24.0</ele>
      </trkpt>
      <trkpt lat="37.571286" lon="126.698772">
        <ele>24.0</ele>
      </trkpt>
      <trkpt lat="37.571283" lon="126.698716">
        <ele>24.0</ele>
      </trkpt>
      <trkpt lat="37.571281" lon="126.698659">
        <ele>23.9</ele>
      </trkpt>
      <trkpt lat="37.571278" lon="126.698602">
        <ele>23.9</ele>
      </trkpt>
      <trkpt lat="37.571276" lon="126.698546">
        <ele>23.8</ele>
      </trkpt>
      <trkpt lat="37.571273" lon="126.698489">
        <ele>23.8</ele>
      </trkpt>
      <trkpt lat="37.571271" lon="126.698432">
        <ele>23.8</ele>
      </trkpt>
      <trkpt lat="37.571268" lon="126.698376">
        <ele>23.7</ele>
      </trkpt>
      <trkpt lat="37.571265" lon="126.698319">
        <ele>23.7</ele>
      </trkpt>
      <trkpt lat="37.571263" lon="126.698262">
        <ele>23.6</ele>
      </trkpt>
      <trkpt lat="37.571260" lon="126.698206">
        <ele>23.6</ele>
      </trkpt>
      <trkpt lat="37.571258" lon="126.698149">
        <ele>23.6</ele>
      </trkpt>
      <trkpt lat="37.571255" lon="126.698093">
        <ele>23.5</ele>
      </trkpt>
      <trkpt lat="37.571253" lon="126.698036">
        <ele>23.5</ele>
      </trkpt>
      <trkpt lat="37.571250" lon="126.697979">
        <ele>23.4</ele>
      </trkpt>
      <trkpt lat="37.571247" lon="126.697923">
        <ele>23.4</ele>
      </trkpt>
      <trkpt lat="37.571245" lon="126.697866">
        <ele>23.4</ele>
      </trkpt>
      <trkpt lat="37.571242" lon="126.697809">
        <ele>23.3</ele>
      </trkpt>
      <trkpt lat="37.571240" lon="126.697753">
        <ele>23.3</ele>
      </trkpt>
      <trkpt lat="37.571237" lon="126.697696">
        <ele>23.2</ele>
      </trkpt>
      <trkpt lat="37.571235" lon="126.697639">
        <ele>23.2</ele>
      </trkpt>
      <trkpt lat="37.571232" lon="126.697583">
        <ele>23.2</ele>
      </trkpt>
      <trkpt lat="37.571229" lon="126.697526">
        <ele>23.1</ele>
      </trkpt>
      <trkpt lat="37.571227" lon="126.697469">
        <ele>23.1</ele>
      </trkpt>
      <trkpt lat="37.571224" lon="126.697413">
        <ele>23.1</ele>
      </trkpt>
      <trkpt lat="37.571222" lon="126.697356">
        <ele>23.0</ele>
      </trkpt>
      <trkpt lat="37.571219" lon="126.697300">
        <ele>23.0</ele>
      </trkpt>
      <trkpt lat="37.571216" lon="126.697243">
        <ele>22.9</ele>
      </trkpt>
      <trkpt lat="37.571214" lon="126.697186">
        <ele>22.9</ele>
      </trkpt>
      <trkpt lat="37.571211" lon="126.697130">
        <ele>22.9</ele>
      </trkpt>
      <trkpt lat="37.571209" lon="126.697073">
        <ele>22.8</ele>
      </trkpt>
      <trkpt lat="37.571206" lon="126.697016">
        <ele>22.8</ele>
      </trkpt>
      <trkpt lat="37.571204" lon="126.696960">
        <ele>22.7</ele>
      </trkpt>
      <trkpt lat="37.571201" lon="126.696903">
        <ele>22.7</ele>
      </trkpt>
      <trkpt lat="37.571198" lon="126.696846">
        <ele>22.7</ele>
      </trkpt>
      <trkpt lat="37.571196" lon="126.696790">
        <ele>22.6</ele>
      </trkpt>
      <trkpt lat="37.571193" lon="126.696733">
        <ele>22.6</ele>
      </trkpt>
      <trkpt lat="37.571191" lon="126.696677">
        <ele>22.5</ele>
      </trkpt>
      <trkpt lat="37.571188" lon="126.696620">
        <ele>22.5</ele>
      </trkpt>
      <trkpt lat="37.571186" lon="126.696563">
        <ele>22.5</ele>
      </trkpt>
      <trkpt lat="37.571183" lon="126.696507">
        <ele>22.4</ele>
      </trkpt>
      <trkpt lat="37.571180" lon="126.696450">
        <ele>22.4</ele>
      </trkpt>
      <trkpt lat="37.571178" lon="126.696393">
        <ele>22.3</ele>
      </trkpt>
      <trkpt lat="37.571175" lon="126.696337">
        <ele>22.3</ele>
      </trkpt>
      <trkpt lat="37.571173" lon="126.696280">
        <ele>22.3</ele>
      </trkpt>
      <trkpt lat="37.571170" lon="126.696223">
        <ele>22.2</ele>
      </trkpt>
      <trkpt lat="37.571168" lon="126.696167">
        <ele>22.2</ele>
      </trkpt>
      <trkpt lat="37.571165" lon="126.696110">
        <ele>22.1</ele>
      </trkpt>
      <trkpt lat="37.571162" lon="126.696053">
        <ele>22.1</ele>
      </trkpt>
      <trkpt lat="37.571160" lon="126.695997">
        <ele>22.1</ele>
      </trkpt>
      <trkpt lat="37.571157" lon="126.695940">
        <ele>22.0</ele>
      </trkpt>
      <trkpt lat="37.571155" lon="126.695884">
        <ele>22.0</ele>
      </trkpt>
      <trkpt lat="37.571152" lon="126.695827">
        <ele>21.9</ele>
      </trkpt>
      <trkpt lat="37.571149" lon="126.695770">
        <ele>21.9</ele>
      </trkpt>
      <trkpt lat="37.571147" lon="126.695714">
        <ele>21.9</ele>
      </trkpt>
      <trkpt lat="37.571144" lon="126.695657">
        <ele>21.8</ele>
      </trkpt>
      <trkpt lat="37.571142" lon="126.695600">
        <ele>21.8</ele>
      </trkpt>
      <trkpt lat="37.571139" lon="126.695544">
        <ele>21.7</ele>
      </trkpt>
      <trkpt lat="37.571137" lon="126.695487">
        <ele>21.7</ele>
      </trkpt>
      <trkpt lat="37.571134" lon="126.695430">
        <ele>21.7</ele>
      </trkpt>
      <trkpt lat="37.571131" lon="126.695374">
        <ele>21.6</ele>
      </trkpt>
      <trkpt lat="37.571129" lon="126.695317">
        <ele>21.6</ele>
      </trkpt>
      <trkpt lat="37.571126" lon="126.695261">
        <ele>21.5</ele>
      </trkpt>
      <trkpt lat="37.571124" lon="126.695204">
        <ele>21.5</ele>
      </trkpt>
      <trkpt lat="37.571121" lon="126.695147">
        <ele>21.5</ele>
      </trkpt>
      <trkpt lat="37.571119" lon="126.695091">
        <ele>21.4</ele>
      </trkpt>
      <trkpt lat="37.571116" lon="126.695034">
        <ele>21.4</ele>
      </trkpt>
      <trkpt lat="37.571113" lon="126.694977">
        <ele>21.3</ele>
      </trkpt>
      <trkpt lat="37.571108" lon="126.694924">
        <ele>21.3</ele>
      </trkpt>
      <trkpt lat="37.571112" lon="126.694923">
        <ele>23.0</ele>
      </trkpt>
      <trkpt lat="37.571109" lon="126.694866">
        <ele>23.0</ele>
      </trkpt>
      <trkpt lat="37.571107" lon="126.694809">
        <ele>23.0</ele>
      </trkpt>
      <trkpt lat="37.571104" lon="126.694753">
        <ele>22.9</ele>
      </trkpt>
      <trkpt lat="37.571102" lon="126.694696">
        <ele>22.9</ele>
      </trkpt>
      <trkpt lat="37.571099" lon="126.694640">
        <ele>22.9</ele>
      </trkpt>
      <trkpt lat="37.571097" lon="126.694583">
        <ele>22.9</ele>
      </trkpt>
      <trkpt lat="37.571094" lon="126.694526">
        <ele>22.8</ele>
      </trkpt>
      <trkpt lat="37.571091" lon="126.694470">
        <ele>22.8</ele>
      </trkpt>
      <trkpt lat="37.571089" lon="126.694413">
        <ele>22.8</ele>
      </trkpt>
      <trkpt lat="37.571086" lon="126.694356">
        <ele>22.8</ele>
      </trkpt>
      <trkpt lat="37.571084" lon="126.694300">
        <ele>22.7</ele>
      </trkpt>
      <trkpt lat="37.571081" lon="126.694243">
        <ele>22.7</ele>
      </trkpt>
      <trkpt lat="37.571079" lon="126.694186">
        <ele>22.7</ele>
      </trkpt>
      <trkpt lat="37.571076" lon="126.694130">
        <ele>22.7</ele>
      </trkpt>
      <trkpt lat="37.571073" lon="126.694073">
        <ele>22.6</ele>
      </trkpt>
      <trkpt lat="37.571071" lon="126.694016">
        <ele>22.6</ele>
      </trkpt>
      <trkpt lat="37.571068" lon="126.693960">
        <ele>22.6</ele>
      </trkpt>
      <trkpt lat="37.571066" lon="126.693903">
        <ele>22.6</ele>
      </trkpt>
      <trkpt lat="37.571063" lon="126.693847">
        <ele>22.5</ele>
      </trkpt>
      <trkpt lat="37.571061" lon="126.693790">
        <ele>22.5</ele>
      </trkpt>
      <trkpt lat="37.571058" lon="126.693733">
        <ele>22.5</ele>
      </trkpt>
      <trkpt lat="37.571055" lon="126.693677">
        <ele>22.5</ele>
      </trkpt>
      <trkpt lat="37.571053" lon="126.693620">
        <ele>22.4</ele>
      </trkpt>
      <trkpt lat="37.571050" lon="126.693563">
        <ele>22.4</ele>
      </trkpt>
      <trkpt lat="37.571048" lon="126.693507">
        <ele>22.4</ele>
      </trkpt>
      <trkpt lat="37.571045" lon="126.693450">
        <ele>22.4</ele>
      </trkpt>
      <trkpt lat="37.571043" lon="126.693393">
        <ele>22.3</ele>
      </trkpt>
      <trkpt lat="37.571040" lon="126.693337">
        <ele>22.3</ele>
      </trkpt>
      <trkpt lat="37.571037" lon="126.693280">
        <ele>22.3</ele>
      </trkpt>
      <trkpt lat="37.571035" lon="126.693224">
        <ele>22.3</ele>
      </trkpt>
      <trkpt lat="37.571032" lon="126.693167">
        <ele>22.2</ele>
      </trkpt>
      <trkpt lat="37.571030" lon="126.693110">
        <ele>22.2</ele>
      </trkpt>
      <trkpt lat="37.571027" lon="126.693054">
        <ele>22.2</ele>
      </trkpt>
      <trkpt lat="37.571024" lon="126.692997">
        <ele>22.2</ele>
      </trkpt>
      <trkpt lat="37.571022" lon="126.692940">
        <ele>22.1</ele>
      </trkpt>
      <trkpt lat="37.571019" lon="126.692884">
        <ele>22.1</ele>
      </trkpt>
      <trkpt lat="37.571017" lon="126.692827">
        <ele>22.1</ele>
      </trkpt>
      <trkpt lat="37.571014" lon="126.692770">
        <ele>22.1</ele>
      </trkpt>
      <trkpt lat="37.571012" lon="126.692714">
        <ele>22.1</ele>
      </trkpt>
      <trkpt lat="37.571009" lon="126.692657">
        <ele>22.0</ele>
      </trkpt>
      <trkpt lat="37.571006" lon="126.692601">
        <ele>22.0</ele>
      </trkpt>
      <trkpt lat="37.571004" lon="126.692544">
        <ele>22.0</ele>
      </trkpt>
      <trkpt lat="37.571001" lon="126.692487">
        <ele>22.0</ele>
      </trkpt>
      <trkpt lat="37.570999" lon="126.692431">
        <ele>21.9</ele>
      </trkpt>
      <trkpt lat="37.570996" lon="126.692374">
        <ele>21.9</ele>
      </trkpt>
      <trkpt lat="37.570994" lon="126.692317">
        <ele>21.9</ele>
      </trkpt>
      <trkpt lat="37.570991" lon="126.692261">
        <ele>21.9</ele>
      </trkpt>
      <trkpt lat="37.570988" lon="126.692204">
        <ele>21.8</ele>
      </trkpt>
      <trkpt lat="37.570986" lon="126.692147">
        <ele>21.8</ele>
      </trkpt>
      <trkpt lat="37.570983" lon="126.692091">
        <ele>21.8</ele>
      </trkpt>
      <trkpt lat="37.570981" lon="126.692034">
        <ele>21.8</ele>
      </trkpt>
      <trkpt lat="37.570978" lon="126.691977">
        <ele>21.7</ele>
      </trkpt>
      <trkpt lat="37.570976" lon="126.691921">
        <ele>21.7</ele>
      </trkpt>
      <trkpt lat="37.570973" lon="126.691864">
        <ele>21.7</ele>
      </trkpt>
      <trkpt lat="37.570970" lon="126.691808">
        <ele>21.7</ele>
      </trkpt>
      <trkpt lat="37.570968" lon="126.691751">
        <ele>21.6</ele>
      </trkpt>
      <trkpt lat="37.570965" lon="126.691694">
        <ele>21.6</ele>
      </trkpt>
      <trkpt lat="37.570963" lon="126.691638">
        <ele>21.6</ele>
      </trkpt>
      <trkpt lat="37.570960" lon="126.691581">
        <ele>21.6</ele>
      </trkpt>
      <trkpt lat="37.570958" lon="126.691524">
        <ele>21.5</ele>
      </trkpt>
      <trkpt lat="37.570955" lon="126.691468">
        <ele>21.5</ele>
      </trkpt>
      <trkpt lat="37.570952" lon="126.691411">
        <ele>21.5</ele>
      </trkpt>
      <trkpt lat="37.570950" lon="126.691354">
        <ele>21.5</ele>
      </trkpt>
      <trkpt lat="37.570947" lon="126.691298">
        <ele>21.4</ele>
      </trkpt>
      <trkpt lat="37.570945" lon="126.691241">
        <ele>21.4</ele>
      </trkpt>
      <trkpt lat="37.570942" lon="126.691185">
        <ele>21.4</ele>
      </trkpt>
      <trkpt lat="37.570940" lon="126.691128">
        <ele>21.4</ele>
      </trkpt>
      <trkpt lat="37.570937" lon="126.691071">
        <ele>21.3</ele>
      </trkpt>
      <trkpt lat="37.570934" lon="126.691015">
        <ele>21.3</ele>
      </trkpt>
      <trkpt lat="37.570932" lon="126.690958">
        <ele>21.3</ele>
      </trkpt>
      <trkpt lat="37.570924" lon="126.690902">
        <ele>21.1</ele>
      </trkpt>
      <trkpt lat="37.570917" lon="126.690846">
        <ele>20.9</ele>
      </trkpt>
      <trkpt lat="37.570910" lon="126.690790">
        <ele>20.8</ele>
      </trkpt>
      <trkpt lat="37.570903" lon="126.690734">
        <ele>20.6</ele>
      </trkpt>
      <trkpt lat="37.570895" lon="126.690678">
        <ele>20.4</ele>
      </trkpt>
      <trkpt lat="37.570890" lon="126.690622">
        <ele>20.3</ele>
      </trkpt>
      <trkpt lat="37.570889" lon="126.690565">
        <ele>20.3</ele>
      </trkpt>
      <trkpt lat="37.570889" lon="126.690508">
        <ele>20.3</ele>
      </trkpt>
      <trkpt lat="37.570888" lon="126.690452">
        <ele>20.2</ele>
      </trkpt>
      <trkpt lat="37.570888" lon="126.690395">
        <ele>20.2</ele>
      </trkpt>
      <trkpt lat="37.570887" lon="126.690338">
        <ele>20.2</ele>
      </trkpt>
      <trkpt lat="37.570886" lon="126.690281">
        <ele>20.2</ele>
      </trkpt>
      <trkpt lat="37.570886" lon="126.690225">
        <ele>20.2</ele>
      </trkpt>
      <trkpt lat="37.570885" lon="126.690168">
        <ele>20.2</ele>
      </trkpt>
      <trkpt lat="37.570885" lon="126.690111">
        <ele>20.1</ele>
      </trkpt>
      <trkpt lat="37.570884" lon="126.690055">
        <ele>20.1</ele>
      </trkpt>
      <trkpt lat="37.570884" lon="126.689998">
        <ele>20.1</ele>
      </trkpt>
      <trkpt lat="37.570883" lon="126.689941">
        <ele>20.1</ele>
      </trkpt>
      <trkpt lat="37.570882" lon="126.689884">
        <ele>20.1</ele>
      </trkpt>
      <trkpt lat="37.570882" lon="126.689828">
        <ele>20.1</ele>
      </trkpt>
      <trkpt lat="37.570881" lon="126.689771">
        <ele>20.0</ele>
      </trkpt>
      <trkpt lat="37.570881" lon="126.689714">
        <ele>20.0</ele>
      </trkpt>
      <trkpt lat="37.570880" lon="126.689657">
        <ele>20.0</ele>
      </trkpt>
      <trkpt lat="37.570880" lon="126.689601">
        <ele>20.0</ele>
      </trkpt>
      <trkpt lat="37.570879" lon="126.689544">
        <ele>20.0</ele>
      </trkpt>
      <trkpt lat="37.570878" lon="126.689487">
        <ele>20.0</ele>
      </trkpt>
      <trkpt lat="37.570878" lon="126.689431">
        <ele>19.9</ele>
      </trkpt>
      <trkpt lat="37.570877" lon="126.689374">
        <ele>19.9</ele>
      </trkpt>
      <trkpt lat="37.570877" lon="126.689317">
        <ele>19.9</ele>
      </trkpt>
      <trkpt lat="37.570876" lon="126.689260">
        <ele>19.9</ele>
      </trkpt>
      <trkpt lat="37.570876" lon="126.689204">
        <ele>19.9</ele>
      </trkpt>
      <trkpt lat="37.570875" lon="126.689147">
        <ele>19.9</ele>
      </trkpt>
      <trkpt lat="37.570874" lon="126.689090">
        <ele>19.9</ele>
      </trkpt>
      <trkpt lat="37.570874" lon="126.689033">
        <ele>19.8</ele>
      </trkpt>
      <trkpt lat="37.570873" lon="126.688977">
        <ele>19.8</ele>
      </trkpt>
      <trkpt lat="37.570873" lon="126.688920">
        <ele>19.8</ele>
      </trkpt>
      <trkpt lat="37.570872" lon="126.688863">
        <ele>19.8</ele>
      </trkpt>
      <trkpt lat="37.570872" lon="126.688807">
        <ele>19.8</ele>
      </trkpt>
      <trkpt lat="37.570871" lon="126.688750">
        <ele>19.8</ele>
      </trkpt>
      <trkpt lat="37.570870" lon="126.688693">
        <ele>19.7</ele>
      </trkpt>
      <trkpt lat="37.570870" lon="126.688636">
        <ele>19.7</ele>
      </trkpt>
      <trkpt lat="37.570869" lon="126.688580">
        <ele>19.7</ele>
      </trkpt>
      <trkpt lat="37.570869" lon="126.688523">
        <ele>19.7</ele>
      </trkpt>
      <trkpt lat="37.570868" lon="126.688466">
        <ele>19.7</ele>
      </trkpt>
      <trkpt lat="37.570868" lon="126.688409">
        <ele>19.7</ele>
      </trkpt>
      <trkpt lat="37.570867" lon="126.688353">
        <ele>19.6</ele>
      </trkpt>
      <trkpt lat="37.570866" lon="126.688296">
        <ele>19.6</ele>
      </trkpt>
      <trkpt lat="37.570866" lon="126.688239">
        <ele>19.6</ele>
      </trkpt>
      <trkpt lat="37.570865" lon="126.688183">
        <ele>19.6</ele>
      </trkpt>
      <trkpt lat="37.570865" lon="126.688126">
        <ele>19.6</ele>
      </trkpt>
      <trkpt lat="37.570864" lon="126.688069">
        <ele>19.6</ele>
      </trkpt>
      <trkpt lat="37.570864" lon="126.688012">
        <ele>19.5</ele>
      </trkpt>
      <trkpt lat="37.570863" lon="126.687956">
        <ele>19.5</ele>
      </trkpt>
      <trkpt lat="37.570862" lon="126.687899">
        <ele>19.5</ele>
      </trkpt>
      <trkpt lat="37.570862" lon="126.687842">
        <ele>19.5</ele>
      </trkpt>
      <trkpt lat="37.570861" lon="126.687785">
        <ele>19.5</ele>
      </trkpt>
      <trkpt lat="37.570861" lon="126.687729">
        <ele>19.5</ele>
      </trkpt>
      <trkpt lat="37.570860" lon="126.687672">
        <ele>19.4</ele>
      </trkpt>
      <trkpt lat="37.570860" lon="126.687615">
        <ele>19.4</ele>
      </trkpt>
      <trkpt lat="37.570859" lon="126.687559">
        <ele>19.4</ele>
      </trkpt>
      <trkpt lat="37.570858" lon="126.687502">
        <ele>19.4</ele>
      </trkpt>
      <trkpt lat="37.570858" lon="126.687445">
        <ele>19.4</ele>
      </trkpt>
      <trkpt lat="37.570857" lon="126.687388">
        <ele>19.4</ele>
      </trkpt>
      <trkpt lat="37.570857" lon="126.687332">
        <ele>19.3</ele>
      </trkpt>
      <trkpt lat="37.570856" lon="126.687275">
        <ele>19.3</ele>
      </trkpt>
      <trkpt lat="37.570856" lon="126.687218">
        <ele>19.3</ele>
      </trkpt>
      <trkpt lat="37.570855" lon="126.687161">
        <ele>19.3</ele>
      </trkpt>
      <trkpt lat="37.570854" lon="126.687105">
        <ele>19.3</ele>
      </trkpt>
      <trkpt lat="37.570854" lon="126.687048">
        <ele>19.3</ele>
      </trkpt>
      <trkpt lat="37.570853" lon="126.686991">
        <ele>19.2</ele>
      </trkpt>
      <trkpt lat="37.570853" lon="126.686935">
        <ele>19.2</ele>
      </trkpt>
      <trkpt lat="37.570852" lon="126.686878">
        <ele>19.2</ele>
      </trkpt>
      <trkpt lat="37.570852" lon="126.686821">
        <ele>19.2</ele>
      </trkpt>
      <trkpt lat="37.570851" lon="126.686764">
        <ele>19.2</ele>
      </trkpt>
      <trkpt lat="37.570850" lon="126.686708">
        <ele>19.2</ele>
      </trkpt>
      <trkpt lat="37.570850" lon="126.686651">
        <ele>19.1</ele>
      </trkpt>
      <trkpt lat="37.570849" lon="126.686594">
        <ele>19.1</ele>
      </trkpt>
      <trkpt lat="37.570849" lon="126.686537">
        <ele>19.1</ele>
      </trkpt>
      <trkpt lat="37.570848" lon="126.686481">
        <ele>19.1</ele>
      </trkpt>
      <trkpt lat="37.570848" lon="126.686424">
        <ele>19.1</ele>
      </trkpt>
      <trkpt lat="37.570847" lon="126.686367">
        <ele>19.1</ele>
      </trkpt>
      <trkpt lat="37.570846" lon="126.686311">
        <ele>19.0</ele>
      </trkpt>
      <trkpt lat="37.570846" lon="126.686254">
        <ele>19.0</ele>
      </trkpt>
      <trkpt lat="37.570845" lon="126.686197">
        <ele>19.0</ele>
      </trkpt>
      <trkpt lat="37.570841" lon="126.686141">
        <ele>18.9</ele>
      </trkpt>
      <trkpt lat="37.570830" lon="126.686086">
        <ele>18.7</ele>
      </trkpt>
      <trkpt lat="37.570819" lon="126.686031">
        <ele>18.4</ele>
      </trkpt>
      <trkpt lat="37.570808" lon="126.685976">
        <ele>18.2</ele>
      </trkpt>
      <trkpt lat="37.570797" lon="126.685921">
        <ele>17.9</ele>
      </trkpt>
      <trkpt lat="37.570786" lon="126.685866">
        <ele>17.7</ele>
      </trkpt>
      <trkpt lat="37.570778" lon="126.685810">
        <ele>17.4</ele>
      </trkpt>
      <trkpt lat="37.570778" lon="126.685754">
        <ele>17.1</ele>
      </trkpt>
      <trkpt lat="37.570778" lon="126.685697">
        <ele>16.8</ele>
      </trkpt>
      <trkpt lat="37.570778" lon="126.685640">
        <ele>16.5</ele>
      </trkpt>
      <trkpt lat="37.570779" lon="126.685583">
        <ele>16.2</ele>
      </trkpt>
      <trkpt lat="37.570779" lon="126.685527">
        <ele>15.9</ele>
      </trkpt>
      <trkpt lat="37.570779" lon="126.685470">
        <ele>15.6</ele>
      </trkpt>
      <trkpt lat="37.570779" lon="126.685413">
        <ele>15.3</ele>
      </trkpt>
      <trkpt lat="37.570778" lon="126.685357">
        <ele>15.0</ele>
      </trkpt>
      <trkpt lat="37.570775" lon="126.685300">
        <ele>14.8</ele>
      </trkpt>
      <trkpt lat="37.570772" lon="126.685243">
        <ele>14.7</ele>
      </trkpt>
      <trkpt lat="37.570768" lon="126.685187">
        <ele>14.6</ele>
      </trkpt>
      <trkpt lat="37.570765" lon="126.685130">
        <ele>14.5</ele>
      </trkpt>
      <trkpt lat="37.570762" lon="126.685074">
        <ele>14.3</ele>
      </trkpt>
      <trkpt lat="37.570758" lon="126.685017">
        <ele>14.2</ele>
      </trkpt>
      <trkpt lat="37.570755" lon="126.684961">
        <ele>14.1</ele>
      </trkpt>
      <trkpt lat="37.570752" lon="126.684904">
        <ele>13.9</ele>
      </trkpt>
      <trkpt lat="37.570748" lon="126.684847">
        <ele>13.8</ele>
      </trkpt>
      <trkpt lat="37.570745" lon="126.684791">
        <ele>13.7</ele>
      </trkpt>
      <trkpt lat="37.570741" lon="126.684734">
        <ele>13.5</ele>
      </trkpt>
      <trkpt lat="37.570738" lon="126.684678">
        <ele>13.4</ele>
      </trkpt>
      <trkpt lat="37.570735" lon="126.684621">
        <ele>13.3</ele>
      </trkpt>
      <trkpt lat="37.570731" lon="126.684564">
        <ele>13.1</ele>
      </trkpt>
      <trkpt lat="37.570728" lon="126.684508">
        <ele>13.0</ele>
      </trkpt>
      <trkpt lat="37.570725" lon="126.684451">
        <ele>12.9</ele>
      </trkpt>
      <trkpt lat="37.570721" lon="126.684395">
        <ele>12.8</ele>
      </trkpt>
      <trkpt lat="37.570718" lon="126.684338">
        <ele>12.6</ele>
      </trkpt>
      <trkpt lat="37.570715" lon="126.684282">
        <ele>12.5</ele>
      </trkpt>
      <trkpt lat="37.570711" lon="126.684225">
        <ele>12.4</ele>
      </trkpt>
      <trkpt lat="37.570708" lon="126.684168">
        <ele>12.2</ele>
      </trkpt>
      <trkpt lat="37.570704" lon="126.684112">
        <ele>12.1</ele>
      </trkpt>
      <trkpt lat="37.570701" lon="126.684055">
        <ele>12.0</ele>
      </trkpt>
      <trkpt lat="37.570698" lon="126.683999">
        <ele>11.8</ele>
      </trkpt>
      <trkpt lat="37.570694" lon="126.683942">
        <ele>11.7</ele>
      </trkpt>
      <trkpt lat="37.570691" lon="126.683886">
        <ele>11.6</ele>
      </trkpt>
      <trkpt lat="37.570689" lon="126.683849">
        <ele>11.5</ele>
      </trkpt>
      <trkpt lat="37.570686" lon="126.683792">
        <ele>11.5</ele>
      </trkpt>
      <trkpt lat="37.570684" lon="126.683735">
        <ele>11.5</ele>
      </trkpt>
      <trkpt lat="37.570684" lon="126.683679">
        <ele>11.4</ele>
      </trkpt>
      <trkpt lat="37.570683" lon="126.683622">
        <ele>11.3</ele>
      </trkpt>
      <trkpt lat="37.570683" lon="126.683565">
        <ele>11.3</ele>
      </trkpt>
      <trkpt lat="37.570683" lon="126.683508">
        <ele>11.2</ele>
      </trkpt>
      <trkpt lat="37.570683" lon="126.683452">
        <ele>11.1</ele>
      </trkpt>
      <trkpt lat="37.570683" lon="126.683395">
        <ele>11.0</ele>
      </trkpt>
      <trkpt lat="37.570682" lon="126.683338">
        <ele>11.0</ele>
      </trkpt>
      <trkpt lat="37.570682" lon="126.683281">
        <ele>10.9</ele>
      </trkpt>
      <trkpt lat="37.570682" lon="126.683225">
        <ele>10.8</ele>
      </trkpt>
      <trkpt lat="37.570682" lon="126.683168">
        <ele>10.8</ele>
      </trkpt>
      <trkpt lat="37.570682" lon="126.683111">
        <ele>10.7</ele>
      </trkpt>
      <trkpt lat="37.570681" lon="126.683055">
        <ele>10.6</ele>
      </trkpt>
      <trkpt lat="37.570681" lon="126.682998">
        <ele>10.6</ele>
      </trkpt>
      <trkpt lat="37.570681" lon="126.682941">
        <ele>10.5</ele>
      </trkpt>
      <trkpt lat="37.570681" lon="126.682884">
        <ele>10.4</ele>
      </trkpt>
      <trkpt lat="37.570681" lon="126.682828">
        <ele>10.3</ele>
      </trkpt>
      <trkpt lat="37.570680" lon="126.682771">
        <ele>10.3</ele>
      </trkpt>
      <trkpt lat="37.570680" lon="126.682714">
        <ele>10.2</ele>
      </trkpt>
      <trkpt lat="37.570680" lon="126.682657">
        <ele>10.1</ele>
      </trkpt>
      <trkpt lat="37.570680" lon="126.682601">
        <ele>10.1</ele>
      </trkpt>
      <trkpt lat="37.570679" lon="126.682544">
        <ele>10.0</ele>
      </trkpt>
      <trkpt lat="37.570679" lon="126.682487">
        <ele>9.9</ele>
      </trkpt>
      <trkpt lat="37.570679" lon="126.682430">
        <ele>9.8</ele>
      </trkpt>
      <trkpt lat="37.570679" lon="126.682374">
        <ele>9.8</ele>
      </trkpt>
      <trkpt lat="37.570679" lon="126.682317">
        <ele>9.7</ele>
      </trkpt>
      <trkpt lat="37.570678" lon="126.682260">
        <ele>9.6</ele>
      </trkpt>
      <trkpt lat="37.570678" lon="126.682204">
        <ele>9.6</ele>
      </trkpt>
      <trkpt lat="37.570678" lon="126.682147">
        <ele>9.5</ele>
      </trkpt>
      <trkpt lat="37.570678" lon="126.682090">
        <ele>9.4</ele>
      </trkpt>
      <trkpt lat="37.570678" lon="126.682033">
        <ele>9.3</ele>
      </trkpt>
      <trkpt lat="37.570677" lon="126.681977">
        <ele>9.3</ele>
      </trkpt>
      <trkpt lat="37.570677" lon="126.681920">
        <ele>9.2</ele>
      </trkpt>
      <trkpt lat="37.570677" lon="126.681863">
        <ele>9.1</ele>
      </trkpt>
      <trkpt lat="37.570677" lon="126.681806">
        <ele>9.1</ele>
      </trkpt>
      <trkpt lat="37.570676" lon="126.681750">
        <ele>9.0</ele>
      </trkpt>
      <trkpt lat="37.570676" lon="126.681693">
        <ele>8.9</ele>
      </trkpt>
      <trkpt lat="37.570676" lon="126.681636">
        <ele>8.8</ele>
      </trkpt>
      <trkpt lat="37.570676" lon="126.681580">
        <ele>8.8</ele>
      </trkpt>
      <trkpt lat="37.570676" lon="126.681523">
        <ele>8.7</ele>
      </trkpt>
      <trkpt lat="37.570675" lon="126.681466">
        <ele>8.6</ele>
      </trkpt>
      <trkpt lat="37.570675" lon="126.681409">
        <ele>8.6</ele>
      </trkpt>
      <trkpt lat="37.570675" lon="126.681353">
        <ele>8.5</ele>
      </trkpt>
      <trkpt lat="37.570675" lon="126.681296">
        <ele>8.4</ele>
      </trkpt>
      <trkpt lat="37.570675" lon="126.681239">
        <ele>8.3</ele>
      </trkpt>
      <trkpt lat="37.570674" lon="126.681182">
        <ele>8.3</ele>
      </trkpt>
      <trkpt lat="37.570674" lon="126.681126">
        <ele>8.2</ele>
      </trkpt>
      <trkpt lat="37.570674" lon="126.681069">
        <ele>8.1</ele>
      </trkpt>
      <trkpt lat="37.570674" lon="126.681012">
        <ele>8.1</ele>
      </trkpt>
      <trkpt lat="37.570673" lon="126.680955">
        <ele>8.0</ele>
      </trkpt>
      <trkpt lat="37.570673" lon="126.680899">
        <ele>7.9</ele>
      </trkpt>
      <trkpt lat="37.570673" lon="126.680842">
        <ele>7.9</ele>
      </trkpt>
      <trkpt lat="37.570673" lon="126.680785">
        <ele>7.8</ele>
      </trkpt>
      <trkpt lat="37.570673" lon="126.680729">
        <ele>7.7</ele>
      </trkpt>
      <trkpt lat="37.570672" lon="126.680672">
        <ele>7.6</ele>
      </trkpt>
      <trkpt lat="37.570672" lon="126.680615">
        <ele>7.6</ele>
      </trkpt>
      <trkpt lat="37.570671" lon="126.680558">
        <ele>7.5</ele>
      </trkpt>
      <trkpt lat="37.570659" lon="126.680504">
        <ele>7.5</ele>
      </trkpt>
      <trkpt lat="37.570634" lon="126.680457">
        <ele>7.5</ele>
      </trkpt>
      <trkpt lat="37.570608" lon="126.680411">
        <ele>7.6</ele>
      </trkpt>
      <trkpt lat="37.570581" lon="126.680366">
        <ele>7.6</ele>
      </trkpt>
      <trkpt lat="37.570554" lon="126.680320">
        <ele>7.7</ele>
      </trkpt>
      <trkpt lat="37.570528" lon="126.680274">
        <ele>7.7</ele>
      </trkpt>
      <trkpt lat="37.570501" lon="126.680228">
        <ele>7.7</ele>
      </trkpt>
      <trkpt lat="37.570475" lon="126.680183">
        <ele>7.8</ele>
      </trkpt>
      <trkpt lat="37.570449" lon="126.680136">
        <ele>7.8</ele>
      </trkpt>
      <trkpt lat="37.570444" lon="126.680081">
        <ele>7.8</ele>
      </trkpt>
      <trkpt lat="37.570446" lon="126.680024">
        <ele>7.8</ele>
      </trkpt>
      <trkpt lat="37.570448" lon="126.679968">
        <ele>7.9</ele>
      </trkpt>
      <trkpt lat="37.570449" lon="126.679911">
        <ele>7.9</ele>
      </trkpt>
      <trkpt lat="37.570451" lon="126.679854">
        <ele>7.9</ele>
      </trkpt>
      <trkpt lat="37.570453" lon="126.679798">
        <ele>7.9</ele>
      </trkpt>
      <trkpt lat="37.570454" lon="126.679741">
        <ele>7.9</ele>
      </trkpt>
      <trkpt lat="37.570456" lon="126.679684">
        <ele>7.9</ele>
      </trkpt>
      <trkpt lat="37.570458" lon="126.679628">
        <ele>8.0</ele>
      </trkpt>
      <trkpt lat="37.570460" lon="126.679571">
        <ele>8.0</ele>
      </trkpt>
      <trkpt lat="37.570461" lon="126.679514">
        <ele>8.0</ele>
      </trkpt>
      <trkpt lat="37.570464" lon="126.679457">
        <ele>8.0</ele>
      </trkpt>
      <trkpt lat="37.570466" lon="126.679401">
        <ele>8.0</ele>
      </trkpt>
      <trkpt lat="37.570468" lon="126.679344">
        <ele>8.1</ele>
      </trkpt>
      <trkpt lat="37.570470" lon="126.679287">
        <ele>8.1</ele>
      </trkpt>
      <trkpt lat="37.570472" lon="126.679231">
        <ele>8.1</ele>
      </trkpt>
      <trkpt lat="37.570474" lon="126.679174">
        <ele>8.1</ele>
      </trkpt>
      <trkpt lat="37.570476" lon="126.679117">
        <ele>8.1</ele>
      </trkpt>
      <trkpt lat="37.570478" lon="126.679061">
        <ele>8.1</ele>
      </trkpt>
      <trkpt lat="37.570480" lon="126.679004">
        <ele>8.2</ele>
      </trkpt>
      <trkpt lat="37.570482" lon="126.678947">
        <ele>8.2</ele>
      </trkpt>
      <trkpt lat="37.570484" lon="126.678891">
        <ele>8.2</ele>
      </trkpt>
      <trkpt lat="37.570486" lon="126.678834">
        <ele>8.2</ele>
      </trkpt>
      <trkpt lat="37.570488" lon="126.678777">
        <ele>8.2</ele>
      </trkpt>
      <trkpt lat="37.570490" lon="126.678721">
        <ele>8.2</ele>
      </trkpt>
      <trkpt lat="37.570492" lon="126.678664">
        <ele>8.3</ele>
      </trkpt>
      <trkpt lat="37.570494" lon="126.678607">
        <ele>8.3</ele>
      </trkpt>
      <trkpt lat="37.570496" lon="126.678551">
        <ele>8.3</ele>
      </trkpt>
      <trkpt lat="37.570498" lon="126.678494">
        <ele>8.3</ele>
      </trkpt>
      <trkpt lat="37.570500" lon="126.678437">
        <ele>8.3</ele>
      </trkpt>
      <trkpt lat="37.570502" lon="126.678381">
        <ele>8.3</ele>
      </trkpt>
      <trkpt lat="37.570504" lon="126.678324">
        <ele>8.4</ele>
      </trkpt>
      <trkpt lat="37.570506" lon="126.678267">
        <ele>8.4</ele>
      </trkpt>
      <trkpt lat="37.570508" lon="126.678211">
        <ele>8.4</ele>
      </trkpt>
      <trkpt lat="37.570510" lon="126.678154">
        <ele>8.4</ele>
      </trkpt>
      <trkpt lat="37.570513" lon="126.678097">
        <ele>8.4</ele>
      </trkpt>
      <trkpt lat="37.570515" lon="126.678041">
        <ele>8.4</ele>
      </trkpt>
      <trkpt lat="37.570517" lon="126.677984">
        <ele>8.5</ele>
      </trkpt>
      <trkpt lat="37.570519" lon="126.677927">
        <ele>8.5</ele>
      </trkpt>
      <trkpt lat="37.570521" lon="126.677871">
        <ele>8.5</ele>
      </trkpt>
      <trkpt lat="37.570522" lon="126.677824">
        <ele>8.3</ele>
      </trkpt>
      <trkpt lat="37.570525" lon="126.677767">
        <ele>8.3</ele>
      </trkpt>
      <trkpt lat="37.570527" lon="126.677710">
        <ele>8.4</ele>
      </trkpt>
      <trkpt lat="37.570529" lon="126.677654">
        <ele>8.4</ele>
      </trkpt>
      <trkpt lat="37.570531" lon="126.677597">
        <ele>8.5</ele>
      </trkpt>
      <trkpt lat="37.570535" lon="126.677540">
        <ele>8.5</ele>
      </trkpt>
      <trkpt lat="37.570541" lon="126.677484">
        <ele>8.6</ele>
      </trkpt>
      <trkpt lat="37.570547" lon="126.677428">
        <ele>8.7</ele>
      </trkpt>
      <trkpt lat="37.570554" lon="126.677372">
        <ele>8.8</ele>
      </trkpt>
      <trkpt lat="37.570560" lon="126.677316">
        <ele>8.8</ele>
      </trkpt>
      <trkpt lat="37.570566" lon="126.677260">
        <ele>8.9</ele>
      </trkpt>
      <trkpt lat="37.570572" lon="126.677203">
        <ele>9.0</ele>
      </trkpt>
      <trkpt lat="37.570579" lon="126.677147">
        <ele>9.1</ele>
      </trkpt>
      <trkpt lat="37.570585" lon="126.677091">
        <ele>9.1</ele>
      </trkpt>
      <trkpt lat="37.570591" lon="126.677035">
        <ele>9.2</ele>
      </trkpt>
      <trkpt lat="37.570597" lon="126.676979">
        <ele>9.3</ele>
      </trkpt>
      <trkpt lat="37.570604" lon="126.676922">
        <ele>9.4</ele>
      </trkpt>
      <trkpt lat="37.570610" lon="126.676866">
        <ele>9.4</ele>
      </trkpt>
      <trkpt lat="37.570616" lon="126.676810">
        <ele>9.5</ele>
      </trkpt>
      <trkpt lat="37.570624" lon="126.676754">
        <ele>9.6</ele>
      </trkpt>
      <trkpt lat="37.570631" lon="126.676698">
        <ele>9.7</ele>
      </trkpt>
      <trkpt lat="37.570639" lon="126.676642">
        <ele>9.8</ele>
      </trkpt>
      <trkpt lat="37.570646" lon="126.676586">
        <ele>9.8</ele>
      </trkpt>
      <trkpt lat="37.570654" lon="126.676530">
        <ele>9.9</ele>
      </trkpt>
      <trkpt lat="37.570661" lon="126.676475">
        <ele>10.0</ele>
      </trkpt>
      <trkpt lat="37.570669" lon="126.676419">
        <ele>10.1</ele>
      </trkpt>
      <trkpt lat="37.570676" lon="126.676363">
        <ele>10.1</ele>
      </trkpt>
      <trkpt lat="37.570684" lon="126.676307">
        <ele>10.2</ele>
      </trkpt>
      <trkpt lat="37.570691" lon="126.676251">
        <ele>10.3</ele>
      </trkpt>
      <trkpt lat="37.570698" lon="126.676195">
        <ele>10.2</ele>
      </trkpt>
      <trkpt lat="37.570705" lon="126.676139">
        <ele>10.1</ele>
      </trkpt>
      <trkpt lat="37.570712" lon="126.676083">
        <ele>10.0</ele>
      </trkpt>
      <trkpt lat="37.570719" lon="126.676027">
        <ele>9.9</ele>
      </trkpt>
      <trkpt lat="37.570726" lon="126.675971">
        <ele>9.8</ele>
      </trkpt>
      <trkpt lat="37.570733" lon="126.675915">
        <ele>9.7</ele>
      </trkpt>
      <trkpt lat="37.570740" lon="126.675858">
        <ele>9.6</ele>
      </trkpt>
      <trkpt lat="37.570747" lon="126.675802">
        <ele>9.5</ele>
      </trkpt>
      <trkpt lat="37.570754" lon="126.675746">
        <ele>9.3</ele>
      </trkpt>
      <trkpt lat="37.570761" lon="126.675690">
        <ele>9.2</ele>
      </trkpt>
      <trkpt lat="37.570768" lon="126.675634">
        <ele>9.1</ele>
      </trkpt>
      <trkpt lat="37.570775" lon="126.675578">
        <ele>9.0</ele>
      </trkpt>
      <trkpt lat="37.570782" lon="126.675522">
        <ele>8.9</ele>
      </trkpt>
      <trkpt lat="37.570789" lon="126.675466">
        <ele>8.8</ele>
      </trkpt>
      <trkpt lat="37.570796" lon="126.675410">
        <ele>8.7</ele>
      </trkpt>
      <trkpt lat="37.570803" lon="126.675354">
        <ele>8.6</ele>
      </trkpt>
      <trkpt lat="37.570811" lon="126.675298">
        <ele>8.4</ele>
      </trkpt>
      <trkpt lat="37.570824" lon="126.675244">
        <ele>8.1</ele>
      </trkpt>
      <trkpt lat="37.570836" lon="126.675189">
        <ele>7.9</ele>
      </trkpt>
      <trkpt lat="37.570848" lon="126.675135">
        <ele>7.6</ele>
      </trkpt>
      <trkpt lat="37.570862" lon="126.675081">
        <ele>7.3</ele>
      </trkpt>
      <trkpt lat="37.570883" lon="126.675031">
        <ele>7.1</ele>
      </trkpt>
      <trkpt lat="37.570904" lon="126.674980">
        <ele>6.9</ele>
      </trkpt>
      <trkpt lat="37.570925" lon="126.674930">
        <ele>6.7</ele>
      </trkpt>
      <trkpt lat="37.570946" lon="126.674880">
        <ele>6.5</ele>
      </trkpt>
      <trkpt lat="37.570962" lon="126.674827">
        <ele>6.4</ele>
      </trkpt>
      <trkpt lat="37.570977" lon="126.674774">
        <ele>6.3</ele>
      </trkpt>
      <trkpt lat="37.570987" lon="126.674718">
        <ele>6.3</ele>
      </trkpt>
      <trkpt lat="37.570992" lon="126.674662">
        <ele>6.3</ele>
      </trkpt>
      <trkpt lat="37.570997" lon="126.674606">
        <ele>6.3</ele>
      </trkpt>
      <trkpt lat="37.571002" lon="126.674549">
        <ele>6.3</ele>
      </trkpt>
      <trkpt lat="37.571007" lon="126.674493">
        <ele>6.3</ele>
      </trkpt>
      <trkpt lat="37.571012" lon="126.674436">
        <ele>6.3</ele>
      </trkpt>
      <trkpt lat="37.571017" lon="126.674380">
        <ele>6.3</ele>
      </trkpt>
      <trkpt lat="37.571022" lon="126.674324">
        <ele>6.3</ele>
      </trkpt>
      <trkpt lat="37.571027" lon="126.674267">
        <ele>6.3</ele>
      </trkpt>
      <trkpt lat="37.571031" lon="126.674211">
        <ele>6.3</ele>
      </trkpt>
      <trkpt lat="37.571036" lon="126.674155">
        <ele>6.4</ele>
      </trkpt>
      <trkpt lat="37.571041" lon="126.674098">
        <ele>6.4</ele>
      </trkpt>
      <trkpt lat="37.571046" lon="126.674042">
        <ele>6.4</ele>
      </trkpt>
      <trkpt lat="37.571051" lon="126.673985">
        <ele>6.4</ele>
      </trkpt>
      <trkpt lat="37.571056" lon="126.673929">
        <ele>6.4</ele>
      </trkpt>
      <trkpt lat="37.571061" lon="126.673873">
        <ele>6.4</ele>
      </trkpt>
      <trkpt lat="37.571066" lon="126.673816">
        <ele>6.4</ele>
      </trkpt>
      <trkpt lat="37.571071" lon="126.673760">
        <ele>6.4</ele>
      </trkpt>
      <trkpt lat="37.571076" lon="126.673703">
        <ele>6.4</ele>
      </trkpt>
      <trkpt lat="37.571081" lon="126.673647">
        <ele>6.4</ele>
      </trkpt>
      <trkpt lat="37.571086" lon="126.673591">
        <ele>6.4</ele>
      </trkpt>
      <trkpt lat="37.571091" lon="126.673534">
        <ele>6.4</ele>
      </trkpt>
      <trkpt lat="37.571095" lon="126.673478">
        <ele>6.4</ele>
      </trkpt>
      <trkpt lat="37.571100" lon="126.673421">
        <ele>6.4</ele>
      </trkpt>
      <trkpt lat="37.571105" lon="126.673365">
        <ele>6.4</ele>
      </trkpt>
      <trkpt lat="37.571110" lon="126.673309">
        <ele>6.4</ele>
      </trkpt>
      <trkpt lat="37.571115" lon="126.673252">
        <ele>6.4</ele>
      </trkpt>
      <trkpt lat="37.571120" lon="126.673196">
        <ele>6.5</ele>
      </trkpt>
      <trkpt lat="37.571125" lon="126.673139">
        <ele>6.5</ele>
      </trkpt>
      <trkpt lat="37.571130" lon="126.673083">
        <ele>6.5</ele>
      </trkpt>
      <trkpt lat="37.571135" lon="126.673027">
        <ele>6.5</ele>
      </trkpt>
      <trkpt lat="37.571140" lon="126.672970">
        <ele>6.5</ele>
      </trkpt>
      <trkpt lat="37.571145" lon="126.672914">
        <ele>6.5</ele>
      </trkpt>
      <trkpt lat="37.571150" lon="126.672858">
        <ele>6.5</ele>
      </trkpt>
      <trkpt lat="37.571154" lon="126.672801">
        <ele>6.5</ele>
      </trkpt>
      <trkpt lat="37.571159" lon="126.672745">
        <ele>6.5</ele>
      </trkpt>
      <trkpt lat="37.571162" lon="126.672688">
        <ele>6.5</ele>
      </trkpt>
      <trkpt lat="37.571162" lon="126.672631">
        <ele>6.6</ele>
      </trkpt>
      <trkpt lat="37.571162" lon="126.672575">
        <ele>6.7</ele>
      </trkpt>
      <trkpt lat="37.571162" lon="126.672518">
        <ele>6.8</ele>
      </trkpt>
      <trkpt lat="37.571158" lon="126.672462">
        <ele>6.7</ele>
      </trkpt>
      <trkpt lat="37.571153" lon="126.672405">
        <ele>6.6</ele>
      </trkpt>
      <trkpt lat="37.571148" lon="126.672349">
        <ele>6.5</ele>
      </trkpt>
      <trkpt lat="37.571143" lon="126.672292">
        <ele>6.4</ele>
      </trkpt>
      <trkpt lat="37.571138" lon="126.672236">
        <ele>6.3</ele>
      </trkpt>
      <trkpt lat="37.571133" lon="126.672180">
        <ele>6.2</ele>
      </trkpt>
      <trkpt lat="37.571128" lon="126.672123">
        <ele>6.0</ele>
      </trkpt>
      <trkpt lat="37.571123" lon="126.672067">
        <ele>5.9</ele>
      </trkpt>
      <trkpt lat="37.571118" lon="126.672010">
        <ele>5.8</ele>
      </trkpt>
      <trkpt lat="37.571120" lon="126.671954">
        <ele>6.0</ele>
      </trkpt>
      <trkpt lat="37.571113" lon="126.671947">
        <ele>5.9</ele>
      </trkpt>
      <trkpt lat="37.571124" lon="126.671901">
        <ele>5.8</ele>
      </trkpt>
      <trkpt lat="37.571129" lon="126.671844">
        <ele>5.8</ele>
      </trkpt>
      <trkpt lat="37.571133" lon="126.671788">
        <ele>5.8</ele>
      </trkpt>
      <trkpt lat="37.571138" lon="126.671731">
        <ele>5.8</ele>
      </trkpt>
      <trkpt lat="37.571143" lon="126.671675">
        <ele>5.8</ele>
      </trkpt>
      <trkpt lat="37.571147" lon="126.671618">
        <ele>5.9</ele>
      </trkpt>
      <trkpt lat="37.571152" lon="126.671562">
        <ele>5.9</ele>
      </trkpt>
      <trkpt lat="37.571157" lon="126.671506">
        <ele>5.9</ele>
      </trkpt>
      <trkpt lat="37.571161" lon="126.671449">
        <ele>5.9</ele>
      </trkpt>
      <trkpt lat="37.571166" lon="126.671393">
        <ele>5.9</ele>
      </trkpt>
      <trkpt lat="37.571171" lon="126.671336">
        <ele>5.9</ele>
      </trkpt>
      <trkpt lat="37.571175" lon="126.671280">
        <ele>5.9</ele>
      </trkpt>
      <trkpt lat="37.571180" lon="126.671223">
        <ele>5.9</ele>
      </trkpt>
      <trkpt lat="37.571185" lon="126.671167">
        <ele>5.9</ele>
      </trkpt>
      <trkpt lat="37.571190" lon="126.671111">
        <ele>5.9</ele>
      </trkpt>
      <trkpt lat="37.571194" lon="126.671054">
        <ele>6.0</ele>
      </trkpt>
      <trkpt lat="37.571199" lon="126.670998">
        <ele>6.0</ele>
      </trkpt>
      <trkpt lat="37.571204" lon="126.670941">
        <ele>6.0</ele>
      </trkpt>
      <trkpt lat="37.571208" lon="126.670885">
        <ele>6.0</ele>
      </trkpt>
      <trkpt lat="37.571213" lon="126.670829">
        <ele>6.0</ele>
      </trkpt>
      <trkpt lat="37.571222" lon="126.670773">
        <ele>6.0</ele>
      </trkpt>
      <trkpt lat="37.571233" lon="126.670718">
        <ele>6.0</ele>
      </trkpt>
      <trkpt lat="37.571252" lon="126.670667">
        <ele>6.0</ele>
      </trkpt>
      <trkpt lat="37.571271" lon="126.670616">
        <ele>5.9</ele>
      </trkpt>
      <trkpt lat="37.571291" lon="126.670564">
        <ele>5.9</ele>
      </trkpt>
      <trkpt lat="37.571310" lon="126.670513">
        <ele>5.9</ele>
      </trkpt>
      <trkpt lat="37.571330" lon="126.670462">
        <ele>5.8</ele>
      </trkpt>
      <trkpt lat="37.571347" lon="126.670410">
        <ele>5.7</ele>
      </trkpt>
      <trkpt lat="37.571363" lon="126.670357">
        <ele>5.6</ele>
      </trkpt>
      <trkpt lat="37.571377" lon="126.670303">
        <ele>5.5</ele>
      </trkpt>
      <trkpt lat="37.571387" lon="126.670248">
        <ele>5.5</ele>
      </trkpt>
      <trkpt lat="37.571395" lon="126.670192">
        <ele>5.5</ele>
      </trkpt>
      <trkpt lat="37.571400" lon="126.670135">
        <ele>5.5</ele>
      </trkpt>
      <trkpt lat="37.571405" lon="126.670079">
        <ele>5.5</ele>
      </trkpt>
      <trkpt lat="37.571410" lon="126.670023">
        <ele>5.6</ele>
      </trkpt>
      <trkpt lat="37.571415" lon="126.669966">
        <ele>5.6</ele>
      </trkpt>
      <trkpt lat="37.571420" lon="126.669910">
        <ele>5.6</ele>
      </trkpt>
      <trkpt lat="37.571425" lon="126.669854">
        <ele>5.6</ele>
      </trkpt>
      <trkpt lat="37.571430" lon="126.669797">
        <ele>5.6</ele>
      </trkpt>
      <trkpt lat="37.571435" lon="126.669741">
        <ele>5.7</ele>
      </trkpt>
      <trkpt lat="37.571440" lon="126.669685">
        <ele>5.7</ele>
      </trkpt>
      <trkpt lat="37.571445" lon="126.669628">
        <ele>5.7</ele>
      </trkpt>
      <trkpt lat="37.571450" lon="126.669572">
        <ele>5.7</ele>
      </trkpt>
      <trkpt lat="37.571456" lon="126.669515">
        <ele>5.7</ele>
      </trkpt>
      <trkpt lat="37.571461" lon="126.669459">
        <ele>5.7</ele>
      </trkpt>
      <trkpt lat="37.571466" lon="126.669403">
        <ele>5.8</ele>
      </trkpt>
      <trkpt lat="37.571471" lon="126.669346">
        <ele>5.8</ele>
      </trkpt>
      <trkpt lat="37.571476" lon="126.669290">
        <ele>5.8</ele>
      </trkpt>
      <trkpt lat="37.571481" lon="126.669234">
        <ele>5.8</ele>
      </trkpt>
      <trkpt lat="37.571486" lon="126.669177">
        <ele>5.8</ele>
      </trkpt>
      <trkpt lat="37.571491" lon="126.669121">
        <ele>5.9</ele>
      </trkpt>
      <trkpt lat="37.571496" lon="126.669064">
        <ele>5.9</ele>
      </trkpt>
      <trkpt lat="37.571501" lon="126.669008">
        <ele>5.9</ele>
      </trkpt>
      <trkpt lat="37.571506" lon="126.668952">
        <ele>5.9</ele>
      </trkpt>
      <trkpt lat="37.571511" lon="126.668895">
        <ele>5.9</ele>
      </trkpt>
      <trkpt lat="37.571516" lon="126.668839">
        <ele>5.9</ele>
      </trkpt>
      <trkpt lat="37.571521" lon="126.668783">
        <ele>6.0</ele>
      </trkpt>
      <trkpt lat="37.571526" lon="126.668726">
        <ele>6.0</ele>
      </trkpt>
      <trkpt lat="37.571532" lon="126.668670">
        <ele>6.0</ele>
      </trkpt>
      <trkpt lat="37.571537" lon="126.668613">
        <ele>6.0</ele>
      </trkpt>
      <trkpt lat="37.571542" lon="126.668557">
        <ele>6.0</ele>
      </trkpt>
      <trkpt lat="37.571547" lon="126.668501">
        <ele>6.1</ele>
      </trkpt>
      <trkpt lat="37.571552" lon="126.668444">
        <ele>6.1</ele>
      </trkpt>
      <trkpt lat="37.571557" lon="126.668388">
        <ele>6.1</ele>
      </trkpt>
      <trkpt lat="37.571562" lon="126.668332">
        <ele>6.1</ele>
      </trkpt>
      <trkpt lat="37.571567" lon="126.668275">
        <ele>6.1</ele>
      </trkpt>
      <trkpt lat="37.571572" lon="126.668219">
        <ele>6.1</ele>
      </trkpt>
      <trkpt lat="37.571577" lon="126.668162">
        <ele>6.2</ele>
      </trkpt>
      <trkpt lat="37.571582" lon="126.668106">
        <ele>6.2</ele>
      </trkpt>
      <trkpt lat="37.571587" lon="126.668050">
        <ele>6.2</ele>
      </trkpt>
      <trkpt lat="37.571592" lon="126.667993">
        <ele>6.2</ele>
      </trkpt>
      <trkpt lat="37.571597" lon="126.667937">
        <ele>6.2</ele>
      </trkpt>
      <trkpt lat="37.571602" lon="126.667881">
        <ele>6.3</ele>
      </trkpt>
      <trkpt lat="37.571607" lon="126.667824">
        <ele>6.3</ele>
      </trkpt>
      <trkpt lat="37.571613" lon="126.667768">
        <ele>6.3</ele>
      </trkpt>
      <trkpt lat="37.571618" lon="126.667711">
        <ele>6.3</ele>
      </trkpt>
      <trkpt lat="37.571623" lon="126.667655">
        <ele>6.3</ele>
      </trkpt>
      <trkpt lat="37.571628" lon="126.667599">
        <ele>6.3</ele>
      </trkpt>
      <trkpt lat="37.571633" lon="126.667542">
        <ele>6.4</ele>
      </trkpt>
      <trkpt lat="37.571638" lon="126.667486">
        <ele>6.4</ele>
      </trkpt>
      <trkpt lat="37.571643" lon="126.667430">
        <ele>6.4</ele>
      </trkpt>
      <trkpt lat="37.571648" lon="126.667373">
        <ele>6.4</ele>
      </trkpt>
      <trkpt lat="37.571653" lon="126.667317">
        <ele>6.4</ele>
      </trkpt>
      <trkpt lat="37.571658" lon="126.667261">
        <ele>6.5</ele>
      </trkpt>
      <trkpt lat="37.571663" lon="126.667204">
        <ele>6.5</ele>
      </trkpt>
      <trkpt lat="37.571668" lon="126.667148">
        <ele>6.5</ele>
      </trkpt>
      <trkpt lat="37.571673" lon="126.667091">
        <ele>6.5</ele>
      </trkpt>
      <trkpt lat="37.571678" lon="126.667035">
        <ele>6.4</ele>
      </trkpt>
      <trkpt lat="37.571682" lon="126.666978">
        <ele>6.4</ele>
      </trkpt>
      <trkpt lat="37.571687" lon="126.666922">
        <ele>6.4</ele>
      </trkpt>
      <trkpt lat="37.571691" lon="126.666866">
        <ele>6.4</ele>
      </trkpt>
      <trkpt lat="37.571696" lon="126.666809">
        <ele>6.3</ele>
      </trkpt>
      <trkpt lat="37.571700" lon="126.666753">
        <ele>6.3</ele>
      </trkpt>
      <trkpt lat="37.571705" lon="126.666696">
        <ele>6.3</ele>
      </trkpt>
      <trkpt lat="37.571710" lon="126.666640">
        <ele>6.2</ele>
      </trkpt>
      <trkpt lat="37.571714" lon="126.666583">
        <ele>6.2</ele>
      </trkpt>
      <trkpt lat="37.571719" lon="126.666527">
        <ele>6.2</ele>
      </trkpt>
      <trkpt lat="37.571723" lon="126.666471">
        <ele>6.1</ele>
      </trkpt>
      <trkpt lat="37.571728" lon="126.666414">
        <ele>6.1</ele>
      </trkpt>
      <trkpt lat="37.571732" lon="126.666358">
        <ele>6.1</ele>
      </trkpt>
      <trkpt lat="37.571737" lon="126.666301">
        <ele>6.0</ele>
      </trkpt>
      <trkpt lat="37.571742" lon="126.666245">
        <ele>6.0</ele>
      </trkpt>
      <trkpt lat="37.571745" lon="126.666188">
        <ele>6.0</ele>
      </trkpt>
      <trkpt lat="37.571747" lon="126.666132">
        <ele>6.1</ele>
      </trkpt>
      <trkpt lat="37.571749" lon="126.666075">
        <ele>6.1</ele>
      </trkpt>
      <trkpt lat="37.571751" lon="126.666018">
        <ele>6.1</ele>
      </trkpt>
      <trkpt lat="37.571754" lon="126.665962">
        <ele>6.1</ele>
      </trkpt>
      <trkpt lat="37.571756" lon="126.665905">
        <ele>6.2</ele>
      </trkpt>
      <trkpt lat="37.571758" lon="126.665848">
        <ele>6.2</ele>
      </trkpt>
      <trkpt lat="37.571760" lon="126.665792">
        <ele>6.2</ele>
      </trkpt>
      <trkpt lat="37.571763" lon="126.665735">
        <ele>6.3</ele>
      </trkpt>
      <trkpt lat="37.571765" lon="126.665678">
        <ele>6.3</ele>
      </trkpt>
      <trkpt lat="37.571765" lon="126.665630">
        <ele>6.4</ele>
      </trkpt>
      <trkpt lat="37.571766" lon="126.665573">
        <ele>6.5</ele>
      </trkpt>
      <trkpt lat="37.571767" lon="126.665516">
        <ele>6.6</ele>
      </trkpt>
      <trkpt lat="37.571768" lon="126.665460">
        <ele>6.7</ele>
      </trkpt>
      <trkpt lat="37.571769" lon="126.665403">
        <ele>6.9</ele>
      </trkpt>
      <trkpt lat="37.571770" lon="126.665346">
        <ele>7.0</ele>
      </trkpt>
      <trkpt lat="37.571771" lon="126.665289">
        <ele>7.1</ele>
      </trkpt>
      <trkpt lat="37.571772" lon="126.665233">
        <ele>7.2</ele>
      </trkpt>
      <trkpt lat="37.571773" lon="126.665176">
        <ele>7.4</ele>
      </trkpt>
      <trkpt lat="37.571774" lon="126.665119">
        <ele>7.5</ele>
      </trkpt>
      <trkpt lat="37.571774" lon="126.665063">
        <ele>7.5</ele>
      </trkpt>
      <trkpt lat="37.571773" lon="126.665006">
        <ele>7.5</ele>
      </trkpt>
      <trkpt lat="37.571772" lon="126.664949">
        <ele>7.5</ele>
      </trkpt>
      <trkpt lat="37.571772" lon="126.664892">
        <ele>7.5</ele>
      </trkpt>
      <trkpt lat="37.571771" lon="126.664836">
        <ele>7.4</ele>
      </trkpt>
      <trkpt lat="37.571771" lon="126.664779">
        <ele>7.4</ele>
      </trkpt>
      <trkpt lat="37.571770" lon="126.664722">
        <ele>7.4</ele>
      </trkpt>
      <trkpt lat="37.571770" lon="126.664665">
        <ele>7.4</ele>
      </trkpt>
      <trkpt lat="37.571769" lon="126.664609">
        <ele>7.4</ele>
      </trkpt>
      <trkpt lat="37.571769" lon="126.664552">
        <ele>7.4</ele>
      </trkpt>
      <trkpt lat="37.571768" lon="126.664495">
        <ele>7.4</ele>
      </trkpt>
      <trkpt lat="37.571768" lon="126.664438">
        <ele>7.4</ele>
      </trkpt>
      <trkpt lat="37.571767" lon="126.664382">
        <ele>7.3</ele>
      </trkpt>
      <trkpt lat="37.571766" lon="126.664325">
        <ele>7.3</ele>
      </trkpt>
      <trkpt lat="37.571766" lon="126.664268">
        <ele>7.3</ele>
      </trkpt>
      <trkpt lat="37.571765" lon="126.664212">
        <ele>7.3</ele>
      </trkpt>
      <trkpt lat="37.571764" lon="126.664155">
        <ele>7.3</ele>
      </trkpt>
      <trkpt lat="37.571761" lon="126.664098">
        <ele>7.2</ele>
      </trkpt>
      <trkpt lat="37.571759" lon="126.664042">
        <ele>7.1</ele>
      </trkpt>
      <trkpt lat="37.571756" lon="126.663985">
        <ele>7.0</ele>
      </trkpt>
      <trkpt lat="37.571753" lon="126.663928">
        <ele>7.0</ele>
      </trkpt>
      <trkpt lat="37.571750" lon="126.663872">
        <ele>6.9</ele>
      </trkpt>
      <trkpt lat="37.571748" lon="126.663815">
        <ele>6.8</ele>
      </trkpt>
      <trkpt lat="37.571743" lon="126.663759">
        <ele>6.7</ele>
      </trkpt>
      <trkpt lat="37.571736" lon="126.663703">
        <ele>6.6</ele>
      </trkpt>
      <trkpt lat="37.571730" lon="126.663646">
        <ele>6.5</ele>
      </trkpt>
      <trkpt lat="37.571724" lon="126.663590">
        <ele>6.4</ele>
      </trkpt>
      <trkpt lat="37.571718" lon="126.663534">
        <ele>6.2</ele>
      </trkpt>
      <trkpt lat="37.571712" lon="126.663478">
        <ele>6.1</ele>
      </trkpt>
      <trkpt lat="37.571706" lon="126.663422">
        <ele>6.0</ele>
      </trkpt>
      <trkpt lat="37.571693" lon="126.663367">
        <ele>5.9</ele>
      </trkpt>
      <trkpt lat="37.571680" lon="126.663313">
        <ele>5.8</ele>
      </trkpt>
      <trkpt lat="37.571663" lon="126.663260">
        <ele>5.8</ele>
      </trkpt>
      <trkpt lat="37.571646" lon="126.663208">
        <ele>5.8</ele>
      </trkpt>
      <trkpt lat="37.571629" lon="126.663156">
        <ele>5.8</ele>
      </trkpt>
      <trkpt lat="37.571611" lon="126.663103">
        <ele>5.8</ele>
      </trkpt>
      <trkpt lat="37.571597" lon="126.663050">
        <ele>5.7</ele>
      </trkpt>
      <trkpt lat="37.571587" lon="126.662994">
        <ele>5.5</ele>
      </trkpt>
      <trkpt lat="37.571582" lon="126.662938">
        <ele>5.5</ele>
      </trkpt>
      <trkpt lat="37.571578" lon="126.662882">
        <ele>5.4</ele>
      </trkpt>
      <trkpt lat="37.571574" lon="126.662825">
        <ele>5.4</ele>
      </trkpt>
      <trkpt lat="37.571569" lon="126.662769">
        <ele>5.4</ele>
      </trkpt>
      <trkpt lat="37.571565" lon="126.662712">
        <ele>5.3</ele>
      </trkpt>
      <trkpt lat="37.571560" lon="126.662656">
        <ele>5.3</ele>
      </trkpt>
      <trkpt lat="37.571556" lon="126.662599">
        <ele>5.3</ele>
      </trkpt>
      <trkpt lat="37.571551" lon="126.662543">
        <ele>5.2</ele>
      </trkpt>
      <trkpt lat="37.571547" lon="126.662486">
        <ele>5.2</ele>
      </trkpt>
      <trkpt lat="37.571543" lon="126.662430">
        <ele>5.2</ele>
      </trkpt>
      <trkpt lat="37.571538" lon="126.662373">
        <ele>5.2</ele>
      </trkpt>
      <trkpt lat="37.571534" lon="126.662317">
        <ele>5.1</ele>
      </trkpt>
      <trkpt lat="37.571529" lon="126.662260">
        <ele>5.1</ele>
      </trkpt>
      <trkpt lat="37.571525" lon="126.662204">
        <ele>5.1</ele>
      </trkpt>
      <trkpt lat="37.571521" lon="126.662148">
        <ele>5.0</ele>
      </trkpt>
      <trkpt lat="37.571516" lon="126.662091">
        <ele>5.0</ele>
      </trkpt>
      <trkpt lat="37.571512" lon="126.662035">
        <ele>5.0</ele>
      </trkpt>
      <trkpt lat="37.571507" lon="126.661978">
        <ele>4.9</ele>
      </trkpt>
      <trkpt lat="37.571503" lon="126.661922">
        <ele>4.9</ele>
      </trkpt>
      <trkpt lat="37.571498" lon="126.661865">
        <ele>4.9</ele>
      </trkpt>
      <trkpt lat="37.571494" lon="126.661809">
        <ele>4.8</ele>
      </trkpt>
      <trkpt lat="37.571490" lon="126.661752">
        <ele>4.8</ele>
      </trkpt>
      <trkpt lat="37.571487" lon="126.661719">
        <ele>4.8</ele>
      </trkpt>
      <trkpt lat="37.571483" lon="126.661662">
        <ele>4.8</ele>
      </trkpt>
      <trkpt lat="37.571479" lon="126.661606">
        <ele>4.8</ele>
      </trkpt>
      <trkpt lat="37.571481" lon="126.661549">
        <ele>4.8</ele>
      </trkpt>
      <trkpt lat="37.571484" lon="126.661493">
        <ele>4.8</ele>
      </trkpt>
      <trkpt lat="37.571494" lon="126.661438">
        <ele>4.7</ele>
      </trkpt>
      <trkpt lat="37.571507" lon="126.661384">
        <ele>4.6</ele>
      </trkpt>
      <trkpt lat="37.571521" lon="126.661329">
        <ele>4.5</ele>
      </trkpt>
      <trkpt lat="37.571534" lon="126.661275">
        <ele>4.4</ele>
      </trkpt>
      <trkpt lat="37.571546" lon="126.661221">
        <ele>4.3</ele>
      </trkpt>
      <trkpt lat="37.571547" lon="126.661164">
        <ele>4.3</ele>
      </trkpt>
      <trkpt lat="37.571542" lon="126.661108">
        <ele>4.3</ele>
      </trkpt>
      <trkpt lat="37.571538" lon="126.661051">
        <ele>4.3</ele>
      </trkpt>
      <trkpt lat="37.571533" lon="126.660995">
        <ele>4.3</ele>
      </trkpt>
      <trkpt lat="37.571528" lon="126.660939">
        <ele>4.3</ele>
      </trkpt>
      <trkpt lat="37.571524" lon="126.660882">
        <ele>4.3</ele>
      </trkpt>
      <trkpt lat="37.571519" lon="126.660826">
        <ele>4.3</ele>
      </trkpt>
      <trkpt lat="37.571514" lon="126.660769">
        <ele>4.3</ele>
      </trkpt>
      <trkpt lat="37.571510" lon="126.660713">
        <ele>4.3</ele>
      </trkpt>
      <trkpt lat="37.571506" lon="126.660656">
        <ele>4.3</ele>
      </trkpt>
      <trkpt lat="37.571501" lon="126.660600">
        <ele>4.4</ele>
      </trkpt>
      <trkpt lat="37.571497" lon="126.660543">
        <ele>4.4</ele>
      </trkpt>
      <trkpt lat="37.571493" lon="126.660487">
        <ele>4.4</ele>
      </trkpt>
      <trkpt lat="37.571488" lon="126.660430">
        <ele>4.4</ele>
      </trkpt>
      <trkpt lat="37.571484" lon="126.660374">
        <ele>4.5</ele>
      </trkpt>
      <trkpt lat="37.571480" lon="126.660318">
        <ele>4.5</ele>
      </trkpt>
      <trkpt lat="37.571476" lon="126.660261">
        <ele>4.5</ele>
      </trkpt>
      <trkpt lat="37.571471" lon="126.660205">
        <ele>4.5</ele>
      </trkpt>
      <trkpt lat="37.571467" lon="126.660148">
        <ele>4.6</ele>
      </trkpt>
      <trkpt lat="37.571463" lon="126.660092">
        <ele>4.6</ele>
      </trkpt>
      <trkpt lat="37.571458" lon="126.660035">
        <ele>4.6</ele>
      </trkpt>
      <trkpt lat="37.571454" lon="126.659979">
        <ele>4.6</ele>
      </trkpt>
      <trkpt lat="37.571450" lon="126.659922">
        <ele>4.7</ele>
      </trkpt>
      <trkpt lat="37.571446" lon="126.659866">
        <ele>4.7</ele>
      </trkpt>
      <trkpt lat="37.571441" lon="126.659809">
        <ele>4.7</ele>
      </trkpt>
      <trkpt lat="37.571437" lon="126.659753">
        <ele>4.7</ele>
      </trkpt>
      <trkpt lat="37.571433" lon="126.659696">
        <ele>4.7</ele>
      </trkpt>
      <trkpt lat="37.571428" lon="126.659640">
        <ele>4.8</ele>
      </trkpt>
      <trkpt lat="37.571424" lon="126.659583">
        <ele>4.8</ele>
      </trkpt>
      <trkpt lat="37.571420" lon="126.659527">
        <ele>4.8</ele>
      </trkpt>
      <trkpt lat="37.571416" lon="126.659470">
        <ele>4.8</ele>
      </trkpt>
      <trkpt lat="37.571411" lon="126.659414">
        <ele>4.9</ele>
      </trkpt>
      <trkpt lat="37.571407" lon="126.659357">
        <ele>4.9</ele>
      </trkpt>
      <trkpt lat="37.571403" lon="126.659301">
        <ele>4.9</ele>
      </trkpt>
      <trkpt lat="37.571398" lon="126.659245">
        <ele>4.9</ele>
      </trkpt>
      <trkpt lat="37.571394" lon="126.659188">
        <ele>5.0</ele>
      </trkpt>
      <trkpt lat="37.571390" lon="126.659132">
        <ele>5.0</ele>
      </trkpt>
      <trkpt lat="37.571386" lon="126.659075">
        <ele>5.0</ele>
      </trkpt>
      <trkpt lat="37.571381" lon="126.659019">
        <ele>5.0</ele>
      </trkpt>
      <trkpt lat="37.571377" lon="126.658962">
        <ele>5.1</ele>
      </trkpt>
      <trkpt lat="37.571373" lon="126.658906">
        <ele>5.1</ele>
      </trkpt>
      <trkpt lat="37.571368" lon="126.658849">
        <ele>5.1</ele>
      </trkpt>
      <trkpt lat="37.571364" lon="126.658793">
        <ele>5.1</ele>
      </trkpt>
      <trkpt lat="37.571360" lon="126.658736">
        <ele>5.2</ele>
      </trkpt>
      <trkpt lat="37.571356" lon="126.658680">
        <ele>5.2</ele>
      </trkpt>
      <trkpt lat="37.571351" lon="126.658623">
        <ele>5.2</ele>
      </trkpt>
      <trkpt lat="37.571347" lon="126.658567">
        <ele>5.2</ele>
      </trkpt>
      <trkpt lat="37.571343" lon="126.658510">
        <ele>5.2</ele>
      </trkpt>
      <trkpt lat="37.571338" lon="126.658454">
        <ele>5.3</ele>
      </trkpt>
      <trkpt lat="37.571334" lon="126.658397">
        <ele>5.3</ele>
      </trkpt>
      <trkpt lat="37.571330" lon="126.658341">
        <ele>5.3</ele>
      </trkpt>
      <trkpt lat="37.571326" lon="126.658284">
        <ele>5.3</ele>
      </trkpt>
      <trkpt lat="37.571321" lon="126.658228">
        <ele>5.4</ele>
      </trkpt>
      <trkpt lat="37.571317" lon="126.658171">
        <ele>5.4</ele>
      </trkpt>
      <trkpt lat="37.571313" lon="126.658115">
        <ele>5.4</ele>
      </trkpt>
      <trkpt lat="37.571308" lon="126.658059">
        <ele>5.4</ele>
      </trkpt>
      <trkpt lat="37.571304" lon="126.658002">
        <ele>5.5</ele>
      </trkpt>
      <trkpt lat="37.571300" lon="126.657946">
        <ele>5.5</ele>
      </trkpt>
      <trkpt lat="37.571296" lon="126.657889">
        <ele>5.5</ele>
      </trkpt>
      <trkpt lat="37.571291" lon="126.657833">
        <ele>5.5</ele>
      </trkpt>
      <trkpt lat="37.571287" lon="126.657776">
        <ele>5.6</ele>
      </trkpt>
      <trkpt lat="37.571283" lon="126.657720">
        <ele>5.6</ele>
      </trkpt>
      <trkpt lat="37.571278" lon="126.657663">
        <ele>5.6</ele>
      </trkpt>
      <trkpt lat="37.571274" lon="126.657607">
        <ele>5.6</ele>
      </trkpt>
      <trkpt lat="37.571270" lon="126.657550">
        <ele>5.7</ele>
      </trkpt>
      <trkpt lat="37.571266" lon="126.657494">
        <ele>5.7</ele>
      </trkpt>
      <trkpt lat="37.571261" lon="126.657437">
        <ele>5.7</ele>
      </trkpt>
      <trkpt lat="37.571257" lon="126.657381">
        <ele>5.7</ele>
      </trkpt>
      <trkpt lat="37.571253" lon="126.657324">
        <ele>5.7</ele>
      </trkpt>
      <trkpt lat="37.571248" lon="126.657268">
        <ele>5.8</ele>
      </trkpt>
      <trkpt lat="37.571244" lon="126.657211">
        <ele>5.8</ele>
      </trkpt>
      <trkpt lat="37.571240" lon="126.657155">
        <ele>5.8</ele>
      </trkpt>
      <trkpt lat="37.571236" lon="126.657098">
        <ele>5.8</ele>
      </trkpt>
      <trkpt lat="37.571231" lon="126.657042">
        <ele>5.9</ele>
      </trkpt>
      <trkpt lat="37.571227" lon="126.656986">
        <ele>5.9</ele>
      </trkpt>
      <trkpt lat="37.571223" lon="126.656929">
        <ele>5.9</ele>
      </trkpt>
      <trkpt lat="37.571218" lon="126.656873">
        <ele>5.9</ele>
      </trkpt>
      <trkpt lat="37.571214" lon="126.656816">
        <ele>6.0</ele>
      </trkpt>
      <trkpt lat="37.571210" lon="126.656760">
        <ele>6.0</ele>
      </trkpt>
      <trkpt lat="37.571211" lon="126.656708">
        <ele>4.3</ele>
      </trkpt>
      <trkpt lat="37.571207" lon="126.656652">
        <ele>4.3</ele>
      </trkpt>
      <trkpt lat="37.571203" lon="126.656595">
        <ele>4.3</ele>
      </trkpt>
      <trkpt lat="37.571198" lon="126.656539">
        <ele>4.3</ele>
      </trkpt>
      <trkpt lat="37.571194" lon="126.656482">
        <ele>4.3</ele>
      </trkpt>
      <trkpt lat="37.571190" lon="126.656426">
        <ele>4.3</ele>
      </trkpt>
      <trkpt lat="37.571186" lon="126.656369">
        <ele>4.3</ele>
      </trkpt>
      <trkpt lat="37.571181" lon="126.656313">
        <ele>4.3</ele>
      </trkpt>
      <trkpt lat="37.571177" lon="126.656256">
        <ele>4.3</ele>
      </trkpt>
      <trkpt lat="37.571173" lon="126.656200">
        <ele>4.3</ele>
      </trkpt>
      <trkpt lat="37.571169" lon="126.656143">
        <ele>4.3</ele>
      </trkpt>
      <trkpt lat="37.571164" lon="126.656087">
        <ele>4.4</ele>
      </trkpt>
      <trkpt lat="37.571160" lon="126.656030">
        <ele>4.4</ele>
      </trkpt>
      <trkpt lat="37.571156" lon="126.655974">
        <ele>4.4</ele>
      </trkpt>
      <trkpt lat="37.571151" lon="126.655917">
        <ele>4.4</ele>
      </trkpt>
      <trkpt lat="37.571147" lon="126.655861">
        <ele>4.4</ele>
      </trkpt>
      <trkpt lat="37.571143" lon="126.655804">
        <ele>4.4</ele>
      </trkpt>
      <trkpt lat="37.571139" lon="126.655748">
        <ele>4.4</ele>
      </trkpt>
      <trkpt lat="37.571134" lon="126.655691">
        <ele>4.4</ele>
      </trkpt>
      <trkpt lat="37.571130" lon="126.655635">
        <ele>4.4</ele>
      </trkpt>
      <trkpt lat="37.571126" lon="126.655579">
        <ele>4.4</ele>
      </trkpt>
      <trkpt lat="37.571122" lon="126.655522">
        <ele>4.4</ele>
      </trkpt>
      <trkpt lat="37.571117" lon="126.655466">
        <ele>4.4</ele>
      </trkpt>
      <trkpt lat="37.571113" lon="126.655409">
        <ele>4.4</ele>
      </trkpt>
      <trkpt lat="37.571109" lon="126.655353">
        <ele>4.4</ele>
      </trkpt>
      <trkpt lat="37.571104" lon="126.655296">
        <ele>4.4</ele>
      </trkpt>
      <trkpt lat="37.571100" lon="126.655240">
        <ele>4.4</ele>
      </trkpt>
      <trkpt lat="37.571096" lon="126.655183">
        <ele>4.4</ele>
      </trkpt>
      <trkpt lat="37.571092" lon="126.655127">
        <ele>4.4</ele>
      </trkpt>
      <trkpt lat="37.571087" lon="126.655070">
        <ele>4.4</ele>
      </trkpt>
      <trkpt lat="37.571083" lon="126.655014">
        <ele>4.4</ele>
      </trkpt>
      <trkpt lat="37.571079" lon="126.654957">
        <ele>4.4</ele>
      </trkpt>
      <trkpt lat="37.571075" lon="126.654901">
        <ele>4.5</ele>
      </trkpt>
      <trkpt lat="37.571070" lon="126.654844">
        <ele>4.5</ele>
      </trkpt>
      <trkpt lat="37.571066" lon="126.654788">
        <ele>4.5</ele>
      </trkpt>
      <trkpt lat="37.571062" lon="126.654731">
        <ele>4.5</ele>
      </trkpt>
      <trkpt lat="37.571058" lon="126.654675">
        <ele>4.5</ele>
      </trkpt>
      <trkpt lat="37.571053" lon="126.654618">
        <ele>4.5</ele>
      </trkpt>
      <trkpt lat="37.571049" lon="126.654562">
        <ele>4.5</ele>
      </trkpt>
      <trkpt lat="37.571045" lon="126.654505">
        <ele>4.5</ele>
      </trkpt>
      <trkpt lat="37.571040" lon="126.654449">
        <ele>4.5</ele>
      </trkpt>
      <trkpt lat="37.571036" lon="126.654393">
        <ele>4.5</ele>
      </trkpt>
      <trkpt lat="37.571032" lon="126.654336">
        <ele>4.5</ele>
      </trkpt>
      <trkpt lat="37.571028" lon="126.654280">
        <ele>4.5</ele>
      </trkpt>
      <trkpt lat="37.571023" lon="126.654223">
        <ele>4.5</ele>
      </trkpt>
      <trkpt lat="37.571019" lon="126.654167">
        <ele>4.5</ele>
      </trkpt>
      <trkpt lat="37.571015" lon="126.654110">
        <ele>4.5</ele>
      </trkpt>
      <trkpt lat="37.571011" lon="126.654054">
        <ele>4.5</ele>
      </trkpt>
      <trkpt lat="37.571006" lon="126.653997">
        <ele>4.5</ele>
      </trkpt>
      <trkpt lat="37.571002" lon="126.653941">
        <ele>4.5</ele>
      </trkpt>
      <trkpt lat="37.570998" lon="126.653884">
        <ele>4.5</ele>
      </trkpt>
      <trkpt lat="37.570994" lon="126.653828">
        <ele>4.5</ele>
      </trkpt>
      <trkpt lat="37.570989" lon="126.653771">
        <ele>4.5</ele>
      </trkpt>
      <trkpt lat="37.570985" lon="126.653715">
        <ele>4.6</ele>
      </trkpt>
      <trkpt lat="37.570981" lon="126.653658">
        <ele>4.6</ele>
      </trkpt>
      <trkpt lat="37.570976" lon="126.653602">
        <ele>4.6</ele>
      </trkpt>
      <trkpt lat="37.570972" lon="126.653545">
        <ele>4.6</ele>
      </trkpt>
      <trkpt lat="37.570968" lon="126.653489">
        <ele>4.6</ele>
      </trkpt>
      <trkpt lat="37.570964" lon="126.653432">
        <ele>4.6</ele>
      </trkpt>
      <trkpt lat="37.570959" lon="126.653376">
        <ele>4.6</ele>
      </trkpt>
      <trkpt lat="37.570955" lon="126.653319">
        <ele>4.6</ele>
      </trkpt>
      <trkpt lat="37.570951" lon="126.653263">
        <ele>4.6</ele>
      </trkpt>
      <trkpt lat="37.570947" lon="126.653207">
        <ele>4.6</ele>
      </trkpt>
      <trkpt lat="37.570942" lon="126.653150">
        <ele>4.6</ele>
      </trkpt>
      <trkpt lat="37.570938" lon="126.653094">
        <ele>4.6</ele>
      </trkpt>
      <trkpt lat="37.570934" lon="126.653037">
        <ele>4.6</ele>
      </trkpt>
      <trkpt lat="37.570930" lon="126.652981">
        <ele>4.6</ele>
      </trkpt>
      <trkpt lat="37.570925" lon="126.652924">
        <ele>4.6</ele>
      </trkpt>
      <trkpt lat="37.570921" lon="126.652868">
        <ele>4.6</ele>
      </trkpt>
      <trkpt lat="37.570917" lon="126.652811">
        <ele>4.6</ele>
      </trkpt>
      <trkpt lat="37.570912" lon="126.652755">
        <ele>4.6</ele>
      </trkpt>
      <trkpt lat="37.570908" lon="126.652698">
        <ele>4.6</ele>
      </trkpt>
      <trkpt lat="37.570904" lon="126.652642">
        <ele>4.6</ele>
      </trkpt>
      <trkpt lat="37.570900" lon="126.652585">
        <ele>4.6</ele>
      </trkpt>
      <trkpt lat="37.570895" lon="126.652529">
        <ele>4.7</ele>
      </trkpt>
      <trkpt lat="37.570891" lon="126.652472">
        <ele>4.7</ele>
      </trkpt>
      <trkpt lat="37.570887" lon="126.652416">
        <ele>4.7</ele>
      </trkpt>
      <trkpt lat="37.570883" lon="126.652359">
        <ele>4.7</ele>
      </trkpt>
      <trkpt lat="37.570878" lon="126.652303">
        <ele>4.7</ele>
      </trkpt>
      <trkpt lat="37.570874" lon="126.652246">
        <ele>4.7</ele>
      </trkpt>
      <trkpt lat="37.570870" lon="126.652190">
        <ele>4.7</ele>
      </trkpt>
      <trkpt lat="37.570866" lon="126.652133">
        <ele>4.7</ele>
      </trkpt>
      <trkpt lat="37.570861" lon="126.652077">
        <ele>4.7</ele>
      </trkpt>
      <trkpt lat="37.570857" lon="126.652021">
        <ele>4.7</ele>
      </trkpt>
      <trkpt lat="37.570853" lon="126.651964">
        <ele>4.7</ele>
      </trkpt>
      <trkpt lat="37.570848" lon="126.651908">
        <ele>4.7</ele>
      </trkpt>
      <trkpt lat="37.570844" lon="126.651851">
        <ele>4.7</ele>
      </trkpt>
      <trkpt lat="37.570840" lon="126.651795">
        <ele>4.7</ele>
      </trkpt>
      <trkpt lat="37.570836" lon="126.651738">
        <ele>4.7</ele>
      </trkpt>
      <trkpt lat="37.570831" lon="126.651682">
        <ele>4.7</ele>
      </trkpt>
      <trkpt lat="37.570827" lon="126.651625">
        <ele>4.7</ele>
      </trkpt>
      <trkpt lat="37.570823" lon="126.651569">
        <ele>4.7</ele>
      </trkpt>
      <trkpt lat="37.570819" lon="126.651512">
        <ele>4.7</ele>
      </trkpt>
      <trkpt lat="37.570814" lon="126.651456">
        <ele>4.7</ele>
      </trkpt>
      <trkpt lat="37.570810" lon="126.651399">
        <ele>4.7</ele>
      </trkpt>
      <trkpt lat="37.570806" lon="126.651343">
        <ele>4.8</ele>
      </trkpt>
      <trkpt lat="37.570802" lon="126.651286">
        <ele>4.8</ele>
      </trkpt>
      <trkpt lat="37.570797" lon="126.651230">
        <ele>4.8</ele>
      </trkpt>
      <trkpt lat="37.570793" lon="126.651173">
        <ele>4.8</ele>
      </trkpt>
      <trkpt lat="37.570789" lon="126.651117">
        <ele>4.8</ele>
      </trkpt>
      <trkpt lat="37.570784" lon="126.651060">
        <ele>4.8</ele>
      </trkpt>
      <trkpt lat="37.570780" lon="126.651004">
        <ele>4.8</ele>
      </trkpt>
      <trkpt lat="37.570776" lon="126.650947">
        <ele>4.8</ele>
      </trkpt>
      <trkpt lat="37.570772" lon="126.650891">
        <ele>4.8</ele>
      </trkpt>
      <trkpt lat="37.570767" lon="126.650834">
        <ele>4.8</ele>
      </trkpt>
      <trkpt lat="37.570763" lon="126.650778">
        <ele>4.8</ele>
      </trkpt>
      <trkpt lat="37.570762" lon="126.650758">
        <ele>4.5</ele>
      </trkpt>
      <trkpt lat="37.570757" lon="126.650701">
        <ele>4.5</ele>
      </trkpt>
      <trkpt lat="37.570753" lon="126.650645">
        <ele>4.5</ele>
      </trkpt>
      <trkpt lat="37.570749" lon="126.650588">
        <ele>4.5</ele>
      </trkpt>
      <trkpt lat="37.570745" lon="126.650532">
        <ele>4.5</ele>
      </trkpt>
      <trkpt lat="37.570740" lon="126.650475">
        <ele>4.5</ele>
      </trkpt>
      <trkpt lat="37.570736" lon="126.650419">
        <ele>4.5</ele>
      </trkpt>
      <trkpt lat="37.570732" lon="126.650362">
        <ele>4.5</ele>
      </trkpt>
      <trkpt lat="37.570728" lon="126.650306">
        <ele>4.6</ele>
      </trkpt>
      <trkpt lat="37.570723" lon="126.650250">
        <ele>4.6</ele>
      </trkpt>
      <trkpt lat="37.570719" lon="126.650193">
        <ele>4.6</ele>
      </trkpt>
      <trkpt lat="37.570715" lon="126.650137">
        <ele>4.6</ele>
      </trkpt>
      <trkpt lat="37.570711" lon="126.650080">
        <ele>4.6</ele>
      </trkpt>
      <trkpt lat="37.570706" lon="126.650024">
        <ele>4.6</ele>
      </trkpt>
      <trkpt lat="37.570702" lon="126.649967">
        <ele>4.6</ele>
      </trkpt>
      <trkpt lat="37.570698" lon="126.649911">
        <ele>4.6</ele>
      </trkpt>
      <trkpt lat="37.570694" lon="126.649854">
        <ele>4.6</ele>
      </trkpt>
      <trkpt lat="37.570690" lon="126.649798">
        <ele>4.6</ele>
      </trkpt>
      <trkpt lat="37.570685" lon="126.649741">
        <ele>4.6</ele>
      </trkpt>
      <trkpt lat="37.570681" lon="126.649685">
        <ele>4.6</ele>
      </trkpt>
      <trkpt lat="37.570677" lon="126.649628">
        <ele>4.6</ele>
      </trkpt>
      <trkpt lat="37.570673" lon="126.649572">
        <ele>4.6</ele>
      </trkpt>
      <trkpt lat="37.570668" lon="126.649515">
        <ele>4.6</ele>
      </trkpt>
      <trkpt lat="37.570664" lon="126.649459">
        <ele>4.6</ele>
      </trkpt>
      <trkpt lat="37.570660" lon="126.649402">
        <ele>4.7</ele>
      </trkpt>
      <trkpt lat="37.570656" lon="126.649346">
        <ele>4.7</ele>
      </trkpt>
      <trkpt lat="37.570651" lon="126.649289">
        <ele>4.7</ele>
      </trkpt>
      <trkpt lat="37.570647" lon="126.649233">
        <ele>4.7</ele>
      </trkpt>
      <trkpt lat="37.570643" lon="126.649176">
        <ele>4.7</ele>
      </trkpt>
      <trkpt lat="37.570639" lon="126.649120">
        <ele>4.7</ele>
      </trkpt>
      <trkpt lat="37.570634" lon="126.649063">
        <ele>4.7</ele>
      </trkpt>
      <trkpt lat="37.570630" lon="126.649007">
        <ele>4.7</ele>
      </trkpt>
      <trkpt lat="37.570626" lon="126.648951">
        <ele>4.7</ele>
      </trkpt>
      <trkpt lat="37.570622" lon="126.648894">
        <ele>4.7</ele>
      </trkpt>
      <trkpt lat="37.570617" lon="126.648838">
        <ele>4.7</ele>
      </trkpt>
      <trkpt lat="37.570613" lon="126.648781">
        <ele>4.7</ele>
      </trkpt>
      <trkpt lat="37.570609" lon="126.648725">
        <ele>4.7</ele>
      </trkpt>
      <trkpt lat="37.570605" lon="126.648668">
        <ele>4.7</ele>
      </trkpt>
      <trkpt lat="37.570600" lon="126.648612">
        <ele>4.7</ele>
      </trkpt>
      <trkpt lat="37.570596" lon="126.648555">
        <ele>4.8</ele>
      </trkpt>
      <trkpt lat="37.570592" lon="126.648499">
        <ele>4.8</ele>
      </trkpt>
      <trkpt lat="37.570588" lon="126.648442">
        <ele>4.8</ele>
      </trkpt>
      <trkpt lat="37.570583" lon="126.648386">
        <ele>4.8</ele>
      </trkpt>
      <trkpt lat="37.570579" lon="126.648329">
        <ele>4.8</ele>
      </trkpt>
      <trkpt lat="37.570575" lon="126.648273">
        <ele>4.8</ele>
      </trkpt>
      <trkpt lat="37.570571" lon="126.648216">
        <ele>4.8</ele>
      </trkpt>
      <trkpt lat="37.570567" lon="126.648160">
        <ele>4.8</ele>
      </trkpt>
      <trkpt lat="37.570564" lon="126.648103">
        <ele>4.7</ele>
      </trkpt>
      <trkpt lat="37.570561" lon="126.648047">
        <ele>4.5</ele>
      </trkpt>
      <trkpt lat="37.570559" lon="126.647990">
        <ele>4.4</ele>
      </trkpt>
      <trkpt lat="37.570557" lon="126.647933">
        <ele>4.2</ele>
      </trkpt>
      <trkpt lat="37.570554" lon="126.647877">
        <ele>4.1</ele>
      </trkpt>
      <trkpt lat="37.570552" lon="126.647820">
        <ele>3.9</ele>
      </trkpt>
      <trkpt lat="37.570549" lon="126.647763">
        <ele>3.7</ele>
      </trkpt>
      <trkpt lat="37.570547" lon="126.647707">
        <ele>3.6</ele>
      </trkpt>
      <trkpt lat="37.570544" lon="126.647650">
        <ele>3.4</ele>
      </trkpt>
      <trkpt lat="37.570542" lon="126.647593">
        <ele>3.3</ele>
      </trkpt>
      <trkpt lat="37.570540" lon="126.647537">
        <ele>3.1</ele>
      </trkpt>
      <trkpt lat="37.570537" lon="126.647480">
        <ele>3.0</ele>
      </trkpt>
      <trkpt lat="37.570535" lon="126.647423">
        <ele>2.8</ele>
      </trkpt>
      <trkpt lat="37.570532" lon="126.647367">
        <ele>2.7</ele>
      </trkpt>
      <trkpt lat="37.570530" lon="126.647310">
        <ele>2.5</ele>
      </trkpt>
      <trkpt lat="37.570527" lon="126.647253">
        <ele>2.4</ele>
      </trkpt>
      <trkpt lat="37.570525" lon="126.647197">
        <ele>2.2</ele>
      </trkpt>
      <trkpt lat="37.570523" lon="126.647140">
        <ele>2.1</ele>
      </trkpt>
      <trkpt lat="37.570520" lon="126.647083">
        <ele>1.9</ele>
      </trkpt>
      <trkpt lat="37.570518" lon="126.647027">
        <ele>1.7</ele>
      </trkpt>
      <trkpt lat="37.570515" lon="126.646970">
        <ele>1.6</ele>
      </trkpt>
      <trkpt lat="37.570513" lon="126.646914">
        <ele>1.4</ele>
      </trkpt>
      <trkpt lat="37.570510" lon="126.646857">
        <ele>1.3</ele>
      </trkpt>
      <trkpt lat="37.570508" lon="126.646800">
        <ele>1.1</ele>
      </trkpt>
      <trkpt lat="37.570506" lon="126.646744">
        <ele>1.0</ele>
      </trkpt>
      <trkpt lat="37.570510" lon="126.646710">
        <ele>1.0</ele>
      </trkpt>
      <trkpt lat="37.570514" lon="126.646657">
        <ele>1.0</ele>
      </trkpt>
      <trkpt lat="37.570526" lon="126.646602">
        <ele>1.1</ele>
      </trkpt>
      <trkpt lat="37.570542" lon="126.646549">
        <ele>1.3</ele>
      </trkpt>
      <trkpt lat="37.570555" lon="126.646495">
        <ele>1.6</ele>
      </trkpt>
      <trkpt lat="37.570563" lon="126.646439">
        <ele>1.8</ele>
      </trkpt>
      <trkpt lat="37.570560" lon="126.646382">
        <ele>1.8</ele>
      </trkpt>
      <trkpt lat="37.570557" lon="126.646326">
        <ele>1.8</ele>
      </trkpt>
      <trkpt lat="37.570554" lon="126.646269">
        <ele>1.9</ele>
      </trkpt>
      <trkpt lat="37.570550" lon="126.646213">
        <ele>1.9</ele>
      </trkpt>
      <trkpt lat="37.570547" lon="126.646156">
        <ele>1.9</ele>
      </trkpt>
      <trkpt lat="37.570544" lon="126.646099">
        <ele>1.9</ele>
      </trkpt>
      <trkpt lat="37.570541" lon="126.646043">
        <ele>2.0</ele>
      </trkpt>
      <trkpt lat="37.570538" lon="126.645986">
        <ele>2.0</ele>
      </trkpt>
      <trkpt lat="37.570535" lon="126.645930">
        <ele>2.0</ele>
      </trkpt>
      <trkpt lat="37.570532" lon="126.645873">
        <ele>2.0</ele>
      </trkpt>
      <trkpt lat="37.570529" lon="126.645816">
        <ele>2.1</ele>
      </trkpt>
      <trkpt lat="37.570525" lon="126.645760">
        <ele>2.1</ele>
      </trkpt>
      <trkpt lat="37.570522" lon="126.645703">
        <ele>2.1</ele>
      </trkpt>
      <trkpt lat="37.570519" lon="126.645647">
        <ele>2.1</ele>
      </trkpt>
      <trkpt lat="37.570516" lon="126.645590">
        <ele>2.2</ele>
      </trkpt>
      <trkpt lat="37.570513" lon="126.645533">
        <ele>2.2</ele>
      </trkpt>
      <trkpt lat="37.570510" lon="126.645477">
        <ele>2.2</ele>
      </trkpt>
      <trkpt lat="37.570507" lon="126.645420">
        <ele>2.2</ele>
      </trkpt>
      <trkpt lat="37.570504" lon="126.645364">
        <ele>2.3</ele>
      </trkpt>
      <trkpt lat="37.570500" lon="126.645307">
        <ele>2.3</ele>
      </trkpt>
      <trkpt lat="37.570497" lon="126.645250">
        <ele>2.3</ele>
      </trkpt>
      <trkpt lat="37.570494" lon="126.645194">
        <ele>2.3</ele>
      </trkpt>
      <trkpt lat="37.570491" lon="126.645137">
        <ele>2.4</ele>
      </trkpt>
      <trkpt lat="37.570488" lon="126.645081">
        <ele>2.4</ele>
      </trkpt>
      <trkpt lat="37.570485" lon="126.645024">
        <ele>2.4</ele>
      </trkpt>
      <trkpt lat="37.570482" lon="126.644967">
        <ele>2.4</ele>
      </trkpt>
      <trkpt lat="37.570479" lon="126.644911">
        <ele>2.5</ele>
      </trkpt>
      <trkpt lat="37.570475" lon="126.644854">
        <ele>2.5</ele>
      </trkpt>
      <trkpt lat="37.570472" lon="126.644798">
        <ele>2.5</ele>
      </trkpt>
      <trkpt lat="37.570469" lon="126.644741">
        <ele>2.5</ele>
      </trkpt>
      <trkpt lat="37.570466" lon="126.644685">
        <ele>2.6</ele>
      </trkpt>
      <trkpt lat="37.570463" lon="126.644628">
        <ele>2.6</ele>
      </trkpt>
      <trkpt lat="37.570460" lon="126.644571">
        <ele>2.6</ele>
      </trkpt>
      <trkpt lat="37.570457" lon="126.644515">
        <ele>2.6</ele>
      </trkpt>
      <trkpt lat="37.570454" lon="126.644458">
        <ele>2.7</ele>
      </trkpt>
      <trkpt lat="37.570450" lon="126.644402">
        <ele>2.7</ele>
      </trkpt>
      <trkpt lat="37.570447" lon="126.644345">
        <ele>2.7</ele>
      </trkpt>
      <trkpt lat="37.570444" lon="126.644288">
        <ele>2.7</ele>
      </trkpt>
      <trkpt lat="37.570441" lon="126.644232">
        <ele>2.8</ele>
      </trkpt>
      <trkpt lat="37.570438" lon="126.644175">
        <ele>2.8</ele>
      </trkpt>
      <trkpt lat="37.570435" lon="126.644119">
        <ele>2.8</ele>
      </trkpt>
      <trkpt lat="37.570432" lon="126.644062">
        <ele>2.8</ele>
      </trkpt>
      <trkpt lat="37.570429" lon="126.644005">
        <ele>2.8</ele>
      </trkpt>
      <trkpt lat="37.570425" lon="126.643949">
        <ele>2.9</ele>
      </trkpt>
      <trkpt lat="37.570422" lon="126.643892">
        <ele>2.9</ele>
      </trkpt>
      <trkpt lat="37.570419" lon="126.643836">
        <ele>2.9</ele>
      </trkpt>
      <trkpt lat="37.570416" lon="126.643779">
        <ele>2.9</ele>
      </trkpt>
      <trkpt lat="37.570413" lon="126.643722">
        <ele>3.0</ele>
      </trkpt>
      <trkpt lat="37.570410" lon="126.643666">
        <ele>3.0</ele>
      </trkpt>
      <trkpt lat="37.570407" lon="126.643609">
        <ele>3.0</ele>
      </trkpt>
      <trkpt lat="37.570404" lon="126.643553">
        <ele>3.0</ele>
      </trkpt>
      <trkpt lat="37.570400" lon="126.643496">
        <ele>3.1</ele>
      </trkpt>
      <trkpt lat="37.570397" lon="126.643439">
        <ele>3.1</ele>
      </trkpt>
      <trkpt lat="37.570394" lon="126.643383">
        <ele>3.1</ele>
      </trkpt>
      <trkpt lat="37.570391" lon="126.643326">
        <ele>3.1</ele>
      </trkpt>
      <trkpt lat="37.570388" lon="126.643270">
        <ele>3.2</ele>
      </trkpt>
      <trkpt lat="37.570385" lon="126.643213">
        <ele>3.2</ele>
      </trkpt>
      <trkpt lat="37.570382" lon="126.643156">
        <ele>3.2</ele>
      </trkpt>
      <trkpt lat="37.570379" lon="126.643100">
        <ele>3.2</ele>
      </trkpt>
      <trkpt lat="37.570375" lon="126.643043">
        <ele>3.3</ele>
      </trkpt>
      <trkpt lat="37.570372" lon="126.642987">
        <ele>3.3</ele>
      </trkpt>
      <trkpt lat="37.570369" lon="126.642930">
        <ele>3.3</ele>
      </trkpt>
      <trkpt lat="37.570366" lon="126.642873">
        <ele>3.3</ele>
      </trkpt>
      <trkpt lat="37.570363" lon="126.642817">
        <ele>3.4</ele>
      </trkpt>
      <trkpt lat="37.570360" lon="126.642760">
        <ele>3.4</ele>
      </trkpt>
      <trkpt lat="37.570357" lon="126.642704">
        <ele>3.4</ele>
      </trkpt>
      <trkpt lat="37.570354" lon="126.642647">
        <ele>3.4</ele>
      </trkpt>
      <trkpt lat="37.570350" lon="126.642590">
        <ele>3.5</ele>
      </trkpt>
      <trkpt lat="37.570347" lon="126.642534">
        <ele>3.5</ele>
      </trkpt>
      <trkpt lat="37.570344" lon="126.642477">
        <ele>3.5</ele>
      </trkpt>
      <trkpt lat="37.570341" lon="126.642421">
        <ele>3.6</ele>
      </trkpt>
      <trkpt lat="37.570339" lon="126.642364">
        <ele>3.6</ele>
      </trkpt>
      <trkpt lat="37.570336" lon="126.642307">
        <ele>3.7</ele>
      </trkpt>
      <trkpt lat="37.570333" lon="126.642251">
        <ele>3.7</ele>
      </trkpt>
      <trkpt lat="37.570330" lon="126.642194">
        <ele>3.7</ele>
      </trkpt>
      <trkpt lat="37.570327" lon="126.642138">
        <ele>3.8</ele>
      </trkpt>
      <trkpt lat="37.570325" lon="126.642081">
        <ele>3.8</ele>
      </trkpt>
      <trkpt lat="37.570322" lon="126.642024">
        <ele>3.9</ele>
      </trkpt>
      <trkpt lat="37.570319" lon="126.641968">
        <ele>3.9</ele>
      </trkpt>
      <trkpt lat="37.570316" lon="126.641911">
        <ele>4.0</ele>
      </trkpt>
      <trkpt lat="37.570313" lon="126.641854">
        <ele>4.0</ele>
      </trkpt>
      <trkpt lat="37.570310" lon="126.641798">
        <ele>4.1</ele>
      </trkpt>
      <trkpt lat="37.570308" lon="126.641741">
        <ele>4.1</ele>
      </trkpt>
      <trkpt lat="37.570305" lon="126.641685">
        <ele>4.2</ele>
      </trkpt>
      <trkpt lat="37.570302" lon="126.641628">
        <ele>4.2</ele>
      </trkpt>
      <trkpt lat="37.570299" lon="126.641571">
        <ele>4.2</ele>
      </trkpt>
      <trkpt lat="37.570296" lon="126.641515">
        <ele>4.3</ele>
      </trkpt>
      <trkpt lat="37.570294" lon="126.641458">
        <ele>4.3</ele>
      </trkpt>
      <trkpt lat="37.570291" lon="126.641401">
        <ele>4.4</ele>
      </trkpt>
      <trkpt lat="37.570288" lon="126.641345">
        <ele>4.4</ele>
      </trkpt>
      <trkpt lat="37.570285" lon="126.641288">
        <ele>4.5</ele>
      </trkpt>
      <trkpt lat="37.570282" lon="126.641232">
        <ele>4.5</ele>
      </trkpt>
      <trkpt lat="37.570280" lon="126.641175">
        <ele>4.6</ele>
      </trkpt>
      <trkpt lat="37.570277" lon="126.641118">
        <ele>4.6</ele>
      </trkpt>
      <trkpt lat="37.570274" lon="126.641062">
        <ele>4.7</ele>
      </trkpt>
      <trkpt lat="37.570271" lon="126.641005">
        <ele>4.7</ele>
      </trkpt>
      <trkpt lat="37.570268" lon="126.640949">
        <ele>4.8</ele>
      </trkpt>
      <trkpt lat="37.570265" lon="126.640892">
        <ele>4.8</ele>
      </trkpt>
      <trkpt lat="37.570263" lon="126.640835">
        <ele>4.8</ele>
      </trkpt>
      <trkpt lat="37.570260" lon="126.640779">
        <ele>4.9</ele>
      </trkpt>
      <trkpt lat="37.570257" lon="126.640722">
        <ele>4.9</ele>
      </trkpt>
      <trkpt lat="37.570254" lon="126.640665">
        <ele>5.0</ele>
      </trkpt>
      <trkpt lat="37.570251" lon="126.640609">
        <ele>5.0</ele>
      </trkpt>
      <trkpt lat="37.570249" lon="126.640552">
        <ele>5.1</ele>
      </trkpt>
      <trkpt lat="37.570246" lon="126.640496">
        <ele>5.1</ele>
      </trkpt>
      <trkpt lat="37.570243" lon="126.640439">
        <ele>5.2</ele>
      </trkpt>
      <trkpt lat="37.570240" lon="126.640382">
        <ele>5.2</ele>
      </trkpt>
      <trkpt lat="37.570237" lon="126.640326">
        <ele>5.3</ele>
      </trkpt>
      <trkpt lat="37.570234" lon="126.640269">
        <ele>5.3</ele>
      </trkpt>
      <trkpt lat="37.570230" lon="126.640213">
        <ele>5.4</ele>
      </trkpt>
      <trkpt lat="37.570226" lon="126.640156">
        <ele>5.5</ele>
      </trkpt>
      <trkpt lat="37.570221" lon="126.640100">
        <ele>5.6</ele>
      </trkpt>
      <trkpt lat="37.570217" lon="126.640043">
        <ele>5.7</ele>
      </trkpt>
      <trkpt lat="37.570212" lon="126.639987">
        <ele>5.8</ele>
      </trkpt>
      <trkpt lat="37.570208" lon="126.639930">
        <ele>5.9</ele>
      </trkpt>
      <trkpt lat="37.570203" lon="126.639874">
        <ele>6.1</ele>
      </trkpt>
      <trkpt lat="37.570196" lon="126.639818">
        <ele>6.2</ele>
      </trkpt>
      <trkpt lat="37.570189" lon="126.639762">
        <ele>6.3</ele>
      </trkpt>
      <trkpt lat="37.570183" lon="126.639706">
        <ele>6.4</ele>
      </trkpt>
      <trkpt lat="37.570176" lon="126.639650">
        <ele>6.5</ele>
      </trkpt>
      <trkpt lat="37.570169" lon="126.639593">
        <ele>6.6</ele>
      </trkpt>
      <trkpt lat="37.570163" lon="126.639537">
        <ele>6.7</ele>
      </trkpt>
      <trkpt lat="37.570156" lon="126.639481">
        <ele>6.9</ele>
      </trkpt>
      <trkpt lat="37.570149" lon="126.639425">
        <ele>7.0</ele>
      </trkpt>
      <trkpt lat="37.570143" lon="126.639369">
        <ele>7.1</ele>
      </trkpt>
      <trkpt lat="37.570136" lon="126.639313">
        <ele>7.2</ele>
      </trkpt>
      <trkpt lat="37.570130" lon="126.639257">
        <ele>7.3</ele>
      </trkpt>
      <trkpt lat="37.570123" lon="126.639201">
        <ele>7.4</ele>
      </trkpt>
      <trkpt lat="37.570116" lon="126.639145">
        <ele>7.5</ele>
      </trkpt>
      <trkpt lat="37.570110" lon="126.639088">
        <ele>7.7</ele>
      </trkpt>
      <trkpt lat="37.570103" lon="126.639032">
        <ele>7.8</ele>
      </trkpt>
      <trkpt lat="37.570095" lon="126.638977">
        <ele>7.7</ele>
      </trkpt>
      <trkpt lat="37.570086" lon="126.638921">
        <ele>7.5</ele>
      </trkpt>
      <trkpt lat="37.570077" lon="126.638865">
        <ele>7.4</ele>
      </trkpt>
      <trkpt lat="37.570068" lon="126.638810">
        <ele>7.2</ele>
      </trkpt>
      <trkpt lat="37.570059" lon="126.638754">
        <ele>7.0</ele>
      </trkpt>
      <trkpt lat="37.570050" lon="126.638699">
        <ele>6.9</ele>
      </trkpt>
      <trkpt lat="37.570041" lon="126.638643">
        <ele>6.7</ele>
      </trkpt>
      <trkpt lat="37.570032" lon="126.638587">
        <ele>6.6</ele>
      </trkpt>
      <trkpt lat="37.570028" lon="126.638564">
        <ele>6.5</ele>
      </trkpt>
      <trkpt lat="37.570019" lon="126.638509">
        <ele>6.5</ele>
      </trkpt>
      <trkpt lat="37.570008" lon="126.638454">
        <ele>6.5</ele>
      </trkpt>
      <trkpt lat="37.569997" lon="126.638398">
        <ele>6.5</ele>
      </trkpt>
      <trkpt lat="37.569987" lon="126.638343">
        <ele>6.5</ele>
      </trkpt>
      <trkpt lat="37.569976" lon="126.638288">
        <ele>6.4</ele>
      </trkpt>
      <trkpt lat="37.569965" lon="126.638233">
        <ele>6.4</ele>
      </trkpt>
      <trkpt lat="37.569955" lon="126.638178">
        <ele>6.4</ele>
      </trkpt>
      <trkpt lat="37.569944" lon="126.638123">
        <ele>6.4</ele>
      </trkpt>
      <trkpt lat="37.569933" lon="126.638068">
        <ele>6.4</ele>
      </trkpt>
      <trkpt lat="37.569923" lon="126.638013">
        <ele>6.4</ele>
      </trkpt>
      <trkpt lat="37.569912" lon="126.637958">
        <ele>6.4</ele>
      </trkpt>
      <trkpt lat="37.569901" lon="126.637902">
        <ele>6.3</ele>
      </trkpt>
      <trkpt lat="37.569891" lon="126.637847">
        <ele>6.3</ele>
      </trkpt>
      <trkpt lat="37.569880" lon="126.637792">
        <ele>6.3</ele>
      </trkpt>
      <trkpt lat="37.569869" lon="126.637737">
        <ele>6.3</ele>
      </trkpt>
      <trkpt lat="37.569857" lon="126.637683">
        <ele>6.2</ele>
      </trkpt>
      <trkpt lat="37.569845" lon="126.637628">
        <ele>6.2</ele>
      </trkpt>
      <trkpt lat="37.569832" lon="126.637573">
        <ele>6.1</ele>
      </trkpt>
      <trkpt lat="37.569820" lon="126.637519">
        <ele>6.1</ele>
      </trkpt>
      <trkpt lat="37.569808" lon="126.637464">
        <ele>6.0</ele>
      </trkpt>
      <trkpt lat="37.569796" lon="126.637410">
        <ele>5.9</ele>
      </trkpt>
      <trkpt lat="37.569784" lon="126.637355">
        <ele>5.9</ele>
      </trkpt>
      <trkpt lat="37.569771" lon="126.637300">
        <ele>5.8</ele>
      </trkpt>
      <trkpt lat="37.569758" lon="126.637246">
        <ele>5.7</ele>
      </trkpt>
      <trkpt lat="37.569744" lon="126.637192">
        <ele>5.6</ele>
      </trkpt>
      <trkpt lat="37.569730" lon="126.637138">
        <ele>5.4</ele>
      </trkpt>
      <trkpt lat="37.569716" lon="126.637084">
        <ele>5.3</ele>
      </trkpt>
      <trkpt lat="37.569702" lon="126.637030">
        <ele>5.2</ele>
      </trkpt>
      <trkpt lat="37.569689" lon="126.636976">
        <ele>5.1</ele>
      </trkpt>
      <trkpt lat="37.569674" lon="126.636923">
        <ele>5.0</ele>
      </trkpt>
      <trkpt lat="37.569659" lon="126.636869">
        <ele>4.9</ele>
      </trkpt>
      <trkpt lat="37.569645" lon="126.636816">
        <ele>4.9</ele>
      </trkpt>
      <trkpt lat="37.569630" lon="126.636762">
        <ele>4.8</ele>
      </trkpt>
      <trkpt lat="37.569615" lon="126.636708">
        <ele>4.8</ele>
      </trkpt>
      <trkpt lat="37.569600" lon="126.636655">
        <ele>4.7</ele>
      </trkpt>
      <trkpt lat="37.569585" lon="126.636601">
        <ele>4.7</ele>
      </trkpt>
      <trkpt lat="37.569570" lon="126.636548">
        <ele>4.6</ele>
      </trkpt>
      <trkpt lat="37.569555" lon="126.636494">
        <ele>4.6</ele>
      </trkpt>
      <trkpt lat="37.569540" lon="126.636441">
        <ele>4.5</ele>
      </trkpt>
      <trkpt lat="37.569525" lon="126.636387">
        <ele>4.5</ele>
      </trkpt>
      <trkpt lat="37.569510" lon="126.636334">
        <ele>4.4</ele>
      </trkpt>
      <trkpt lat="37.569495" lon="126.636280">
        <ele>4.4</ele>
      </trkpt>
      <trkpt lat="37.569480" lon="126.636227">
        <ele>4.3</ele>
      </trkpt>
      <trkpt lat="37.569466" lon="126.636173">
        <ele>4.3</ele>
      </trkpt>
      <trkpt lat="37.569451" lon="126.636120">
        <ele>4.2</ele>
      </trkpt>
      <trkpt lat="37.569436" lon="126.636066">
        <ele>4.2</ele>
      </trkpt>
      <trkpt lat="37.569421" lon="126.636013">
        <ele>4.1</ele>
      </trkpt>
      <trkpt lat="37.569406" lon="126.635959">
        <ele>4.1</ele>
      </trkpt>
      <trkpt lat="37.569391" lon="126.635906">
        <ele>4.0</ele>
      </trkpt>
      <trkpt lat="37.569376" lon="126.635852">
        <ele>4.0</ele>
      </trkpt>
      <trkpt lat="37.569361" lon="126.635799">
        <ele>3.9</ele>
      </trkpt>
      <trkpt lat="37.569346" lon="126.635745">
        <ele>3.9</ele>
      </trkpt>
      <trkpt lat="37.569331" lon="126.635692">
        <ele>3.8</ele>
      </trkpt>
      <trkpt lat="37.569316" lon="126.635638">
        <ele>3.8</ele>
      </trkpt>
      <trkpt lat="37.569301" lon="126.635585">
        <ele>3.7</ele>
      </trkpt>
      <trkpt lat="37.569286" lon="126.635531">
        <ele>3.7</ele>
      </trkpt>
      <trkpt lat="37.569272" lon="126.635478">
        <ele>3.6</ele>
      </trkpt>
      <trkpt lat="37.569257" lon="126.635424">
        <ele>3.6</ele>
      </trkpt>
      <trkpt lat="37.569242" lon="126.635371">
        <ele>3.5</ele>
      </trkpt>
      <trkpt lat="37.569221" lon="126.635321">
        <ele>3.3</ele>
      </trkpt>
      <trkpt lat="37.569186" lon="126.635285">
        <ele>3.5</ele>
      </trkpt>
      <trkpt lat="37.569146" lon="126.635259">
        <ele>4.2</ele>
      </trkpt>
      <trkpt lat="37.569141" lon="126.635247">
        <ele>3.6</ele>
      </trkpt>
      <trkpt lat="37.569104" lon="126.635230">
        <ele>3.5</ele>
      </trkpt>
      <trkpt lat="37.569064" lon="126.635203">
        <ele>3.7</ele>
      </trkpt>
      <trkpt lat="37.569024" lon="126.635176">
        <ele>3.9</ele>
      </trkpt>
      <trkpt lat="37.568985" lon="126.635149">
        <ele>4.2</ele>
      </trkpt>
      <trkpt lat="37.568947" lon="126.635119">
        <ele>4.4</ele>
      </trkpt>
      <trkpt lat="37.568915" lon="126.635080">
        <ele>4.5</ele>
      </trkpt>
      <trkpt lat="37.568891" lon="126.635032">
        <ele>4.5</ele>
      </trkpt>
      <trkpt lat="37.568876" lon="126.634978">
        <ele>4.4</ele>
      </trkpt>
      <trkpt lat="37.568861" lon="126.634925">
        <ele>4.3</ele>
      </trkpt>
      <trkpt lat="37.568846" lon="126.634871">
        <ele>4.1</ele>
      </trkpt>
      <trkpt lat="37.568831" lon="126.634818">
        <ele>4.0</ele>
      </trkpt>
      <trkpt lat="37.568816" lon="126.634764">
        <ele>3.9</ele>
      </trkpt>
      <trkpt lat="37.568801" lon="126.634711">
        <ele>3.8</ele>
      </trkpt>
      <trkpt lat="37.568786" lon="126.634657">
        <ele>3.7</ele>
      </trkpt>
      <trkpt lat="37.568772" lon="126.634604">
        <ele>3.5</ele>
      </trkpt>
      <trkpt lat="37.568757" lon="126.634550">
        <ele>3.4</ele>
      </trkpt>
      <trkpt lat="37.568742" lon="126.634497">
        <ele>3.3</ele>
      </trkpt>
      <trkpt lat="37.568727" lon="126.634443">
        <ele>3.2</ele>
      </trkpt>
      <trkpt lat="37.568712" lon="126.634390">
        <ele>3.0</ele>
      </trkpt>
      <trkpt lat="37.568697" lon="126.634336">
        <ele>2.9</ele>
      </trkpt>
      <trkpt lat="37.568682" lon="126.634283">
        <ele>2.8</ele>
      </trkpt>
      <trkpt lat="37.568667" lon="126.634229">
        <ele>2.9</ele>
      </trkpt>
      <trkpt lat="37.568652" lon="126.634176">
        <ele>3.1</ele>
      </trkpt>
      <trkpt lat="37.568637" lon="126.634122">
        <ele>3.2</ele>
      </trkpt>
      <trkpt lat="37.568622" lon="126.634069">
        <ele>3.4</ele>
      </trkpt>
      <trkpt lat="37.568607" lon="126.634015">
        <ele>3.6</ele>
      </trkpt>
      <trkpt lat="37.568592" lon="126.633962">
        <ele>3.7</ele>
      </trkpt>
      <trkpt lat="37.568577" lon="126.633908">
        <ele>3.9</ele>
      </trkpt>
      <trkpt lat="37.568562" lon="126.633855">
        <ele>4.0</ele>
      </trkpt>
      <trkpt lat="37.568547" lon="126.633801">
        <ele>4.2</ele>
      </trkpt>
      <trkpt lat="37.568532" lon="126.633748">
        <ele>4.3</ele>
      </trkpt>
      <trkpt lat="37.568517" lon="126.633694">
        <ele>4.5</ele>
      </trkpt>
      <trkpt lat="37.568503" lon="126.633641">
        <ele>4.6</ele>
      </trkpt>
      <trkpt lat="37.568489" lon="126.633587">
        <ele>4.8</ele>
      </trkpt>
      <trkpt lat="37.568474" lon="126.633533">
        <ele>5.0</ele>
      </trkpt>
      <trkpt lat="37.568460" lon="126.633479">
        <ele>5.1</ele>
      </trkpt>
      <trkpt lat="37.568446" lon="126.633425">
        <ele>5.3</ele>
      </trkpt>
      <trkpt lat="37.568432" lon="126.633371">
        <ele>5.5</ele>
      </trkpt>
      <trkpt lat="37.568418" lon="126.633317">
        <ele>5.7</ele>
      </trkpt>
      <trkpt lat="37.568404" lon="126.633264">
        <ele>5.8</ele>
      </trkpt>
      <trkpt lat="37.568390" lon="126.633210">
        <ele>6.0</ele>
      </trkpt>
      <trkpt lat="37.568376" lon="126.633156">
        <ele>6.0</ele>
      </trkpt>
      <trkpt lat="37.568362" lon="126.633102">
        <ele>6.0</ele>
      </trkpt>
      <trkpt lat="37.568347" lon="126.633048">
        <ele>5.9</ele>
      </trkpt>
      <trkpt lat="37.568333" lon="126.632994">
        <ele>5.9</ele>
      </trkpt>
      <trkpt lat="37.568319" lon="126.632940">
        <ele>5.9</ele>
      </trkpt>
      <trkpt lat="37.568305" lon="126.632887">
        <ele>5.9</ele>
      </trkpt>
      <trkpt lat="37.568291" lon="126.632833">
        <ele>5.8</ele>
      </trkpt>
      <trkpt lat="37.568276" lon="126.632779">
        <ele>5.8</ele>
      </trkpt>
      <trkpt lat="37.568262" lon="126.632725">
        <ele>5.8</ele>
      </trkpt>
      <trkpt lat="37.568248" lon="126.632671">
        <ele>5.8</ele>
      </trkpt>
      <trkpt lat="37.568234" lon="126.632617">
        <ele>5.7</ele>
      </trkpt>
      <trkpt lat="37.568220" lon="126.632564">
        <ele>5.7</ele>
      </trkpt>
      <trkpt lat="37.568206" lon="126.632510">
        <ele>5.7</ele>
      </trkpt>
      <trkpt lat="37.568191" lon="126.632456">
        <ele>5.7</ele>
      </trkpt>
      <trkpt lat="37.568177" lon="126.632402">
        <ele>5.6</ele>
      </trkpt>
      <trkpt lat="37.568163" lon="126.632348">
        <ele>5.6</ele>
      </trkpt>
      <trkpt lat="37.568149" lon="126.632294">
        <ele>5.6</ele>
      </trkpt>
      <trkpt lat="37.568135" lon="126.632241">
        <ele>5.6</ele>
      </trkpt>
      <trkpt lat="37.568121" lon="126.632187">
        <ele>5.5</ele>
      </trkpt>
      <trkpt lat="37.568106" lon="126.632133">
        <ele>5.5</ele>
      </trkpt>
      <trkpt lat="37.568092" lon="126.632079">
        <ele>5.5</ele>
      </trkpt>
      <trkpt lat="37.568078" lon="126.632025">
        <ele>5.5</ele>
      </trkpt>
      <trkpt lat="37.568064" lon="126.631971">
        <ele>5.5</ele>
      </trkpt>
      <trkpt lat="37.568050" lon="126.631918">
        <ele>5.4</ele>
      </trkpt>
      <trkpt lat="37.568036" lon="126.631864">
        <ele>5.4</ele>
      </trkpt>
      <trkpt lat="37.568021" lon="126.631810">
        <ele>5.4</ele>
      </trkpt>
      <trkpt lat="37.568007" lon="126.631756">
        <ele>5.4</ele>
      </trkpt>
      <trkpt lat="37.567993" lon="126.631702">
        <ele>5.3</ele>
      </trkpt>
      <trkpt lat="37.567979" lon="126.631648">
        <ele>5.3</ele>
      </trkpt>
      <trkpt lat="37.567965" lon="126.631595">
        <ele>5.3</ele>
      </trkpt>
      <trkpt lat="37.567950" lon="126.631541">
        <ele>5.3</ele>
      </trkpt>
      <trkpt lat="37.567936" lon="126.631487">
        <ele>5.2</ele>
      </trkpt>
      <trkpt lat="37.567922" lon="126.631433">
        <ele>5.2</ele>
      </trkpt>
      <trkpt lat="37.567908" lon="126.631379">
        <ele>5.2</ele>
      </trkpt>
      <trkpt lat="37.567894" lon="126.631325">
        <ele>5.2</ele>
      </trkpt>
      <trkpt lat="37.567880" lon="126.631271">
        <ele>5.1</ele>
      </trkpt>
      <trkpt lat="37.567865" lon="126.631218">
        <ele>5.1</ele>
      </trkpt>
      <trkpt lat="37.567851" lon="126.631164">
        <ele>5.1</ele>
      </trkpt>
      <trkpt lat="37.567837" lon="126.631110">
        <ele>5.1</ele>
      </trkpt>
      <trkpt lat="37.567823" lon="126.631056">
        <ele>5.0</ele>
      </trkpt>
      <trkpt lat="37.567809" lon="126.631002">
        <ele>5.0</ele>
      </trkpt>
      <trkpt lat="37.567795" lon="126.630948">
        <ele>5.0</ele>
      </trkpt>
      <trkpt lat="37.567780" lon="126.630895">
        <ele>5.0</ele>
      </trkpt>
      <trkpt lat="37.567766" lon="126.630841">
        <ele>4.9</ele>
      </trkpt>
      <trkpt lat="37.567752" lon="126.630787">
        <ele>4.9</ele>
      </trkpt>
      <trkpt lat="37.567738" lon="126.630733">
        <ele>4.9</ele>
      </trkpt>
      <trkpt lat="37.567724" lon="126.630679">
        <ele>4.9</ele>
      </trkpt>
      <trkpt lat="37.567709" lon="126.630625">
        <ele>4.9</ele>
      </trkpt>
      <trkpt lat="37.567695" lon="126.630572">
        <ele>4.8</ele>
      </trkpt>
      <trkpt lat="37.567681" lon="126.630518">
        <ele>4.8</ele>
      </trkpt>
      <trkpt lat="37.567667" lon="126.630464">
        <ele>4.8</ele>
      </trkpt>
      <trkpt lat="37.567653" lon="126.630410">
        <ele>4.8</ele>
      </trkpt>
      <trkpt lat="37.567639" lon="126.630356">
        <ele>4.7</ele>
      </trkpt>
      <trkpt lat="37.567624" lon="126.630302">
        <ele>4.7</ele>
      </trkpt>
      <trkpt lat="37.567610" lon="126.630249">
        <ele>4.7</ele>
      </trkpt>
      <trkpt lat="37.567596" lon="126.630195">
        <ele>4.7</ele>
      </trkpt>
      <trkpt lat="37.567582" lon="126.630141">
        <ele>4.6</ele>
      </trkpt>
      <trkpt lat="37.567568" lon="126.630087">
        <ele>4.6</ele>
      </trkpt>
      <trkpt lat="37.567554" lon="126.630033">
        <ele>4.6</ele>
      </trkpt>
      <trkpt lat="37.567539" lon="126.629979">
        <ele>4.6</ele>
      </trkpt>
      <trkpt lat="37.567525" lon="126.629926">
        <ele>4.5</ele>
      </trkpt>
      <trkpt lat="37.567511" lon="126.629872">
        <ele>4.5</ele>
      </trkpt>
      <trkpt lat="37.567497" lon="126.629818">
        <ele>4.5</ele>
      </trkpt>
      <trkpt lat="37.567483" lon="126.629764">
        <ele>4.5</ele>
      </trkpt>
      <trkpt lat="37.567468" lon="126.629710">
        <ele>4.4</ele>
      </trkpt>
      <trkpt lat="37.567454" lon="126.629656">
        <ele>4.4</ele>
      </trkpt>
      <trkpt lat="37.567440" lon="126.629603">
        <ele>4.4</ele>
      </trkpt>
      <trkpt lat="37.567426" lon="126.629549">
        <ele>4.4</ele>
      </trkpt>
      <trkpt lat="37.567412" lon="126.629495">
        <ele>4.4</ele>
      </trkpt>
      <trkpt lat="37.567398" lon="126.629441">
        <ele>4.3</ele>
      </trkpt>
      <trkpt lat="37.567383" lon="126.629387">
        <ele>4.3</ele>
      </trkpt>
      <trkpt lat="37.567369" lon="126.629333">
        <ele>4.3</ele>
      </trkpt>
      <trkpt lat="37.567355" lon="126.629280">
        <ele>4.3</ele>
      </trkpt>
      <trkpt lat="37.567341" lon="126.629226">
        <ele>4.2</ele>
      </trkpt>
      <trkpt lat="37.567327" lon="126.629172">
        <ele>4.2</ele>
      </trkpt>
      <trkpt lat="37.567313" lon="126.629118">
        <ele>4.2</ele>
      </trkpt>
      <trkpt lat="37.567298" lon="126.629064">
        <ele>4.2</ele>
      </trkpt>
      <trkpt lat="37.567284" lon="126.629010">
        <ele>4.1</ele>
      </trkpt>
      <trkpt lat="37.567270" lon="126.628956">
        <ele>4.1</ele>
      </trkpt>
      <trkpt lat="37.567256" lon="126.628903">
        <ele>4.1</ele>
      </trkpt>
      <trkpt lat="37.567242" lon="126.628849">
        <ele>4.1</ele>
      </trkpt>
      <trkpt lat="37.567227" lon="126.628795">
        <ele>4.0</ele>
      </trkpt>
      <trkpt lat="37.567213" lon="126.628741">
        <ele>4.0</ele>
      </trkpt>
      <trkpt lat="37.567201" lon="126.628687">
        <ele>3.9</ele>
      </trkpt>
      <trkpt lat="37.567193" lon="126.628631">
        <ele>3.7</ele>
      </trkpt>
      <trkpt lat="37.567186" lon="126.628575">
        <ele>3.5</ele>
      </trkpt>
      <trkpt lat="37.567184" lon="126.628518">
        <ele>3.5</ele>
      </trkpt>
      <trkpt lat="37.567186" lon="126.628462">
        <ele>3.4</ele>
      </trkpt>
      <trkpt lat="37.567191" lon="126.628405">
        <ele>3.2</ele>
      </trkpt>
      <trkpt lat="37.567194" lon="126.628349">
        <ele>3.0</ele>
      </trkpt>
      <trkpt lat="37.567192" lon="126.628292">
        <ele>2.8</ele>
      </trkpt>
      <trkpt lat="37.567184" lon="126.628236">
        <ele>2.8</ele>
      </trkpt>
      <trkpt lat="37.567175" lon="126.628182">
        <ele>2.8</ele>
      </trkpt>
      <trkpt lat="37.567160" lon="126.628129">
        <ele>2.8</ele>
      </trkpt>
      <trkpt lat="37.567145" lon="126.628075">
        <ele>2.9</ele>
      </trkpt>
      <trkpt lat="37.567130" lon="126.628022">
        <ele>2.9</ele>
      </trkpt>
      <trkpt lat="37.567115" lon="126.627968">
        <ele>2.9</ele>
      </trkpt>
      <trkpt lat="37.567100" lon="126.627915">
        <ele>2.9</ele>
      </trkpt>
      <trkpt lat="37.567085" lon="126.627861">
        <ele>3.0</ele>
      </trkpt>
      <trkpt lat="37.567070" lon="126.627808">
        <ele>3.0</ele>
      </trkpt>
      <trkpt lat="37.567055" lon="126.627754">
        <ele>3.0</ele>
      </trkpt>
      <trkpt lat="37.567040" lon="126.627701">
        <ele>3.0</ele>
      </trkpt>
      <trkpt lat="37.567026" lon="126.627647">
        <ele>3.1</ele>
      </trkpt>
      <trkpt lat="37.567011" lon="126.627594">
        <ele>3.1</ele>
      </trkpt>
      <trkpt lat="37.566996" lon="126.627540">
        <ele>3.1</ele>
      </trkpt>
      <trkpt lat="37.566981" lon="126.627487">
        <ele>3.1</ele>
      </trkpt>
      <trkpt lat="37.566966" lon="126.627433">
        <ele>3.2</ele>
      </trkpt>
      <trkpt lat="37.566951" lon="126.627380">
        <ele>3.2</ele>
      </trkpt>
      <trkpt lat="37.566936" lon="126.627326">
        <ele>3.2</ele>
      </trkpt>
      <trkpt lat="37.566921" lon="126.627273">
        <ele>3.2</ele>
      </trkpt>
      <trkpt lat="37.566906" lon="126.627219">
        <ele>3.3</ele>
      </trkpt>
      <trkpt lat="37.566892" lon="126.627165">
        <ele>3.3</ele>
      </trkpt>
      <trkpt lat="37.566877" lon="126.627112">
        <ele>3.3</ele>
      </trkpt>
      <trkpt lat="37.566862" lon="126.627058">
        <ele>3.3</ele>
      </trkpt>
      <trkpt lat="37.566847" lon="126.627005">
        <ele>3.4</ele>
      </trkpt>
      <trkpt lat="37.566832" lon="126.626951">
        <ele>3.4</ele>
      </trkpt>
      <trkpt lat="37.566817" lon="126.626898">
        <ele>3.4</ele>
      </trkpt>
      <trkpt lat="37.566802" lon="126.626844">
        <ele>3.4</ele>
      </trkpt>
      <trkpt lat="37.566787" lon="126.626791">
        <ele>3.5</ele>
      </trkpt>
      <trkpt lat="37.566772" lon="126.626737">
        <ele>3.5</ele>
      </trkpt>
      <trkpt lat="37.566758" lon="126.626684">
        <ele>3.5</ele>
      </trkpt>
      <trkpt lat="37.566743" lon="126.626630">
        <ele>3.6</ele>
      </trkpt>
      <trkpt lat="37.566728" lon="126.626577">
        <ele>3.6</ele>
      </trkpt>
      <trkpt lat="37.566713" lon="126.626523">
        <ele>3.6</ele>
      </trkpt>
      <trkpt lat="37.566698" lon="126.626470">
        <ele>3.6</ele>
      </trkpt>
      <trkpt lat="37.566683" lon="126.626416">
        <ele>3.7</ele>
      </trkpt>
      <trkpt lat="37.566668" lon="126.626363">
        <ele>3.7</ele>
      </trkpt>
      <trkpt lat="37.566653" lon="126.626309">
        <ele>3.7</ele>
      </trkpt>
      <trkpt lat="37.566638" lon="126.626255">
        <ele>3.7</ele>
      </trkpt>
      <trkpt lat="37.566624" lon="126.626202">
        <ele>3.8</ele>
      </trkpt>
      <trkpt lat="37.566609" lon="126.626148">
        <ele>3.8</ele>
      </trkpt>
      <trkpt lat="37.566594" lon="126.626095">
        <ele>3.8</ele>
      </trkpt>
      <trkpt lat="37.566579" lon="126.626041">
        <ele>3.8</ele>
      </trkpt>
      <trkpt lat="37.566564" lon="126.625988">
        <ele>3.9</ele>
      </trkpt>
      <trkpt lat="37.566549" lon="126.625934">
        <ele>3.9</ele>
      </trkpt>
      <trkpt lat="37.566534" lon="126.625881">
        <ele>3.9</ele>
      </trkpt>
      <trkpt lat="37.566519" lon="126.625827">
        <ele>3.9</ele>
      </trkpt>
      <trkpt lat="37.566504" lon="126.625774">
        <ele>4.0</ele>
      </trkpt>
      <trkpt lat="37.566490" lon="126.625720">
        <ele>4.0</ele>
      </trkpt>
      <trkpt lat="37.566475" lon="126.625667">
        <ele>4.0</ele>
      </trkpt>
      <trkpt lat="37.566460" lon="126.625613">
        <ele>4.0</ele>
      </trkpt>
      <trkpt lat="37.566445" lon="126.625560">
        <ele>4.1</ele>
      </trkpt>
      <trkpt lat="37.566430" lon="126.625506">
        <ele>4.1</ele>
      </trkpt>
      <trkpt lat="37.566415" lon="126.625453">
        <ele>4.1</ele>
      </trkpt>
      <trkpt lat="37.566400" lon="126.625399">
        <ele>4.2</ele>
      </trkpt>
      <trkpt lat="37.566385" lon="126.625345">
        <ele>4.2</ele>
      </trkpt>
      <trkpt lat="37.566370" lon="126.625292">
        <ele>4.2</ele>
      </trkpt>
      <trkpt lat="37.566356" lon="126.625238">
        <ele>4.2</ele>
      </trkpt>
      <trkpt lat="37.566341" lon="126.625185">
        <ele>4.3</ele>
      </trkpt>
      <trkpt lat="37.566326" lon="126.625131">
        <ele>4.3</ele>
      </trkpt>
      <trkpt lat="37.566311" lon="126.625078">
        <ele>4.3</ele>
      </trkpt>
      <trkpt lat="37.566296" lon="126.625024">
        <ele>4.3</ele>
      </trkpt>
      <trkpt lat="37.566281" lon="126.624971">
        <ele>4.4</ele>
      </trkpt>
      <trkpt lat="37.566266" lon="126.624917">
        <ele>4.4</ele>
      </trkpt>
      <trkpt lat="37.566251" lon="126.624864">
        <ele>4.4</ele>
      </trkpt>
      <trkpt lat="37.566236" lon="126.624810">
        <ele>4.4</ele>
      </trkpt>
      <trkpt lat="37.566222" lon="126.624757">
        <ele>4.5</ele>
      </trkpt>
      <trkpt lat="37.566207" lon="126.624703">
        <ele>4.5</ele>
      </trkpt>
      <trkpt lat="37.566192" lon="126.624650">
        <ele>4.5</ele>
      </trkpt>
      <trkpt lat="37.566177" lon="126.624596">
        <ele>4.5</ele>
      </trkpt>
      <trkpt lat="37.566162" lon="126.624543">
        <ele>4.6</ele>
      </trkpt>
      <trkpt lat="37.566147" lon="126.624489">
        <ele>4.6</ele>
      </trkpt>
      <trkpt lat="37.566132" lon="126.624435">
        <ele>4.6</ele>
      </trkpt>
      <trkpt lat="37.566117" lon="126.624382">
        <ele>4.6</ele>
      </trkpt>
      <trkpt lat="37.566102" lon="126.624328">
        <ele>4.7</ele>
      </trkpt>
      <trkpt lat="37.566088" lon="126.624275">
        <ele>4.7</ele>
      </trkpt>
      <trkpt lat="37.566073" lon="126.624221">
        <ele>4.7</ele>
      </trkpt>
      <trkpt lat="37.566058" lon="126.624168">
        <ele>4.8</ele>
      </trkpt>
      <trkpt lat="37.566043" lon="126.624114">
        <ele>4.8</ele>
      </trkpt>
      <trkpt lat="37.566028" lon="126.624061">
        <ele>4.8</ele>
      </trkpt>
      <trkpt lat="37.566013" lon="126.624007">
        <ele>4.8</ele>
      </trkpt>
      <trkpt lat="37.565998" lon="126.623954">
        <ele>4.9</ele>
      </trkpt>
      <trkpt lat="37.565983" lon="126.623900">
        <ele>4.9</ele>
      </trkpt>
      <trkpt lat="37.565968" lon="126.623847">
        <ele>4.9</ele>
      </trkpt>
      <trkpt lat="37.565954" lon="126.623793">
        <ele>4.9</ele>
      </trkpt>
      <trkpt lat="37.565939" lon="126.623740">
        <ele>5.0</ele>
      </trkpt>
      <trkpt lat="37.565924" lon="126.623686">
        <ele>5.0</ele>
      </trkpt>
      <trkpt lat="37.565909" lon="126.623633">
        <ele>5.0</ele>
      </trkpt>
      <trkpt lat="37.565894" lon="126.623579">
        <ele>5.0</ele>
      </trkpt>
      <trkpt lat="37.565879" lon="126.623525">
        <ele>5.1</ele>
      </trkpt>
      <trkpt lat="37.565864" lon="126.623472">
        <ele>5.1</ele>
      </trkpt>
      <trkpt lat="37.565849" lon="126.623418">
        <ele>5.1</ele>
      </trkpt>
      <trkpt lat="37.565834" lon="126.623365">
        <ele>5.1</ele>
      </trkpt>
      <trkpt lat="37.565820" lon="126.623311">
        <ele>5.2</ele>
      </trkpt>
      <trkpt lat="37.565805" lon="126.623258">
        <ele>5.2</ele>
      </trkpt>
      <trkpt lat="37.565790" lon="126.623204">
        <ele>5.2</ele>
      </trkpt>
      <trkpt lat="37.565775" lon="126.623151">
        <ele>5.2</ele>
      </trkpt>
      <trkpt lat="37.565760" lon="126.623097">
        <ele>5.3</ele>
      </trkpt>
      <trkpt lat="37.565745" lon="126.623044">
        <ele>5.3</ele>
      </trkpt>
      <trkpt lat="37.565739" lon="126.623022">
        <ele>4.8</ele>
      </trkpt>
      <trkpt lat="37.565724" lon="126.622968">
        <ele>4.8</ele>
      </trkpt>
      <trkpt lat="37.565709" lon="126.622915">
        <ele>4.9</ele>
      </trkpt>
      <trkpt lat="37.565694" lon="126.622861">
        <ele>4.9</ele>
      </trkpt>
      <trkpt lat="37.565680" lon="126.622808">
        <ele>4.9</ele>
      </trkpt>
      <trkpt lat="37.565665" lon="126.622754">
        <ele>5.0</ele>
      </trkpt>
      <trkpt lat="37.565650" lon="126.622701">
        <ele>5.0</ele>
      </trkpt>
      <trkpt lat="37.565635" lon="126.622647">
        <ele>5.0</ele>
      </trkpt>
      <trkpt lat="37.565620" lon="126.622593">
        <ele>5.1</ele>
      </trkpt>
      <trkpt lat="37.565605" lon="126.622540">
        <ele>5.1</ele>
      </trkpt>
      <trkpt lat="37.565590" lon="126.622486">
        <ele>5.1</ele>
      </trkpt>
      <trkpt lat="37.565576" lon="126.622433">
        <ele>5.2</ele>
      </trkpt>
      <trkpt lat="37.565561" lon="126.622379">
        <ele>5.2</ele>
      </trkpt>
      <trkpt lat="37.565546" lon="126.622326">
        <ele>5.2</ele>
      </trkpt>
      <trkpt lat="37.565531" lon="126.622272">
        <ele>5.3</ele>
      </trkpt>
      <trkpt lat="37.565516" lon="126.622219">
        <ele>5.3</ele>
      </trkpt>
      <trkpt lat="37.565494" lon="126.622169">
        <ele>5.0</ele>
      </trkpt>
      <trkpt lat="37.565480" lon="126.622115">
        <ele>4.9</ele>
      </trkpt>
      <trkpt lat="37.565467" lon="126.622061">
        <ele>4.8</ele>
      </trkpt>
      <trkpt lat="37.565454" lon="126.622007">
        <ele>4.7</ele>
      </trkpt>
      <trkpt lat="37.565441" lon="126.621952">
        <ele>4.6</ele>
      </trkpt>
      <trkpt lat="37.565429" lon="126.621898">
        <ele>4.5</ele>
      </trkpt>
      <trkpt lat="37.565418" lon="126.621843">
        <ele>4.3</ele>
      </trkpt>
      <trkpt lat="37.565407" lon="126.621788">
        <ele>4.2</ele>
      </trkpt>
      <trkpt lat="37.565396" lon="126.621733">
        <ele>4.1</ele>
      </trkpt>
      <trkpt lat="37.565383" lon="126.621679">
        <ele>4.0</ele>
      </trkpt>
      <trkpt lat="37.565366" lon="126.621626">
        <ele>3.9</ele>
      </trkpt>
      <trkpt lat="37.565350" lon="126.621573">
        <ele>3.7</ele>
      </trkpt>
      <trkpt lat="37.565333" lon="126.621520">
        <ele>3.6</ele>
      </trkpt>
      <trkpt lat="37.565317" lon="126.621468">
        <ele>3.5</ele>
      </trkpt>
      <trkpt lat="37.565300" lon="126.621415">
        <ele>3.4</ele>
      </trkpt>
      <trkpt lat="37.565284" lon="126.621362">
        <ele>3.3</ele>
      </trkpt>
      <trkpt lat="37.565267" lon="126.621309">
        <ele>3.2</ele>
      </trkpt>
      <trkpt lat="37.565251" lon="126.621257">
        <ele>3.1</ele>
      </trkpt>
      <trkpt lat="37.565235" lon="126.621204">
        <ele>3.0</ele>
      </trkpt>
      <trkpt lat="37.565218" lon="126.621151">
        <ele>2.9</ele>
      </trkpt>
      <trkpt lat="37.565202" lon="126.621098">
        <ele>2.8</ele>
      </trkpt>
      <trkpt lat="37.565185" lon="126.621045">
        <ele>2.7</ele>
      </trkpt>
      <trkpt lat="37.565169" lon="126.620993">
        <ele>2.6</ele>
      </trkpt>
      <trkpt lat="37.565152" lon="126.620940">
        <ele>2.5</ele>
      </trkpt>
      <trkpt lat="37.565136" lon="126.620887">
        <ele>2.4</ele>
      </trkpt>
      <trkpt lat="37.565119" lon="126.620834">
        <ele>2.3</ele>
      </trkpt>
      <trkpt lat="37.565103" lon="126.620781">
        <ele>2.2</ele>
      </trkpt>
      <trkpt lat="37.565086" lon="126.620729">
        <ele>2.1</ele>
      </trkpt>
      <trkpt lat="37.565070" lon="126.620676">
        <ele>2.0</ele>
      </trkpt>
      <trkpt lat="37.565053" lon="126.620623">
        <ele>1.9</ele>
      </trkpt>
      <trkpt lat="37.565037" lon="126.620570">
        <ele>1.8</ele>
      </trkpt>
      <trkpt lat="37.565020" lon="126.620518">
        <ele>1.7</ele>
      </trkpt>
      <trkpt lat="37.565004" lon="126.620465">
        <ele>1.6</ele>
      </trkpt>
      <trkpt lat="37.564988" lon="126.620412">
        <ele>1.5</ele>
      </trkpt>
      <trkpt lat="37.564974" lon="126.620358">
        <ele>1.5</ele>
      </trkpt>
      <trkpt lat="37.564959" lon="126.620304">
        <ele>1.5</ele>
      </trkpt>
      <trkpt lat="37.564945" lon="126.620250">
        <ele>1.4</ele>
      </trkpt>
      <trkpt lat="37.564931" lon="126.620197">
        <ele>1.4</ele>
      </trkpt>
      <trkpt lat="37.564917" lon="126.620143">
        <ele>1.4</ele>
      </trkpt>
      <trkpt lat="37.564902" lon="126.620089">
        <ele>1.4</ele>
      </trkpt>
      <trkpt lat="37.564888" lon="126.620035">
        <ele>1.4</ele>
      </trkpt>
      <trkpt lat="37.564874" lon="126.619981">
        <ele>1.4</ele>
      </trkpt>
      <trkpt lat="37.564860" lon="126.619928">
        <ele>1.4</ele>
      </trkpt>
      <trkpt lat="37.564845" lon="126.619874">
        <ele>1.3</ele>
      </trkpt>
      <trkpt lat="37.564831" lon="126.619820">
        <ele>1.3</ele>
      </trkpt>
      <trkpt lat="37.564817" lon="126.619766">
        <ele>1.3</ele>
      </trkpt>
      <trkpt lat="37.564803" lon="126.619712">
        <ele>1.3</ele>
      </trkpt>
      <trkpt lat="37.564788" lon="126.619659">
        <ele>1.3</ele>
      </trkpt>
      <trkpt lat="37.564774" lon="126.619605">
        <ele>1.3</ele>
      </trkpt>
      <trkpt lat="37.564760" lon="126.619551">
        <ele>1.2</ele>
      </trkpt>
      <trkpt lat="37.564746" lon="126.619497">
        <ele>1.2</ele>
      </trkpt>
      <trkpt lat="37.564731" lon="126.619443">
        <ele>1.2</ele>
      </trkpt>
      <trkpt lat="37.564717" lon="126.619389">
        <ele>1.2</ele>
      </trkpt>
      <trkpt lat="37.564703" lon="126.619336">
        <ele>1.2</ele>
      </trkpt>
      <trkpt lat="37.564689" lon="126.619282">
        <ele>1.2</ele>
      </trkpt>
      <trkpt lat="37.564675" lon="126.619228">
        <ele>1.1</ele>
      </trkpt>
      <trkpt lat="37.564660" lon="126.619174">
        <ele>1.1</ele>
      </trkpt>
      <trkpt lat="37.564646" lon="126.619120">
        <ele>1.1</ele>
      </trkpt>
      <trkpt lat="37.564632" lon="126.619067">
        <ele>1.1</ele>
      </trkpt>
      <trkpt lat="37.564618" lon="126.619013">
        <ele>1.1</ele>
      </trkpt>
      <trkpt lat="37.564603" lon="126.618959">
        <ele>1.1</ele>
      </trkpt>
      <trkpt lat="37.564589" lon="126.618905">
        <ele>1.0</ele>
      </trkpt>
      <trkpt lat="37.564575" lon="126.618851">
        <ele>1.0</ele>
      </trkpt>
      <trkpt lat="37.564561" lon="126.618798">
        <ele>1.0</ele>
      </trkpt>
      <trkpt lat="37.564546" lon="126.618744">
        <ele>1.0</ele>
      </trkpt>
      <trkpt lat="37.564532" lon="126.618690">
        <ele>1.0</ele>
      </trkpt>
      <trkpt lat="37.564518" lon="126.618636">
        <ele>1.0</ele>
      </trkpt>
      <trkpt lat="37.564504" lon="126.618582">
        <ele>0.9</ele>
      </trkpt>
      <trkpt lat="37.564489" lon="126.618529">
        <ele>0.9</ele>
      </trkpt>
      <trkpt lat="37.564475" lon="126.618475">
        <ele>0.9</ele>
      </trkpt>
      <trkpt lat="37.564461" lon="126.618421">
        <ele>0.9</ele>
      </trkpt>
      <trkpt lat="37.564447" lon="126.618367">
        <ele>0.9</ele>
      </trkpt>
      <trkpt lat="37.564432" lon="126.618313">
        <ele>0.9</ele>
      </trkpt>
      <trkpt lat="37.564418" lon="126.618260">
        <ele>0.8</ele>
      </trkpt>
      <trkpt lat="37.564404" lon="126.618206">
        <ele>0.8</ele>
      </trkpt>
      <trkpt lat="37.564390" lon="126.618152">
        <ele>0.8</ele>
      </trkpt>
      <trkpt lat="37.564379" lon="126.618112">
        <ele>0.8</ele>
      </trkpt>
      <trkpt lat="37.564365" lon="126.618058">
        <ele>0.8</ele>
      </trkpt>
      <trkpt lat="37.564351" lon="126.618004">
        <ele>0.8</ele>
      </trkpt>
      <trkpt lat="37.564336" lon="126.617950">
        <ele>0.8</ele>
      </trkpt>
      <trkpt lat="37.564322" lon="126.617897">
        <ele>0.8</ele>
      </trkpt>
      <trkpt lat="37.564308" lon="126.617843">
        <ele>0.8</ele>
      </trkpt>
      <trkpt lat="37.564294" lon="126.617789">
        <ele>0.8</ele>
      </trkpt>
      <trkpt lat="37.564280" lon="126.617735">
        <ele>0.8</ele>
      </trkpt>
      <trkpt lat="37.564265" lon="126.617681">
        <ele>0.8</ele>
      </trkpt>
      <trkpt lat="37.564251" lon="126.617627">
        <ele>0.8</ele>
      </trkpt>
      <trkpt lat="37.564236" lon="126.617574">
        <ele>0.7</ele>
      </trkpt>
      <trkpt lat="37.564212" lon="126.617526">
        <ele>0.3</ele>
      </trkpt>
      <trkpt lat="37.564170" lon="126.617542">
        <ele>0.4</ele>
      </trkpt>
      <trkpt lat="37.564128" lon="126.617560">
        <ele>0.5</ele>
      </trkpt>
      <trkpt lat="37.564085" lon="126.617579">
        <ele>0.6</ele>
      </trkpt>
      <trkpt lat="37.564043" lon="126.617597">
        <ele>0.7</ele>
      </trkpt>
      <trkpt lat="37.564000" lon="126.617616">
        <ele>0.8</ele>
      </trkpt>
      <trkpt lat="37.563958" lon="126.617634">
        <ele>0.9</ele>
      </trkpt>
      <trkpt lat="37.563915" lon="126.617653">
        <ele>1.0</ele>
      </trkpt>
      <trkpt lat="37.563873" lon="126.617671">
        <ele>1.1</ele>
      </trkpt>
      <trkpt lat="37.563830" lon="126.617690">
        <ele>1.3</ele>
      </trkpt>
      <trkpt lat="37.563788" lon="126.617709">
        <ele>1.4</ele>
      </trkpt>
      <trkpt lat="37.563745" lon="126.617727">
        <ele>1.5</ele>
      </trkpt>
      <trkpt lat="37.563703" lon="126.617746">
        <ele>1.6</ele>
      </trkpt>
      <trkpt lat="37.563660" lon="126.617764">
        <ele>1.7</ele>
      </trkpt>
      <trkpt lat="37.563618" lon="126.617783">
        <ele>1.8</ele>
      </trkpt>
      <trkpt lat="37.563575" lon="126.617801">
        <ele>1.9</ele>
      </trkpt>
      <trkpt lat="37.563533" lon="126.617820">
        <ele>2.0</ele>
      </trkpt>
      <trkpt lat="37.563490" lon="126.617838">
        <ele>2.1</ele>
      </trkpt>
      <trkpt lat="37.563448" lon="126.617857">
        <ele>2.2</ele>
      </trkpt>
      <trkpt lat="37.563405" lon="126.617875">
        <ele>2.3</ele>
      </trkpt>
      <trkpt lat="37.563363" lon="126.617894">
        <ele>2.4</ele>
      </trkpt>
      <trkpt lat="37.563320" lon="126.617912">
        <ele>2.5</ele>
      </trkpt>
      <trkpt lat="37.563278" lon="126.617931">
        <ele>2.6</ele>
      </trkpt>
      <trkpt lat="37.563235" lon="126.617949">
        <ele>2.8</ele>
      </trkpt>
      <trkpt lat="37.563193" lon="126.617968">
        <ele>2.9</ele>
      </trkpt>
      <trkpt lat="37.563150" lon="126.617987">
        <ele>3.0</ele>
      </trkpt>
      <trkpt lat="37.563108" lon="126.618005">
        <ele>3.1</ele>
      </trkpt>
      <trkpt lat="37.563065" lon="126.618024">
        <ele>3.2</ele>
      </trkpt>
      <trkpt lat="37.563023" lon="126.618042">
        <ele>3.3</ele>
      </trkpt>
      <trkpt lat="37.562980" lon="126.618061">
        <ele>3.4</ele>
      </trkpt>
      <trkpt lat="37.562938" lon="126.618079">
        <ele>3.5</ele>
      </trkpt>
      <trkpt lat="37.562895" lon="126.618098">
        <ele>3.6</ele>
      </trkpt>
      <trkpt lat="37.562853" lon="126.618116">
        <ele>3.7</ele>
      </trkpt>
      <trkpt lat="37.562810" lon="126.618135">
        <ele>3.8</ele>
      </trkpt>
      <trkpt lat="37.562768" lon="126.618153">
        <ele>3.9</ele>
      </trkpt>
      <trkpt lat="37.562725" lon="126.618172">
        <ele>4.0</ele>
      </trkpt>
      <trkpt lat="37.562683" lon="126.618190">
        <ele>4.1</ele>
      </trkpt>
      <trkpt lat="37.562640" lon="126.618209">
        <ele>4.2</ele>
      </trkpt>
      <trkpt lat="37.562598" lon="126.618227">
        <ele>4.4</ele>
      </trkpt>
      <trkpt lat="37.562556" lon="126.618246">
        <ele>4.5</ele>
      </trkpt>
      <trkpt lat="37.562513" lon="126.618265">
        <ele>4.6</ele>
      </trkpt>
      <trkpt lat="37.562471" lon="126.618283">
        <ele>4.7</ele>
      </trkpt>
      <trkpt lat="37.562428" lon="126.618302">
        <ele>4.8</ele>
      </trkpt>
      <trkpt lat="37.562386" lon="126.618320">
        <ele>4.9</ele>
      </trkpt>
      <trkpt lat="37.562343" lon="126.618339">
        <ele>5.0</ele>
      </trkpt>
      <trkpt lat="37.562301" lon="126.618358">
        <ele>5.0</ele>
      </trkpt>
      <trkpt lat="37.562258" lon="126.618377">
        <ele>5.1</ele>
      </trkpt>
      <trkpt lat="37.562216" lon="126.618395">
        <ele>5.1</ele>
      </trkpt>
      <trkpt lat="37.562173" lon="126.618414">
        <ele>5.2</ele>
      </trkpt>
      <trkpt lat="37.562131" lon="126.618433">
        <ele>5.2</ele>
      </trkpt>
      <trkpt lat="37.562089" lon="126.618452">
        <ele>5.2</ele>
      </trkpt>
      <trkpt lat="37.562046" lon="126.618471">
        <ele>5.3</ele>
      </trkpt>
      <trkpt lat="37.562011" lon="126.618488">
        <ele>5.3</ele>
      </trkpt>
      <trkpt lat="37.561977" lon="126.618487">
        <ele>5.3</ele>
      </trkpt>
      <trkpt lat="37.561961" lon="126.618434">
        <ele>5.3</ele>
      </trkpt>
      <trkpt lat="37.561945" lon="126.618381">
        <ele>5.3</ele>
      </trkpt>
      <trkpt lat="37.561930" lon="126.618328">
        <ele>5.3</ele>
      </trkpt>
      <trkpt lat="37.561914" lon="126.618274">
        <ele>5.3</ele>
      </trkpt>
      <trkpt lat="37.561898" lon="126.618221">
        <ele>5.3</ele>
      </trkpt>
      <trkpt lat="37.561883" lon="126.618168">
        <ele>5.3</ele>
      </trkpt>
      <trkpt lat="37.561867" lon="126.618115">
        <ele>5.3</ele>
      </trkpt>
      <trkpt lat="37.561851" lon="126.618062">
        <ele>5.3</ele>
      </trkpt>
      <trkpt lat="37.561836" lon="126.618009">
        <ele>5.3</ele>
      </trkpt>
      <trkpt lat="37.561817" lon="126.617957">
        <ele>5.3</ele>
      </trkpt>
      <trkpt lat="37.561796" lon="126.617907">
        <ele>5.3</ele>
      </trkpt>
      <trkpt lat="37.561767" lon="126.617864">
        <ele>5.3</ele>
      </trkpt>
      <trkpt lat="37.561733" lon="126.617829">
        <ele>5.3</ele>
      </trkpt>
      <trkpt lat="37.561691" lon="126.617807">
        <ele>5.3</ele>
      </trkpt>
      <trkpt lat="37.561650" lon="126.617786">
        <ele>5.3</ele>
      </trkpt>
      <trkpt lat="37.561606" lon="126.617777">
        <ele>5.2</ele>
      </trkpt>
      <trkpt lat="37.561561" lon="126.617777">
        <ele>5.0</ele>
      </trkpt>
      <trkpt lat="37.561517" lon="126.617791">
        <ele>5.0</ele>
      </trkpt>
      <trkpt lat="37.561474" lon="126.617807">
        <ele>5.0</ele>
      </trkpt>
      <trkpt lat="37.561432" lon="126.617826">
        <ele>5.0</ele>
      </trkpt>
      <trkpt lat="37.561389" lon="126.617844">
        <ele>5.1</ele>
      </trkpt>
      <trkpt lat="37.561347" lon="126.617863">
        <ele>5.1</ele>
      </trkpt>
      <trkpt lat="37.561304" lon="126.617881">
        <ele>5.1</ele>
      </trkpt>
      <trkpt lat="37.561262" lon="126.617900">
        <ele>5.2</ele>
      </trkpt>
      <trkpt lat="37.561219" lon="126.617918">
        <ele>5.2</ele>
      </trkpt>
      <trkpt lat="37.561177" lon="126.617937">
        <ele>5.2</ele>
      </trkpt>
      <trkpt lat="37.561134" lon="126.617955">
        <ele>5.3</ele>
      </trkpt>
      <trkpt lat="37.561092" lon="126.617974">
        <ele>5.3</ele>
      </trkpt>
      <trkpt lat="37.561049" lon="126.617992">
        <ele>5.3</ele>
      </trkpt>
      <trkpt lat="37.561007" lon="126.618011">
        <ele>5.4</ele>
      </trkpt>
      <trkpt lat="37.560964" lon="126.618029">
        <ele>5.4</ele>
      </trkpt>
      <trkpt lat="37.560922" lon="126.618048">
        <ele>5.4</ele>
      </trkpt>
      <trkpt lat="37.560879" lon="126.618066">
        <ele>5.5</ele>
      </trkpt>
      <trkpt lat="37.560837" lon="126.618085">
        <ele>5.5</ele>
      </trkpt>
      <trkpt lat="37.560794" lon="126.618103">
        <ele>5.5</ele>
      </trkpt>
      <trkpt lat="37.560752" lon="126.618122">
        <ele>5.6</ele>
      </trkpt>
      <trkpt lat="37.560709" lon="126.618140">
        <ele>5.6</ele>
      </trkpt>
      <trkpt lat="37.560667" lon="126.618159">
        <ele>5.6</ele>
      </trkpt>
      <trkpt lat="37.560624" lon="126.618177">
        <ele>5.7</ele>
      </trkpt>
      <trkpt lat="37.560582" lon="126.618196">
        <ele>5.7</ele>
      </trkpt>
      <trkpt lat="37.560539" lon="126.618214">
        <ele>5.7</ele>
      </trkpt>
      <trkpt lat="37.560497" lon="126.618233">
        <ele>5.7</ele>
      </trkpt>
      <trkpt lat="37.560454" lon="126.618251">
        <ele>5.8</ele>
      </trkpt>
      <trkpt lat="37.560412" lon="126.618270">
        <ele>5.8</ele>
      </trkpt>
      <trkpt lat="37.560369" lon="126.618289">
        <ele>5.8</ele>
      </trkpt>
      <trkpt lat="37.560327" lon="126.618307">
        <ele>5.9</ele>
      </trkpt>
      <trkpt lat="37.560284" lon="126.618326">
        <ele>5.9</ele>
      </trkpt>
      <trkpt lat="37.560242" lon="126.618344">
        <ele>5.9</ele>
      </trkpt>
      <trkpt lat="37.560199" lon="126.618363">
        <ele>6.0</ele>
      </trkpt>
      <trkpt lat="37.560157" lon="126.618381">
        <ele>6.0</ele>
      </trkpt>
      <trkpt lat="37.560114" lon="126.618400">
        <ele>6.0</ele>
      </trkpt>
      <trkpt lat="37.560072" lon="126.618418">
        <ele>6.1</ele>
      </trkpt>
      <trkpt lat="37.560029" lon="126.618437">
        <ele>6.1</ele>
      </trkpt>
      <trkpt lat="37.559987" lon="126.618455">
        <ele>6.1</ele>
      </trkpt>
      <trkpt lat="37.559944" lon="126.618474">
        <ele>6.2</ele>
      </trkpt>
      <trkpt lat="37.559902" lon="126.618492">
        <ele>6.2</ele>
      </trkpt>
      <trkpt lat="37.559859" lon="126.618511">
        <ele>6.2</ele>
      </trkpt>
      <trkpt lat="37.559817" lon="126.618529">
        <ele>6.3</ele>
      </trkpt>
      <trkpt lat="37.559774" lon="126.618548">
        <ele>6.3</ele>
      </trkpt>
      <trkpt lat="37.559732" lon="126.618566">
        <ele>6.3</ele>
      </trkpt>
      <trkpt lat="37.559689" lon="126.618585">
        <ele>6.4</ele>
      </trkpt>
      <trkpt lat="37.559647" lon="126.618603">
        <ele>6.4</ele>
      </trkpt>
      <trkpt lat="37.559604" lon="126.618622">
        <ele>6.4</ele>
      </trkpt>
      <trkpt lat="37.559562" lon="126.618640">
        <ele>6.5</ele>
      </trkpt>
      <trkpt lat="37.559519" lon="126.618659">
        <ele>6.5</ele>
      </trkpt>
      <trkpt lat="37.559492" lon="126.618637">
        <ele>6.4</ele>
      </trkpt>
      <trkpt lat="37.559478" lon="126.618584">
        <ele>6.3</ele>
      </trkpt>
      <trkpt lat="37.559463" lon="126.618530">
        <ele>6.1</ele>
      </trkpt>
      <trkpt lat="37.559449" lon="126.618476">
        <ele>6.0</ele>
      </trkpt>
      <trkpt lat="37.559434" lon="126.618423">
        <ele>5.9</ele>
      </trkpt>
      <trkpt lat="37.559420" lon="126.618369">
        <ele>5.7</ele>
      </trkpt>
      <trkpt lat="37.559405" lon="126.618315">
        <ele>5.6</ele>
      </trkpt>
      <trkpt lat="37.559391" lon="126.618261">
        <ele>5.5</ele>
      </trkpt>
      <trkpt lat="37.559376" lon="126.618208">
        <ele>5.3</ele>
      </trkpt>
      <trkpt lat="37.559362" lon="126.618154">
        <ele>5.2</ele>
      </trkpt>
      <trkpt lat="37.559347" lon="126.618100">
        <ele>5.1</ele>
      </trkpt>
      <trkpt lat="37.559333" lon="126.618047">
        <ele>4.9</ele>
      </trkpt>
      <trkpt lat="37.559318" lon="126.617993">
        <ele>4.8</ele>
      </trkpt>
      <trkpt lat="37.559304" lon="126.617939">
        <ele>4.6</ele>
      </trkpt>
      <trkpt lat="37.559289" lon="126.617886">
        <ele>4.5</ele>
      </trkpt>
      <trkpt lat="37.559275" lon="126.617832">
        <ele>4.4</ele>
      </trkpt>
      <trkpt lat="37.559290" lon="126.617797">
        <ele>4.3</ele>
      </trkpt>
      <trkpt lat="37.559303" lon="126.617792">
        <ele>4.8</ele>
      </trkpt>
      <trkpt lat="37.559265" lon="126.617796">
        <ele>5.8</ele>
      </trkpt>
      <trkpt lat="37.559251" lon="126.617742">
        <ele>5.8</ele>
      </trkpt>
      <trkpt lat="37.559237" lon="126.617689">
        <ele>5.7</ele>
      </trkpt>
      <trkpt lat="37.559222" lon="126.617635">
        <ele>5.7</ele>
      </trkpt>
      <trkpt lat="37.559208" lon="126.617581">
        <ele>5.6</ele>
      </trkpt>
      <trkpt lat="37.559193" lon="126.617527">
        <ele>5.6</ele>
      </trkpt>
      <trkpt lat="37.559179" lon="126.617474">
        <ele>5.6</ele>
      </trkpt>
      <trkpt lat="37.559165" lon="126.617420">
        <ele>5.5</ele>
      </trkpt>
      <trkpt lat="37.559150" lon="126.617366">
        <ele>5.5</ele>
      </trkpt>
      <trkpt lat="37.559136" lon="126.617312">
        <ele>5.4</ele>
      </trkpt>
      <trkpt lat="37.559121" lon="126.617259">
        <ele>5.4</ele>
      </trkpt>
      <trkpt lat="37.559107" lon="126.617205">
        <ele>5.4</ele>
      </trkpt>
      <trkpt lat="37.559093" lon="126.617151">
        <ele>5.3</ele>
      </trkpt>
      <trkpt lat="37.559078" lon="126.617097">
        <ele>5.3</ele>
      </trkpt>
      <trkpt lat="37.559064" lon="126.617044">
        <ele>5.2</ele>
      </trkpt>
      <trkpt lat="37.559049" lon="126.616990">
        <ele>5.2</ele>
      </trkpt>
      <trkpt lat="37.559035" lon="126.616936">
        <ele>5.2</ele>
      </trkpt>
      <trkpt lat="37.559021" lon="126.616882">
        <ele>5.1</ele>
      </trkpt>
      <trkpt lat="37.559006" lon="126.616829">
        <ele>5.1</ele>
      </trkpt>
      <trkpt lat="37.558992" lon="126.616775">
        <ele>5.1</ele>
      </trkpt>
      <trkpt lat="37.558977" lon="126.616721">
        <ele>5.0</ele>
      </trkpt>
      <trkpt lat="37.558963" lon="126.616667">
        <ele>5.0</ele>
      </trkpt>
      <trkpt lat="37.558949" lon="126.616614">
        <ele>4.9</ele>
      </trkpt>
      <trkpt lat="37.558934" lon="126.616560">
        <ele>4.9</ele>
      </trkpt>
      <trkpt lat="37.558920" lon="126.616506">
        <ele>4.9</ele>
      </trkpt>
      <trkpt lat="37.558905" lon="126.616453">
        <ele>4.8</ele>
      </trkpt>
      <trkpt lat="37.558891" lon="126.616399">
        <ele>4.8</ele>
      </trkpt>
      <trkpt lat="37.558877" lon="126.616345">
        <ele>4.7</ele>
      </trkpt>
      <trkpt lat="37.558862" lon="126.616291">
        <ele>4.7</ele>
      </trkpt>
      <trkpt lat="37.558848" lon="126.616238">
        <ele>4.7</ele>
      </trkpt>
      <trkpt lat="37.558833" lon="126.616184">
        <ele>4.6</ele>
      </trkpt>
      <trkpt lat="37.558819" lon="126.616130">
        <ele>4.6</ele>
      </trkpt>
      <trkpt lat="37.558805" lon="126.616076">
        <ele>4.5</ele>
      </trkpt>
      <trkpt lat="37.558790" lon="126.616023">
        <ele>4.5</ele>
      </trkpt>
      <trkpt lat="37.558776" lon="126.615969">
        <ele>4.5</ele>
      </trkpt>
      <trkpt lat="37.558762" lon="126.615915">
        <ele>4.4</ele>
      </trkpt>
      <trkpt lat="37.558747" lon="126.615861">
        <ele>4.4</ele>
      </trkpt>
      <trkpt lat="37.558733" lon="126.615808">
        <ele>4.4</ele>
      </trkpt>
      <trkpt lat="37.558718" lon="126.615754">
        <ele>4.3</ele>
      </trkpt>
      <trkpt lat="37.558704" lon="126.615700">
        <ele>4.3</ele>
      </trkpt>
      <trkpt lat="37.558690" lon="126.615646">
        <ele>4.2</ele>
      </trkpt>
      <trkpt lat="37.558676" lon="126.615593">
        <ele>4.1</ele>
      </trkpt>
      <trkpt lat="37.558661" lon="126.615539">
        <ele>4.1</ele>
      </trkpt>
      <trkpt lat="37.558647" lon="126.615485">
        <ele>4.0</ele>
      </trkpt>
      <trkpt lat="37.558633" lon="126.615431">
        <ele>3.9</ele>
      </trkpt>
      <trkpt lat="37.558619" lon="126.615377">
        <ele>3.8</ele>
      </trkpt>
      <trkpt lat="37.558605" lon="126.615323">
        <ele>3.8</ele>
      </trkpt>
      <trkpt lat="37.558590" lon="126.615270">
        <ele>3.7</ele>
      </trkpt>
      <trkpt lat="37.558576" lon="126.615216">
        <ele>3.6</ele>
      </trkpt>
      <trkpt lat="37.558562" lon="126.615162">
        <ele>3.6</ele>
      </trkpt>
      <trkpt lat="37.558548" lon="126.615108">
        <ele>3.5</ele>
      </trkpt>
      <trkpt lat="37.558533" lon="126.615054">
        <ele>3.4</ele>
      </trkpt>
      <trkpt lat="37.558519" lon="126.615001">
        <ele>3.4</ele>
      </trkpt>
      <trkpt lat="37.558505" lon="126.614947">
        <ele>3.3</ele>
      </trkpt>
      <trkpt lat="37.558491" lon="126.614893">
        <ele>3.2</ele>
      </trkpt>
      <trkpt lat="37.558477" lon="126.614839">
        <ele>3.2</ele>
      </trkpt>
      <trkpt lat="37.558462" lon="126.614785">
        <ele>3.1</ele>
      </trkpt>
      <trkpt lat="37.558448" lon="126.614732">
        <ele>3.0</ele>
      </trkpt>
      <trkpt lat="37.558434" lon="126.614678">
        <ele>3.0</ele>
      </trkpt>
      <trkpt lat="37.558420" lon="126.614624">
        <ele>2.9</ele>
      </trkpt>
      <trkpt lat="37.558405" lon="126.614570">
        <ele>2.8</ele>
      </trkpt>
      <trkpt lat="37.558391" lon="126.614516">
        <ele>2.7</ele>
      </trkpt>
      <trkpt lat="37.558377" lon="126.614462">
        <ele>2.7</ele>
      </trkpt>
      <trkpt lat="37.558363" lon="126.614409">
        <ele>2.6</ele>
      </trkpt>
      <trkpt lat="37.558349" lon="126.614355">
        <ele>2.5</ele>
      </trkpt>
      <trkpt lat="37.558334" lon="126.614301">
        <ele>2.5</ele>
      </trkpt>
      <trkpt lat="37.558320" lon="126.614247">
        <ele>2.4</ele>
      </trkpt>
      <trkpt lat="37.558306" lon="126.614193">
        <ele>2.3</ele>
      </trkpt>
      <trkpt lat="37.558292" lon="126.614140">
        <ele>2.3</ele>
      </trkpt>
      <trkpt lat="37.558277" lon="126.614086">
        <ele>2.2</ele>
      </trkpt>
      <trkpt lat="37.558263" lon="126.614032">
        <ele>2.1</ele>
      </trkpt>
      <trkpt lat="37.558249" lon="126.613978">
        <ele>2.1</ele>
      </trkpt>
      <trkpt lat="37.558235" lon="126.613924">
        <ele>2.0</ele>
      </trkpt>
      <trkpt lat="37.558221" lon="126.613871">
        <ele>1.9</ele>
      </trkpt>
      <trkpt lat="37.558206" lon="126.613817">
        <ele>1.9</ele>
      </trkpt>
      <trkpt lat="37.558192" lon="126.613763">
        <ele>1.8</ele>
      </trkpt>
      <trkpt lat="37.558178" lon="126.613709">
        <ele>1.7</ele>
      </trkpt>
      <trkpt lat="37.558164" lon="126.613655">
        <ele>1.7</ele>
      </trkpt>
      <trkpt lat="37.558150" lon="126.613601">
        <ele>1.6</ele>
      </trkpt>
      <trkpt lat="37.558135" lon="126.613548">
        <ele>1.5</ele>
      </trkpt>
      <trkpt lat="37.558121" lon="126.613494">
        <ele>1.4</ele>
      </trkpt>
      <trkpt lat="37.558107" lon="126.613440">
        <ele>1.4</ele>
      </trkpt>
      <trkpt lat="37.558093" lon="126.613386">
        <ele>1.3</ele>
      </trkpt>
      <trkpt lat="37.558078" lon="126.613333">
        <ele>1.8</ele>
      </trkpt>
      <trkpt lat="37.558064" lon="126.613279">
        <ele>2.4</ele>
      </trkpt>
      <trkpt lat="37.558049" lon="126.613225">
        <ele>2.9</ele>
      </trkpt>
      <trkpt lat="37.558034" lon="126.613172">
        <ele>3.5</ele>
      </trkpt>
      <trkpt lat="37.558021" lon="126.613122">
        <ele>1.4</ele>
      </trkpt>
      <trkpt lat="37.558006" lon="126.613069">
        <ele>1.6</ele>
      </trkpt>
      <trkpt lat="37.557992" lon="126.613015">
        <ele>1.7</ele>
      </trkpt>
      <trkpt lat="37.557977" lon="126.612961">
        <ele>1.8</ele>
      </trkpt>
      <trkpt lat="37.557963" lon="126.612908">
        <ele>2.0</ele>
      </trkpt>
      <trkpt lat="37.557948" lon="126.612854">
        <ele>2.1</ele>
      </trkpt>
      <trkpt lat="37.557933" lon="126.612800">
        <ele>2.2</ele>
      </trkpt>
      <trkpt lat="37.557919" lon="126.612747">
        <ele>2.4</ele>
      </trkpt>
      <trkpt lat="37.557904" lon="126.612693">
        <ele>2.5</ele>
      </trkpt>
      <trkpt lat="37.557890" lon="126.612640">
        <ele>2.7</ele>
      </trkpt>
      <trkpt lat="37.557875" lon="126.612586">
        <ele>2.8</ele>
      </trkpt>
      <trkpt lat="37.557860" lon="126.612532">
        <ele>2.9</ele>
      </trkpt>
      <trkpt lat="37.557846" lon="126.612479">
        <ele>3.1</ele>
      </trkpt>
      <trkpt lat="37.557831" lon="126.612425">
        <ele>3.2</ele>
      </trkpt>
      <trkpt lat="37.557817" lon="126.612371">
        <ele>3.3</ele>
      </trkpt>
      <trkpt lat="37.557802" lon="126.612318">
        <ele>3.5</ele>
      </trkpt>
      <trkpt lat="37.557813" lon="126.612303">
        <ele>3.5</ele>
      </trkpt>
    </trkseg>
  </trk>
</gpx>