<?xml version="1.0" encoding="utf-8"?>
<gpx xmlns:xsd="http://www.w3.org/2001/XMLSchema" xmlns:xsi="http://www.w3.org/2001/XMLSchema-instance" version="1.1" creator="ROUTEEDITOR1" xmlns="http://www.topografix.com/GPX/1/1">
  <metadata>
    <desc>Created/Modified by using GPS Route Editor.</desc>
    <link href="http://www.gpsnote.net">
      <text>GpsNote.NET</text>
    </link>
  </metadata>
  <trk>
    <trkseg>
      <trkpt lat="36.4616429873519" lon="127.107125222683">
        <ele>26.93</ele>
      </trkpt>
      <trkpt lat="36.46157203499" lon="127.107056460721">
        <ele>26.84</ele>
      </trkpt>
      <trkpt lat="36.461501075533" lon="127.106987691882">
        <ele>26.65</ele>
      </trkpt>
      <trkpt lat="36.461430116076" lon="127.106918923043">
        <ele>26.45</ele>
      </trkpt>
      <trkpt lat="36.461359156618" lon="127.106850154204">
        <ele>26.11</ele>
      </trkpt>
      <trkpt lat="36.461288197161" lon="127.106781385365">
        <ele>25.64</ele>
      </trkpt>
      <trkpt lat="36.461217237703" lon="127.106712616526">
        <ele>25.35</ele>
      </trkpt>
      <trkpt lat="36.461146278246" lon="127.106643847687">
        <ele>24.84</ele>
      </trkpt>
      <trkpt lat="36.461075318788" lon="127.106575078848">
        <ele>24.4</ele>
      </trkpt>
      <trkpt lat="36.461004359331" lon="127.106506310009">
        <ele>24</ele>
      </trkpt>
      <trkpt lat="36.460933399874" lon="127.10643754117">
        <ele>23.6</ele>
      </trkpt>
      <trkpt lat="36.460862440416" lon="127.106368772331">
        <ele>23.24</ele>
      </trkpt>
      <trkpt lat="36.460791480959" lon="127.106300003492">
        <ele>22.84</ele>
      </trkpt>
      <trkpt lat="36.460720521501" lon="127.106231234653">
        <ele>22.56</ele>
      </trkpt>
      <trkpt lat="36.460649562044" lon="127.106162465814">
        <ele>22.32</ele>
      </trkpt>
      <trkpt lat="36.460578602587" lon="127.106093696975">
        <ele>21.98</ele>
      </trkpt>
      <trkpt lat="36.460507643129" lon="127.106024928137">
        <ele>21.78</ele>
      </trkpt>
      <trkpt lat="36.460436683672" lon="127.105956159298">
        <ele>21.61</ele>
      </trkpt>
      <trkpt lat="36.460365724214" lon="127.105887390459">
        <ele>21.49</ele>
      </trkpt>
      <trkpt lat="36.460294764757" lon="127.10581862162">
        <ele>21.35</ele>
      </trkpt>
      <trkpt lat="36.460223805299" lon="127.105749852781">
        <ele>21.21</ele>
      </trkpt>
      <trkpt lat="36.4601955062553" lon="127.105722427368">
        <ele>21.15</ele>
      </trkpt>
      <trkpt lat="36.460172968308" lon="127.105661436439">
        <ele>21.04</ele>
      </trkpt>
      <trkpt lat="36.4601588335069" lon="127.105623185635">
        <ele>20.94</ele>
      </trkpt>
      <trkpt lat="36.46016773479" lon="127.105554566963">
        <ele>20.86</ele>
      </trkpt>
      <trkpt lat="36.4601696196112" lon="127.105540037155">
        <ele>20.86</ele>
      </trkpt>
      <trkpt lat="36.460208909182" lon="127.105456292176">
        <ele>20.82</ele>
      </trkpt>
      <trkpt lat="36.460254168945" lon="127.105359821842">
        <ele>20.81</ele>
      </trkpt>
      <trkpt lat="36.4602602228277" lon="127.105346918106">
        <ele>20.85</ele>
      </trkpt>
      <trkpt lat="36.460303775721" lon="127.105266718025">
        <ele>20.85</ele>
      </trkpt>
      <trkpt lat="36.460354053731" lon="127.10517413404">
        <ele>20.84</ele>
      </trkpt>
      <trkpt lat="36.46040433174" lon="127.105081550055">
        <ele>20.89</ele>
      </trkpt>
      <trkpt lat="36.4604306428766" lon="127.105033099651">
        <ele>20.88</ele>
      </trkpt>
      <trkpt lat="36.460454702367" lon="127.104989042888">
        <ele>20.9</ele>
      </trkpt>
      <trkpt lat="36.460505174672" lon="127.104896620053">
        <ele>20.91</ele>
      </trkpt>
      <trkpt lat="36.460555646977" lon="127.104804197218">
        <ele>20.91</ele>
      </trkpt>
      <trkpt lat="36.460606119282" lon="127.104711774383">
        <ele>20.99</ele>
      </trkpt>
      <trkpt lat="36.460656591587" lon="127.104619351548">
        <ele>21.04</ele>
      </trkpt>
      <trkpt lat="36.460707063892" lon="127.104526928713">
        <ele>21.13</ele>
      </trkpt>
      <trkpt lat="36.460757536196" lon="127.104434505877">
        <ele>21.14</ele>
      </trkpt>
      <trkpt lat="36.460808008501" lon="127.104342083042">
        <ele>21.17</ele>
      </trkpt>
      <trkpt lat="36.460858480806" lon="127.104249660207">
        <ele>21.2</ele>
      </trkpt>
      <trkpt lat="36.460908953111" lon="127.104157237372">
        <ele>21.26</ele>
      </trkpt>
      <trkpt lat="36.460959425416" lon="127.104064814537">
        <ele>21.24</ele>
      </trkpt>
      <trkpt lat="36.461009897721" lon="127.103972391702">
        <ele>21.29</ele>
      </trkpt>
      <trkpt lat="36.461060370026" lon="127.103879968867">
        <ele>21.35</ele>
      </trkpt>
      <trkpt lat="36.46111084233" lon="127.103787546031">
        <ele>21.36</ele>
      </trkpt>
      <trkpt lat="36.461161314635" lon="127.103695123196">
        <ele>21.42</ele>
      </trkpt>
      <trkpt lat="36.46121178694" lon="127.103602700361">
        <ele>21.42</ele>
      </trkpt>
      <trkpt lat="36.461262259245" lon="127.103510277526">
        <ele>21.52</ele>
      </trkpt>
      <trkpt lat="36.46131273155" lon="127.103417854691">
        <ele>21.52</ele>
      </trkpt>
      <trkpt lat="36.461363203855" lon="127.103325431856">
        <ele>21.7</ele>
      </trkpt>
      <trkpt lat="36.461413676159" lon="127.103233009021">
        <ele>21.72</ele>
      </trkpt>
      <trkpt lat="36.461464148464" lon="127.103140586186">
        <ele>21.72</ele>
      </trkpt>
      <trkpt lat="36.461514620769" lon="127.10304816335">
        <ele>21.81</ele>
      </trkpt>
      <trkpt lat="36.461565093074" lon="127.102955740515">
        <ele>21.8</ele>
      </trkpt>
      <trkpt lat="36.461615565379" lon="127.10286331768">
        <ele>21.86</ele>
      </trkpt>
      <trkpt lat="36.461666037684" lon="127.102770894845">
        <ele>21.87</ele>
      </trkpt>
      <trkpt lat="36.461716509989" lon="127.10267847201">
        <ele>21.89</ele>
      </trkpt>
      <trkpt lat="36.461766982293" lon="127.102586049175">
        <ele>22.0</ele>
      </trkpt>
      <trkpt lat="36.461817454598" lon="127.10249362634">
        <ele>22.03</ele>
      </trkpt>
      <trkpt lat="36.461867926903" lon="127.102401203504">
        <ele>22.07</ele>
      </trkpt>
      <trkpt lat="36.461918399208" lon="127.102308780669">
        <ele>22.12</ele>
      </trkpt>
      <trkpt lat="36.461968871513" lon="127.102216357834">
        <ele>22.19</ele>
      </trkpt>
      <trkpt lat="36.4619730351454" lon="127.102208733559">
        <ele>22.25</ele>
      </trkpt>
      <trkpt lat="36.4620355930655" lon="127.102168500423">
        <ele>22.31</ele>
      </trkpt>
      <trkpt lat="36.462047499208" lon="127.10217171869">
        <ele>22.31</ele>
      </trkpt>
      <trkpt lat="36.4621348227663" lon="127.102195322514">
        <ele>22.3</ele>
      </trkpt>
      <trkpt lat="36.462135478486" lon="127.102195735334">
        <ele>22.3</ele>
      </trkpt>
      <trkpt lat="36.462215804901" lon="127.102246306305">
        <ele>22.29</ele>
      </trkpt>
      <trkpt lat="36.462296131316" lon="127.102296877275">
        <ele>22.28</ele>
      </trkpt>
      <trkpt lat="36.462376457732" lon="127.102347448245">
        <ele>22.24</ele>
      </trkpt>
      <trkpt lat="36.462456784147" lon="127.102398019215">
        <ele>22.19</ele>
      </trkpt>
      <trkpt lat="36.4624756542497" lon="127.102409899235">
        <ele>22.22</ele>
      </trkpt>
      <trkpt lat="36.462536319785" lon="127.102450458016">
        <ele>22.19</ele>
      </trkpt>
      <trkpt lat="36.462615612615" lon="127.102503470331">
        <ele>22.18</ele>
      </trkpt>
      <trkpt lat="36.462694905445" lon="127.102556482647">
        <ele>22.13</ele>
      </trkpt>
      <trkpt lat="36.462774198275" lon="127.102609494963">
        <ele>22.11</ele>
      </trkpt>
      <trkpt lat="36.462853491105" lon="127.102662507279">
        <ele>22.03</ele>
      </trkpt>
      <trkpt lat="36.462904927214" lon="127.102696895599">
        <ele>22.01</ele>
      </trkpt>
      <trkpt lat="36.462932746845" lon="127.102715604486">
        <ele>22.0</ele>
      </trkpt>
      <trkpt lat="36.4630119341" lon="127.102768858442">
        <ele>21.99</ele>
      </trkpt>
      <trkpt lat="36.463091121354" lon="127.102822112398">
        <ele>21.96</ele>
      </trkpt>
      <trkpt lat="36.463170308609" lon="127.102875366354">
        <ele>21.93</ele>
      </trkpt>
      <trkpt lat="36.463249495863" lon="127.10292862031">
        <ele>21.94</ele>
      </trkpt>
      <trkpt lat="36.463328683118" lon="127.102981874266">
        <ele>21.91</ele>
      </trkpt>
      <trkpt lat="36.463407870372" lon="127.103035128221">
        <ele>21.88</ele>
      </trkpt>
      <trkpt lat="36.4634593113951" lon="127.103069722652">
        <ele>21.91</ele>
      </trkpt>
      <trkpt lat="36.463487014348" lon="127.103088480615">
        <ele>21.88</ele>
      </trkpt>
      <trkpt lat="36.463566078086" lon="127.10314201551">
        <ele>21.87</ele>
      </trkpt>
      <trkpt lat="36.463645141824" lon="127.103195550405">
        <ele>21.88</ele>
      </trkpt>
      <trkpt lat="36.463724205562" lon="127.1032490853">
        <ele>21.88</ele>
      </trkpt>
      <trkpt lat="36.463803269301" lon="127.103302620195">
        <ele>21.84</ele>
      </trkpt>
      <trkpt lat="36.463882333039" lon="127.10335615509">
        <ele>21.88</ele>
      </trkpt>
      <trkpt lat="36.463961396777" lon="127.103409689985">
        <ele>21.92</ele>
      </trkpt>
      <trkpt lat="36.464040460515" lon="127.10346322488">
        <ele>21.9</ele>
      </trkpt>
      <trkpt lat="36.4641129187815" lon="127.10351228714">
        <ele>21.96</ele>
      </trkpt>
      <trkpt lat="36.464119409079" lon="127.103517011181">
        <ele>21.96</ele>
      </trkpt>
      <trkpt lat="36.464197094249" lon="127.103573555257">
        <ele>21.97</ele>
      </trkpt>
      <trkpt lat="36.464274779419" lon="127.103630099334">
        <ele>22.01</ele>
      </trkpt>
      <trkpt lat="36.464352464589" lon="127.103686643411">
        <ele>22.07</ele>
      </trkpt>
      <trkpt lat="36.464430149759" lon="127.103743187487">
        <ele>22.06</ele>
      </trkpt>
      <trkpt lat="36.464507834929" lon="127.103799731564">
        <ele>22.12</ele>
      </trkpt>
      <trkpt lat="36.464585520099" lon="127.10385627564">
        <ele>22.14</ele>
      </trkpt>
      <trkpt lat="36.4646435662703" lon="127.103898525238">
        <ele>22.15</ele>
      </trkpt>
      <trkpt lat="36.464662788604" lon="127.103913663047">
        <ele>22.18</ele>
      </trkpt>
      <trkpt lat="36.464738825593" lon="127.103973543048">
        <ele>22.18</ele>
      </trkpt>
      <trkpt lat="36.464814862581" lon="127.104033423049">
        <ele>22.2</ele>
      </trkpt>
      <trkpt lat="36.46489089957" lon="127.104093303051">
        <ele>22.27</ele>
      </trkpt>
      <trkpt lat="36.464966936558" lon="127.104153183052">
        <ele>22.28</ele>
      </trkpt>
      <trkpt lat="36.465042973546" lon="127.104213063053">
        <ele>22.32</ele>
      </trkpt>
      <trkpt lat="36.465119010535" lon="127.104272943055">
        <ele>22.35</ele>
      </trkpt>
      <trkpt lat="36.4651612676373" lon="127.104306221008">
        <ele>22.38</ele>
      </trkpt>
      <trkpt lat="36.465193413037" lon="127.104335764826">
        <ele>22.37</ele>
      </trkpt>
      <trkpt lat="36.465265770872" lon="127.104402266617">
        <ele>22.43</ele>
      </trkpt>
      <trkpt lat="36.465338128707" lon="127.104468768408">
        <ele>22.4</ele>
      </trkpt>
      <trkpt lat="36.4654093316506" lon="127.104534208775">
        <ele>22.39</ele>
      </trkpt>
      <trkpt lat="36.465410481303" lon="127.104535278887">
        <ele>22.39</ele>
      </trkpt>
      <trkpt lat="36.465482510911" lon="127.104602325031">
        <ele>22.4</ele>
      </trkpt>
      <trkpt lat="36.46555454052" lon="127.104669371174">
        <ele>22.42</ele>
      </trkpt>
      <trkpt lat="36.465626570128" lon="127.104736417317">
        <ele>22.43</ele>
      </trkpt>
      <trkpt lat="36.465698599736" lon="127.10480346346">
        <ele>22.44</ele>
      </trkpt>
      <trkpt lat="36.465770629344" lon="127.104870509604">
        <ele>22.42</ele>
      </trkpt>
      <trkpt lat="36.465842658952" lon="127.104937555747">
        <ele>22.39</ele>
      </trkpt>
      <trkpt lat="36.46591468856" lon="127.10500460189">
        <ele>22.36</ele>
      </trkpt>
      <trkpt lat="36.465986718168" lon="127.105071648033">
        <ele>22.35</ele>
      </trkpt>
      <trkpt lat="36.466058747777" lon="127.105138694177">
        <ele>22.31</ele>
      </trkpt>
      <trkpt lat="36.466130777385" lon="127.10520574032">
        <ele>22.27</ele>
      </trkpt>
      <trkpt lat="36.4661643041984" lon="127.105236947536">
        <ele>22.25</ele>
      </trkpt>
      <trkpt lat="36.466201750231" lon="127.105274463797">
        <ele>22.25</ele>
      </trkpt>
      <trkpt lat="36.466271802887" lon="127.105344647834">
        <ele>22.16</ele>
      </trkpt>
      <trkpt lat="36.466341855544" lon="127.105414831872">
        <ele>22.08</ele>
      </trkpt>
      <trkpt lat="36.4664119082" lon="127.105485015909">
        <ele>22.02</ele>
      </trkpt>
      <trkpt lat="36.466481960857" lon="127.105555199947">
        <ele>21.96</ele>
      </trkpt>
      <trkpt lat="36.4665417877154" lon="127.105615139008">
        <ele>21.86</ele>
      </trkpt>
      <trkpt lat="36.466607491749" lon="127.105676085526">
        <ele>21.83</ele>
      </trkpt>
      <trkpt lat="36.466679611979" lon="127.105742983654">
        <ele>21.74</ele>
      </trkpt>
      <trkpt lat="36.466751732209" lon="127.105809881783">
        <ele>21.65</ele>
      </trkpt>
      <trkpt lat="36.46682385244" lon="127.105876779911">
        <ele>21.6</ele>
      </trkpt>
      <trkpt lat="36.46689597267" lon="127.10594367804">
        <ele>21.56</ele>
      </trkpt>
      <trkpt lat="36.4669680929" lon="127.106010576168">
        <ele>21.46</ele>
      </trkpt>
      <trkpt lat="36.46704021313" lon="127.106077474297">
        <ele>21.32</ele>
      </trkpt>
      <trkpt lat="36.46711233336" lon="127.106144372425">
        <ele>21.26</ele>
      </trkpt>
      <trkpt lat="36.46718445359" lon="127.106211270554">
        <ele>21.21</ele>
      </trkpt>
      <trkpt lat="36.46725657382" lon="127.106278168682">
        <ele>21.19</ele>
      </trkpt>
      <trkpt lat="36.46732869405" lon="127.106345066811">
        <ele>21.13</ele>
      </trkpt>
      <trkpt lat="36.46740081428" lon="127.106411964939">
        <ele>21.01</ele>
      </trkpt>
      <trkpt lat="36.46747293451" lon="127.106478863068">
        <ele>20.94</ele>
      </trkpt>
      <trkpt lat="36.46754505474" lon="127.106545761196">
        <ele>20.87</ele>
      </trkpt>
      <trkpt lat="36.467617174971" lon="127.106612659325">
        <ele>20.78</ele>
      </trkpt>
      <trkpt lat="36.467689295201" lon="127.106679557453">
        <ele>20.68</ele>
      </trkpt>
      <trkpt lat="36.467761415431" lon="127.106746455582">
        <ele>20.61</ele>
      </trkpt>
      <trkpt lat="36.467833535661" lon="127.10681335371">
        <ele>20.55</ele>
      </trkpt>
      <trkpt lat="36.467905655891" lon="127.106880251839">
        <ele>20.49</ele>
      </trkpt>
      <trkpt lat="36.467977776121" lon="127.106947149967">
        <ele>20.45</ele>
      </trkpt>
      <trkpt lat="36.468049896351" lon="127.107014048096">
        <ele>20.36</ele>
      </trkpt>
      <trkpt lat="36.468122016581" lon="127.107080946224">
        <ele>20.27</ele>
      </trkpt>
      <trkpt lat="36.468194136811" lon="127.107147844353">
        <ele>20.21</ele>
      </trkpt>
      <trkpt lat="36.468266257041" lon="127.107214742481">
        <ele>20.15</ele>
      </trkpt>
      <trkpt lat="36.468338377272" lon="127.10728164061">
        <ele>20.02</ele>
      </trkpt>
      <trkpt lat="36.468410497502" lon="127.107348538738">
        <ele>19.94</ele>
      </trkpt>
      <trkpt lat="36.468482617732" lon="127.107415436867">
        <ele>19.93</ele>
      </trkpt>
      <trkpt lat="36.4685456551508" lon="127.107473909855">
        <ele>19.84</ele>
      </trkpt>
      <trkpt lat="36.46855483293" lon="127.10748217594">
        <ele>19.84</ele>
      </trkpt>
      <trkpt lat="36.468627707233" lon="127.107547811122">
        <ele>19.84</ele>
      </trkpt>
      <trkpt lat="36.468700581537" lon="127.107613446303">
        <ele>19.78</ele>
      </trkpt>
      <trkpt lat="36.468773455841" lon="127.107679081485">
        <ele>19.69</ele>
      </trkpt>
      <trkpt lat="36.468846330144" lon="127.107744716666">
        <ele>19.69</ele>
      </trkpt>
      <trkpt lat="36.468919204448" lon="127.107810351848">
        <ele>19.69</ele>
      </trkpt>
      <trkpt lat="36.468992078751" lon="127.10787598703">
        <ele>19.69</ele>
      </trkpt>
      <trkpt lat="36.469064953055" lon="127.107941622211">
        <ele>19.7</ele>
      </trkpt>
      <trkpt lat="36.469137827359" lon="127.108007257393">
        <ele>19.66</ele>
      </trkpt>
      <trkpt lat="36.469210701662" lon="127.108072892574">
        <ele>19.66</ele>
      </trkpt>
      <trkpt lat="36.469283575966" lon="127.108138527756">
        <ele>19.68</ele>
      </trkpt>
      <trkpt lat="36.469356450269" lon="127.108204162937">
        <ele>19.73</ele>
      </trkpt>
      <trkpt lat="36.469429324573" lon="127.108269798119">
        <ele>19.8</ele>
      </trkpt>
      <trkpt lat="36.469502198877" lon="127.108335433301">
        <ele>19.89</ele>
      </trkpt>
      <trkpt lat="36.46957507318" lon="127.108401068482">
        <ele>19.98</ele>
      </trkpt>
      <trkpt lat="36.469647947484" lon="127.108466703664">
        <ele>20.05</ele>
      </trkpt>
      <trkpt lat="36.469720821787" lon="127.108532338845">
        <ele>20.13</ele>
      </trkpt>
      <trkpt lat="36.469793696091" lon="127.108597974027">
        <ele>20.24</ele>
      </trkpt>
      <trkpt lat="36.469866570395" lon="127.108663609209">
        <ele>20.37</ele>
      </trkpt>
      <trkpt lat="36.469939444698" lon="127.10872924439">
        <ele>20.46</ele>
      </trkpt>
      <trkpt lat="36.470012319002" lon="127.108794879572">
        <ele>20.56</ele>
      </trkpt>
      <trkpt lat="36.470085193305" lon="127.108860514753">
        <ele>20.64</ele>
      </trkpt>
      <trkpt lat="36.470158067609" lon="127.108926149935">
        <ele>20.8</ele>
      </trkpt>
      <trkpt lat="36.470230941913" lon="127.108991785117">
        <ele>20.88</ele>
      </trkpt>
      <trkpt lat="36.470303816216" lon="127.109057420298">
        <ele>20.96</ele>
      </trkpt>
      <trkpt lat="36.47037669052" lon="127.10912305548">
        <ele>21.04</ele>
      </trkpt>
      <trkpt lat="36.470449564823" lon="127.109188690661">
        <ele>21.13</ele>
      </trkpt>
      <trkpt lat="36.4705171168027" lon="127.109249532223">
        <ele>21.22</ele>
      </trkpt>
      <trkpt lat="36.47052204522" lon="127.109254933092">
        <ele>21.22</ele>
      </trkpt>
      <trkpt lat="36.470589526078" lon="127.109328882839">
        <ele>21.28</ele>
      </trkpt>
      <trkpt lat="36.470657006936" lon="127.109402832586">
        <ele>21.31</ele>
      </trkpt>
      <trkpt lat="36.470724487794" lon="127.109476782334">
        <ele>21.31</ele>
      </trkpt>
      <trkpt lat="36.470791968652" lon="127.109550732081">
        <ele>21.26</ele>
      </trkpt>
      <trkpt lat="36.47085944951" lon="127.109624681828">
        <ele>21.2</ele>
      </trkpt>
      <trkpt lat="36.470862225283" lon="127.109627723694">
        <ele>21.2</ele>
      </trkpt>
      <trkpt lat="36.470916610873" lon="127.10971086185">
        <ele>21.14</ele>
      </trkpt>
      <trkpt lat="36.470973329541" lon="127.109797566535">
        <ele>21.14</ele>
      </trkpt>
      <trkpt lat="36.47103004821" lon="127.109884271221">
        <ele>21.05</ele>
      </trkpt>
      <trkpt lat="36.471086766878" lon="127.109970975906">
        <ele>21.12</ele>
      </trkpt>
      <trkpt lat="36.471143485547" lon="127.110057680592">
        <ele>21.03</ele>
      </trkpt>
      <trkpt lat="36.471200204215" lon="127.110144385278">
        <ele>21.01</ele>
      </trkpt>
      <trkpt lat="36.4712008614857" lon="127.110145390034">
        <ele>21.01</ele>
      </trkpt>
      <trkpt lat="36.471249407796" lon="127.110237854489">
        <ele>20.99</ele>
      </trkpt>
      <trkpt lat="36.471298523269" lon="127.110331403009">
        <ele>21.06</ele>
      </trkpt>
      <trkpt lat="36.471347638742" lon="127.110424951529">
        <ele>20.96</ele>
      </trkpt>
      <trkpt lat="36.4713712574868" lon="127.110469937325">
        <ele>21.01</ele>
      </trkpt>
      <trkpt lat="36.471394620153" lon="127.110520118932">
        <ele>21.07</ele>
      </trkpt>
      <trkpt lat="36.471439624688" lon="127.110616785979">
        <ele>20.99</ele>
      </trkpt>
      <trkpt lat="36.471484629224" lon="127.110713453027">
        <ele>21.07</ele>
      </trkpt>
      <trkpt lat="36.471529633759" lon="127.110810120074">
        <ele>21.1</ele>
      </trkpt>
      <trkpt lat="36.4715373393046" lon="127.110826671124">
        <ele>21.08</ele>
      </trkpt>
      <trkpt lat="36.471558277632" lon="127.110915436286">
        <ele>21</ele>
      </trkpt>
      <trkpt lat="36.471583541578" lon="127.111022539316">
        <ele>21.06</ele>
      </trkpt>
      <trkpt lat="36.471608805525" lon="127.111129642347">
        <ele>20.96</ele>
      </trkpt>
      <trkpt lat="36.4716322430407" lon="127.111229002476">
        <ele>21.09</ele>
      </trkpt>
      <trkpt lat="36.471632959403" lon="127.111237019947">
        <ele>21.08</ele>
      </trkpt>
      <trkpt lat="36.471642868419" lon="127.111347920938">
        <ele>20.91</ele>
      </trkpt>
      <trkpt lat="36.471652777435" lon="127.11145882193">
        <ele>20.9</ele>
      </trkpt>
      <trkpt lat="36.471662686452" lon="127.111569722921">
        <ele>20.81</ele>
      </trkpt>
      <trkpt lat="36.471672595468" lon="127.111680623912">
        <ele>20.88</ele>
      </trkpt>
      <trkpt lat="36.4716753810641" lon="127.111711800098">
        <ele>20.86</ele>
      </trkpt>
      <trkpt lat="36.47167430618" lon="127.111792000265">
        <ele>20.82</ele>
      </trkpt>
      <trkpt lat="36.471672810966" lon="127.111903562507">
        <ele>20.77</ele>
      </trkpt>
      <trkpt lat="36.471671315751" lon="127.112015124748">
        <ele>20.74</ele>
      </trkpt>
      <trkpt lat="36.4716710672629" lon="127.11203366518">
        <ele>20.72</ele>
      </trkpt>
      <trkpt lat="36.471662805017" lon="127.112126135635">
        <ele>20.6</ele>
      </trkpt>
      <trkpt lat="36.471652896001" lon="127.112237036629">
        <ele>20.69</ele>
      </trkpt>
      <trkpt lat="36.471642986984" lon="127.112347937623">
        <ele>20.65</ele>
      </trkpt>
      <trkpt lat="36.4716408706473" lon="127.112371623516">
        <ele>20.64</ele>
      </trkpt>
      <trkpt lat="36.471625000639" lon="127.112457142273">
        <ele>20.6</ele>
      </trkpt>
      <trkpt lat="36.471604820652" lon="127.112565886228">
        <ele>20.63</ele>
      </trkpt>
      <trkpt lat="36.471584640664" lon="127.112674630184">
        <ele>20.65</ele>
      </trkpt>
      <trkpt lat="36.471582634284" lon="127.112685441971">
        <ele>20.64</ele>
      </trkpt>
      <trkpt lat="36.471561034564" lon="127.112782301627">
        <ele>20.59</ele>
      </trkpt>
      <trkpt lat="36.471537050218" lon="127.112889854664">
        <ele>20.63</ele>
      </trkpt>
      <trkpt lat="36.471513065871" lon="127.112997407701">
        <ele>20.72</ele>
      </trkpt>
      <trkpt lat="36.4715114564473" lon="127.113004624844">
        <ele>20.72</ele>
      </trkpt>
      <trkpt lat="36.471478139674" lon="127.11310019205">
        <ele>20.71</ele>
      </trkpt>
      <trkpt lat="36.471442426432" lon="127.113202633388">
        <ele>20.67</ele>
      </trkpt>
      <trkpt lat="36.471406713189" lon="127.113305074726">
        <ele>20.56</ele>
      </trkpt>
      <trkpt lat="36.471370999947" lon="127.113407516064">
        <ele>20.58</ele>
      </trkpt>
      <trkpt lat="36.4713496883934" lon="127.113468647003">
        <ele>20.61</ele>
      </trkpt>
      <trkpt lat="36.471332753651" lon="127.113508457227">
        <ele>20.63</ele>
      </trkpt>
      <trkpt lat="36.471290758953" lon="127.113607178436">
        <ele>20.65</ele>
      </trkpt>
      <trkpt lat="36.471248764256" lon="127.113705899645">
        <ele>20.66</ele>
      </trkpt>
      <trkpt lat="36.471206769559" lon="127.113804620854">
        <ele>20.8</ele>
      </trkpt>
      <trkpt lat="36.471164774862" lon="127.113903342063">
        <ele>20.98</ele>
      </trkpt>
      <trkpt lat="36.471122780164" lon="127.114002063272">
        <ele>21.12</ele>
      </trkpt>
      <trkpt lat="36.471080785467" lon="127.114100784481">
        <ele>21.31</ele>
      </trkpt>
      <trkpt lat="36.47103879077" lon="127.11419950569">
        <ele>21.62</ele>
      </trkpt>
      <trkpt lat="36.4710347789469" lon="127.114208936691">
        <ele>21.64</ele>
      </trkpt>
      <trkpt lat="36.470994398649" lon="127.114296599003">
        <ele>21.88</ele>
      </trkpt>
      <trkpt lat="36.470949753308" lon="127.114393520374">
        <ele>22.22</ele>
      </trkpt>
      <trkpt lat="36.470905107967" lon="127.114490441745">
        <ele>22.6</ele>
      </trkpt>
      <trkpt lat="36.470860462625" lon="127.114587363116">
        <ele>22.9</ele>
      </trkpt>
      <trkpt lat="36.470815817284" lon="127.114684284488">
        <ele>23.29</ele>
      </trkpt>
      <trkpt lat="36.4707802621581" lon="127.114761471748">
        <ele>23.65</ele>
      </trkpt>
      <trkpt lat="36.470771163398" lon="127.114781199768">
        <ele>23.74</ele>
      </trkpt>
      <trkpt lat="36.470726476092" lon="127.114878091226">
        <ele>24.03</ele>
      </trkpt>
      <trkpt lat="36.470681788786" lon="127.114974982683">
        <ele>24.48</ele>
      </trkpt>
      <trkpt lat="36.470637101479" lon="127.11507187414">
        <ele>24.85</ele>
      </trkpt>
      <trkpt lat="36.470612021788" lon="127.115126252174">
        <ele>25</ele>
      </trkpt>
      <trkpt lat="36.470589348456" lon="127.115166360495">
        <ele>25.12</ele>
      </trkpt>
      <trkpt lat="36.470537674137" lon="127.115257770534">
        <ele>25.5</ele>
      </trkpt>
      <trkpt lat="36.470485999818" lon="127.115349180572">
        <ele>25.89</ele>
      </trkpt>
      <trkpt lat="36.4704588795952" lon="127.115397155285">
        <ele>26.06</ele>
      </trkpt>
      <trkpt lat="36.470432714273" lon="127.11543912367">
        <ele>26.21</ele>
      </trkpt>
      <trkpt lat="36.470377649114" lon="127.11552744652">
        <ele>26.53</ele>
      </trkpt>
      <trkpt lat="36.470322583955" lon="127.115615769369">
        <ele>26.96</ele>
      </trkpt>
      <trkpt lat="36.4703100509771" lon="127.115635871887">
        <ele>27.04</ele>
      </trkpt>
      <trkpt lat="36.470261716093" lon="127.115697885631">
        <ele>27.31</ele>
      </trkpt>
      <trkpt lat="36.470199138345" lon="127.115778172995">
        <ele>27.6</ele>
      </trkpt>
      <trkpt lat="36.4701741637283" lon="127.115810215473">
        <ele>27.69</ele>
      </trkpt>
      <trkpt lat="36.470134972859" lon="127.115856482615">
        <ele>27.83</ele>
      </trkpt>
      <trkpt lat="36.470069752855" lon="127.115933478691">
        <ele>28.32</ele>
      </trkpt>
      <trkpt lat="36.470004532852" lon="127.116010474767">
        <ele>28.53</ele>
      </trkpt>
      <trkpt lat="36.4700037650957" lon="127.116011381149">
        <ele>28.53</ele>
      </trkpt>
      <trkpt lat="36.469930969655" lon="127.116074896889">
        <ele>28.7</ele>
      </trkpt>
      <trkpt lat="36.469857307073" lon="127.116139169229">
        <ele>28.99</ele>
      </trkpt>
      <trkpt lat="36.469783644492" lon="127.116203441569">
        <ele>29.17</ele>
      </trkpt>
      <trkpt lat="36.46970998191" lon="127.11626771391">
        <ele>29.4</ele>
      </trkpt>
      <trkpt lat="36.469636319329" lon="127.11633198625">
        <ele>29.7</ele>
      </trkpt>
      <trkpt lat="36.4696133566897" lon="127.116352021694">
        <ele>29.76</ele>
      </trkpt>
      <trkpt lat="36.469561887712" lon="127.116394875428">
        <ele>29.88</ele>
      </trkpt>
      <trkpt lat="36.469487107789" lon="127.116457138155">
        <ele>30.21</ele>
      </trkpt>
      <trkpt lat="36.469412327867" lon="127.116519400882">
        <ele>30.55</ele>
      </trkpt>
      <trkpt lat="36.4693653061284" lon="127.116558551788">
        <ele>30.66</ele>
      </trkpt>
      <trkpt lat="36.469339150529" lon="127.116584370385">
        <ele>30.72</ele>
      </trkpt>
      <trkpt lat="36.469268687932" lon="127.116653925103">
        <ele>30.89</ele>
      </trkpt>
      <trkpt lat="36.469198225335" lon="127.116723479822">
        <ele>31.06</ele>
      </trkpt>
      <trkpt lat="36.4691560802553" lon="127.116765081882">
        <ele>31.17</ele>
      </trkpt>
      <trkpt lat="36.469130264242" lon="127.116796529092">
        <ele>31.24</ele>
      </trkpt>
      <trkpt lat="36.469066026146" lon="127.116874779318">
        <ele>31.41</ele>
      </trkpt>
      <trkpt lat="36.469001788051" lon="127.116953029543">
        <ele>31.58</ele>
      </trkpt>
      <trkpt lat="36.4689446968409" lon="127.117022573948">
        <ele>31.75</ele>
      </trkpt>
      <trkpt lat="36.46893848652" lon="127.117032319071">
        <ele>31.77</ele>
      </trkpt>
      <trkpt lat="36.468882666508" lon="127.117119910818">
        <ele>31.92</ele>
      </trkpt>
      <trkpt lat="36.468826846496" lon="127.117207502564">
        <ele>32.09</ele>
      </trkpt>
      <trkpt lat="36.468771026485" lon="127.117295094311">
        <ele>32.26</ele>
      </trkpt>
      <trkpt lat="36.4687635105983" lon="127.117306888103">
        <ele>32.28</ele>
      </trkpt>
      <trkpt lat="36.468716483923" lon="127.117383907456">
        <ele>32.43</ele>
      </trkpt>
      <trkpt lat="36.468662140125" lon="127.117472910645">
        <ele>32.61</ele>
      </trkpt>
      <trkpt lat="36.468607796328" lon="127.117561913834">
        <ele>32.78</ele>
      </trkpt>
      <trkpt lat="36.4685866379055" lon="127.117596566677">
        <ele>32.85</ele>
      </trkpt>
      <trkpt lat="36.46856149845" lon="127.117657174443">
        <ele>32.95</ele>
      </trkpt>
      <trkpt lat="36.468520330512" lon="127.117756424677">
        <ele>33.12</ele>
      </trkpt>
      <trkpt lat="36.4684809454939" lon="127.117851376534">
        <ele>33.17</ele>
      </trkpt>
      <trkpt lat="36.468479778168" lon="127.117855987385">
        <ele>33.17</ele>
      </trkpt>
      <trkpt lat="36.46845282442" lon="127.11796245271">
        <ele>33.09</ele>
      </trkpt>
      <trkpt lat="36.468425870672" lon="127.118068918036">
        <ele>33.07</ele>
      </trkpt>
      <trkpt lat="36.468398916924" lon="127.118175383362">
        <ele>32.93</ele>
      </trkpt>
      <trkpt lat="36.468371963176" lon="127.118281848687">
        <ele>32.78</ele>
      </trkpt>
      <trkpt lat="36.468345009428" lon="127.118388314013">
        <ele>32.64</ele>
      </trkpt>
      <trkpt lat="36.4683342700718" lon="127.118430733681">
        <ele>32.58</ele>
      </trkpt>
      <trkpt lat="36.46833151977" lon="127.118497765376">
        <ele>32.5</ele>
      </trkpt>
      <trkpt lat="36.468326947847" lon="127.118609194496">
        <ele>32.35</ele>
      </trkpt>
      <trkpt lat="36.468322375923" lon="127.118720623615">
        <ele>32.21</ele>
      </trkpt>
      <trkpt lat="36.468317804" lon="127.118832052735">
        <ele>32.07</ele>
      </trkpt>
      <trkpt lat="36.468313232077" lon="127.118943481854">
        <ele>31.92</ele>
      </trkpt>
      <trkpt lat="36.4683127001334" lon="127.118956446648">
        <ele>31.9</ele>
      </trkpt>
      <trkpt lat="36.468320337571" lon="127.119054583439">
        <ele>31.78</ele>
      </trkpt>
      <trkpt lat="36.46832898063" lon="127.119165641897">
        <ele>31.64</ele>
      </trkpt>
      <trkpt lat="36.468337623688" lon="127.119276700356">
        <ele>31.49</ele>
      </trkpt>
      <trkpt lat="36.4683450550388" lon="127.119372189045">
        <ele>31.37</ele>
      </trkpt>
      <trkpt lat="36.468348403563" lon="127.11938727152">
        <ele>31.35</ele>
      </trkpt>
      <trkpt lat="36.468372288434" lon="127.119494854135">
        <ele>31.21</ele>
      </trkpt>
      <trkpt lat="36.468396173305" lon="127.119602436749">
        <ele>31.06</ele>
      </trkpt>
      <trkpt lat="36.468420058176" lon="127.119710019364">
        <ele>30.92</ele>
      </trkpt>
      <trkpt lat="36.4684421196739" lon="127.119809389114">
        <ele>30.78</ele>
      </trkpt>
      <trkpt lat="36.468445257209" lon="127.119816969203">
        <ele>30.77</ele>
      </trkpt>
      <trkpt lat="36.468486356665" lon="127.119916262913">
        <ele>30.63</ele>
      </trkpt>
      <trkpt lat="36.468527456121" lon="127.120015556623">
        <ele>30.49</ele>
      </trkpt>
      <trkpt lat="36.468568555576" lon="127.120114850334">
        <ele>30.35</ele>
      </trkpt>
      <trkpt lat="36.4685931088648" lon="127.12017416954">
        <ele>30.26</ele>
      </trkpt>
      <trkpt lat="36.468612526318" lon="127.120212112632">
        <ele>30.2</ele>
      </trkpt>
      <trkpt lat="36.468660757834" lon="127.120306360465">
        <ele>30.06</ele>
      </trkpt>
      <trkpt lat="36.46870898935" lon="127.120400608298">
        <ele>29.92</ele>
      </trkpt>
      <trkpt lat="36.468757220866" lon="127.120494856132">
        <ele>29.77</ele>
      </trkpt>
      <trkpt lat="36.4688044932379" lon="127.120587229729">
        <ele>29.63</ele>
      </trkpt>
      <trkpt lat="36.468805582176" lon="127.120588991911">
        <ele>29.63</ele>
      </trkpt>
      <trkpt lat="36.468860340518" lon="127.120677605001">
        <ele>29.49</ele>
      </trkpt>
      <trkpt lat="36.46891509886" lon="127.120766218091">
        <ele>29.34</ele>
      </trkpt>
      <trkpt lat="36.4689619526514" lon="127.120842039585">
        <ele>29.22</ele>
      </trkpt>
      <trkpt lat="36.468970482339" lon="127.120854200262">
        <ele>29.2</ele>
      </trkpt>
      <trkpt lat="36.46902957129" lon="127.120938442695">
        <ele>29.06</ele>
      </trkpt>
      <trkpt lat="36.469088660241" lon="127.121022685128">
        <ele>28.91</ele>
      </trkpt>
      <trkpt lat="36.469147749192" lon="127.12110692756">
        <ele>28.77</ele>
      </trkpt>
      <trkpt lat="36.469206838143" lon="127.121191169993">
        <ele>28.63</ele>
      </trkpt>
      <trkpt lat="36.469265927094" lon="127.121275412426">
        <ele>28.48</ele>
      </trkpt>
      <trkpt lat="36.469325016045" lon="127.121359654858">
        <ele>28.34</ele>
      </trkpt>
      <trkpt lat="36.469384104996" lon="127.121443897291">
        <ele>28.2</ele>
      </trkpt>
      <trkpt lat="36.469443193946" lon="127.121528139724">
        <ele>28.05</ele>
      </trkpt>
      <trkpt lat="36.469502282897" lon="127.121612382156">
        <ele>27.91</ele>
      </trkpt>
      <trkpt lat="36.469561371848" lon="127.121696624589">
        <ele>27.77</ele>
      </trkpt>
      <trkpt lat="36.469620460799" lon="127.121780867022">
        <ele>27.62</ele>
      </trkpt>
      <trkpt lat="36.46967954975" lon="127.121865109454">
        <ele>27.48</ele>
      </trkpt>
      <trkpt lat="36.469738638701" lon="127.121949351887">
        <ele>27.34</ele>
      </trkpt>
      <trkpt lat="36.469797727652" lon="127.12203359432">
        <ele>27.19</ele>
      </trkpt>
      <trkpt lat="36.469856816603" lon="127.122117836752">
        <ele>27.05</ele>
      </trkpt>
      <trkpt lat="36.469915905554" lon="127.122202079185">
        <ele>26.91</ele>
      </trkpt>
      <trkpt lat="36.469974994504" lon="127.122286321618">
        <ele>26.76</ele>
      </trkpt>
      <trkpt lat="36.470034083455" lon="127.12237056405">
        <ele>26.62</ele>
      </trkpt>
      <trkpt lat="36.470093172406" lon="127.122454806483">
        <ele>26.48</ele>
      </trkpt>
      <trkpt lat="36.470152261357" lon="127.122539048916">
        <ele>26.33</ele>
      </trkpt>
      <trkpt lat="36.470211350308" lon="127.122623291349">
        <ele>26.19</ele>
      </trkpt>
      <trkpt lat="36.470270439259" lon="127.122707533781">
        <ele>26.05</ele>
      </trkpt>
      <trkpt lat="36.47032952821" lon="127.122791776214">
        <ele>25.9</ele>
      </trkpt>
      <trkpt lat="36.470388617161" lon="127.122876018647">
        <ele>25.76</ele>
      </trkpt>
      <trkpt lat="36.470447706112" lon="127.122960261079">
        <ele>25.62</ele>
      </trkpt>
      <trkpt lat="36.470506795062" lon="127.123044503512">
        <ele>25.47</ele>
      </trkpt>
      <trkpt lat="36.470565884013" lon="127.123128745945">
        <ele>25.33</ele>
      </trkpt>
      <trkpt lat="36.470624972964" lon="127.123212988377">
        <ele>25.19</ele>
      </trkpt>
      <trkpt lat="36.470684061915" lon="127.12329723081">
        <ele>25.04</ele>
      </trkpt>
      <trkpt lat="36.470743150866" lon="127.123381473243">
        <ele>24.9</ele>
      </trkpt>
      <trkpt lat="36.470802239817" lon="127.123465715675">
        <ele>24.76</ele>
      </trkpt>
      <trkpt lat="36.470861328768" lon="127.123549958108">
        <ele>24.61</ele>
      </trkpt>
      <trkpt lat="36.470920417719" lon="127.123634200541">
        <ele>24.47</ele>
      </trkpt>
      <trkpt lat="36.47097950667" lon="127.123718442973">
        <ele>24.33</ele>
      </trkpt>
      <trkpt lat="36.471038595621" lon="127.123802685406">
        <ele>24.18</ele>
      </trkpt>
      <trkpt lat="36.471097684571" lon="127.123886927839">
        <ele>24.04</ele>
      </trkpt>
      <trkpt lat="36.471156773522" lon="127.123971170272">
        <ele>23.9</ele>
      </trkpt>
      <trkpt lat="36.471215862473" lon="127.124055412704">
        <ele>23.75</ele>
      </trkpt>
      <trkpt lat="36.471274951424" lon="127.124139655137">
        <ele>23.61</ele>
      </trkpt>
      <trkpt lat="36.471334040375" lon="127.12422389757">
        <ele>23.47</ele>
      </trkpt>
      <trkpt lat="36.471393129326" lon="127.124308140002">
        <ele>23.32</ele>
      </trkpt>
      <trkpt lat="36.471452218277" lon="127.124392382435">
        <ele>23.18</ele>
      </trkpt>
      <trkpt lat="36.471511307228" lon="127.124476624868">
        <ele>23.04</ele>
      </trkpt>
      <trkpt lat="36.471570396179" lon="127.1245608673">
        <ele>22.89</ele>
      </trkpt>
      <trkpt lat="36.471629485129" lon="127.124645109733">
        <ele>22.75</ele>
      </trkpt>
      <trkpt lat="36.47168857408" lon="127.124729352166">
        <ele>22.61</ele>
      </trkpt>
      <trkpt lat="36.471747663031" lon="127.124813594598">
        <ele>22.46</ele>
      </trkpt>
      <trkpt lat="36.471806751982" lon="127.124897837031">
        <ele>22.32</ele>
      </trkpt>
      <trkpt lat="36.4718479329179" lon="127.124956548214">
        <ele>22.32</ele>
      </trkpt>
      <trkpt lat="36.471869290704" lon="127.124977624498">
        <ele>22.32</ele>
      </trkpt>
      <trkpt lat="36.471939762454" lon="127.125047167409">
        <ele>22.25</ele>
      </trkpt>
      <trkpt lat="36.472010234205" lon="127.125116710321">
        <ele>22.08</ele>
      </trkpt>
      <trkpt lat="36.472080705955" lon="127.125186253232">
        <ele>21.99</ele>
      </trkpt>
      <trkpt lat="36.472151177706" lon="127.125255796143">
        <ele>21.96</ele>
      </trkpt>
      <trkpt lat="36.4721822510414" lon="127.125286459923">
        <ele>21.92</ele>
      </trkpt>
      <trkpt lat="36.472223093955" lon="127.125322982853">
        <ele>21.86</ele>
      </trkpt>
      <trkpt lat="36.472296149474" lon="127.125388311239">
        <ele>21.81</ele>
      </trkpt>
      <trkpt lat="36.472369204992" lon="127.125453639624">
        <ele>21.83</ele>
      </trkpt>
      <trkpt lat="36.472442260511" lon="127.12551896801">
        <ele>21.78</ele>
      </trkpt>
      <trkpt lat="36.47251531603" lon="127.125584296395">
        <ele>21.72</ele>
      </trkpt>
      <trkpt lat="36.472588371548" lon="127.125649624781">
        <ele>21.66</ele>
      </trkpt>
      <trkpt lat="36.472661427067" lon="127.125714953166">
        <ele>21.61</ele>
      </trkpt>
      <trkpt lat="36.472734482586" lon="127.125780281552">
        <ele>21.61</ele>
      </trkpt>
      <trkpt lat="36.472807538104" lon="127.125845609937">
        <ele>21.55</ele>
      </trkpt>
      <trkpt lat="36.472880593623" lon="127.125910938323">
        <ele>21.51</ele>
      </trkpt>
      <trkpt lat="36.472953649141" lon="127.125976266708">
        <ele>21.45</ele>
      </trkpt>
      <trkpt lat="36.47302670466" lon="127.126041595094">
        <ele>21.4</ele>
      </trkpt>
      <trkpt lat="36.473099760179" lon="127.12610692348">
        <ele>21.38</ele>
      </trkpt>
      <trkpt lat="36.473172815697" lon="127.126172251865">
        <ele>21.36</ele>
      </trkpt>
      <trkpt lat="36.473245871216" lon="127.126237580251">
        <ele>21.32</ele>
      </trkpt>
      <trkpt lat="36.473318926735" lon="127.126302908636">
        <ele>21.32</ele>
      </trkpt>
      <trkpt lat="36.473391982253" lon="127.126368237022">
        <ele>21.28</ele>
      </trkpt>
      <trkpt lat="36.473465037772" lon="127.126433565407">
        <ele>21.28</ele>
      </trkpt>
      <trkpt lat="36.473538093291" lon="127.126498893793">
        <ele>21.28</ele>
      </trkpt>
      <trkpt lat="36.4735949988026" lon="127.126549780369">
        <ele>21.25</ele>
      </trkpt>
      <trkpt lat="36.473611170599" lon="127.126564185016">
        <ele>21.24</ele>
      </trkpt>
      <trkpt lat="36.473684324686" lon="127.126629345298">
        <ele>21.19</ele>
      </trkpt>
      <trkpt lat="36.473757478773" lon="127.12669450558">
        <ele>21.11</ele>
      </trkpt>
      <trkpt lat="36.47383063286" lon="127.126759665861">
        <ele>21.11</ele>
      </trkpt>
      <trkpt lat="36.473903786947" lon="127.126824826143">
        <ele>21.09</ele>
      </trkpt>
      <trkpt lat="36.473976941034" lon="127.126889986424">
        <ele>21.05</ele>
      </trkpt>
      <trkpt lat="36.474050095121" lon="127.126955146706">
        <ele>21.05</ele>
      </trkpt>
      <trkpt lat="36.474123249208" lon="127.127020306988">
        <ele>20.99</ele>
      </trkpt>
      <trkpt lat="36.474196403295" lon="127.127085467269">
        <ele>20.98</ele>
      </trkpt>
      <trkpt lat="36.474269557382" lon="127.127150627551">
        <ele>20.97</ele>
      </trkpt>
      <trkpt lat="36.474342711469" lon="127.127215787832">
        <ele>20.96</ele>
      </trkpt>
      <trkpt lat="36.474415865556" lon="127.127280948114">
        <ele>20.99</ele>
      </trkpt>
      <trkpt lat="36.474489019643" lon="127.127346108396">
        <ele>21</ele>
      </trkpt>
      <trkpt lat="36.47456217373" lon="127.127411268677">
        <ele>21.04</ele>
      </trkpt>
      <trkpt lat="36.474635327817" lon="127.127476428959">
        <ele>21.05</ele>
      </trkpt>
      <trkpt lat="36.474708481904" lon="127.12754158924">
        <ele>21.04</ele>
      </trkpt>
      <trkpt lat="36.474781635991" lon="127.127606749522">
        <ele>21.06</ele>
      </trkpt>
      <trkpt lat="36.474854790078" lon="127.127671909804">
        <ele>21.05</ele>
      </trkpt>
      <trkpt lat="36.474927944165" lon="127.127737070085">
        <ele>21.08</ele>
      </trkpt>
      <trkpt lat="36.475001098251" lon="127.127802230367">
        <ele>21.08</ele>
      </trkpt>
      <trkpt lat="36.475074252338" lon="127.127867390648">
        <ele>21.05</ele>
      </trkpt>
      <trkpt lat="36.475147406425" lon="127.12793255093">
        <ele>21.06</ele>
      </trkpt>
      <trkpt lat="36.4751608540184" lon="127.127944529057">
        <ele>21.06</ele>
      </trkpt>
      <trkpt lat="36.475220741196" lon="127.127997399765">
        <ele>21.05</ele>
      </trkpt>
      <trkpt lat="36.475294116662" lon="127.128062178453">
        <ele>21.02</ele>
      </trkpt>
      <trkpt lat="36.475367492128" lon="127.128126957142">
        <ele>21.03</ele>
      </trkpt>
      <trkpt lat="36.475440867594" lon="127.12819173583">
        <ele>21.03</ele>
      </trkpt>
      <trkpt lat="36.47551424306" lon="127.128256514518">
        <ele>21.06</ele>
      </trkpt>
      <trkpt lat="36.475587618526" lon="127.128321293207">
        <ele>21.11</ele>
      </trkpt>
      <trkpt lat="36.475660993992" lon="127.128386071895">
        <ele>21.13</ele>
      </trkpt>
      <trkpt lat="36.475734369458" lon="127.128450850584">
        <ele>21.15</ele>
      </trkpt>
      <trkpt lat="36.475807744924" lon="127.128515629272">
        <ele>21.22</ele>
      </trkpt>
      <trkpt lat="36.47588112039" lon="127.12858040796">
        <ele>21.26</ele>
      </trkpt>
      <trkpt lat="36.475954495855" lon="127.128645186649">
        <ele>21.32</ele>
      </trkpt>
      <trkpt lat="36.476027871321" lon="127.128709965337">
        <ele>21.28</ele>
      </trkpt>
      <trkpt lat="36.476101246787" lon="127.128774744025">
        <ele>21.38</ele>
      </trkpt>
      <trkpt lat="36.476174622253" lon="127.128839522714">
        <ele>21.42</ele>
      </trkpt>
      <trkpt lat="36.476247997719" lon="127.128904301402">
        <ele>21.4</ele>
      </trkpt>
      <trkpt lat="36.476321373185" lon="127.128969080091">
        <ele>21.45</ele>
      </trkpt>
      <trkpt lat="36.476394748651" lon="127.129033858779">
        <ele>21.44</ele>
      </trkpt>
      <trkpt lat="36.4764247306094" lon="127.129060328007">
        <ele>21.46</ele>
      </trkpt>
      <trkpt lat="36.476469453346" lon="127.129096217664">
        <ele>21.5</ele>
      </trkpt>
      <trkpt lat="36.476545076447" lon="127.12915690463">
        <ele>21.53</ele>
      </trkpt>
      <trkpt lat="36.476620699548" lon="127.129217591596">
        <ele>21.55</ele>
      </trkpt>
      <trkpt lat="36.476696322649" lon="127.129278278562">
        <ele>21.56</ele>
      </trkpt>
      <trkpt lat="36.47677194575" lon="127.129338965527">
        <ele>21.58</ele>
      </trkpt>
      <trkpt lat="36.476847568851" lon="127.129399652493">
        <ele>21.57</ele>
      </trkpt>
      <trkpt lat="36.476923191952" lon="127.129460339459">
        <ele>21.57</ele>
      </trkpt>
      <trkpt lat="36.4769962721291" lon="127.129518985748">
        <ele>21.6</ele>
      </trkpt>
      <trkpt lat="36.476998916199" lon="127.12952081878">
        <ele>21.6</ele>
      </trkpt>
      <trkpt lat="36.477077547263" lon="127.129575330679">
        <ele>21.61</ele>
      </trkpt>
      <trkpt lat="36.477156178326" lon="127.129629842578">
        <ele>21.62</ele>
      </trkpt>
      <trkpt lat="36.477234809389" lon="127.129684354477">
        <ele>21.6</ele>
      </trkpt>
      <trkpt lat="36.477313440452" lon="127.129738866376">
        <ele>21.62</ele>
      </trkpt>
      <trkpt lat="36.477392071516" lon="127.129793378274">
        <ele>21.64</ele>
      </trkpt>
      <trkpt lat="36.477470702579" lon="127.129847890173">
        <ele>21.65</ele>
      </trkpt>
      <trkpt lat="36.4775031073088" lon="127.129870355129">
        <ele>21.67</ele>
      </trkpt>
      <trkpt lat="36.477549494607" lon="127.129902043667">
        <ele>21.69</ele>
      </trkpt>
      <trkpt lat="36.477628399473" lon="127.129955945919">
        <ele>21.68</ele>
      </trkpt>
      <trkpt lat="36.477707304338" lon="127.13000984817">
        <ele>21.67</ele>
      </trkpt>
      <trkpt lat="36.477786209204" lon="127.130063750422">
        <ele>21.67</ele>
      </trkpt>
      <trkpt lat="36.477865114069" lon="127.130117652674">
        <ele>21.7</ele>
      </trkpt>
      <trkpt lat="36.477944018934" lon="127.130171554925">
        <ele>21.67</ele>
      </trkpt>
      <trkpt lat="36.4780229238" lon="127.130225457177">
        <ele>21.68</ele>
      </trkpt>
      <trkpt lat="36.478101828665" lon="127.130279359428">
        <ele>21.79</ele>
      </trkpt>
      <trkpt lat="36.4781156185918" lon="127.130288779736">
        <ele>21.78</ele>
      </trkpt>
      <trkpt lat="36.478183422288" lon="127.130326604275">
        <ele>21.75</ele>
      </trkpt>
      <trkpt lat="36.47826558533" lon="127.130372439227">
        <ele>21.78</ele>
      </trkpt>
      <trkpt lat="36.478347748373" lon="127.13041827418">
        <ele>21.82</ele>
      </trkpt>
      <trkpt lat="36.478429911416" lon="127.130464109133">
        <ele>21.83</ele>
      </trkpt>
      <trkpt lat="36.478512074458" lon="127.130509944085">
        <ele>21.86</ele>
      </trkpt>
      <trkpt lat="36.478594237501" lon="127.130555779038">
        <ele>21.93</ele>
      </trkpt>
      <trkpt lat="36.4786397001067" lon="127.130581140518">
        <ele>21.96</ele>
      </trkpt>
      <trkpt lat="36.478676974851" lon="127.130599956133">
        <ele>21.99</ele>
      </trkpt>
      <trkpt lat="36.478760423625" lon="127.13064207956">
        <ele>22.03</ele>
      </trkpt>
      <trkpt lat="36.478843872398" lon="127.130684202987">
        <ele>22.03</ele>
      </trkpt>
      <trkpt lat="36.478927321171" lon="127.130726326415">
        <ele>22.07</ele>
      </trkpt>
      <trkpt lat="36.479010769944" lon="127.130768449842">
        <ele>22.11</ele>
      </trkpt>
      <trkpt lat="36.479094218717" lon="127.130810573269">
        <ele>22.15</ele>
      </trkpt>
      <trkpt lat="36.47917766749" lon="127.130852696696">
        <ele>22.15</ele>
      </trkpt>
      <trkpt lat="36.479261116264" lon="127.130894820124">
        <ele>22.14</ele>
      </trkpt>
      <trkpt lat="36.479344565037" lon="127.130936943551">
        <ele>22.21</ele>
      </trkpt>
      <trkpt lat="36.4793729769357" lon="127.130951285362">
        <ele>22.21</ele>
      </trkpt>
      <trkpt lat="36.479428890919" lon="127.130976237573">
        <ele>22.21</ele>
      </trkpt>
      <trkpt lat="36.479513669596" lon="127.13101407096">
        <ele>22.24</ele>
      </trkpt>
      <trkpt lat="36.479598448272" lon="127.131051904348">
        <ele>22.24</ele>
      </trkpt>
      <trkpt lat="36.479683226948" lon="127.131089737735">
        <ele>22.24</ele>
      </trkpt>
      <trkpt lat="36.479768005625" lon="127.131127571123">
        <ele>22.25</ele>
      </trkpt>
      <trkpt lat="36.479852784301" lon="127.13116540451">
        <ele>22.26</ele>
      </trkpt>
      <trkpt lat="36.479937562977" lon="127.131203237898">
        <ele>22.25</ele>
      </trkpt>
      <trkpt lat="36.480022341654" lon="127.131241071285">
        <ele>22.23</ele>
      </trkpt>
      <trkpt lat="36.4801062468258" lon="127.131278514862">
        <ele>22.26</ele>
      </trkpt>
      <trkpt lat="36.480107134621" lon="127.13127885155">
        <ele>22.26</ele>
      </trkpt>
      <trkpt lat="36.480193300306" lon="127.1313115291">
        <ele>22.31</ele>
      </trkpt>
      <trkpt lat="36.480279465991" lon="127.131344206649">
        <ele>22.37</ele>
      </trkpt>
      <trkpt lat="36.480365631676" lon="127.131376884198">
        <ele>22.38</ele>
      </trkpt>
      <trkpt lat="36.480451797361" lon="127.131409561748">
        <ele>22.37</ele>
      </trkpt>
      <trkpt lat="36.480537963046" lon="127.131442239297">
        <ele>22.4</ele>
      </trkpt>
      <trkpt lat="36.4805871818385" lon="127.131460905075">
        <ele>22.39</ele>
      </trkpt>
      <trkpt lat="36.480624346588" lon="127.13147400372">
        <ele>22.38</ele>
      </trkpt>
      <trkpt lat="36.480711020348" lon="127.131504551722">
        <ele>22.41</ele>
      </trkpt>
      <trkpt lat="36.480797694109" lon="127.131535099723">
        <ele>22.39</ele>
      </trkpt>
      <trkpt lat="36.48088436787" lon="127.131565647725">
        <ele>22.31</ele>
      </trkpt>
      <trkpt lat="36.48097104163" lon="127.131596195727">
        <ele>22.38</ele>
      </trkpt>
      <trkpt lat="36.481057715391" lon="127.131626743728">
        <ele>22.52</ele>
      </trkpt>
      <trkpt lat="36.481144389152" lon="127.13165729173">
        <ele>22.55</ele>
      </trkpt>
      <trkpt lat="36.481231062912" lon="127.131687839732">
        <ele>22.58</ele>
      </trkpt>
      <trkpt lat="36.4812492713449" lon="127.131694257259">
        <ele>22.63</ele>
      </trkpt>
      <trkpt lat="36.481318436905" lon="127.131715102098">
        <ele>22.8</ele>
      </trkpt>
      <trkpt lat="36.481405997125" lon="127.131741490645">
        <ele>22.96</ele>
      </trkpt>
      <trkpt lat="36.481493557345" lon="127.131767879193">
        <ele>23.09</ele>
      </trkpt>
      <trkpt lat="36.481581117565" lon="127.131794267741">
        <ele>23.33</ele>
      </trkpt>
      <trkpt lat="36.481668677786" lon="127.131820656288">
        <ele>23.52</ele>
      </trkpt>
      <trkpt lat="36.481756238006" lon="127.131847044836">
        <ele>23.72</ele>
      </trkpt>
      <trkpt lat="36.481843798226" lon="127.131873433384">
        <ele>23.93</ele>
      </trkpt>
      <trkpt lat="36.4818811625682" lon="127.131884694099">
        <ele>24.04</ele>
      </trkpt>
      <trkpt lat="36.48193203782" lon="127.131895809872">
        <ele>24.19</ele>
      </trkpt>
      <trkpt lat="36.48202078312" lon="127.131915199902">
        <ele>24.35</ele>
      </trkpt>
      <trkpt lat="36.482109528421" lon="127.131934589931">
        <ele>24.61</ele>
      </trkpt>
      <trkpt lat="36.482198273721" lon="127.131953979961">
        <ele>24.75</ele>
      </trkpt>
      <trkpt lat="36.482287019021" lon="127.131973369991">
        <ele>24.91</ele>
      </trkpt>
      <trkpt lat="36.482375764322" lon="127.13199276002">
        <ele>25.12</ele>
      </trkpt>
      <trkpt lat="36.482464509622" lon="127.13201215005">
        <ele>25.24</ele>
      </trkpt>
      <trkpt lat="36.4825195184348" lon="127.132024168968">
        <ele>25.33</ele>
      </trkpt>
      <trkpt lat="36.482553280167" lon="127.132031360679">
        <ele>25.39</ele>
      </trkpt>
      <trkpt lat="36.482642091875" lon="127.132050278787">
        <ele>25.51</ele>
      </trkpt>
      <trkpt lat="36.482730903583" lon="127.132069196895">
        <ele>25.55</ele>
      </trkpt>
      <trkpt lat="36.482819715292" lon="127.132088115003">
        <ele>25.53</ele>
      </trkpt>
      <trkpt lat="36.482908527" lon="127.132107033111">
        <ele>25.58</ele>
      </trkpt>
      <trkpt lat="36.4829098618295" lon="127.132107317448">
        <ele>25.58</ele>
      </trkpt>
      <trkpt lat="36.482998155005" lon="127.132118595539">
        <ele>25.55</ele>
      </trkpt>
      <trkpt lat="36.483087795466" lon="127.132130045724">
        <ele>25.49</ele>
      </trkpt>
      <trkpt lat="36.483177435928" lon="127.13214149591">
        <ele>25.43</ele>
      </trkpt>
      <trkpt lat="36.483267076389" lon="127.132152946095">
        <ele>25.19</ele>
      </trkpt>
      <trkpt lat="36.4833088295654" lon="127.132158279419">
        <ele>25.05</ele>
      </trkpt>
      <trkpt lat="36.48335679915" lon="127.132163311129">
        <ele>24.9</ele>
      </trkpt>
      <trkpt lat="36.483446593669" lon="127.132172730013">
        <ele>24.71</ele>
      </trkpt>
      <trkpt lat="36.483536388188" lon="127.132182148898">
        <ele>24.55</ele>
      </trkpt>
      <trkpt lat="36.483626182707" lon="127.132191567782">
        <ele>24.36</ele>
      </trkpt>
      <trkpt lat="36.483715977225" lon="127.132200986667">
        <ele>24.14</ele>
      </trkpt>
      <trkpt lat="36.483805771744" lon="127.132210405551">
        <ele>23.9</ele>
      </trkpt>
      <trkpt lat="36.483895566263" lon="127.132219824435">
        <ele>23.73</ele>
      </trkpt>
      <trkpt lat="36.483985360782" lon="127.13222924332">
        <ele>23.51</ele>
      </trkpt>
      <trkpt lat="36.4840248097559" lon="127.132233381271">
        <ele>23.43</ele>
      </trkpt>
      <trkpt lat="36.484075126283" lon="127.132239070486">
        <ele>23.32</ele>
      </trkpt>
      <trkpt lat="36.484164869047" lon="127.132249217567">
        <ele>23.1</ele>
      </trkpt>
      <trkpt lat="36.484254611811" lon="127.132259364647">
        <ele>22.89</ele>
      </trkpt>
      <trkpt lat="36.484344354575" lon="127.132269511728">
        <ele>22.69</ele>
      </trkpt>
      <trkpt lat="36.484434097339" lon="127.132279658809">
        <ele>22.51</ele>
      </trkpt>
      <trkpt lat="36.484523840103" lon="127.13228980589">
        <ele>22.38</ele>
      </trkpt>
      <trkpt lat="36.484613582867" lon="127.132299952971">
        <ele>22.22</ele>
      </trkpt>
      <trkpt lat="36.484703325631" lon="127.132310100052">
        <ele>22.08</ele>
      </trkpt>
      <trkpt lat="36.484793068395" lon="127.132320247132">
        <ele>22.1</ele>
      </trkpt>
      <trkpt lat="36.484882811159" lon="127.132330394213">
        <ele>22.18</ele>
      </trkpt>
      <trkpt lat="36.484972553923" lon="127.132340541294">
        <ele>22.2</ele>
      </trkpt>
      <trkpt lat="36.4849736889698" lon="127.132340669632">
        <ele>22.2</ele>
      </trkpt>
      <trkpt lat="36.4850625236" lon="127.13234688467">
        <ele>22.19</ele>
      </trkpt>
      <trkpt lat="36.485152496184" lon="127.132353179321">
        <ele>22.21</ele>
      </trkpt>
      <trkpt lat="36.485242468767" lon="127.132359473972">
        <ele>22.22</ele>
      </trkpt>
      <trkpt lat="36.48533244135" lon="127.132365768623">
        <ele>22.26</ele>
      </trkpt>
      <trkpt lat="36.485422413934" lon="127.132372063275">
        <ele>22.33</ele>
      </trkpt>
      <trkpt lat="36.485512386517" lon="127.132378357926">
        <ele>22.36</ele>
      </trkpt>
      <trkpt lat="36.485602359101" lon="127.132384652577">
        <ele>22.49</ele>
      </trkpt>
      <trkpt lat="36.4856637756441" lon="127.132388949394">
        <ele>22.64</ele>
      </trkpt>
      <trkpt lat="36.485692370956" lon="127.132389690357">
        <ele>22.71</ele>
      </trkpt>
      <trkpt lat="36.485782467275" lon="127.132392024939">
        <ele>22.86</ele>
      </trkpt>
      <trkpt lat="36.485872563595" lon="127.13239435952">
        <ele>23.08</ele>
      </trkpt>
      <trkpt lat="36.485962659914" lon="127.132396694102">
        <ele>23.27</ele>
      </trkpt>
      <trkpt lat="36.486052756233" lon="127.132399028683">
        <ele>23.41</ele>
      </trkpt>
      <trkpt lat="36.486142852552" lon="127.132401363264">
        <ele>23.64</ele>
      </trkpt>
      <trkpt lat="36.486232948871" lon="127.132403697846">
        <ele>23.86</ele>
      </trkpt>
      <trkpt lat="36.486323045191" lon="127.132406032427">
        <ele>24.07</ele>
      </trkpt>
      <trkpt lat="36.48641314151" lon="127.132408367009">
        <ele>24.24</ele>
      </trkpt>
      <trkpt lat="36.4864918715391" lon="127.132410407066">
        <ele>24.24</ele>
      </trkpt>
      <trkpt lat="36.486503239483" lon="127.132410577419">
        <ele>24.24</ele>
      </trkpt>
      <trkpt lat="36.486593348916" lon="127.132411927747">
        <ele>24.24</ele>
      </trkpt>
      <trkpt lat="36.486683458349" lon="127.132413278075">
        <ele>24.24</ele>
      </trkpt>
      <trkpt lat="36.486773567781" lon="127.132414628403">
        <ele>24.24</ele>
      </trkpt>
      <trkpt lat="36.486863677214" lon="127.13241597873">
        <ele>24.24</ele>
      </trkpt>
      <trkpt lat="36.486953786647" lon="127.132417329058">
        <ele>24.24</ele>
      </trkpt>
      <trkpt lat="36.4870288352403" lon="127.132418453693">
        <ele>24.24</ele>
      </trkpt>
      <trkpt lat="36.487043896312" lon="127.132418253341">
        <ele>24.24</ele>
      </trkpt>
      <trkpt lat="36.487134007136" lon="127.132417054628">
        <ele>24.24</ele>
      </trkpt>
      <trkpt lat="36.487224117959" lon="127.132415855916">
        <ele>24.24</ele>
      </trkpt>
      <trkpt lat="36.487314228783" lon="127.132414657204">
        <ele>24.24</ele>
      </trkpt>
      <trkpt lat="36.487404339607" lon="127.132413458491">
        <ele>24.37</ele>
      </trkpt>
      <trkpt lat="36.4874320946891" lon="127.132413089275">
        <ele>24.33</ele>
      </trkpt>
      <trkpt lat="36.487494188372" lon="127.132420209985">
        <ele>24.24</ele>
      </trkpt>
      <trkpt lat="36.487583920493" lon="127.132430500186">
        <ele>24.05</ele>
      </trkpt>
      <trkpt lat="36.487673652614" lon="127.132440790386">
        <ele>23.92</ele>
      </trkpt>
      <trkpt lat="36.4877361552383" lon="127.132447957993">
        <ele>23.76</ele>
      </trkpt>
      <trkpt lat="36.487763205846" lon="127.132452922125">
        <ele>23.69</ele>
      </trkpt>
      <trkpt lat="36.487852348457" lon="127.132469280932">
        <ele>23.42</ele>
      </trkpt>
      <trkpt lat="36.487941491068" lon="127.132485639739">
        <ele>23.2</ele>
      </trkpt>
      <trkpt lat="36.48803063368" lon="127.132501998547">
        <ele>22.74</ele>
      </trkpt>
      <trkpt lat="36.488119776291" lon="127.132518357354">
        <ele>22.43</ele>
      </trkpt>
      <trkpt lat="36.4881307852353" lon="127.132520377636">
        <ele>22.37</ele>
      </trkpt>
      <trkpt lat="36.488207705852" lon="127.132542605141">
        <ele>21.96</ele>
      </trkpt>
      <trkpt lat="36.488295464495" lon="127.132567964476">
        <ele>21.47</ele>
      </trkpt>
      <trkpt lat="36.4883442727564" lon="127.132582068443">
        <ele>21.22</ele>
      </trkpt>
      <trkpt lat="36.488383739952" lon="127.132590101349">
        <ele>21.02</ele>
      </trkpt>
      <trkpt lat="36.488472663022" lon="127.132608200194">
        <ele>20.69</ele>
      </trkpt>
      <trkpt lat="36.488561586092" lon="127.132626299038">
        <ele>20.57</ele>
      </trkpt>
      <trkpt lat="36.488581480423" lon="127.132630348206">
        <ele>20.54</ele>
      </trkpt>
      <trkpt lat="36.488651435203" lon="127.132630348206">
        <ele>20.43</ele>
      </trkpt>
      <trkpt lat="36.488741551203" lon="127.132630348206">
        <ele>20.35</ele>
      </trkpt>
      <trkpt lat="36.488831667202" lon="127.132630348206">
        <ele>20.33</ele>
      </trkpt>
      <trkpt lat="36.488921783201" lon="127.132630348206">
        <ele>20.32</ele>
      </trkpt>
      <trkpt lat="36.4889372905611" lon="127.132630348206">
        <ele>20.31</ele>
      </trkpt>
      <trkpt lat="36.489011899194" lon="127.132630348206">
        <ele>20.27</ele>
      </trkpt>
      <trkpt lat="36.489102015185" lon="127.132630348206">
        <ele>20.28</ele>
      </trkpt>
      <trkpt lat="36.489192131177" lon="127.132630348206">
        <ele>20.3</ele>
      </trkpt>
      <trkpt lat="36.489282247168" lon="127.132630348206">
        <ele>20.32</ele>
      </trkpt>
      <trkpt lat="36.489372363159" lon="127.132630348206">
        <ele>20.33</ele>
      </trkpt>
      <trkpt lat="36.489462479151" lon="127.132630348206">
        <ele>20.32</ele>
      </trkpt>
      <trkpt lat="36.489552595142" lon="127.132630348206">
        <ele>20.29</ele>
      </trkpt>
      <trkpt lat="36.4896402803324" lon="127.132630348206">
        <ele>20.29</ele>
      </trkpt>
      <trkpt lat="36.48964271101" lon="127.132630317972">
        <ele>20.29</ele>
      </trkpt>
      <trkpt lat="36.489732822445" lon="127.132629197127">
        <ele>20.29</ele>
      </trkpt>
      <trkpt lat="36.48982293388" lon="127.132628076282">
        <ele>20.28</ele>
      </trkpt>
      <trkpt lat="36.489913045314" lon="127.132626955438">
        <ele>20.27</ele>
      </trkpt>
      <trkpt lat="36.490003156749" lon="127.132625834593">
        <ele>20.25</ele>
      </trkpt>
      <trkpt lat="36.490093268184" lon="127.132624713748">
        <ele>20.27</ele>
      </trkpt>
      <trkpt lat="36.490183379618" lon="127.132623592903">
        <ele>20.15</ele>
      </trkpt>
      <trkpt lat="36.490273491053" lon="127.132622472058">
        <ele>20.15</ele>
      </trkpt>
      <trkpt lat="36.490363602488" lon="127.132621351213">
        <ele>20.14</ele>
      </trkpt>
      <trkpt lat="36.490453713922" lon="127.132620230368">
        <ele>20.19</ele>
      </trkpt>
      <trkpt lat="36.4905028357523" lon="127.13261961937">
        <ele>20.2</ele>
      </trkpt>
      <trkpt lat="36.490543826503" lon="127.132619280213">
        <ele>20.2</ele>
      </trkpt>
      <trkpt lat="36.490633940458" lon="127.13261853461">
        <ele>20.15</ele>
      </trkpt>
      <trkpt lat="36.490724054412" lon="127.132617789007">
        <ele>20.15</ele>
      </trkpt>
      <trkpt lat="36.490814168367" lon="127.132617043404">
        <ele>20.29</ele>
      </trkpt>
      <trkpt lat="36.490904282321" lon="127.132616297801">
        <ele>20.22</ele>
      </trkpt>
      <trkpt lat="36.490994396276" lon="127.132615552198">
        <ele>20.19</ele>
      </trkpt>
      <trkpt lat="36.491084510231" lon="127.132614806595">
        <ele>20.19</ele>
      </trkpt>
      <trkpt lat="36.491174624185" lon="127.132614060993">
        <ele>20.08</ele>
      </trkpt>
      <trkpt lat="36.49126473814" lon="127.13261331539">
        <ele>20.24</ele>
      </trkpt>
      <trkpt lat="36.491354852094" lon="127.132612569787">
        <ele>20.23</ele>
      </trkpt>
      <trkpt lat="36.491444966049" lon="127.132611824184">
        <ele>20.23</ele>
      </trkpt>
      <trkpt lat="36.4914753554681" lon="127.132611572742">
        <ele>20.24</ele>
      </trkpt>
      <trkpt lat="36.491535079675" lon="127.132611022452">
        <ele>20.25</ele>
      </trkpt>
      <trkpt lat="36.491625193136" lon="127.13261019216">
        <ele>20.23</ele>
      </trkpt>
      <trkpt lat="36.491715306596" lon="127.132609361867">
        <ele>20.23</ele>
      </trkpt>
      <trkpt lat="36.491805420056" lon="127.132608531575">
        <ele>20.24</ele>
      </trkpt>
      <trkpt lat="36.491895533516" lon="127.132607701283">
        <ele>20.26</ele>
      </trkpt>
      <trkpt lat="36.491985646976" lon="127.13260687099">
        <ele>20.26</ele>
      </trkpt>
      <trkpt lat="36.4920575676365" lon="127.132606208324">
        <ele>20.25</ele>
      </trkpt>
      <trkpt lat="36.492075759134" lon="127.132605891108">
        <ele>20.25</ele>
      </trkpt>
      <trkpt lat="36.492165866145" lon="127.132604319858">
        <ele>20.24</ele>
      </trkpt>
      <trkpt lat="36.492255973157" lon="127.132602748607">
        <ele>20.27</ele>
      </trkpt>
      <trkpt lat="36.492346080168" lon="127.132601177357">
        <ele>20.3</ele>
      </trkpt>
      <trkpt lat="36.49243618718" lon="127.132599606106">
        <ele>20.32</ele>
      </trkpt>
      <trkpt lat="36.492526294191" lon="127.132598034856">
        <ele>20.31</ele>
      </trkpt>
      <trkpt lat="36.492616401203" lon="127.132596463606">
        <ele>20.33</ele>
      </trkpt>
      <trkpt lat="36.492706508214" lon="127.132594892355">
        <ele>20.33</ele>
      </trkpt>
      <trkpt lat="36.492796615226" lon="127.132593321105">
        <ele>20.37</ele>
      </trkpt>
      <trkpt lat="36.492886722237" lon="127.132591749855">
        <ele>20.35</ele>
      </trkpt>
      <trkpt lat="36.492976829249" lon="127.132590178604">
        <ele>20.36</ele>
      </trkpt>
      <trkpt lat="36.4929804727731" lon="127.13259011507">
        <ele>20.36</ele>
      </trkpt>
      <trkpt lat="36.493066879543" lon="127.132585954526">
        <ele>20.36</ele>
      </trkpt>
      <trkpt lat="36.493156927447" lon="127.132581618658">
        <ele>20.38</ele>
      </trkpt>
      <trkpt lat="36.49324697535" lon="127.13257728279">
        <ele>20.33</ele>
      </trkpt>
      <trkpt lat="36.4933146997246" lon="127.132574021816">
        <ele>20.33</ele>
      </trkpt>
      <trkpt lat="36.49333693997" lon="127.132571404895">
        <ele>20.33</ele>
      </trkpt>
      <trkpt lat="36.493426651926" lon="127.132560848848">
        <ele>20.25</ele>
      </trkpt>
      <trkpt lat="36.493516363882" lon="127.132550292801">
        <ele>20.3</ele>
      </trkpt>
      <trkpt lat="36.493606075838" lon="127.132539736754">
        <ele>20.28</ele>
      </trkpt>
      <trkpt lat="36.4936338312096" lon="127.13253647089">
        <ele>20.28</ele>
      </trkpt>
      <trkpt lat="36.493695938196" lon="127.132531518642">
        <ele>20.28</ele>
      </trkpt>
      <trkpt lat="36.493785867932" lon="127.132524347881">
        <ele>20.26</ele>
      </trkpt>
      <trkpt lat="36.493875797668" lon="127.132517177121">
        <ele>20.29</ele>
      </trkpt>
      <trkpt lat="36.493965727404" lon="127.13251000636">
        <ele>20.32</ele>
      </trkpt>
      <trkpt lat="36.4939702116216" lon="127.1325096488">
        <ele>20.32</ele>
      </trkpt>
      <trkpt lat="36.494055439693" lon="127.132499482871">
        <ele>20.32</ele>
      </trkpt>
      <trkpt lat="36.49414514057" lon="127.13248878343">
        <ele>20.25</ele>
      </trkpt>
      <trkpt lat="36.494234841447" lon="127.132478083989">
        <ele>20.3</ele>
      </trkpt>
      <trkpt lat="36.494324542324" lon="127.132467384547">
        <ele>20.31</ele>
      </trkpt>
      <trkpt lat="36.494414243201" lon="127.132456685106">
        <ele>20.33</ele>
      </trkpt>
      <trkpt lat="36.494503944078" lon="127.132445985665">
        <ele>20.32</ele>
      </trkpt>
      <trkpt lat="36.494593644955" lon="127.132435286223">
        <ele>20.35</ele>
      </trkpt>
      <trkpt lat="36.4945998428251" lon="127.132434546947">
        <ele>20.35</ele>
      </trkpt>
      <trkpt lat="36.494683379799" lon="127.132425033751">
        <ele>20.3</ele>
      </trkpt>
      <trkpt lat="36.494773117164" lon="127.132414814454">
        <ele>20.35</ele>
      </trkpt>
      <trkpt lat="36.494862854529" lon="127.132404595157">
        <ele>20.37</ele>
      </trkpt>
      <trkpt lat="36.494952591894" lon="127.132394375859">
        <ele>20.35</ele>
      </trkpt>
      <trkpt lat="36.495042329259" lon="127.132384156562">
        <ele>20.36</ele>
      </trkpt>
      <trkpt lat="36.495132066624" lon="127.132373937265">
        <ele>20.26</ele>
      </trkpt>
      <trkpt lat="36.4952122189482" lon="127.132364809513">
        <ele>20.42</ele>
      </trkpt>
      <trkpt lat="36.495221803416" lon="127.132363710286">
        <ele>20.42</ele>
      </trkpt>
      <trkpt lat="36.49531153542" lon="127.132353419065">
        <ele>20.4</ele>
      </trkpt>
      <trkpt lat="36.495401267424" lon="127.132343127845">
        <ele>20.37</ele>
      </trkpt>
      <trkpt lat="36.495490999429" lon="127.132332836624">
        <ele>20.4</ele>
      </trkpt>
      <trkpt lat="36.495516248957" lon="127.132329940796">
        <ele>20.4</ele>
      </trkpt>
      <trkpt lat="36.495580695629" lon="127.13232208124">
        <ele>20.41</ele>
      </trkpt>
      <trkpt lat="36.495670377809" lon="127.132311144103">
        <ele>20.42</ele>
      </trkpt>
      <trkpt lat="36.49576005999" lon="127.132300206966">
        <ele>20.43</ele>
      </trkpt>
      <trkpt lat="36.49584974217" lon="127.132289269829">
        <ele>20.43</ele>
      </trkpt>
      <trkpt lat="36.495939424351" lon="127.132278332692">
        <ele>20.48</ele>
      </trkpt>
      <trkpt lat="36.496029106531" lon="127.132267395555">
        <ele>20.47</ele>
      </trkpt>
      <trkpt lat="36.4960660874311" lon="127.132262885571">
        <ele>20.45</ele>
      </trkpt>
      <trkpt lat="36.496118824209" lon="127.132256921784">
        <ele>20.41</ele>
      </trkpt>
      <trkpt lat="36.496208566794" lon="127.132246773161">
        <ele>20.47</ele>
      </trkpt>
      <trkpt lat="36.496298309379" lon="127.132236624539">
        <ele>20.44</ele>
      </trkpt>
      <trkpt lat="36.496388051964" lon="127.132226475916">
        <ele>20.39</ele>
      </trkpt>
      <trkpt lat="36.49647779455" lon="127.132216327294">
        <ele>20.43</ele>
      </trkpt>
      <trkpt lat="36.496567537135" lon="127.132206178671">
        <ele>20.43</ele>
      </trkpt>
      <trkpt lat="36.49665727972" lon="127.132196030048">
        <ele>20.44</ele>
      </trkpt>
      <trkpt lat="36.496747022306" lon="127.132185881426">
        <ele>20.49</ele>
      </trkpt>
      <trkpt lat="36.4967776373084" lon="127.1321824193">
        <ele>20.32</ele>
      </trkpt>
      <trkpt lat="36.49683676179" lon="127.132175690909">
        <ele>19.98</ele>
      </trkpt>
      <trkpt lat="36.49692649967" lon="127.132165478701">
        <ele>19.89</ele>
      </trkpt>
      <trkpt lat="36.497016237549" lon="127.132155266493">
        <ele>19.99</ele>
      </trkpt>
      <trkpt lat="36.497105975428" lon="127.132145054285">
        <ele>20.22</ele>
      </trkpt>
      <trkpt lat="36.497195713308" lon="127.132134842077">
        <ele>20.35</ele>
      </trkpt>
      <trkpt lat="36.497285451187" lon="127.132124629869">
        <ele>20.38</ele>
      </trkpt>
      <trkpt lat="36.497375189066" lon="127.132114417661">
        <ele>20.41</ele>
      </trkpt>
      <trkpt lat="36.4974611502764" lon="127.132104635239">
        <ele>20.44</ele>
      </trkpt>
      <trkpt lat="36.497464923868" lon="127.132104165816">
        <ele>20.44</ele>
      </trkpt>
      <trkpt lat="36.497554588628" lon="127.13209301181">
        <ele>20.47</ele>
      </trkpt>
      <trkpt lat="36.497644253387" lon="127.132081857804">
        <ele>20.49</ele>
      </trkpt>
      <trkpt lat="36.497733918146" lon="127.132070703798">
        <ele>20.52</ele>
      </trkpt>
      <trkpt lat="36.497823582906" lon="127.132059549791">
        <ele>20.55</ele>
      </trkpt>
      <trkpt lat="36.497913247665" lon="127.132048395785">
        <ele>20.58</ele>
      </trkpt>
      <trkpt lat="36.498002912425" lon="127.132037241779">
        <ele>20.61</ele>
      </trkpt>
      <trkpt lat="36.498092577184" lon="127.132026087773">
        <ele>20.61</ele>
      </trkpt>
      <trkpt lat="36.498182241944" lon="127.132014933766">
        <ele>20.65</ele>
      </trkpt>
      <trkpt lat="36.4981942489623" lon="127.132013440132">
        <ele>20.65</ele>
      </trkpt>
      <trkpt lat="36.498271599418" lon="127.132000540767">
        <ele>20.63</ele>
      </trkpt>
      <trkpt lat="36.498360909382" lon="127.131985646972">
        <ele>20.66</ele>
      </trkpt>
      <trkpt lat="36.498450219346" lon="127.131970753177">
        <ele>20.57</ele>
      </trkpt>
      <trkpt lat="36.49853952931" lon="127.131955859382">
        <ele>20.61</ele>
      </trkpt>
      <trkpt lat="36.498628839273" lon="127.131940965587">
        <ele>20.66</ele>
      </trkpt>
      <trkpt lat="36.498718149237" lon="127.131926071792">
        <ele>20.71</ele>
      </trkpt>
      <trkpt lat="36.4987893474979" lon="127.131914198399">
        <ele>20.92</ele>
      </trkpt>
      <trkpt lat="36.498807264732" lon="127.131909740636">
        <ele>20.97</ele>
      </trkpt>
      <trkpt lat="36.498895615757" lon="127.131887759125">
        <ele>21.14</ele>
      </trkpt>
      <trkpt lat="36.498983966781" lon="127.131865777613">
        <ele>21.15</ele>
      </trkpt>
      <trkpt lat="36.499072317806" lon="127.131843796101">
        <ele>21.11</ele>
      </trkpt>
      <trkpt lat="36.499160668831" lon="127.13182181459">
        <ele>21.05</ele>
      </trkpt>
      <trkpt lat="36.499249019855" lon="127.131799833078">
        <ele>20.98</ele>
      </trkpt>
      <trkpt lat="36.4993176014241" lon="127.131782770157">
        <ele>20.93</ele>
      </trkpt>
      <trkpt lat="36.499337036727" lon="127.13177611504">
        <ele>20.92</ele>
      </trkpt>
      <trkpt lat="36.499423894397" lon="127.131746372877">
        <ele>20.89</ele>
      </trkpt>
      <trkpt lat="36.499510752068" lon="127.131716630713">
        <ele>20.77</ele>
      </trkpt>
      <trkpt lat="36.499597609738" lon="127.13168688855">
        <ele>20.69</ele>
      </trkpt>
      <trkpt lat="36.499684467408" lon="127.131657146386">
        <ele>20.52</ele>
      </trkpt>
      <trkpt lat="36.499771325079" lon="127.131627404223">
        <ele>20.39</ele>
      </trkpt>
      <trkpt lat="36.499858182749" lon="127.131597662059">
        <ele>20.18</ele>
      </trkpt>
      <trkpt lat="36.4999364085829" lon="127.131570875645">
        <ele>20</ele>
      </trkpt>
      <trkpt lat="36.499944713513" lon="127.131566724645">
        <ele>19.98</ele>
      </trkpt>
      <trkpt lat="36.500028281689" lon="127.131524955297">
        <ele>19.82</ele>
      </trkpt>
      <trkpt lat="36.500111849866" lon="127.13148318595">
        <ele>19.55</ele>
      </trkpt>
      <trkpt lat="36.500195418042" lon="127.131441416602">
        <ele>19.26</ele>
      </trkpt>
      <trkpt lat="36.500278986218" lon="127.131399647254">
        <ele>19.04</ele>
      </trkpt>
      <trkpt lat="36.500362554395" lon="127.131357877907">
        <ele>18.8</ele>
      </trkpt>
      <trkpt lat="36.5004193765878" lon="127.131329476833">
        <ele>18.66</ele>
      </trkpt>
      <trkpt lat="36.500445307095" lon="127.131313836662">
        <ele>18.59</ele>
      </trkpt>
      <trkpt lat="36.500526327307" lon="127.131264968743">
        <ele>18.42</ele>
      </trkpt>
      <trkpt lat="36.500607347519" lon="127.131216100825">
        <ele>18.34</ele>
      </trkpt>
      <trkpt lat="36.50068836773" lon="127.131167232906">
        <ele>18.44</ele>
      </trkpt>
      <trkpt lat="36.5007039813229" lon="127.131157815456">
        <ele>18.55</ele>
      </trkpt>
      <trkpt lat="36.500771777252" lon="127.131125133991">
        <ele>19.01</ele>
      </trkpt>
      <trkpt lat="36.500855757139" lon="127.131084650945">
        <ele>19.04</ele>
      </trkpt>
      <trkpt lat="36.500939737026" lon="127.131044167898">
        <ele>19.1</ele>
      </trkpt>
      <trkpt lat="36.501023716913" lon="127.131003684852">
        <ele>19.41</ele>
      </trkpt>
      <trkpt lat="36.5010489553568" lon="127.130991518497">
        <ele>19.49</ele>
      </trkpt>
      <trkpt lat="36.501108877232" lon="127.130967291651">
        <ele>19.66</ele>
      </trkpt>
      <trkpt lat="36.501194544727" lon="127.130932655665">
        <ele>19.83</ele>
      </trkpt>
      <trkpt lat="36.501280212222" lon="127.130898019679">
        <ele>20.08</ele>
      </trkpt>
      <trkpt lat="36.501365879718" lon="127.130863383693">
        <ele>20.22</ele>
      </trkpt>
      <trkpt lat="36.5013939278538" lon="127.130852043629">
        <ele>20.26</ele>
      </trkpt>
      <trkpt lat="36.501452045217" lon="127.130830729867">
        <ele>20.34</ele>
      </trkpt>
      <trkpt lat="36.501538453135" lon="127.130799040923">
        <ele>20.37</ele>
      </trkpt>
      <trkpt lat="36.501624861053" lon="127.13076735198">
        <ele>20.37</ele>
      </trkpt>
      <trkpt lat="36.501711268972" lon="127.130735663037">
        <ele>20.41</ele>
      </trkpt>
      <trkpt lat="36.5017669276367" lon="127.130715250969">
        <ele>20.44</ele>
      </trkpt>
      <trkpt lat="36.501796282638" lon="127.13069925916">
        <ele>20.46</ele>
      </trkpt>
      <trkpt lat="36.501878772595" lon="127.130654320868">
        <ele>20.47</ele>
      </trkpt>
      <trkpt lat="36.501961262551" lon="127.130609382577">
        <ele>20.51</ele>
      </trkpt>
      <trkpt lat="36.502043752507" lon="127.130564444285">
        <ele>20.53</ele>
      </trkpt>
      <trkpt lat="36.5020968045601" lon="127.130535542965">
        <ele>20.49</ele>
      </trkpt>
      <trkpt lat="36.502124916318" lon="127.13051619665">
        <ele>20.47</ele>
      </trkpt>
      <trkpt lat="36.502203690192" lon="127.130461985024">
        <ele>20.46</ele>
      </trkpt>
      <trkpt lat="36.502282464066" lon="127.130407773398">
        <ele>20.5</ele>
      </trkpt>
      <trkpt lat="36.50236123794" lon="127.130353561771">
        <ele>20.52</ele>
      </trkpt>
      <trkpt lat="36.502440011814" lon="127.130299350145">
        <ele>20.52</ele>
      </trkpt>
      <trkpt lat="36.502518785688" lon="127.130245138518">
        <ele>20.56</ele>
      </trkpt>
      <trkpt lat="36.502597559562" lon="127.130190926892">
        <ele>20.49</ele>
      </trkpt>
      <trkpt lat="36.502676333436" lon="127.130136715266">
        <ele>20.52</ele>
      </trkpt>
      <trkpt lat="36.5027048093246" lon="127.130117118359">
        <ele>20.54</ele>
      </trkpt>
      <trkpt lat="36.502754551418" lon="127.130081292122">
        <ele>20.58</ele>
      </trkpt>
      <trkpt lat="36.502832454685" lon="127.130025183084">
        <ele>20.58</ele>
      </trkpt>
      <trkpt lat="36.502910357953" lon="127.129969074047">
        <ele>20.57</ele>
      </trkpt>
      <trkpt lat="36.50298826122" lon="127.12991296501">
        <ele>20.58</ele>
      </trkpt>
      <trkpt lat="36.503066164488" lon="127.129856855973">
        <ele>20.63</ele>
      </trkpt>
      <trkpt lat="36.503144067755" lon="127.129800746936">
        <ele>20.64</ele>
      </trkpt>
      <trkpt lat="36.503221971023" lon="127.129744637899">
        <ele>20.74</ele>
      </trkpt>
      <trkpt lat="36.5032783129889" lon="127.12970405817">
        <ele>20.81</ele>
      </trkpt>
      <trkpt lat="36.503298331011" lon="127.12968562951">
        <ele>20.83</ele>
      </trkpt>
      <trkpt lat="36.503370658249" lon="127.129619044806">
        <ele>20.74</ele>
      </trkpt>
      <trkpt lat="36.503442985486" lon="127.129552460102">
        <ele>20.86</ele>
      </trkpt>
      <trkpt lat="36.503515312723" lon="127.129485875399">
        <ele>20.84</ele>
      </trkpt>
      <trkpt lat="36.503587639961" lon="127.129419290695">
        <ele>20.82</ele>
      </trkpt>
      <trkpt lat="36.503659967198" lon="127.129352705991">
        <ele>20.86</ele>
      </trkpt>
      <trkpt lat="36.5037095159537" lon="127.129307091236">
        <ele>20.85</ele>
      </trkpt>
      <trkpt lat="36.50373190423" lon="127.129285486001">
        <ele>20.85</ele>
      </trkpt>
      <trkpt lat="36.503802992469" lon="127.129216884108">
        <ele>20.84</ele>
      </trkpt>
      <trkpt lat="36.503874080708" lon="127.129148282216">
        <ele>20.83</ele>
      </trkpt>
      <trkpt lat="36.503945168947" lon="127.129079680323">
        <ele>20.87</ele>
      </trkpt>
      <trkpt lat="36.504016257187" lon="127.12901107843">
        <ele>20.87</ele>
      </trkpt>
      <trkpt lat="36.504087345426" lon="127.128942476537">
        <ele>20.9</ele>
      </trkpt>
      <trkpt lat="36.504158433665" lon="127.128873874644">
        <ele>20.89</ele>
      </trkpt>
      <trkpt lat="36.504229521904" lon="127.128805272752">
        <ele>20.88</ele>
      </trkpt>
      <trkpt lat="36.504300610144" lon="127.128736670859">
        <ele>20.87</ele>
      </trkpt>
      <trkpt lat="36.504371698383" lon="127.128668068966">
        <ele>20.86</ele>
      </trkpt>
      <trkpt lat="36.5044015916915" lon="127.128639221191">
        <ele>20.85</ele>
      </trkpt>
      <trkpt lat="36.50444292205" lon="127.128599683014">
        <ele>20.84</ele>
      </trkpt>
      <trkpt lat="36.50451424399" lon="127.128531453759">
        <ele>20.82</ele>
      </trkpt>
      <trkpt lat="36.50458556593" lon="127.128463224505">
        <ele>20.8</ele>
      </trkpt>
      <trkpt lat="36.50465688787" lon="127.128394995251">
        <ele>20.8</ele>
      </trkpt>
      <trkpt lat="36.50472820981" lon="127.128326765997">
        <ele>20.82</ele>
      </trkpt>
      <trkpt lat="36.50479953175" lon="127.128258536742">
        <ele>20.82</ele>
      </trkpt>
      <trkpt lat="36.50487085369" lon="127.128190307488">
        <ele>20.82</ele>
      </trkpt>
      <trkpt lat="36.50494217563" lon="127.128122078234">
        <ele>20.82</ele>
      </trkpt>
      <trkpt lat="36.5049987984925" lon="127.128067910671">
        <ele>20.8</ele>
      </trkpt>
      <trkpt lat="36.505013445674" lon="127.128053766026">
        <ele>20.8</ele>
      </trkpt>
      <trkpt lat="36.505084515805" lon="127.127985134271">
        <ele>20.79</ele>
      </trkpt>
      <trkpt lat="36.505155585936" lon="127.127916502517">
        <ele>20.8</ele>
      </trkpt>
      <trkpt lat="36.505226656067" lon="127.127847870762">
        <ele>20.83</ele>
      </trkpt>
      <trkpt lat="36.505297726198" lon="127.127779239007">
        <ele>20.84</ele>
      </trkpt>
      <trkpt lat="36.505368796328" lon="127.127710607252">
        <ele>20.84</ele>
      </trkpt>
      <trkpt lat="36.505439866459" lon="127.127641975497">
        <ele>20.81</ele>
      </trkpt>
      <trkpt lat="36.50551093659" lon="127.127573343742">
        <ele>20.82</ele>
      </trkpt>
      <trkpt lat="36.505582006721" lon="127.127504711988">
        <ele>20.81</ele>
      </trkpt>
      <trkpt lat="36.5056154042906" lon="127.12747246027">
        <ele>20.81</ele>
      </trkpt>
      <trkpt lat="36.505653351161" lon="127.127436520034">
        <ele>20.8</ele>
      </trkpt>
      <trkpt lat="36.505724938782" lon="127.127368717974">
        <ele>20.8</ele>
      </trkpt>
      <trkpt lat="36.505796526402" lon="127.127300915914">
        <ele>20.82</ele>
      </trkpt>
      <trkpt lat="36.505868114023" lon="127.127233113854">
        <ele>20.81</ele>
      </trkpt>
      <trkpt lat="36.505939701644" lon="127.127165311794">
        <ele>20.84</ele>
      </trkpt>
      <trkpt lat="36.506011289265" lon="127.127097509734">
        <ele>20.82</ele>
      </trkpt>
      <trkpt lat="36.506082876885" lon="127.127029707674">
        <ele>20.82</ele>
      </trkpt>
      <trkpt lat="36.506154464506" lon="127.126961905614">
        <ele>20.82</ele>
      </trkpt>
      <trkpt lat="36.506226052127" lon="127.126894103554">
        <ele>20.79</ele>
      </trkpt>
      <trkpt lat="36.506283747686" lon="127.126839458942">
        <ele>20.83</ele>
      </trkpt>
      <trkpt lat="36.506297587777" lon="127.126826217603">
        <ele>20.84</ele>
      </trkpt>
      <trkpt lat="36.506368907585" lon="127.126757983242">
        <ele>20.84</ele>
      </trkpt>
      <trkpt lat="36.506440227393" lon="127.12668974888">
        <ele>20.84</ele>
      </trkpt>
      <trkpt lat="36.506511547201" lon="127.126621514519">
        <ele>20.86</ele>
      </trkpt>
      <trkpt lat="36.506582867009" lon="127.126553280157">
        <ele>20.85</ele>
      </trkpt>
      <trkpt lat="36.506654186817" lon="127.126485045796">
        <ele>20.87</ele>
      </trkpt>
      <trkpt lat="36.506725506625" lon="127.126416811434">
        <ele>20.82</ele>
      </trkpt>
      <trkpt lat="36.506796826433" lon="127.126348577073">
        <ele>20.87</ele>
      </trkpt>
      <trkpt lat="36.506868146241" lon="127.126280342711">
        <ele>20.89</ele>
      </trkpt>
      <trkpt lat="36.506939466049" lon="127.12621210835">
        <ele>20.86</ele>
      </trkpt>
      <trkpt lat="36.507010785857" lon="127.126143873988">
        <ele>20.82</ele>
      </trkpt>
      <trkpt lat="36.5070491015838" lon="127.126107215881">
        <ele>20.84</ele>
      </trkpt>
      <trkpt lat="36.507083728963" lon="127.126078430206">
        <ele>20.85</ele>
      </trkpt>
      <trkpt lat="36.507158556618" lon="127.126016226115">
        <ele>20.86</ele>
      </trkpt>
      <trkpt lat="36.507233384274" lon="127.125954022025">
        <ele>20.88</ele>
      </trkpt>
      <trkpt lat="36.50730821193" lon="127.125891817935">
        <ele>20.83</ele>
      </trkpt>
      <trkpt lat="36.507383039586" lon="127.125829613844">
        <ele>20.86</ele>
      </trkpt>
      <trkpt lat="36.507457867241" lon="127.125767409754">
        <ele>20.89</ele>
      </trkpt>
      <trkpt lat="36.50752340161" lon="127.125712931156">
        <ele>20.9</ele>
      </trkpt>
      <trkpt lat="36.50753300603" lon="127.125705813443">
        <ele>20.9</ele>
      </trkpt>
      <trkpt lat="36.507610338866" lon="127.125648503066">
        <ele>20.93</ele>
      </trkpt>
      <trkpt lat="36.507687671702" lon="127.125591192689">
        <ele>20.9</ele>
      </trkpt>
      <trkpt lat="36.507765004537" lon="127.125533882311">
        <ele>20.92</ele>
      </trkpt>
      <trkpt lat="36.507842337373" lon="127.125476571934">
        <ele>20.84</ele>
      </trkpt>
      <trkpt lat="36.507919670209" lon="127.125419261557">
        <ele>20.9</ele>
      </trkpt>
      <trkpt lat="36.507997003045" lon="127.12536195118">
        <ele>20.87</ele>
      </trkpt>
      <trkpt lat="36.508074335881" lon="127.125304640803">
        <ele>20.78</ele>
      </trkpt>
      <trkpt lat="36.5081205843282" lon="127.125270366669">
        <ele>20.82</ele>
      </trkpt>
      <trkpt lat="36.50815244599" lon="127.125249021897">
        <ele>20.85</ele>
      </trkpt>
      <trkpt lat="36.508231712556" lon="127.125195919621">
        <ele>20.91</ele>
      </trkpt>
      <trkpt lat="36.508310979122" lon="127.125142817346">
        <ele>20.92</ele>
      </trkpt>
      <trkpt lat="36.508390245688" lon="127.12508971507">
        <ele>20.84</ele>
      </trkpt>
      <trkpt lat="36.508469512253" lon="127.125036612794">
        <ele>20.87</ele>
      </trkpt>
      <trkpt lat="36.508548778819" lon="127.124983510518">
        <ele>20.87</ele>
      </trkpt>
      <trkpt lat="36.508628045385" lon="127.124930408243">
        <ele>20.88</ele>
      </trkpt>
      <trkpt lat="36.5086811126519" lon="127.124894857407">
        <ele>20.91</ele>
      </trkpt>
      <trkpt lat="36.508708419335" lon="127.124880121908">
        <ele>20.92</ele>
      </trkpt>
      <trkpt lat="36.508791036319" lon="127.124835539325">
        <ele>20.86</ele>
      </trkpt>
      <trkpt lat="36.508873653302" lon="127.124790956743">
        <ele>20.81</ele>
      </trkpt>
      <trkpt lat="36.508956270286" lon="127.12474637416">
        <ele>20.79</ele>
      </trkpt>
      <trkpt lat="36.509038887269" lon="127.124701791577">
        <ele>20.84</ele>
      </trkpt>
      <trkpt lat="36.509121504252" lon="127.124657208994">
        <ele>20.88</ele>
      </trkpt>
      <trkpt lat="36.509204121236" lon="127.124612626412">
        <ele>20.85</ele>
      </trkpt>
      <trkpt lat="36.5092179225106" lon="127.124605178833">
        <ele>20.85</ele>
      </trkpt>
      <trkpt lat="36.509288080318" lon="127.124572121139">
        <ele>20.87</ele>
      </trkpt>
      <trkpt lat="36.509372308564" lon="127.124532433587">
        <ele>20.86</ele>
      </trkpt>
      <trkpt lat="36.509456536809" lon="127.124492746035">
        <ele>20.92</ele>
      </trkpt>
      <trkpt lat="36.509540765055" lon="127.124453058484">
        <ele>20.91</ele>
      </trkpt>
      <trkpt lat="36.5096249933" lon="127.124413370932">
        <ele>20.92</ele>
      </trkpt>
      <trkpt lat="36.509709221546" lon="127.12437368338">
        <ele>20.96</ele>
      </trkpt>
      <trkpt lat="36.5097245468743" lon="127.124366462231">
        <ele>20.95</ele>
      </trkpt>
      <trkpt lat="36.509793987954" lon="127.124335805575">
        <ele>20.93</ele>
      </trkpt>
      <trkpt lat="36.509878874059" lon="127.124298330291">
        <ele>20.98</ele>
      </trkpt>
      <trkpt lat="36.509963760164" lon="127.124260855007">
        <ele>21.04</ele>
      </trkpt>
      <trkpt lat="36.510048646269" lon="127.124223379724">
        <ele>21</ele>
      </trkpt>
      <trkpt lat="36.510133532374" lon="127.12418590444">
        <ele>21.03</ele>
      </trkpt>
      <trkpt lat="36.510218418479" lon="127.124148429156">
        <ele>21.1</ele>
      </trkpt>
      <trkpt lat="36.5102591936704" lon="127.124130427837">
        <ele>21.1</ele>
      </trkpt>
      <trkpt lat="36.510303769456" lon="127.124112652202">
        <ele>21.09</ele>
      </trkpt>
      <trkpt lat="36.510389550151" lon="127.124078445147">
        <ele>21.11</ele>
      </trkpt>
      <trkpt lat="36.510475330845" lon="127.124044238093">
        <ele>21.13</ele>
      </trkpt>
      <trkpt lat="36.51056111154" lon="127.124010031038">
        <ele>21.14</ele>
      </trkpt>
      <trkpt lat="36.510646892235" lon="127.123975823983">
        <ele>21.18</ele>
      </trkpt>
      <trkpt lat="36.510732672929" lon="127.123941616929">
        <ele>21.26</ele>
      </trkpt>
      <trkpt lat="36.510818453624" lon="127.123907409874">
        <ele>21.29</ele>
      </trkpt>
      <trkpt lat="36.510904234319" lon="127.123873202819">
        <ele>21.33</ele>
      </trkpt>
      <trkpt lat="36.5109318085876" lon="127.123862206936">
        <ele>21.32</ele>
      </trkpt>
      <trkpt lat="36.510990120446" lon="127.123839405354">
        <ele>21.3</ele>
      </trkpt>
      <trkpt lat="36.511076056521" lon="127.123805801925">
        <ele>21.33</ele>
      </trkpt>
      <trkpt lat="36.511161992595" lon="127.123772198495">
        <ele>21.37</ele>
      </trkpt>
      <trkpt lat="36.5112336210738" lon="127.123744189739">
        <ele>21.41</ele>
      </trkpt>
      <trkpt lat="36.511248172833" lon="127.123739663467">
        <ele>21.42</ele>
      </trkpt>
      <trkpt lat="36.511335575432" lon="127.123712477207">
        <ele>21.39</ele>
      </trkpt>
      <trkpt lat="36.511422978031" lon="127.123685290946">
        <ele>21.44</ele>
      </trkpt>
      <trkpt lat="36.51151038063" lon="127.123658104686">
        <ele>21.42</ele>
      </trkpt>
      <trkpt lat="36.5115268092191" lon="127.123652994633">
        <ele>21.44</ele>
      </trkpt>
      <trkpt lat="36.511598012629" lon="127.123632082665">
        <ele>21.51</ele>
      </trkpt>
      <trkpt lat="36.511685697728" lon="127.123606330134">
        <ele>21.46</ele>
      </trkpt>
      <trkpt lat="36.511773382827" lon="127.123580577603">
        <ele>21.44</ele>
      </trkpt>
      <trkpt lat="36.511861067927" lon="127.123554825072">
        <ele>21.4</ele>
      </trkpt>
      <trkpt lat="36.511948753026" lon="127.123529072541">
        <ele>21.37</ele>
      </trkpt>
      <trkpt lat="36.5120291069161" lon="127.123505473137">
        <ele>21.29</ele>
      </trkpt>
      <trkpt lat="36.512036516321" lon="127.123503779892">
        <ele>21.29</ele>
      </trkpt>
      <trkpt lat="36.51212513669" lon="127.123483527799">
        <ele>21.24</ele>
      </trkpt>
      <trkpt lat="36.512213757058" lon="127.123463275705">
        <ele>21.18</ele>
      </trkpt>
      <trkpt lat="36.512302377427" lon="127.123443023611">
        <ele>21.14</ele>
      </trkpt>
      <trkpt lat="36.512390997795" lon="127.123422771517">
        <ele>21.09</ele>
      </trkpt>
      <trkpt lat="36.5124516380768" lon="127.123408913612">
        <ele>21.08</ele>
      </trkpt>
      <trkpt lat="36.512480035357" lon="127.123406724902">
        <ele>21.08</ele>
      </trkpt>
      <trkpt lat="36.512569977086" lon="127.123399792678">
        <ele>21.11</ele>
      </trkpt>
      <trkpt lat="36.512659918815" lon="127.123392860453">
        <ele>21.32</ele>
      </trkpt>
      <trkpt lat="36.5126952391772" lon="127.123390138149">
        <ele>21.34</ele>
      </trkpt>
      <trkpt lat="36.51274983116" lon="127.123394897145">
        <ele>21.38</ele>
      </trkpt>
      <trkpt lat="36.512839724504" lon="127.123402733499">
        <ele>21.37</ele>
      </trkpt>
      <trkpt lat="36.512929617848" lon="127.123410569852">
        <ele>21.44</ele>
      </trkpt>
      <trkpt lat="36.513019511192" lon="127.123418406205">
        <ele>21.49</ele>
      </trkpt>
      <trkpt lat="36.5130336925308" lon="127.123419642448">
        <ele>21.5</ele>
      </trkpt>
      <trkpt lat="36.513109531457" lon="127.123423389599">
        <ele>21.53</ele>
      </trkpt>
      <trkpt lat="36.513199575494" lon="127.123427838615">
        <ele>21.58</ele>
      </trkpt>
      <trkpt lat="36.513289619532" lon="127.123432287631">
        <ele>21.61</ele>
      </trkpt>
      <trkpt lat="36.513379663569" lon="127.123436736647">
        <ele>21.63</ele>
      </trkpt>
      <trkpt lat="36.513469707607" lon="127.123441185663">
        <ele>21.66</ele>
      </trkpt>
      <trkpt lat="36.513559751644" lon="127.123445634679">
        <ele>21.68</ele>
      </trkpt>
      <trkpt lat="36.5136308327363" lon="127.123449146748">
        <ele>21.68</ele>
      </trkpt>
      <trkpt lat="36.513649800945" lon="127.123449902644">
        <ele>21.68</ele>
      </trkpt>
      <trkpt lat="36.513739869975" lon="127.123453491955">
        <ele>21.75</ele>
      </trkpt>
      <trkpt lat="36.513829939005" lon="127.123457081266">
        <ele>21.77</ele>
      </trkpt>
      <trkpt lat="36.513920008034" lon="127.123460670578">
        <ele>21.76</ele>
      </trkpt>
      <trkpt lat="36.514010077064" lon="127.123464259889">
        <ele>21.76</ele>
      </trkpt>
      <trkpt lat="36.514100146094" lon="127.1234678492">
        <ele>21.74</ele>
      </trkpt>
      <trkpt lat="36.514190215123" lon="127.123471438511">
        <ele>21.8</ele>
      </trkpt>
      <trkpt lat="36.5142365911974" lon="127.123473286629">
        <ele>21.81</ele>
      </trkpt>
      <trkpt lat="36.514280168863" lon="127.123477584631">
        <ele>21.81</ele>
      </trkpt>
      <trkpt lat="36.514370000232" lon="127.123486444568">
        <ele>21.83</ele>
      </trkpt>
      <trkpt lat="36.514459831602" lon="127.123495304506">
        <ele>21.83</ele>
      </trkpt>
      <trkpt lat="36.514549662971" lon="127.123504164443">
        <ele>21.85</ele>
      </trkpt>
      <trkpt lat="36.51463949434" lon="127.12351302438">
        <ele>21.94</ele>
      </trkpt>
      <trkpt lat="36.51472932571" lon="127.123521884318">
        <ele>21.89</ele>
      </trkpt>
      <trkpt lat="36.514819157079" lon="127.123530744255">
        <ele>21.9</ele>
      </trkpt>
      <trkpt lat="36.514908988448" lon="127.123539604193">
        <ele>21.89</ele>
      </trkpt>
      <trkpt lat="36.5149436626921" lon="127.123543024063">
        <ele>21.9</ele>
      </trkpt>
      <trkpt lat="36.514998801548" lon="127.123548741267">
        <ele>21.91</ele>
      </trkpt>
      <trkpt lat="36.515088603163" lon="127.123558052561">
        <ele>21.89</ele>
      </trkpt>
      <trkpt lat="36.515178404777" lon="127.123567363855">
        <ele>21.89</ele>
      </trkpt>
      <trkpt lat="36.515268206392" lon="127.123576675149">
        <ele>21.91</ele>
      </trkpt>
      <trkpt lat="36.515358008006" lon="127.123585986444">
        <ele>21.92</ele>
      </trkpt>
      <trkpt lat="36.51544780962" lon="127.123595297738">
        <ele>21.94</ele>
      </trkpt>
      <trkpt lat="36.515537611235" lon="127.123604609032">
        <ele>21.91</ele>
      </trkpt>
      <trkpt lat="36.515627412849" lon="127.123613920326">
        <ele>21.93</ele>
      </trkpt>
      <trkpt lat="36.5156679731345" lon="127.123618125916">
        <ele>21.94</ele>
      </trkpt>
      <trkpt lat="36.515717196356" lon="127.123623492881">
        <ele>21.95</ele>
      </trkpt>
      <trkpt lat="36.515806964947" lon="127.123633280637">
        <ele>21.99</ele>
      </trkpt>
      <trkpt lat="36.515896733537" lon="127.123643068392">
        <ele>21.92</ele>
      </trkpt>
      <trkpt lat="36.515986502128" lon="127.123652856148">
        <ele>21.92</ele>
      </trkpt>
      <trkpt lat="36.516076270719" lon="127.123662643904">
        <ele>21.96</ele>
      </trkpt>
      <trkpt lat="36.516166039309" lon="127.12367243166">
        <ele>21.98</ele>
      </trkpt>
      <trkpt lat="36.5162558079" lon="127.123682219415">
        <ele>21.98</ele>
      </trkpt>
      <trkpt lat="36.516345576491" lon="127.123692007171">
        <ele>21.99</ele>
      </trkpt>
      <trkpt lat="36.516435345081" lon="127.123701794927">
        <ele>22.03</ele>
      </trkpt>
      <trkpt lat="36.5165043708065" lon="127.123709321022">
        <ele>22.05</ele>
      </trkpt>
      <trkpt lat="36.516525103425" lon="127.123711722549">
        <ele>22.05</ele>
      </trkpt>
      <trkpt lat="36.51661482767" lon="127.123722115603">
        <ele>22.04</ele>
      </trkpt>
      <trkpt lat="36.516704551916" lon="127.123732508656">
        <ele>22.05</ele>
      </trkpt>
      <trkpt lat="36.516794276161" lon="127.12374290171">
        <ele>22.07</ele>
      </trkpt>
      <trkpt lat="36.516884000406" lon="127.123753294764">
        <ele>22.16</ele>
      </trkpt>
      <trkpt lat="36.516973724652" lon="127.123763687817">
        <ele>22.16</ele>
      </trkpt>
      <trkpt lat="36.517063448897" lon="127.123774080871">
        <ele>22.19</ele>
      </trkpt>
      <trkpt lat="36.517153173142" lon="127.123784473924">
        <ele>22.25</ele>
      </trkpt>
      <trkpt lat="36.5172221997442" lon="127.123792469502">
        <ele>22.25</ele>
      </trkpt>
      <trkpt lat="36.517242831884" lon="127.123795616417">
        <ele>22.25</ele>
      </trkpt>
      <trkpt lat="36.517332272171" lon="127.123809258288">
        <ele>22.26</ele>
      </trkpt>
      <trkpt lat="36.517421712457" lon="127.123822900158">
        <ele>22.29</ele>
      </trkpt>
      <trkpt lat="36.517511152744" lon="127.123836542029">
        <ele>22.26</ele>
      </trkpt>
      <trkpt lat="36.5175563220537" lon="127.123843431473">
        <ele>22.25</ele>
      </trkpt>
      <trkpt lat="36.517600032813" lon="127.123854442693">
        <ele>22.24</ele>
      </trkpt>
      <trkpt lat="36.517688341295" lon="127.12387668857">
        <ele>22.27</ele>
      </trkpt>
      <trkpt lat="36.517776649778" lon="127.123898934446">
        <ele>22.4</ele>
      </trkpt>
      <trkpt lat="36.517864958261" lon="127.123921180323">
        <ele>22.33</ele>
      </trkpt>
      <trkpt lat="36.5179076878294" lon="127.12393194437">
        <ele>22.37</ele>
      </trkpt>
      <trkpt lat="36.517951793374" lon="127.123950237801">
        <ele>22.41</ele>
      </trkpt>
      <trkpt lat="36.518037247225" lon="127.123985681058">
        <ele>22.46</ele>
      </trkpt>
      <trkpt lat="36.518122701076" lon="127.124021124315">
        <ele>22.41</ele>
      </trkpt>
      <trkpt lat="36.518208154927" lon="127.124056567572">
        <ele>22.52</ele>
      </trkpt>
      <trkpt lat="36.518293608777" lon="127.124092010829">
        <ele>22.51</ele>
      </trkpt>
      <trkpt lat="36.518379062628" lon="127.124127454086">
        <ele>22.55</ele>
      </trkpt>
      <trkpt lat="36.5184379668993" lon="127.124151885509">
        <ele>22.56</ele>
      </trkpt>
      <trkpt lat="36.518463508826" lon="127.124166092159">
        <ele>22.56</ele>
      </trkpt>
      <trkpt lat="36.518545719391" lon="127.124211818419">
        <ele>22.62</ele>
      </trkpt>
      <trkpt lat="36.518627929956" lon="127.124257544678">
        <ele>22.66</ele>
      </trkpt>
      <trkpt lat="36.518710140522" lon="127.124303270938">
        <ele>22.71</ele>
      </trkpt>
      <trkpt lat="36.518792351087" lon="127.124348997197">
        <ele>22.73</ele>
      </trkpt>
      <trkpt lat="36.518874561653" lon="127.124394723457">
        <ele>22.81</ele>
      </trkpt>
      <trkpt lat="36.5189057303793" lon="127.124412059784">
        <ele>22.84</ele>
      </trkpt>
      <trkpt lat="36.518954678173" lon="127.124445636272">
        <ele>22.89</ele>
      </trkpt>
      <trkpt lat="36.519033515964" lon="127.124499716261">
        <ele>22.99</ele>
      </trkpt>
      <trkpt lat="36.519112353755" lon="127.12455379625">
        <ele>22.99</ele>
      </trkpt>
      <trkpt lat="36.519191191546" lon="127.124607876239">
        <ele>23.03</ele>
      </trkpt>
      <trkpt lat="36.5192420009957" lon="127.124642729759">
        <ele>23.07</ele>
      </trkpt>
      <trkpt lat="36.519270381483" lon="127.12466114634">
        <ele>23.09</ele>
      </trkpt>
      <trkpt lat="36.519350209786" lon="127.124712948283">
        <ele>23.09</ele>
      </trkpt>
      <trkpt lat="36.519430038089" lon="127.124764750226">
        <ele>23.12</ele>
      </trkpt>
      <trkpt lat="36.519509866392" lon="127.12481655217">
        <ele>23.17</ele>
      </trkpt>
      <trkpt lat="36.519589694695" lon="127.124868354113">
        <ele>23.22</ele>
      </trkpt>
      <trkpt lat="36.5196429371283" lon="127.124902904034">
        <ele>23.25</ele>
      </trkpt>
      <trkpt lat="36.519669878033" lon="127.124919288942">
        <ele>23.26</ele>
      </trkpt>
      <trkpt lat="36.519750772387" lon="127.124968487234">
        <ele>23.3</ele>
      </trkpt>
      <trkpt lat="36.519831666742" lon="127.125017685526">
        <ele>23.35</ele>
      </trkpt>
      <trkpt lat="36.519912561096" lon="127.125066883819">
        <ele>23.43</ele>
      </trkpt>
      <trkpt lat="36.51999345545" lon="127.125116082111">
        <ele>23.53</ele>
      </trkpt>
      <trkpt lat="36.5200266267507" lon="127.125136256218">
        <ele>23.54</ele>
      </trkpt>
      <trkpt lat="36.520076011982" lon="127.125160641678">
        <ele>23.55</ele>
      </trkpt>
      <trkpt lat="36.52015972386" lon="127.125201976965">
        <ele>23.56</ele>
      </trkpt>
      <trkpt lat="36.520243435737" lon="127.125243312251">
        <ele>23.6</ele>
      </trkpt>
      <trkpt lat="36.5202982261198" lon="127.125270366669">
        <ele>23.65</ele>
      </trkpt>
      <trkpt lat="36.520327524703" lon="127.125283414498">
        <ele>23.67</ele>
      </trkpt>
      <trkpt lat="36.520412328047" lon="127.125321180812">
        <ele>23.69</ele>
      </trkpt>
      <trkpt lat="36.52049713139" lon="127.125358947127">
        <ele>23.68</ele>
      </trkpt>
      <trkpt lat="36.520581934734" lon="127.125396713441">
        <ele>23.68</ele>
      </trkpt>
      <trkpt lat="36.520666738077" lon="127.125434479756">
        <ele>23.78</ele>
      </trkpt>
      <trkpt lat="36.5207077789213" lon="127.125452756882">
        <ele>23.77</ele>
      </trkpt>
      <trkpt lat="36.520752427446" lon="127.125468868672">
        <ele>23.75</ele>
      </trkpt>
      <trkpt lat="36.520838947737" lon="127.125500090235">
        <ele>23.81</ele>
      </trkpt>
      <trkpt lat="36.520925468028" lon="127.125531311799">
        <ele>23.75</ele>
      </trkpt>
      <trkpt lat="36.521011988319" lon="127.125562533362">
        <ele>23.8</ele>
      </trkpt>
      <trkpt lat="36.52109850861" lon="127.125593754926">
        <ele>23.8</ele>
      </trkpt>
      <trkpt lat="36.5211388847914" lon="127.125608325005">
        <ele>23.78</ele>
      </trkpt>
      <trkpt lat="36.521185520111" lon="127.125622723555">
        <ele>23.76</ele>
      </trkpt>
      <trkpt lat="36.521272961422" lon="127.125649720862">
        <ele>23.77</ele>
      </trkpt>
      <trkpt lat="36.521360402732" lon="127.12567671817">
        <ele>23.69</ele>
      </trkpt>
      <trkpt lat="36.521447844043" lon="127.125703715477">
        <ele>23.68</ele>
      </trkpt>
      <trkpt lat="36.521535285353" lon="127.125730712785">
        <ele>23.62</ele>
      </trkpt>
      <trkpt lat="36.521622726664" lon="127.125757710092">
        <ele>23.6</ele>
      </trkpt>
      <trkpt lat="36.521710167974" lon="127.1257847074">
        <ele>23.52</ele>
      </trkpt>
      <trkpt lat="36.5217122518767" lon="127.1257853508">
        <ele>23.52</ele>
      </trkpt>
      <trkpt lat="36.521797992839" lon="127.125809718814">
        <ele>23.54</ele>
      </trkpt>
      <trkpt lat="36.521885827068" lon="127.125834681744">
        <ele>23.48</ele>
      </trkpt>
      <trkpt lat="36.521973661297" lon="127.125859644675">
        <ele>23.5</ele>
      </trkpt>
      <trkpt lat="36.522061495525" lon="127.125884607605">
        <ele>23.49</ele>
      </trkpt>
      <trkpt lat="36.522149329754" lon="127.125909570536">
        <ele>23.49</ele>
      </trkpt>
      <trkpt lat="36.522237163983" lon="127.125934533466">
        <ele>23.43</ele>
      </trkpt>
      <trkpt lat="36.522324998212" lon="127.125959496396">
        <ele>23.43</ele>
      </trkpt>
      <trkpt lat="36.522410633113" lon="127.125983834267">
        <ele>23.39</ele>
      </trkpt>
      <trkpt lat="36.522412867319" lon="127.125984225841">
        <ele>23.39</ele>
      </trkpt>
      <trkpt lat="36.522502094491" lon="127.125999864068">
        <ele>23.37</ele>
      </trkpt>
      <trkpt lat="36.522591321663" lon="127.126015502295">
        <ele>23.28</ele>
      </trkpt>
      <trkpt lat="36.522680548835" lon="127.126031140523">
        <ele>23.29</ele>
      </trkpt>
      <trkpt lat="36.522769776006" lon="127.12604677875">
        <ele>23.19</ele>
      </trkpt>
      <trkpt lat="36.522859003178" lon="127.126062416977">
        <ele>23.23</ele>
      </trkpt>
      <trkpt lat="36.52294823035" lon="127.126078055204">
        <ele>23.2</ele>
      </trkpt>
      <trkpt lat="36.5230227892589" lon="127.126091122627">
        <ele>23.23</ele>
      </trkpt>
      <trkpt lat="36.523037522815" lon="127.126093036288">
        <ele>23.24</ele>
      </trkpt>
      <trkpt lat="36.523127147168" lon="127.126104677107">
        <ele>23.16</ele>
      </trkpt>
      <trkpt lat="36.52321677152" lon="127.126116317926">
        <ele>23.18</ele>
      </trkpt>
      <trkpt lat="36.523306395873" lon="127.126127958745">
        <ele>23.17</ele>
      </trkpt>
      <trkpt lat="36.523396020226" lon="127.126139599565">
        <ele>23.11</ele>
      </trkpt>
      <trkpt lat="36.523485644578" lon="127.126151240384">
        <ele>23.15</ele>
      </trkpt>
      <trkpt lat="36.523575268931" lon="127.126162881203">
        <ele>23.1</ele>
      </trkpt>
      <trkpt lat="36.5236629614555" lon="127.126174271107">
        <ele>23.05</ele>
      </trkpt>
      <trkpt lat="36.52366489495" lon="127.12617450147">
        <ele>23.05</ele>
      </trkpt>
      <trkpt lat="36.523754596636" lon="127.12618518883">
        <ele>23.15</ele>
      </trkpt>
      <trkpt lat="36.523844298322" lon="127.126195876191">
        <ele>23.11</ele>
      </trkpt>
      <trkpt lat="36.523934000008" lon="127.126206563551">
        <ele>23.1</ele>
      </trkpt>
      <trkpt lat="36.524023701694" lon="127.126217250911">
        <ele>23.17</ele>
      </trkpt>
      <trkpt lat="36.5240681855626" lon="127.126222550869">
        <ele>23.17</ele>
      </trkpt>
      <trkpt lat="36.524113550624" lon="127.12621962706">
        <ele>23.18</ele>
      </trkpt>
      <trkpt lat="36.52420354441" lon="127.1262138269">
        <ele>23.19</ele>
      </trkpt>
      <trkpt lat="36.524293538196" lon="127.126208026739">
        <ele>23.14</ele>
      </trkpt>
      <trkpt lat="36.524383531982" lon="127.126202226579">
        <ele>23.18</ele>
      </trkpt>
      <trkpt lat="36.524473525768" lon="127.126196426419">
        <ele>23.15</ele>
      </trkpt>
      <trkpt lat="36.524563519554" lon="127.126190626258">
        <ele>23.02</ele>
      </trkpt>
      <trkpt lat="36.524609199546" lon="127.126187682152">
        <ele>22.94</ele>
      </trkpt>
      <trkpt lat="36.524653214116" lon="127.126180701431">
        <ele>22.86</ele>
      </trkpt>
      <trkpt lat="36.524742600229" lon="127.126166524774">
        <ele>22.73</ele>
      </trkpt>
      <trkpt lat="36.524831986342" lon="127.126152348117">
        <ele>22.73</ele>
      </trkpt>
      <trkpt lat="36.524921372454" lon="127.12613817146">
        <ele>22.7</ele>
      </trkpt>
      <trkpt lat="36.525010758567" lon="127.126123994803">
        <ele>22.67</ele>
      </trkpt>
      <trkpt lat="36.525048905335" lon="127.126117944717">
        <ele>22.67</ele>
      </trkpt>
      <trkpt lat="36.525099728361" lon="127.126106487347">
        <ele>22.67</ele>
      </trkpt>
      <trkpt lat="36.525188388212" lon="127.126086500171">
        <ele>22.69</ele>
      </trkpt>
      <trkpt lat="36.525277048063" lon="127.126066512996">
        <ele>22.65</ele>
      </trkpt>
      <trkpt lat="36.525365707914" lon="127.126046525821">
        <ele>22.7</ele>
      </trkpt>
      <trkpt lat="36.525454367765" lon="127.126026538645">
        <ele>22.64</ele>
      </trkpt>
      <trkpt lat="36.525543027617" lon="127.12600655147">
        <ele>22.75</ele>
      </trkpt>
      <trkpt lat="36.525631687468" lon="127.125986564294">
        <ele>22.66</ele>
      </trkpt>
      <trkpt lat="36.5256437974244" lon="127.125983834267">
        <ele>22.69</ele>
      </trkpt>
      <trkpt lat="36.52572041754" lon="127.125967062252">
        <ele>22.85</ele>
      </trkpt>
      <trkpt lat="36.52580915872" lon="127.125947636955">
        <ele>22.86</ele>
      </trkpt>
      <trkpt lat="36.525897899901" lon="127.125928211659">
        <ele>22.91</ele>
      </trkpt>
      <trkpt lat="36.525986641082" lon="127.125908786363">
        <ele>22.84</ele>
      </trkpt>
      <trkpt lat="36.526075382262" lon="127.125889361066">
        <ele>22.94</ele>
      </trkpt>
      <trkpt lat="36.526164123443" lon="127.12586993577">
        <ele>22.89</ele>
      </trkpt>
      <trkpt lat="36.526252864623" lon="127.125850510474">
        <ele>22.96</ele>
      </trkpt>
      <trkpt lat="36.526341605804" lon="127.125831085177">
        <ele>22.98</ele>
      </trkpt>
      <trkpt lat="36.526430346985" lon="127.125811659881">
        <ele>23.05</ele>
      </trkpt>
      <trkpt lat="36.526519088165" lon="127.125792234585">
        <ele>23.08</ele>
      </trkpt>
      <trkpt lat="36.526538282354" lon="127.125788033009">
        <ele>23.1</ele>
      </trkpt>
      <trkpt lat="36.526607751951" lon="127.125772276024">
        <ele>23.15</ele>
      </trkpt>
      <trkpt lat="36.526696394376" lon="127.125752170288">
        <ele>23.07</ele>
      </trkpt>
      <trkpt lat="36.526785036802" lon="127.125732064552">
        <ele>23.11</ele>
      </trkpt>
      <trkpt lat="36.526873679227" lon="127.125711958816">
        <ele>23.11</ele>
      </trkpt>
      <trkpt lat="36.526962321652" lon="127.125691853081">
        <ele>23.14</ele>
      </trkpt>
      <trkpt lat="36.527050964078" lon="127.125671747345">
        <ele>23.24</ele>
      </trkpt>
      <trkpt lat="36.527139606503" lon="127.125651641609">
        <ele>23.15</ele>
      </trkpt>
      <trkpt lat="36.527228248929" lon="127.125631535873">
        <ele>23.19</ele>
      </trkpt>
      <trkpt lat="36.527316891354" lon="127.125611430137">
        <ele>23.24</ele>
      </trkpt>
      <trkpt lat="36.52740553378" lon="127.125591324401">
        <ele>23.34</ele>
      </trkpt>
      <trkpt lat="36.5274133588061" lon="127.125589549541">
        <ele>23.35</ele>
      </trkpt>
      <trkpt lat="36.527494215873" lon="127.125571489146">
        <ele>23.44</ele>
      </trkpt>
      <trkpt lat="36.527582901808" lon="127.125551680081">
        <ele>23.49</ele>
      </trkpt>
      <trkpt lat="36.5276655341729" lon="127.125533223152">
        <ele>23.47</ele>
      </trkpt>
      <trkpt lat="36.527671208492" lon="127.125536165399">
        <ele>23.49</ele>
      </trkpt>
      <trkpt lat="36.5277172623516" lon="127.125560045242">
        <ele>23.66</ele>
      </trkpt>
      <trkpt lat="36.527735174172" lon="127.125604625916">
        <ele>23.79</ele>
      </trkpt>
      <trkpt lat="36.527743126428" lon="127.125624418259">
        <ele>23.79</ele>
      </trkpt>
      <trkpt lat="36.527728510103" lon="127.125712116297">
        <ele>23.8</ele>
      </trkpt>
      <trkpt lat="36.52771028504" lon="127.125821466783">
        <ele>23.8</ele>
      </trkpt>
      <trkpt lat="36.527692059977" lon="127.125930817269">
        <ele>23.8</ele>
      </trkpt>
      <trkpt lat="36.527673834914" lon="127.126040167755">
        <ele>23.8</ele>
      </trkpt>
      <trkpt lat="36.527655609851" lon="127.126149518241">
        <ele>23.8</ele>
      </trkpt>
      <trkpt lat="36.527637384789" lon="127.126258868727">
        <ele>23.8</ele>
      </trkpt>
      <trkpt lat="36.527619159726" lon="127.126368219213">
        <ele>23.81</ele>
      </trkpt>
      <trkpt lat="36.527600934663" lon="127.126477569699">
        <ele>23.81</ele>
      </trkpt>
      <trkpt lat="36.5275827096" lon="127.126586920185">
        <ele>23.81</ele>
      </trkpt>
      <trkpt lat="36.527564484537" lon="127.126696270671">
        <ele>23.81</ele>
      </trkpt>
      <trkpt lat="36.527546259474" lon="127.126805621157">
        <ele>23.81</ele>
      </trkpt>
      <trkpt lat="36.527528034411" lon="127.126914971643">
        <ele>23.81</ele>
      </trkpt>
      <trkpt lat="36.527509809349" lon="127.127024322129">
        <ele>23.81</ele>
      </trkpt>
      <trkpt lat="36.527491584286" lon="127.127133672615">
        <ele>23.82</ele>
      </trkpt>
      <trkpt lat="36.527473359223" lon="127.127243023101">
        <ele>23.82</ele>
      </trkpt>
      <trkpt lat="36.52745513416" lon="127.127352373586">
        <ele>23.82</ele>
      </trkpt>
      <trkpt lat="36.527436909097" lon="127.127461724072">
        <ele>23.82</ele>
      </trkpt>
      <trkpt lat="36.527418684034" lon="127.127571074558">
        <ele>23.82</ele>
      </trkpt>
      <trkpt lat="36.527400458971" lon="127.127680425044">
        <ele>23.82</ele>
      </trkpt>
      <trkpt lat="36.527382233909" lon="127.12778977553">
        <ele>23.83</ele>
      </trkpt>
      <trkpt lat="36.5273810285714" lon="127.127797007561">
        <ele>23.82</ele>
      </trkpt>
      <trkpt lat="36.527349282912" lon="127.12789357692">
        <ele>23.71</ele>
      </trkpt>
      <trkpt lat="36.527342232272" lon="127.127915024757">
        <ele>23.72</ele>
      </trkpt>
      <trkpt lat="36.527305601868" lon="127.127990998761">
        <ele>23.75</ele>
      </trkpt>
      <trkpt lat="36.5272840377863" lon="127.128035724163">
        <ele>23.78</ele>
      </trkpt>
      <trkpt lat="36.527253678409" lon="127.128081900264">
        <ele>23.82</ele>
      </trkpt>
      <trkpt lat="36.5272258432569" lon="127.128124237061">
        <ele>23.83</ele>
      </trkpt>
      <trkpt lat="36.527193302914" lon="127.128164599326">
        <ele>23.85</ele>
      </trkpt>
      <trkpt lat="36.527129616099" lon="127.128243594929">
        <ele>23.78</ele>
      </trkpt>
      <trkpt lat="36.527065929285" lon="127.128322590532">
        <ele>23.89</ele>
      </trkpt>
      <trkpt lat="36.527002242471" lon="127.128401586135">
        <ele>23.89</ele>
      </trkpt>
      <trkpt lat="36.526938555657" lon="127.128480581738">
        <ele>23.8</ele>
      </trkpt>
      <trkpt lat="36.526874868842" lon="127.128559577341">
        <ele>23.83</ele>
      </trkpt>
      <trkpt lat="36.526811182028" lon="127.128638572944">
        <ele>23.88</ele>
      </trkpt>
      <trkpt lat="36.526747495214" lon="127.128717568547">
        <ele>23.87</ele>
      </trkpt>
      <trkpt lat="36.5266838084" lon="127.12879656415">
        <ele>23.94</ele>
      </trkpt>
      <trkpt lat="36.526620121585" lon="127.128875559753">
        <ele>23.91</ele>
      </trkpt>
      <trkpt lat="36.526556434771" lon="127.128954555356">
        <ele>23.85</ele>
      </trkpt>
      <trkpt lat="36.526492747957" lon="127.129033550959">
        <ele>23.79</ele>
      </trkpt>
      <trkpt lat="36.526429061143" lon="127.129112546562">
        <ele>23.99</ele>
      </trkpt>
      <trkpt lat="36.526365374329" lon="127.129191542165">
        <ele>24.01</ele>
      </trkpt>
      <trkpt lat="36.526301687514" lon="127.129270537768">
        <ele>23.95</ele>
      </trkpt>
      <trkpt lat="36.5262380007" lon="127.129349533371">
        <ele>24</ele>
      </trkpt>
      <trkpt lat="36.526174313886" lon="127.129428528974">
        <ele>23.97</ele>
      </trkpt>
      <trkpt lat="36.526110627072" lon="127.129507524577">
        <ele>23.85</ele>
      </trkpt>
      <trkpt lat="36.526046940257" lon="127.12958652018">
        <ele>23.99</ele>
      </trkpt>
      <trkpt lat="36.525983253443" lon="127.129665515783">
        <ele>24.03</ele>
      </trkpt>
      <trkpt lat="36.525919566629" lon="127.129744511386">
        <ele>24</ele>
      </trkpt>
      <trkpt lat="36.5259024447321" lon="127.129765748978">
        <ele>24</ele>
      </trkpt>
      <trkpt lat="36.525855424346" lon="127.129822937004">
        <ele>24</ele>
      </trkpt>
      <trkpt lat="36.525791114586" lon="127.12990115304">
        <ele>24.01</ele>
      </trkpt>
      <trkpt lat="36.525726804827" lon="127.129979369075">
        <ele>24.11</ele>
      </trkpt>
      <trkpt lat="36.525662495068" lon="127.13005758511">
        <ele>24.09</ele>
      </trkpt>
      <trkpt lat="36.525598185309" lon="127.130135801145">
        <ele>24.11</ele>
      </trkpt>
      <trkpt lat="36.52553387555" lon="127.130214017181">
        <ele>24.13</ele>
      </trkpt>
      <trkpt lat="36.525469565791" lon="127.130292233216">
        <ele>24.08</ele>
      </trkpt>
      <trkpt lat="36.525405256032" lon="127.130370449251">
        <ele>24.04</ele>
      </trkpt>
      <trkpt lat="36.525340946273" lon="127.130448665286">
        <ele>24.2</ele>
      </trkpt>
      <trkpt lat="36.5253312641072" lon="127.130460441113">
        <ele>24.22</ele>
      </trkpt>
      <trkpt lat="36.525276112319" lon="127.130526212851">
        <ele>24.31</ele>
      </trkpt>
      <trkpt lat="36.5252278045241" lon="127.130583822727">
        <ele>24.37</ele>
      </trkpt>
      <trkpt lat="36.525210670775" lon="127.130602957286">
        <ele>24.39</ele>
      </trkpt>
      <trkpt lat="36.5251437435108" lon="127.130677700043">
        <ele>24.47</ele>
      </trkpt>
      <trkpt lat="36.525143732042" lon="127.130677709837">
        <ele>24.47</ele>
      </trkpt>
      <trkpt lat="36.525069534195" lon="127.130741075098">
        <ele>24.39</ele>
      </trkpt>
      <trkpt lat="36.5250338174326" lon="127.130771577358">
        <ele>24.42</ele>
      </trkpt>
      <trkpt lat="36.524994037495" lon="127.130801973516">
        <ele>24.45</ele>
      </trkpt>
      <trkpt lat="36.524917335247" lon="127.130860582298">
        <ele>24.43</ele>
      </trkpt>
      <trkpt lat="36.5249109586898" lon="127.130865454674">
        <ele>24.43</ele>
      </trkpt>
      <trkpt lat="36.524841145851" lon="127.130920207929">
        <ele>24.48</ele>
      </trkpt>
      <trkpt lat="36.524765002956" lon="127.13097992576">
        <ele>24.49</ele>
      </trkpt>
      <trkpt lat="36.524688860061" lon="127.131039643591">
        <ele>24.5</ele>
      </trkpt>
      <trkpt lat="36.5246544634926" lon="127.13106662035">
        <ele>24.51</ele>
      </trkpt>
      <trkpt lat="36.524612480222" lon="127.131098892758">
        <ele>24.52</ele>
      </trkpt>
      <trkpt lat="36.524535905154" lon="127.131157755771">
        <ele>24.54</ele>
      </trkpt>
      <trkpt lat="36.524459330085" lon="127.131216618785">
        <ele>24.59</ele>
      </trkpt>
      <trkpt lat="36.524382755017" lon="127.131275481798">
        <ele>24.64</ele>
      </trkpt>
      <trkpt lat="36.524306179949" lon="127.131334344811">
        <ele>24.79</ele>
      </trkpt>
      <trkpt lat="36.52422960488" lon="127.131393207825">
        <ele>24.89</ele>
      </trkpt>
      <trkpt lat="36.524153029812" lon="127.131452070838">
        <ele>25.09</ele>
      </trkpt>
      <trkpt lat="36.524076454744" lon="127.131510933852">
        <ele>25.39</ele>
      </trkpt>
      <trkpt lat="36.523999879675" lon="127.131569796865">
        <ele>25.7</ele>
      </trkpt>
      <trkpt lat="36.523923304607" lon="127.131628659879">
        <ele>26.09</ele>
      </trkpt>
      <trkpt lat="36.5238763510105" lon="127.13166475296">
        <ele>26.26</ele>
      </trkpt>
      <trkpt lat="36.523847489472" lon="127.131688974626">
        <ele>26.36</ele>
      </trkpt>
      <trkpt lat="36.5237836667306" lon="127.131742537022">
        <ele>26.61</ele>
      </trkpt>
      <trkpt lat="36.523772992452" lon="127.131751794804">
        <ele>26.65</ele>
      </trkpt>
      <trkpt lat="36.5237125368591" lon="127.131804227829">
        <ele>26.82</ele>
      </trkpt>
      <trkpt lat="36.52370007611" lon="127.131817285467">
        <ele>26.86</ele>
      </trkpt>
      <trkpt lat="36.523631270186" lon="127.131889387302">
        <ele>27.06</ele>
      </trkpt>
      <trkpt lat="36.5236306296534" lon="127.131890058517">
        <ele>27.06</ele>
      </trkpt>
      <trkpt lat="36.523567638817" lon="127.131968443162">
        <ele>27.19</ele>
      </trkpt>
      <trkpt lat="36.5235401005356" lon="127.132002711296">
        <ele>27.18</ele>
      </trkpt>
      <trkpt lat="36.523504745345" lon="127.132048398685">
        <ele>27.17</ele>
      </trkpt>
      <trkpt lat="36.523442378483" lon="127.132128991634">
        <ele>27.16</ele>
      </trkpt>
      <trkpt lat="36.52338001162" lon="127.132209584583">
        <ele>27.09</ele>
      </trkpt>
      <trkpt lat="36.523317644758" lon="127.132290177532">
        <ele>27.02</ele>
      </trkpt>
      <trkpt lat="36.5233159327404" lon="127.13229238987">
        <ele>27.02</ele>
      </trkpt>
      <trkpt lat="36.5232598906901" lon="127.132367491722">
        <ele>26.89</ele>
      </trkpt>
      <trkpt lat="36.523255936205" lon="127.132371460162">
        <ele>26.89</ele>
      </trkpt>
      <trkpt lat="36.5231930712694" lon="127.132434546947">
        <ele>26.81</ele>
      </trkpt>
      <trkpt lat="36.523185862376" lon="127.132441661534">
        <ele>26.8</ele>
      </trkpt>
      <trkpt lat="36.5231305627268" lon="127.132496237755">
        <ele>26.71</ele>
      </trkpt>
      <trkpt lat="36.523114679111" lon="127.132510073366">
        <ele>26.69</ele>
      </trkpt>
      <trkpt lat="36.5230874533576" lon="127.132533788681">
        <ele>26.66</ele>
      </trkpt>
      <trkpt lat="36.523038320992" lon="127.132569184939">
        <ele>26.6</ele>
      </trkpt>
      <trkpt lat="36.5230055454901" lon="127.132592797279">
        <ele>26.57</ele>
      </trkpt>
      <trkpt lat="36.522956043964" lon="127.132613330044">
        <ele>26.52</ele>
      </trkpt>
      <trkpt lat="36.522908549219" lon="127.132633030415">
        <ele>26.44</ele>
      </trkpt>
      <trkpt lat="36.522869194335" lon="127.13264209931">
        <ele>26.38</ele>
      </trkpt>
      <trkpt lat="36.5227921535331" lon="127.132659852505">
        <ele>26.34</ele>
      </trkpt>
      <trkpt lat="36.522780400049" lon="127.132659852505">
        <ele>26.33</ele>
      </trkpt>
      <trkpt lat="36.522690284564" lon="127.132659852505">
        <ele>26.32</ele>
      </trkpt>
      <trkpt lat="36.5226800686331" lon="127.132659852505">
        <ele>26.32</ele>
      </trkpt>
      <trkpt lat="36.522600579594" lon="127.132649830459">
        <ele>26.31</ele>
      </trkpt>
      <trkpt lat="36.522510927113" lon="127.132638526997">
        <ele>26.29</ele>
      </trkpt>
      <trkpt lat="36.522421274631" lon="127.132627223536">
        <ele>26.23</ele>
      </trkpt>
      <trkpt lat="36.52233162215" lon="127.132615920074">
        <ele>26.21</ele>
      </trkpt>
      <trkpt lat="36.522241969668" lon="127.132604616613">
        <ele>26.21</ele>
      </trkpt>
      <trkpt lat="36.5221907730334" lon="127.132598161697">
        <ele>26.23</ele>
      </trkpt>
      <trkpt lat="36.522152253261" lon="127.13259416733">
        <ele>26.25</ele>
      </trkpt>
      <trkpt lat="36.5220873092503" lon="127.132587432861">
        <ele>26.21</ele>
      </trkpt>
      <trkpt lat="36.522062364837" lon="127.132587432861">
        <ele>26.2</ele>
      </trkpt>
      <trkpt lat="36.521972249342" lon="127.132587432861">
        <ele>26.2</ele>
      </trkpt>
      <trkpt lat="36.5219709123289" lon="127.132587432861">
        <ele>26.2</ele>
      </trkpt>
      <trkpt lat="36.521882308237" lon="127.132594323793">
        <ele>26.24</ele>
      </trkpt>
      <trkpt lat="36.5218329601954" lon="127.132598161697">
        <ele>26.25</ele>
      </trkpt>
      <trkpt lat="36.521792420515" lon="127.13260219735">
        <ele>26.26</ele>
      </trkpt>
      <trkpt lat="36.5217251849199" lon="127.132608890533">
        <ele>26.19</ele>
      </trkpt>
      <trkpt lat="36.521703057053" lon="127.132614957529">
        <ele>26.16</ele>
      </trkpt>
      <trkpt lat="36.52161507028" lon="127.132639081654">
        <ele>26.27</ele>
      </trkpt>
      <trkpt lat="36.5215980099017" lon="127.132643759251">
        <ele>26.26</ele>
      </trkpt>
      <trkpt lat="36.521527669599" lon="127.132666237082">
        <ele>26.21</ele>
      </trkpt>
      <trkpt lat="36.521440409894" lon="127.132694121649">
        <ele>26.22</ele>
      </trkpt>
      <trkpt lat="36.521353150188" lon="127.132722006216">
        <ele>26.22</ele>
      </trkpt>
      <trkpt lat="36.521265890483" lon="127.132749890784">
        <ele>26.18</ele>
      </trkpt>
      <trkpt lat="36.521178630778" lon="127.132777775351">
        <ele>26.18</ele>
      </trkpt>
      <trkpt lat="36.521091371073" lon="127.132805659918">
        <ele>26.19</ele>
      </trkpt>
      <trkpt lat="36.521004111367" lon="127.132833544485">
        <ele>26.19</ele>
      </trkpt>
      <trkpt lat="36.520916851662" lon="127.132861429053">
        <ele>26.2</ele>
      </trkpt>
      <trkpt lat="36.520829591957" lon="127.13288931362">
        <ele>26.24</ele>
      </trkpt>
      <trkpt lat="36.520742332251" lon="127.132917198187">
        <ele>26.2</ele>
      </trkpt>
      <trkpt lat="36.520655072546" lon="127.132945082754">
        <ele>26.21</ele>
      </trkpt>
      <trkpt lat="36.520567812841" lon="127.132972967322">
        <ele>26.24</ele>
      </trkpt>
      <trkpt lat="36.5204900695441" lon="127.132997810841">
        <ele>26.23</ele>
      </trkpt>
      <trkpt lat="36.520480548141" lon="127.133000827768">
        <ele>26.23</ele>
      </trkpt>
      <trkpt lat="36.520393242643" lon="127.133028491161">
        <ele>26.28</ele>
      </trkpt>
      <trkpt lat="36.520305937144" lon="127.133056154554">
        <ele>26.33</ele>
      </trkpt>
      <trkpt lat="36.520218631645" lon="127.133083817946">
        <ele>26.33</ele>
      </trkpt>
      <trkpt lat="36.520131326146" lon="127.133111481339">
        <ele>26.34</ele>
      </trkpt>
      <trkpt lat="36.520044020647" lon="127.133139144732">
        <ele>26.34</ele>
      </trkpt>
      <trkpt lat="36.519956715149" lon="127.133166808125">
        <ele>26.34</ele>
      </trkpt>
      <trkpt lat="36.51986940965" lon="127.133194471518">
        <ele>26.33</ele>
      </trkpt>
      <trkpt lat="36.519782104151" lon="127.133222134911">
        <ele>26.34</ele>
      </trkpt>
      <trkpt lat="36.519694798652" lon="127.133249798304">
        <ele>26.35</ele>
      </trkpt>
      <trkpt lat="36.519677426161" lon="127.133255302906">
        <ele>26.35</ele>
      </trkpt>
      <trkpt lat="36.519607497184" lon="127.133277480877">
        <ele>26.33</ele>
      </trkpt>
      <trkpt lat="36.519520196716" lon="127.133305168216">
        <ele>26.37</ele>
      </trkpt>
      <trkpt lat="36.519432896248" lon="127.133332855554">
        <ele>26.34</ele>
      </trkpt>
      <trkpt lat="36.519345595781" lon="127.133360542892">
        <ele>26.34</ele>
      </trkpt>
      <trkpt lat="36.519258295313" lon="127.133388230231">
        <ele>26.37</ele>
      </trkpt>
      <trkpt lat="36.519170994845" lon="127.133415917569">
        <ele>26.35</ele>
      </trkpt>
      <trkpt lat="36.519083694377" lon="127.133443604908">
        <ele>26.34</ele>
      </trkpt>
      <trkpt lat="36.51899639391" lon="127.133471292246">
        <ele>26.4</ele>
      </trkpt>
      <trkpt lat="36.518909093442" lon="127.133498979585">
        <ele>26.43</ele>
      </trkpt>
      <trkpt lat="36.518821792974" lon="127.133526666923">
        <ele>26.48</ele>
      </trkpt>
      <trkpt lat="36.518734492507" lon="127.133554354261">
        <ele>26.53</ele>
      </trkpt>
      <trkpt lat="36.518647192039" lon="127.1335820416">
        <ele>26.6</ele>
      </trkpt>
      <trkpt lat="36.518559891571" lon="127.133609728938">
        <ele>26.62</ele>
      </trkpt>
      <trkpt lat="36.518472591104" lon="127.133637416277">
        <ele>26.64</ele>
      </trkpt>
      <trkpt lat="36.518385290636" lon="127.133665103615">
        <ele>26.72</ele>
      </trkpt>
      <trkpt lat="36.518297990168" lon="127.133692790953">
        <ele>26.79</ele>
      </trkpt>
      <trkpt lat="36.518210689701" lon="127.133720478292">
        <ele>26.86</ele>
      </trkpt>
      <trkpt lat="36.518123389233" lon="127.13374816563">
        <ele>26.94</ele>
      </trkpt>
      <trkpt lat="36.518036088765" lon="127.133775852969">
        <ele>27.02</ele>
      </trkpt>
      <trkpt lat="36.517948788298" lon="127.133803540307">
        <ele>27.09</ele>
      </trkpt>
      <trkpt lat="36.51786148783" lon="127.133831227645">
        <ele>27.23</ele>
      </trkpt>
      <trkpt lat="36.517774187362" lon="127.133858914984">
        <ele>27.34</ele>
      </trkpt>
      <trkpt lat="36.517686886895" lon="127.133886602322">
        <ele>27.44</ele>
      </trkpt>
      <trkpt lat="36.517599586427" lon="127.133914289661">
        <ele>27.57</ele>
      </trkpt>
      <trkpt lat="36.5175800339047" lon="127.133920490742">
        <ele>27.59</ele>
      </trkpt>
      <trkpt lat="36.517512876112" lon="127.133944653637">
        <ele>27.65</ele>
      </trkpt>
      <trkpt lat="36.517426336119" lon="127.13397579011">
        <ele>27.75</ele>
      </trkpt>
      <trkpt lat="36.5174011170313" lon="127.133984863758">
        <ele>27.78</ele>
      </trkpt>
      <trkpt lat="36.517340442091" lon="127.134009515725">
        <ele>27.85</ele>
      </trkpt>
      <trkpt lat="36.517254813725" lon="127.134044306161">
        <ele>28.01</ele>
      </trkpt>
      <trkpt lat="36.5171898652506" lon="127.134070694447">
        <ele>28.09</ele>
      </trkpt>
      <trkpt lat="36.517169874887" lon="127.134081354536">
        <ele>28.12</ele>
      </trkpt>
      <trkpt lat="36.517087101622" lon="127.134125494321">
        <ele>28.08</ele>
      </trkpt>
      <trkpt lat="36.517004328356" lon="127.134169634107">
        <ele>28.2</ele>
      </trkpt>
      <trkpt lat="36.516921555091" lon="127.134213773892">
        <ele>28.24</ele>
      </trkpt>
      <trkpt lat="36.5169031654829" lon="127.13422358036">
        <ele>28.25</ele>
      </trkpt>
      <trkpt lat="36.516840589049" lon="127.134262706969">
        <ele>28.28</ele>
      </trkpt>
      <trkpt lat="36.516760139197" lon="127.134313009132">
        <ele>28.28</ele>
      </trkpt>
      <trkpt lat="36.516679689344" lon="127.134363311294">
        <ele>28.26</ele>
      </trkpt>
      <trkpt lat="36.516599239492" lon="127.134413613457">
        <ele>28.24</ele>
      </trkpt>
      <trkpt lat="36.51651878964" lon="127.134463915619">
        <ele>28.18</ele>
      </trkpt>
      <trkpt lat="36.516438339787" lon="127.134514217781">
        <ele>28.07</ele>
      </trkpt>
      <trkpt lat="36.516357889935" lon="127.134564519944">
        <ele>28.01</ele>
      </trkpt>
      <trkpt lat="36.516277440083" lon="127.134614822106">
        <ele>27.92</ele>
      </trkpt>
      <trkpt lat="36.51619699023" lon="127.134665124269">
        <ele>27.94</ele>
      </trkpt>
      <trkpt lat="36.516116540378" lon="127.134715426431">
        <ele>27.81</ele>
      </trkpt>
      <trkpt lat="36.516036090525" lon="127.134765728594">
        <ele>27.64</ele>
      </trkpt>
      <trkpt lat="36.515955640673" lon="127.134816030756">
        <ele>27.43</ele>
      </trkpt>
      <trkpt lat="36.515875190821" lon="127.134866332919">
        <ele>27.17</ele>
      </trkpt>
      <trkpt lat="36.515794740968" lon="127.134916635081">
        <ele>26.9</ele>
      </trkpt>
      <trkpt lat="36.515714291116" lon="127.134966937243">
        <ele>26.74</ele>
      </trkpt>
      <trkpt lat="36.515633841264" lon="127.135017239406">
        <ele>26.51</ele>
      </trkpt>
      <trkpt lat="36.515553391411" lon="127.135067541568">
        <ele>26.3</ele>
      </trkpt>
      <trkpt lat="36.515472941559" lon="127.135117843731">
        <ele>26.12</ele>
      </trkpt>
      <trkpt lat="36.515392491706" lon="127.135168145893">
        <ele>26.01</ele>
      </trkpt>
      <trkpt lat="36.515312041854" lon="127.135218448056">
        <ele>25.86</ele>
      </trkpt>
      <trkpt lat="36.515231592002" lon="127.135268750218">
        <ele>25.73</ele>
      </trkpt>
      <trkpt lat="36.515151142149" lon="127.135319052381">
        <ele>25.63</ele>
      </trkpt>
      <trkpt lat="36.515070692297" lon="127.135369354543">
        <ele>25.58</ele>
      </trkpt>
      <trkpt lat="36.514990242445" lon="127.135419656706">
        <ele>25.51</ele>
      </trkpt>
      <trkpt lat="36.514909792592" lon="127.135469958868">
        <ele>25.49</ele>
      </trkpt>
      <trkpt lat="36.51482934274" lon="127.13552026103">
        <ele>25.49</ele>
      </trkpt>
      <trkpt lat="36.5147625840222" lon="127.135562002659">
        <ele>25.45</ele>
      </trkpt>
      <trkpt lat="36.514748924366" lon="127.135570639907">
        <ele>25.44</ele>
      </trkpt>
      <trkpt lat="36.514668659481" lon="127.135621392843">
        <ele>25.44</ele>
      </trkpt>
      <trkpt lat="36.5146310861512" lon="127.135645151138">
        <ele>25.5</ele>
      </trkpt>
      <trkpt lat="36.514587579727" lon="127.135670069175">
        <ele>25.56</ele>
      </trkpt>
      <trkpt lat="36.514505782798" lon="127.135716917863">
        <ele>25.52</ele>
      </trkpt>
      <trkpt lat="36.51449527664" lon="127.1357229352">
        <ele>25.52</ele>
      </trkpt>
      <trkpt lat="36.514420293696" lon="127.135751889245">
        <ele>25.51</ele>
      </trkpt>
      <trkpt lat="36.5143702454507" lon="127.135771214962">
        <ele>25.5</ele>
      </trkpt>
      <trkpt lat="36.514333236921" lon="127.135780070196">
        <ele>25.49</ele>
      </trkpt>
      <trkpt lat="36.5142581483506" lon="127.135798037052">
        <ele>25.54</ele>
      </trkpt>
      <trkpt lat="36.514244593215" lon="127.135799911021">
        <ele>25.55</ele>
      </trkpt>
      <trkpt lat="36.514155033536" lon="127.135812292455">
        <ele>25.47</ele>
      </trkpt>
      <trkpt lat="36.5141417396518" lon="127.135814130306">
        <ele>25.45</ele>
      </trkpt>
      <trkpt lat="36.514065011558" lon="127.135815748396">
        <ele>25.35</ele>
      </trkpt>
      <trkpt lat="36.5140145521696" lon="127.135816812515">
        <ele>25.35</ele>
      </trkpt>
      <trkpt lat="36.513974996734" lon="127.135813441561">
        <ele>25.35</ele>
      </trkpt>
      <trkpt lat="36.513885093587" lon="127.135805779926">
        <ele>25.34</ele>
      </trkpt>
      <trkpt lat="36.5138571843175" lon="127.13580340147">
        <ele>25.36</ele>
      </trkpt>
      <trkpt lat="36.513795871877" lon="127.135790876835">
        <ele>25.4</ele>
      </trkpt>
      <trkpt lat="36.5137127505278" lon="127.135773897171">
        <ele>25.31</ele>
      </trkpt>
      <trkpt lat="36.513707165383" lon="127.135771652058">
        <ele>25.31</ele>
      </trkpt>
      <trkpt lat="36.51362144935" lon="127.135737195982">
        <ele>25.31</ele>
      </trkpt>
      <trkpt lat="36.5135726279369" lon="127.135717570782">
        <ele>25.3</ele>
      </trkpt>
      <trkpt lat="36.513536392601" lon="127.135700425994">
        <ele>25.29</ele>
      </trkpt>
      <trkpt lat="36.513452208261" lon="127.135660594083">
        <ele>25.28</ele>
      </trkpt>
      <trkpt lat="36.513368023922" lon="127.135620762172">
        <ele>25.27</ele>
      </trkpt>
      <trkpt lat="36.513283839582" lon="127.135580930261">
        <ele>25.28</ele>
      </trkpt>
      <trkpt lat="36.513199655243" lon="127.13554109835">
        <ele>25.22</ele>
      </trkpt>
      <trkpt lat="36.513115470903" lon="127.13550126644">
        <ele>25.07</ele>
      </trkpt>
      <trkpt lat="36.513031286564" lon="127.135461434529">
        <ele>24.89</ele>
      </trkpt>
      <trkpt lat="36.512947102224" lon="127.135421602618">
        <ele>24.77</ele>
      </trkpt>
      <trkpt lat="36.512862917885" lon="127.135381770707">
        <ele>24.56</ele>
      </trkpt>
      <trkpt lat="36.512778733545" lon="127.135341938796">
        <ele>24.5</ele>
      </trkpt>
      <trkpt lat="36.512694549206" lon="127.135302106886">
        <ele>24.31</ele>
      </trkpt>
      <trkpt lat="36.512610364866" lon="127.135262274975">
        <ele>24.07</ele>
      </trkpt>
      <trkpt lat="36.512526180527" lon="127.135222443064">
        <ele>23.86</ele>
      </trkpt>
      <trkpt lat="36.5125012206638" lon="127.135210633278">
        <ele>23.81</ele>
      </trkpt>
      <trkpt lat="36.512440849079" lon="127.13518666057">
        <ele>23.7</ele>
      </trkpt>
      <trkpt lat="36.5123998996912" lon="127.135170400143">
        <ele>23.54</ele>
      </trkpt>
      <trkpt lat="36.512353708354" lon="127.135158905881">
        <ele>23.36</ele>
      </trkpt>
      <trkpt lat="36.5123028901252" lon="127.135146260262">
        <ele>23.37</ele>
      </trkpt>
      <trkpt lat="36.51226542661" lon="127.135136504243">
        <ele>23.38</ele>
      </trkpt>
      <trkpt lat="36.5122101919817" lon="127.13512212038">
        <ele>23.13</ele>
      </trkpt>
      <trkpt lat="36.512176526559" lon="127.13512305119">
        <ele>22.98</ele>
      </trkpt>
      <trkpt lat="36.5121131821779" lon="127.135124802589">
        <ele>22.83</ele>
      </trkpt>
      <trkpt lat="36.512086426689" lon="127.135124802589">
        <ele>22.77</ele>
      </trkpt>
      <trkpt lat="36.5120183280298" lon="127.135124802589">
        <ele>22.6</ele>
      </trkpt>
      <trkpt lat="36.511996742219" lon="127.13513017398">
        <ele>22.55</ele>
      </trkpt>
      <trkpt lat="36.511908391381" lon="127.13515215911">
        <ele>22.55</ele>
      </trkpt>
      <trkpt lat="36.5118997601813" lon="127.135154306889">
        <ele>22.5</ele>
      </trkpt>
      <trkpt lat="36.511821415021" lon="127.135181268474">
        <ele>22.04</ele>
      </trkpt>
      <trkpt lat="36.5117984384214" lon="127.135189175606">
        <ele>21.97</ele>
      </trkpt>
      <trkpt lat="36.511735844409" lon="127.135216133695">
        <ele>21.76</ele>
      </trkpt>
      <trkpt lat="36.5116863375963" lon="127.135237455368">
        <ele>21.6</ele>
      </trkpt>
      <trkpt lat="36.511652993372" lon="127.135259253375">
        <ele>21.49</ele>
      </trkpt>
      <trkpt lat="36.511573294274" lon="127.135311354797">
        <ele>21.29</ele>
      </trkpt>
      <trkpt lat="36.5115591460789" lon="127.135320603848">
        <ele>21.25</ele>
      </trkpt>
      <trkpt lat="36.51149509841" lon="127.135366812544">
        <ele>21.09</ele>
      </trkpt>
      <trkpt lat="36.511417226998" lon="127.135422994704">
        <ele>21.01</ele>
      </trkpt>
      <trkpt lat="36.511339355586" lon="127.135479176865">
        <ele>20.92</ele>
      </trkpt>
      <trkpt lat="36.511261484173" lon="127.135535359025">
        <ele>20.86</ele>
      </trkpt>
      <trkpt lat="36.511183612761" lon="127.135591541185">
        <ele>20.88</ele>
      </trkpt>
      <trkpt lat="36.511105741349" lon="127.135647723346">
        <ele>20.97</ele>
      </trkpt>
      <trkpt lat="36.511027869937" lon="127.135703905506">
        <ele>21.04</ele>
      </trkpt>
      <trkpt lat="36.510949998524" lon="127.135760087667">
        <ele>21.2</ele>
      </trkpt>
      <trkpt lat="36.510872127112" lon="127.135816269827">
        <ele>21.35</ele>
      </trkpt>
      <trkpt lat="36.5107942557" lon="127.135872451987">
        <ele>21.56</ele>
      </trkpt>
      <trkpt lat="36.510716384288" lon="127.135928634148">
        <ele>21.84</ele>
      </trkpt>
      <trkpt lat="36.510638512875" lon="127.135984816308">
        <ele>21.97</ele>
      </trkpt>
      <trkpt lat="36.510560641463" lon="127.136040998469">
        <ele>21.94</ele>
      </trkpt>
      <trkpt lat="36.510482770051" lon="127.136097180629">
        <ele>21.85</ele>
      </trkpt>
      <trkpt lat="36.510404898639" lon="127.136153362789">
        <ele>21.66</ele>
      </trkpt>
      <trkpt lat="36.510327027226" lon="127.13620954495">
        <ele>21.52</ele>
      </trkpt>
      <trkpt lat="36.510249155814" lon="127.13626572711">
        <ele>21.34</ele>
      </trkpt>
      <trkpt lat="36.510171284402" lon="127.136321909271">
        <ele>21.17</ele>
      </trkpt>
      <trkpt lat="36.510093412989" lon="127.136378091431">
        <ele>21.01</ele>
      </trkpt>
      <trkpt lat="36.510015541577" lon="127.136434273591">
        <ele>20.86</ele>
      </trkpt>
      <trkpt lat="36.509937670165" lon="127.136490455752">
        <ele>20.65</ele>
      </trkpt>
      <trkpt lat="36.509859798753" lon="127.136546637912">
        <ele>20.47</ele>
      </trkpt>
      <trkpt lat="36.50978192734" lon="127.136602820073">
        <ele>20.27</ele>
      </trkpt>
      <trkpt lat="36.509737481921" lon="127.136634886265">
        <ele>20.12</ele>
      </trkpt>
      <trkpt lat="36.509703155665" lon="127.136656976241">
        <ele>20</ele>
      </trkpt>
      <trkpt lat="36.509623186941" lon="127.136708438516">
        <ele>19.88</ele>
      </trkpt>
      <trkpt lat="36.5096124430455" lon="127.136715352535">
        <ele>19.85</ele>
      </trkpt>
      <trkpt lat="36.509539282418" lon="127.136748887421">
        <ele>19.69</ele>
      </trkpt>
      <trkpt lat="36.509530520914" lon="127.136752903461">
        <ele>19.66</ele>
      </trkpt>
      <trkpt lat="36.509453231728" lon="127.136781975006">
        <ele>19.43</ele>
      </trkpt>
      <trkpt lat="36.5094378194502" lon="127.136787772179">
        <ele>19.41</ele>
      </trkpt>
      <trkpt lat="36.509365177353" lon="127.136805308187">
        <ele>19.32</ele>
      </trkpt>
      <trkpt lat="36.5092933774132" lon="127.136822640896">
        <ele>19.16</ele>
      </trkpt>
      <trkpt lat="36.509276583421" lon="127.136825618232">
        <ele>19.12</ele>
      </trkpt>
      <trkpt lat="36.50918737668" lon="127.136841433317">
        <ele>19.03</ele>
      </trkpt>
      <trkpt lat="36.509098169938" lon="127.136857248403">
        <ele>18.95</ele>
      </trkpt>
      <trkpt lat="36.509008963197" lon="127.136873063489">
        <ele>18.88</ele>
      </trkpt>
      <trkpt lat="36.508919756456" lon="127.136888878574">
        <ele>18.86</ele>
      </trkpt>
      <trkpt lat="36.508830549715" lon="127.13690469366">
        <ele>18.86</ele>
      </trkpt>
      <trkpt lat="36.508741342973" lon="127.136920508745">
        <ele>18.86</ele>
      </trkpt>
      <trkpt lat="36.508652136232" lon="127.136936323831">
        <ele>18.88</ele>
      </trkpt>
      <trkpt lat="36.508562929491" lon="127.136952138916">
        <ele>19.04</ele>
      </trkpt>
      <trkpt lat="36.50847372275" lon="127.136967954002">
        <ele>19.22</ele>
      </trkpt>
      <trkpt lat="36.508384516009" lon="127.136983769088">
        <ele>19.42</ele>
      </trkpt>
      <trkpt lat="36.508295309267" lon="127.136999584173">
        <ele>19.6</ele>
      </trkpt>
      <trkpt lat="36.508206102526" lon="127.137015399259">
        <ele>19.82</ele>
      </trkpt>
      <trkpt lat="36.508116895785" lon="127.137031214344">
        <ele>20.11</ele>
      </trkpt>
      <trkpt lat="36.508027689044" lon="127.13704702943">
        <ele>20.18</ele>
      </trkpt>
      <trkpt lat="36.507938482302" lon="127.137062844515">
        <ele>20.04</ele>
      </trkpt>
      <trkpt lat="36.507849275561" lon="127.137078659601">
        <ele>20.05</ele>
      </trkpt>
      <trkpt lat="36.50776006882" lon="127.137094474687">
        <ele>20.1</ele>
      </trkpt>
      <trkpt lat="36.507670862079" lon="127.137110289772">
        <ele>20.11</ele>
      </trkpt>
      <trkpt lat="36.5075837668594" lon="127.137125730515">
        <ele>20.12</ele>
      </trkpt>
      <trkpt lat="36.507581669417" lon="127.137126211208">
        <ele>20.12</ele>
      </trkpt>
      <trkpt lat="36.507493057519" lon="127.137146519334">
        <ele>20.05</ele>
      </trkpt>
      <trkpt lat="36.5074199182158" lon="127.137163281441">
        <ele>20.16</ele>
      </trkpt>
      <trkpt lat="36.507405465088" lon="127.137170987771">
        <ele>20.18</ele>
      </trkpt>
      <trkpt lat="36.507322691702" lon="127.137215122097">
        <ele>20.2</ele>
      </trkpt>
      <trkpt lat="36.5072991874143" lon="127.137227654457">
        <ele>20.21</ele>
      </trkpt>
      <trkpt lat="36.507242429332" lon="127.137265677283">
        <ele>20.24</ele>
      </trkpt>
      <trkpt lat="36.5072151069235" lon="127.137283980846">
        <ele>20.26</ele>
      </trkpt>
      <trkpt lat="36.507165195518" lon="127.137323078112">
        <ele>20.31</ele>
      </trkpt>
      <trkpt lat="36.5070986876316" lon="127.137375175953">
        <ele>20.41</ele>
      </trkpt>
      <trkpt lat="36.507089520727" lon="127.137383623871">
        <ele>20.42</ele>
      </trkpt>
      <trkpt lat="36.507017219284" lon="127.137450254509">
        <ele>20.51</ele>
      </trkpt>
      <trkpt lat="36.5069822681647" lon="127.137482464314">
        <ele>20.54</ele>
      </trkpt>
      <trkpt lat="36.506946741687" lon="127.137519730124">
        <ele>20.57</ele>
      </trkpt>
      <trkpt lat="36.506877970782" lon="127.137591867967">
        <ele>20.7</ele>
      </trkpt>
      <trkpt lat="36.5068723162851" lon="127.137597799301">
        <ele>20.71</ele>
      </trkpt>
      <trkpt lat="36.506814255597" lon="127.137670760244">
        <ele>20.79</ele>
      </trkpt>
      <trkpt lat="36.506750993346" lon="127.137750257639">
        <ele>20.94</ele>
      </trkpt>
      <trkpt lat="36.506687731094" lon="127.137829755034">
        <ele>21.05</ele>
      </trkpt>
      <trkpt lat="36.506624468843" lon="127.13790925243">
        <ele>21.21</ele>
      </trkpt>
      <trkpt lat="36.506561206592" lon="127.137988749825">
        <ele>21.49</ele>
      </trkpt>
      <trkpt lat="36.506497944341" lon="127.13806824722">
        <ele>21.61</ele>
      </trkpt>
      <trkpt lat="36.50643468209" lon="127.138147744615">
        <ele>21.78</ele>
      </trkpt>
      <trkpt lat="36.506371419839" lon="127.138227242011">
        <ele>21.92</ele>
      </trkpt>
      <trkpt lat="36.506308157588" lon="127.138306739406">
        <ele>21.99</ele>
      </trkpt>
      <trkpt lat="36.506244895337" lon="127.138386236801">
        <ele>22.02</ele>
      </trkpt>
      <trkpt lat="36.506229849239" lon="127.138405144215">
        <ele>21.99</ele>
      </trkpt>
      <trkpt lat="36.506181388722" lon="127.138465434045">
        <ele>21.88</ele>
      </trkpt>
      <trkpt lat="36.5061587032315" lon="127.138493657112">
        <ele>21.77</ele>
      </trkpt>
      <trkpt lat="36.506115163424" lon="127.13854105404">
        <ele>21.58</ele>
      </trkpt>
      <trkpt lat="36.5060897131011" lon="127.138568758965">
        <ele>21.45</ele>
      </trkpt>
      <trkpt lat="36.506042330011" lon="127.138606272147">
        <ele>21.23</ele>
      </trkpt>
      <trkpt lat="36.5059948515715" lon="127.138643860817">
        <ele>20.91</ele>
      </trkpt>
      <trkpt lat="36.50596531482" lon="127.138664134809">
        <ele>20.72</ele>
      </trkpt>
      <trkpt lat="36.505886491718" lon="127.138718238894">
        <ele>20.22</ele>
      </trkpt>
      <trkpt lat="36.5058698066503" lon="127.138729691505">
        <ele>20.12</ele>
      </trkpt>
      <trkpt lat="36.505810203267" lon="127.138777572642">
        <ele>19.74</ele>
      </trkpt>
      <trkpt lat="36.505734595412" lon="127.138838310638">
        <ele>19.39</ele>
      </trkpt>
      <trkpt lat="36.505658987557" lon="127.138899048634">
        <ele>19.19</ele>
      </trkpt>
      <trkpt lat="36.505583379701" lon="127.13895978663">
        <ele>19.14</ele>
      </trkpt>
      <trkpt lat="36.505507771846" lon="127.139020524626">
        <ele>19.25</ele>
      </trkpt>
      <trkpt lat="36.5054925147157" lon="127.139032781124">
        <ele>19.27</ele>
      </trkpt>
      <trkpt lat="36.50543060629" lon="127.139078148849">
        <ele>19.33</ele>
      </trkpt>
      <trkpt lat="36.505353046937" lon="127.139134985885">
        <ele>19.3</ele>
      </trkpt>
      <trkpt lat="36.5053351295367" lon="127.139148116112">
        <ele>19.3</ele>
      </trkpt>
      <trkpt lat="36.505269781314" lon="127.139176680596">
        <ele>19.3</ele>
      </trkpt>
      <trkpt lat="36.5052553588442" lon="127.139182984829">
        <ele>19.27</ele>
      </trkpt>
      <trkpt lat="36.505181433971" lon="127.139197291105">
        <ele>19.12</ele>
      </trkpt>
      <trkpt lat="36.5051583403238" lon="127.139201760292">
        <ele>19.13</ele>
      </trkpt>
      <trkpt lat="36.505092118199" lon="127.139212058531">
        <ele>19.14</ele>
      </trkpt>
      <trkpt lat="36.5050203582186" lon="127.139223217964">
        <ele>19.05</ele>
      </trkpt>
      <trkpt lat="36.505002565753" lon="127.139223217964">
        <ele>19.03</ele>
      </trkpt>
      <trkpt lat="36.504912449998" lon="127.139223217964">
        <ele>18.93</ele>
      </trkpt>
      <trkpt lat="36.504822334244" lon="127.139223217964">
        <ele>18.92</ele>
      </trkpt>
      <trkpt lat="36.5048176965558" lon="127.139223217964">
        <ele>18.92</ele>
      </trkpt>
      <trkpt lat="36.504732699055" lon="127.13921200628">
        <ele>18.91</ele>
      </trkpt>
      <trkpt lat="36.50464308994" lon="127.139200186297">
        <ele>18.83</ele>
      </trkpt>
      <trkpt lat="36.504553480824" lon="127.139188366314">
        <ele>18.84</ele>
      </trkpt>
      <trkpt lat="36.504463871709" lon="127.13917654633">
        <ele>18.81</ele>
      </trkpt>
      <trkpt lat="36.504374262594" lon="127.139164726347">
        <ele>18.73</ele>
      </trkpt>
      <trkpt lat="36.504284653478" lon="127.139152906364">
        <ele>18.62</ele>
      </trkpt>
      <trkpt lat="36.504195044363" lon="127.13914108638">
        <ele>18.61</ele>
      </trkpt>
      <trkpt lat="36.504105435248" lon="127.139129266397">
        <ele>18.58</ele>
      </trkpt>
      <trkpt lat="36.504015826133" lon="127.139117446414">
        <ele>18.52</ele>
      </trkpt>
      <trkpt lat="36.503926217017" lon="127.13910562643">
        <ele>18.48</ele>
      </trkpt>
      <trkpt lat="36.503836607902" lon="127.139093806447">
        <ele>18.45</ele>
      </trkpt>
      <trkpt lat="36.503746998787" lon="127.139081986464">
        <ele>18.25</ele>
      </trkpt>
      <trkpt lat="36.503657389672" lon="127.13907016648">
        <ele>18.25</ele>
      </trkpt>
      <trkpt lat="36.503567780556" lon="127.139058346497">
        <ele>18.18</ele>
      </trkpt>
      <trkpt lat="36.503478171441" lon="127.139046526514">
        <ele>18.09</ele>
      </trkpt>
      <trkpt lat="36.503388562326" lon="127.13903470653">
        <ele>17.96</ele>
      </trkpt>
      <trkpt lat="36.50329895321" lon="127.139022886547">
        <ele>17.96</ele>
      </trkpt>
      <trkpt lat="36.503209344095" lon="127.139011066564">
        <ele>17.89</ele>
      </trkpt>
      <trkpt lat="36.50311973498" lon="127.13899924658">
        <ele>17.87</ele>
      </trkpt>
      <trkpt lat="36.503030125865" lon="127.138987426597">
        <ele>17.81</ele>
      </trkpt>
      <trkpt lat="36.502940516749" lon="127.138975606614">
        <ele>17.84</ele>
      </trkpt>
      <trkpt lat="36.502850907634" lon="127.13896378663">
        <ele>17.74</ele>
      </trkpt>
      <trkpt lat="36.502761298519" lon="127.138951966647">
        <ele>17.8</ele>
      </trkpt>
      <trkpt lat="36.502671689403" lon="127.138940146664">
        <ele>17.93</ele>
      </trkpt>
      <trkpt lat="36.502582080288" lon="127.13892832668">
        <ele>17.96</ele>
      </trkpt>
      <trkpt lat="36.502492471173" lon="127.138916506697">
        <ele>18.12</ele>
      </trkpt>
      <trkpt lat="36.502402862058" lon="127.138904686714">
        <ele>18.28</ele>
      </trkpt>
      <trkpt lat="36.502313252942" lon="127.13889286673">
        <ele>18.43</ele>
      </trkpt>
      <trkpt lat="36.502223643827" lon="127.138881046747">
        <ele>18.63</ele>
      </trkpt>
      <trkpt lat="36.502134034712" lon="127.138869226764">
        <ele>18.75</ele>
      </trkpt>
      <trkpt lat="36.502044425597" lon="127.13885740678">
        <ele>18.81</ele>
      </trkpt>
      <trkpt lat="36.501954816481" lon="127.138845586797">
        <ele>18.85</ele>
      </trkpt>
      <trkpt lat="36.501865207366" lon="127.138833766814">
        <ele>18.74</ele>
      </trkpt>
      <trkpt lat="36.501775598251" lon="127.13882194683">
        <ele>18.58</ele>
      </trkpt>
      <trkpt lat="36.5017065578515" lon="127.138812839985">
        <ele>18.33</ele>
      </trkpt>
      <trkpt lat="36.501685927397" lon="127.138810980213">
        <ele>18.26</ele>
      </trkpt>
      <trkpt lat="36.501596049311" lon="127.13880287798">
        <ele>18.7</ele>
      </trkpt>
      <trkpt lat="36.501506171226" lon="127.138794775746">
        <ele>18.45</ele>
      </trkpt>
      <trkpt lat="36.50141629314" lon="127.138786673513">
        <ele>17.94</ele>
      </trkpt>
      <trkpt lat="36.5014090203654" lon="127.138786017895">
        <ele>17.96</ele>
      </trkpt>
      <trkpt lat="36.501326196568" lon="127.138786017895">
        <ele>18.21</ele>
      </trkpt>
      <trkpt lat="36.5013055287979" lon="127.138786017895">
        <ele>18.26</ele>
      </trkpt>
      <trkpt lat="36.501236568624" lon="127.138796196133">
        <ele>18.43</ele>
      </trkpt>
      <trkpt lat="36.5011783202233" lon="127.138804793358">
        <ele>18.55</ele>
      </trkpt>
      <trkpt lat="36.501147909175" lon="127.138814749139">
        <ele>18.61</ele>
      </trkpt>
      <trkpt lat="36.50106078509" lon="127.138843271283">
        <ele>18.95</ele>
      </trkpt>
      <trkpt lat="36.5010554236053" lon="127.138845026493">
        <ele>18.96</ele>
      </trkpt>
      <trkpt lat="36.500976846754" lon="127.138883758047">
        <ele>19.12</ele>
      </trkpt>
      <trkpt lat="36.5009411511363" lon="127.138901352882">
        <ele>19.15</ele>
      </trkpt>
      <trkpt lat="36.500901288744" lon="127.138942126463">
        <ele>19.19</ele>
      </trkpt>
      <trkpt lat="36.5008441272096" lon="127.139000594616">
        <ele>19.31</ele>
      </trkpt>
      <trkpt lat="36.500832298455" lon="127.139013908326">
        <ele>19.33</ele>
      </trkpt>
      <trkpt lat="36.500765605243" lon="127.139088974053">
        <ele>19.34</ele>
      </trkpt>
      <trkpt lat="36.5007535714349" lon="127.139102518558">
        <ele>19.34</ele>
      </trkpt>
      <trkpt lat="36.500699847101" lon="127.139165290533">
        <ele>19.34</ele>
      </trkpt>
      <trkpt lat="36.500634294825" lon="127.139241882378">
        <ele>19.35</ele>
      </trkpt>
      <trkpt lat="36.500568742549" lon="127.139318474223">
        <ele>19.35</ele>
      </trkpt>
      <trkpt lat="36.500503190273" lon="127.139395066068">
        <ele>19.36</ele>
      </trkpt>
      <trkpt lat="36.500437637997" lon="127.139471657913">
        <ele>19.43</ele>
      </trkpt>
      <trkpt lat="36.500372085721" lon="127.139548249758">
        <ele>19.4</ele>
      </trkpt>
      <trkpt lat="36.5003633179561" lon="127.139558494091">
        <ele>19.41</ele>
      </trkpt>
      <trkpt lat="36.500304755171" lon="127.139622425875">
        <ele>19.44</ele>
      </trkpt>
      <trkpt lat="36.500237150047" lon="127.139696228993">
        <ele>19.4</ele>
      </trkpt>
      <trkpt lat="36.500169544923" lon="127.139770032111">
        <ele>19.36</ele>
      </trkpt>
      <trkpt lat="36.5001520196716" lon="127.139789164066">
        <ele>19.34</ele>
      </trkpt>
      <trkpt lat="36.500093474195" lon="127.139828889944">
        <ele>19.29</ele>
      </trkpt>
      <trkpt lat="36.500014440963" lon="127.139882517736">
        <ele>19.16</ele>
      </trkpt>
      <trkpt lat="36.4999622819453" lon="127.139917910099">
        <ele>19.21</ele>
      </trkpt>
      <trkpt lat="36.499933105397" lon="127.139929509735">
        <ele>19.24</ele>
      </trkpt>
      <trkpt lat="36.499847301331" lon="127.139963622608">
        <ele>19.17</ele>
      </trkpt>
      <trkpt lat="36.499761497266" lon="127.139997735481">
        <ele>19.16</ele>
      </trkpt>
      <trkpt lat="36.4997531386855" lon="127.140001058578">
        <ele>19.14</ele>
      </trkpt>
      <trkpt lat="36.499672115298" lon="127.140009900054">
        <ele>18.97</ele>
      </trkpt>
      <trkpt lat="36.499582347173" lon="127.140019695777">
        <ele>18.97</ele>
      </trkpt>
      <trkpt lat="36.4995073407302" lon="127.140027880669">
        <ele>18.89</ele>
      </trkpt>
      <trkpt lat="36.499492521869" lon="127.140027880669">
        <ele>18.87</ele>
      </trkpt>
      <trkpt lat="36.499402406031" lon="127.140027880669">
        <ele>18.99</ele>
      </trkpt>
      <trkpt lat="36.4993262259482" lon="127.140027880669">
        <ele>19.02</ele>
      </trkpt>
      <trkpt lat="36.499312392327" lon="127.140025794744">
        <ele>19.03</ele>
      </trkpt>
      <trkpt lat="36.49922293694" lon="127.14001230607">
        <ele>19.06</ele>
      </trkpt>
      <trkpt lat="36.499133481553" lon="127.139998817396">
        <ele>19.17</ele>
      </trkpt>
      <trkpt lat="36.499044026166" lon="127.139985328722">
        <ele>19.43</ele>
      </trkpt>
      <trkpt lat="36.499041616149" lon="127.139984965324">
        <ele>19.43</ele>
      </trkpt>
      <trkpt lat="36.498954944667" lon="127.139968475519">
        <ele>19.4</ele>
      </trkpt>
      <trkpt lat="36.498865873519" lon="127.139951529162">
        <ele>19.43</ele>
      </trkpt>
      <trkpt lat="36.498776802371" lon="127.139934582805">
        <ele>19.45</ele>
      </trkpt>
      <trkpt lat="36.498687731223" lon="127.139917636448">
        <ele>19.47</ele>
      </trkpt>
      <trkpt lat="36.4986750716846" lon="127.13991522789">
        <ele>19.47</ele>
      </trkpt>
      <trkpt lat="36.498598547517" lon="127.139901628679">
        <ele>19.49</ele>
      </trkpt>
      <trkpt lat="36.498509345162" lon="127.139885776411">
        <ele>19.27</ele>
      </trkpt>
      <trkpt lat="36.498420142807" lon="127.139869924143">
        <ele>19.09</ele>
      </trkpt>
      <trkpt lat="36.4984184895272" lon="127.139869630337">
        <ele>19.09</ele>
      </trkpt>
      <trkpt lat="36.49833461922" lon="127.139834852803">
        <ele>18.85</ele>
      </trkpt>
      <trkpt lat="36.498249165103" lon="127.139799418528">
        <ele>18.63</ele>
      </trkpt>
      <trkpt lat="36.4982050297736" lon="127.139781117439">
        <ele>18.66</ele>
      </trkpt>
      <trkpt lat="36.498165449223" lon="127.139758550435">
        <ele>18.69</ele>
      </trkpt>
      <trkpt lat="36.498083590069" lon="127.139711878122">
        <ele>18.68</ele>
      </trkpt>
      <trkpt lat="36.498001730915" lon="127.139665205809">
        <ele>18.75</ele>
      </trkpt>
      <trkpt lat="36.4979980379354" lon="127.139663100243">
        <ele>18.75</ele>
      </trkpt>
      <trkpt lat="36.497926786114" lon="127.139603341882">
        <ele>18.69</ele>
      </trkpt>
      <trkpt lat="36.497852167984" lon="127.139540760223">
        <ele>18.67</ele>
      </trkpt>
      <trkpt lat="36.497777549854" lon="127.139478178564">
        <ele>18.52</ele>
      </trkpt>
      <trkpt lat="36.497702931723" lon="127.139415596905">
        <ele>18.55</ele>
      </trkpt>
      <trkpt lat="36.497628313593" lon="127.139353015246">
        <ele>18.46</ele>
      </trkpt>
      <trkpt lat="36.497553695463" lon="127.139290433588">
        <ele>18.42</ele>
      </trkpt>
      <trkpt lat="36.4975215233716" lon="127.139263451099">
        <ele>18.4</ele>
      </trkpt>
      <trkpt lat="36.49747786745" lon="127.139230172463">
        <ele>18.37</ele>
      </trkpt>
      <trkpt lat="36.497401122403" lon="127.139171670194">
        <ele>18.37</ele>
      </trkpt>
      <trkpt lat="36.497324377355" lon="127.139113167925">
        <ele>18.31</ele>
      </trkpt>
      <trkpt lat="36.497247632308" lon="127.139054665655">
        <ele>18.26</ele>
      </trkpt>
      <trkpt lat="36.497170887261" lon="127.138996163386">
        <ele>18.16</ele>
      </trkpt>
      <trkpt lat="36.497094142213" lon="127.138937661117">
        <ele>18.16</ele>
      </trkpt>
      <trkpt lat="36.497017397166" lon="127.138879158848">
        <ele>18.12</ele>
      </trkpt>
      <trkpt lat="36.496940652119" lon="127.138820656579">
        <ele>18.09</ele>
      </trkpt>
      <trkpt lat="36.496863907072" lon="127.138762154309">
        <ele>18.07</ele>
      </trkpt>
      <trkpt lat="36.496787162024" lon="127.13870365204">
        <ele>18.05</ele>
      </trkpt>
      <trkpt lat="36.496710416977" lon="127.138645149771">
        <ele>18</ele>
      </trkpt>
      <trkpt lat="36.49663367193" lon="127.138586647502">
        <ele>17.94</ele>
      </trkpt>
      <trkpt lat="36.496556926882" lon="127.138528145232">
        <ele>17.88</ele>
      </trkpt>
      <trkpt lat="36.496480181835" lon="127.138469642963">
        <ele>17.85</ele>
      </trkpt>
      <trkpt lat="36.496403436788" lon="127.138411140694">
        <ele>17.8</ele>
      </trkpt>
      <trkpt lat="36.496326691741" lon="127.138352638425">
        <ele>17.76</ele>
      </trkpt>
      <trkpt lat="36.496249946693" lon="127.138294136155">
        <ele>17.68</ele>
      </trkpt>
      <trkpt lat="36.4961738984388" lon="127.138236165047">
        <ele>17.64</ele>
      </trkpt>
      <trkpt lat="36.496173202514" lon="127.138235632151">
        <ele>17.64</ele>
      </trkpt>
      <trkpt lat="36.496096553071" lon="127.138176938729">
        <ele>17.61</ele>
      </trkpt>
      <trkpt lat="36.496019903627" lon="127.138118245307">
        <ele>17.62</ele>
      </trkpt>
      <trkpt lat="36.495943254184" lon="127.138059551885">
        <ele>17.6</ele>
      </trkpt>
      <trkpt lat="36.49586660474" lon="127.138000858463">
        <ele>17.66</ele>
      </trkpt>
      <trkpt lat="36.495789955297" lon="127.137942165041">
        <ele>17.67</ele>
      </trkpt>
      <trkpt lat="36.495713305854" lon="127.137883471619">
        <ele>17.71</ele>
      </trkpt>
      <trkpt lat="36.49563665641" lon="127.137824778197">
        <ele>17.72</ele>
      </trkpt>
      <trkpt lat="36.495560006967" lon="127.137766084775">
        <ele>17.73</ele>
      </trkpt>
      <trkpt lat="36.495483357523" lon="127.137707391353">
        <ele>17.76</ele>
      </trkpt>
      <trkpt lat="36.49540670808" lon="127.137648697931">
        <ele>17.76</ele>
      </trkpt>
      <trkpt lat="36.495330058636" lon="127.137590004509">
        <ele>17.74</ele>
      </trkpt>
      <trkpt lat="36.4953157186596" lon="127.137579023838">
        <ele>17.75</ele>
      </trkpt>
      <trkpt lat="36.495254326131" lon="127.137529521766">
        <ele>17.79</ele>
      </trkpt>
      <trkpt lat="36.49517880465" lon="127.137468627227">
        <ele>17.81</ele>
      </trkpt>
      <trkpt lat="36.49510328317" lon="127.137407732689">
        <ele>17.86</ele>
      </trkpt>
      <trkpt lat="36.495027761689" lon="127.13734683815">
        <ele>17.78</ele>
      </trkpt>
      <trkpt lat="36.494952240209" lon="127.137285943611">
        <ele>17.83</ele>
      </trkpt>
      <trkpt lat="36.494876718728" lon="127.137225049072">
        <ele>17.86</ele>
      </trkpt>
      <trkpt lat="36.494801197248" lon="127.137164154533">
        <ele>17.87</ele>
      </trkpt>
      <trkpt lat="36.494725675767" lon="127.137103259994">
        <ele>17.87</ele>
      </trkpt>
      <trkpt lat="36.4946537493683" lon="127.137045264244">
        <ele>17.89</ele>
      </trkpt>
      <trkpt lat="36.494650138058" lon="127.137042396601">
        <ele>17.89</ele>
      </trkpt>
      <trkpt lat="36.494574275653" lon="127.136982156334">
        <ele>17.89</ele>
      </trkpt>
      <trkpt lat="36.494498413248" lon="127.136921916067">
        <ele>17.92</ele>
      </trkpt>
      <trkpt lat="36.494422550844" lon="127.1368616758">
        <ele>17.96</ele>
      </trkpt>
      <trkpt lat="36.494346688439" lon="127.136801435533">
        <ele>18</ele>
      </trkpt>
      <trkpt lat="36.494270826034" lon="127.136741195266">
        <ele>18.07</ele>
      </trkpt>
      <trkpt lat="36.49419496363" lon="127.136680954999">
        <ele>18.08</ele>
      </trkpt>
      <trkpt lat="36.494119101225" lon="127.136620714732">
        <ele>18.07</ele>
      </trkpt>
      <trkpt lat="36.49404323882" lon="127.136560474465">
        <ele>18.03</ele>
      </trkpt>
      <trkpt lat="36.493967376416" lon="127.136500234198">
        <ele>18.04</ele>
      </trkpt>
      <trkpt lat="36.493891514011" lon="127.136439993931">
        <ele>18.02</ele>
      </trkpt>
      <trkpt lat="36.493815651606" lon="127.136379753664">
        <ele>17.97</ele>
      </trkpt>
      <trkpt lat="36.493739789202" lon="127.136319513397">
        <ele>17.98</ele>
      </trkpt>
      <trkpt lat="36.493663926797" lon="127.13625927313">
        <ele>17.99</ele>
      </trkpt>
      <trkpt lat="36.493588064393" lon="127.136199032863">
        <ele>17.98</ele>
      </trkpt>
      <trkpt lat="36.493512201988" lon="127.136138792596">
        <ele>17.96</ele>
      </trkpt>
      <trkpt lat="36.493436339583" lon="127.136078552329">
        <ele>17.99</ele>
      </trkpt>
      <trkpt lat="36.4933837012382" lon="127.136036753654">
        <ele>18.02</ele>
      </trkpt>
      <trkpt lat="36.493360072398" lon="127.136019118586">
        <ele>18.04</ele>
      </trkpt>
      <trkpt lat="36.49328288776" lon="127.135961512867">
        <ele>17.96</ele>
      </trkpt>
      <trkpt lat="36.493205703121" lon="127.135903907148">
        <ele>18.01</ele>
      </trkpt>
      <trkpt lat="36.4931357267622" lon="127.135851681232">
        <ele>17.97</ele>
      </trkpt>
      <trkpt lat="36.493128290907" lon="127.135846799607">
        <ele>17.96</ele>
      </trkpt>
      <trkpt lat="36.493048669435" lon="127.135794528266">
        <ele>17.88</ele>
      </trkpt>
      <trkpt lat="36.4929804727731" lon="127.13574975729">
        <ele>17.91</ele>
      </trkpt>
      <trkpt lat="36.492968842755" lon="127.135742757398">
        <ele>17.91</ele>
      </trkpt>
      <trkpt lat="36.492887791155" lon="127.135693973949">
        <ele>17.9</ele>
      </trkpt>
      <trkpt lat="36.492806739556" lon="127.1356451905">
        <ele>17.9</ele>
      </trkpt>
      <trkpt lat="36.4927799359099" lon="127.135629057884">
        <ele>17.89</ele>
      </trkpt>
      <trkpt lat="36.492723712089" lon="127.13560201597">
        <ele>17.87</ele>
      </trkpt>
      <trkpt lat="36.492639708355" lon="127.13556161278">
        <ele>17.88</ele>
      </trkpt>
      <trkpt lat="36.4926182122549" lon="127.135551273823">
        <ele>17.88</ele>
      </trkpt>
      <trkpt lat="36.492553822615" lon="127.135528088961">
        <ele>17.87</ele>
      </trkpt>
      <trkpt lat="36.492467289662" lon="127.135496930928">
        <ele>17.87</ele>
      </trkpt>
      <trkpt lat="36.49245433194" lon="127.135492265224">
        <ele>17.87</ele>
      </trkpt>
      <trkpt lat="36.492379751985" lon="127.135470504709">
        <ele>17.85</ele>
      </trkpt>
      <trkpt lat="36.492292037359" lon="127.135444911835">
        <ele>17.88</ele>
      </trkpt>
      <trkpt lat="36.4922796696438" lon="127.135441303253">
        <ele>17.88</ele>
      </trkpt>
      <trkpt lat="36.492203620699" lon="127.135423406806">
        <ele>17.86</ele>
      </trkpt>
      <trkpt lat="36.492115088804" lon="127.135402572771">
        <ele>17.72</ele>
      </trkpt>
      <trkpt lat="36.4920403169685" lon="127.135384976864">
        <ele>17.8</ele>
      </trkpt>
      <trkpt lat="36.492026400679" lon="127.135383013863">
        <ele>17.81</ele>
      </trkpt>
      <trkpt lat="36.491936863607" lon="127.135370383964">
        <ele>17.79</ele>
      </trkpt>
      <trkpt lat="36.491847326536" lon="127.135357754065">
        <ele>17.79</ele>
      </trkpt>
      <trkpt lat="36.4918311523133" lon="127.135355472565">
        <ele>17.79</ele>
      </trkpt>
      <trkpt lat="36.491757588156" lon="127.135347616174">
        <ele>17.77</ele>
      </trkpt>
      <trkpt lat="36.491667805393" lon="127.135338027694">
        <ele>17.71</ele>
      </trkpt>
      <trkpt lat="36.49157802263" lon="127.135328439214">
        <ele>17.66</ele>
      </trkpt>
      <trkpt lat="36.491488239868" lon="127.135318850734">
        <ele>17.65</ele>
      </trkpt>
      <trkpt lat="36.491398457105" lon="127.135309262254">
        <ele>17.63</ele>
      </trkpt>
      <trkpt lat="36.491308674342" lon="127.135299673774">
        <ele>17.6</ele>
      </trkpt>
      <trkpt lat="36.49121889158" lon="127.135290085294">
        <ele>17.58</ele>
      </trkpt>
      <trkpt lat="36.491129108817" lon="127.135280496814">
        <ele>17.57</ele>
      </trkpt>
      <trkpt lat="36.491039326054" lon="127.135270908334">
        <ele>17.56</ele>
      </trkpt>
      <trkpt lat="36.4909772371391" lon="127.135264277458">
        <ele>17.56</ele>
      </trkpt>
      <trkpt lat="36.490949581892" lon="127.135260809822">
        <ele>17.56</ele>
      </trkpt>
      <trkpt lat="36.490859924272" lon="127.135249567831">
        <ele>17.58</ele>
      </trkpt>
      <trkpt lat="36.490770266652" lon="127.135238325841">
        <ele>17.58</ele>
      </trkpt>
      <trkpt lat="36.490680609031" lon="127.13522708385">
        <ele>17.55</ele>
      </trkpt>
      <trkpt lat="36.490590951411" lon="127.135215841859">
        <ele>17.51</ele>
      </trkpt>
      <trkpt lat="36.490501293791" lon="127.135204599869">
        <ele>17.5</ele>
      </trkpt>
      <trkpt lat="36.49041163617" lon="127.135193357878">
        <ele>17.48</ele>
      </trkpt>
      <trkpt lat="36.49032197855" lon="127.135182115888">
        <ele>17.47</ele>
      </trkpt>
      <trkpt lat="36.49023232093" lon="127.135170873897">
        <ele>17.51</ele>
      </trkpt>
      <trkpt lat="36.490142663309" lon="127.135159631907">
        <ele>17.54</ele>
      </trkpt>
      <trkpt lat="36.490053005689" lon="127.135148389916">
        <ele>17.42</ele>
      </trkpt>
      <trkpt lat="36.489963348069" lon="127.135137147925">
        <ele>17.47</ele>
      </trkpt>
      <trkpt lat="36.4899076735398" lon="127.135130167007">
        <ele>17.51</ele>
      </trkpt>
      <trkpt lat="36.489873648508" lon="127.135126454579">
        <ele>17.53</ele>
      </trkpt>
      <trkpt lat="36.4897847590349" lon="127.135116755962">
        <ele>17.51</ele>
      </trkpt>
      <trkpt lat="36.489783890151" lon="127.135116566831">
        <ele>17.51</ele>
      </trkpt>
      <trkpt lat="36.489695134673" lon="127.135097247293">
        <ele>17.49</ele>
      </trkpt>
      <trkpt lat="36.4896122471201" lon="127.135079205036">
        <ele>17.48</ele>
      </trkpt>
      <trkpt lat="36.489606405925" lon="127.13507775194">
        <ele>17.48</ele>
      </trkpt>
      <trkpt lat="36.489518054763" lon="127.1350557731">
        <ele>17.5</ele>
      </trkpt>
      <trkpt lat="36.4894297036" lon="127.13503379426">
        <ele>17.56</ele>
      </trkpt>
      <trkpt lat="36.4894289527896" lon="127.135033607483">
        <ele>17.56</ele>
      </trkpt>
      <trkpt lat="36.489342349365" lon="127.135006381538">
        <ele>17.51</ele>
      </trkpt>
      <trkpt lat="36.489255003674" lon="127.134978922244">
        <ele>17.4</ele>
      </trkpt>
      <trkpt lat="36.4892327195551" lon="127.134971916676">
        <ele>17.41</ele>
      </trkpt>
      <trkpt lat="36.489166971186" lon="127.134955166622">
        <ele>17.42</ele>
      </trkpt>
      <trkpt lat="36.489078703464" lon="127.134932679537">
        <ele>17.41</ele>
      </trkpt>
      <trkpt lat="36.4890537371604" lon="127.134926319122">
        <ele>17.39</ele>
      </trkpt>
      <trkpt lat="36.488990699772" lon="127.134908677454">
        <ele>17.35</ele>
      </trkpt>
      <trkpt lat="36.488902800215" lon="127.134884077849">
        <ele>17.41</ele>
      </trkpt>
      <trkpt lat="36.488814900657" lon="127.134859478244">
        <ele>17.47</ele>
      </trkpt>
      <trkpt lat="36.4887270011" lon="127.134834878639">
        <ele>17.47</ele>
      </trkpt>
      <trkpt lat="36.4887087096904" lon="127.134829759598">
        <ele>17.48</ele>
      </trkpt>
      <trkpt lat="36.488638806192" lon="127.134811974935">
        <ele>17.5</ele>
      </trkpt>
      <trkpt lat="36.488550533673" lon="127.134789516874">
        <ele>17.43</ele>
      </trkpt>
      <trkpt lat="36.488462261154" lon="127.134767058814">
        <ele>17.47</ele>
      </trkpt>
      <trkpt lat="36.488373988635" lon="127.134744600753">
        <ele>17.46</ele>
      </trkpt>
      <trkpt lat="36.4883291776984" lon="127.134733200073">
        <ele>17.48</ele>
      </trkpt>
      <trkpt lat="36.488285954245" lon="127.134720793501">
        <ele>17.5</ele>
      </trkpt>
      <trkpt lat="36.488198165375" lon="127.13469559517">
        <ele>17.55</ele>
      </trkpt>
      <trkpt lat="36.488110376505" lon="127.134670396839">
        <ele>17.57</ele>
      </trkpt>
      <trkpt lat="36.488022587635" lon="127.134645198508">
        <ele>17.62</ele>
      </trkpt>
      <trkpt lat="36.487934798765" lon="127.134620000177">
        <ele>17.6</ele>
      </trkpt>
      <trkpt lat="36.487847009895" lon="127.134594801846">
        <ele>17.57</ele>
      </trkpt>
      <trkpt lat="36.487824569784" lon="127.134588360786">
        <ele>17.56</ele>
      </trkpt>
      <trkpt lat="36.48775907461" lon="127.134570403902">
        <ele>17.54</ele>
      </trkpt>
      <trkpt lat="36.487671089046" lon="127.134546280804">
        <ele>17.52</ele>
      </trkpt>
      <trkpt lat="36.487583103483" lon="127.134522157706">
        <ele>17.55</ele>
      </trkpt>
      <trkpt lat="36.487495117919" lon="127.134498034608">
        <ele>17.57</ele>
      </trkpt>
      <trkpt lat="36.487407132356" lon="127.134473911509">
        <ele>17.66</ele>
      </trkpt>
      <trkpt lat="36.487319146792" lon="127.134449788411">
        <ele>17.64</ele>
      </trkpt>
      <trkpt lat="36.487231161228" lon="127.134425665313">
        <ele>17.66</ele>
      </trkpt>
      <trkpt lat="36.487143175665" lon="127.134401542214">
        <ele>17.7</ele>
      </trkpt>
      <trkpt lat="36.487055190101" lon="127.134377419116">
        <ele>17.71</ele>
      </trkpt>
      <trkpt lat="36.4870223658202" lon="127.134368419647">
        <ele>17.72</ele>
      </trkpt>
      <trkpt lat="36.486966975307" lon="127.134354640789">
        <ele>17.74</ele>
      </trkpt>
      <trkpt lat="36.486878624107" lon="127.134332662682">
        <ele>17.75</ele>
      </trkpt>
      <trkpt lat="36.486790272906" lon="127.134310684575">
        <ele>17.76</ele>
      </trkpt>
      <trkpt lat="36.4867851533793" lon="127.134309411049">
        <ele>17.76</ele>
      </trkpt>
      <trkpt lat="36.486701225351" lon="127.134293594568">
        <ele>17.73</ele>
      </trkpt>
      <trkpt lat="36.4866428255662" lon="127.134282588959">
        <ele>17.79</ele>
      </trkpt>
      <trkpt lat="36.48661199611" lon="127.13427807775">
        <ele>17.82</ele>
      </trkpt>
      <trkpt lat="36.486522502652" lon="127.134264982364">
        <ele>17.85</ele>
      </trkpt>
      <trkpt lat="36.4864961845154" lon="127.134261131287">
        <ele>17.85</ele>
      </trkpt>
      <trkpt lat="36.486432653915" lon="127.134257079063">
        <ele>17.84</ele>
      </trkpt>
      <trkpt lat="36.486342657174" lon="127.134251338728">
        <ele>17.88</ele>
      </trkpt>
      <trkpt lat="36.4863279782625" lon="127.134250402451">
        <ele>17.88</ele>
      </trkpt>
      <trkpt lat="36.486252623591" lon="127.134254219265">
        <ele>17.87</ele>
      </trkpt>
      <trkpt lat="36.486162582828" lon="127.134258779949">
        <ele>17.86</ele>
      </trkpt>
      <trkpt lat="36.486072542065" lon="127.134263340634">
        <ele>17.86</ele>
      </trkpt>
      <trkpt lat="36.485982501303" lon="127.134267901318">
        <ele>17.85</ele>
      </trkpt>
      <trkpt lat="36.48589246054" lon="127.134272462002">
        <ele>17.79</ele>
      </trkpt>
      <trkpt lat="36.485802419777" lon="127.134277022686">
        <ele>17.72</ele>
      </trkpt>
      <trkpt lat="36.485712379014" lon="127.134281583371">
        <ele>17.75</ele>
      </trkpt>
      <trkpt lat="36.485622338252" lon="127.134286144055">
        <ele>17.72</ele>
      </trkpt>
      <trkpt lat="36.485532297489" lon="127.134290704739">
        <ele>17.65</ele>
      </trkpt>
      <trkpt lat="36.485442256726" lon="127.134295265423">
        <ele>17.61</ele>
      </trkpt>
      <trkpt lat="36.485352215963" lon="127.134299826108">
        <ele>17.6</ele>
      </trkpt>
      <trkpt lat="36.485262175201" lon="127.134304386792">
        <ele>17.57</ele>
      </trkpt>
      <trkpt lat="36.485172134438" lon="127.134308947476">
        <ele>17.5</ele>
      </trkpt>
      <trkpt lat="36.485082093675" lon="127.13431350816">
        <ele>17.56</ele>
      </trkpt>
      <trkpt lat="36.484992052913" lon="127.134318068844">
        <ele>17.56</ele>
      </trkpt>
      <trkpt lat="36.48490201215" lon="127.134322629529">
        <ele>17.53</ele>
      </trkpt>
      <trkpt lat="36.4848982103669" lon="127.134322822094">
        <ele>17.53</ele>
      </trkpt>
      <trkpt lat="36.484811964909" lon="127.134326989968">
        <ele>17.46</ele>
      </trkpt>
      <trkpt lat="36.484721917383" lon="127.13433134158">
        <ele>17.49</ele>
      </trkpt>
      <trkpt lat="36.484631869857" lon="127.134335693192">
        <ele>17.48</ele>
      </trkpt>
      <trkpt lat="36.484541822331" lon="127.134340044804">
        <ele>17.47</ele>
      </trkpt>
      <trkpt lat="36.484451774805" lon="127.134344396416">
        <ele>17.49</ele>
      </trkpt>
      <trkpt lat="36.484361727279" lon="127.134348748028">
        <ele>17.54</ele>
      </trkpt>
      <trkpt lat="36.484271679753" lon="127.13435309964">
        <ele>17.54</ele>
      </trkpt>
      <trkpt lat="36.484181632227" lon="127.134357451252">
        <ele>17.55</ele>
      </trkpt>
      <trkpt lat="36.4840915847" lon="127.134361802864">
        <ele>17.54</ele>
      </trkpt>
      <trkpt lat="36.484001537174" lon="127.134366154476">
        <ele>17.67</ele>
      </trkpt>
      <trkpt lat="36.483911489648" lon="127.134370506088">
        <ele>17.74</ele>
      </trkpt>
      <trkpt lat="36.4838436587667" lon="127.134373784065">
        <ele>17.76</ele>
      </trkpt>
      <trkpt lat="36.483821450336" lon="127.134375092691">
        <ele>17.77</ele>
      </trkpt>
      <trkpt lat="36.4837314361" lon="127.134380396756">
        <ele>17.81</ele>
      </trkpt>
      <trkpt lat="36.483641421865" lon="127.134385700822">
        <ele>17.81</ele>
      </trkpt>
      <trkpt lat="36.48355140763" lon="127.134391004887">
        <ele>17.89</ele>
      </trkpt>
      <trkpt lat="36.483461393394" lon="127.134396308952">
        <ele>17.9</ele>
      </trkpt>
      <trkpt lat="36.483371379159" lon="127.134401613018">
        <ele>18.15</ele>
      </trkpt>
      <trkpt lat="36.483281364924" lon="127.134406917083">
        <ele>18.22</ele>
      </trkpt>
      <trkpt lat="36.483191350688" lon="127.134412221148">
        <ele>18.24</ele>
      </trkpt>
      <trkpt lat="36.483101336453" lon="127.134417525214">
        <ele>18.27</ele>
      </trkpt>
      <trkpt lat="36.483011322218" lon="127.134422829279">
        <ele>18.31</ele>
      </trkpt>
      <trkpt lat="36.482921307982" lon="127.134428133344">
        <ele>18.33</ele>
      </trkpt>
      <trkpt lat="36.482831293747" lon="127.13443343741">
        <ele>18.44</ele>
      </trkpt>
      <trkpt lat="36.482741279512" lon="127.134438741475">
        <ele>18.49</ele>
      </trkpt>
      <trkpt lat="36.482651265276" lon="127.13444404554">
        <ele>18.56</ele>
      </trkpt>
      <trkpt lat="36.4825691201907" lon="127.134448885918">
        <ele>18.6</ele>
      </trkpt>
      <trkpt lat="36.482561245434" lon="127.134449168165">
        <ele>18.59</ele>
      </trkpt>
      <trkpt lat="36.482471167059" lon="127.134452396752">
        <ele>18.49</ele>
      </trkpt>
      <trkpt lat="36.482381088684" lon="127.134455625339">
        <ele>18.65</ele>
      </trkpt>
      <trkpt lat="36.48229101031" lon="127.134458853926">
        <ele>18.72</ele>
      </trkpt>
      <trkpt lat="36.482200931935" lon="127.134462082513">
        <ele>18.77</ele>
      </trkpt>
      <trkpt lat="36.48211085356" lon="127.1344653111">
        <ele>18.79</ele>
      </trkpt>
      <trkpt lat="36.482020775185" lon="127.134468539688">
        <ele>18.91</ele>
      </trkpt>
      <trkpt lat="36.48193069681" lon="127.134471768275">
        <ele>18.94</ele>
      </trkpt>
      <trkpt lat="36.481840618436" lon="127.134474996862">
        <ele>18.98</ele>
      </trkpt>
      <trkpt lat="36.4818207772815" lon="127.134475708008">
        <ele>18.99</ele>
      </trkpt>
      <trkpt lat="36.481750845555" lon="127.134467222668">
        <ele>19.03</ele>
      </trkpt>
      <trkpt lat="36.481661158973" lon="127.134456340324">
        <ele>19.08</ele>
      </trkpt>
      <trkpt lat="36.4816439343855" lon="127.134454250336">
        <ele>19.09</ele>
      </trkpt>
      <trkpt lat="36.481572422201" lon="127.134437309353">
        <ele>19.12</ele>
      </trkpt>
      <trkpt lat="36.481483911202" lon="127.134416341412">
        <ele>19.2</ele>
      </trkpt>
      <trkpt lat="36.4814627778296" lon="127.134411334991">
        <ele>19.2</ele>
      </trkpt>
      <trkpt lat="36.481396681383" lon="127.134388597613">
        <ele>19.19</ele>
      </trkpt>
      <trkpt lat="36.481309853413" lon="127.134358728529">
        <ele>19.37</ele>
      </trkpt>
      <trkpt lat="36.4812600545148" lon="127.134341597557">
        <ele>19.36</ele>
      </trkpt>
      <trkpt lat="36.481224799956" lon="127.13432265171">
        <ele>19.35</ele>
      </trkpt>
      <trkpt lat="36.481142132967" lon="127.13427822636">
        <ele>19.23</ele>
      </trkpt>
      <trkpt lat="36.4810853669778" lon="127.134247720242">
        <ele>19.26</ele>
      </trkpt>
      <trkpt lat="36.481060564777" lon="127.134231011761">
        <ele>19.27</ele>
      </trkpt>
      <trkpt lat="36.480981404772" lon="127.134177684096">
        <ele>19.33</ele>
      </trkpt>
      <trkpt lat="36.480902244767" lon="127.134124356431">
        <ele>19.32</ele>
      </trkpt>
      <trkpt lat="36.4808783293868" lon="127.134108245373">
        <ele>19.27</ele>
      </trkpt>
      <trkpt lat="36.480824351118" lon="127.134068281036">
        <ele>19.16</ele>
      </trkpt>
      <trkpt lat="36.480747005673" lon="127.134011016149">
        <ele>19.13</ele>
      </trkpt>
      <trkpt lat="36.480669660228" lon="127.133953751263">
        <ele>19.01</ele>
      </trkpt>
      <trkpt lat="36.480592314783" lon="127.133896486376">
        <ele>18.83</ele>
      </trkpt>
      <trkpt lat="36.480514969339" lon="127.13383922149">
        <ele>18.65</ele>
      </trkpt>
      <trkpt lat="36.480437623894" lon="127.133781956603">
        <ele>18.45</ele>
      </trkpt>
      <trkpt lat="36.480360278449" lon="127.133724691717">
        <ele>18.25</ele>
      </trkpt>
      <trkpt lat="36.480282933004" lon="127.13366742683">
        <ele>18.08</ele>
      </trkpt>
      <trkpt lat="36.48020558756" lon="127.133610161944">
        <ele>17.95</ele>
      </trkpt>
      <trkpt lat="36.4801429101381" lon="127.133563756943">
        <ele>17.8</ele>
      </trkpt>
      <trkpt lat="36.480128163165" lon="127.133553062366">
        <ele>17.76</ele>
      </trkpt>
      <trkpt lat="36.480050401414" lon="127.133496669165">
        <ele>17.72</ele>
      </trkpt>
      <trkpt lat="36.479972639663" lon="127.133440275964">
        <ele>17.59</ele>
      </trkpt>
      <trkpt lat="36.479894877912" lon="127.133383882763">
        <ele>17.52</ele>
      </trkpt>
      <trkpt lat="36.479817116161" lon="127.133327489562">
        <ele>17.5</ele>
      </trkpt>
      <trkpt lat="36.479739354411" lon="127.133271096361">
        <ele>17.43</ele>
      </trkpt>
      <trkpt lat="36.47966159266" lon="127.13321470316">
        <ele>17.43</ele>
      </trkpt>
      <trkpt lat="36.479583830909" lon="127.133158309958">
        <ele>17.38</ele>
      </trkpt>
      <trkpt lat="36.479506069158" lon="127.133101916757">
        <ele>17.41</ele>
      </trkpt>
      <trkpt lat="36.479428307407" lon="127.133045523556">
        <ele>17.41</ele>
      </trkpt>
      <trkpt lat="36.479350545656" lon="127.132989130355">
        <ele>17.43</ele>
      </trkpt>
      <trkpt lat="36.4793255298214" lon="127.13297098875">
        <ele>17.44</ele>
      </trkpt>
      <trkpt lat="36.479272974873" lon="127.132932336766">
        <ele>17.45</ele>
      </trkpt>
      <trkpt lat="36.47919549466" lon="127.132875353284">
        <ele>17.41</ele>
      </trkpt>
      <trkpt lat="36.479118014448" lon="127.132818369802">
        <ele>17.43</ele>
      </trkpt>
      <trkpt lat="36.479040534235" lon="127.13276138632">
        <ele>17.42</ele>
      </trkpt>
      <trkpt lat="36.478963054023" lon="127.132704402839">
        <ele>17.48</ele>
      </trkpt>
      <trkpt lat="36.478885573811" lon="127.132647419357">
        <ele>17.47</ele>
      </trkpt>
      <trkpt lat="36.478808093598" lon="127.132590435875">
        <ele>17.47</ele>
      </trkpt>
      <trkpt lat="36.478730613386" lon="127.132533452393">
        <ele>17.5</ele>
      </trkpt>
      <trkpt lat="36.478653133173" lon="127.132476468911">
        <ele>17.49</ele>
      </trkpt>
      <trkpt lat="36.478575652961" lon="127.13241948543">
        <ele>17.47</ele>
      </trkpt>
      <trkpt lat="36.478498172748" lon="127.132362501948">
        <ele>17.49</ele>
      </trkpt>
      <trkpt lat="36.478420692536" lon="127.132305518466">
        <ele>17.51</ele>
      </trkpt>
      <trkpt lat="36.478343212323" lon="127.132248534984">
        <ele>17.49</ele>
      </trkpt>
      <trkpt lat="36.478265732111" lon="127.132191551503">
        <ele>17.53</ele>
      </trkpt>
      <trkpt lat="36.478188251899" lon="127.132134568021">
        <ele>17.54</ele>
      </trkpt>
      <trkpt lat="36.478110771686" lon="127.132077584539">
        <ele>17.49</ele>
      </trkpt>
      <trkpt lat="36.478033291474" lon="127.132020601057">
        <ele>17.52</ele>
      </trkpt>
      <trkpt lat="36.477955811261" lon="127.131963617575">
        <ele>17.51</ele>
      </trkpt>
      <trkpt lat="36.477878331049" lon="127.131906634094">
        <ele>17.51</ele>
      </trkpt>
      <trkpt lat="36.4778266173925" lon="127.131868600845">
        <ele>17.5</ele>
      </trkpt>
      <trkpt lat="36.477800492602" lon="127.131850418448">
        <ele>17.5</ele>
      </trkpt>
      <trkpt lat="36.477721935178" lon="127.131795743855">
        <ele>17.52</ele>
      </trkpt>
      <trkpt lat="36.477643377753" lon="127.131741069262">
        <ele>17.5</ele>
      </trkpt>
      <trkpt lat="36.477564820328" lon="127.131686394669">
        <ele>17.51</ele>
      </trkpt>
      <trkpt lat="36.477486262904" lon="127.131631720076">
        <ele>17.48</ele>
      </trkpt>
      <trkpt lat="36.477407705479" lon="127.131577045483">
        <ele>17.47</ele>
      </trkpt>
      <trkpt lat="36.477329148054" lon="127.13152237089">
        <ele>17.51</ele>
      </trkpt>
      <trkpt lat="36.47725059063" lon="127.131467696297">
        <ele>17.48</ele>
      </trkpt>
      <trkpt lat="36.477172033205" lon="127.131413021704">
        <ele>17.45</ele>
      </trkpt>
      <trkpt lat="36.477121363673" lon="127.131377756596">
        <ele>17.42</ele>
      </trkpt>
      <trkpt lat="36.477091656274" lon="127.131363058">
        <ele>17.41</ele>
      </trkpt>
      <trkpt lat="36.47700797348" lon="127.131321653514">
        <ele>17.37</ele>
      </trkpt>
      <trkpt lat="36.476924290686" lon="127.131280249028">
        <ele>17.17</ele>
      </trkpt>
      <trkpt lat="36.4769207857548" lon="127.131278514862">
        <ele>17.17</ele>
      </trkpt>
      <trkpt lat="36.476845450462" lon="127.131226281042">
        <ele>17.06</ele>
      </trkpt>
      <trkpt lat="36.47676682193" lon="127.13117176385">
        <ele>17.02</ele>
      </trkpt>
      <trkpt lat="36.476688193397" lon="127.131117246658">
        <ele>17.03</ele>
      </trkpt>
      <trkpt lat="36.4766770721019" lon="127.131109535694">
        <ele>17.03</ele>
      </trkpt>
      <trkpt lat="36.476609297874" lon="127.131063325207">
        <ele>17.01</ele>
      </trkpt>
      <trkpt lat="36.476530358367" lon="127.1310095019">
        <ele>16.97</ele>
      </trkpt>
      <trkpt lat="36.47645141886" lon="127.130955678592">
        <ele>16.96</ele>
      </trkpt>
      <trkpt lat="36.476372479353" lon="127.130901855285">
        <ele>16.92</ele>
      </trkpt>
      <trkpt lat="36.476293539846" lon="127.130848031978">
        <ele>16.88</ele>
      </trkpt>
      <trkpt lat="36.476214600338" lon="127.130794208671">
        <ele>16.94</ele>
      </trkpt>
      <trkpt lat="36.476135660831" lon="127.130740385364">
        <ele>16.83</ele>
      </trkpt>
      <trkpt lat="36.476056721324" lon="127.130686562057">
        <ele>16.82</ele>
      </trkpt>
      <trkpt lat="36.475977781817" lon="127.130632738749">
        <ele>16.76</ele>
      </trkpt>
      <trkpt lat="36.47589884231" lon="127.130578915442">
        <ele>16.74</ele>
      </trkpt>
      <trkpt lat="36.475819902803" lon="127.130525092135">
        <ele>16.71</ele>
      </trkpt>
      <trkpt lat="36.475740963296" lon="127.130471268828">
        <ele>16.72</ele>
      </trkpt>
      <trkpt lat="36.475662023789" lon="127.130417445521">
        <ele>16.71</ele>
      </trkpt>
      <trkpt lat="36.475583084282" lon="127.130363622214">
        <ele>16.67</ele>
      </trkpt>
      <trkpt lat="36.4755598616532" lon="127.130347788334">
        <ele>16.68</ele>
      </trkpt>
      <trkpt lat="36.475501758994" lon="127.130315743951">
        <ele>16.71</ele>
      </trkpt>
      <trkpt lat="36.47541943932" lon="127.130270343566">
        <ele>16.76</ele>
      </trkpt>
      <trkpt lat="36.475337119646" lon="127.13022494318">
        <ele>16.92</ele>
      </trkpt>
      <trkpt lat="36.4753118301218" lon="127.130210995674">
        <ele>16.94</ele>
      </trkpt>
      <trkpt lat="36.475252111148" lon="127.130188457031">
        <ele>16.98</ele>
      </trkpt>
      <trkpt lat="36.475165910314" lon="127.130155923822">
        <ele>17.08</ele>
      </trkpt>
      <trkpt lat="36.47507970948" lon="127.130123390614">
        <ele>17.15</ele>
      </trkpt>
      <trkpt lat="36.474993508647" lon="127.130090857405">
        <ele>17.17</ele>
      </trkpt>
      <trkpt lat="36.474907307813" lon="127.130058324196">
        <ele>17.17</ele>
      </trkpt>
      <trkpt lat="36.4748783122346" lon="127.130047380924">
        <ele>17.17</ele>
      </trkpt>
      <trkpt lat="36.4748206967" lon="127.130027534094">
        <ele>17.16</ele>
      </trkpt>
      <trkpt lat="36.474733877628" lon="127.129997627517">
        <ele>17.19</ele>
      </trkpt>
      <trkpt lat="36.474647058557" lon="127.129967720941">
        <ele>17.23</ele>
      </trkpt>
      <trkpt lat="36.474560239485" lon="127.129937814365">
        <ele>17.27</ele>
      </trkpt>
      <trkpt lat="36.474473420413" lon="127.129907907788">
        <ele>17.4</ele>
      </trkpt>
      <trkpt lat="36.4744189100361" lon="127.129889130592">
        <ele>17.39</ele>
      </trkpt>
      <trkpt lat="36.474386776254" lon="127.129877250233">
        <ele>17.39</ele>
      </trkpt>
      <trkpt lat="36.474300427201" lon="127.129845325646">
        <ele>17.47</ele>
      </trkpt>
      <trkpt lat="36.474214078148" lon="127.12981340106">
        <ele>17.47</ele>
      </trkpt>
      <trkpt lat="36.474127729095" lon="127.129781476473">
        <ele>17.52</ele>
      </trkpt>
      <trkpt lat="36.474041380041" lon="127.129749551886">
        <ele>17.58</ele>
      </trkpt>
      <trkpt lat="36.4740198965272" lon="127.129741609097">
        <ele>17.6</ele>
      </trkpt>
      <trkpt lat="36.47395581772" lon="127.12971457863">
        <ele>17.65</ele>
      </trkpt>
      <trkpt lat="36.473870515965" lon="127.129678595653">
        <ele>17.67</ele>
      </trkpt>
      <trkpt lat="36.47378521421" lon="127.129642612676">
        <ele>17.73</ele>
      </trkpt>
      <trkpt lat="36.473699912455" lon="127.129606629699">
        <ele>17.79</ele>
      </trkpt>
      <trkpt lat="36.4736146107" lon="127.129570646721">
        <ele>17.9</ele>
      </trkpt>
      <trkpt lat="36.4735302933609" lon="127.129535079002">
        <ele>18.02</ele>
      </trkpt>
      <trkpt lat="36.473529298885" lon="127.129534702283">
        <ele>18.02</ele>
      </trkpt>
      <trkpt lat="36.473443125415" lon="127.129502058812">
        <ele>18.08</ele>
      </trkpt>
      <trkpt lat="36.473356951945" lon="127.129469415341">
        <ele>18.16</ele>
      </trkpt>
      <trkpt lat="36.473270778476" lon="127.12943677187">
        <ele>18.26</ele>
      </trkpt>
      <trkpt lat="36.473184605006" lon="127.129404128399">
        <ele>18.38</ele>
      </trkpt>
      <trkpt lat="36.473098431536" lon="127.129371484927">
        <ele>18.47</ele>
      </trkpt>
      <trkpt lat="36.473012258067" lon="127.129338841456">
        <ele>18.57</ele>
      </trkpt>
      <trkpt lat="36.472926084597" lon="127.129306197985">
        <ele>18.64</ele>
      </trkpt>
      <trkpt lat="36.472839911127" lon="127.129273554514">
        <ele>18.75</ele>
      </trkpt>
      <trkpt lat="36.4728293142808" lon="127.12926954031">
        <ele>18.77</ele>
      </trkpt>
      <trkpt lat="36.472755722225" lon="127.129233854669">
        <ele>18.88</ele>
      </trkpt>
      <trkpt lat="36.472671811584" lon="127.129193165427">
        <ele>18.91</ele>
      </trkpt>
      <trkpt lat="36.472587900944" lon="127.129152476186">
        <ele>18.94</ele>
      </trkpt>
      <trkpt lat="36.472503990304" lon="127.129111786944">
        <ele>19.03</ele>
      </trkpt>
      <trkpt lat="36.4724863714367" lon="127.129103243351">
        <ele>19.06</ele>
      </trkpt>
      <trkpt lat="36.472424771043" lon="127.129059048878">
        <ele>19.18</ele>
      </trkpt>
      <trkpt lat="36.472346798646" lon="127.129003108504">
        <ele>19.09</ele>
      </trkpt>
      <trkpt lat="36.4723181347697" lon="127.128982543945">
        <ele>19.13</ele>
      </trkpt>
      <trkpt lat="36.472269240973" lon="127.128946296485">
        <ele>19.21</ele>
      </trkpt>
      <trkpt lat="36.472191924387" lon="127.128888977765">
        <ele>19.4</ele>
      </trkpt>
      <trkpt lat="36.472114607802" lon="127.128831659045">
        <ele>19.45</ele>
      </trkpt>
      <trkpt lat="36.4720938186457" lon="127.128816246986">
        <ele>19.48</ele>
      </trkpt>
      <trkpt lat="36.472038689821" lon="127.128771575496">
        <ele>19.58</ele>
      </trkpt>
      <trkpt lat="36.471963286207" lon="127.128710475123">
        <ele>19.66</ele>
      </trkpt>
      <trkpt lat="36.471887882593" lon="127.128649374749">
        <ele>19.82</ele>
      </trkpt>
      <trkpt lat="36.471812478978" lon="127.128588274376">
        <ele>19.87</ele>
      </trkpt>
      <trkpt lat="36.471737075364" lon="127.128527174002">
        <ele>19.97</ele>
      </trkpt>
      <trkpt lat="36.47166167175" lon="127.128466073629">
        <ele>19.89</ele>
      </trkpt>
      <trkpt lat="36.471586268136" lon="127.128404973256">
        <ele>19.94</ele>
      </trkpt>
      <trkpt lat="36.471510864522" lon="127.128343872882">
        <ele>20.02</ele>
      </trkpt>
      <trkpt lat="36.471435460908" lon="127.128282772509">
        <ele>20.01</ele>
      </trkpt>
      <trkpt lat="36.471360057294" lon="127.128221672135">
        <ele>20.07</ele>
      </trkpt>
      <trkpt lat="36.471284653679" lon="127.128160571762">
        <ele>20.15</ele>
      </trkpt>
      <trkpt lat="36.471209250065" lon="127.128099471388">
        <ele>20.19</ele>
      </trkpt>
      <trkpt lat="36.471133846451" lon="127.128038371015">
        <ele>20.19</ele>
      </trkpt>
      <trkpt lat="36.471090858805" lon="127.128003537655">
        <ele>20.24</ele>
      </trkpt>
      <trkpt lat="36.471058133532" lon="127.127977865643">
        <ele>20.28</ele>
      </trkpt>
      <trkpt lat="36.470982010435" lon="127.127918149318">
        <ele>20.5</ele>
      </trkpt>
      <trkpt lat="36.470905887338" lon="127.127858432993">
        <ele>20.75</ele>
      </trkpt>
      <trkpt lat="36.470829764241" lon="127.127798716667">
        <ele>21.09</ele>
      </trkpt>
      <trkpt lat="36.470753641144" lon="127.127739000342">
        <ele>21.41</ele>
      </trkpt>
      <trkpt lat="36.470677518047" lon="127.127679284017">
        <ele>21.72</ele>
      </trkpt>
      <trkpt lat="36.47060139495" lon="127.127619567692">
        <ele>21.98</ele>
      </trkpt>
      <trkpt lat="36.470525271853" lon="127.127559851366">
        <ele>22.31</ele>
      </trkpt>
      <trkpt lat="36.470449148756" lon="127.127500135041">
        <ele>22.44</ele>
      </trkpt>
      <trkpt lat="36.470373025659" lon="127.127440418716">
        <ele>22.49</ele>
      </trkpt>
      <trkpt lat="36.470296902562" lon="127.127380702391">
        <ele>22.48</ele>
      </trkpt>
      <trkpt lat="36.470220779465" lon="127.127320986066">
        <ele>22.47</ele>
      </trkpt>
      <trkpt lat="36.470167692901" lon="127.127279341221">
        <ele>22.47</ele>
      </trkpt>
      <trkpt lat="36.470144996883" lon="127.127260621245">
        <ele>22.47</ele>
      </trkpt>
      <trkpt lat="36.470069998999" lon="127.127198761998">
        <ele>22.46</ele>
      </trkpt>
      <trkpt lat="36.469995001115" lon="127.127136902752">
        <ele>22.46</ele>
      </trkpt>
      <trkpt lat="36.469920003232" lon="127.127075043505">
        <ele>22.45</ele>
      </trkpt>
      <trkpt lat="36.469845005348" lon="127.127013184259">
        <ele>22.45</ele>
      </trkpt>
      <trkpt lat="36.469770007464" lon="127.126951325012">
        <ele>22.44</ele>
      </trkpt>
      <trkpt lat="36.46969500958" lon="127.126889465766">
        <ele>22.44</ele>
      </trkpt>
      <trkpt lat="36.469620011696" lon="127.126827606519">
        <ele>22.43</ele>
      </trkpt>
      <trkpt lat="36.469545013813" lon="127.126765747273">
        <ele>22.43</ele>
      </trkpt>
      <trkpt lat="36.469470015929" lon="127.126703888026">
        <ele>22.42</ele>
      </trkpt>
      <trkpt lat="36.469395018045" lon="127.12664202878">
        <ele>22.42</ele>
      </trkpt>
      <trkpt lat="36.469320020161" lon="127.126580169533">
        <ele>22.41</ele>
      </trkpt>
      <trkpt lat="36.469245022278" lon="127.126518310287">
        <ele>22.41</ele>
      </trkpt>
      <trkpt lat="36.469170024394" lon="127.12645645104">
        <ele>22.4</ele>
      </trkpt>
      <trkpt lat="36.46909502651" lon="127.126394591794">
        <ele>22.4</ele>
      </trkpt>
      <trkpt lat="36.469020028626" lon="127.126332732547">
        <ele>22.39</ele>
      </trkpt>
      <trkpt lat="36.468945030743" lon="127.126270873301">
        <ele>22.38</ele>
      </trkpt>
      <trkpt lat="36.468870032859" lon="127.126209014054">
        <ele>22.38</ele>
      </trkpt>
      <trkpt lat="36.468795034975" lon="127.126147154808">
        <ele>22.37</ele>
      </trkpt>
      <trkpt lat="36.468720037091" lon="127.126085295561">
        <ele>22.37</ele>
      </trkpt>
      <trkpt lat="36.468645039208" lon="127.126023436315">
        <ele>22.36</ele>
      </trkpt>
      <trkpt lat="36.468570041324" lon="127.125961577068">
        <ele>22.36</ele>
      </trkpt>
      <trkpt lat="36.46849504344" lon="127.125899717822">
        <ele>22.35</ele>
      </trkpt>
      <trkpt lat="36.468420045556" lon="127.125837858575">
        <ele>22.35</ele>
      </trkpt>
      <trkpt lat="36.468345047673" lon="127.125775999329">
        <ele>22.34</ele>
      </trkpt>
      <trkpt lat="36.468270049789" lon="127.125714140082">
        <ele>22.34</ele>
      </trkpt>
      <trkpt lat="36.468195051905" lon="127.125652280836">
        <ele>22.33</ele>
      </trkpt>
      <trkpt lat="36.468120054021" lon="127.125590421589">
        <ele>22.33</ele>
      </trkpt>
      <trkpt lat="36.468045056138" lon="127.125528562343">
        <ele>22.32</ele>
      </trkpt>
      <trkpt lat="36.4680344473897" lon="127.125519812107">
        <ele>22.32</ele>
      </trkpt>
      <trkpt lat="36.467970268998" lon="127.125466314794">
        <ele>22.32</ele>
      </trkpt>
      <trkpt lat="36.467895516581" lon="127.12540400327">
        <ele>22.31</ele>
      </trkpt>
      <trkpt lat="36.467820764163" lon="127.125341691745">
        <ele>22.31</ele>
      </trkpt>
      <trkpt lat="36.467746011746" lon="127.12527938022">
        <ele>22.3</ele>
      </trkpt>
      <trkpt lat="36.467671259329" lon="127.125217068695">
        <ele>22.3</ele>
      </trkpt>
      <trkpt lat="36.467596506912" lon="127.12515475717">
        <ele>22.29</ele>
      </trkpt>
      <trkpt lat="36.467521754494" lon="127.125092445645">
        <ele>22.28</ele>
      </trkpt>
      <trkpt lat="36.467447002077" lon="127.125030134121">
        <ele>22.28</ele>
      </trkpt>
      <trkpt lat="36.46737224966" lon="127.124967822596">
        <ele>22.27</ele>
      </trkpt>
      <trkpt lat="36.467297497242" lon="127.124905511071">
        <ele>22.27</ele>
      </trkpt>
      <trkpt lat="36.467222744825" lon="127.124843199546">
        <ele>22.26</ele>
      </trkpt>
      <trkpt lat="36.467147992408" lon="127.124780888021">
        <ele>22.26</ele>
      </trkpt>
      <trkpt lat="36.46707323999" lon="127.124718576496">
        <ele>22.25</ele>
      </trkpt>
      <trkpt lat="36.466998487573" lon="127.124656264971">
        <ele>22.25</ele>
      </trkpt>
      <trkpt lat="36.466923735156" lon="127.124593953447">
        <ele>22.24</ele>
      </trkpt>
      <trkpt lat="36.466848982738" lon="127.124531641922">
        <ele>22.24</ele>
      </trkpt>
      <trkpt lat="36.466774230321" lon="127.124469330397">
        <ele>22.23</ele>
      </trkpt>
      <trkpt lat="36.466699477904" lon="127.124407018872">
        <ele>22.23</ele>
      </trkpt>
      <trkpt lat="36.466624725486" lon="127.124344707347">
        <ele>22.22</ele>
      </trkpt>
      <trkpt lat="36.466549973069" lon="127.124282395822">
        <ele>22.22</ele>
      </trkpt>
      <trkpt lat="36.466475220652" lon="127.124220084298">
        <ele>22.21</ele>
      </trkpt>
      <trkpt lat="36.466400468234" lon="127.124157772773">
        <ele>22.21</ele>
      </trkpt>
      <trkpt lat="36.466325715817" lon="127.124095461248">
        <ele>22.2</ele>
      </trkpt>
      <trkpt lat="36.4662807850226" lon="127.124058008194">
        <ele>22.24</ele>
      </trkpt>
      <trkpt lat="36.466264080326" lon="127.124018595354">
        <ele>22.27</ele>
      </trkpt>
      <trkpt lat="36.466222207474" lon="127.123919801099">
        <ele>22.07</ele>
      </trkpt>
      <trkpt lat="36.4661966600005" lon="127.123859524727">
        <ele>21.87</ele>
      </trkpt>
      <trkpt lat="36.466182092199" lon="127.123819941268">
        <ele>21.75</ele>
      </trkpt>
      <trkpt lat="36.466144727344" lon="127.123718413927">
        <ele>21.53</ele>
      </trkpt>
      <trkpt lat="36.46610736249" lon="127.123616886586">
        <ele>21.32</ele>
      </trkpt>
      <trkpt lat="36.4660801790499" lon="127.123543024063">
        <ele>21.16</ele>
      </trkpt>
      <trkpt lat="36.466090843217" lon="127.123515639368">
        <ele>21.1</ele>
      </trkpt>
      <trkpt lat="36.466129979728" lon="127.123415140055">
        <ele>20.84</ele>
      </trkpt>
      <trkpt lat="36.46616911624" lon="127.123314640741">
        <ele>20.63</ele>
      </trkpt>
      <trkpt lat="36.466208252752" lon="127.123214141428">
        <ele>20.46</ele>
      </trkpt>
      <trkpt lat="36.466247389264" lon="127.123113642114">
        <ele>20.35</ele>
      </trkpt>
      <trkpt lat="36.466286525776" lon="127.123013142801">
        <ele>20.24</ele>
      </trkpt>
      <trkpt lat="36.466325662288" lon="127.122912643487">
        <ele>20.13</ele>
      </trkpt>
      <trkpt lat="36.466364798799" lon="127.122812144174">
        <ele>19.96</ele>
      </trkpt>
      <trkpt lat="36.466403935311" lon="127.12271164486">
        <ele>19.89</ele>
      </trkpt>
      <trkpt lat="36.466443071823" lon="127.122611145546">
        <ele>19.8</ele>
      </trkpt>
      <trkpt lat="36.466482208335" lon="127.122510646233">
        <ele>19.68</ele>
      </trkpt>
      <trkpt lat="36.466521344847" lon="127.122410146919">
        <ele>19.62</ele>
      </trkpt>
      <trkpt lat="36.466560481359" lon="127.122309647606">
        <ele>19.54</ele>
      </trkpt>
      <trkpt lat="36.466599617871" lon="127.122209148292">
        <ele>19.47</ele>
      </trkpt>
      <trkpt lat="36.466638754382" lon="127.122108648979">
        <ele>19.5</ele>
      </trkpt>
      <trkpt lat="36.4666431686897" lon="127.122097313404">
        <ele>19.49</ele>
      </trkpt>
      <trkpt lat="36.466679305076" lon="127.12200901442">
        <ele>19.45</ele>
      </trkpt>
      <trkpt lat="36.466720035558" lon="127.121909489799">
        <ele>19.47</ele>
      </trkpt>
      <trkpt lat="36.46676076604" lon="127.121809965178">
        <ele>19.42</ele>
      </trkpt>
      <trkpt lat="36.466801496522" lon="127.121710440558">
        <ele>19.37</ele>
      </trkpt>
      <trkpt lat="36.466842227003" lon="127.121610915937">
        <ele>19.32</ele>
      </trkpt>
      <trkpt lat="36.466882957485" lon="127.121511391316">
        <ele>19.29</ele>
      </trkpt>
      <trkpt lat="36.466923687967" lon="127.121411866696">
        <ele>19.29</ele>
      </trkpt>
      <trkpt lat="36.466964418449" lon="127.121312342075">
        <ele>19.29</ele>
      </trkpt>
      <trkpt lat="36.467005148931" lon="127.121212817454">
        <ele>19.29</ele>
      </trkpt>
      <trkpt lat="36.467045879412" lon="127.121113292833">
        <ele>19.29</ele>
      </trkpt>
      <trkpt lat="36.467086609894" lon="127.121013768213">
        <ele>19.29</ele>
      </trkpt>
      <trkpt lat="36.467127340376" lon="127.120914243592">
        <ele>19.29</ele>
      </trkpt>
      <trkpt lat="36.467168070858" lon="127.120814718971">
        <ele>19.29</ele>
      </trkpt>
      <trkpt lat="36.46720880134" lon="127.12071519435">
        <ele>19.29</ele>
      </trkpt>
      <trkpt lat="36.467249531821" lon="127.12061566973">
        <ele>19.29</ele>
      </trkpt>
      <trkpt lat="36.467290262303" lon="127.120516145109">
        <ele>19.29</ele>
      </trkpt>
      <trkpt lat="36.467330992785" lon="127.120416620488">
        <ele>19.29</ele>
      </trkpt>
      <trkpt lat="36.467371723267" lon="127.120317095867">
        <ele>19.29</ele>
      </trkpt>
      <trkpt lat="36.467412453749" lon="127.120217571247">
        <ele>19.29</ele>
      </trkpt>
      <trkpt lat="36.4674455836386" lon="127.120136618614">
        <ele>19.28</ele>
      </trkpt>
      <trkpt lat="36.467454680224" lon="127.120119107638">
        <ele>19.28</ele>
      </trkpt>
      <trkpt lat="36.46750342752" lon="127.120025268829">
        <ele>19.69</ele>
      </trkpt>
      <trkpt lat="36.467552174815" lon="127.11993143002">
        <ele>20.12</ele>
      </trkpt>
      <trkpt lat="36.467600922111" lon="127.119837591211">
        <ele>20.76</ele>
      </trkpt>
      <trkpt lat="36.467649669407" lon="127.119743752401">
        <ele>21.45</ele>
      </trkpt>
      <trkpt lat="36.4676699132141" lon="127.119704782963">
        <ele>21.76</ele>
      </trkpt>
      <trkpt lat="36.467713825247" lon="127.119668723763">
        <ele>22.2</ele>
      </trkpt>
      <trkpt lat="36.4677842347672" lon="127.119610905647">
        <ele>22.86</ele>
      </trkpt>
      <trkpt lat="36.46778958925" lon="127.119608761472">
        <ele>22.9</ele>
      </trkpt>
      <trkpt lat="36.467875332233" lon="127.119574426143">
        <ele>23.6</ele>
      </trkpt>
      <trkpt lat="36.4679114981848" lon="127.119559943676">
        <ele>23.93</ele>
      </trkpt>
      <trkpt lat="36.467963324913" lon="127.119566610497">
        <ele>24.39</ele>
      </trkpt>
      <trkpt lat="36.4680366043915" lon="127.11957603693">
        <ele>24.78</ele>
      </trkpt>
      <trkpt lat="36.468051838933" lon="127.119583695144">
        <ele>24.87</ele>
      </trkpt>
      <trkpt lat="36.468135335458" lon="127.119625667808">
        <ele>25.36</ele>
      </trkpt>
      <trkpt lat="36.468137983411" lon="127.119626998901">
        <ele>25.38</ele>
      </trkpt>
      <trkpt lat="36.468206747918" lon="127.119693505205">
        <ele>25.84</ele>
      </trkpt>
      <trkpt lat="36.4682350483054" lon="127.119720876217">
        <ele>26.04</ele>
      </trkpt>
      <trkpt lat="36.468268396053" lon="127.119773783277">
        <ele>26.33</ele>
      </trkpt>
      <trkpt lat="36.468297601173" lon="127.11982011795">
        <ele>26.58</ele>
      </trkpt>
      <trkpt lat="36.468314338303" lon="127.119868680505">
        <ele>26.81</ele>
      </trkpt>
      <trkpt lat="36.468349706579" lon="127.119971301075">
        <ele>27.3</ele>
      </trkpt>
      <trkpt lat="36.4683623109828" lon="127.120007872581">
        <ele>27.47</ele>
      </trkpt>
      <trkpt lat="36.468389798695" lon="127.120071107139">
        <ele>27.78</ele>
      </trkpt>
      <trkpt lat="36.46843250641" lon="127.120169354806">
        <ele>28.27</ele>
      </trkpt>
      <trkpt lat="36.4684485906453" lon="127.120206356049">
        <ele>28.45</ele>
      </trkpt>
      <trkpt lat="36.468482578305" lon="127.120261735879">
        <ele>28.75</ele>
      </trkpt>
      <trkpt lat="36.468537099174" lon="127.120350572725">
        <ele>29.23</ele>
      </trkpt>
      <trkpt lat="36.4685736959853" lon="127.120410203934">
        <ele>29.56</ele>
      </trkpt>
      <trkpt lat="36.468592719643" lon="127.12043832321">
        <ele>29.72</ele>
      </trkpt>
      <trkpt lat="36.468650585243" lon="127.120523855594">
        <ele>30.2</ele>
      </trkpt>
      <trkpt lat="36.4686880162056" lon="127.120579183102">
        <ele>30.11</ele>
      </trkpt>
      <trkpt lat="36.46870928921" lon="127.120608487368">
        <ele>30.06</ele>
      </trkpt>
      <trkpt lat="36.468769528846" lon="127.120691469457">
        <ele>29.92</ele>
      </trkpt>
      <trkpt lat="36.468829768482" lon="127.120774451545">
        <ele>29.77</ele>
      </trkpt>
      <trkpt lat="36.468890008119" lon="127.120857433634">
        <ele>29.63</ele>
      </trkpt>
      <trkpt lat="36.468950247755" lon="127.120940415722">
        <ele>29.49</ele>
      </trkpt>
      <trkpt lat="36.469010487391" lon="127.121023397811">
        <ele>29.34</ele>
      </trkpt>
      <trkpt lat="36.4690482316465" lon="127.121075391769">
        <ele>29.25</ele>
      </trkpt>
      <trkpt lat="36.469071492957" lon="127.121105500752">
        <ele>29.2</ele>
      </trkpt>
      <trkpt lat="36.469133783652" lon="127.121186128602">
        <ele>29.06</ele>
      </trkpt>
      <trkpt lat="36.469196074347" lon="127.121266756453">
        <ele>28.91</ele>
      </trkpt>
      <trkpt lat="36.469258365042" lon="127.121347384303">
        <ele>28.77</ele>
      </trkpt>
      <trkpt lat="36.469320655737" lon="127.121428012153">
        <ele>28.63</ele>
      </trkpt>
      <trkpt lat="36.469382946432" lon="127.121508640003">
        <ele>28.48</ele>
      </trkpt>
      <trkpt lat="36.469445237127" lon="127.121589267853">
        <ele>28.34</ele>
      </trkpt>
      <trkpt lat="36.469507527822" lon="127.121669895704">
        <ele>28.2</ele>
      </trkpt>
      <trkpt lat="36.4695227644028" lon="127.121689617634">
        <ele>28.16</ele>
      </trkpt>
      <trkpt lat="36.46956933629" lon="127.121751089586">
        <ele>28.05</ele>
      </trkpt>
      <trkpt lat="36.469630988608" lon="127.121832466755">
        <ele>27.91</ele>
      </trkpt>
      <trkpt lat="36.469692640927" lon="127.121913843923">
        <ele>27.77</ele>
      </trkpt>
      <trkpt lat="36.469754293245" lon="127.121995221092">
        <ele>27.62</ele>
      </trkpt>
      <trkpt lat="36.469815945563" lon="127.122076598261">
        <ele>27.48</ele>
      </trkpt>
      <trkpt lat="36.469877597882" lon="127.12215797543">
        <ele>27.34</ele>
      </trkpt>
      <trkpt lat="36.4699392502" lon="127.122239352599">
        <ele>27.19</ele>
      </trkpt>
      <trkpt lat="36.470000902518" lon="127.122320729767">
        <ele>27.05</ele>
      </trkpt>
      <trkpt lat="36.470062554837" lon="127.122402106936">
        <ele>26.91</ele>
      </trkpt>
      <trkpt lat="36.470124207155" lon="127.122483484105">
        <ele>26.76</ele>
      </trkpt>
      <trkpt lat="36.470185859473" lon="127.122564861274">
        <ele>26.62</ele>
      </trkpt>
      <trkpt lat="36.470247511791" lon="127.122646238443">
        <ele>26.48</ele>
      </trkpt>
      <trkpt lat="36.4702949524056" lon="127.122708857059">
        <ele>26.36</ele>
      </trkpt>
      <trkpt lat="36.470308523494" lon="127.122689384752">
        <ele>26.33</ele>
      </trkpt>
      <trkpt lat="36.4703229926074" lon="127.122668623924">
        <ele>26.37</ele>
      </trkpt>
      <trkpt lat="36.470279356899" lon="127.122604103075">
        <ele>26.48</ele>
      </trkpt>
      <trkpt lat="36.470221502465" lon="127.122518558065">
        <ele>26.62</ele>
      </trkpt>
      <trkpt lat="36.470163648031" lon="127.122433013055">
        <ele>26.76</ele>
      </trkpt>
      <trkpt lat="36.470105793597" lon="127.122347468044">
        <ele>26.91</ele>
      </trkpt>
      <trkpt lat="36.470047939163" lon="127.122261923034">
        <ele>27.05</ele>
      </trkpt>
      <trkpt lat="36.46999008473" lon="127.122176378023">
        <ele>27.19</ele>
      </trkpt>
      <trkpt lat="36.469932230296" lon="127.122090833013">
        <ele>27.34</ele>
      </trkpt>
      <trkpt lat="36.469874375862" lon="127.122005288002">
        <ele>27.48</ele>
      </trkpt>
      <trkpt lat="36.469816521428" lon="127.121919742992">
        <ele>27.62</ele>
      </trkpt>
      <trkpt lat="36.469758666994" lon="127.121834197982">
        <ele>27.77</ele>
      </trkpt>
      <trkpt lat="36.469700812561" lon="127.121748652971">
        <ele>27.91</ele>
      </trkpt>
      <trkpt lat="36.469642958127" lon="127.121663107961">
        <ele>28.05</ele>
      </trkpt>
      <trkpt lat="36.469585103693" lon="127.12157756295">
        <ele>28.2</ele>
      </trkpt>
      <trkpt lat="36.469527249259" lon="127.12149201794">
        <ele>28.34</ele>
      </trkpt>
      <trkpt lat="36.469469394825" lon="127.121406472929">
        <ele>28.48</ele>
      </trkpt>
      <trkpt lat="36.469411540392" lon="127.121320927919">
        <ele>28.63</ele>
      </trkpt>
      <trkpt lat="36.469353685958" lon="127.121235382909">
        <ele>28.77</ele>
      </trkpt>
      <trkpt lat="36.469295831524" lon="127.121149837898">
        <ele>28.91</ele>
      </trkpt>
      <trkpt lat="36.46923797709" lon="127.121064292888">
        <ele>29.06</ele>
      </trkpt>
      <trkpt lat="36.469180122656" lon="127.120978747877">
        <ele>29.2</ele>
      </trkpt>
      <trkpt lat="36.469122268222" lon="127.120893202867">
        <ele>29.34</ele>
      </trkpt>
      <trkpt lat="36.469064413789" lon="127.120807657856">
        <ele>29.49</ele>
      </trkpt>
      <trkpt lat="36.469006559355" lon="127.120722112846">
        <ele>29.63</ele>
      </trkpt>
      <trkpt lat="36.468948704921" lon="127.120636567836">
        <ele>29.77</ele>
      </trkpt>
      <trkpt lat="36.468890850487" lon="127.120551022825">
        <ele>29.92</ele>
      </trkpt>
      <trkpt lat="36.4688627316884" lon="127.120509445667">
        <ele>29.99</ele>
      </trkpt>
      <trkpt lat="36.468840181623" lon="127.120459355296">
        <ele>30.06</ele>
      </trkpt>
      <trkpt lat="36.468796307623" lon="127.120361898151">
        <ele>30.2</ele>
      </trkpt>
      <trkpt lat="36.468752433623" lon="127.120264441007">
        <ele>30.35</ele>
      </trkpt>
      <trkpt lat="36.468708559623" lon="127.120166983862">
        <ele>30.49</ele>
      </trkpt>
      <trkpt lat="36.468664685623" lon="127.120069526718">
        <ele>30.63</ele>
      </trkpt>
      <trkpt lat="36.468620811623" lon="127.119972069573">
        <ele>30.78</ele>
      </trkpt>
      <trkpt lat="36.4686103647536" lon="127.119948863983">
        <ele>30.81</ele>
      </trkpt>
      <trkpt lat="36.468587041807" lon="127.119868912459">
        <ele>30.92</ele>
      </trkpt>
      <trkpt lat="36.468556429817" lon="127.119763973953">
        <ele>31.06</ele>
      </trkpt>
      <trkpt lat="36.468525817827" lon="127.119659035447">
        <ele>31.21</ele>
      </trkpt>
      <trkpt lat="36.468495205838" lon="127.119554096941">
        <ele>31.35</ele>
      </trkpt>
      <trkpt lat="36.468464593848" lon="127.119449158435">
        <ele>31.49</ele>
      </trkpt>
      <trkpt lat="36.4684507476356" lon="127.119401693344">
        <ele>31.56</ele>
      </trkpt>
      <trkpt lat="36.468446859651" lon="127.119340776222">
        <ele>31.64</ele>
      </trkpt>
      <trkpt lat="36.46843976073" lon="127.119229549985">
        <ele>31.78</ele>
      </trkpt>
      <trkpt lat="36.468432661809" lon="127.119118323748">
        <ele>31.92</ele>
      </trkpt>
      <trkpt lat="36.468425562887" lon="127.119007097511">
        <ele>32.07</ele>
      </trkpt>
      <trkpt lat="36.468418463966" lon="127.118895871274">
        <ele>32.21</ele>
      </trkpt>
      <trkpt lat="36.4684183927743" lon="127.11889475584">
        <ele>32.21</ele>
      </trkpt>
      <trkpt lat="36.468426186859" lon="127.118784724128">
        <ele>32.35</ele>
      </trkpt>
      <trkpt lat="36.468434059899" lon="127.118673577782">
        <ele>32.5</ele>
      </trkpt>
      <trkpt lat="36.468441932939" lon="127.118562431436">
        <ele>32.64</ele>
      </trkpt>
      <trkpt lat="36.468449805979" lon="127.11845128509">
        <ele>32.78</ele>
      </trkpt>
      <trkpt lat="36.4684550616161" lon="127.1183770895">
        <ele>32.88</ele>
      </trkpt>
      <trkpt lat="36.468464498549" lon="127.118341885104">
        <ele>32.93</ele>
      </trkpt>
      <trkpt lat="36.468492884455" lon="127.118235991736">
        <ele>33.07</ele>
      </trkpt>
      <trkpt lat="36.468521270361" lon="127.118130098368">
        <ele>33.09</ele>
      </trkpt>
      <trkpt lat="36.468549656267" lon="127.118024205">
        <ele>33.17</ele>
      </trkpt>
      <trkpt lat="36.4685629110501" lon="127.117974758148">
        <ele>33.15</ele>
      </trkpt>
      <trkpt lat="36.468583642795" lon="127.117921108099">
        <ele>33.12</ele>
      </trkpt>
      <trkpt lat="36.468622535438" lon="127.117820460888">
        <ele>32.95</ele>
      </trkpt>
      <trkpt lat="36.4686427195347" lon="127.117768228054">
        <ele>32.86</ele>
      </trkpt>
      <trkpt lat="36.468664226335" lon="127.117721629161">
        <ele>32.78</ele>
      </trkpt>
      <trkpt lat="36.468708936184" lon="127.117624756103">
        <ele>32.61</ele>
      </trkpt>
      <trkpt lat="36.468753646033" lon="127.117527883045">
        <ele>32.43</ele>
      </trkpt>
      <trkpt lat="36.4687850804113" lon="127.117459774017">
        <ele>32.31</ele>
      </trkpt>
      <trkpt lat="36.468800513091" lon="127.117432710379">
        <ele>32.26</ele>
      </trkpt>
      <trkpt lat="36.468852488104" lon="127.117341563991">
        <ele>32.09</ele>
      </trkpt>
      <trkpt lat="36.468904463117" lon="127.117250417604">
        <ele>31.92</ele>
      </trkpt>
      <trkpt lat="36.4689533247466" lon="127.117164731026">
        <ele>31.75</ele>
      </trkpt>
      <trkpt lat="36.468957043518" lon="127.117159886507">
        <ele>31.74</ele>
      </trkpt>
      <trkpt lat="36.469019124911" lon="127.117079011825">
        <ele>31.58</ele>
      </trkpt>
      <trkpt lat="36.469081206304" lon="127.116998137143">
        <ele>31.41</ele>
      </trkpt>
      <trkpt lat="36.4691345105455" lon="127.116928696632">
        <ele>31.26</ele>
      </trkpt>
      <trkpt lat="36.469144057028" lon="127.116918250034">
        <ele>31.24</ele>
      </trkpt>
      <trkpt lat="36.469211579952" lon="127.116844360525">
        <ele>31.06</ele>
      </trkpt>
      <trkpt lat="36.469279102877" lon="127.116770471017">
        <ele>30.89</ele>
      </trkpt>
      <trkpt lat="36.469346625802" lon="127.116696581508">
        <ele>30.72</ele>
      </trkpt>
      <trkpt lat="36.469350207373" lon="127.116692662239">
        <ele>30.71</ele>
      </trkpt>
      <trkpt lat="36.469425895056" lon="127.116643860016">
        <ele>30.55</ele>
      </trkpt>
      <trkpt lat="36.469505822262" lon="127.116592324217">
        <ele>30.36</ele>
      </trkpt>
      <trkpt lat="36.4695831592725" lon="127.116542458534">
        <ele>30.27</ele>
      </trkpt>
      <trkpt lat="36.46958548222" lon="127.116540267165">
        <ele>30.26</ele>
      </trkpt>
      <trkpt lat="36.469657162804" lon="127.116472646772">
        <ele>30.07</ele>
      </trkpt>
      <trkpt lat="36.469728843388" lon="127.11640502638">
        <ele>29.85</ele>
      </trkpt>
      <trkpt lat="36.469800523972" lon="127.116337405987">
        <ele>29.79</ele>
      </trkpt>
      <trkpt lat="36.4698333660885" lon="127.116306424141">
        <ele>29.68</ele>
      </trkpt>
      <trkpt lat="36.469871716711" lon="127.116269006001">
        <ele>29.55</ele>
      </trkpt>
      <trkpt lat="36.469942496926" lon="127.116199946783">
        <ele>29.27</ele>
      </trkpt>
      <trkpt lat="36.470013277141" lon="127.116130887566">
        <ele>29.1</ele>
      </trkpt>
      <trkpt lat="36.470084057356" lon="127.116061828348">
        <ele>28.84</ele>
      </trkpt>
      <trkpt lat="36.4701137693191" lon="127.116032838821">
        <ele>28.71</ele>
      </trkpt>
      <trkpt lat="36.470149881961" lon="127.115986020935">
        <ele>28.54</ele>
      </trkpt>
      <trkpt lat="36.470212121295" lon="127.115905331354">
        <ele>28.23</ele>
      </trkpt>
      <trkpt lat="36.470274360628" lon="127.115824641772">
        <ele>27.91</ele>
      </trkpt>
      <trkpt lat="36.4703165217925" lon="127.115769982338">
        <ele>27.74</ele>
      </trkpt>
      <trkpt lat="36.470336560134" lon="127.115743905122">
        <ele>27.66</ele>
      </trkpt>
      <trkpt lat="36.470398676008" lon="127.115663069635">
        <ele>27.31</ele>
      </trkpt>
      <trkpt lat="36.470460791882" lon="127.115582234148">
        <ele>26.93</ele>
      </trkpt>
      <trkpt lat="36.4705020182716" lon="127.115528583527">
        <ele>26.7</ele>
      </trkpt>
      <trkpt lat="36.470519173273" lon="127.115497651016">
        <ele>26.58</ele>
      </trkpt>
      <trkpt lat="36.470570184484" lon="127.115405671729">
        <ele>26.2</ele>
      </trkpt>
      <trkpt lat="36.470621195695" lon="127.115313692443">
        <ele>25.82</ele>
      </trkpt>
      <trkpt lat="36.470672206906" lon="127.115221713156">
        <ele>25.44</ele>
      </trkpt>
      <trkpt lat="36.4706745727374" lon="127.115217447281">
        <ele>25.42</ele>
      </trkpt>
      <trkpt lat="36.470720435035" lon="127.115127464571">
        <ele>25.09</ele>
      </trkpt>
      <trkpt lat="36.47076852781" lon="127.11503310562">
        <ele>24.72</ele>
      </trkpt>
      <trkpt lat="36.470816620585" lon="127.11493874667">
        <ele>24.35</ele>
      </trkpt>
      <trkpt lat="36.470864713361" lon="127.114844387719">
        <ele>23.92</ele>
      </trkpt>
      <trkpt lat="36.4708686960523" lon="127.114836573601">
        <ele>23.89</ele>
      </trkpt>
      <trkpt lat="36.470908142294" lon="127.114746643208">
        <ele>23.57</ele>
      </trkpt>
      <trkpt lat="36.47095115013" lon="127.114648593016">
        <ele>23.15</ele>
      </trkpt>
      <trkpt lat="36.470994157966" lon="127.114550542824">
        <ele>22.86</ele>
      </trkpt>
      <trkpt lat="36.471037165802" lon="127.114452492632">
        <ele>22.48</ele>
      </trkpt>
      <trkpt lat="36.471080173638" lon="127.11435444244">
        <ele>22.11</ele>
      </trkpt>
      <trkpt lat="36.471123181474" lon="127.114256392248">
        <ele>21.74</ele>
      </trkpt>
      <trkpt lat="36.47116618931" lon="127.114158342056">
        <ele>21.56</ele>
      </trkpt>
      <trkpt lat="36.471209197146" lon="127.114060291864">
        <ele>21.36</ele>
      </trkpt>
      <trkpt lat="36.471252204982" lon="127.113962241672">
        <ele>21.15</ele>
      </trkpt>
      <trkpt lat="36.471295212818" lon="127.11386419148">
        <ele>21.06</ele>
      </trkpt>
      <trkpt lat="36.471338220654" lon="127.113766141288">
        <ele>20.92</ele>
      </trkpt>
      <trkpt lat="36.47138122849" lon="127.113668091096">
        <ele>20.92</ele>
      </trkpt>
      <trkpt lat="36.4713863558486" lon="127.113656401634">
        <ele>20.92</ele>
      </trkpt>
      <trkpt lat="36.471419082247" lon="127.113566868843">
        <ele>20.89</ele>
      </trkpt>
      <trkpt lat="36.471456238366" lon="127.113465217231">
        <ele>20.89</ele>
      </trkpt>
      <trkpt lat="36.471493394486" lon="127.113363565619">
        <ele>20.96</ele>
      </trkpt>
      <trkpt lat="36.4715157702574" lon="127.113302350044">
        <ele>21.01</ele>
      </trkpt>
      <trkpt lat="36.471528264963" lon="127.113260748982">
        <ele>21.04</ele>
      </trkpt>
      <trkpt lat="36.471559675238" lon="127.11315616863">
        <ele>21.03</ele>
      </trkpt>
      <trkpt lat="36.471591085513" lon="127.113051588277">
        <ele>21.03</ele>
      </trkpt>
      <trkpt lat="36.471622495787" lon="127.112947007924">
        <ele>21.06</ele>
      </trkpt>
      <trkpt lat="36.4716494982529" lon="127.112857103348">
        <ele>21.17</ele>
      </trkpt>
      <trkpt lat="36.471652245529" lon="127.112841819591">
        <ele>21.19</ele>
      </trkpt>
      <trkpt lat="36.471671822758" lon="127.11273290674">
        <ele>21.19</ele>
      </trkpt>
      <trkpt lat="36.471691399987" lon="127.112623993889">
        <ele>21.22</ele>
      </trkpt>
      <trkpt lat="36.471710977216" lon="127.112515081038">
        <ele>21.28</ele>
      </trkpt>
      <trkpt lat="36.471730554445" lon="127.112406168187">
        <ele>21.25</ele>
      </trkpt>
      <trkpt lat="36.4717314604587" lon="127.112401127815">
        <ele>21.25</ele>
      </trkpt>
      <trkpt lat="36.471742770938" lon="127.112295639301">
        <ele>21.26</ele>
      </trkpt>
      <trkpt lat="36.471754630254" lon="127.112185031997">
        <ele>21.29</ele>
      </trkpt>
      <trkpt lat="36.4717659708352" lon="127.112079262733">
        <ele>21.19</ele>
      </trkpt>
      <trkpt lat="36.471765970835" lon="127.112074382245">
        <ele>21.19</ele>
      </trkpt>
      <trkpt lat="36.471765970835" lon="127.111962804511">
        <ele>21.22</ele>
      </trkpt>
      <trkpt lat="36.471765970835" lon="127.111851226777">
        <ele>21.27</ele>
      </trkpt>
      <trkpt lat="36.471765970835" lon="127.111739649043">
        <ele>21.34</ele>
      </trkpt>
      <trkpt lat="36.471765970835" lon="127.111628071309">
        <ele>21.38</ele>
      </trkpt>
      <trkpt lat="36.4717659708352" lon="127.111575007439">
        <ele>21.41</ele>
      </trkpt>
      <trkpt lat="36.471757552408" lon="127.11151742945">
        <ele>21.45</ele>
      </trkpt>
      <trkpt lat="36.471741499648" lon="127.111407636298">
        <ele>21.5</ele>
      </trkpt>
      <trkpt lat="36.471725446888" lon="127.111297843146">
        <ele>21.5</ele>
      </trkpt>
      <trkpt lat="36.4717142052647" lon="127.111220955849">
        <ele>21.56</ele>
      </trkpt>
      <trkpt lat="36.471707506418" lon="127.111188560096">
        <ele>21.58</ele>
      </trkpt>
      <trkpt lat="36.471685155152" lon="127.111080468944">
        <ele>21.57</ele>
      </trkpt>
      <trkpt lat="36.471662803887" lon="127.110972377792">
        <ele>21.55</ele>
      </trkpt>
      <trkpt lat="36.471640452621" lon="127.11086428664">
        <ele>21.67</ele>
      </trkpt>
      <trkpt lat="36.4716365568441" lon="127.110845446587">
        <ele>21.66</ele>
      </trkpt>
      <trkpt lat="36.47160442155" lon="127.110762351583">
        <ele>21.61</ele>
      </trkpt>
      <trkpt lat="36.471565502804" lon="127.110661716019">
        <ele>21.59</ele>
      </trkpt>
      <trkpt lat="36.471526584057" lon="127.110561080455">
        <ele>21.62</ele>
      </trkpt>
      <trkpt lat="36.4715006719209" lon="127.110494077206">
        <ele>21.65</ele>
      </trkpt>
      <trkpt lat="36.47148516868" lon="127.110462108303">
        <ele>21.66</ele>
      </trkpt>
      <trkpt lat="36.471438779444" lon="127.110366450048">
        <ele>21.54</ele>
      </trkpt>
      <trkpt lat="36.471392390209" lon="127.110270791792">
        <ele>21.76</ele>
      </trkpt>
      <trkpt lat="36.471346000973" lon="127.110175133537">
        <ele>21.78</ele>
      </trkpt>
      <trkpt lat="36.4713302762043" lon="127.110142707825">
        <ele>21.79</ele>
      </trkpt>
      <trkpt lat="36.471294784291" lon="127.110083473139">
        <ele>21.82</ele>
      </trkpt>
      <trkpt lat="36.47124109209" lon="127.109993862848">
        <ele>21.79</ele>
      </trkpt>
      <trkpt lat="36.471187399888" lon="127.109904252556">
        <ele>21.77</ele>
      </trkpt>
      <trkpt lat="36.4711663508576" lon="127.109869122505">
        <ele>21.74</ele>
      </trkpt>
      <trkpt lat="36.471130237303" lon="127.109818109854">
        <ele>21.69</ele>
      </trkpt>
      <trkpt lat="36.471070836938" lon="127.109734203129">
        <ele>21.75</ele>
      </trkpt>
      <trkpt lat="36.471011436573" lon="127.109650296404">
        <ele>21.72</ele>
      </trkpt>
      <trkpt lat="36.470952036208" lon="127.10956638968">
        <ele>21.87</ele>
      </trkpt>
      <trkpt lat="36.4709441883213" lon="127.10955530405">
        <ele>21.86</ele>
      </trkpt>
      <trkpt lat="36.470888281261" lon="127.109487587453">
        <ele>21.78</ele>
      </trkpt>
      <trkpt lat="36.470823863411" lon="127.109409562289">
        <ele>21.64</ele>
      </trkpt>
      <trkpt lat="36.4707781052325" lon="127.109354138374">
        <ele>21.69</ele>
      </trkpt>
      <trkpt lat="36.470757534109" lon="127.109334242164">
        <ele>21.71</ele>
      </trkpt>
      <trkpt lat="36.470686517449" lon="127.109265555474">
        <ele>21.52</ele>
      </trkpt>
      <trkpt lat="36.470615500788" lon="127.109196868784">
        <ele>21.46</ele>
      </trkpt>
      <trkpt lat="36.4705451569241" lon="127.109128832817">
        <ele>21.37</ele>
      </trkpt>
      <trkpt lat="36.470544461514" lon="127.109128219622">
        <ele>21.37</ele>
      </trkpt>
      <trkpt lat="36.470471057895" lon="127.109063494201">
        <ele>21.26</ele>
      </trkpt>
      <trkpt lat="36.470397654275" lon="127.10899876878">
        <ele>21.12</ele>
      </trkpt>
      <trkpt lat="36.470324250656" lon="127.108934043359">
        <ele>20.98</ele>
      </trkpt>
      <trkpt lat="36.4703078940384" lon="127.108919620514">
        <ele>20.96</ele>
      </trkpt>
      <trkpt lat="36.470251301688" lon="127.108868536951">
        <ele>20.88</ele>
      </trkpt>
      <trkpt lat="36.470178483079" lon="127.108802806618">
        <ele>20.72</ele>
      </trkpt>
      <trkpt lat="36.470105664469" lon="127.108737076285">
        <ele>20.67</ele>
      </trkpt>
      <trkpt lat="36.47003284586" lon="127.108671345952">
        <ele>20.51</ele>
      </trkpt>
      <trkpt lat="36.46996002725" lon="127.108605615619">
        <ele>20.35</ele>
      </trkpt>
      <trkpt lat="36.46988720864" lon="127.108539885285">
        <ele>20.25</ele>
      </trkpt>
      <trkpt lat="36.4698829759647" lon="127.108536064625">
        <ele>20.24</ele>
      </trkpt>
      <trkpt lat="36.46981374978" lon="127.108475257615">
        <ele>20.14</ele>
      </trkpt>
      <trkpt lat="36.469740251407" lon="127.108410697994">
        <ele>20.07</ele>
      </trkpt>
      <trkpt lat="36.469666753034" lon="127.108346138374">
        <ele>19.99</ele>
      </trkpt>
      <trkpt lat="36.469593254661" lon="127.108281578753">
        <ele>19.88</ele>
      </trkpt>
      <trkpt lat="36.469519756288" lon="127.108217019132">
        <ele>19.8</ele>
      </trkpt>
      <trkpt lat="36.469446257915" lon="127.108152459511">
        <ele>19.76</ele>
      </trkpt>
      <trkpt lat="36.469372759542" lon="127.10808789989">
        <ele>19.65</ele>
      </trkpt>
      <trkpt lat="36.469299261169" lon="127.108023340269">
        <ele>19.62</ele>
      </trkpt>
      <trkpt lat="36.469225762797" lon="127.107958780648">
        <ele>19.64</ele>
      </trkpt>
      <trkpt lat="36.469152264424" lon="127.107894221027">
        <ele>19.62</ele>
      </trkpt>
      <trkpt lat="36.4691043129418" lon="127.107852101326">
        <ele>19.61</ele>
      </trkpt>
      <trkpt lat="36.469079123622" lon="127.107829050365">
        <ele>19.6</ele>
      </trkpt>
      <trkpt lat="36.469006653981" lon="127.107762732778">
        <ele>19.59</ele>
      </trkpt>
      <trkpt lat="36.468934184339" lon="127.107696415192">
        <ele>19.58</ele>
      </trkpt>
      <trkpt lat="36.468861714698" lon="127.107630097605">
        <ele>19.63</ele>
      </trkpt>
      <trkpt lat="36.468789245057" lon="127.107563780019">
        <ele>19.67</ele>
      </trkpt>
      <trkpt lat="36.468716775416" lon="127.107497462432">
        <ele>19.7</ele>
      </trkpt>
      <trkpt lat="36.468644305774" lon="127.107431144846">
        <ele>19.77</ele>
      </trkpt>
      <trkpt lat="36.468571836133" lon="127.107364827259">
        <ele>19.82</ele>
      </trkpt>
      <trkpt lat="36.468499366492" lon="127.107298509673">
        <ele>19.91</ele>
      </trkpt>
      <trkpt lat="36.468426896851" lon="127.107232192086">
        <ele>19.98</ele>
      </trkpt>
      <trkpt lat="36.468354427209" lon="127.1071658745">
        <ele>20.04</ele>
      </trkpt>
      <trkpt lat="36.468281957568" lon="127.107099556913">
        <ele>20.14</ele>
      </trkpt>
      <trkpt lat="36.468209487927" lon="127.107033239327">
        <ele>20.2</ele>
      </trkpt>
      <trkpt lat="36.468137018286" lon="127.10696692174">
        <ele>20.27</ele>
      </trkpt>
      <trkpt lat="36.468064548644" lon="127.106900604154">
        <ele>20.35</ele>
      </trkpt>
      <trkpt lat="36.467992079003" lon="127.106834286567">
        <ele>20.42</ele>
      </trkpt>
      <trkpt lat="36.467919609362" lon="127.106767968981">
        <ele>20.53</ele>
      </trkpt>
      <trkpt lat="36.4678791430984" lon="127.106730937958">
        <ele>20.54</ele>
      </trkpt>
      <trkpt lat="36.467847757609" lon="127.106700644168">
        <ele>20.55</ele>
      </trkpt>
      <trkpt lat="36.467776687139" lon="127.106632045782">
        <ele>20.69</ele>
      </trkpt>
      <trkpt lat="36.467705616668" lon="127.106563447395">
        <ele>20.78</ele>
      </trkpt>
      <trkpt lat="36.467634546197" lon="127.106494849009">
        <ele>20.83</ele>
      </trkpt>
      <trkpt lat="36.467563475727" lon="127.106426250623">
        <ele>20.89</ele>
      </trkpt>
      <trkpt lat="36.467492405256" lon="127.106357652236">
        <ele>20.96</ele>
      </trkpt>
      <trkpt lat="36.467421334786" lon="127.10628905385">
        <ele>21.05</ele>
      </trkpt>
      <trkpt lat="36.467350264315" lon="127.106220455463">
        <ele>21.13</ele>
      </trkpt>
      <trkpt lat="36.467279193844" lon="127.106151857077">
        <ele>21.17</ele>
      </trkpt>
      <trkpt lat="36.467208123374" lon="127.106083258691">
        <ele>21.27</ele>
      </trkpt>
      <trkpt lat="36.467137052903" lon="127.106014660304">
        <ele>21.33</ele>
      </trkpt>
      <trkpt lat="36.467065982432" lon="127.105946061918">
        <ele>21.4</ele>
      </trkpt>
      <trkpt lat="36.466994911962" lon="127.105877463532">
        <ele>21.53</ele>
      </trkpt>
      <trkpt lat="36.466923841491" lon="127.105808865145">
        <ele>21.58</ele>
      </trkpt>
      <trkpt lat="36.466852771021" lon="127.105740266759">
        <ele>21.64</ele>
      </trkpt>
      <trkpt lat="36.46678170055" lon="127.105671668372">
        <ele>21.71</ele>
      </trkpt>
      <trkpt lat="36.466710630079" lon="127.105603069986">
        <ele>21.78</ele>
      </trkpt>
      <trkpt lat="36.4666453257302" lon="127.105540037155">
        <ele>21.88</ele>
      </trkpt>
      <trkpt lat="36.466639626225" lon="127.10553436746">
        <ele>21.88</ele>
      </trkpt>
      <trkpt lat="36.466569376838" lon="127.105464485499">
        <ele>21.94</ele>
      </trkpt>
      <trkpt lat="36.466499127451" lon="127.105394603538">
        <ele>22</ele>
      </trkpt>
      <trkpt lat="36.466428878064" lon="127.105324721576">
        <ele>22.1</ele>
      </trkpt>
      <trkpt lat="36.466358628677" lon="127.105254839615">
        <ele>22.13</ele>
      </trkpt>
      <trkpt lat="36.46628837929" lon="127.105184957654">
        <ele>22.18</ele>
      </trkpt>
      <trkpt lat="36.466218129903" lon="127.105115075692">
        <ele>22.25</ele>
      </trkpt>
      <trkpt lat="36.466147880516" lon="127.105045193731">
        <ele>22.33</ele>
      </trkpt>
      <trkpt lat="36.466077631129" lon="127.10497531177">
        <ele>22.43</ele>
      </trkpt>
      <trkpt lat="36.4660197814511" lon="127.104917764664">
        <ele>22.5</ele>
      </trkpt>
      <trkpt lat="36.466006854528" lon="127.104906289498">
        <ele>22.51</ele>
      </trkpt>
      <trkpt lat="36.465933618261" lon="127.104841278023">
        <ele>22.57</ele>
      </trkpt>
      <trkpt lat="36.465860381994" lon="127.104776266549">
        <ele>22.61</ele>
      </trkpt>
      <trkpt lat="36.465787145727" lon="127.104711255074">
        <ele>22.65</ele>
      </trkpt>
      <trkpt lat="36.46571390946" lon="127.1046462436">
        <ele>22.7</ele>
      </trkpt>
      <trkpt lat="36.465640673193" lon="127.104581232125">
        <ele>22.67</ele>
      </trkpt>
      <trkpt lat="36.465567436926" lon="127.104516220651">
        <ele>22.64</ele>
      </trkpt>
      <trkpt lat="36.465494200659" lon="127.104451209176">
        <ele>22.64</ele>
      </trkpt>
      <trkpt lat="36.465420964392" lon="127.104386197702">
        <ele>22.64</ele>
      </trkpt>
      <trkpt lat="36.465347728125" lon="127.104321186227">
        <ele>22.65</ele>
      </trkpt>
      <trkpt lat="36.465274491858" lon="127.104256174753">
        <ele>22.6</ele>
      </trkpt>
      <trkpt lat="36.4652281371451" lon="127.104215025902">
        <ele>22.59</ele>
      </trkpt>
      <trkpt lat="36.465200348593" lon="127.104192813025">
        <ele>22.58</ele>
      </trkpt>
      <trkpt lat="36.465124641298" lon="127.104132296131">
        <ele>22.51</ele>
      </trkpt>
      <trkpt lat="36.465048934002" lon="127.104071779236">
        <ele>22.52</ele>
      </trkpt>
      <trkpt lat="36.464973226707" lon="127.104011262342">
        <ele>22.5</ele>
      </trkpt>
      <trkpt lat="36.464897519411" lon="127.103950745447">
        <ele>22.46</ele>
      </trkpt>
      <trkpt lat="36.464821812116" lon="127.103890228553">
        <ele>22.5</ele>
      </trkpt>
      <trkpt lat="36.46474610482" lon="127.103829711658">
        <ele>22.39</ele>
      </trkpt>
      <trkpt lat="36.464670397524" lon="127.103769194764">
        <ele>22.4</ele>
      </trkpt>
      <trkpt lat="36.464594690229" lon="127.103708677869">
        <ele>22.35</ele>
      </trkpt>
      <trkpt lat="36.4645335542844" lon="127.103659808636">
        <ele>22.35</ele>
      </trkpt>
      <trkpt lat="36.464518372013" lon="127.103649425699">
        <ele>22.35</ele>
      </trkpt>
      <trkpt lat="36.464439490605" lon="127.103595479837">
        <ele>22.3</ele>
      </trkpt>
      <trkpt lat="36.464360609197" lon="127.103541533976">
        <ele>22.24</ele>
      </trkpt>
      <trkpt lat="36.464281727789" lon="127.103487588114">
        <ele>22.19</ele>
      </trkpt>
      <trkpt lat="36.464202846381" lon="127.103433642252">
        <ele>22.15</ele>
      </trkpt>
      <trkpt lat="36.464123964974" lon="127.103379696391">
        <ele>22.1</ele>
      </trkpt>
      <trkpt lat="36.464045083566" lon="127.103325750529">
        <ele>22.05</ele>
      </trkpt>
      <trkpt lat="36.463966202158" lon="127.103271804668">
        <ele>22.01</ele>
      </trkpt>
      <trkpt lat="36.4639295641301" lon="127.103246748447">
        <ele>21.97</ele>
      </trkpt>
      <trkpt lat="36.463887397191" lon="127.103217688385">
        <ele>21.93</ele>
      </trkpt>
      <trkpt lat="36.463808658522" lon="127.103163424294">
        <ele>21.89</ele>
      </trkpt>
      <trkpt lat="36.463729919854" lon="127.103109160203">
        <ele>21.91</ele>
      </trkpt>
      <trkpt lat="36.463651181185" lon="127.103054896113">
        <ele>21.92</ele>
      </trkpt>
      <trkpt lat="36.463572442516" lon="127.103000632022">
        <ele>21.91</ele>
      </trkpt>
      <trkpt lat="36.463493703848" lon="127.102946367931">
        <ele>21.92</ele>
      </trkpt>
      <trkpt lat="36.463414965179" lon="127.102892103841">
        <ele>21.9</ele>
      </trkpt>
      <trkpt lat="36.463336226511" lon="127.10283783975">
        <ele>21.95</ele>
      </trkpt>
      <trkpt lat="36.463257487842" lon="127.102783575659">
        <ele>21.99</ele>
      </trkpt>
      <trkpt lat="36.463193984052" lon="127.102739810944">
        <ele>21.99</ele>
      </trkpt>
      <trkpt lat="36.463178622414" lon="127.102729598756">
        <ele>21.99</ele>
      </trkpt>
      <trkpt lat="36.463099228615" lon="127.102676818943">
        <ele>22.02</ele>
      </trkpt>
      <trkpt lat="36.463019834816" lon="127.10262403913">
        <ele>22.07</ele>
      </trkpt>
      <trkpt lat="36.462940441017" lon="127.102571259318">
        <ele>22.05</ele>
      </trkpt>
      <trkpt lat="36.462861047217" lon="127.102518479505">
        <ele>22.11</ele>
      </trkpt>
      <trkpt lat="36.462781653418" lon="127.102465699692">
        <ele>22.17</ele>
      </trkpt>
      <trkpt lat="36.462702259619" lon="127.102412919879">
        <ele>22.18</ele>
      </trkpt>
      <trkpt lat="36.46262286582" lon="127.102360140066">
        <ele>22.22</ele>
      </trkpt>
      <trkpt lat="36.462543472021" lon="127.102307360253">
        <ele>22.28</ele>
      </trkpt>
      <trkpt lat="36.462464078221" lon="127.10225458044">
        <ele>22.32</ele>
      </trkpt>
      <trkpt lat="36.462384684422" lon="127.102201800627">
        <ele>22.34</ele>
      </trkpt>
      <trkpt lat="36.462305290623" lon="127.102149020814">
        <ele>22.4</ele>
      </trkpt>
      <trkpt lat="36.462225896824" lon="127.102096241001">
        <ele>22.41</ele>
      </trkpt>
      <trkpt lat="36.462146503025" lon="127.102043461188">
        <ele>22.43</ele>
      </trkpt>
      <trkpt lat="36.462067109225" lon="127.101990681375">
        <ele>22.5</ele>
      </trkpt>
      <trkpt lat="36.461987715426" lon="127.101937901562">
        <ele>22.54</ele>
      </trkpt>
      <trkpt lat="36.461908321627" lon="127.101885121749">
        <ele>22.53</ele>
      </trkpt>
      <trkpt lat="36.461828927828" lon="127.101832341936">
        <ele>22.63</ele>
      </trkpt>
      <trkpt lat="36.461749534029" lon="127.101779562123">
        <ele>22.7</ele>
      </trkpt>
      <trkpt lat="36.461670140229" lon="127.10172678231">
        <ele>22.78</ele>
      </trkpt>
      <trkpt lat="36.46159074643" lon="127.101674002497">
        <ele>22.83</ele>
      </trkpt>
      <trkpt lat="36.461511352631" lon="127.101621222684">
        <ele>22.93</ele>
      </trkpt>
      <trkpt lat="36.461431958832" lon="127.101568442871">
        <ele>23</ele>
      </trkpt>
      <trkpt lat="36.461352565033" lon="127.101515663058">
        <ele>22.99</ele>
      </trkpt>
      <trkpt lat="36.461273171233" lon="127.101462883245">
        <ele>22.89</ele>
      </trkpt>
      <trkpt lat="36.461193777434" lon="127.101410103432">
        <ele>22.83</ele>
      </trkpt>
      <trkpt lat="36.461114383635" lon="127.101357323619">
        <ele>22.79</ele>
      </trkpt>
      <trkpt lat="36.461034989836" lon="127.101304543806">
        <ele>22.77</ele>
      </trkpt>
      <trkpt lat="36.4610152455149" lon="127.101291418076">
        <ele>22.76</ele>
      </trkpt>
      <trkpt lat="36.460956080762" lon="127.101250666907">
        <ele>22.74</ele>
      </trkpt>
      <trkpt lat="36.460877332136" lon="127.101196426866">
        <ele>22.68</ele>
      </trkpt>
      <trkpt lat="36.46079858351" lon="127.101142186825">
        <ele>22.68</ele>
      </trkpt>
      <trkpt lat="36.460719834884" lon="127.101087946785">
        <ele>22.62</ele>
      </trkpt>
      <trkpt lat="36.460641086258" lon="127.101033706744">
        <ele>22.58</ele>
      </trkpt>
      <trkpt lat="36.460562337632" lon="127.100979466703">
        <ele>22.59</ele>
      </trkpt>
      <trkpt lat="36.460483589006" lon="127.100925226663">
        <ele>22.53</ele>
      </trkpt>
      <trkpt lat="36.4604155423811" lon="127.100878357887">
        <ele>22.5</ele>
      </trkpt>
      <trkpt lat="36.460404357289" lon="127.10087218293">
        <ele>22.5</ele>
      </trkpt>
      <trkpt lat="36.460322053936" lon="127.100826745696">
        <ele>22.41</ele>
      </trkpt>
      <trkpt lat="36.460239750583" lon="127.100781308461">
        <ele>22.39</ele>
      </trkpt>
      <trkpt lat="36.460157447229" lon="127.100735871226">
        <ele>22.32</ele>
      </trkpt>
      <trkpt lat="36.460075143876" lon="127.100690433991">
        <ele>22.22</ele>
      </trkpt>
      <trkpt lat="36.459992840523" lon="127.100644996757">
        <ele>22.17</ele>
      </trkpt>
      <trkpt lat="36.45991053717" lon="127.100599559522">
        <ele>22.1</ele>
      </trkpt>
      <trkpt lat="36.459828233816" lon="127.100554122287">
        <ele>22.04</ele>
      </trkpt>
      <trkpt lat="36.459745930463" lon="127.100508685052">
        <ele>22.01</ele>
      </trkpt>
      <trkpt lat="36.45966362711" lon="127.100463247818">
        <ele>21.92</ele>
      </trkpt>
      <trkpt lat="36.459581323757" lon="127.100417810583">
        <ele>21.87</ele>
      </trkpt>
      <trkpt lat="36.459499020403" lon="127.100372373348">
        <ele>21.79</ele>
      </trkpt>
      <trkpt lat="36.45941671705" lon="127.100326936114">
        <ele>21.8</ele>
      </trkpt>
      <trkpt lat="36.459334413697" lon="127.100281498879">
        <ele>21.75</ele>
      </trkpt>
      <trkpt lat="36.4592980975506" lon="127.100261449814">
        <ele>21.75</ele>
      </trkpt>
      <trkpt lat="36.459252030445" lon="127.100236285025">
        <ele>21.74</ele>
      </trkpt>
      <trkpt lat="36.459169584097" lon="127.100191247575">
        <ele>21.76</ele>
      </trkpt>
      <trkpt lat="36.459087137749" lon="127.100146210124">
        <ele>21.72</ele>
      </trkpt>
      <trkpt lat="36.4590046914" lon="127.100101172674">
        <ele>21.75</ele>
      </trkpt>
      <trkpt lat="36.458922245052" lon="127.100056135224">
        <ele>21.78</ele>
      </trkpt>
      <trkpt lat="36.458839798704" lon="127.100011097774">
        <ele>21.78</ele>
      </trkpt>
      <trkpt lat="36.458757352356" lon="127.099966060324">
        <ele>21.76</ele>
      </trkpt>
      <trkpt lat="36.458674906008" lon="127.099921022874">
        <ele>21.73</ele>
      </trkpt>
      <trkpt lat="36.45859245966" lon="127.099875985424">
        <ele>21.73</ele>
      </trkpt>
      <trkpt lat="36.458510013311" lon="127.099830947973">
        <ele>21.73</ele>
      </trkpt>
      <trkpt lat="36.458427566963" lon="127.099785910523">
        <ele>21.78</ele>
      </trkpt>
      <trkpt lat="36.458345120615" lon="127.099740873073">
        <ele>21.79</ele>
      </trkpt>
      <trkpt lat="36.458262674267" lon="127.099695835623">
        <ele>21.84</ele>
      </trkpt>
      <trkpt lat="36.458180227919" lon="127.099650798173">
        <ele>21.85</ele>
      </trkpt>
      <trkpt lat="36.45809778157" lon="127.099605760723">
        <ele>21.91</ele>
      </trkpt>
      <trkpt lat="36.458015335222" lon="127.099560723272">
        <ele>21.92</ele>
      </trkpt>
      <trkpt lat="36.457932888874" lon="127.099515685822">
        <ele>21.91</ele>
      </trkpt>
      <trkpt lat="36.457850442526" lon="127.099470648372">
        <ele>21.92</ele>
      </trkpt>
      <trkpt lat="36.457767996178" lon="127.099425610922">
        <ele>21.96</ele>
      </trkpt>
      <trkpt lat="36.4576974052808" lon="127.099387049675">
        <ele>21.99</ele>
      </trkpt>
      <trkpt lat="36.457685482764" lon="127.099380765076">
        <ele>21.99</ele>
      </trkpt>
      <trkpt lat="36.457602570026" lon="127.099337060096">
        <ele>21.99</ele>
      </trkpt>
      <trkpt lat="36.457519657287" lon="127.099293355116">
        <ele>21.97</ele>
      </trkpt>
      <trkpt lat="36.457436744548" lon="127.099249650135">
        <ele>22</ele>
      </trkpt>
      <trkpt lat="36.457353831809" lon="127.099205945155">
        <ele>21.96</ele>
      </trkpt>
      <trkpt lat="36.45727091907" lon="127.099162240175">
        <ele>22.01</ele>
      </trkpt>
      <trkpt lat="36.457188006332" lon="127.099118535195">
        <ele>21.97</ele>
      </trkpt>
      <trkpt lat="36.457105093593" lon="127.099074830215">
        <ele>21.98</ele>
      </trkpt>
      <trkpt lat="36.457022180854" lon="127.099031125235">
        <ele>21.99</ele>
      </trkpt>
      <trkpt lat="36.456939268115" lon="127.098987420255">
        <ele>21.94</ele>
      </trkpt>
      <trkpt lat="36.456856355377" lon="127.098943715275">
        <ele>21.93</ele>
      </trkpt>
      <trkpt lat="36.456773442638" lon="127.098900010295">
        <ele>21.9</ele>
      </trkpt>
      <trkpt lat="36.4567611359972" lon="127.098893523216">
        <ele>21.9</ele>
      </trkpt>
      <trkpt lat="36.456690255311" lon="127.098857114333">
        <ele>21.92</ele>
      </trkpt>
      <trkpt lat="36.456607020124" lon="127.098814359383">
        <ele>21.92</ele>
      </trkpt>
      <trkpt lat="36.456523784937" lon="127.098771604433">
        <ele>21.86</ele>
      </trkpt>
      <trkpt lat="36.456440549751" lon="127.098728849482">
        <ele>21.87</ele>
      </trkpt>
      <trkpt lat="36.456357314564" lon="127.098686094532">
        <ele>21.82</ele>
      </trkpt>
      <trkpt lat="36.456274079377" lon="127.098643339582">
        <ele>21.81</ele>
      </trkpt>
      <trkpt lat="36.45619084419" lon="127.098600584632">
        <ele>21.75</ele>
      </trkpt>
      <trkpt lat="36.456107609003" lon="127.098557829682">
        <ele>21.77</ele>
      </trkpt>
      <trkpt lat="36.456024373816" lon="127.098515074732">
        <ele>21.8</ele>
      </trkpt>
      <trkpt lat="36.455941138629" lon="127.098472319781">
        <ele>21.83</ele>
      </trkpt>
      <trkpt lat="36.455857903442" lon="127.098429564831">
        <ele>21.8</ele>
      </trkpt>
      <trkpt lat="36.4558421141409" lon="127.09842145443">
        <ele>21.8</ele>
      </trkpt>
      <trkpt lat="36.455775743824" lon="127.098383761152">
        <ele>21.78</ele>
      </trkpt>
      <trkpt lat="36.455693836001" lon="127.098337243755">
        <ele>21.93</ele>
      </trkpt>
      <trkpt lat="36.4556673693163" lon="127.098322212696">
        <ele>21.94</ele>
      </trkpt>
      <trkpt lat="36.45561410289" lon="127.098285420701">
        <ele>21.96</ele>
      </trkpt>
      <trkpt lat="36.45553540795" lon="127.098231064814">
        <ele>21.9</ele>
      </trkpt>
      <trkpt lat="36.4554732079383" lon="127.098188102245">
        <ele>21.95</ele>
      </trkpt>
      <trkpt lat="36.455457609696" lon="127.098174914946">
        <ele>21.96</ele>
      </trkpt>
      <trkpt lat="36.455383192714" lon="127.098112000229">
        <ele>22.06</ele>
      </trkpt>
      <trkpt lat="36.4553114064186" lon="127.098051309586">
        <ele>22.04</ele>
      </trkpt>
      <trkpt lat="36.455308861878" lon="127.098048936896">
        <ele>22.05</ele>
      </trkpt>
      <trkpt lat="36.45523688181" lon="127.097981818153">
        <ele>22.2</ele>
      </trkpt>
      <trkpt lat="36.455164901742" lon="127.097914699409">
        <ele>22.18</ele>
      </trkpt>
      <trkpt lat="36.4551215588718" lon="127.097874283791">
        <ele>22.21</ele>
      </trkpt>
      <trkpt lat="36.455095930249" lon="127.097843247836">
        <ele>22.23</ele>
      </trkpt>
      <trkpt lat="36.455031512284" lon="127.097765238453">
        <ele>22.22</ele>
      </trkpt>
      <trkpt lat="36.45496709432" lon="127.09768722907">
        <ele>22.25</ele>
      </trkpt>
      <trkpt lat="36.4549554418872" lon="127.097673118114">
        <ele>22.27</ele>
      </trkpt>
      <trkpt lat="36.454906002887" lon="127.097605265551">
        <ele>22.36</ele>
      </trkpt>
      <trkpt lat="36.454845646066" lon="127.097522428825">
        <ele>22.37</ele>
      </trkpt>
      <trkpt lat="36.4547893245467" lon="127.097445130348">
        <ele>22.49</ele>
      </trkpt>
      <trkpt lat="36.454785679417" lon="127.097439191993">
        <ele>22.49</ele>
      </trkpt>
      <trkpt lat="36.454731158475" lon="127.09735037082">
        <ele>22.53</ele>
      </trkpt>
      <trkpt lat="36.454676637534" lon="127.097261549647">
        <ele>22.59</ele>
      </trkpt>
      <trkpt lat="36.4546641969644" lon="127.097241282463">
        <ele>22.61</ele>
      </trkpt>
      <trkpt lat="36.454627702127" lon="127.097167987462">
        <ele>22.66</ele>
      </trkpt>
      <trkpt lat="36.454580418017" lon="127.097073023653">
        <ele>22.73</ele>
      </trkpt>
      <trkpt lat="36.4545800593387" lon="127.097072303295">
        <ele>22.73</ele>
      </trkpt>
      <trkpt lat="36.454540056346" lon="127.096973290079">
        <ele>22.67</ele>
      </trkpt>
      <trkpt lat="36.454499747586" lon="127.096873520046">
        <ele>22.79</ele>
      </trkpt>
      <trkpt lat="36.454459438827" lon="127.096773750013">
        <ele>22.89</ele>
      </trkpt>
      <trkpt lat="36.454419130068" lon="127.096673979981">
        <ele>22.91</ele>
      </trkpt>
      <trkpt lat="36.454378821308" lon="127.096574209948">
        <ele>23.01</ele>
      </trkpt>
      <trkpt lat="36.454338512549" lon="127.096474439916">
        <ele>23.05</ele>
      </trkpt>
      <trkpt lat="36.454298203789" lon="127.096374669883">
        <ele>23.1</ele>
      </trkpt>
      <trkpt lat="36.45425789503" lon="127.09627489985">
        <ele>23.18</ele>
      </trkpt>
      <trkpt lat="36.454217586271" lon="127.096175129818">
        <ele>23.25</ele>
      </trkpt>
      <trkpt lat="36.454177277511" lon="127.096075359785">
        <ele>23.32</ele>
      </trkpt>
      <trkpt lat="36.454136968752" lon="127.095975589752">
        <ele>23.39</ele>
      </trkpt>
      <trkpt lat="36.454096659992" lon="127.09587581972">
        <ele>23.43</ele>
      </trkpt>
      <trkpt lat="36.454056351233" lon="127.095776049687">
        <ele>23.45</ele>
      </trkpt>
      <trkpt lat="36.454016042474" lon="127.095676279655">
        <ele>23.53</ele>
      </trkpt>
      <trkpt lat="36.453975733714" lon="127.095576509622">
        <ele>23.6</ele>
      </trkpt>
      <trkpt lat="36.453935424955" lon="127.095476739589">
        <ele>23.65</ele>
      </trkpt>
      <trkpt lat="36.453895116195" lon="127.095376969557">
        <ele>23.75</ele>
      </trkpt>
      <trkpt lat="36.453854807436" lon="127.095277199524">
        <ele>23.8</ele>
      </trkpt>
      <trkpt lat="36.453814498677" lon="127.095177429492">
        <ele>23.88</ele>
      </trkpt>
      <trkpt lat="36.453774189917" lon="127.095077659459">
        <ele>23.95</ele>
      </trkpt>
      <trkpt lat="36.453733881158" lon="127.094977889426">
        <ele>24.03</ele>
      </trkpt>
      <trkpt lat="36.453693572398" lon="127.094878119394">
        <ele>24.19</ele>
      </trkpt>
      <trkpt lat="36.453653263639" lon="127.094778349361">
        <ele>24.15</ele>
      </trkpt>
      <trkpt lat="36.45361295488" lon="127.094678579329">
        <ele>24.19</ele>
      </trkpt>
      <trkpt lat="36.45357264612" lon="127.094578809296">
        <ele>24.26</ele>
      </trkpt>
      <trkpt lat="36.453532337361" lon="127.094479039263">
        <ele>24.35</ele>
      </trkpt>
      <trkpt lat="36.453492028601" lon="127.094379269231">
        <ele>24.41</ele>
      </trkpt>
      <trkpt lat="36.453451719842" lon="127.094279499198">
        <ele>24.48</ele>
      </trkpt>
      <trkpt lat="36.453411411083" lon="127.094179729165">
        <ele>24.54</ele>
      </trkpt>
      <trkpt lat="36.453371102323" lon="127.094079959133">
        <ele>24.6</ele>
      </trkpt>
      <trkpt lat="36.453330793564" lon="127.0939801891">
        <ele>24.67</ele>
      </trkpt>
      <trkpt lat="36.453290484804" lon="127.093880419068">
        <ele>24.73</ele>
      </trkpt>
      <trkpt lat="36.453250176045" lon="127.093780649035">
        <ele>24.79</ele>
      </trkpt>
      <trkpt lat="36.453209867286" lon="127.093680879002">
        <ele>24.86</ele>
      </trkpt>
      <trkpt lat="36.453169558526" lon="127.09358110897">
        <ele>24.92</ele>
      </trkpt>
      <trkpt lat="36.453129249767" lon="127.093481338937">
        <ele>24.98</ele>
      </trkpt>
      <trkpt lat="36.453088941007" lon="127.093381568905">
        <ele>25.05</ele>
      </trkpt>
      <trkpt lat="36.453048632248" lon="127.093281798872">
        <ele>25.11</ele>
      </trkpt>
      <trkpt lat="36.453008323489" lon="127.093182028839">
        <ele>25.17</ele>
      </trkpt>
      <trkpt lat="36.452968014729" lon="127.093082258807">
        <ele>25.24</ele>
      </trkpt>
      <trkpt lat="36.45292770597" lon="127.092982488774">
        <ele>25.3</ele>
      </trkpt>
      <trkpt lat="36.45288739721" lon="127.092882718741">
        <ele>25.36</ele>
      </trkpt>
      <trkpt lat="36.452847088451" lon="127.092782948709">
        <ele>25.43</ele>
      </trkpt>
      <trkpt lat="36.452806779692" lon="127.092683178676">
        <ele>25.49</ele>
      </trkpt>
      <trkpt lat="36.452766470932" lon="127.092583408644">
        <ele>25.55</ele>
      </trkpt>
      <trkpt lat="36.452726162173" lon="127.092483638611">
        <ele>25.62</ele>
      </trkpt>
      <trkpt lat="36.452685853413" lon="127.092383868578">
        <ele>25.68</ele>
      </trkpt>
      <trkpt lat="36.452645544654" lon="127.092284098546">
        <ele>25.74</ele>
      </trkpt>
      <trkpt lat="36.452605235895" lon="127.092184328513">
        <ele>25.81</ele>
      </trkpt>
      <trkpt lat="36.452564927135" lon="127.092084558481">
        <ele>25.87</ele>
      </trkpt>
      <trkpt lat="36.452524618376" lon="127.091984788448">
        <ele>25.93</ele>
      </trkpt>
      <trkpt lat="36.452484309616" lon="127.091885018415">
        <ele>26</ele>
      </trkpt>
      <trkpt lat="36.452444000857" lon="127.091785248383">
        <ele>26.06</ele>
      </trkpt>
      <trkpt lat="36.452403692098" lon="127.09168547835">
        <ele>26.12</ele>
      </trkpt>
      <trkpt lat="36.452363383338" lon="127.091585708317">
        <ele>26.19</ele>
      </trkpt>
      <trkpt lat="36.452323074579" lon="127.091485938285">
        <ele>26.25</ele>
      </trkpt>
      <trkpt lat="36.452282765819" lon="127.091386168252">
        <ele>26.31</ele>
      </trkpt>
      <trkpt lat="36.45224245706" lon="127.09128639822">
        <ele>26.38</ele>
      </trkpt>
      <trkpt lat="36.4522198538776" lon="127.091230452061">
        <ele>26.41</ele>
      </trkpt>
      <trkpt lat="36.452199482804" lon="127.091188440664">
        <ele>26.44</ele>
      </trkpt>
      <trkpt lat="36.452153105737" lon="127.091092796942">
        <ele>26.5</ele>
      </trkpt>
      <trkpt lat="36.452106728671" lon="127.09099715322">
        <ele>26.57</ele>
      </trkpt>
      <trkpt lat="36.452060351604" lon="127.090901509498">
        <ele>26.63</ele>
      </trkpt>
      <trkpt lat="36.4520364711046" lon="127.09085226059">
        <ele>26.66</ele>
      </trkpt>
      <trkpt lat="36.452011335354" lon="127.090807990393">
        <ele>26.69</ele>
      </trkpt>
      <trkpt lat="36.451959517562" lon="127.090716726606">
        <ele>26.76</ele>
      </trkpt>
      <trkpt lat="36.451907699771" lon="127.090625462819">
        <ele>26.82</ele>
      </trkpt>
      <trkpt lat="36.45185588198" lon="127.090534199032">
        <ele>26.88</ele>
      </trkpt>
      <trkpt lat="36.4518293559219" lon="127.090487480164">
        <ele>26.92</ele>
      </trkpt>
      <trkpt lat="36.451799414021" lon="127.090447596727">
        <ele>26.95</ele>
      </trkpt>
      <trkpt lat="36.451738068948" lon="127.090365883401">
        <ele>27.01</ele>
      </trkpt>
      <trkpt lat="36.451676723876" lon="127.090284170075">
        <ele>27.07</ele>
      </trkpt>
      <trkpt lat="36.451615378804" lon="127.090202456748">
        <ele>27.13</ele>
      </trkpt>
      <trkpt lat="36.451554033731" lon="127.090120743422">
        <ele>27.2</ele>
      </trkpt>
      <trkpt lat="36.451492688659" lon="127.090039030096">
        <ele>27.26</ele>
      </trkpt>
      <trkpt lat="36.451431343587" lon="127.08995731677">
        <ele>27.32</ele>
      </trkpt>
      <trkpt lat="36.451369998514" lon="127.089875603444">
        <ele>27.39</ele>
      </trkpt>
      <trkpt lat="36.4513460850117" lon="127.08984375">
        <ele>27.41</ele>
      </trkpt>
      <trkpt lat="36.451306984502" lon="127.089795893389">
        <ele>27.45</ele>
      </trkpt>
      <trkpt lat="36.451242904273" lon="127.089717463143">
        <ele>27.51</ele>
      </trkpt>
      <trkpt lat="36.451178824044" lon="127.089639032896">
        <ele>27.58</ele>
      </trkpt>
      <trkpt lat="36.451114743815" lon="127.08956060265">
        <ele>27.64</ele>
      </trkpt>
      <trkpt lat="36.451050663586" lon="127.089482172403">
        <ele>27.7</ele>
      </trkpt>
      <trkpt lat="36.450986583356" lon="127.089403742157">
        <ele>27.77</ele>
      </trkpt>
      <trkpt lat="36.450922503127" lon="127.08932531191">
        <ele>27.83</ele>
      </trkpt>
      <trkpt lat="36.450858422898" lon="127.089246881664">
        <ele>27.89</ele>
      </trkpt>
      <trkpt lat="36.450794342669" lon="127.089168451417">
        <ele>27.96</ele>
      </trkpt>
      <trkpt lat="36.45073026244" lon="127.089090021171">
        <ele>28.02</ele>
      </trkpt>
      <trkpt lat="36.45066618221" lon="127.089011590924">
        <ele>28.08</ele>
      </trkpt>
      <trkpt lat="36.450602101981" lon="127.088933160678">
        <ele>28.15</ele>
      </trkpt>
      <trkpt lat="36.450538021752" lon="127.088854730431">
        <ele>28.21</ele>
      </trkpt>
      <trkpt lat="36.450473941523" lon="127.088776300185">
        <ele>28.27</ele>
      </trkpt>
      <trkpt lat="36.450409861294" lon="127.088697869938">
        <ele>28.34</ele>
      </trkpt>
      <trkpt lat="36.450345781064" lon="127.088619439692">
        <ele>28.4</ele>
      </trkpt>
      <trkpt lat="36.450281700835" lon="127.088541009445">
        <ele>28.46</ele>
      </trkpt>
      <trkpt lat="36.4502328244942" lon="127.08848118782">
        <ele>28.51</ele>
      </trkpt>
      <trkpt lat="36.450216779163" lon="127.088463695324">
        <ele>28.53</ele>
      </trkpt>
      <trkpt lat="36.450149152484" lon="127.088389969239">
        <ele>28.59</ele>
      </trkpt>
      <trkpt lat="36.450081525804" lon="127.088316243153">
        <ele>28.65</ele>
      </trkpt>
      <trkpt lat="36.450013899125" lon="127.088242517068">
        <ele>28.72</ele>
      </trkpt>
      <trkpt lat="36.4499523493636" lon="127.088175415993">
        <ele>28.78</ele>
      </trkpt>
      <trkpt lat="36.449945700776" lon="127.088169693716">
        <ele>28.78</ele>
      </trkpt>
      <trkpt lat="36.449871712309" lon="127.088106013644">
        <ele>28.84</ele>
      </trkpt>
      <trkpt lat="36.449797723841" lon="127.088042333572">
        <ele>28.91</ele>
      </trkpt>
      <trkpt lat="36.4497840637984" lon="127.088030576706">
        <ele>28.92</ele>
      </trkpt>
      <trkpt lat="36.44972173511" lon="127.087982409269">
        <ele>28.97</ele>
      </trkpt>
      <trkpt lat="36.449645293463" lon="127.087923335377">
        <ele>29.03</ele>
      </trkpt>
      <trkpt lat="36.4496244079247" lon="127.087907195091">
        <ele>29.05</ele>
      </trkpt>
      <trkpt lat="36.44956612533" lon="127.087870212091">
        <ele>29.1</ele>
      </trkpt>
      <trkpt lat="36.449485932213" lon="127.087819325853">
        <ele>29.16</ele>
      </trkpt>
      <trkpt lat="36.4494172863017" lon="127.08777576685">
        <ele>29.21</ele>
      </trkpt>
      <trkpt lat="36.449405201849" lon="127.087769915685">
        <ele>29.22</ele>
      </trkpt>
      <trkpt lat="36.449321277652" lon="127.087729280469">
        <ele>29.29</ele>
      </trkpt>
      <trkpt lat="36.449237353455" lon="127.087688645253">
        <ele>29.35</ele>
      </trkpt>
      <trkpt lat="36.4492123216511" lon="127.087676525116">
        <ele>29.37</ele>
      </trkpt>
      <trkpt lat="36.449152220459" lon="127.087652179138">
        <ele>29.41</ele>
      </trkpt>
      <trkpt lat="36.44906657367" lon="127.087617485071">
        <ele>29.48</ele>
      </trkpt>
      <trkpt lat="36.4490203016451" lon="127.087598741055">
        <ele>29.51</ele>
      </trkpt>
      <trkpt lat="36.448980064382" lon="127.087586526311">
        <ele>29.54</ele>
      </trkpt>
      <trkpt lat="36.44889254151" lon="127.087559957171">
        <ele>29.6</ele>
      </trkpt>
      <trkpt lat="36.4488347537719" lon="127.087542414665">
        <ele>29.65</ele>
      </trkpt>
      <trkpt lat="36.448804396823" lon="127.087537492167">
        <ele>29.67</ele>
      </trkpt>
      <trkpt lat="36.448715043693" lon="127.087523003207">
        <ele>29.73</ele>
      </trkpt>
      <trkpt lat="36.448636260207" lon="127.087510228157">
        <ele>29.84</ele>
      </trkpt>
      <trkpt lat="36.448625676839" lon="127.087508649317">
        <ele>29.86</ele>
      </trkpt>
      <trkpt lat="36.448536207696" lon="127.087495302203">
        <ele>29.95</ele>
      </trkpt>
      <trkpt lat="36.448446738554" lon="127.087481955089">
        <ele>30.22</ele>
      </trkpt>
      <trkpt lat="36.4484205057561" lon="127.087478041649">
        <ele>30.26</ele>
      </trkpt>
      <trkpt lat="36.448356811783" lon="127.087478041649">
        <ele>30.34</ele>
      </trkpt>
      <trkpt lat="36.448266695172" lon="127.087478041649">
        <ele>30.54</ele>
      </trkpt>
      <trkpt lat="36.4482133809187" lon="127.087478041649">
        <ele>30.65</ele>
      </trkpt>
      <trkpt lat="36.448176825905" lon="127.087483314122">
        <ele>30.73</ele>
      </trkpt>
      <trkpt lat="36.448087314956" lon="127.087496224638">
        <ele>30.8</ele>
      </trkpt>
      <trkpt lat="36.447997804007" lon="127.087509135154">
        <ele>30.99</ele>
      </trkpt>
      <trkpt lat="36.447908293058" lon="127.08752204567">
        <ele>31.18</ele>
      </trkpt>
      <trkpt lat="36.447818782109" lon="127.087534956186">
        <ele>31.47</ele>
      </trkpt>
      <trkpt lat="36.44772927116" lon="127.087547866702">
        <ele>31.74</ele>
      </trkpt>
      <trkpt lat="36.447639760212" lon="127.087560777218">
        <ele>32</ele>
      </trkpt>
      <trkpt lat="36.447550249263" lon="127.087573687734">
        <ele>32.3</ele>
      </trkpt>
      <trkpt lat="36.447460738314" lon="127.08758659825">
        <ele>32.65</ele>
      </trkpt>
      <trkpt lat="36.447371227365" lon="127.087599508766">
        <ele>32.95</ele>
      </trkpt>
      <trkpt lat="36.447281716416" lon="127.087612419282">
        <ele>33.36</ele>
      </trkpt>
      <trkpt lat="36.447192205467" lon="127.087625329798">
        <ele>33.66</ele>
      </trkpt>
      <trkpt lat="36.447102694519" lon="127.087638240314">
        <ele>34.14</ele>
      </trkpt>
      <trkpt lat="36.44701318357" lon="127.08765115083">
        <ele>34.33</ele>
      </trkpt>
      <trkpt lat="36.446923672621" lon="127.087664061346">
        <ele>34.86</ele>
      </trkpt>
      <trkpt lat="36.446834161672" lon="127.087676971862">
        <ele>35.23</ele>
      </trkpt>
      <trkpt lat="36.446744650723" lon="127.087689882377">
        <ele>35.67</ele>
      </trkpt>
      <trkpt lat="36.446655139774" lon="127.087702792893">
        <ele>36.02</ele>
      </trkpt>
      <trkpt lat="36.4466512966246" lon="127.087703347206">
        <ele>36.04</ele>
      </trkpt>
      <trkpt lat="36.446565094372" lon="127.087699890369">
        <ele>36.44</ele>
      </trkpt>
      <trkpt lat="36.446517525513" lon="127.087697982788">
        <ele>36.62</ele>
      </trkpt>
      <trkpt lat="36.44647502019" lon="127.087699492508">
        <ele>36.79</ele>
      </trkpt>
      <trkpt lat="36.446384940632" lon="127.087702691988">
        <ele>37.25</ele>
      </trkpt>
      <trkpt lat="36.4463664933356" lon="127.087703347206">
        <ele>37.32</ele>
      </trkpt>
      <trkpt lat="36.446294921773" lon="127.08769889853">
        <ele>37.59</ele>
      </trkpt>
      <trkpt lat="36.446204918547" lon="127.087693304197">
        <ele>38.12</ele>
      </trkpt>
      <trkpt lat="36.4461938847729" lon="127.08769261837">
        <ele>38.15</ele>
      </trkpt>
      <trkpt lat="36.446115143347" lon="127.0876837196">
        <ele>38.38</ele>
      </trkpt>
      <trkpt lat="36.4460514824196" lon="127.087676525116">
        <ele>38.66</ele>
      </trkpt>
      <trkpt lat="36.44602563472" lon="127.087671294294">
        <ele>38.77</ele>
      </trkpt>
      <trkpt lat="36.445936698969" lon="127.087653296286">
        <ele>39.09</ele>
      </trkpt>
      <trkpt lat="36.4458659274457" lon="127.08763897419">
        <ele>39.44</ele>
      </trkpt>
      <trkpt lat="36.445848175937" lon="127.087632955787">
        <ele>39.53</ele>
      </trkpt>
      <trkpt lat="36.445761260949" lon="127.087603488465">
        <ele>39.85</ele>
      </trkpt>
      <trkpt lat="36.4456760567806" lon="127.087574601173">
        <ele>40.44</ele>
      </trkpt>
      <trkpt lat="36.445674359956" lon="127.087573961251">
        <ele>40.45</ele>
      </trkpt>
      <trkpt lat="36.44558815602" lon="127.087541451234">
        <ele>40.82</ele>
      </trkpt>
      <trkpt lat="36.445501952084" lon="127.087508941217">
        <ele>41.17</ele>
      </trkpt>
      <trkpt lat="36.4454840280216" lon="127.08750218153">
        <ele>41.23</ele>
      </trkpt>
      <trkpt lat="36.4454188897" lon="127.087466054137">
        <ele>41.46</ele>
      </trkpt>
      <trkpt lat="36.4453437819984" lon="127.087424397469">
        <ele>41.93</ele>
      </trkpt>
      <trkpt lat="36.445336682854" lon="127.087420358854">
        <ele>41.96</ele>
      </trkpt>
      <trkpt lat="36.445254801012" lon="127.087373777294">
        <ele>42.3</ele>
      </trkpt>
      <trkpt lat="36.4452164815425" lon="127.087351977825">
        <ele>42.5</ele>
      </trkpt>
      <trkpt lat="36.445173747499" lon="127.087325077416">
        <ele>42.73</ele>
      </trkpt>
      <trkpt lat="36.445093422623" lon="127.087274514168">
        <ele>43.08</ele>
      </trkpt>
      <trkpt lat="36.445013097747" lon="127.08722395092">
        <ele>43.44</ele>
      </trkpt>
      <trkpt lat="36.444932772871" lon="127.087173387672">
        <ele>43.78</ele>
      </trkpt>
      <trkpt lat="36.444852447995" lon="127.087122824424">
        <ele>44</ele>
      </trkpt>
      <trkpt lat="36.444772123119" lon="127.087072261176">
        <ele>44.32</ele>
      </trkpt>
      <trkpt lat="36.444691798243" lon="127.087021697929">
        <ele>44.57</ele>
      </trkpt>
      <trkpt lat="36.444611473367" lon="127.086971134681">
        <ele>44.81</ele>
      </trkpt>
      <trkpt lat="36.444531148491" lon="127.086920571433">
        <ele>45.05</ele>
      </trkpt>
      <trkpt lat="36.444450823615" lon="127.086870008185">
        <ele>45.25</ele>
      </trkpt>
      <trkpt lat="36.444370498739" lon="127.086819444937">
        <ele>45.45</ele>
      </trkpt>
      <trkpt lat="36.444290173863" lon="127.086768881689">
        <ele>45.54</ele>
      </trkpt>
      <trkpt lat="36.444209848987" lon="127.086718318442">
        <ele>45.71</ele>
      </trkpt>
      <trkpt lat="36.444129524111" lon="127.086667755194">
        <ele>45.83</ele>
      </trkpt>
      <trkpt lat="36.444049199235" lon="127.086617191946">
        <ele>45.91</ele>
      </trkpt>
      <trkpt lat="36.443968874359" lon="127.086566628698">
        <ele>45.98</ele>
      </trkpt>
      <trkpt lat="36.443888549483" lon="127.08651606545">
        <ele>46.04</ele>
      </trkpt>
      <trkpt lat="36.443808224607" lon="127.086465502202">
        <ele>46.06</ele>
      </trkpt>
      <trkpt lat="36.443727899731" lon="127.086414938954">
        <ele>46.06</ele>
      </trkpt>
      <trkpt lat="36.443647574855" lon="127.086364375707">
        <ele>46.03</ele>
      </trkpt>
      <trkpt lat="36.443567249979" lon="127.086313812459">
        <ele>46</ele>
      </trkpt>
      <trkpt lat="36.443486925103" lon="127.086263249211">
        <ele>45.93</ele>
      </trkpt>
      <trkpt lat="36.443406600227" lon="127.086212685963">
        <ele>45.86</ele>
      </trkpt>
      <trkpt lat="36.443326275351" lon="127.086162122715">
        <ele>45.76</ele>
      </trkpt>
      <trkpt lat="36.443245950475" lon="127.086111559467">
        <ele>45.65</ele>
      </trkpt>
      <trkpt lat="36.443165625599" lon="127.086060996219">
        <ele>45.51</ele>
      </trkpt>
      <trkpt lat="36.443085300723" lon="127.086010432972">
        <ele>45.36</ele>
      </trkpt>
      <trkpt lat="36.443004975847" lon="127.085959869724">
        <ele>45.16</ele>
      </trkpt>
      <trkpt lat="36.442924650971" lon="127.085909306476">
        <ele>44.96</ele>
      </trkpt>
      <trkpt lat="36.442844326095" lon="127.085858743228">
        <ele>44.75</ele>
      </trkpt>
      <trkpt lat="36.442764001219" lon="127.08580817998">
        <ele>44.49</ele>
      </trkpt>
      <trkpt lat="36.442683676343" lon="127.085757616732">
        <ele>44.22</ele>
      </trkpt>
      <trkpt lat="36.442603351467" lon="127.085707053484">
        <ele>44.01</ele>
      </trkpt>
      <trkpt lat="36.442523026591" lon="127.085656490237">
        <ele>43.71</ele>
      </trkpt>
      <trkpt lat="36.442442701715" lon="127.085605926989">
        <ele>43.41</ele>
      </trkpt>
      <trkpt lat="36.442362376839" lon="127.085555363741">
        <ele>43.16</ele>
      </trkpt>
      <trkpt lat="36.442282051963" lon="127.085504800493">
        <ele>42.88</ele>
      </trkpt>
      <trkpt lat="36.442201727087" lon="127.085454237245">
        <ele>42.59</ele>
      </trkpt>
      <trkpt lat="36.4421741542687" lon="127.085436880589">
        <ele>42.52</ele>
      </trkpt>
      <trkpt lat="36.442123835083" lon="127.085398322091">
        <ele>42.4</ele>
      </trkpt>
      <trkpt lat="36.442047214709" lon="127.085339609565">
        <ele>42.19</ele>
      </trkpt>
      <trkpt lat="36.4420166404598" lon="127.085316181183">
        <ele>42.03</ele>
      </trkpt>
      <trkpt lat="36.441974033997" lon="127.085274803942">
        <ele>41.8</ele>
      </trkpt>
      <trkpt lat="36.441903137191" lon="127.085205952551">
        <ele>41.51</ele>
      </trkpt>
      <trkpt lat="36.4418785458986" lon="127.085182070732">
        <ele>41.42</ele>
      </trkpt>
      <trkpt lat="36.441833939472" lon="127.085134543145">
        <ele>41.24</ele>
      </trkpt>
      <trkpt lat="36.441765644081" lon="127.085061775263">
        <ele>40.91</ele>
      </trkpt>
      <trkpt lat="36.441697348689" lon="127.084989007382">
        <ele>40.67</ele>
      </trkpt>
      <trkpt lat="36.441697296414" lon="127.084988951683">
        <ele>40.67</ele>
      </trkpt>
      <trkpt lat="36.441637918065" lon="127.084905165993">
        <ele>40.43</ele>
      </trkpt>
      <trkpt lat="36.441578494232" lon="127.084821316122">
        <ele>40.09</ele>
      </trkpt>
      <trkpt lat="36.4415376238983" lon="127.084763646126">
        <ele>39.9</ele>
      </trkpt>
      <trkpt lat="36.441522063577" lon="127.08473463242">
        <ele>39.82</ele>
      </trkpt>
      <trkpt lat="36.441472226403" lon="127.084641706247">
        <ele>39.66</ele>
      </trkpt>
      <trkpt lat="36.441422389229" lon="127.084548780075">
        <ele>39.42</ele>
      </trkpt>
      <trkpt lat="36.4414167904247" lon="127.084538340569">
        <ele>39.38</ele>
      </trkpt>
      <trkpt lat="36.44137960799" lon="127.084450681832">
        <ele>39.05</ele>
      </trkpt>
      <trkpt lat="36.44133771975" lon="127.084351929012">
        <ele>38.78</ele>
      </trkpt>
      <trkpt lat="36.44129583151" lon="127.084253176193">
        <ele>38.56</ele>
      </trkpt>
      <trkpt lat="36.4412916412716" lon="127.084243297577">
        <ele>38.53</ele>
      </trkpt>
      <trkpt lat="36.441263782971" lon="127.084149028268">
        <ele>38.31</ele>
      </trkpt>
      <trkpt lat="36.441232828143" lon="127.084044280662">
        <ele>38.06</ele>
      </trkpt>
      <trkpt lat="36.4412139623854" lon="127.083980441093">
        <ele>37.94</ele>
      </trkpt>
      <trkpt lat="36.441204700448" lon="127.08393841816">
        <ele>37.87</ele>
      </trkpt>
      <trkpt lat="36.441180984674" lon="127.08383081579">
        <ele>37.75</ele>
      </trkpt>
      <trkpt lat="36.441157268901" lon="127.083723213421">
        <ele>37.52</ele>
      </trkpt>
      <trkpt lat="36.441133553127" lon="127.083615611052">
        <ele>37.41</ele>
      </trkpt>
      <trkpt lat="36.4411276524206" lon="127.083588838577">
        <ele>37.38</ele>
      </trkpt>
      <trkpt lat="36.441112868384" lon="127.083507077938">
        <ele>37.3</ele>
      </trkpt>
      <trkpt lat="36.441093187579" lon="127.083398236542">
        <ele>37.17</ele>
      </trkpt>
      <trkpt lat="36.441073506775" lon="127.083289395147">
        <ele>37.03</ele>
      </trkpt>
      <trkpt lat="36.44105382597" lon="127.083180553751">
        <ele>36.96</ele>
      </trkpt>
      <trkpt lat="36.441034145165" lon="127.083071712355">
        <ele>36.92</ele>
      </trkpt>
      <trkpt lat="36.44101446436" lon="127.08296287096">
        <ele>36.85</ele>
      </trkpt>
      <trkpt lat="36.440994783556" lon="127.082854029564">
        <ele>36.82</ele>
      </trkpt>
      <trkpt lat="36.440975102751" lon="127.082745188169">
        <ele>36.82</ele>
      </trkpt>
      <trkpt lat="36.440955421946" lon="127.082636346773">
        <ele>36.81</ele>
      </trkpt>
      <trkpt lat="36.440935741142" lon="127.082527505377">
        <ele>36.9</ele>
      </trkpt>
      <trkpt lat="36.4409161926012" lon="127.082419395447">
        <ele>36.97</ele>
      </trkpt>
      <trkpt lat="36.440916098546" lon="127.082418654984">
        <ele>36.97</ele>
      </trkpt>
      <trkpt lat="36.440902103271" lon="127.082308474685">
        <ele>37.08</ele>
      </trkpt>
      <trkpt lat="36.440888107995" lon="127.082198294387">
        <ele>37.12</ele>
      </trkpt>
      <trkpt lat="36.4408773529799" lon="127.082113623619">
        <ele>37.22</ele>
      </trkpt>
      <trkpt lat="36.440874897112" lon="127.082087980306">
        <ele>37.25</ele>
      </trkpt>
      <trkpt lat="36.440864289774" lon="127.081977222176">
        <ele>37.61</ele>
      </trkpt>
      <trkpt lat="36.440853682436" lon="127.081866464045">
        <ele>38.15</ele>
      </trkpt>
      <trkpt lat="36.440843075097" lon="127.081755705915">
        <ele>38.05</ele>
      </trkpt>
      <trkpt lat="36.4408341978223" lon="127.081663012505">
        <ele>38.3</ele>
      </trkpt>
      <trkpt lat="36.440834197822" lon="127.081644821332">
        <ele>38.35</ele>
      </trkpt>
      <trkpt lat="36.440834197822" lon="127.081533287898">
        <ele>38.56</ele>
      </trkpt>
      <trkpt lat="36.440834197822" lon="127.081421754463">
        <ele>38.89</ele>
      </trkpt>
      <trkpt lat="36.4408341978223" lon="127.081416249275">
        <ele>38.9</ele>
      </trkpt>
      <trkpt lat="36.440849194177" lon="127.081311858137">
        <ele>39.16</ele>
      </trkpt>
      <trkpt lat="36.440864969171" lon="127.081202046813">
        <ele>39.42</ele>
      </trkpt>
      <trkpt lat="36.4408773529799" lon="127.081115841866">
        <ele>39.69</ele>
      </trkpt>
      <trkpt lat="36.440881778469" lon="127.081092499251">
        <ele>39.76</ele>
      </trkpt>
      <trkpt lat="36.440902364808" lon="127.08098391489">
        <ele>40.1</ele>
      </trkpt>
      <trkpt lat="36.440922951146" lon="127.080875330529">
        <ele>40.48</ele>
      </trkpt>
      <trkpt lat="36.440943537484" lon="127.080766746169">
        <ele>40.84</ele>
      </trkpt>
      <trkpt lat="36.4409571899582" lon="127.08069473505">
        <ele>41.02</ele>
      </trkpt>
      <trkpt lat="36.440967288248" lon="127.080659308424">
        <ele>41.11</ele>
      </trkpt>
      <trkpt lat="36.440997269631" lon="127.080554128318">
        <ele>41.48</ele>
      </trkpt>
      <trkpt lat="36.441027251013" lon="127.080448948211">
        <ele>41.8</ele>
      </trkpt>
      <trkpt lat="36.4410542888751" lon="127.080354094505">
        <ele>42.13</ele>
      </trkpt>
      <trkpt lat="36.441058231835" lon="127.080344291851">
        <ele>42.17</ele>
      </trkpt>
      <trkpt lat="36.441098393063" lon="127.080244446393">
        <ele>42.56</ele>
      </trkpt>
      <trkpt lat="36.441138554291" lon="127.080144600935">
        <ele>42.85</ele>
      </trkpt>
      <trkpt lat="36.4411664919166" lon="127.080075144768">
        <ele>43.11</ele>
      </trkpt>
      <trkpt lat="36.441181624156" lon="127.08004683163">
        <ele>43.23</ele>
      </trkpt>
      <trkpt lat="36.441231341848" lon="127.079953807468">
        <ele>43.56</ele>
      </trkpt>
      <trkpt lat="36.44128105954" lon="127.079860783306">
        <ele>43.99</ele>
      </trkpt>
      <trkpt lat="36.441330777233" lon="127.079767759144">
        <ele>44.29</ele>
      </trkpt>
      <trkpt lat="36.441380494925" lon="127.079674734982">
        <ele>44.53</ele>
      </trkpt>
      <trkpt lat="36.441430212617" lon="127.07958171082">
        <ele>44.79</ele>
      </trkpt>
      <trkpt lat="36.441479930309" lon="127.079488686659">
        <ele>44.99</ele>
      </trkpt>
      <trkpt lat="36.441529648001" lon="127.079395662497">
        <ele>45.17</ele>
      </trkpt>
      <trkpt lat="36.441579365693" lon="127.079302638335">
        <ele>45.32</ele>
      </trkpt>
      <trkpt lat="36.441629083385" lon="127.079209614173">
        <ele>45.45</ele>
      </trkpt>
      <trkpt lat="36.441678801077" lon="127.079116590011">
        <ele>45.51</ele>
      </trkpt>
      <trkpt lat="36.441728518769" lon="127.079023565849">
        <ele>45.58</ele>
      </trkpt>
      <trkpt lat="36.441778236462" lon="127.078930541688">
        <ele>45.64</ele>
      </trkpt>
      <trkpt lat="36.4417900789412" lon="127.078908383846">
        <ele>45.64</ele>
      </trkpt>
      <trkpt lat="36.441828137822" lon="127.078837668046">
        <ele>45.64</ele>
      </trkpt>
      <trkpt lat="36.44187809661" lon="127.078744841467">
        <ele>45.62</ele>
      </trkpt>
      <trkpt lat="36.441928055399" lon="127.078652014888">
        <ele>45.55</ele>
      </trkpt>
      <trkpt lat="36.441978014187" lon="127.078559188309">
        <ele>45.49</ele>
      </trkpt>
      <trkpt lat="36.4419950632008" lon="127.078527510166">
        <ele>45.44</ele>
      </trkpt>
      <trkpt lat="36.442025165704" lon="127.078464184645">
        <ele>45.35</ele>
      </trkpt>
      <trkpt lat="36.442070862905" lon="127.078368053136">
        <ele>45.23</ele>
      </trkpt>
      <trkpt lat="36.442116560106" lon="127.078271921627">
        <ele>45.06</ele>
      </trkpt>
      <trkpt lat="36.442162257307" lon="127.078175790118">
        <ele>44.82</ele>
      </trkpt>
      <trkpt lat="36.4421914160365" lon="127.078114449978">
        <ele>44.74</ele>
      </trkpt>
      <trkpt lat="36.442205459598" lon="127.078078017534">
        <ele>44.69</ele>
      </trkpt>
      <trkpt lat="36.442244263149" lon="127.077977351596">
        <ele>44.35</ele>
      </trkpt>
      <trkpt lat="36.442283066701" lon="127.077876685659">
        <ele>44.12</ele>
      </trkpt>
      <trkpt lat="36.442290671127" lon="127.077856957912">
        <ele>44.02</ele>
      </trkpt>
      <trkpt lat="36.442319455731" lon="127.077774660481">
        <ele>43.63</ele>
      </trkpt>
      <trkpt lat="36.44235525625" lon="127.077672304004">
        <ele>43.31</ele>
      </trkpt>
      <trkpt lat="36.4423769797982" lon="127.077610194683">
        <ele>43.07</ele>
      </trkpt>
      <trkpt lat="36.44238977438" lon="127.07756929695">
        <ele>42.92</ele>
      </trkpt>
      <trkpt lat="36.442422313532" lon="127.077465285927">
        <ele>42.48</ele>
      </trkpt>
      <trkpt lat="36.442454852683" lon="127.077361274905">
        <ele>42.17</ele>
      </trkpt>
      <trkpt lat="36.4424676037996" lon="127.077320516109">
        <ele>42.01</ele>
      </trkpt>
      <trkpt lat="36.442485444191" lon="127.077256382515">
        <ele>41.75</ele>
      </trkpt>
      <trkpt lat="36.442514780665" lon="127.077150922186">
        <ele>41.36</ele>
      </trkpt>
      <trkpt lat="36.442544117139" lon="127.077045461857">
        <ele>40.84</ele>
      </trkpt>
      <trkpt lat="36.4425474391416" lon="127.077033519745">
        <ele>40.8</ele>
      </trkpt>
      <trkpt lat="36.442569004317" lon="127.076938283338">
        <ele>40.49</ele>
      </trkpt>
      <trkpt lat="36.442593323328" lon="127.07683088541">
        <ele>39.97</ele>
      </trkpt>
      <trkpt lat="36.442617642338" lon="127.076723487481">
        <ele>39.66</ele>
      </trkpt>
      <trkpt lat="36.442641961349" lon="127.076616089552">
        <ele>39.19</ele>
      </trkpt>
      <trkpt lat="36.442666280359" lon="127.076508691623">
        <ele>38.75</ele>
      </trkpt>
      <trkpt lat="36.44269059937" lon="127.076401293694">
        <ele>38.39</ele>
      </trkpt>
      <trkpt lat="36.4427114249921" lon="127.076309323311">
        <ele>38.05</ele>
      </trkpt>
      <trkpt lat="36.442715017055" lon="127.076293930449">
        <ele>37.99</ele>
      </trkpt>
      <trkpt lat="36.442740022985" lon="127.076186773968">
        <ele>37.62</ele>
      </trkpt>
      <trkpt lat="36.442765028915" lon="127.076079617486">
        <ele>37.16</ele>
      </trkpt>
      <trkpt lat="36.442790034845" lon="127.075972461004">
        <ele>36.87</ele>
      </trkpt>
      <trkpt lat="36.442815040775" lon="127.075865304523">
        <ele>36.41</ele>
      </trkpt>
      <trkpt lat="36.442840046705" lon="127.075758148041">
        <ele>35.98</ele>
      </trkpt>
      <trkpt lat="36.442865052635" lon="127.075650991559">
        <ele>35.63</ele>
      </trkpt>
      <trkpt lat="36.442890058565" lon="127.075543835078">
        <ele>35.23</ele>
      </trkpt>
      <trkpt lat="36.442915064495" lon="127.075436678596">
        <ele>34.78</ele>
      </trkpt>
      <trkpt lat="36.442940070425" lon="127.075329522115">
        <ele>34.36</ele>
      </trkpt>
      <trkpt lat="36.442965076355" lon="127.075222365633">
        <ele>33.98</ele>
      </trkpt>
      <trkpt lat="36.442990082285" lon="127.075115209151">
        <ele>33.59</ele>
      </trkpt>
      <trkpt lat="36.443015088215" lon="127.07500805267">
        <ele>33.22</ele>
      </trkpt>
      <trkpt lat="36.443040094145" lon="127.074900896188">
        <ele>32.81</ele>
      </trkpt>
      <trkpt lat="36.443065100075" lon="127.074793739707">
        <ele>32.46</ele>
      </trkpt>
      <trkpt lat="36.443090106005" lon="127.074686583225">
        <ele>31.94</ele>
      </trkpt>
      <trkpt lat="36.443115111935" lon="127.074579426743">
        <ele>31.71</ele>
      </trkpt>
      <trkpt lat="36.443140117865" lon="127.074472270262">
        <ele>31.22</ele>
      </trkpt>
      <trkpt lat="36.443165123795" lon="127.07436511378">
        <ele>30.8</ele>
      </trkpt>
      <trkpt lat="36.443190129725" lon="127.074257957298">
        <ele>30.42</ele>
      </trkpt>
      <trkpt lat="36.443215135655" lon="127.074150800817">
        <ele>30.08</ele>
      </trkpt>
      <trkpt lat="36.443222799695" lon="127.074117958546">
        <ele>29.95</ele>
      </trkpt>
      <trkpt lat="36.443236244092" lon="127.074042417484">
        <ele>29.65</ele>
      </trkpt>
      <trkpt lat="36.44325563008" lon="127.07393349196">
        <ele>29.2</ele>
      </trkpt>
      <trkpt lat="36.443275016067" lon="127.073824566435">
        <ele>28.97</ele>
      </trkpt>
      <trkpt lat="36.4432767419777" lon="127.073814868927">
        <ele>28.92</ele>
      </trkpt>
      <trkpt lat="36.443290534166" lon="127.073714706203">
        <ele>28.45</ele>
      </trkpt>
      <trkpt lat="36.443305674259" lon="127.073604754622">
        <ele>27.92</ele>
      </trkpt>
      <trkpt lat="36.4433177380875" lon="127.073517143726">
        <ele>27.7</ele>
      </trkpt>
      <trkpt lat="36.44331861921" lon="127.07349450716">
        <ele>27.65</ele>
      </trkpt>
      <trkpt lat="36.44332295573" lon="127.073383099377">
        <ele>27.18</ele>
      </trkpt>
      <trkpt lat="36.443327292251" lon="127.073271691594">
        <ele>26.97</ele>
      </trkpt>
      <trkpt lat="36.4433306842229" lon="127.073184549808">
        <ele>26.63</ele>
      </trkpt>
      <trkpt lat="36.443329804778" lon="127.073160280063">
        <ele>26.53</ele>
      </trkpt>
      <trkpt lat="36.443325767154" lon="127.073048855071">
        <ele>26.14</ele>
      </trkpt>
      <trkpt lat="36.44332172953" lon="127.072937430079">
        <ele>25.59</ele>
      </trkpt>
      <trkpt lat="36.4433198957769" lon="127.072886824608">
        <ele>25.45</ele>
      </trkpt>
      <trkpt lat="36.443313450701" lon="127.072826468835">
        <ele>25.29</ele>
      </trkpt>
      <trkpt lat="36.443301642938" lon="127.072715893456">
        <ele>24.81</ele>
      </trkpt>
      <trkpt lat="36.443289835174" lon="127.072605318077">
        <ele>24.53</ele>
      </trkpt>
      <trkpt lat="36.4432875304298" lon="127.072583734989">
        <ele>24.43</ele>
      </trkpt>
      <trkpt lat="36.443269481362" lon="127.072496792955">
        <ele>24.03</ele>
      </trkpt>
      <trkpt lat="36.443247054898" lon="127.072388765077">
        <ele>23.66</ele>
      </trkpt>
      <trkpt lat="36.443224628433" lon="127.072280737199">
        <ele>23.44</ele>
      </trkpt>
      <trkpt lat="36.4432184843108" lon="127.072251141071">
        <ele>23.35</ele>
      </trkpt>
      <trkpt lat="36.443199467978" lon="127.07217365758">
        <ele>23.12</ele>
      </trkpt>
      <trkpt lat="36.443173275855" lon="127.072066935784">
        <ele>22.8</ele>
      </trkpt>
      <trkpt lat="36.443147083732" lon="127.071960213989">
        <ele>22.5</ele>
      </trkpt>
      <trkpt lat="36.4431408073535" lon="127.071934640408">
        <ele>22.44</ele>
      </trkpt>
      <trkpt lat="36.443111992302" lon="127.071857694417">
        <ele>22.23</ele>
      </trkpt>
      <trkpt lat="36.443074096287" lon="127.071756499162">
        <ele>22</ele>
      </trkpt>
      <trkpt lat="36.443036200271" lon="127.071655303907">
        <ele>21.83</ele>
      </trkpt>
      <trkpt lat="36.4430242917717" lon="127.071623504162">
        <ele>21.76</ele>
      </trkpt>
      <trkpt lat="36.442996365683" lon="127.071555272432">
        <ele>21.61</ele>
      </trkpt>
      <trkpt lat="36.442955642766" lon="127.071455774247">
        <ele>21.45</ele>
      </trkpt>
      <trkpt lat="36.442914919848" lon="127.071356276062">
        <ele>21.3</ele>
      </trkpt>
      <trkpt lat="36.442874196931" lon="127.071256777877">
        <ele>21.17</ele>
      </trkpt>
      <trkpt lat="36.442833474013" lon="127.071157279692">
        <ele>21.04</ele>
      </trkpt>
      <trkpt lat="36.442792751096" lon="127.071057781507">
        <ele>21</ele>
      </trkpt>
      <trkpt lat="36.442752028179" lon="127.070958283322">
        <ele>20.94</ele>
      </trkpt>
      <trkpt lat="36.442711305261" lon="127.070858785137">
        <ele>20.9</ele>
      </trkpt>
      <trkpt lat="36.442670582344" lon="127.070759286952">
        <ele>20.89</ele>
      </trkpt>
      <trkpt lat="36.442629859426" lon="127.070659788767">
        <ele>20.9</ele>
      </trkpt>
      <trkpt lat="36.442589136509" lon="127.070560290582">
        <ele>20.92</ele>
      </trkpt>
      <trkpt lat="36.442548413591" lon="127.070460792397">
        <ele>20.95</ele>
      </trkpt>
      <trkpt lat="36.442507690674" lon="127.070361294211">
        <ele>20.99</ele>
      </trkpt>
      <trkpt lat="36.442466967756" lon="127.070261796026">
        <ele>21.01</ele>
      </trkpt>
      <trkpt lat="36.442426244839" lon="127.070162297841">
        <ele>21.05</ele>
      </trkpt>
      <trkpt lat="36.442385521921" lon="127.070062799656">
        <ele>21.1</ele>
      </trkpt>
      <trkpt lat="36.442344799004" lon="127.069963301471">
        <ele>21.15</ele>
      </trkpt>
      <trkpt lat="36.442304076087" lon="127.069863803286">
        <ele>21.21</ele>
      </trkpt>
      <trkpt lat="36.442263353169" lon="127.069764305101">
        <ele>21.29</ele>
      </trkpt>
      <trkpt lat="36.442222630252" lon="127.069664806916">
        <ele>21.24</ele>
      </trkpt>
      <trkpt lat="36.442181907334" lon="127.069565308731">
        <ele>21.29</ele>
      </trkpt>
      <trkpt lat="36.442141184417" lon="127.069465810546">
        <ele>21.35</ele>
      </trkpt>
      <trkpt lat="36.442100461499" lon="127.069366312361">
        <ele>21.39</ele>
      </trkpt>
      <trkpt lat="36.4420856876482" lon="127.069330215454">
        <ele>21.4</ele>
      </trkpt>
      <trkpt lat="36.442056041944" lon="127.069269348045">
        <ele>21.42</ele>
      </trkpt>
      <trkpt lat="36.442009517744" lon="127.069173826364">
        <ele>21.48</ele>
      </trkpt>
      <trkpt lat="36.441962993544" lon="127.069078304682">
        <ele>21.47</ele>
      </trkpt>
      <trkpt lat="36.441916469344" lon="127.068982783001">
        <ele>21.54</ele>
      </trkpt>
      <trkpt lat="36.441869945143" lon="127.068887261319">
        <ele>21.6</ele>
      </trkpt>
      <trkpt lat="36.441823420943" lon="127.068791739638">
        <ele>21.63</ele>
      </trkpt>
      <trkpt lat="36.441776896743" lon="127.068696217956">
        <ele>21.68</ele>
      </trkpt>
      <trkpt lat="36.441730372543" lon="127.068600696275">
        <ele>21.7</ele>
      </trkpt>
      <trkpt lat="36.4417016118828" lon="127.068541646004">
        <ele>21.72</ele>
      </trkpt>
      <trkpt lat="36.441681875231" lon="127.068506763269">
        <ele>21.73</ele>
      </trkpt>
      <trkpt lat="36.441630183286" lon="127.068415402464">
        <ele>21.75</ele>
      </trkpt>
      <trkpt lat="36.44157849134" lon="127.068324041658">
        <ele>21.77</ele>
      </trkpt>
      <trkpt lat="36.441526799395" lon="127.068232680853">
        <ele>21.81</ele>
      </trkpt>
      <trkpt lat="36.44147510745" lon="127.068141320047">
        <ele>21.83</ele>
      </trkpt>
      <trkpt lat="36.441423415504" lon="127.068049959242">
        <ele>21.85</ele>
      </trkpt>
      <trkpt lat="36.441371723559" lon="127.067958598437">
        <ele>21.85</ele>
      </trkpt>
      <trkpt lat="36.441320031614" lon="127.067867237631">
        <ele>21.87</ele>
      </trkpt>
      <trkpt lat="36.441268339669" lon="127.067775876826">
        <ele>21.87</ele>
      </trkpt>
      <trkpt lat="36.441216647723" lon="127.06768451602">
        <ele>21.88</ele>
      </trkpt>
      <trkpt lat="36.441164955778" lon="127.067593155215">
        <ele>21.87</ele>
      </trkpt>
      <trkpt lat="36.441113263833" lon="127.067501794409">
        <ele>21.87</ele>
      </trkpt>
      <trkpt lat="36.4411082326653" lon="127.067492902279">
        <ele>21.87</ele>
      </trkpt>
      <trkpt lat="36.441058666554" lon="127.067413072689">
        <ele>21.88</ele>
      </trkpt>
      <trkpt lat="36.441003756011" lon="127.067324635527">
        <ele>21.85</ele>
      </trkpt>
      <trkpt lat="36.440948845467" lon="127.067236198365">
        <ele>21.83</ele>
      </trkpt>
      <trkpt lat="36.440893934923" lon="127.067147761203">
        <ele>21.8</ele>
      </trkpt>
      <trkpt lat="36.4408600909197" lon="127.067093253136">
        <ele>21.79</ele>
      </trkpt>
      <trkpt lat="36.440837330564" lon="127.067061043446">
        <ele>21.78</ele>
      </trkpt>
      <trkpt lat="36.440778005043" lon="127.066977087962">
        <ele>21.75</ele>
      </trkpt>
      <trkpt lat="36.440718679522" lon="127.066893132477">
        <ele>21.73</ele>
      </trkpt>
      <trkpt lat="36.440659354001" lon="127.066809176993">
        <ele>21.71</ele>
      </trkpt>
      <trkpt lat="36.44060002848" lon="127.066725221509">
        <ele>21.63</ele>
      </trkpt>
      <trkpt lat="36.440579581904" lon="127.066696286201">
        <ele>21.63</ele>
      </trkpt>
      <trkpt lat="36.440538419788" lon="127.066643871816">
        <ele>21.63</ele>
      </trkpt>
      <trkpt lat="36.440475610368" lon="127.066563892518">
        <ele>21.57</ele>
      </trkpt>
      <trkpt lat="36.440412800948" lon="127.06648391322">
        <ele>21.54</ele>
      </trkpt>
      <trkpt lat="36.440349991527" lon="127.066403933922">
        <ele>21.52</ele>
      </trkpt>
      <trkpt lat="36.440287182107" lon="127.066323954624">
        <ele>21.46</ele>
      </trkpt>
      <trkpt lat="36.4402257075454" lon="127.066245675087">
        <ele>21.42</ele>
      </trkpt>
      <trkpt lat="36.440224301033" lon="127.066244066275">
        <ele>21.42</ele>
      </trkpt>
      <trkpt lat="36.440158120046" lon="127.066168366464">
        <ele>21.35</ele>
      </trkpt>
      <trkpt lat="36.44009193906" lon="127.066092666652">
        <ele>21.3</ele>
      </trkpt>
      <trkpt lat="36.440025758073" lon="127.06601696684">
        <ele>21.26</ele>
      </trkpt>
      <trkpt lat="36.439959577087" lon="127.065941267029">
        <ele>21.24</ele>
      </trkpt>
      <trkpt lat="36.4398933961" lon="127.065865567217">
        <ele>21.19</ele>
      </trkpt>
      <trkpt lat="36.439827215114" lon="127.065789867406">
        <ele>21.18</ele>
      </trkpt>
      <trkpt lat="36.4397661000242" lon="127.06571996212">
        <ele>21.13</ele>
      </trkpt>
      <trkpt lat="36.439760994882" lon="127.065714220624">
        <ele>21.13</ele>
      </trkpt>
      <trkpt lat="36.439694301191" lon="127.065639213592">
        <ele>21.1</ele>
      </trkpt>
      <trkpt lat="36.439627607501" lon="127.065564206561">
        <ele>21.1</ele>
      </trkpt>
      <trkpt lat="36.43956091381" lon="127.06548919953">
        <ele>21.05</ele>
      </trkpt>
      <trkpt lat="36.439494220119" lon="127.065414192498">
        <ele>21.01</ele>
      </trkpt>
      <trkpt lat="36.4394489045136" lon="127.065363228321">
        <ele>20.97</ele>
      </trkpt>
      <trkpt lat="36.439426572877" lon="127.065340552064">
        <ele>20.95</ele>
      </trkpt>
      <trkpt lat="36.439356904371" lon="127.065269808437">
        <ele>20.9</ele>
      </trkpt>
      <trkpt lat="36.439287235864" lon="127.06519906481">
        <ele>20.86</ele>
      </trkpt>
      <trkpt lat="36.439217567358" lon="127.065128321183">
        <ele>20.83</ele>
      </trkpt>
      <trkpt lat="36.439147898851" lon="127.065057577556">
        <ele>20.8</ele>
      </trkpt>
      <trkpt lat="36.4391424967347" lon="127.065052092075">
        <ele>20.8</ele>
      </trkpt>
      <trkpt lat="36.439076097883" lon="127.064990190749">
        <ele>20.76</ele>
      </trkpt>
      <trkpt lat="36.439004117663" lon="127.064923086109">
        <ele>20.72</ele>
      </trkpt>
      <trkpt lat="36.438932137444" lon="127.064855981469">
        <ele>20.72</ele>
      </trkpt>
      <trkpt lat="36.438860157225" lon="127.06478887683">
        <ele>20.67</ele>
      </trkpt>
      <trkpt lat="36.438788177006" lon="127.06472177219">
        <ele>20.65</ele>
      </trkpt>
      <trkpt lat="36.438716196787" lon="127.06465466755">
        <ele>20.6</ele>
      </trkpt>
      <trkpt lat="36.438644216567" lon="127.064587562911">
        <ele>20.57</ele>
      </trkpt>
      <trkpt lat="36.438572236348" lon="127.064520458271">
        <ele>20.54</ele>
      </trkpt>
      <trkpt lat="36.438500256129" lon="127.064453353631">
        <ele>20.53</ele>
      </trkpt>
      <trkpt lat="36.43842827591" lon="127.064386248992">
        <ele>20.5</ele>
      </trkpt>
      <trkpt lat="36.4383570515509" lon="127.064319849014">
        <ele>20.48</ele>
      </trkpt>
      <trkpt lat="36.438356250644" lon="127.064319225225">
        <ele>20.48</ele>
      </trkpt>
      <trkpt lat="36.438279980616" lon="127.064259822043">
        <ele>20.5</ele>
      </trkpt>
      <trkpt lat="36.438203710589" lon="127.064200418861">
        <ele>20.49</ele>
      </trkpt>
      <trkpt lat="36.438127440561" lon="127.064141015679">
        <ele>20.51</ele>
      </trkpt>
      <trkpt lat="36.438051170534" lon="127.064081612497">
        <ele>20.5</ele>
      </trkpt>
      <trkpt lat="36.437974900507" lon="127.064022209315">
        <ele>20.52</ele>
      </trkpt>
      <trkpt lat="36.437898630479" lon="127.063962806133">
        <ele>20.53</ele>
      </trkpt>
      <trkpt lat="36.437822360452" lon="127.063903402951">
        <ele>20.55</ele>
      </trkpt>
      <trkpt lat="36.437746090425" lon="127.063843999769">
        <ele>20.55</ele>
      </trkpt>
      <trkpt lat="36.437669820397" lon="127.063784596587">
        <ele>20.59</ele>
      </trkpt>
      <trkpt lat="36.43759355037" lon="127.063725193405">
        <ele>20.59</ele>
      </trkpt>
      <trkpt lat="36.437517280342" lon="127.063665790223">
        <ele>20.63</ele>
      </trkpt>
      <trkpt lat="36.437441010315" lon="127.063606387041">
        <ele>20.69</ele>
      </trkpt>
      <trkpt lat="36.437364740288" lon="127.063546983859">
        <ele>20.73</ele>
      </trkpt>
      <trkpt lat="36.43728847026" lon="127.063487580677">
        <ele>20.75</ele>
      </trkpt>
      <trkpt lat="36.437212200233" lon="127.063428177495">
        <ele>20.77</ele>
      </trkpt>
      <trkpt lat="36.437135930205" lon="127.063368774313">
        <ele>20.78</ele>
      </trkpt>
      <trkpt lat="36.437059660178" lon="127.063309371131">
        <ele>20.82</ele>
      </trkpt>
      <trkpt lat="36.436983390151" lon="127.063249967949">
        <ele>20.85</ele>
      </trkpt>
      <trkpt lat="36.436907120123" lon="127.063190564767">
        <ele>20.88</ele>
      </trkpt>
      <trkpt lat="36.436830850096" lon="127.063131161585">
        <ele>20.91</ele>
      </trkpt>
      <trkpt lat="36.436754580068" lon="127.063071758403">
        <ele>20.93</ele>
      </trkpt>
      <trkpt lat="36.436678310041" lon="127.063012355221">
        <ele>20.99</ele>
      </trkpt>
      <trkpt lat="36.436602040014" lon="127.062952952039">
        <ele>21.02</ele>
      </trkpt>
      <trkpt lat="36.436525769986" lon="127.062893548857">
        <ele>21.05</ele>
      </trkpt>
      <trkpt lat="36.436449499959" lon="127.062834145675">
        <ele>21.08</ele>
      </trkpt>
      <trkpt lat="36.436373229932" lon="127.062774742493">
        <ele>21.08</ele>
      </trkpt>
      <trkpt lat="36.436296959904" lon="127.062715339311">
        <ele>21.13</ele>
      </trkpt>
      <trkpt lat="36.436220689877" lon="127.062655936129">
        <ele>21.12</ele>
      </trkpt>
      <trkpt lat="36.436144419849" lon="127.062596532947">
        <ele>21.2</ele>
      </trkpt>
      <trkpt lat="36.436068149822" lon="127.062537129765">
        <ele>21.22</ele>
      </trkpt>
      <trkpt lat="36.435991879795" lon="127.062477726583">
        <ele>21.3</ele>
      </trkpt>
      <trkpt lat="36.435915609767" lon="127.062418323401">
        <ele>21.31</ele>
      </trkpt>
      <trkpt lat="36.43583933974" lon="127.062358920219">
        <ele>21.36</ele>
      </trkpt>
      <trkpt lat="36.435763069712" lon="127.062299517037">
        <ele>21.36</ele>
      </trkpt>
      <trkpt lat="36.435686799685" lon="127.062240113855">
        <ele>21.42</ele>
      </trkpt>
      <trkpt lat="36.435610529658" lon="127.062180710673">
        <ele>21.44</ele>
      </trkpt>
      <trkpt lat="36.43553425963" lon="127.062121307491">
        <ele>21.47</ele>
      </trkpt>
      <trkpt lat="36.435457989603" lon="127.062061904309">
        <ele>21.5</ele>
      </trkpt>
      <trkpt lat="36.435381719575" lon="127.062002501127">
        <ele>21.53</ele>
      </trkpt>
      <trkpt lat="36.435305449548" lon="127.061943097945">
        <ele>21.52</ele>
      </trkpt>
      <trkpt lat="36.435229179521" lon="127.061883694763">
        <ele>21.54</ele>
      </trkpt>
      <trkpt lat="36.435152909493" lon="127.061824291581">
        <ele>21.54</ele>
      </trkpt>
      <trkpt lat="36.435076639466" lon="127.061764888399">
        <ele>21.51</ele>
      </trkpt>
      <trkpt lat="36.435000369438" lon="127.061705485217">
        <ele>21.51</ele>
      </trkpt>
      <trkpt lat="36.4349821361811" lon="127.06169128418">
        <ele>21.51</ele>
      </trkpt>
      <trkpt lat="36.434922163121" lon="127.061650135911">
        <ele>21.5</ele>
      </trkpt>
      <trkpt lat="36.434843348486" lon="127.061596060201">
        <ele>21.49</ele>
      </trkpt>
      <trkpt lat="36.43476453385" lon="127.06154198449">
        <ele>21.47</ele>
      </trkpt>
      <trkpt lat="36.434712395563" lon="127.061506211758">
        <ele>21.49</ele>
      </trkpt>
      <trkpt lat="36.434685393327" lon="127.061488655982">
        <ele>21.5</ele>
      </trkpt>
      <trkpt lat="36.434605615866" lon="127.061436787861">
        <ele>21.49</ele>
      </trkpt>
      <trkpt lat="36.434525838406" lon="127.061384919741">
        <ele>21.45</ele>
      </trkpt>
      <trkpt lat="36.434446060945" lon="127.06133305162">
        <ele>21.44</ele>
      </trkpt>
      <trkpt lat="36.4344318643257" lon="127.061323821545">
        <ele>21.44</ele>
      </trkpt>
      <trkpt lat="36.434365780957" lon="127.061282388976">
        <ele>21.42</ele>
      </trkpt>
      <trkpt lat="36.434285392185" lon="127.061231987288">
        <ele>21.37</ele>
      </trkpt>
      <trkpt lat="36.434205003412" lon="127.061181585599">
        <ele>21.35</ele>
      </trkpt>
      <trkpt lat="36.4341880171188" lon="127.061170935631">
        <ele>21.34</ele>
      </trkpt>
      <trkpt lat="36.434123826005" lon="127.061133172227">
        <ele>21.31</ele>
      </trkpt>
      <trkpt lat="36.434042437312" lon="127.06108529155">
        <ele>21.29</ele>
      </trkpt>
      <trkpt lat="36.43396104862" lon="127.061037410872">
        <ele>21.25</ele>
      </trkpt>
      <trkpt lat="36.433879659928" lon="127.060989530194">
        <ele>21.21</ele>
      </trkpt>
      <trkpt lat="36.433798271235" lon="127.060941649516">
        <ele>21.15</ele>
      </trkpt>
      <trkpt lat="36.433716882543" lon="127.060893768838">
        <ele>21.1</ele>
      </trkpt>
      <trkpt lat="36.43363549385" lon="127.060845888161">
        <ele>21.09</ele>
      </trkpt>
      <trkpt lat="36.4335816326902" lon="127.060814201832">
        <ele>21.08</ele>
      </trkpt>
      <trkpt lat="36.433553409682" lon="127.06079995853">
        <ele>21.08</ele>
      </trkpt>
      <trkpt lat="36.433469964726" lon="127.060757846375">
        <ele>21.04</ele>
      </trkpt>
      <trkpt lat="36.43338651977" lon="127.06071573422">
        <ele>20.96</ele>
      </trkpt>
      <trkpt lat="36.433303074814" lon="127.060673622064">
        <ele>20.98</ele>
      </trkpt>
      <trkpt lat="36.433219629857" lon="127.060631509909">
        <ele>20.9</ele>
      </trkpt>
      <trkpt lat="36.433136184901" lon="127.060589397754">
        <ele>20.87</ele>
      </trkpt>
      <trkpt lat="36.433052739945" lon="127.060547285599">
        <ele>20.78</ele>
      </trkpt>
      <trkpt lat="36.432969294989" lon="127.060505173444">
        <ele>20.74</ele>
      </trkpt>
      <trkpt lat="36.432885850033" lon="127.060463061288">
        <ele>20.7</ele>
      </trkpt>
      <trkpt lat="36.432802405077" lon="127.060420949133">
        <ele>20.65</ele>
      </trkpt>
      <trkpt lat="36.432718960121" lon="127.060378836978">
        <ele>20.62</ele>
      </trkpt>
      <trkpt lat="36.4326515463006" lon="127.060344815254">
        <ele>20.59</ele>
      </trkpt>
      <trkpt lat="36.432635140481" lon="127.06033797119">
        <ele>20.58</ele>
      </trkpt>
      <trkpt lat="36.432549745228" lon="127.0603023466">
        <ele>20.54</ele>
      </trkpt>
      <trkpt lat="36.432464349975" lon="127.06026672201">
        <ele>20.51</ele>
      </trkpt>
      <trkpt lat="36.432378954722" lon="127.06023109742">
        <ele>20.5</ele>
      </trkpt>
      <trkpt lat="36.432293559469" lon="127.06019547283">
        <ele>20.42</ele>
      </trkpt>
      <trkpt lat="36.432208164216" lon="127.060159848241">
        <ele>20.39</ele>
      </trkpt>
      <trkpt lat="36.432122768963" lon="127.060124223651">
        <ele>20.36</ele>
      </trkpt>
      <trkpt lat="36.43203737371" lon="127.060088599061">
        <ele>20.32</ele>
      </trkpt>
      <trkpt lat="36.4320278858439" lon="127.06008464098">
        <ele>20.32</ele>
      </trkpt>
      <trkpt lat="36.431951175412" lon="127.060056091684">
        <ele>20.29</ele>
      </trkpt>
      <trkpt lat="36.43186487674" lon="127.060023973936">
        <ele>20.24</ele>
      </trkpt>
      <trkpt lat="36.431778578068" lon="127.059991856188">
        <ele>20.2</ele>
      </trkpt>
      <trkpt lat="36.431692279396" lon="127.05995973844">
        <ele>20.17</ele>
      </trkpt>
      <trkpt lat="36.431605980724" lon="127.059927620692">
        <ele>20.15</ele>
      </trkpt>
      <trkpt lat="36.431519682052" lon="127.059895502944">
        <ele>20.1</ele>
      </trkpt>
      <trkpt lat="36.43143338338" lon="127.059863385196">
        <ele>20.06</ele>
      </trkpt>
      <trkpt lat="36.431347084708" lon="127.059831267448">
        <ele>20.02</ele>
      </trkpt>
      <trkpt lat="36.4312639489062" lon="127.059800326824">
        <ele>19.97</ele>
      </trkpt>
      <trkpt lat="36.431260757927" lon="127.059799272267">
        <ele>19.97</ele>
      </trkpt>
      <trkpt lat="36.431173692298" lon="127.059770498773">
        <ele>19.95</ele>
      </trkpt>
      <trkpt lat="36.43108662667" lon="127.059741725278">
        <ele>19.89</ele>
      </trkpt>
      <trkpt lat="36.430999561041" lon="127.059712951783">
        <ele>19.88</ele>
      </trkpt>
      <trkpt lat="36.430912495412" lon="127.059684178289">
        <ele>19.84</ele>
      </trkpt>
      <trkpt lat="36.430825429784" lon="127.059655404794">
        <ele>19.82</ele>
      </trkpt>
      <trkpt lat="36.430738364155" lon="127.059626631299">
        <ele>19.79</ele>
      </trkpt>
      <trkpt lat="36.430651298527" lon="127.059597857805">
        <ele>19.81</ele>
      </trkpt>
      <trkpt lat="36.430564232898" lon="127.05956908431">
        <ele>19.78</ele>
      </trkpt>
      <trkpt lat="36.4305172688148" lon="127.059553563595">
        <ele>19.83</ele>
      </trkpt>
      <trkpt lat="36.430476348332" lon="127.059544959879">
        <ele>19.88</ele>
      </trkpt>
      <trkpt lat="36.430387504685" lon="127.0595262801">
        <ele>19.93</ele>
      </trkpt>
      <trkpt lat="36.430298661038" lon="127.059507600322">
        <ele>19.89</ele>
      </trkpt>
      <trkpt lat="36.430209817391" lon="127.059488920543">
        <ele>19.95</ele>
      </trkpt>
      <trkpt lat="36.430120973744" lon="127.059470240765">
        <ele>19.98</ele>
      </trkpt>
      <trkpt lat="36.430032130097" lon="127.059451560987">
        <ele>20.02</ele>
      </trkpt>
      <trkpt lat="36.42994328645" lon="127.059432881208">
        <ele>20.08</ele>
      </trkpt>
      <trkpt lat="36.429854442803" lon="127.05941420143">
        <ele>20.12</ele>
      </trkpt>
      <trkpt lat="36.429765599156" lon="127.059395521651">
        <ele>20.19</ele>
      </trkpt>
      <trkpt lat="36.429676755509" lon="127.059376841873">
        <ele>20.25</ele>
      </trkpt>
      <trkpt lat="36.429587911862" lon="127.059358162094">
        <ele>20.35</ele>
      </trkpt>
      <trkpt lat="36.429499068215" lon="127.059339482316">
        <ele>20.42</ele>
      </trkpt>
      <trkpt lat="36.429410224568" lon="127.059320802538">
        <ele>20.51</ele>
      </trkpt>
      <trkpt lat="36.429321380921" lon="127.059302122759">
        <ele>20.6</ele>
      </trkpt>
      <trkpt lat="36.429232537273" lon="127.059283442981">
        <ele>20.66</ele>
      </trkpt>
      <trkpt lat="36.429143693626" lon="127.059264763202">
        <ele>20.79</ele>
      </trkpt>
      <trkpt lat="36.429054849979" lon="127.059246083424">
        <ele>20.88</ele>
      </trkpt>
      <trkpt lat="36.428966006332" lon="127.059227403646">
        <ele>20.98</ele>
      </trkpt>
      <trkpt lat="36.4289354054746" lon="127.059220969677">
        <ele>21</ele>
      </trkpt>
      <trkpt lat="36.428876745798" lon="127.05921229044">
        <ele>21.04</ele>
      </trkpt>
      <trkpt lat="36.42878726623" lon="127.059199051117">
        <ele>21.11</ele>
      </trkpt>
      <trkpt lat="36.428697786662" lon="127.059185811794">
        <ele>21.2</ele>
      </trkpt>
      <trkpt lat="36.428608307095" lon="127.059172572471">
        <ele>21.32</ele>
      </trkpt>
      <trkpt lat="36.428518827527" lon="127.059159333149">
        <ele>21.41</ele>
      </trkpt>
      <trkpt lat="36.428429347959" lon="127.059146093826">
        <ele>21.49</ele>
      </trkpt>
      <trkpt lat="36.428339868391" lon="127.059132854503">
        <ele>21.58</ele>
      </trkpt>
      <trkpt lat="36.428250388824" lon="127.05911961518">
        <ele>21.67</ele>
      </trkpt>
      <trkpt lat="36.4282102840833" lon="127.059113681316">
        <ele>21.71</ele>
      </trkpt>
      <trkpt lat="36.42816087422" lon="127.059106748065">
        <ele>21.75</ele>
      </trkpt>
      <trkpt lat="36.42807133116" lon="127.059094183277">
        <ele>21.84</ele>
      </trkpt>
      <trkpt lat="36.427981788099" lon="127.059081618488">
        <ele>21.95</ele>
      </trkpt>
      <trkpt lat="36.427892245038" lon="127.059069053699">
        <ele>22.02</ele>
      </trkpt>
      <trkpt lat="36.427802701978" lon="127.059056488911">
        <ele>22.13</ele>
      </trkpt>
      <trkpt lat="36.427713158917" lon="127.059043924122">
        <ele>22.23</ele>
      </trkpt>
      <trkpt lat="36.427623615856" lon="127.059031359333">
        <ele>22.32</ele>
      </trkpt>
      <trkpt lat="36.427534072796" lon="127.059018794545">
        <ele>22.39</ele>
      </trkpt>
      <trkpt lat="36.427444529735" lon="127.059006229756">
        <ele>22.51</ele>
      </trkpt>
      <trkpt lat="36.4274074632142" lon="127.059001028538">
        <ele>22.53</ele>
      </trkpt>
      <trkpt lat="36.427354834374" lon="127.058995577787">
        <ele>22.55</ele>
      </trkpt>
      <trkpt lat="36.427265031438" lon="127.058986276928">
        <ele>22.6</ele>
      </trkpt>
      <trkpt lat="36.427175228502" lon="127.058976976068">
        <ele>22.65</ele>
      </trkpt>
      <trkpt lat="36.4270966916166" lon="127.05896884203">
        <ele>22.64</ele>
      </trkpt>
      <trkpt lat="36.427085642456" lon="127.058965880173">
        <ele>22.64</ele>
      </trkpt>
      <trkpt lat="36.426997568374" lon="127.058942270882">
        <ele>22.63</ele>
      </trkpt>
      <trkpt lat="36.426909494293" lon="127.058918661591">
        <ele>22.63</ele>
      </trkpt>
      <trkpt lat="36.4268765609824" lon="127.058909833431">
        <ele>22.63</ele>
      </trkpt>
      <trkpt lat="36.426821678325" lon="127.05889364808">
        <ele>22.62</ele>
      </trkpt>
      <trkpt lat="36.426734016518" lon="127.058867795885">
        <ele>22.61</ele>
      </trkpt>
      <trkpt lat="36.426646354711" lon="127.05884194369">
        <ele>22.6</ele>
      </trkpt>
      <trkpt lat="36.4266218992739" lon="127.058834731579">
        <ele>22.6</ele>
      </trkpt>
      <trkpt lat="36.426559844133" lon="127.058810893371">
        <ele>22.59</ele>
      </trkpt>
      <trkpt lat="36.426473778982" lon="127.058777831824">
        <ele>22.58</ele>
      </trkpt>
      <trkpt lat="36.426387713831" lon="127.058744770278">
        <ele>22.58</ele>
      </trkpt>
      <trkpt lat="36.4263845020137" lon="127.058743536472">
        <ele>22.58</ele>
      </trkpt>
      <trkpt lat="36.426303941508" lon="127.058703702893">
        <ele>22.57</ele>
      </trkpt>
      <trkpt lat="36.426220258066" lon="127.058662325161">
        <ele>22.56</ele>
      </trkpt>
      <trkpt lat="36.4261837928547" lon="127.058644294739">
        <ele>22.56</ele>
      </trkpt>
      <trkpt lat="36.426137268981" lon="127.058618902627">
        <ele>22.55</ele>
      </trkpt>
      <trkpt lat="36.426054816125" lon="127.058573900954">
        <ele>22.54</ele>
      </trkpt>
      <trkpt lat="36.42597236327" lon="127.058528899281">
        <ele>22.53</ele>
      </trkpt>
      <trkpt lat="36.425889910415" lon="127.058483897607">
        <ele>22.53</ele>
      </trkpt>
      <trkpt lat="36.42580745756" lon="127.058438895934">
        <ele>22.52</ele>
      </trkpt>
      <trkpt lat="36.425775898449" lon="127.058421671391">
        <ele>22.52</ele>
      </trkpt>
      <trkpt lat="36.425727718485" lon="127.058387273107">
        <ele>22.51</ele>
      </trkpt>
      <trkpt lat="36.425649662221" lon="127.058331544516">
        <ele>22.41</ele>
      </trkpt>
      <trkpt lat="36.425571605957" lon="127.058275815925">
        <ele>22.34</ele>
      </trkpt>
      <trkpt lat="36.425493549693" lon="127.058220087333">
        <ele>22.39</ele>
      </trkpt>
      <trkpt lat="36.425415493428" lon="127.058164358742">
        <ele>22.26</ele>
      </trkpt>
      <trkpt lat="36.4253701600888" lon="127.058131992817">
        <ele>22.2</ele>
      </trkpt>
      <trkpt lat="36.425338167385" lon="127.05810713006">
        <ele>22.16</ele>
      </trkpt>
      <trkpt lat="36.425261852968" lon="127.058047823198">
        <ele>22.07</ele>
      </trkpt>
      <trkpt lat="36.425185538551" lon="127.057988516336">
        <ele>21.96</ele>
      </trkpt>
      <trkpt lat="36.425109224134" lon="127.057929209474">
        <ele>21.89</ele>
      </trkpt>
      <trkpt lat="36.425032909717" lon="127.057869902613">
        <ele>21.85</ele>
      </trkpt>
      <trkpt lat="36.4249565953" lon="127.057810595751">
        <ele>21.78</ele>
      </trkpt>
      <trkpt lat="36.424880280882" lon="127.057751288889">
        <ele>21.7</ele>
      </trkpt>
      <trkpt lat="36.424803966465" lon="127.057691982028">
        <ele>21.63</ele>
      </trkpt>
      <trkpt lat="36.424727652048" lon="127.057632675166">
        <ele>21.56</ele>
      </trkpt>
      <trkpt lat="36.424651337631" lon="127.057573368304">
        <ele>21.46</ele>
      </trkpt>
      <trkpt lat="36.424575023214" lon="127.057514061442">
        <ele>21.4</ele>
      </trkpt>
      <trkpt lat="36.424498708797" lon="127.057454754581">
        <ele>21.29</ele>
      </trkpt>
      <trkpt lat="36.42442239438" lon="127.057395447719">
        <ele>21.19</ele>
      </trkpt>
      <trkpt lat="36.424346079962" lon="127.057336140857">
        <ele>21.15</ele>
      </trkpt>
      <trkpt lat="36.424269765545" lon="127.057276833996">
        <ele>21.06</ele>
      </trkpt>
      <trkpt lat="36.424193451128" lon="127.057217527134">
        <ele>20.94</ele>
      </trkpt>
      <trkpt lat="36.424117136711" lon="127.057158220272">
        <ele>20.88</ele>
      </trkpt>
      <trkpt lat="36.424040822294" lon="127.057098913411">
        <ele>20.78</ele>
      </trkpt>
      <trkpt lat="36.423964507877" lon="127.057039606549">
        <ele>20.73</ele>
      </trkpt>
      <trkpt lat="36.42388819346" lon="127.056980299687">
        <ele>20.71</ele>
      </trkpt>
      <trkpt lat="36.423811879043" lon="127.056920992825">
        <ele>20.59</ele>
      </trkpt>
      <trkpt lat="36.423735564625" lon="127.056861685964">
        <ele>20.51</ele>
      </trkpt>
      <trkpt lat="36.4236651725281" lon="127.056806981564">
        <ele>20.4</ele>
      </trkpt>
      <trkpt lat="36.423659241195" lon="127.056802396981">
        <ele>20.4</ele>
      </trkpt>
      <trkpt lat="36.42358281064" lon="127.056743320504">
        <ele>20.37</ele>
      </trkpt>
      <trkpt lat="36.423506380085" lon="127.056684244027">
        <ele>20.23</ele>
      </trkpt>
      <trkpt lat="36.42342994953" lon="127.056625167549">
        <ele>20.2</ele>
      </trkpt>
      <trkpt lat="36.423353518975" lon="127.056566091072">
        <ele>20.09</ele>
      </trkpt>
      <trkpt lat="36.42327708842" lon="127.056507014595">
        <ele>20.03</ele>
      </trkpt>
      <trkpt lat="36.423200657864" lon="127.056447938118">
        <ele>19.93</ele>
      </trkpt>
      <trkpt lat="36.423124227309" lon="127.056388861641">
        <ele>19.89</ele>
      </trkpt>
      <trkpt lat="36.423047796754" lon="127.056329785164">
        <ele>19.81</ele>
      </trkpt>
      <trkpt lat="36.422971366199" lon="127.056270708687">
        <ele>19.77</ele>
      </trkpt>
      <trkpt lat="36.422894935644" lon="127.056211632209">
        <ele>19.75</ele>
      </trkpt>
      <trkpt lat="36.422818505089" lon="127.056152555732">
        <ele>19.73</ele>
      </trkpt>
      <trkpt lat="36.4227802908088" lon="127.056123018265">
        <ele>19.73</ele>
      </trkpt>
      <trkpt lat="36.422742907199" lon="127.05609189081">
        <ele>19.73</ele>
      </trkpt>
      <trkpt lat="36.422668141932" lon="127.056029637527">
        <ele>19.74</ele>
      </trkpt>
      <trkpt lat="36.422593376664" lon="127.055967384243">
        <ele>19.71</ele>
      </trkpt>
      <trkpt lat="36.422518611397" lon="127.05590513096">
        <ele>19.71</ele>
      </trkpt>
      <trkpt lat="36.42244384613" lon="127.055842877676">
        <ele>19.76</ele>
      </trkpt>
      <trkpt lat="36.422369080862" lon="127.055780624393">
        <ele>19.82</ele>
      </trkpt>
      <trkpt lat="36.4223486375304" lon="127.055763602257">
        <ele>19.83</ele>
      </trkpt>
      <trkpt lat="36.422296199959" lon="127.055715085875">
        <ele>19.86</ele>
      </trkpt>
      <trkpt lat="36.422224028211" lon="127.055648311002">
        <ele>19.91</ele>
      </trkpt>
      <trkpt lat="36.422151856463" lon="127.05558153613">
        <ele>19.94</ele>
      </trkpt>
      <trkpt lat="36.422079684715" lon="127.055514761258">
        <ele>20.03</ele>
      </trkpt>
      <trkpt lat="36.422007512967" lon="127.055447986386">
        <ele>20.13</ele>
      </trkpt>
      <trkpt lat="36.421935341218" lon="127.055381211514">
        <ele>20.22</ele>
      </trkpt>
      <trkpt lat="36.42186316947" lon="127.055314436642">
        <ele>20.32</ele>
      </trkpt>
      <trkpt lat="36.421858708152" lon="127.055310308933">
        <ele>20.32</ele>
      </trkpt>
      <trkpt lat="36.42179125294" lon="127.055247242113">
        <ele>20.39</ele>
      </trkpt>
      <trkpt lat="36.421719353225" lon="127.055180019933">
        <ele>20.46</ele>
      </trkpt>
      <trkpt lat="36.42164745351" lon="127.055112797753">
        <ele>20.58</ele>
      </trkpt>
      <trkpt lat="36.421575553796" lon="127.055045575573">
        <ele>20.65</ele>
      </trkpt>
      <trkpt lat="36.421503654081" lon="127.054978353394">
        <ele>20.73</ele>
      </trkpt>
      <trkpt lat="36.421431754366" lon="127.054911131214">
        <ele>20.82</ele>
      </trkpt>
      <trkpt lat="36.421359854652" lon="127.054843909034">
        <ele>20.86</ele>
      </trkpt>
      <trkpt lat="36.421287954937" lon="127.054776686854">
        <ele>20.9</ele>
      </trkpt>
      <trkpt lat="36.421216055222" lon="127.054709464675">
        <ele>20.97</ele>
      </trkpt>
      <trkpt lat="36.421161578642" lon="127.054658532143">
        <ele>21.02</ele>
      </trkpt>
      <trkpt lat="36.421143770494" lon="127.054642893028">
        <ele>21.03</ele>
      </trkpt>
      <trkpt lat="36.42107028195" lon="127.054578355389">
        <ele>21.07</ele>
      </trkpt>
      <trkpt lat="36.420996793405" lon="127.054513817751">
        <ele>21.07</ele>
      </trkpt>
      <trkpt lat="36.420923304861" lon="127.054449280112">
        <ele>21.1</ele>
      </trkpt>
      <trkpt lat="36.420849816317" lon="127.054384742474">
        <ele>21.12</ele>
      </trkpt>
      <trkpt lat="36.4208378321594" lon="127.054374217987">
        <ele>21.12</ele>
      </trkpt>
      <trkpt lat="36.420774361485" lon="127.054323807893">
        <ele>21.11</ele>
      </trkpt>
      <trkpt lat="36.42069852352" lon="127.054263575368">
        <ele>21.12</ele>
      </trkpt>
      <trkpt lat="36.420622685555" lon="127.054203342844">
        <ele>21.09</ele>
      </trkpt>
      <trkpt lat="36.420550775816" lon="127.054146230221">
        <ele>21.06</ele>
      </trkpt>
      <trkpt lat="36.420546729781" lon="127.054143350042">
        <ele>21.06</ele>
      </trkpt>
      <trkpt lat="36.420468617399" lon="127.054087745568">
        <ele>20.96</ele>
      </trkpt>
      <trkpt lat="36.420390505017" lon="127.054032141095">
        <ele>20.86</ele>
      </trkpt>
      <trkpt lat="36.420312392635" lon="127.053976536621">
        <ele>20.73</ele>
      </trkpt>
      <trkpt lat="36.420234280253" lon="127.053920932148">
        <ele>20.62</ele>
      </trkpt>
      <trkpt lat="36.420156167871" lon="127.053865327675">
        <ele>20.54</ele>
      </trkpt>
      <trkpt lat="36.4201061601368" lon="127.053829729557">
        <ele>20.56</ele>
      </trkpt>
      <trkpt lat="36.42007774991" lon="127.053810395364">
        <ele>20.57</ele>
      </trkpt>
      <trkpt lat="36.41999878822" lon="127.053756659061">
        <ele>20.47</ele>
      </trkpt>
      <trkpt lat="36.41991982653" lon="127.053702922757">
        <ele>20.38</ele>
      </trkpt>
      <trkpt lat="36.41984086484" lon="127.053649186454">
        <ele>20.33</ele>
      </trkpt>
      <trkpt lat="36.41976190315" lon="127.05359545015">
        <ele>20.2</ele>
      </trkpt>
      <trkpt lat="36.4197435590576" lon="127.053582966328">
        <ele>20.19</ele>
      </trkpt>
      <trkpt lat="36.419684323664" lon="127.053538746826">
        <ele>20.16</ele>
      </trkpt>
      <trkpt lat="36.419607162462" lon="127.053481145622">
        <ele>20.1</ele>
      </trkpt>
      <trkpt lat="36.419530001259" lon="127.053423544419">
        <ele>20.02</ele>
      </trkpt>
      <trkpt lat="36.419452840057" lon="127.053365943215">
        <ele>19.95</ele>
      </trkpt>
      <trkpt lat="36.419375678854" lon="127.053308342011">
        <ele>19.91</ele>
      </trkpt>
      <trkpt lat="36.419298517651" lon="127.053250740807">
        <ele>19.86</ele>
      </trkpt>
      <trkpt lat="36.419221356449" lon="127.053193139604">
        <ele>19.78</ele>
      </trkpt>
      <trkpt lat="36.419144195246" lon="127.0531355384">
        <ele>19.75</ele>
      </trkpt>
      <trkpt lat="36.4191327450781" lon="127.053126990795">
        <ele>19.74</ele>
      </trkpt>
      <trkpt lat="36.419066413412" lon="127.053079233461">
        <ele>19.71</ele>
      </trkpt>
      <trkpt lat="36.418988523434" lon="127.053023154397">
        <ele>19.69</ele>
      </trkpt>
      <trkpt lat="36.418910633455" lon="127.052967075333">
        <ele>19.68</ele>
      </trkpt>
      <trkpt lat="36.418832743476" lon="127.052910996268">
        <ele>19.69</ele>
      </trkpt>
      <trkpt lat="36.418754853497" lon="127.052854917204">
        <ele>19.66</ele>
      </trkpt>
      <trkpt lat="36.418676963518" lon="127.05279883814">
        <ele>19.56</ele>
      </trkpt>
      <trkpt lat="36.418599073539" lon="127.052742759076">
        <ele>19.65</ele>
      </trkpt>
      <trkpt lat="36.4185888360068" lon="127.052735388279">
        <ele>19.64</ele>
      </trkpt>
      <trkpt lat="36.418524524027" lon="127.052680185658">
        <ele>19.6</ele>
      </trkpt>
      <trkpt lat="36.418450480012" lon="127.052616629479">
        <ele>19.59</ele>
      </trkpt>
      <trkpt lat="36.4183794731664" lon="127.052555680275">
        <ele>19.7</ele>
      </trkpt>
      <trkpt lat="36.418376563049" lon="127.052552860163">
        <ele>19.7</ele>
      </trkpt>
      <trkpt lat="36.418305616455" lon="127.052484107822">
        <ele>19.75</ele>
      </trkpt>
      <trkpt lat="36.418234669861" lon="127.052415355482">
        <ele>19.82</ele>
      </trkpt>
      <trkpt lat="36.418163723267" lon="127.052346603142">
        <ele>19.86</ele>
      </trkpt>
      <trkpt lat="36.4181442090949" lon="127.052327692509">
        <ele>19.87</ele>
      </trkpt>
      <trkpt lat="36.418093604737" lon="127.052276569834">
        <ele>19.91</ele>
      </trkpt>
      <trkpt lat="36.418023800386" lon="127.052206050509">
        <ele>19.97</ele>
      </trkpt>
      <trkpt lat="36.417953996036" lon="127.052135531184">
        <ele>20</ele>
      </trkpt>
      <trkpt lat="36.417884191685" lon="127.052065011859">
        <ele>20.05</ele>
      </trkpt>
      <trkpt lat="36.4178441924102" lon="127.05202460289">
        <ele>20.08</ele>
      </trkpt>
      <trkpt lat="36.417812353411" lon="127.05199786923">
        <ele>20.11</ele>
      </trkpt>
      <trkpt lat="36.417737785553" lon="127.051935258225">
        <ele>20.13</ele>
      </trkpt>
      <trkpt lat="36.4176844708248" lon="127.051890492439">
        <ele>20.2</ele>
      </trkpt>
      <trkpt lat="36.41766309248" lon="127.051872877739">
        <ele>20.23</ele>
      </trkpt>
      <trkpt lat="36.417588085294" lon="127.051811075522">
        <ele>20.33</ele>
      </trkpt>
      <trkpt lat="36.417513078108" lon="127.051749273306">
        <ele>20.35</ele>
      </trkpt>
      <trkpt lat="36.417438070922" lon="127.05168747109">
        <ele>20.44</ele>
      </trkpt>
      <trkpt lat="36.417363063736" lon="127.051625668874">
        <ele>20.51</ele>
      </trkpt>
      <trkpt lat="36.417288056549" lon="127.051563866658">
        <ele>20.67</ele>
      </trkpt>
      <trkpt lat="36.4172873238371" lon="127.051563262939">
        <ele>20.67</ele>
      </trkpt>
      <trkpt lat="36.417210425429" lon="127.051507245193">
        <ele>20.7</ele>
      </trkpt>
      <trkpt lat="36.417132768424" lon="127.051450674836">
        <ele>20.86</ele>
      </trkpt>
      <trkpt lat="36.41705511142" lon="127.05139410448">
        <ele>20.91</ele>
      </trkpt>
      <trkpt lat="36.4170369475186" lon="127.051380872726">
        <ele>20.93</ele>
      </trkpt>
      <trkpt lat="36.416976954902" lon="127.051338601502">
        <ele>21</ele>
      </trkpt>
      <trkpt lat="36.416898645879" lon="127.051283424406">
        <ele>21.08</ele>
      </trkpt>
      <trkpt lat="36.4168275804946" lon="127.051233351231">
        <ele>21.14</ele>
      </trkpt>
      <trkpt lat="36.41682021263" lon="127.051228527205">
        <ele>21.15</ele>
      </trkpt>
      <trkpt lat="36.416740560643" lon="127.05117637596">
        <ele>21.22</ele>
      </trkpt>
      <trkpt lat="36.416660908656" lon="127.051124224716">
        <ele>21.27</ele>
      </trkpt>
      <trkpt lat="36.4166268466324" lon="127.051101922989">
        <ele>21.27</ele>
      </trkpt>
      <trkpt lat="36.416579746368" lon="127.051075909756">
        <ele>21.28</ele>
      </trkpt>
      <trkpt lat="36.416497455676" lon="127.051030461033">
        <ele>21.3</ele>
      </trkpt>
      <trkpt lat="36.416415164984" lon="127.050985012309">
        <ele>21.32</ele>
      </trkpt>
      <trkpt lat="36.416332874292" lon="127.050939563585">
        <ele>21.34</ele>
      </trkpt>
      <trkpt lat="36.4163160318866" lon="127.050930261612">
        <ele>21.34</ele>
      </trkpt>
      <trkpt lat="36.416249742355" lon="127.050896543271">
        <ele>21.34</ele>
      </trkpt>
      <trkpt lat="36.416166393933" lon="127.050854147882">
        <ele>21.28</ele>
      </trkpt>
      <trkpt lat="36.416083045512" lon="127.050811752493">
        <ele>21.3</ele>
      </trkpt>
      <trkpt lat="36.41599969709" lon="127.050769357104">
        <ele>21.29</ele>
      </trkpt>
      <trkpt lat="36.415916348668" lon="127.050726961715">
        <ele>21.18</ele>
      </trkpt>
      <trkpt lat="36.4158994518391" lon="127.0507183671">
        <ele>21.17</ele>
      </trkpt>
      <trkpt lat="36.415832625189" lon="127.05068571805">
        <ele>21.12</ele>
      </trkpt>
      <trkpt lat="36.415748806344" lon="127.050644767237">
        <ele>21.03</ele>
      </trkpt>
      <trkpt lat="36.415664987499" lon="127.050603816424">
        <ele>20.89</ele>
      </trkpt>
      <trkpt lat="36.415581168653" lon="127.050562865611">
        <ele>20.79</ele>
      </trkpt>
      <trkpt lat="36.415497349808" lon="127.050521914798">
        <ele>20.71</ele>
      </trkpt>
      <trkpt lat="36.415413530962" lon="127.050480963984">
        <ele>20.63</ele>
      </trkpt>
      <trkpt lat="36.4153943725154" lon="127.05047160387">
        <ele>20.61</ele>
      </trkpt>
      <trkpt lat="36.415329287669" lon="127.050441377034">
        <ele>20.56</ele>
      </trkpt>
      <trkpt lat="36.415244918614" lon="127.050402194186">
        <ele>20.49</ele>
      </trkpt>
      <trkpt lat="36.415160549559" lon="127.050363011339">
        <ele>20.43</ele>
      </trkpt>
      <trkpt lat="36.415076180504" lon="127.050323828492">
        <ele>20.37</ele>
      </trkpt>
      <trkpt lat="36.414991811449" lon="127.050284645645">
        <ele>20.33</ele>
      </trkpt>
      <trkpt lat="36.4149669951376" lon="127.050273120403">
        <ele>20.33</ele>
      </trkpt>
      <trkpt lat="36.414907608382" lon="127.050244921859">
        <ele>20.33</ele>
      </trkpt>
      <trkpt lat="36.414823474484" lon="127.050204972658">
        <ele>20.29</ele>
      </trkpt>
      <trkpt lat="36.414739340585" lon="127.050165023457">
        <ele>20.3</ele>
      </trkpt>
      <trkpt lat="36.414701501946" lon="127.05014705658">
        <ele>20.29</ele>
      </trkpt>
      <trkpt lat="36.414654989171" lon="127.050125788837">
        <ele>20.28</ele>
      </trkpt>
      <trkpt lat="36.414570459975" lon="127.050087138268">
        <ele>20.28</ele>
      </trkpt>
      <trkpt lat="36.414485930778" lon="127.050048487699">
        <ele>20.29</ele>
      </trkpt>
      <trkpt lat="36.414401401581" lon="127.05000983713">
        <ele>20.28</ele>
      </trkpt>
      <trkpt lat="36.414316872384" lon="127.04997118656">
        <ele>20.32</ele>
      </trkpt>
      <trkpt lat="36.414232343187" lon="127.049932535991">
        <ele>20.34</ele>
      </trkpt>
      <trkpt lat="36.4142028903288" lon="127.049919068813">
        <ele>20.35</ele>
      </trkpt>
      <trkpt lat="36.414148084421" lon="127.04989299811">
        <ele>20.37</ele>
      </trkpt>
      <trkpt lat="36.414063970272" lon="127.049852985725">
        <ele>20.43</ele>
      </trkpt>
      <trkpt lat="36.413979856122" lon="127.04981297334">
        <ele>20.48</ele>
      </trkpt>
      <trkpt lat="36.413895741972" lon="127.049772960956">
        <ele>20.53</ele>
      </trkpt>
      <trkpt lat="36.413811627822" lon="127.049732948571">
        <ele>20.64</ele>
      </trkpt>
      <trkpt lat="36.413727513673" lon="127.049692936187">
        <ele>20.72</ele>
      </trkpt>
      <trkpt lat="36.4136503126762" lon="127.04965621233">
        <ele>20.8</ele>
      </trkpt>
      <trkpt lat="36.413643400077" lon="127.049652922043">
        <ele>20.81</ele>
      </trkpt>
      <trkpt lat="36.413559292666" lon="127.04961288826">
        <ele>20.94</ele>
      </trkpt>
      <trkpt lat="36.413475185255" lon="127.049572854476">
        <ele>21.07</ele>
      </trkpt>
      <trkpt lat="36.413391077843" lon="127.049532820693">
        <ele>21.16</ele>
      </trkpt>
      <trkpt lat="36.413306970432" lon="127.04949278691">
        <ele>21.33</ele>
      </trkpt>
      <trkpt lat="36.413222863021" lon="127.049452753126">
        <ele>21.45</ele>
      </trkpt>
      <trkpt lat="36.41313875561" lon="127.049412719343">
        <ele>21.66</ele>
      </trkpt>
      <trkpt lat="36.413054648199" lon="127.04937268556">
        <ele>21.66</ele>
      </trkpt>
      <trkpt lat="36.413013548397" lon="127.049353122711">
        <ele>21.69</ele>
      </trkpt>
      <trkpt lat="36.412971309686" lon="127.049330332715">
        <ele>21.73</ele>
      </trkpt>
      <trkpt lat="36.412888705965" lon="127.049285763683">
        <ele>21.8</ele>
      </trkpt>
      <trkpt lat="36.412806102243" lon="127.049241194651">
        <ele>21.87</ele>
      </trkpt>
      <trkpt lat="36.412723498522" lon="127.049196625618">
        <ele>21.94</ele>
      </trkpt>
      <trkpt lat="36.4126854508662" lon="127.049176096916">
        <ele>21.97</ele>
      </trkpt>
      <trkpt lat="36.412641488385" lon="127.049150438403">
        <ele>22.01</ele>
      </trkpt>
      <trkpt lat="36.412559985126" lon="127.049102869376">
        <ele>22.08</ele>
      </trkpt>
      <trkpt lat="36.412478481867" lon="127.04905530035">
        <ele>22.15</ele>
      </trkpt>
      <trkpt lat="36.4124005229388" lon="127.049009799957">
        <ele>22.21</ele>
      </trkpt>
      <trkpt lat="36.412397078179" lon="127.049007488159">
        <ele>22.21</ele>
      </trkpt>
      <trkpt lat="36.412317864613" lon="127.048954327484">
        <ele>22.28</ele>
      </trkpt>
      <trkpt lat="36.412238651047" lon="127.048901166808">
        <ele>22.35</ele>
      </trkpt>
      <trkpt lat="36.412159437481" lon="127.048848006132">
        <ele>22.42</ele>
      </trkpt>
      <trkpt lat="36.412080223915" lon="127.048794845457">
        <ele>22.49</ele>
      </trkpt>
      <trkpt lat="36.412001010349" lon="127.048741684781">
        <ele>22.56</ele>
      </trkpt>
      <trkpt lat="36.411921796783" lon="127.048688524105">
        <ele>22.63</ele>
      </trkpt>
      <trkpt lat="36.4118889451738" lon="127.048666477203">
        <ele>22.66</ele>
      </trkpt>
      <trkpt lat="36.411844709987" lon="127.048630939225">
        <ele>22.7</ele>
      </trkpt>
      <trkpt lat="36.411769130199" lon="127.048570219399">
        <ele>22.76</ele>
      </trkpt>
      <trkpt lat="36.41169355041" lon="127.048509499573">
        <ele>22.75</ele>
      </trkpt>
      <trkpt lat="36.411617970622" lon="127.048448779746">
        <ele>22.71</ele>
      </trkpt>
      <trkpt lat="36.411542390833" lon="127.04838805992">
        <ele>22.65</ele>
      </trkpt>
      <trkpt lat="36.411466811045" lon="127.048327340094">
        <ele>22.5</ele>
      </trkpt>
      <trkpt lat="36.411391231256" lon="127.048266620267">
        <ele>22.37</ele>
      </trkpt>
      <trkpt lat="36.411315651468" lon="127.048205900441">
        <ele>22.26</ele>
      </trkpt>
      <trkpt lat="36.411240071679" lon="127.048145180615">
        <ele>22.16</ele>
      </trkpt>
      <trkpt lat="36.411164491891" lon="127.048084460788">
        <ele>21.99</ele>
      </trkpt>
      <trkpt lat="36.411088912102" lon="127.048023740962">
        <ele>21.86</ele>
      </trkpt>
      <trkpt lat="36.411013332314" lon="127.047963021136">
        <ele>21.67</ele>
      </trkpt>
      <trkpt lat="36.410937752525" lon="127.04790230131">
        <ele>21.49</ele>
      </trkpt>
      <trkpt lat="36.410862172737" lon="127.047841581483">
        <ele>21.29</ele>
      </trkpt>
      <trkpt lat="36.410786592948" lon="127.047780861657">
        <ele>21.14</ele>
      </trkpt>
      <trkpt lat="36.41071101316" lon="127.047720141831">
        <ele>20.95</ele>
      </trkpt>
      <trkpt lat="36.410635433371" lon="127.047659422004">
        <ele>20.73</ele>
      </trkpt>
      <trkpt lat="36.410559853583" lon="127.047598702178">
        <ele>20.54</ele>
      </trkpt>
      <trkpt lat="36.410484273794" lon="127.047537982352">
        <ele>20.37</ele>
      </trkpt>
      <trkpt lat="36.410408694005" lon="127.047477262525">
        <ele>20.18</ele>
      </trkpt>
      <trkpt lat="36.410333114217" lon="127.047416542699">
        <ele>20.04</ele>
      </trkpt>
      <trkpt lat="36.410257534428" lon="127.047355822873">
        <ele>19.87</ele>
      </trkpt>
      <trkpt lat="36.41018195464" lon="127.047295103047">
        <ele>19.75</ele>
      </trkpt>
      <trkpt lat="36.410106374851" lon="127.04723438322">
        <ele>19.65</ele>
      </trkpt>
      <trkpt lat="36.410030795063" lon="127.047173663394">
        <ele>19.5</ele>
      </trkpt>
      <trkpt lat="36.409955215274" lon="127.047112943568">
        <ele>19.41</ele>
      </trkpt>
      <trkpt lat="36.409879635486" lon="127.047052223741">
        <ele>19.3</ele>
      </trkpt>
      <trkpt lat="36.409804055697" lon="127.046991503915">
        <ele>19.22</ele>
      </trkpt>
      <trkpt lat="36.409728475909" lon="127.046930784089">
        <ele>19.16</ele>
      </trkpt>
      <trkpt lat="36.40965289612" lon="127.046870064262">
        <ele>19.03</ele>
      </trkpt>
      <trkpt lat="36.4096353726319" lon="127.046855986118">
        <ele>19.01</ele>
      </trkpt>
      <trkpt lat="36.409579473905" lon="127.0468054719">
        <ele>18.95</ele>
      </trkpt>
      <trkpt lat="36.409506702922" lon="127.046739710667">
        <ele>18.96</ele>
      </trkpt>
      <trkpt lat="36.40943393194" lon="127.046673949434">
        <ele>18.84</ele>
      </trkpt>
      <trkpt lat="36.409361160958" lon="127.0466081882">
        <ele>18.72</ele>
      </trkpt>
      <trkpt lat="36.4093266885437" lon="127.046577036381">
        <ele>18.68</ele>
      </trkpt>
      <trkpt lat="36.409289547974" lon="127.046540546533">
        <ele>18.63</ele>
      </trkpt>
      <trkpt lat="36.409218977299" lon="127.046471212293">
        <ele>18.63</ele>
      </trkpt>
      <trkpt lat="36.409148406625" lon="127.046401878053">
        <ele>18.63</ele>
      </trkpt>
      <trkpt lat="36.4091410457742" lon="127.046394646168">
        <ele>18.63</ele>
      </trkpt>
      <trkpt lat="36.40908231701" lon="127.046326140811">
        <ele>18.66</ele>
      </trkpt>
      <trkpt lat="36.40901674922" lon="127.046249657933">
        <ele>18.66</ele>
      </trkpt>
      <trkpt lat="36.40895118143" lon="127.046173175056">
        <ele>18.73</ele>
      </trkpt>
      <trkpt lat="36.4089294988216" lon="127.046147882938">
        <ele>18.74</ele>
      </trkpt>
      <trkpt lat="36.408887453496" lon="127.046094381078">
        <ele>18.77</ele>
      </trkpt>
      <trkpt lat="36.40882463459" lon="127.046014445241">
        <ele>18.8</ele>
      </trkpt>
      <trkpt lat="36.408761815685" lon="127.045934509405">
        <ele>18.88</ele>
      </trkpt>
      <trkpt lat="36.40869899678" lon="127.045854573568">
        <ele>18.97</ele>
      </trkpt>
      <trkpt lat="36.408636177874" lon="127.045774637731">
        <ele>19.04</ele>
      </trkpt>
      <trkpt lat="36.408573358969" lon="127.045694701895">
        <ele>19.14</ele>
      </trkpt>
      <trkpt lat="36.4085711628734" lon="127.045691907406">
        <ele>19.14</ele>
      </trkpt>
      <trkpt lat="36.408515264261" lon="127.045609486262">
        <ele>19.21</ele>
      </trkpt>
      <trkpt lat="36.40845734069" lon="127.045524079365">
        <ele>19.31</ele>
      </trkpt>
      <trkpt lat="36.4084092635596" lon="127.045453190804">
        <ele>19.43</ele>
      </trkpt>
      <trkpt lat="36.408400212416" lon="127.04543790085">
        <ele>19.45</ele>
      </trkpt>
      <trkpt lat="36.408346967328" lon="127.045347954767">
        <ele>19.62</ele>
      </trkpt>
      <trkpt lat="36.408293722241" lon="127.045258008684">
        <ele>19.64</ele>
      </trkpt>
      <trkpt lat="36.408240477153" lon="127.0451680626">
        <ele>19.83</ele>
      </trkpt>
      <trkpt lat="36.408187232065" lon="127.045078116517">
        <ele>19.97</ele>
      </trkpt>
      <trkpt lat="36.408133986978" lon="127.044988170434">
        <ele>20.13</ele>
      </trkpt>
      <trkpt lat="36.40808074189" lon="127.044898224351">
        <ele>20.32</ele>
      </trkpt>
      <trkpt lat="36.408027496803" lon="127.044808278267">
        <ele>20.42</ele>
      </trkpt>
      <trkpt lat="36.4080250211708" lon="127.044804096222">
        <ele>20.43</ele>
      </trkpt>
      <trkpt lat="36.407977666677" lon="127.044715393279">
        <ele>20.53</ele>
      </trkpt>
      <trkpt lat="36.407928003072" lon="127.044622364982">
        <ele>20.56</ele>
      </trkpt>
      <trkpt lat="36.407878339467" lon="127.044529336686">
        <ele>20.72</ele>
      </trkpt>
      <trkpt lat="36.407828675862" lon="127.04443630839">
        <ele>20.96</ele>
      </trkpt>
      <trkpt lat="36.407779012257" lon="127.044343280094">
        <ele>21.1</ele>
      </trkpt>
      <trkpt lat="36.407729348652" lon="127.044250251797">
        <ele>21.24</ele>
      </trkpt>
      <trkpt lat="36.407679685047" lon="127.044157223501">
        <ele>21.35</ele>
      </trkpt>
      <trkpt lat="36.407630021442" lon="127.044064195205">
        <ele>21.52</ele>
      </trkpt>
      <trkpt lat="36.407580357838" lon="127.043971166909">
        <ele>21.63</ele>
      </trkpt>
      <trkpt lat="36.407530694233" lon="127.043878138612">
        <ele>21.79</ele>
      </trkpt>
      <trkpt lat="36.407481030628" lon="127.043785110316">
        <ele>21.9</ele>
      </trkpt>
      <trkpt lat="36.407431367023" lon="127.04369208202">
        <ele>22.02</ele>
      </trkpt>
      <trkpt lat="36.407381703418" lon="127.043599053724">
        <ele>22.14</ele>
      </trkpt>
      <trkpt lat="36.407332039813" lon="127.043506025427">
        <ele>22.22</ele>
      </trkpt>
      <trkpt lat="36.4073104979684" lon="127.043465673924">
        <ele>22.29</ele>
      </trkpt>
      <trkpt lat="36.407282341123" lon="127.043413026212">
        <ele>22.37</ele>
      </trkpt>
      <trkpt lat="36.407232615557" lon="127.043320049273">
        <ele>22.52</ele>
      </trkpt>
      <trkpt lat="36.407182889991" lon="127.043227072334">
        <ele>22.66</ele>
      </trkpt>
      <trkpt lat="36.407133164425" lon="127.043134095395">
        <ele>22.79</ele>
      </trkpt>
      <trkpt lat="36.407083438859" lon="127.043041118456">
        <ele>22.93</ele>
      </trkpt>
      <trkpt lat="36.407033713293" lon="127.042948141517">
        <ele>23.06</ele>
      </trkpt>
      <trkpt lat="36.406983987727" lon="127.042855164578">
        <ele>23.2</ele>
      </trkpt>
      <trkpt lat="36.406934262161" lon="127.042762187639">
        <ele>23.33</ele>
      </trkpt>
      <trkpt lat="36.406884536596" lon="127.0426692107">
        <ele>23.46</ele>
      </trkpt>
      <trkpt lat="36.4068658064947" lon="127.042634189129">
        <ele>23.5</ele>
      </trkpt>
      <trkpt lat="36.40683478652" lon="127.042576254124">
        <ele>23.57</ele>
      </trkpt>
      <trkpt lat="36.406785021634" lon="127.042483309854">
        <ele>23.68</ele>
      </trkpt>
      <trkpt lat="36.406735256748" lon="127.042390365583">
        <ele>23.82</ele>
      </trkpt>
      <trkpt lat="36.406685491863" lon="127.042297421313">
        <ele>23.96</ele>
      </trkpt>
      <trkpt lat="36.406635726977" lon="127.042204477043">
        <ele>24.04</ele>
      </trkpt>
      <trkpt lat="36.406585962091" lon="127.042111532772">
        <ele>24.17</ele>
      </trkpt>
      <trkpt lat="36.406536197205" lon="127.042018588502">
        <ele>24.2</ele>
      </trkpt>
      <trkpt lat="36.4065225720148" lon="127.041993141174">
        <ele>24.23</ele>
      </trkpt>
      <trkpt lat="36.406483211651" lon="127.041928459898">
        <ele>24.3</ele>
      </trkpt>
      <trkpt lat="36.406429011859" lon="127.041839392842">
        <ele>24.37</ele>
      </trkpt>
      <trkpt lat="36.406374812066" lon="127.041750325785">
        <ele>24.43</ele>
      </trkpt>
      <trkpt lat="36.4063218115219" lon="127.041663229465">
        <ele>24.45</ele>
      </trkpt>
      <trkpt lat="36.406320579285" lon="127.041661290129">
        <ele>24.45</ele>
      </trkpt>
      <trkpt lat="36.406264888543" lon="127.041573642203">
        <ele>24.52</ele>
      </trkpt>
      <trkpt lat="36.406209197801" lon="127.041485994277">
        <ele>24.48</ele>
      </trkpt>
      <trkpt lat="36.4061599075207" lon="127.041408419609">
        <ele>24.47</ele>
      </trkpt>
      <trkpt lat="36.406153012347" lon="127.041398859072">
        <ele>24.47</ele>
      </trkpt>
      <trkpt lat="36.406093017095" lon="127.041315672362">
        <ele>24.46</ele>
      </trkpt>
      <trkpt lat="36.406033021842" lon="127.041232485651">
        <ele>24.45</ele>
      </trkpt>
      <trkpt lat="36.4060109555416" lon="127.041201889515">
        <ele>24.45</ele>
      </trkpt>
      <trkpt lat="36.405971787301" lon="127.041150708347">
        <ele>24.44</ele>
      </trkpt>
      <trkpt lat="36.405909831766" lon="127.041069751007">
        <ele>24.42</ele>
      </trkpt>
      <trkpt lat="36.405847876232" lon="127.040988793667">
        <ele>24.36</ele>
      </trkpt>
      <trkpt lat="36.405785920697" lon="127.040907836326">
        <ele>24.31</ele>
      </trkpt>
      <trkpt lat="36.405723965163" lon="127.040826878986">
        <ele>24.28</ele>
      </trkpt>
      <trkpt lat="36.405662009628" lon="127.040745921646">
        <ele>24.22</ele>
      </trkpt>
      <trkpt lat="36.405600054094" lon="127.040664964306">
        <ele>24.19</ele>
      </trkpt>
      <trkpt lat="36.40553809856" lon="127.040584006966">
        <ele>24.11</ele>
      </trkpt>
      <trkpt lat="36.405476143025" lon="127.040503049625">
        <ele>24.03</ele>
      </trkpt>
      <trkpt lat="36.405414187491" lon="127.040422092285">
        <ele>23.96</ele>
      </trkpt>
      <trkpt lat="36.405352231956" lon="127.040341134945">
        <ele>23.88</ele>
      </trkpt>
      <trkpt lat="36.405290276422" lon="127.040260177605">
        <ele>23.8</ele>
      </trkpt>
      <trkpt lat="36.405228320887" lon="127.040179220264">
        <ele>23.72</ele>
      </trkpt>
      <trkpt lat="36.4051755239321" lon="127.040110230446">
        <ele>23.66</ele>
      </trkpt>
      <trkpt lat="36.405166186181" lon="127.040098476817">
        <ele>23.65</ele>
      </trkpt>
      <trkpt lat="36.405103018593" lon="127.040018966408">
        <ele>23.52</ele>
      </trkpt>
      <trkpt lat="36.405039851004" lon="127.039939455999">
        <ele>23.46</ele>
      </trkpt>
      <trkpt lat="36.404976683416" lon="127.039859945591">
        <ele>23.39</ele>
      </trkpt>
      <trkpt lat="36.404913515827" lon="127.039780435182">
        <ele>23.31</ele>
      </trkpt>
      <trkpt lat="36.404850348239" lon="127.039700924773">
        <ele>23.16</ele>
      </trkpt>
      <trkpt lat="36.4048452345391" lon="127.039694488049">
        <ele>23.15</ele>
      </trkpt>
      <trkpt lat="36.404786410924" lon="127.03962236286">
        <ele>23.03</ele>
      </trkpt>
      <trkpt lat="36.404722405808" lon="127.039543884496">
        <ele>22.96</ele>
      </trkpt>
      <trkpt lat="36.404658400692" lon="127.039465406132">
        <ele>22.79</ele>
      </trkpt>
      <trkpt lat="36.404594395577" lon="127.039386927768">
        <ele>22.7</ele>
      </trkpt>
      <trkpt lat="36.404530390461" lon="127.039308449403">
        <ele>22.62</ele>
      </trkpt>
      <trkpt lat="36.40451710251" lon="127.039292156696">
        <ele>22.6</ele>
      </trkpt>
      <trkpt lat="36.404468939917" lon="127.039226937159">
        <ele>22.52</ele>
      </trkpt>
      <trkpt lat="36.404408158675" lon="127.039144630035">
        <ele>22.46</ele>
      </trkpt>
      <trkpt lat="36.404347377432" lon="127.03906232291">
        <ele>22.43</ele>
      </trkpt>
      <trkpt lat="36.4043249719286" lon="127.039031982422">
        <ele>22.41</ele>
      </trkpt>
      <trkpt lat="36.404286229091" lon="127.038980434559">
        <ele>22.38</ele>
      </trkpt>
      <trkpt lat="36.404224866422" lon="127.038898790706">
        <ele>22.3</ele>
      </trkpt>
      <trkpt lat="36.404163503752" lon="127.038817146853">
        <ele>22.19</ele>
      </trkpt>
      <trkpt lat="36.404102141083" lon="127.038735503">
        <ele>22.1</ele>
      </trkpt>
      <trkpt lat="36.404040778413" lon="127.038653859148">
        <ele>22.06</ele>
      </trkpt>
      <trkpt lat="36.403979415744" lon="127.038572215295">
        <ele>22</ele>
      </trkpt>
      <trkpt lat="36.403918053074" lon="127.038490571442">
        <ele>21.87</ele>
      </trkpt>
      <trkpt lat="36.403856690404" lon="127.038408927589">
        <ele>21.82</ele>
      </trkpt>
      <trkpt lat="36.403795327735" lon="127.038327283736">
        <ele>21.72</ele>
      </trkpt>
      <trkpt lat="36.4037766415895" lon="127.03830242157">
        <ele>21.7</ele>
      </trkpt>
      <trkpt lat="36.403733473148" lon="127.038246212108">
        <ele>21.64</ele>
      </trkpt>
      <trkpt lat="36.403671403172" lon="127.038165391032">
        <ele>21.56</ele>
      </trkpt>
      <trkpt lat="36.403609333197" lon="127.038084569956">
        <ele>21.48</ele>
      </trkpt>
      <trkpt lat="36.403547263221" lon="127.03800374888">
        <ele>21.4</ele>
      </trkpt>
      <trkpt lat="36.403506792561" lon="127.037951052189">
        <ele>21.35</ele>
      </trkpt>
      <trkpt lat="36.403484923392" lon="127.03792324888">
        <ele>21.32</ele>
      </trkpt>
      <trkpt lat="36.403422077936" lon="127.03784335048">
        <ele>21.26</ele>
      </trkpt>
      <trkpt lat="36.403359232481" lon="127.037763452081">
        <ele>21.19</ele>
      </trkpt>
      <trkpt lat="36.403296387025" lon="127.037683553682">
        <ele>21.02</ele>
      </trkpt>
      <trkpt lat="36.40323354157" lon="127.037603655282">
        <ele>21.03</ele>
      </trkpt>
      <trkpt lat="36.403170696114" lon="127.037523756883">
        <ele>20.96</ele>
      </trkpt>
      <trkpt lat="36.4031354787658" lon="127.037478983402">
        <ele>20.9</ele>
      </trkpt>
      <trkpt lat="36.403108684879" lon="127.037442883212">
        <ele>20.85</ele>
      </trkpt>
      <trkpt lat="36.403047737017" lon="127.037360766371">
        <ele>20.82</ele>
      </trkpt>
      <trkpt lat="36.402986789156" lon="127.03727864953">
        <ele>20.66</ele>
      </trkpt>
      <trkpt lat="36.402925841294" lon="127.037196532688">
        <ele>20.51</ele>
      </trkpt>
      <trkpt lat="36.402864893433" lon="127.037114415847">
        <ele>20.41</ele>
      </trkpt>
      <trkpt lat="36.402803945571" lon="127.037032299006">
        <ele>20.34</ele>
      </trkpt>
      <trkpt lat="36.4028030218855" lon="127.037031054497">
        <ele>20.34</ele>
      </trkpt>
      <trkpt lat="36.402742236705" lon="127.036951057178">
        <ele>20.2</ele>
      </trkpt>
      <trkpt lat="36.402680516129" lon="127.036869828815">
        <ele>19.81</ele>
      </trkpt>
      <trkpt lat="36.402618795552" lon="127.036788600452">
        <ele>19.81</ele>
      </trkpt>
      <trkpt lat="36.402557074976" lon="127.03670737209">
        <ele>19.81</ele>
      </trkpt>
      <trkpt lat="36.402495354399" lon="127.036626143727">
        <ele>19.81</ele>
      </trkpt>
      <trkpt lat="36.402433633822" lon="127.036544915364">
        <ele>19.81</ele>
      </trkpt>
      <trkpt lat="36.402371913246" lon="127.036463687001">
        <ele>19.82</ele>
      </trkpt>
      <trkpt lat="36.402310192669" lon="127.036382458638">
        <ele>19.78</ele>
      </trkpt>
      <trkpt lat="36.402248472092" lon="127.036301230276">
        <ele>19.72</ele>
      </trkpt>
      <trkpt lat="36.4022201395066" lon="127.036263942718">
        <ele>19.68</ele>
      </trkpt>
      <trkpt lat="36.402186395255" lon="127.036220420646">
        <ele>19.64</ele>
      </trkpt>
      <trkpt lat="36.402124016099" lon="127.036139966348">
        <ele>19.58</ele>
      </trkpt>
      <trkpt lat="36.402061636943" lon="127.036059512049">
        <ele>19.48</ele>
      </trkpt>
      <trkpt lat="36.401999257787" lon="127.035979057751">
        <ele>19.43</ele>
      </trkpt>
      <trkpt lat="36.401936878631" lon="127.035898603453">
        <ele>19.34</ele>
      </trkpt>
      <trkpt lat="36.401874499476" lon="127.035818149154">
        <ele>19.31</ele>
      </trkpt>
      <trkpt lat="36.40181212032" lon="127.035737694856">
        <ele>19.23</ele>
      </trkpt>
      <trkpt lat="36.4017667835225" lon="127.035679221153">
        <ele>19.19</ele>
      </trkpt>
      <trkpt lat="36.401749838424" lon="127.035657125885">
        <ele>19.18</ele>
      </trkpt>
      <trkpt lat="36.401687815264" lon="127.035576251859">
        <ele>19.16</ele>
      </trkpt>
      <trkpt lat="36.401625792104" lon="127.035495377834">
        <ele>19.13</ele>
      </trkpt>
      <trkpt lat="36.401563768944" lon="127.035414503808">
        <ele>19.12</ele>
      </trkpt>
      <trkpt lat="36.4015487399405" lon="127.035394906998">
        <ele>19.12</ele>
      </trkpt>
      <trkpt lat="36.4015018615" lon="127.035333494508">
        <ele>19.11</ele>
      </trkpt>
      <trkpt lat="36.401439991063" lon="127.035252441948">
        <ele>19.06</ele>
      </trkpt>
      <trkpt lat="36.401378120625" lon="127.035171389387">
        <ele>19.02</ele>
      </trkpt>
      <trkpt lat="36.401316250188" lon="127.035090336827">
        <ele>18.97</ele>
      </trkpt>
      <trkpt lat="36.40125437975" lon="127.035009284266">
        <ele>18.97</ele>
      </trkpt>
      <trkpt lat="36.4012313882875" lon="127.0349791646">
        <ele>18.97</ele>
      </trkpt>
            <trkpt lat="36.401179130464" lon="127.034907865497">
        <ele>18.97</ele>
      </trkpt>
      <trkpt lat="36.401118600048" lon="127.034825279503">
        <ele>18.93</ele>
      </trkpt>
      <trkpt lat="36.401058069632" lon="127.03474269351">
        <ele>18.96</ele>
      </trkpt>
      <trkpt lat="36.400997539217" lon="127.034660107516">
        <ele>18.95</ele>
      </trkpt>
      <trkpt lat="36.400937008801" lon="127.034577521522">
        <ele>18.99</ele>
      </trkpt>
      <trkpt lat="36.4008794934426" lon="127.034499049187">
        <ele>19.02</ele>
      </trkpt>
      <trkpt lat="36.400876326304" lon="127.034495114298">
        <ele>19.02</ele>
      </trkpt>
      <trkpt lat="36.400812742686" lon="127.034416117304">
        <ele>19.01</ele>
      </trkpt>
      <trkpt lat="36.400749159068" lon="127.034337120309">
        <ele>19.05</ele>
      </trkpt>
      <trkpt lat="36.40068557545" lon="127.034258123315">
        <ele>19.09</ele>
      </trkpt>
      <trkpt lat="36.400621991832" lon="127.03417912632">
        <ele>19.13</ele>
      </trkpt>
      <trkpt lat="36.400558408214" lon="127.034100129325">
        <ele>19.18</ele>
      </trkpt>
      <trkpt lat="36.4005211203678" lon="127.03405380249">
        <ele>19.19</ele>
      </trkpt>
      <trkpt lat="36.400494281553" lon="127.034021815447">
        <ele>19.14</ele>
      </trkpt>
      <trkpt lat="36.400429384848" lon="127.033944470239">
        <ele>19.18</ele>
      </trkpt>
      <trkpt lat="36.400364488142" lon="127.033867125032">
        <ele>19.11</ele>
      </trkpt>
      <trkpt lat="36.400299591437" lon="127.033789779824">
        <ele>19.14</ele>
      </trkpt>
      <trkpt lat="36.400234694731" lon="127.033712434616">
        <ele>19.16</ele>
      </trkpt>
      <trkpt lat="36.400169798026" lon="127.033635089408">
        <ele>19.13</ele>
      </trkpt>
      <trkpt lat="36.40010490132" lon="127.0335577442">
        <ele>19.14</ele>
      </trkpt>
      <trkpt lat="36.400040004615" lon="127.033480398993">
        <ele>19.12</ele>
      </trkpt>
      <trkpt lat="36.399975107909" lon="127.033403053785">
        <ele>19.05</ele>
      </trkpt>
      <trkpt lat="36.399910211204" lon="127.033325708577">
        <ele>19.08</ele>
      </trkpt>
      <trkpt lat="36.399845314499" lon="127.033248363369">
        <ele>19.08</ele>
      </trkpt>
      <trkpt lat="36.399780417793" lon="127.033171018162">
        <ele>19.06</ele>
      </trkpt>
      <trkpt lat="36.399715521088" lon="127.033093672954">
        <ele>19.06</ele>
      </trkpt>
      <trkpt lat="36.3996726763198" lon="127.033042609692">
        <ele>19.04</ele>
      </trkpt>
      <trkpt lat="36.399653752562" lon="127.033072390003">
        <ele>19.04</ele>
      </trkpt>
      <trkpt lat="36.3996402927757" lon="127.033093571663">
        <ele>19.03</ele>
      </trkpt>
      <trkpt lat="36.399689983164" lon="127.033151602932">
        <ele>19.12</ele>
      </trkpt>
      <trkpt lat="36.399755510784" lon="127.033228129823">
        <ele>19.09</ele>
      </trkpt>
      <trkpt lat="36.399821038404" lon="127.033304656714">
        <ele>19.08</ele>
      </trkpt>
      <trkpt lat="36.399886566024" lon="127.033381183605">
        <ele>19.08</ele>
      </trkpt>
      <trkpt lat="36.399952093644" lon="127.033457710495">
        <ele>19.08</ele>
      </trkpt>
      <trkpt lat="36.400017621264" lon="127.033534237386">
        <ele>19.13</ele>
      </trkpt>
      <trkpt lat="36.400083148883" lon="127.033610764277">
        <ele>19.14</ele>
      </trkpt>
      <trkpt lat="36.400148676503" lon="127.033687291168">
        <ele>19.15</ele>
      </trkpt>
      <trkpt lat="36.400214204123" lon="127.033763818059">
        <ele>19.13</ele>
      </trkpt>
      <trkpt lat="36.400279731743" lon="127.033840344949">
        <ele>19.15</ele>
      </trkpt>
      <trkpt lat="36.400345259363" lon="127.03391687184">
        <ele>19.14</ele>
      </trkpt>
      <trkpt lat="36.400410786983" lon="127.033993398731">
        <ele>19.18</ele>
      </trkpt>
      <trkpt lat="36.400476314602" lon="127.034069925622">
        <ele>19.19</ele>
      </trkpt>
      <trkpt lat="36.4005038493345" lon="127.034102082252">
        <ele>19.15</ele>
      </trkpt>
      <trkpt lat="36.400540827464" lon="127.034147745844">
        <ele>19.17</ele>
      </trkpt>
      <trkpt lat="36.400604604895" lon="127.034226503387">
        <ele>19.14</ele>
      </trkpt>
      <trkpt lat="36.400668382326" lon="127.034305260929">
        <ele>19.09</ele>
      </trkpt>
      <trkpt lat="36.400732159757" lon="127.034384018472">
        <ele>19.07</ele>
      </trkpt>
      <trkpt lat="36.400795937189" lon="127.034462776015">
        <ele>19.02</ele>
      </trkpt>
      <trkpt lat="36.40085971462" lon="127.034541533558">
        <ele>19.04</ele>
      </trkpt>
      <trkpt lat="36.4008600636195" lon="127.034541964531">
        <ele>19.04</ele>
      </trkpt>
      <trkpt lat="36.40092041321" lon="127.034623929507">
        <ele>19.02</ele>
      </trkpt>
      <trkpt lat="36.400981094859" lon="127.034706345475">
        <ele>18.99</ele>
      </trkpt>
      <trkpt lat="36.401041776509" lon="127.034788761444">
        <ele>18.95</ele>
      </trkpt>
      <trkpt lat="36.401102458158" lon="127.034871177412">
        <ele>18.9</ele>
      </trkpt>
      <trkpt lat="36.401163139808" lon="127.034953593381">
        <ele>18.93</ele>
      </trkpt>
      <trkpt lat="36.4012076408328" lon="127.035014033318">
        <ele>18.96</ele>
      </trkpt>
      <trkpt lat="36.4012211132" lon="127.035031934066">
        <ele>18.96</ele>
      </trkpt>
      <trkpt lat="36.401282519599" lon="127.03511352481">
        <ele>18.94</ele>
      </trkpt>
      <trkpt lat="36.401343925998" lon="127.035195115555">
        <ele>18.97</ele>
      </trkpt>
      <trkpt lat="36.401405332397" lon="127.0352767063">
        <ele>19.05</ele>
      </trkpt>
      <trkpt lat="36.401466738797" lon="127.035358297044">
        <ele>19.08</ele>
      </trkpt>
      <trkpt lat="36.4015185160294" lon="127.035427093506">
        <ele>19.06</ele>
      </trkpt>
      <trkpt lat="36.401528340452" lon="127.035439658634">
        <ele>19.06</ele>
      </trkpt>
      <trkpt lat="36.401590992027" lon="127.035519788025">
        <ele>19.13</ele>
      </trkpt>
      <trkpt lat="36.401653643602" lon="127.035599917417">
        <ele>19.14</ele>
      </trkpt>
      <trkpt lat="36.401716295177" lon="127.035680046809">
        <ele>19.16</ele>
      </trkpt>
      <trkpt lat="36.401778946752" lon="127.035760176201">
        <ele>19.21</ele>
      </trkpt>
      <trkpt lat="36.4018121192399" lon="127.035802602768">
        <ele>19.25</ele>
      </trkpt>
      <trkpt lat="36.401841466923" lon="127.035840462343">
        <ele>19.29</ele>
      </trkpt>
      <trkpt lat="36.401903839226" lon="127.035920924873">
        <ele>19.31</ele>
      </trkpt>
      <trkpt lat="36.40196621153" lon="127.036001387403">
        <ele>19.41</ele>
      </trkpt>
      <trkpt lat="36.402028583833" lon="127.036081849933">
        <ele>19.47</ele>
      </trkpt>
      <trkpt lat="36.402090956136" lon="127.036162312463">
        <ele>19.5</ele>
      </trkpt>
      <trkpt lat="36.402153328439" lon="127.036242774994">
        <ele>19.63</ele>
      </trkpt>
      <trkpt lat="36.402215700742" lon="127.036323237524">
        <ele>19.71</ele>
      </trkpt>
      <trkpt lat="36.402278073045" lon="127.036403700054">
        <ele>19.74</ele>
      </trkpt>
      <trkpt lat="36.402340445348" lon="127.036484162584">
        <ele>19.75</ele>
      </trkpt>
      <trkpt lat="36.4023755752352" lon="127.036529481411">
        <ele>19.79</ele>
      </trkpt>
      <trkpt lat="36.402402577831" lon="127.036564907471">
        <ele>19.82</ele>
      </trkpt>
      <trkpt lat="36.40246440106" lon="127.036646016464">
        <ele>19.89</ele>
      </trkpt>
      <trkpt lat="36.402526224289" lon="127.036727125458">
        <ele>19.96</ele>
      </trkpt>
      <trkpt lat="36.402588047517" lon="127.036808234451">
        <ele>20.02</ele>
      </trkpt>
      <trkpt lat="36.402649870746" lon="127.036889343445">
        <ele>20.09</ele>
      </trkpt>
      <trkpt lat="36.402711693975" lon="127.036970452438">
        <ele>20.16</ele>
      </trkpt>
      <trkpt lat="36.402773517203" lon="127.037051561432">
        <ele>20.27</ele>
      </trkpt>
      <trkpt lat="36.402835340432" lon="127.037132670425">
        <ele>20.43</ele>
      </trkpt>
      <trkpt lat="36.402897163661" lon="127.037213779419">
        <ele>20.5</ele>
      </trkpt>
      <trkpt lat="36.402958986889" lon="127.037294888412">
        <ele>20.63</ele>
      </trkpt>
      <trkpt lat="36.4029929974199" lon="127.037339508533">
        <ele>20.71</ele>
      </trkpt>
      <trkpt lat="36.40302101171" lon="127.037375760955">
        <ele>20.78</ele>
      </trkpt>
      <trkpt lat="36.403083283047" lon="127.037456344354">
        <ele>20.83</ele>
      </trkpt>
      <trkpt lat="36.403145554384" lon="127.037536927754">
        <ele>20.94</ele>
      </trkpt>
      <trkpt lat="36.403207825721" lon="127.037617511153">
        <ele>21</ele>
      </trkpt>
      <trkpt lat="36.403270097058" lon="127.037698094553">
        <ele>21.07</ele>
      </trkpt>
      <trkpt lat="36.403332368395" lon="127.037778677952">
        <ele>21.16</ele>
      </trkpt>
      <trkpt lat="36.403394639732" lon="127.037859261352">
        <ele>21.18</ele>
      </trkpt>
      <trkpt lat="36.403456911069" lon="127.037939844751">
        <ele>21.32</ele>
      </trkpt>
      <trkpt lat="36.403519182405" lon="127.038020428151">
        <ele>21.39</ele>
      </trkpt>
      <trkpt lat="36.403581453742" lon="127.03810101155">
        <ele>21.47</ele>
      </trkpt>
      <trkpt lat="36.403643725079" lon="127.03818159495">
        <ele>21.56</ele>
      </trkpt>
      <trkpt lat="36.403705996416" lon="127.038262178349">
        <ele>21.64</ele>
      </trkpt>
      <trkpt lat="36.4037205130688" lon="127.038280963898">
        <ele>21.65</ele>
      </trkpt>
      <trkpt lat="36.403765248093" lon="127.038346128516">
        <ele>21.68</ele>
      </trkpt>
      <trkpt lat="36.403823581841" lon="127.038431102125">
        <ele>21.77</ele>
      </trkpt>
      <trkpt lat="36.40388191559" lon="127.038516075735">
        <ele>21.84</ele>
      </trkpt>
      <trkpt lat="36.403940249338" lon="127.038601049344">
        <ele>21.87</ele>
      </trkpt>
      <trkpt lat="36.403998583086" lon="127.038686022954">
        <ele>21.99</ele>
      </trkpt>
      <trkpt lat="36.404056916835" lon="127.038770996563">
        <ele>22.05</ele>
      </trkpt>
      <trkpt lat="36.4040961416276" lon="127.038828134537">
        <ele>22.06</ele>
      </trkpt>
      <trkpt lat="36.404116495135" lon="127.038854585853">
        <ele>22.06</ele>
      </trkpt>
      <trkpt lat="36.404178628115" lon="127.038935333563">
        <ele>22.19</ele>
      </trkpt>
      <trkpt lat="36.404240761096" lon="127.039016081272">
        <ele>22.31</ele>
      </trkpt>
      <trkpt lat="36.404302894076" lon="127.039096828982">
        <ele>22.31</ele>
      </trkpt>
      <trkpt lat="36.404365027057" lon="127.039177576692">
        <ele>22.42</ele>
      </trkpt>
      <trkpt lat="36.404427160037" lon="127.039258324401">
        <ele>22.48</ele>
      </trkpt>
      <trkpt lat="36.404489293018" lon="127.039339072111">
        <ele>22.53</ele>
      </trkpt>
      <trkpt lat="36.404551425998" lon="127.03941981982">
        <ele>22.61</ele>
      </trkpt>
      <trkpt lat="36.404613558978" lon="127.03950056753">
        <ele>22.7</ele>
      </trkpt>
      <trkpt lat="36.4046595810612" lon="127.039560377598">
        <ele>22.75</ele>
      </trkpt>
      <trkpt lat="36.40467639167" lon="127.039580455874">
        <ele>22.77</ele>
      </trkpt>
      <trkpt lat="36.404741223145" lon="127.03965788937">
        <ele>22.95</ele>
      </trkpt>
      <trkpt lat="36.40480605462" lon="127.039735322866">
        <ele>23.14</ele>
      </trkpt>
      <trkpt lat="36.404870886095" lon="127.039812756362">
        <ele>23.2</ele>
      </trkpt>
      <trkpt lat="36.40493571757" lon="127.039890189859">
        <ele>23.33</ele>
      </trkpt>
      <trkpt lat="36.4049941887529" lon="127.039960026741">
        <ele>23.43</ele>
      </trkpt>
      <trkpt lat="36.405000293514" lon="127.039967937731">
        <ele>23.44</ele>
      </trkpt>
      <trkpt lat="36.405062520316" lon="127.040048575713">
        <ele>23.53</ele>
      </trkpt>
      <trkpt lat="36.405124747117" lon="127.040129213695">
        <ele>23.63</ele>
      </trkpt>
      <trkpt lat="36.405186973919" lon="127.040209851678">
        <ele>23.73</ele>
      </trkpt>
      <trkpt lat="36.405249200721" lon="127.04029048966">
        <ele>23.77</ele>
      </trkpt>
      <trkpt lat="36.405311427523" lon="127.040371127642">
        <ele>23.84</ele>
      </trkpt>
      <trkpt lat="36.405373654325" lon="127.040451765625">
        <ele>23.92</ele>
      </trkpt>
      <trkpt lat="36.405435881126" lon="127.040532403607">
        <ele>23.99</ele>
      </trkpt>
      <trkpt lat="36.405498107928" lon="127.040613041589">
        <ele>24.07</ele>
      </trkpt>
      <trkpt lat="36.4055468279787" lon="127.040676176548">
        <ele>24.12</ele>
      </trkpt>
      <trkpt lat="36.405560317898" lon="127.04069369954">
        <ele>24.14</ele>
      </trkpt>
      <trkpt lat="36.405622467153" lon="127.040774429517">
        <ele>24.39</ele>
      </trkpt>
      <trkpt lat="36.405684616409" lon="127.040855159495">
        <ele>24.23</ele>
      </trkpt>
      <trkpt lat="36.405746765664" lon="127.040935889473">
        <ele>24.33</ele>
      </trkpt>
      <trkpt lat="36.40580891492" lon="127.041016619451">
        <ele>24.37</ele>
      </trkpt>
      <trkpt lat="36.405871064175" lon="127.041097349428">
        <ele>24.36</ele>
      </trkpt>
      <trkpt lat="36.405933213431" lon="127.041178079406">
        <ele>24.35</ele>
      </trkpt>
      <trkpt lat="36.405995362686" lon="127.041258809384">
        <ele>24.34</ele>
      </trkpt>
      <trkpt lat="36.4060217491729" lon="127.041293084621">
        <ele>24.34</ele>
      </trkpt>
      <trkpt lat="36.406055896209" lon="127.0413413643">
        <ele>24.33</ele>
      </trkpt>
      <trkpt lat="36.406115237611" lon="127.041425265694">
        <ele>24.32</ele>
      </trkpt>
      <trkpt lat="36.406146955186" lon="127.041470110416">
        <ele>24.31</ele>
      </trkpt>
      <trkpt lat="36.406174109937" lon="127.041509667373">
        <ele>24.31</ele>
      </trkpt>
      <trkpt lat="36.406232443672" lon="127.041594643479">
        <ele>24.39</ele>
      </trkpt>
      <trkpt lat="36.4062721609974" lon="127.041652500629">
        <ele>24.38</ele>
      </trkpt>
      <trkpt lat="36.406289419012" lon="127.041680961476">
        <ele>24.38</ele>
      </trkpt>
      <trkpt lat="36.406343496275" lon="127.04177014234">
        <ele>24.26</ele>
      </trkpt>
      <trkpt lat="36.4063908904597" lon="127.041848301888">
        <ele>24.21</ele>
      </trkpt>
      <trkpt lat="36.406397846584" lon="127.041859061547">
        <ele>24.2</ele>
      </trkpt>
      <trkpt lat="36.406454133249" lon="127.041946125164">
        <ele>24.26</ele>
      </trkpt>
      <trkpt lat="36.4064966674642" lon="127.042011916637">
        <ele>24.16</ele>
      </trkpt>
      <trkpt lat="36.406508553147" lon="127.042034845934">
        <ele>24.13</ele>
      </trkpt>
      <trkpt lat="36.406557199419" lon="127.04212869202">
        <ele>24.09</ele>
      </trkpt>
      <trkpt lat="36.40660584569" lon="127.042222538105">
        <ele>24.01</ele>
      </trkpt>
      <trkpt lat="36.406654491962" lon="127.042316384191">
        <ele>23.96</ele>
      </trkpt>
      <trkpt lat="36.4066607294721" lon="127.042328417301">
        <ele>23.94</ele>
      </trkpt>
      <trkpt lat="36.406704542314" lon="127.042409090187">
        <ele>23.83</ele>
      </trkpt>
      <trkpt lat="36.40675479918" lon="127.042501628498">
        <ele>23.69</ele>
      </trkpt>
      <trkpt lat="36.406805056046" lon="127.04259416681">
        <ele>23.52</ele>
      </trkpt>
      <trkpt lat="36.4068399020585" lon="127.04265832901">
        <ele>23.46</ele>
      </trkpt>
      <trkpt lat="36.406855592241" lon="127.042686469949">
        <ele>23.43</ele>
      </trkpt>
      <trkpt lat="36.406906760036" lon="127.042778241334">
        <ele>23.32</ele>
      </trkpt>
      <trkpt lat="36.40695792783" lon="127.042870012719">
        <ele>23.19</ele>
      </trkpt>
      <trkpt lat="36.407009095624" lon="127.042961784104">
        <ele>23.07</ele>
      </trkpt>
      <trkpt lat="36.407060263419" lon="127.043053555489">
        <ele>22.94</ele>
      </trkpt>
      <trkpt lat="36.4070881525497" lon="127.043103575706">
        <ele>22.87</ele>
      </trkpt>
      <trkpt lat="36.407110316219" lon="127.043146245541">
        <ele>22.82</ele>
      </trkpt>
      <trkpt lat="36.407159033193" lon="127.043240036206">
        <ele>22.69</ele>
      </trkpt>
      <trkpt lat="36.407207750168" lon="127.043333826871">
        <ele>22.54</ele>
      </trkpt>
      <trkpt lat="36.407256467142" lon="127.043427617535">
        <ele>22.44</ele>
      </trkpt>
      <trkpt lat="36.4072845936805" lon="127.043481767178">
        <ele>22.31</ele>
      </trkpt>
      <trkpt lat="36.407305268188" lon="127.043521341264">
        <ele>22.22</ele>
      </trkpt>
      <trkpt lat="36.407354184077" lon="127.043614973557">
        <ele>22.17</ele>
      </trkpt>
      <trkpt lat="36.407403099966" lon="127.04370860585">
        <ele>22.02</ele>
      </trkpt>
      <trkpt lat="36.4074443366515" lon="127.043787539005">
        <ele>21.89</ele>
      </trkpt>
      <trkpt lat="36.407452078893" lon="127.043802187479">
        <ele>21.86</ele>
      </trkpt>
      <trkpt lat="36.40750139633" lon="127.043895497048">
        <ele>21.74</ele>
      </trkpt>
      <trkpt lat="36.407550713767" lon="127.043988806616">
        <ele>21.62</ele>
      </trkpt>
      <trkpt lat="36.407600031204" lon="127.044082116185">
        <ele>21.54</ele>
      </trkpt>
      <trkpt lat="36.4076343008381" lon="127.044146955013">
        <ele>21.41</ele>
      </trkpt>
      <trkpt lat="36.407649893632" lon="127.044174973412">
        <ele>21.36</ele>
      </trkpt>
      <trkpt lat="36.407700997218" lon="127.044266800485">
        <ele>21.25</ele>
      </trkpt>
      <trkpt lat="36.407752100803" lon="127.044358627558">
        <ele>21.08</ele>
      </trkpt>
      <trkpt lat="36.407803204388" lon="127.04445045463">
        <ele>20.99</ele>
      </trkpt>
      <trkpt lat="36.407854307973" lon="127.044542281703">
        <ele>20.77</ele>
      </trkpt>
      <trkpt lat="36.407905411559" lon="127.044634108775">
        <ele>20.64</ele>
      </trkpt>
      <trkpt lat="36.4079149289002" lon="127.044651210308">
        <ele>20.62</ele>
      </trkpt>
      <trkpt lat="36.407953568647" lon="127.044728318808">
        <ele>20.53</ele>
      </trkpt>
      <trkpt lat="36.408001051406" lon="127.0448230742">
        <ele>20.45</ele>
      </trkpt>
      <trkpt lat="36.408048534165" lon="127.044917829592">
        <ele>20.31</ele>
      </trkpt>
      <trkpt lat="36.4080574012207" lon="127.044935524464">
        <ele>20.29</ele>
      </trkpt>
      <trkpt lat="36.408099693845" lon="127.045009572003">
        <ele>20.2</ele>
      </trkpt>
      <trkpt lat="36.40815169783" lon="127.045100622564">
        <ele>20.17</ele>
      </trkpt>
      <trkpt lat="36.408203701815" lon="127.045191673125">
        <ele>20.03</ele>
      </trkpt>
      <trkpt lat="36.408256120816" lon="127.045282347052">
        <ele>19.87</ele>
      </trkpt>
      <trkpt lat="36.408310712036" lon="127.045371049653">
        <ele>19.74</ele>
      </trkpt>
      <trkpt lat="36.408365303256" lon="127.045459752255">
        <ele>19.6</ele>
      </trkpt>
      <trkpt lat="36.4084157395386" lon="127.045541703701">
        <ele>19.59</ele>
      </trkpt>
      <trkpt lat="36.408420111836" lon="127.045548241399">
        <ele>19.57</ele>
      </trkpt>
      <trkpt lat="36.408477558926" lon="127.045634139425">
        <ele>19.29</ele>
      </trkpt>
      <trkpt lat="36.408535006016" lon="127.045720037451">
        <ele>19.33</ele>
      </trkpt>
      <trkpt lat="36.4085431003499" lon="127.045732140541">
        <ele>19.32</ele>
      </trkpt>
      <trkpt lat="36.408596818407" lon="127.045801112135">
        <ele>19.26</ele>
      </trkpt>
      <trkpt lat="36.408659346749" lon="127.045881395744">
        <ele>19.12</ele>
      </trkpt>
      <trkpt lat="36.4086726196048" lon="127.0458984375">
        <ele>19.11</ele>
      </trkpt>
      <trkpt lat="36.40872270632" lon="127.045960672228">
        <ele>19.05</ele>
      </trkpt>
      <trkpt lat="36.40878628988" lon="127.046039677322">
        <ele>18.98</ele>
      </trkpt>
      <trkpt lat="36.408799979995" lon="127.046056687832">
        <ele>18.98</ele>
      </trkpt>
      <trkpt lat="36.408850528455" lon="127.046117865023">
        <ele>18.98</ele>
      </trkpt>
      <trkpt lat="36.408914946756" lon="127.046195828442">
        <ele>18.95</ele>
      </trkpt>
      <trkpt lat="36.4089661957833" lon="127.046257853508">
        <ele>18.88</ele>
      </trkpt>
      <trkpt lat="36.408980013274" lon="127.046272928596">
        <ele>18.86</ele>
      </trkpt>
      <trkpt lat="36.409047602367" lon="127.046346669302">
        <ele>18.86</ele>
      </trkpt>
      <trkpt lat="36.409115191461" lon="127.046420410009">
        <ele>18.77</ele>
      </trkpt>
      <trkpt lat="36.4091432044136" lon="127.046450972557">
        <ele>18.78</ele>
      </trkpt>
      <trkpt lat="36.409183813955" lon="127.046492656307">
        <ele>18.79</ele>
      </trkpt>
      <trkpt lat="36.409253167914" lon="127.046563844828">
        <ele>18.88</ele>
      </trkpt>
      <trkpt lat="36.4092921503876" lon="127.046603858471">
        <ele>18.87</ele>
      </trkpt>
      <trkpt lat="36.409324186864" lon="127.046632368831">
        <ele>18.87</ele>
      </trkpt>
      <trkpt lat="36.409397342864" lon="127.046697472866">
        <ele>19.01</ele>
      </trkpt>
      <trkpt lat="36.4094518892308" lon="127.046746015549">
        <ele>18.99</ele>
      </trkpt>
      <trkpt lat="36.409470056506" lon="127.04676331235">
        <ele>18.98</ele>
      </trkpt>
      <trkpt lat="36.409541473556" lon="127.046831307496">
        <ele>19.05</ele>
      </trkpt>
      <trkpt lat="36.409612890607" lon="127.046899302642">
        <ele>19.12</ele>
      </trkpt>
      <trkpt lat="36.4096181036244" lon="127.046904265881">
        <ele>19.12</ele>
      </trkpt>
      <trkpt lat="36.409689655071" lon="127.04695760985">
        <ele>19.13</ele>
      </trkpt>
      <trkpt lat="36.4097668406" lon="127.047015154214">
        <ele>19.23</ele>
      </trkpt>
      <trkpt lat="36.4097907935267" lon="127.047033011913">
        <ele>19.25</ele>
      </trkpt>
      <trkpt lat="36.409842827855" lon="127.047075060739">
        <ele>19.28</ele>
      </trkpt>
      <trkpt lat="36.409918275925" lon="127.047136030158">
        <ele>19.36</ele>
      </trkpt>
      <trkpt lat="36.409993723996" lon="127.047196999577">
        <ele>19.48</ele>
      </trkpt>
      <trkpt lat="36.410069172067" lon="127.047257968996">
        <ele>19.58</ele>
      </trkpt>
      <trkpt lat="36.4100994757708" lon="127.047282457352">
        <ele>19.65</ele>
      </trkpt>
      <trkpt lat="36.410144775578" lon="127.047318642475">
        <ele>19.76</ele>
      </trkpt>
      <trkpt lat="36.410220483431" lon="127.0473791173">
        <ele>19.88</ele>
      </trkpt>
      <trkpt lat="36.410296191284" lon="127.047439592126">
        <ele>20</ele>
      </trkpt>
      <trkpt lat="36.410371899137" lon="127.047500066951">
        <ele>20.21</ele>
      </trkpt>
      <trkpt lat="36.410447606989" lon="127.047560541777">
        <ele>20.32</ele>
      </trkpt>
      <trkpt lat="36.410523314842" lon="127.047621016602">
        <ele>20.52</ele>
      </trkpt>
      <trkpt lat="36.4105830035339" lon="127.04766869545">
        <ele>20.67</ele>
      </trkpt>
      <trkpt lat="36.410598962901" lon="127.047681605369">
        <ele>20.71</ele>
      </trkpt>
      <trkpt lat="36.410674388165" lon="127.047742618691">
        <ele>20.92</ele>
      </trkpt>
      <trkpt lat="36.410749813428" lon="127.047803632013">
        <ele>21.09</ele>
      </trkpt>
      <trkpt lat="36.410825238692" lon="127.047864645335">
        <ele>21.24</ele>
      </trkpt>
      <trkpt lat="36.410900663955" lon="127.047925658657">
        <ele>21.49</ele>
      </trkpt>
      <trkpt lat="36.410976089219" lon="127.047986671979">
        <ele>21.63</ele>
      </trkpt>
      <trkpt lat="36.411051514482" lon="127.048047685301">
        <ele>21.78</ele>
      </trkpt>
      <trkpt lat="36.411126939745" lon="127.048108698623">
        <ele>21.96</ele>
      </trkpt>
      <trkpt lat="36.411202365009" lon="127.048169711945">
        <ele>22.08</ele>
      </trkpt>
      <trkpt lat="36.411226263482" lon="127.048189043999">
        <ele>22.13</ele>
      </trkpt>
      <trkpt lat="36.41127741866" lon="127.048231420389">
        <ele>22.23</ele>
      </trkpt>
      <trkpt lat="36.411352299956" lon="127.048293451236">
        <ele>22.35</ele>
      </trkpt>
      <trkpt lat="36.411427181251" lon="127.048355482082">
        <ele>22.47</ele>
      </trkpt>
      <trkpt lat="36.411502062547" lon="127.048417512928">
        <ele>22.6</ele>
      </trkpt>
      <trkpt lat="36.411576943842" lon="127.048479543775">
        <ele>22.68</ele>
      </trkpt>
      <trkpt lat="36.411651825138" lon="127.048541574621">
        <ele>22.76</ele>
      </trkpt>
      <trkpt lat="36.411726706433" lon="127.048603605467">
        <ele>22.87</ele>
      </trkpt>
      <trkpt lat="36.4117443213129" lon="127.048618197441">
        <ele>22.89</ele>
      </trkpt>
      <trkpt lat="36.411804407666" lon="127.048659957893">
        <ele>22.96</ele>
      </trkpt>
      <trkpt lat="36.4118716766672" lon="127.048706710339">
        <ele>22.89</ele>
      </trkpt>
      <trkpt lat="36.411883159433" lon="127.048714146004">
        <ele>22.88</ele>
      </trkpt>
      <trkpt lat="36.411963001442" lon="127.048765847695">
        <ele>22.81</ele>
      </trkpt>
      <trkpt lat="36.412042843452" lon="127.048817549387">
        <ele>22.73</ele>
      </trkpt>
      <trkpt lat="36.412122685461" lon="127.048869251078">
        <ele>22.66</ele>
      </trkpt>
      <trkpt lat="36.412202527471" lon="127.04892095277">
        <ele>22.58</ele>
      </trkpt>
      <trkpt lat="36.41228236948" lon="127.048972654461">
        <ele>22.51</ele>
      </trkpt>
      <trkpt lat="36.412362211489" lon="127.049024356153">
        <ele>22.43</ele>
      </trkpt>
      <trkpt lat="36.412442053499" lon="127.049076057844">
        <ele>22.36</ele>
      </trkpt>
      <trkpt lat="36.412521895508" lon="127.049127759536">
        <ele>22.28</ele>
      </trkpt>
      <trkpt lat="36.412601737517" lon="127.049179461227">
        <ele>22.2</ele>
      </trkpt>
      <trkpt lat="36.4126379629509" lon="127.049202919006">
        <ele>22.17</ele>
      </trkpt>
      <trkpt lat="36.412683551673" lon="127.049225906948">
        <ele>22.13</ele>
      </trkpt>
      <trkpt lat="36.412767003782" lon="127.04926798736">
        <ele>22.05</ele>
      </trkpt>
      <trkpt lat="36.41285045589" lon="127.049310067772">
        <ele>21.98</ele>
      </trkpt>
      <trkpt lat="36.412933907999" lon="127.049352148183">
        <ele>21.9</ele>
      </trkpt>
      <trkpt lat="36.413017360107" lon="127.049394228595">
        <ele>21.83</ele>
      </trkpt>
      <trkpt lat="36.413100812216" lon="127.049436309007">
        <ele>21.75</ele>
      </trkpt>
      <trkpt lat="36.413184264324" lon="127.049478389419">
        <ele>21.63</ele>
      </trkpt>
      <trkpt lat="36.4132337183314" lon="127.049503326416">
        <ele>21.51</ele>
      </trkpt>
      <trkpt lat="36.413268046884" lon="127.049519430455">
        <ele>21.42</ele>
      </trkpt>
      <trkpt lat="36.413352310122" lon="127.049558959602">
        <ele>21.22</ele>
      </trkpt>
      <trkpt lat="36.41343657336" lon="127.04959848875">
        <ele>21.13</ele>
      </trkpt>
      <trkpt lat="36.413520836598" lon="127.049638017898">
        <ele>20.94</ele>
      </trkpt>
      <trkpt lat="36.413605099836" lon="127.049677547045">
        <ele>20.86</ele>
      </trkpt>
      <trkpt lat="36.413689363074" lon="127.049717076193">
        <ele>20.74</ele>
      </trkpt>
      <trkpt lat="36.413773626312" lon="127.049756605341">
        <ele>20.64</ele>
      </trkpt>
      <trkpt lat="36.41385788955" lon="127.049796134489">
        <ele>20.56</ele>
      </trkpt>
      <trkpt lat="36.413942152788" lon="127.049835663636">
        <ele>20.48</ele>
      </trkpt>
      <trkpt lat="36.4139827231415" lon="127.049854695797">
        <ele>20.44</ele>
      </trkpt>
      <trkpt lat="36.414026340133" lon="127.049875438886">
        <ele>20.4</ele>
      </trkpt>
      <trkpt lat="36.414110457008" lon="127.049915442649">
        <ele>20.38</ele>
      </trkpt>
      <trkpt lat="36.414194573882" lon="127.049955446412">
        <ele>20.35</ele>
      </trkpt>
      <trkpt lat="36.414278690757" lon="127.049995450176">
        <ele>20.32</ele>
      </trkpt>
      <trkpt lat="36.414362807632" lon="127.050035453939">
        <ele>20.32</ele>
      </trkpt>
      <trkpt lat="36.414446924507" lon="127.050075457702">
        <ele>20.31</ele>
      </trkpt>
      <trkpt lat="36.4145072380602" lon="127.050104141235">
        <ele>20.28</ele>
      </trkpt>
      <trkpt lat="36.414531099654" lon="127.050115272168">
        <ele>20.27</ele>
      </trkpt>
      <trkpt lat="36.414615422454" lon="127.050154606986">
        <ele>20.28</ele>
      </trkpt>
      <trkpt lat="36.414699745254" lon="127.050193941804">
        <ele>20.31</ele>
      </trkpt>
      <trkpt lat="36.414784068054" lon="127.050233276622">
        <ele>20.3</ele>
      </trkpt>
      <trkpt lat="36.414868390854" lon="127.05027261144">
        <ele>20.33</ele>
      </trkpt>
      <trkpt lat="36.414952713654" lon="127.050311946258">
        <ele>20.31</ele>
      </trkpt>
      <trkpt lat="36.415037036454" lon="127.050351281075">
        <ele>20.37</ele>
      </trkpt>
      <trkpt lat="36.415121359254" lon="127.050390615893">
        <ele>20.42</ele>
      </trkpt>
      <trkpt lat="36.415205664524" lon="127.050430008007">
        <ele>20.45</ele>
      </trkpt>
      <trkpt lat="36.41528988327" lon="127.050469682926">
        <ele>20.52</ele>
      </trkpt>
      <trkpt lat="36.415374102016" lon="127.050509357844">
        <ele>20.58</ele>
      </trkpt>
      <trkpt lat="36.415458320763" lon="127.050549032763">
        <ele>20.66</ele>
      </trkpt>
      <trkpt lat="36.415542539509" lon="127.050588707682">
        <ele>20.75</ele>
      </trkpt>
      <trkpt lat="36.415626758255" lon="127.050628382601">
        <ele>20.86</ele>
      </trkpt>
      <trkpt lat="36.415710977002" lon="127.050668057519">
        <ele>20.96</ele>
      </trkpt>
      <trkpt lat="36.415795195748" lon="127.050707732438">
        <ele>21.05</ele>
      </trkpt>
      <trkpt lat="36.415879414494" lon="127.050747407357">
        <ele>21.12</ele>
      </trkpt>
      <trkpt lat="36.4159145609991" lon="127.050763964653">
        <ele>21.14</ele>
      </trkpt>
      <trkpt lat="36.415962988206" lon="127.050789078469">
        <ele>21.17</ele>
      </trkpt>
      <trkpt lat="36.416046099931" lon="127.050832179295">
        <ele>21.23</ele>
      </trkpt>
      <trkpt lat="36.416129211656" lon="127.050875280121">
        <ele>21.22</ele>
      </trkpt>
      <trkpt lat="36.416188683819" lon="127.050906121731">
        <ele>21.26</ele>
      </trkpt>
      <trkpt lat="36.416212047468" lon="127.050919165588">
        <ele>21.27</ele>
      </trkpt>
      <trkpt lat="36.416294189143" lon="127.050965025045">
        <ele>21.26</ele>
      </trkpt>
      <trkpt lat="36.416376330818" lon="127.051010884501">
        <ele>21.26</ele>
      </trkpt>
      <trkpt lat="36.416458472493" lon="127.051056743958">
        <ele>21.28</ele>
      </trkpt>
      <trkpt lat="36.4164865484636" lon="127.05107241869">
        <ele>21.27</ele>
      </trkpt>
      <trkpt lat="36.416539360395" lon="127.051105829087">
        <ele>21.25</ele>
      </trkpt>
      <trkpt lat="36.416619597221" lon="127.051156589287">
        <ele>21.19</ele>
      </trkpt>
      <trkpt lat="36.416699834047" lon="127.051207349487">
        <ele>21.15</ele>
      </trkpt>
      <trkpt lat="36.4167239759853" lon="127.051222622395">
        <ele>21.12</ele>
      </trkpt>
      <trkpt lat="36.416778993215" lon="127.051260604764">
        <ele>21.06</ele>
      </trkpt>
      <trkpt lat="36.416857688585" lon="127.051314933863">
        <ele>21.01</ele>
      </trkpt>
      <trkpt lat="36.416936383954" lon="127.051369262962">
        <ele>20.92</ele>
      </trkpt>
      <trkpt lat="36.417015079324" lon="127.051423592061">
        <ele>20.84</ele>
      </trkpt>
      <trkpt lat="36.4170542148768" lon="127.051450610161">
        <ele>20.82</ele>
      </trkpt>
      <trkpt lat="36.417093015663" lon="127.051479540226">
        <ele>20.8</ele>
      </trkpt>
      <trkpt lat="36.417170201112" lon="127.051537090091">
        <ele>20.7</ele>
      </trkpt>
      <trkpt lat="36.417247386561" lon="127.051594639957">
        <ele>20.57</ele>
      </trkpt>
      <trkpt lat="36.41732457201" lon="127.051652189823">
        <ele>20.5</ele>
      </trkpt>
      <trkpt lat="36.4173671850793" lon="127.051683962345">
        <ele>20.43</ele>
      </trkpt>
      <trkpt lat="36.417400259414" lon="127.051712591192">
        <ele>20.37</ele>
      </trkpt>
      <trkpt lat="36.417474100363" lon="127.051776507257">
        <ele>20.33</ele>
      </trkpt>
      <trkpt lat="36.417547941313" lon="127.051840423321">
        <ele>20.23</ele>
      </trkpt>
      <trkpt lat="36.417621782262" lon="127.051904339385">
        <ele>20.14</ele>
      </trkpt>
      <trkpt lat="36.4176801540206" lon="127.051954865456">
        <ele>20.08</ele>
      </trkpt>
      <trkpt lat="36.417695598046" lon="127.051968299895">
        <ele>20.06</ele>
      </trkpt>
      <trkpt lat="36.417769318869" lon="127.052032428116">
        <ele>20.03</ele>
      </trkpt>
      <trkpt lat="36.417843039692" lon="127.052096556337">
        <ele>19.98</ele>
      </trkpt>
      <trkpt lat="36.417916760515" lon="127.052160684558">
        <ele>19.91</ele>
      </trkpt>
      <trkpt lat="36.4179391618459" lon="127.052180171013">
        <ele>19.9</ele>
      </trkpt>
      <trkpt lat="36.417987467273" lon="127.052229694652">
        <ele>19.87</ele>
      </trkpt>
      <trkpt lat="36.41805685837" lon="127.052300835717">
        <ele>19.82</ele>
      </trkpt>
      <trkpt lat="36.418126249466" lon="127.052371976783">
        <ele>19.83</ele>
      </trkpt>
      <trkpt lat="36.418195640563" lon="127.052443117849">
        <ele>19.83</ele>
      </trkpt>
      <trkpt lat="36.418265031659" lon="127.052514258915">
        <ele>19.86</ele>
      </trkpt>
      <trkpt lat="36.4182845042692" lon="127.052534222603">
        <ele>19.86</ele>
      </trkpt>
      <trkpt lat="36.418336792586" lon="127.052581639268">
        <ele>19.85</ele>
      </trkpt>
      <trkpt lat="36.418409477956" lon="127.052647552613">
        <ele>19.81</ele>
      </trkpt>
      <trkpt lat="36.418482163326" lon="127.052713465957">
        <ele>19.83</ele>
      </trkpt>
      <trkpt lat="36.4185240846731" lon="127.052751481533">
        <ele>19.84</ele>
      </trkpt>
      <trkpt lat="36.418556701042" lon="127.052775946976">
        <ele>19.84</ele>
      </trkpt>
      <trkpt lat="36.418633762904" lon="127.052833750852">
        <ele>19.77</ele>
      </trkpt>
      <trkpt lat="36.418710824765" lon="127.052891554728">
        <ele>19.71</ele>
      </trkpt>
      <trkpt lat="36.418763664338" lon="127.052931189537">
        <ele>19.7</ele>
      </trkpt>
      <trkpt lat="36.418788063513" lon="127.052948992662">
        <ele>19.7</ele>
      </trkpt>
      <trkpt lat="36.418865688128" lon="127.053005632313">
        <ele>19.72</ele>
      </trkpt>
      <trkpt lat="36.418943312744" lon="127.053062271964">
        <ele>19.71</ele>
      </trkpt>
      <trkpt lat="36.419020937359" lon="127.053118911615">
        <ele>19.74</ele>
      </trkpt>
      <trkpt lat="36.419098561975" lon="127.053175551265">
        <ele>19.75</ele>
      </trkpt>
      <trkpt lat="36.41917618659" lon="127.053232190916">
        <ele>19.81</ele>
      </trkpt>
      <trkpt lat="36.4192341880152" lon="127.053274512291">
        <ele>19.84</ele>
      </trkpt>
      <trkpt lat="36.419253906879" lon="127.053288627991">
        <ele>19.85</ele>
      </trkpt>
      <trkpt lat="36.419331909954" lon="127.0533444663">
        <ele>19.91</ele>
      </trkpt>
      <trkpt lat="36.419409913029" lon="127.053400304609">
        <ele>19.92</ele>
      </trkpt>
      <trkpt lat="36.419487916104" lon="127.053456142918">
        <ele>19.99</ele>
      </trkpt>
      <trkpt lat="36.419565919178" lon="127.053511981226">
        <ele>20.05</ele>
      </trkpt>
      <trkpt lat="36.419643922253" lon="127.053567819535">
        <ele>20.16</ele>
      </trkpt>
      <trkpt lat="36.4197025504956" lon="127.053609788418">
        <ele>20.18</ele>
      </trkpt>
      <trkpt lat="36.419722013066" lon="127.053623468567">
        <ele>20.19</ele>
      </trkpt>
      <trkpt lat="36.419800369372" lon="127.053678544846">
        <ele>20.29</ele>
      </trkpt>
      <trkpt lat="36.419878725679" lon="127.053733621126">
        <ele>20.37</ele>
      </trkpt>
      <trkpt lat="36.419957081985" lon="127.053788697405">
        <ele>20.43</ele>
      </trkpt>
      <trkpt lat="36.420035438292" lon="127.053843773684">
        <ele>20.54</ele>
      </trkpt>
      <trkpt lat="36.420113794598" lon="127.053898849963">
        <ele>20.61</ele>
      </trkpt>
      <trkpt lat="36.420192038382" lon="127.053954167006">
        <ele>20.67</ele>
      </trkpt>
      <trkpt lat="36.420269695353" lon="127.054010739649">
        <ele>20.7</ele>
      </trkpt>
      <trkpt lat="36.420347352324" lon="127.054067312293">
        <ele>20.79</ele>
      </trkpt>
      <trkpt lat="36.420425009295" lon="127.054123884937">
        <ele>20.94</ele>
      </trkpt>
      <trkpt lat="36.4204925010904" lon="127.054173052311">
        <ele>20.97</ele>
      </trkpt>
      <trkpt lat="36.420502604539" lon="127.054180585822">
        <ele>20.98</ele>
      </trkpt>
      <trkpt lat="36.420579789952" lon="127.054238138169">
        <ele>21.03</ele>
      </trkpt>
      <trkpt lat="36.420656975365" lon="127.054295690516">
        <ele>21.02</ele>
      </trkpt>
      <trkpt lat="36.4206975415979" lon="127.054325938225">
        <ele>21.04</ele>
      </trkpt>
      <trkpt lat="36.420733118967" lon="127.054355275933">
        <ele>21.05</ele>
      </trkpt>
      <trkpt lat="36.420808108467" lon="127.054417113558">
        <ele>21.08</ele>
      </trkpt>
      <trkpt lat="36.420883097966" lon="127.054478951182">
        <ele>21.08</ele>
      </trkpt>
      <trkpt lat="36.4209284813106" lon="127.054516375065">
        <ele>21.06</ele>
      </trkpt>
      <trkpt lat="36.420957117673" lon="127.054542499982">
        <ele>21.04</ele>
      </trkpt>
      <trkpt lat="36.421029650782" lon="127.054608671848">
        <ele>21</ele>
      </trkpt>
      <trkpt lat="36.421102183891" lon="127.054674843713">
        <ele>20.97</ele>
      </trkpt>
      <trkpt lat="36.421174717001" lon="127.054741015579">
        <ele>20.97</ele>
      </trkpt>
      <trkpt lat="36.42124725011" lon="127.054807187444">
        <ele>20.91</ele>
      </trkpt>
      <trkpt lat="36.4213018683653" lon="127.05485701561">
        <ele>20.89</ele>
      </trkpt>
      <trkpt lat="36.421319759689" lon="127.054873398821">
        <ele>20.89</ele>
      </trkpt>
      <trkpt lat="36.42139219753" lon="127.054939730661">
        <ele>20.84</ele>
      </trkpt>
      <trkpt lat="36.42146463537" lon="127.055006062501">
        <ele>20.77</ele>
      </trkpt>
      <trkpt lat="36.421537073211" lon="127.055072394341">
        <ele>20.72</ele>
      </trkpt>
      <trkpt lat="36.421609511052" lon="127.055138726181">
        <ele>20.61</ele>
      </trkpt>
      <trkpt lat="36.421681948892" lon="127.05520505802">
        <ele>20.51</ele>
      </trkpt>
      <trkpt lat="36.421754386733" lon="127.05527138986">
        <ele>20.41</ele>
      </trkpt>
      <trkpt lat="36.421826824573" lon="127.0553377217">
        <ele>20.34</ele>
      </trkpt>
      <trkpt lat="36.4218759744382" lon="127.055382728577">
        <ele>20.25</ele>
      </trkpt>
      <trkpt lat="36.42189924045" lon="127.055404090368">
        <ele>20.2</ele>
      </trkpt>
      <trkpt lat="36.42197160997" lon="127.055470536764">
        <ele>20.08</ele>
      </trkpt>
      <trkpt lat="36.422043979491" lon="127.05553698316">
        <ele>20.08</ele>
      </trkpt>
      <trkpt lat="36.422116349011" lon="127.055603429555">
        <ele>19.95</ele>
      </trkpt>
      <trkpt lat="36.422188718531" lon="127.055669875951">
        <ele>19.9</ele>
      </trkpt>
      <trkpt lat="36.422261088052" lon="127.055736322347">
        <ele>19.87</ele>
      </trkpt>
      <trkpt lat="36.422333457572" lon="127.055802768742">
        <ele>19.82</ele>
      </trkpt>
      <trkpt lat="36.422405827093" lon="127.055869215138">
        <ele>19.73</ele>
      </trkpt>
      <trkpt lat="36.4224543928055" lon="127.055913805962">
        <ele>19.72</ele>
      </trkpt>
      <trkpt lat="36.422479115685" lon="127.055934039259">
        <ele>19.72</ele>
      </trkpt>
      <trkpt lat="36.422554279414" lon="127.055995553536">
        <ele>19.7</ele>
      </trkpt>
      <trkpt lat="36.422629443143" lon="127.056057067813">
        <ele>19.75</ele>
      </trkpt>
      <trkpt lat="36.422704606873" lon="127.056118582089">
        <ele>19.75</ele>
      </trkpt>
      <trkpt lat="36.4227198594943" lon="127.056131064892">
        <ele>19.75</ele>
      </trkpt>
      <trkpt lat="36.42277976013" lon="127.056180116117">
        <ele>19.77</ele>
      </trkpt>
      <trkpt lat="36.422854910721" lon="127.056241655174">
        <ele>19.77</ele>
      </trkpt>
      <trkpt lat="36.422930061312" lon="127.05630319423">
        <ele>19.79</ele>
      </trkpt>
      <trkpt lat="36.4229982748026" lon="127.056359052658">
        <ele>19.86</ele>
      </trkpt>
      <trkpt lat="36.42300535685" lon="127.056364452529">
        <ele>19.86</ele>
      </trkpt>
      <trkpt lat="36.42308207767" lon="127.056422950104">
        <ele>19.89</ele>
      </trkpt>
      <trkpt lat="36.42315879849" lon="127.056481447678">
        <ele>19.97</ele>
      </trkpt>
      <trkpt lat="36.423235519311" lon="127.056539945253">
        <ele>20.03</ele>
      </trkpt>
      <trkpt lat="36.423312240131" lon="127.056598442827">
        <ele>20.08</ele>
      </trkpt>
      <trkpt lat="36.423388960951" lon="127.056656940402">
        <ele>20.16</ele>
      </trkpt>
      <trkpt lat="36.4234450321646" lon="127.056699693203">
        <ele>20.23</ele>
      </trkpt>
      <trkpt lat="36.423465699886" lon="127.056715401638">
        <ele>20.25</ele>
      </trkpt>
      <trkpt lat="36.423542488008" lon="127.0567737642">
        <ele>20.34</ele>
      </trkpt>
      <trkpt lat="36.423619276131" lon="127.056832126763">
        <ele>20.41</ele>
      </trkpt>
      <trkpt lat="36.423696064253" lon="127.056890489325">
        <ele>20.49</ele>
      </trkpt>
      <trkpt lat="36.423772852375" lon="127.056948851888">
        <ele>20.56</ele>
      </trkpt>
      <trkpt lat="36.423849640498" lon="127.05700721445">
        <ele>20.68</ele>
      </trkpt>
      <trkpt lat="36.42392642862" lon="127.057065577013">
        <ele>20.77</ele>
      </trkpt>
      <trkpt lat="36.4239673249519" lon="127.057096660137">
        <ele>20.8</ele>
      </trkpt>
      <trkpt lat="36.424003058505" lon="127.057124255986">
        <ele>20.82</ele>
      </trkpt>
      <trkpt lat="36.42407950809" lon="127.057183295488">
        <ele>20.87</ele>
      </trkpt>
      <trkpt lat="36.424155957675" lon="127.05724233499">
        <ele>20.97</ele>
      </trkpt>
      <trkpt lat="36.424232407259" lon="127.057301374493">
        <ele>21.05</ele>
      </trkpt>
      <trkpt lat="36.424308856844" lon="127.057360413995">
        <ele>21.14</ele>
      </trkpt>
      <trkpt lat="36.424385306429" lon="127.057419453497">
        <ele>21.2</ele>
      </trkpt>
      <trkpt lat="36.424461756014" lon="127.057478492999">
        <ele>21.28</ele>
      </trkpt>
      <trkpt lat="36.4244917724389" lon="127.057501673698">
        <ele>21.32</ele>
      </trkpt>
      <trkpt lat="36.424538055226" lon="127.057537829182">
        <ele>21.38</ele>
      </trkpt>
      <trkpt lat="36.42461425723" lon="127.057597357152">
        <ele>21.5</ele>
      </trkpt>
      <trkpt lat="36.424690459235" lon="127.057656885122">
        <ele>21.55</ele>
      </trkpt>
      <trkpt lat="36.424766661239" lon="127.057716413091">
        <ele>21.62</ele>
      </trkpt>
      <trkpt lat="36.424842863244" lon="127.057775941061">
        <ele>21.71</ele>
      </trkpt>
      <trkpt lat="36.424919065248" lon="127.057835469031">
        <ele>21.78</ele>
      </trkpt>
      <trkpt lat="36.424995267252" lon="127.057894997001">
        <ele>21.86</ele>
      </trkpt>
      <trkpt lat="36.425071469257" lon="127.057954524971">
        <ele>21.9</ele>
      </trkpt>
      <trkpt lat="36.4250960696774" lon="127.057973742485">
        <ele>21.92</ele>
      </trkpt>
      <trkpt lat="36.425148110393" lon="127.058013179372">
        <ele>21.96</ele>
      </trkpt>
      <trkpt lat="36.425224960879" lon="127.058071417309">
        <ele>22.05</ele>
      </trkpt>
      <trkpt lat="36.425301811365" lon="127.058129655247">
        <ele>22.19</ele>
      </trkpt>
      <trkpt lat="36.425378661851" lon="127.058187893184">
        <ele>22.33</ele>
      </trkpt>
      <trkpt lat="36.425455512337" lon="127.058246131121">
        <ele>22.42</ele>
      </trkpt>
      <trkpt lat="36.425532362823" lon="127.058304369059">
        <ele>22.55</ele>
      </trkpt>
      <trkpt lat="36.42560921331" lon="127.058362606996">
        <ele>22.56</ele>
      </trkpt>
      <trkpt lat="36.4256269840844" lon="127.058376073837">
        <ele>22.58</ele>
      </trkpt>
      <trkpt lat="36.42568702816" lon="127.058418835597">
        <ele>22.64</ele>
      </trkpt>
      <trkpt lat="36.425765133084" lon="127.058474459802">
        <ele>22.65</ele>
      </trkpt>
      <trkpt lat="36.4258190619795" lon="127.058512866497">
        <ele>22.65</ele>
      </trkpt>
      <trkpt lat="36.425844424963" lon="127.058527233443">
        <ele>22.65</ele>
      </trkpt>
      <trkpt lat="36.425926364554" lon="127.058573648397">
        <ele>22.66</ele>
      </trkpt>
      <trkpt lat="36.426008304146" lon="127.058620063351">
        <ele>22.66</ele>
      </trkpt>
      <trkpt lat="36.426090243737" lon="127.058666478305">
        <ele>22.67</ele>
      </trkpt>
      <trkpt lat="36.4261363131928" lon="127.058692574501">
        <ele>22.67</ele>
      </trkpt>
      <trkpt lat="36.426173549028" lon="127.058708698339">
        <ele>22.67</ele>
      </trkpt>
      <trkpt lat="36.426258608342" lon="127.058745530671">
        <ele>22.68</ele>
      </trkpt>
      <trkpt lat="36.426343667656" lon="127.058782363002">
        <ele>22.68</ele>
      </trkpt>
      <trkpt lat="36.426428726969" lon="127.058819195333">
        <ele>22.69</ele>
      </trkpt>
      <trkpt lat="36.426513786283" lon="127.058856027664">
        <ele>22.7</ele>
      </trkpt>
      <trkpt lat="36.426598845597" lon="127.058892859996">
        <ele>22.7</ele>
      </trkpt>
      <trkpt lat="36.426613266659" lon="127.058899104595">
        <ele>22.7</ele>
      </trkpt>
      <trkpt lat="36.426686323214" lon="127.058919192362">
        <ele>22.71</ele>
      </trkpt>
      <trkpt lat="36.426774294538" lon="127.058943381121">
        <ele>22.71</ele>
      </trkpt>
      <trkpt lat="36.4268571376612" lon="127.058966159821">
        <ele>22.72</ele>
      </trkpt>
      <trkpt lat="36.426862307604" lon="127.058967313092">
        <ele>22.72</ele>
      </trkpt>
      <trkpt lat="36.426950995005" lon="127.058987096798">
        <ele>22.72</ele>
      </trkpt>
      <trkpt lat="36.427039682406" lon="127.059006880504">
        <ele>22.73</ele>
      </trkpt>
      <trkpt lat="36.427109640458" lon="127.05902248621">
        <ele>22.73</ele>
      </trkpt>
      <trkpt lat="36.427128574295" lon="127.059024865823">
        <ele>22.73</ele>
      </trkpt>
      <trkpt lat="36.427218229991" lon="127.059036133789">
        <ele>22.74</ele>
      </trkpt>
      <trkpt lat="36.427307885686" lon="127.059047401755">
        <ele>22.73</ele>
      </trkpt>
      <trkpt lat="36.427397541381" lon="127.05905866972">
        <ele>22.62</ele>
      </trkpt>
      <trkpt lat="36.427487197076" lon="127.059069937686">
        <ele>22.49</ele>
      </trkpt>
      <trkpt lat="36.427576852771" lon="127.059081205652">
        <ele>22.36</ele>
      </trkpt>
      <trkpt lat="36.427666508467" lon="127.059092473618">
        <ele>22.25</ele>
      </trkpt>
      <trkpt lat="36.427756164162" lon="127.059103741584">
        <ele>22.14</ele>
      </trkpt>
      <trkpt lat="36.427845819857" lon="127.05911500955">
        <ele>22.08</ele>
      </trkpt>
      <trkpt lat="36.4278779345155" lon="127.059119045734">
        <ele>22.03</ele>
      </trkpt>
      <trkpt lat="36.427935382837" lon="127.059127329685">
        <ele>21.93</ele>
      </trkpt>
      <trkpt lat="36.428024894071" lon="127.059140237055">
        <ele>21.88</ele>
      </trkpt>
      <trkpt lat="36.428114405306" lon="127.059153144424">
        <ele>21.8</ele>
      </trkpt>
      <trkpt lat="36.42820391654" lon="127.059166051794">
        <ele>21.69</ele>
      </trkpt>
      <trkpt lat="36.428293427774" lon="127.059178959163">
        <ele>21.6</ele>
      </trkpt>
      <trkpt lat="36.428382939008" lon="127.059191866533">
        <ele>21.54</ele>
      </trkpt>
      <trkpt lat="36.428472450242" lon="127.059204773902">
        <ele>21.44</ele>
      </trkpt>
      <trkpt lat="36.428561961477" lon="127.059217681272">
        <ele>21.31</ele>
      </trkpt>
      <trkpt lat="36.428651472711" lon="127.059230588641">
        <ele>21.25</ele>
      </trkpt>
      <trkpt lat="36.4286591695528" lon="127.059231698513">
        <ele>21.23</ele>
      </trkpt>
      <trkpt lat="36.428740679245" lon="127.059246374591">
        <ele>21.05</ele>
      </trkpt>
      <trkpt lat="36.428829857115" lon="127.059262431349">
        <ele>21.01</ele>
      </trkpt>
      <trkpt lat="36.428919034984" lon="127.059278488107">
        <ele>20.97</ele>
      </trkpt>
      <trkpt lat="36.429008212853" lon="127.059294544865">
        <ele>20.81</ele>
      </trkpt>
      <trkpt lat="36.429097390723" lon="127.059310601623">
        <ele>20.76</ele>
      </trkpt>
      <trkpt lat="36.429186568592" lon="127.059326658381">
        <ele>20.64</ele>
      </trkpt>
      <trkpt lat="36.429275746461" lon="127.059342715139">
        <ele>20.53</ele>
      </trkpt>
      <trkpt lat="36.42936492433" lon="127.059358771897">
        <ele>20.49</ele>
      </trkpt>
      <trkpt lat="36.4294541022" lon="127.059374828655">
        <ele>20.36</ele>
      </trkpt>
      <trkpt lat="36.429543280069" lon="127.059390885413">
        <ele>20.34</ele>
      </trkpt>
      <trkpt lat="36.429632457938" lon="127.059406942171">
        <ele>20.19</ele>
      </trkpt>
      <trkpt lat="36.429721635808" lon="127.059422998929">
        <ele>20.13</ele>
      </trkpt>
      <trkpt lat="36.429731736342" lon="127.059424817562">
        <ele>20.12</ele>
      </trkpt>
      <trkpt lat="36.429810081367" lon="127.059444292267">
        <ele>20.06</ele>
      </trkpt>
      <trkpt lat="36.429898433389" lon="127.059466254473">
        <ele>19.99</ele>
      </trkpt>
      <trkpt lat="36.429986785411" lon="127.059488216679">
        <ele>19.94</ele>
      </trkpt>
      <trkpt lat="36.430075137433" lon="127.059510178885">
        <ele>19.94</ele>
      </trkpt>
      <trkpt lat="36.430163489455" lon="127.059532141091">
        <ele>19.84</ele>
      </trkpt>
      <trkpt lat="36.430251841477" lon="127.059554103297">
        <ele>19.86</ele>
      </trkpt>
      <trkpt lat="36.430340193499" lon="127.059576065503">
        <ele>19.84</ele>
      </trkpt>
      <trkpt lat="36.4303791537912" lon="127.059585750103">
        <ele>19.84</ele>
      </trkpt>
      <trkpt lat="36.430428284472" lon="127.059599538764">
        <ele>19.83</ele>
      </trkpt>
      <trkpt lat="36.43051616953" lon="127.059624203948">
        <ele>19.79</ele>
      </trkpt>
      <trkpt lat="36.430604054588" lon="127.059648869132">
        <ele>19.75</ele>
      </trkpt>
      <trkpt lat="36.430691939646" lon="127.059673534316">
        <ele>19.81</ele>
      </trkpt>
      <trkpt lat="36.430779824703" lon="127.059698199499">
        <ele>19.76</ele>
      </trkpt>
      <trkpt lat="36.430867709761" lon="127.059722864683">
        <ele>19.78</ele>
      </trkpt>
      <trkpt lat="36.430955594819" lon="127.059747529867">
        <ele>19.84</ele>
      </trkpt>
      <trkpt lat="36.4309812471731" lon="127.059754729271">
        <ele>19.84</ele>
      </trkpt>
      <trkpt lat="36.431042783883" lon="127.059775633268">
        <ele>19.83</ele>
      </trkpt>
      <trkpt lat="36.431129686059" lon="127.059805153905">
        <ele>19.86</ele>
      </trkpt>
      <trkpt lat="36.431216588234" lon="127.059834674541">
        <ele>19.89</ele>
      </trkpt>
      <trkpt lat="36.43130349041" lon="127.059864195177">
        <ele>19.95</ele>
      </trkpt>
      <trkpt lat="36.431390392585" lon="127.059893715813">
        <ele>19.97</ele>
      </trkpt>
      <trkpt lat="36.431477294761" lon="127.05992323645">
        <ele>20</ele>
      </trkpt>
      <trkpt lat="36.431564196936" lon="127.059952757086">
        <ele>20.05</ele>
      </trkpt>
      <trkpt lat="36.431651099112" lon="127.059982277722">
        <ele>20.11</ele>
      </trkpt>
      <trkpt lat="36.4316523923564" lon="127.059982717037">
        <ele>20.11</ele>
      </trkpt>
      <trkpt lat="36.431737200316" lon="127.060015194288">
        <ele>20.17</ele>
      </trkpt>
      <trkpt lat="36.431823289421" lon="127.060048162155">
        <ele>20.19</ele>
      </trkpt>
      <trkpt lat="36.431909378526" lon="127.060081130021">
        <ele>20.24</ele>
      </trkpt>
      <trkpt lat="36.431995467631" lon="127.060114097888">
        <ele>20.29</ele>
      </trkpt>
      <trkpt lat="36.4320516238769" lon="127.060135602951">
        <ele>20.32</ele>
      </trkpt>
      <trkpt lat="36.432081266058" lon="127.060148169479">
        <ele>20.33</ele>
      </trkpt>
      <trkpt lat="36.432166519151" lon="127.06018431174">
        <ele>20.37</ele>
      </trkpt>
      <trkpt lat="36.432251772245" lon="127.060220454">
        <ele>20.37</ele>
      </trkpt>
      <trkpt lat="36.432337025339" lon="127.060256596261">
        <ele>20.43</ele>
      </trkpt>
      <trkpt lat="36.432422278432" lon="127.060292738521">
        <ele>20.46</ele>
      </trkpt>
      <trkpt lat="36.432507531526" lon="127.060328880782">
        <ele>20.52</ele>
      </trkpt>
      <trkpt lat="36.43259278462" lon="127.060365023042">
        <ele>20.53</ele>
      </trkpt>
      <trkpt lat="36.4326083865688" lon="127.060371637344">
        <ele>20.53</ele>
      </trkpt>
      <trkpt lat="36.432676825549" lon="127.060405226924">
        <ele>20.55</ele>
      </trkpt>
      <trkpt lat="36.432760594952" lon="127.060446340615">
        <ele>20.63</ele>
      </trkpt>
      <trkpt lat="36.432844364354" lon="127.060487454306">
        <ele>20.66</ele>
      </trkpt>
      <trkpt lat="36.432928133757" lon="127.060528567996">
        <ele>20.71</ele>
      </trkpt>
      <trkpt lat="36.43301190316" lon="127.060569681687">
        <ele>20.77</ele>
      </trkpt>
      <trkpt lat="36.4330291929303" lon="127.060578167438">
        <ele>20.78</ele>
      </trkpt>
      <trkpt lat="36.433094952937" lon="127.060612957293">
        <ele>20.84</ele>
      </trkpt>
      <trkpt lat="36.433177815557" lon="127.060656795161">
        <ele>20.88</ele>
      </trkpt>
      <trkpt lat="36.433260678176" lon="127.06070063303">
        <ele>20.94</ele>
      </trkpt>
      <trkpt lat="36.433343540796" lon="127.060744470898">
        <ele>20.99</ele>
      </trkpt>
      <trkpt lat="36.433426403416" lon="127.060788308767">
        <ele>21.01</ele>
      </trkpt>
      <trkpt lat="36.4334499970105" lon="127.060800790787">
        <ele>21.02</ele>
      </trkpt>
      <trkpt lat="36.433508789148" lon="127.060833492857">
        <ele>21.03</ele>
      </trkpt>
      <trkpt lat="36.433590985042" lon="127.060879212847">
        <ele>21.06</ele>
      </trkpt>
      <trkpt lat="36.433673180936" lon="127.060924932837">
        <ele>21.09</ele>
      </trkpt>
      <trkpt lat="36.43375537683" lon="127.060970652826">
        <ele>21.11</ele>
      </trkpt>
      <trkpt lat="36.433837572724" lon="127.061016372816">
        <ele>21.18</ele>
      </trkpt>
      <trkpt lat="36.4338405874742" lon="127.061018049717">
        <ele>21.18</ele>
      </trkpt>
      <trkpt lat="36.433918227509" lon="127.061066111674">
        <ele>21.22</ele>
      </trkpt>
      <trkpt lat="36.433998823618" lon="127.061116003547">
        <ele>21.24</ele>
      </trkpt>
      <trkpt lat="36.434079419727" lon="127.061165895419">
        <ele>21.26</ele>
      </trkpt>
      <trkpt lat="36.434160015836" lon="127.061215787292">
        <ele>21.36</ele>
      </trkpt>
      <trkpt lat="36.434240611944" lon="127.061265679164">
        <ele>21.38</ele>
      </trkpt>
      <trkpt lat="36.434321208053" lon="127.061315571037">
        <ele>21.36</ele>
      </trkpt>
      <trkpt lat="36.4343908635215" lon="127.061358690262">
        <ele>21.4</ele>
      </trkpt>
      <trkpt lat="36.434401642359" lon="127.061365849289">
        <ele>21.41</ele>
      </trkpt>
      <trkpt lat="36.434481046516" lon="127.061418587488">
        <ele>21.46</ele>
      </trkpt>
      <trkpt lat="36.434560450673" lon="127.061471325687">
        <ele>21.47</ele>
      </trkpt>
      <trkpt lat="36.434639854831" lon="127.061524063886">
        <ele>21.47</ele>
      </trkpt>
      <trkpt lat="36.434719258988" lon="127.061576802085">
        <ele>21.49</ele>
      </trkpt>
      <trkpt lat="36.434798663145" lon="127.061629540284">
        <ele>21.5</ele>
      </trkpt>
      <trkpt lat="36.434878067302" lon="127.061682278483">
        <ele>21.45</ele>
      </trkpt>
      <trkpt lat="36.4349562411225" lon="127.061734199524">
        <ele>21.47</ele>
      </trkpt>
      <trkpt lat="36.434957440082" lon="127.061735085246">
        <ele>21.47</ele>
      </trkpt>
      <trkpt lat="36.435034819137" lon="127.061792248412">
        <ele>21.5</ele>
      </trkpt>
      <trkpt lat="36.435112198192" lon="127.061849411579">
        <ele>21.51</ele>
      </trkpt>
      <trkpt lat="36.435189577247" lon="127.061906574745">
        <ele>21.46</ele>
      </trkpt>
      <trkpt lat="36.435266956302" lon="127.061963737912">
        <ele>21.5</ele>
      </trkpt>
      <trkpt lat="36.435344335357" lon="127.062020901078">
        <ele>21.52</ele>
      </trkpt>
      <trkpt lat="36.4354137192203" lon="127.06207215786">
        <ele>21.46</ele>
      </trkpt>
      <trkpt lat="36.435421704573" lon="127.062078084625">
        <ele>21.46</ele>
      </trkpt>
      <trkpt lat="36.435498988399" lon="127.062135445028">
        <ele>21.44</ele>
      </trkpt>
      <trkpt lat="36.435576272225" lon="127.062192805432">
        <ele>21.39</ele>
      </trkpt>
      <trkpt lat="36.435653556052" lon="127.062250165835">
        <ele>21.39</ele>
      </trkpt>
      <trkpt lat="36.4357136680189" lon="127.062294781208">
        <ele>21.36</ele>
      </trkpt>
      <trkpt lat="36.435730387515" lon="127.062308416404">
        <ele>21.35</ele>
      </trkpt>
      <trkpt lat="36.435805635433" lon="127.062369783091">
        <ele>21.33</ele>
      </trkpt>
      <trkpt lat="36.435880883351" lon="127.062431149779">
        <ele>21.29</ele>
      </trkpt>
      <trkpt lat="36.435956131269" lon="127.062492516466">
        <ele>21.25</ele>
      </trkpt>
      <trkpt lat="36.436031379187" lon="127.062553883153">
        <ele>21.18</ele>
      </trkpt>
      <trkpt lat="36.436106627104" lon="127.062615249841">
        <ele>21.15</ele>
      </trkpt>
      <trkpt lat="36.436181875022" lon="127.062676616528">
        <ele>21.12</ele>
      </trkpt>
      <trkpt lat="36.436190562643" lon="127.062683701515">
        <ele>21.12</ele>
      </trkpt>
      <trkpt lat="36.436258228434" lon="127.062735848098">
        <ele>21.08</ele>
      </trkpt>
      <trkpt lat="36.436334726137" lon="127.062794800987">
        <ele>21.05</ele>
      </trkpt>
      <trkpt lat="36.43641122384" lon="127.062853753876">
        <ele>21.04</ele>
      </trkpt>
      <trkpt lat="36.436487721543" lon="127.062912706765">
        <ele>20.98</ele>
      </trkpt>
      <trkpt lat="36.436564219247" lon="127.062971659654">
        <ele>20.98</ele>
      </trkpt>
      <trkpt lat="36.4366221389624" lon="127.063016295433">
        <ele>20.94</ele>
      </trkpt>
      <trkpt lat="36.43664086814" lon="127.063030307669">
        <ele>20.93</ele>
      </trkpt>
      <trkpt lat="36.436717988391" lon="127.063088005195">
        <ele>20.94</ele>
      </trkpt>
      <trkpt lat="36.436795108642" lon="127.06314570272">
        <ele>20.86</ele>
      </trkpt>
      <trkpt lat="36.436872228893" lon="127.063203400246">
        <ele>20.88</ele>
      </trkpt>
      <trkpt lat="36.436949349144" lon="127.063261097772">
        <ele>20.86</ele>
      </trkpt>
      <trkpt lat="36.437026469395" lon="127.063318795297">
        <ele>20.81</ele>
      </trkpt>
      <trkpt lat="36.4370774493779" lon="127.063356935978">
        <ele>20.78</ele>
      </trkpt>
      <trkpt lat="36.437103320162" lon="127.06337703431">
        <ele>20.77</ele>
      </trkpt>
      <trkpt lat="36.43717964537" lon="127.063436329357">
        <ele>20.76</ele>
      </trkpt>
      <trkpt lat="36.437255970577" lon="127.063495624403">
        <ele>20.73</ele>
      </trkpt>
      <trkpt lat="36.437332295785" lon="127.06355491945">
        <ele>20.7</ele>
      </trkpt>
      <trkpt lat="36.437408620992" lon="127.063614214496">
        <ele>20.68</ele>
      </trkpt>
      <trkpt lat="36.4374849462" lon="127.063673509543">
        <ele>20.64</ele>
      </trkpt>
      <trkpt lat="36.437561271408" lon="127.06373280459">
        <ele>20.59</ele>
      </trkpt>
      <trkpt lat="36.437637596615" lon="127.063792099636">
        <ele>20.57</ele>
      </trkpt>
      <trkpt lat="36.4376643858776" lon="127.06381291151">
        <ele>20.57</ele>
      </trkpt>
      <trkpt lat="36.437714076479" lon="127.063851088311">
        <ele>20.57</ele>
      </trkpt>
      <trkpt lat="36.437790639982" lon="127.063909911299">
        <ele>20.52</ele>
      </trkpt>
      <trkpt lat="36.437867203486" lon="127.063968734287">
        <ele>20.53</ele>
      </trkpt>
      <trkpt lat="36.437943766989" lon="127.064027557275">
        <ele>20.51</ele>
      </trkpt>
      <trkpt lat="36.438020330492" lon="127.064086380263">
        <ele>20.47</ele>
      </trkpt>
      <trkpt lat="36.4380937961666" lon="127.064142823219">
        <ele>20.5</ele>
      </trkpt>
      <trkpt lat="36.438096760438" lon="127.064145450904">
        <ele>20.5</ele>
      </trkpt>
      <trkpt lat="36.438170023056" lon="127.064210394706">
        <ele>20.45</ele>
      </trkpt>
      <trkpt lat="36.438243285674" lon="127.064275338507">
        <ele>20.47</ele>
      </trkpt>
      <trkpt lat="36.438316548292" lon="127.064340282309">
        <ele>20.46</ele>
      </trkpt>
      <trkpt lat="36.43838981091" lon="127.064405226111">
        <ele>20.48</ele>
      </trkpt>
      <trkpt lat="36.438463073528" lon="127.064470169913">
        <ele>20.47</ele>
      </trkpt>
      <trkpt lat="36.438536336146" lon="127.064535113715">
        <ele>20.5</ele>
      </trkpt>
      <trkpt lat="36.438609598764" lon="127.064600057516">
        <ele>20.56</ele>
      </trkpt>
      <trkpt lat="36.438635410781" lon="127.064622938633">
        <ele>20.55</ele>
      </trkpt>
      <trkpt lat="36.438682406158" lon="127.06466577722">
        <ele>20.54</ele>
      </trkpt>
      <trkpt lat="36.438754965921" lon="127.064731918995">
        <ele>20.59</ele>
      </trkpt>
      <trkpt lat="36.438827525684" lon="127.064798060771">
        <ele>20.66</ele>
      </trkpt>
      <trkpt lat="36.438900085447" lon="127.064864202546">
        <ele>20.68</ele>
      </trkpt>
      <trkpt lat="36.43897264521" lon="127.064930344322">
        <ele>20.72</ele>
      </trkpt>
      <trkpt lat="36.4390238173404" lon="127.064976990223">
        <ele>20.74</ele>
      </trkpt>
      <trkpt lat="36.439044167181" lon="127.064998119329">
        <ele>20.75</ele>
      </trkpt>
      <trkpt lat="36.439113206128" lon="127.065069802013">
        <ele>20.8</ele>
      </trkpt>
      <trkpt lat="36.439182245074" lon="127.065141484697">
        <ele>20.84</ele>
      </trkpt>
      <trkpt lat="36.43925128402" lon="127.06521316738">
        <ele>20.83</ele>
      </trkpt>
      <trkpt lat="36.439320322966" lon="127.065284850064">
        <ele>20.91</ele>
      </trkpt>
      <trkpt lat="36.439389361912" lon="127.065356532748">
        <ele>20.91</ele>
      </trkpt>
      <trkpt lat="36.4393906439727" lon="127.065357863903">
        <ele>20.91</ele>
      </trkpt>
      <trkpt lat="36.439456186367" lon="127.065431359031">
        <ele>20.97</ele>
      </trkpt>
      <trkpt lat="36.439522968921" lon="127.065506244795">
        <ele>21.05</ele>
      </trkpt>
      <trkpt lat="36.439589751475" lon="127.065581130559">
        <ele>21.04</ele>
      </trkpt>
      <trkpt lat="36.439656534029" lon="127.065656016323">
        <ele>21.1</ele>
      </trkpt>
      <trkpt lat="36.4396992085618" lon="127.065703868866">
        <ele>21.13</ele>
      </trkpt>
      <trkpt lat="36.439723101668" lon="127.065731192888">
        <ele>21.14</ele>
      </trkpt>
      <trkpt lat="36.439789288878" lon="127.06580688421">
        <ele>21.18</ele>
      </trkpt>
      <trkpt lat="36.439855476088" lon="127.065882575532">
        <ele>21.19</ele>
      </trkpt>
      <trkpt lat="36.439921663298" lon="127.065958266854">
        <ele>21.2</ele>
      </trkpt>
      <trkpt lat="36.439968931848" lon="127.066012322903">
        <ele>21.24</ele>
      </trkpt>
      <trkpt lat="36.439987620193" lon="127.066034262724">
        <ele>21.25</ele>
      </trkpt>
      <trkpt lat="36.440053001644" lon="127.06611101951">
        <ele>21.32</ele>
      </trkpt>
      <trkpt lat="36.440118383096" lon="127.066187776297">
        <ele>21.36</ele>
      </trkpt>
      <trkpt lat="36.440183764547" lon="127.066264533084">
        <ele>21.42</ele>
      </trkpt>
      <trkpt lat="36.440249145998" lon="127.066341289871">
        <ele>21.46</ele>
      </trkpt>
      <trkpt lat="36.4402796519116" lon="127.066377103329">
        <ele>21.48</ele>
      </trkpt>
      <trkpt lat="36.440313568305" lon="127.066419262981">
        <ele>21.51</ele>
      </trkpt>
      <trkpt lat="36.440377151642" lon="127.066498300019">
        <ele>21.54</ele>
      </trkpt>
      <trkpt lat="36.440440734978" lon="127.066577337057">
        <ele>21.59</ele>
      </trkpt>
      <trkpt lat="36.440504318314" lon="127.066656374095">
        <ele>21.6</ele>
      </trkpt>
      <trkpt lat="36.4405170066775" lon="127.06667214632">
        <ele>21.61</ele>
      </trkpt>
      <trkpt lat="36.440564209153" lon="127.066739654155">
        <ele>21.66</ele>
      </trkpt>
      <trkpt lat="36.440623179435" lon="127.06682399202">
        <ele>21.71</ele>
      </trkpt>
      <trkpt lat="36.440682149717" lon="127.066908329885">
        <ele>21.56</ele>
      </trkpt>
      <trkpt lat="36.4407176787769" lon="127.066959142685">
        <ele>21.67</ele>
      </trkpt>
      <trkpt lat="36.440740575038" lon="127.066993239854">
        <ele>21.74</ele>
      </trkpt>
      <trkpt lat="36.440798174383" lon="127.067079016938">
        <ele>21.77</ele>
      </trkpt>
      <trkpt lat="36.440855773727" lon="127.067164794023">
        <ele>21.81</ele>
      </trkpt>
      <trkpt lat="36.440913373072" lon="127.067250571107">
        <ele>21.84</ele>
      </trkpt>
      <trkpt lat="36.4409356124045" lon="127.067283689976">
        <ele>21.85</ele>
      </trkpt>
      <trkpt lat="36.440969399483" lon="127.067337907205">
        <ele>21.87</ele>
      </trkpt>
      <trkpt lat="36.441024436614" lon="127.067426223829">
        <ele>21.88</ele>
      </trkpt>
      <trkpt lat="36.441079473744" lon="127.067514540454">
        <ele>21.89</ele>
      </trkpt>
      <trkpt lat="36.441134510875" lon="127.067602857078">
        <ele>21.89</ele>
      </trkpt>
      <trkpt lat="36.4411729651641" lon="127.067664563656">
        <ele>21.89</ele>
      </trkpt>
      <trkpt lat="36.441187887795" lon="127.067692638919">
        <ele>21.89</ele>
      </trkpt>
      <trkpt lat="36.44123741482" lon="127.067785818482">
        <ele>21.88</ele>
      </trkpt>
      <trkpt lat="36.441286941844" lon="127.067878998045">
        <ele>21.86</ele>
      </trkpt>
      <trkpt lat="36.4413326384302" lon="127.067964971066">
        <ele>21.87</ele>
      </trkpt>
      <trkpt lat="36.441336726117" lon="127.06797195779">
        <ele>21.87</ele>
      </trkpt>
      <trkpt lat="36.441389579331" lon="127.068062295141">
        <ele>21.86</ele>
      </trkpt>
      <trkpt lat="36.441442432545" lon="127.068152632492">
        <ele>21.86</ele>
      </trkpt>
      <trkpt lat="36.44149528576" lon="127.068242969844">
        <ele>21.82</ele>
      </trkpt>
      <trkpt lat="36.441548138974" lon="127.068333307195">
        <ele>21.78</ele>
      </trkpt>
      <trkpt lat="36.4415743054512" lon="127.068378031254">
        <ele>21.77</ele>
      </trkpt>
      <trkpt lat="36.441598510344" lon="127.068425718381">
        <ele>21.76</ele>
      </trkpt>
      <trkpt lat="36.441646448256" lon="127.068520162972">
        <ele>21.73</ele>
      </trkpt>
      <trkpt lat="36.441694386167" lon="127.068614607563">
        <ele>21.72</ele>
      </trkpt>
      <trkpt lat="36.441742324078" lon="127.068709052154">
        <ele>21.6</ele>
      </trkpt>
      <trkpt lat="36.441790261989" lon="127.068803496745">
        <ele>21.57</ele>
      </trkpt>
      <trkpt lat="36.4418030253315" lon="127.068828642368">
        <ele>21.55</ele>
      </trkpt>
      <trkpt lat="36.441837155182" lon="127.06889873723">
        <ele>21.48</ele>
      </trkpt>
      <trkpt lat="36.44188366929" lon="127.06899426651">
        <ele>21.5</ele>
      </trkpt>
      <trkpt lat="36.441930183399" lon="127.069089795791">
        <ele>21.41</ele>
      </trkpt>
      <trkpt lat="36.441976697508" lon="127.069185325071">
        <ele>21.38</ele>
      </trkpt>
      <trkpt lat="36.442023211617" lon="127.069280854352">
        <ele>21.38</ele>
      </trkpt>
      <trkpt lat="36.442069725726" lon="127.069376383632">
        <ele>21.26</ele>
      </trkpt>
      <trkpt lat="36.4421007917125" lon="127.069440186024">
        <ele>21.27</ele>
      </trkpt>
      <trkpt lat="36.442114580075" lon="127.069473063615">
        <ele>21.28</ele>
      </trkpt>
      <trkpt lat="36.442156096667" lon="127.069572057646">
        <ele>21.24</ele>
      </trkpt>
      <trkpt lat="36.442197613259" lon="127.069671051677">
        <ele>21.22</ele>
      </trkpt>
      <trkpt lat="36.442239129851" lon="127.069770045707">
        <ele>21.18</ele>
      </trkpt>
      <trkpt lat="36.442280646444" lon="127.069869039738">
        <ele>21.19</ele>
      </trkpt>
      <trkpt lat="36.442322163036" lon="127.069968033769">
        <ele>21.12</ele>
      </trkpt>
      <trkpt lat="36.442338140908" lon="127.070006132126">
        <ele>21.11</ele>
      </trkpt>
      <trkpt lat="36.44236321184" lon="127.070067325053">
        <ele>21.09</ele>
      </trkpt>
      <trkpt lat="36.442403967981" lon="127.07016680231">
        <ele>21</ele>
      </trkpt>
      <trkpt lat="36.442444724122" lon="127.070266279566">
        <ele>20.98</ele>
      </trkpt>
      <trkpt lat="36.442485480263" lon="127.070365756823">
        <ele>20.98</ele>
      </trkpt>
      <trkpt lat="36.442526236404" lon="127.07046523408">
        <ele>20.94</ele>
      </trkpt>
      <trkpt lat="36.442566992545" lon="127.070564711336">
        <ele>20.85</ele>
      </trkpt>
      <trkpt lat="36.442607748686" lon="127.070664188593">
        <ele>20.88</ele>
      </trkpt>
      <trkpt lat="36.4426337475272" lon="127.070727646351">
        <ele>20.88</ele>
      </trkpt>
      <trkpt lat="36.442648332056" lon="127.070763773623">
        <ele>20.88</ele>
      </trkpt>
      <trkpt lat="36.442688611043" lon="127.070863548524">
        <ele>20.88</ele>
      </trkpt>
      <trkpt lat="36.44272889003" lon="127.070963323425">
        <ele>20.92</ele>
      </trkpt>
      <trkpt lat="36.442769169018" lon="127.071063098327">
        <ele>20.97</ele>
      </trkpt>
      <trkpt lat="36.442809448005" lon="127.071162873228">
        <ele>21.05</ele>
      </trkpt>
      <trkpt lat="36.442849726992" lon="127.071262648129">
        <ele>21.15</ele>
      </trkpt>
      <trkpt lat="36.442890005979" lon="127.071362423031">
        <ele>21.23</ele>
      </trkpt>
      <trkpt lat="36.4429293530202" lon="127.071459889412">
        <ele>21.42</ele>
      </trkpt>
      <trkpt lat="36.442930200092" lon="127.071462247504">
        <ele>21.42</ele>
      </trkpt>
      <trkpt lat="36.442966810767" lon="127.071564164932">
        <ele>21.55</ele>
      </trkpt>
      <trkpt lat="36.443003421442" lon="127.071666082359">
        <ele>21.7</ele>
      </trkpt>
      <trkpt lat="36.443040032117" lon="127.071767999787">
        <ele>21.87</ele>
      </trkpt>
      <trkpt lat="36.443076642792" lon="127.071869917215">
        <ele>22.03</ele>
      </trkpt>
      <trkpt lat="36.4430825495845" lon="127.071886360645">
        <ele>22.07</ele>
      </trkpt>
      <trkpt lat="36.443109382792" lon="127.0719738077">
        <ele>22.28</ele>
      </trkpt>
      <trkpt lat="36.443141378153" lon="127.07207807776">
        <ele>22.59</ele>
      </trkpt>
      <trkpt lat="36.4431623842939" lon="127.07214653492">
        <ele>22.79</ele>
      </trkpt>
      <trkpt lat="36.443171293871" lon="127.072183222239">
        <ele>22.9</ele>
      </trkpt>
      <trkpt lat="36.443197234303" lon="127.072290038188">
        <ele>23.2</ele>
      </trkpt>
      <trkpt lat="36.443223174735" lon="127.072396854137">
        <ele>23.67</ele>
      </trkpt>
      <trkpt lat="36.4432314304628" lon="127.072430849075">
        <ele>23.77</ele>
      </trkpt>
      <trkpt lat="36.443243231344" lon="127.072505472608">
        <ele>23.98</ele>
      </trkpt>
      <trkpt lat="36.443260541215" lon="127.072614932548">
        <ele>24.32</ele>
      </trkpt>
      <trkpt lat="36.443277851086" lon="127.072724392488">
        <ele>24.83</ele>
      </trkpt>
      <trkpt lat="36.4432810573587" lon="127.07274466753">
        <ele>24.89</ele>
      </trkpt>
      <trkpt lat="36.443286457929" lon="127.072835298561">
        <ele>25.14</ele>
      </trkpt>
      <trkpt lat="36.44329308625" lon="127.072946533393">
        <ele>25.57</ele>
      </trkpt>
      <trkpt lat="36.4432983188803" lon="127.073034346104">
        <ele>25.83</ele>
      </trkpt>
      <trkpt lat="36.443298644573" lon="127.073057828384">
        <ele>25.9</ele>
      </trkpt>
      <trkpt lat="36.443300191335" lon="127.073169348917">
        <ele>26.3</ele>
      </trkpt>
      <trkpt lat="36.443301738096" lon="127.073280869451">
        <ele>26.73</ele>
      </trkpt>
      <trkpt lat="36.4433026342601" lon="127.073345482349">
        <ele>26.98</ele>
      </trkpt>
      <trkpt lat="36.443298137422" lon="127.073392065574">
        <ele>27.16</ele>
      </trkpt>
      <trkpt lat="36.443287446416" lon="127.07350281484">
        <ele>27.52</ele>
      </trkpt>
      <trkpt lat="36.44327675541" lon="127.073613564105">
        <ele>27.98</ele>
      </trkpt>
      <trkpt lat="36.4432767419777" lon="127.073613703251">
        <ele>27.98</ele>
      </trkpt>
      <trkpt lat="36.443259441988" lon="127.073723022781">
        <ele>28.28</ele>
      </trkpt>
      <trkpt lat="36.443242120234" lon="127.073832479834">
        <ele>28.75</ele>
      </trkpt>
      <trkpt lat="36.443224957387" lon="127.073940932751">
        <ele>29.21</ele>
      </trkpt>
      <trkpt lat="36.443224755802" lon="127.073941925081">
        <ele>29.21</ele>
      </trkpt>
      <trkpt lat="36.443202781797" lon="127.074050095228">
        <ele>29.51</ele>
      </trkpt>
      <trkpt lat="36.443180807792" lon="127.074158265374">
        <ele>30</ele>
      </trkpt>
      <trkpt lat="36.4431710150684" lon="127.074206471443">
        <ele>30.22</ele>
      </trkpt>
      <trkpt lat="36.443157281371" lon="127.074265919212">
        <ele>30.49</ele>
      </trkpt>
      <trkpt lat="36.443132506938" lon="127.074373157982">
        <ele>30.88</ele>
      </trkpt>
      <trkpt lat="36.443107732505" lon="127.074480396752">
        <ele>31.26</ele>
      </trkpt>
      <trkpt lat="36.443082958072" lon="127.074587635522">
        <ele>31.7</ele>
      </trkpt>
      <trkpt lat="36.443058183639" lon="127.074694874292">
        <ele>32.12</ele>
      </trkpt>
      <trkpt lat="36.443033409205" lon="127.074802113061">
        <ele>32.46</ele>
      </trkpt>
      <trkpt lat="36.443008634772" lon="127.074909351831">
        <ele>32.86</ele>
      </trkpt>
      <trkpt lat="36.442983860339" lon="127.075016590601">
        <ele>33.23</ele>
      </trkpt>
      <trkpt lat="36.442959085906" lon="127.075123829371">
        <ele>33.69</ele>
      </trkpt>
      <trkpt lat="36.442934311473" lon="127.075231068141">
        <ele>34.02</ele>
      </trkpt>
      <trkpt lat="36.44290953704" lon="127.07533830691">
        <ele>34.49</ele>
      </trkpt>
      <trkpt lat="36.442884762606" lon="127.07544554568">
        <ele>34.79</ele>
      </trkpt>
      <trkpt lat="36.442859988173" lon="127.07555278445">
        <ele>35.24</ele>
      </trkpt>
      <trkpt lat="36.44283521374" lon="127.07566002322">
        <ele>35.71</ele>
      </trkpt>
      <trkpt lat="36.442810439307" lon="127.07576726199">
        <ele>36.04</ele>
      </trkpt>
      <trkpt lat="36.442785664874" lon="127.075874500759">
        <ele>36.45</ele>
      </trkpt>
      <trkpt lat="36.442760890441" lon="127.075981739529">
        <ele>36.89</ele>
      </trkpt>
      <trkpt lat="36.442736116007" lon="127.076088978299">
        <ele>37.37</ele>
      </trkpt>
      <trkpt lat="36.442711341574" lon="127.076196217069">
        <ele>37.63</ele>
      </trkpt>
      <trkpt lat="36.4426876902194" lon="127.076298594475">
        <ele>38.05</ele>
      </trkpt>
      <trkpt lat="36.442686555792" lon="127.076303451782">
        <ele>38.07</ele>
      </trkpt>
      <trkpt lat="36.442661531015" lon="127.076410601059">
        <ele>38.46</ele>
      </trkpt>
      <trkpt lat="36.442636506237" lon="127.076517750337">
        <ele>38.86</ele>
      </trkpt>
      <trkpt lat="36.442611481459" lon="127.076624899614">
        <ele>39.26</ele>
      </trkpt>
      <trkpt lat="36.442586456682" lon="127.076732048892">
        <ele>39.69</ele>
      </trkpt>
      <trkpt lat="36.4425711739573" lon="127.076797485352">
        <ele>39.87</ele>
      </trkpt>
      <trkpt lat="36.442561476328" lon="127.076839213977">
        <ele>39.99</ele>
      </trkpt>
      <trkpt lat="36.442536565665" lon="127.076946403862">
        <ele>40.46</ele>
      </trkpt>
      <trkpt lat="36.4425150734723" lon="127.077038884163">
        <ele>40.84</ele>
      </trkpt>
      <trkpt lat="36.442511323668" lon="127.077053469539">
        <ele>40.9</ele>
      </trkpt>
      <trkpt lat="36.442483998551" lon="127.077159754318">
        <ele>41.35</ele>
      </trkpt>
      <trkpt lat="36.442456673434" lon="127.077266039097">
        <ele>41.66</ele>
      </trkpt>
      <trkpt lat="36.4424481843796" lon="127.077299058437">
        <ele>41.79</ele>
      </trkpt>
      <trkpt lat="36.442424932599" lon="127.077370354449">
        <ele>42.09</ele>
      </trkpt>
      <trkpt lat="36.442391201682" lon="127.077473782218">
        <ele>42.4</ele>
      </trkpt>
      <trkpt lat="36.442357470765" lon="127.077577209987">
        <ele>42.83</ele>
      </trkpt>
      <trkpt lat="36.4423510872069" lon="127.077596783638">
        <ele>42.91</ele>
      </trkpt>
      <trkpt lat="36.442322584628" lon="127.077680046253">
        <ele>43.26</ele>
      </trkpt>
      <trkpt lat="36.442287428834" lon="127.077782744449">
        <ele>43.56</ele>
      </trkpt>
      <trkpt lat="36.4422647785069" lon="127.077848911285">
        <ele>43.88</ele>
      </trkpt>
      <trkpt lat="36.442250613419" lon="127.077884502477">
        <ele>44.06</ele>
      </trkpt>
      <trkpt lat="36.442210792044" lon="127.077984557642">
        <ele>44.23</ele>
      </trkpt>
      <trkpt lat="36.442170970668" lon="127.078084612807">
        <ele>44.57</ele>
      </trkpt>
      <trkpt lat="36.4421633656618" lon="127.078103721142">
        <ele>44.62</ele>
      </trkpt>
      <trkpt lat="36.442127312561" lon="127.078182150318">
        <ele>44.83</ele>
      </trkpt>
      <trkpt lat="36.442082748754" lon="127.078279093512">
        <ele>44.98</ele>
      </trkpt>
      <trkpt lat="36.442077056753" lon="127.078291475773">
        <ele>45.01</ele>
      </trkpt>
      <trkpt lat="36.442037859985" lon="127.0783758065">
        <ele>45.2</ele>
      </trkpt>
      <trkpt lat="36.441992923633" lon="127.07847248578">
        <ele>45.39</ele>
      </trkpt>
      <trkpt lat="36.4419648550281" lon="127.078532874584">
        <ele>45.45</ele>
      </trkpt>
      <trkpt lat="36.441946286485" lon="127.07856786984">
        <ele>45.49</ele>
      </trkpt>
      <trkpt lat="36.441896819143" lon="127.078661098602">
        <ele>45.57</ele>
      </trkpt>
      <trkpt lat="36.441847351801" lon="127.078754327364">
        <ele>45.63</ele>
      </trkpt>
      <trkpt lat="36.441797884459" lon="127.078847556126">
        <ele>45.64</ele>
      </trkpt>
      <trkpt lat="36.441748417117" lon="127.078940784888">
        <ele>45.63</ele>
      </trkpt>
      <trkpt lat="36.441698949776" lon="127.079034013649">
        <ele>45.59</ele>
      </trkpt>
      <trkpt lat="36.441649482434" lon="127.079127242411">
        <ele>45.53</ele>
      </trkpt>
      <trkpt lat="36.4416304066163" lon="127.079163193703">
        <ele>45.5</ele>
      </trkpt>
      <trkpt lat="36.441598882065" lon="127.079219525013">
        <ele>45.44</ele>
      </trkpt>
      <trkpt lat="36.44154757053" lon="127.07931121374">
        <ele>45.31</ele>
      </trkpt>
      <trkpt lat="36.441496258995" lon="127.079402902467">
        <ele>45.14</ele>
      </trkpt>
      <trkpt lat="36.44144494746" lon="127.079494591194">
        <ele>44.95</ele>
      </trkpt>
      <trkpt lat="36.441393635925" lon="127.079586279921">
        <ele>44.76</ele>
      </trkpt>
      <trkpt lat="36.44134232439" lon="127.079677968648">
        <ele>44.51</ele>
      </trkpt>
      <trkpt lat="36.441291012855" lon="127.079769657375">
        <ele>44.28</ele>
      </trkpt>
      <trkpt lat="36.44123970132" lon="127.079861346102">
        <ele>44.04</ele>
      </trkpt>
      <trkpt lat="36.4412161201333" lon="127.079903483391">
        <ele>43.87</ele>
      </trkpt>
      <trkpt lat="36.441189798652" lon="127.079954198073">
        <ele>43.66</ele>
      </trkpt>
      <trkpt lat="36.441141094049" lon="127.080048039238">
        <ele>43.36</ele>
      </trkpt>
      <trkpt lat="36.4411298101709" lon="127.08006978035">
        <ele>43.27</ele>
      </trkpt>
      <trkpt lat="36.441099461217" lon="127.080146803223">
        <ele>42.98</ele>
      </trkpt>
      <trkpt lat="36.441059960814" lon="127.080247051638">
        <ele>42.67</ele>
      </trkpt>
      <trkpt lat="36.4410262380893" lon="127.080332636833">
        <ele>42.35</ele>
      </trkpt>
      <trkpt lat="36.441021750772" lon="127.080347976291">
        <ele>42.29</ele>
      </trkpt>
      <trkpt lat="36.440991072218" lon="127.080452847954">
        <ele>41.9</ele>
      </trkpt>
      <trkpt lat="36.440960393664" lon="127.080557719616">
        <ele>41.59</ele>
      </trkpt>
      <trkpt lat="36.44092971511" lon="127.080662591279">
        <ele>41.23</ele>
      </trkpt>
      <trkpt lat="36.4409226658695" lon="127.080686688423">
        <ele>41.18</ele>
      </trkpt>
      <trkpt lat="36.440906589313" lon="127.080770258022">
        <ele>41</ele>
      </trkpt>
      <trkpt lat="36.440885716701" lon="127.08087875861">
        <ele>40.67</ele>
      </trkpt>
      <trkpt lat="36.4408751952226" lon="127.080933451653">
        <ele>40.46</ele>
      </trkpt>
      <trkpt lat="36.440865842346" lon="127.080987538418">
        <ele>40.26</ele>
      </trkpt>
      <trkpt lat="36.440846982676" lon="127.081096602041">
        <ele>39.89</ele>
      </trkpt>
      <trkpt lat="36.440828123005" lon="127.081205665663">
        <ele>39.53</ele>
      </trkpt>
      <trkpt lat="36.4408255667879" lon="127.081220448017">
        <ele>39.49</ele>
      </trkpt>
      <trkpt lat="36.440817000813" lon="127.081316279671">
        <ele>39.26</ele>
      </trkpt>
      <trkpt lat="36.440807091779" lon="127.081427136763">
        <ele>38.93</ele>
      </trkpt>
      <trkpt lat="36.4407975159195" lon="127.081534266472">
        <ele>38.73</ele>
      </trkpt>
      <trkpt lat="36.440797365263" lon="127.081538011956">
        <ele>38.72</ele>
      </trkpt>
      <trkpt lat="36.4407932004003" lon="127.081641554832">
        <ele>38.45</ele>
      </trkpt>
      <trkpt lat="36.440793606438" lon="127.081649401032">
        <ele>38.43</ele>
      </trkpt>
      <trkpt lat="36.440799366444" lon="127.081760706362">
        <ele>38.13</ele>
      </trkpt>
      <trkpt lat="36.440805126449" lon="127.081872011692">
        <ele>38.14</ele>
      </trkpt>
      <trkpt lat="36.440810886455" lon="127.081983317022">
        <ele>37.75</ele>
      </trkpt>
      <trkpt lat="36.440816646461" lon="127.082094622352">
        <ele>37.6</ele>
      </trkpt>
      <trkpt lat="36.4408169357525" lon="127.082100212574">
        <ele>37.59</ele>
      </trkpt>
      <trkpt lat="36.440831656682" lon="127.082204565798">
        <ele>37.47</ele>
      </trkpt>
      <trkpt lat="36.440847156055" lon="127.082314437228">
        <ele>37.31</ele>
      </trkpt>
      <trkpt lat="36.440862655428" lon="127.082424308658">
        <ele>37.21</ele>
      </trkpt>
      <trkpt lat="36.440878154801" lon="127.082534180088">
        <ele>37.04</ele>
      </trkpt>
      <trkpt lat="36.440893654174" lon="127.082644051518">
        <ele>36.97</ele>
      </trkpt>
      <trkpt lat="36.440896772793" lon="127.082666158676">
        <ele>36.96</ele>
      </trkpt>
      <trkpt lat="36.440913947312" lon="127.082752677791">
        <ele>36.92</ele>
      </trkpt>
      <trkpt lat="36.440935447962" lon="127.082860990418">
        <ele>36.88</ele>
      </trkpt>
      <trkpt lat="36.440956948613" lon="127.082969303045">
        <ele>36.87</ele>
      </trkpt>
      <trkpt lat="36.440978449263" lon="127.083077615672">
        <ele>36.89</ele>
      </trkpt>
      <trkpt lat="36.4409787675057" lon="127.083079218864">
        <ele>36.89</ele>
      </trkpt>
      <trkpt lat="36.441000496536" lon="127.08318575992">
        <ele>36.96</ele>
      </trkpt>
      <trkpt lat="36.44102255202" lon="127.083293901637">
        <ele>36.99</ele>
      </trkpt>
      <trkpt lat="36.441044607505" lon="127.083402043355">
        <ele>37.1</ele>
      </trkpt>
      <trkpt lat="36.4410564466274" lon="127.083460092545">
        <ele>37.19</ele>
      </trkpt>
      <trkpt lat="36.4410674521" lon="127.083509928432">
        <ele>37.26</ele>
      </trkpt>
      <trkpt lat="36.441091211146" lon="127.083617516103">
        <ele>37.42</ele>
      </trkpt>
      <trkpt lat="36.441114970192" lon="127.083725103774">
        <ele>37.61</ele>
      </trkpt>
      <trkpt lat="36.441138729238" lon="127.083832691446">
        <ele>37.77</ele>
      </trkpt>
      <trkpt lat="36.441162488284" lon="127.083940279117">
        <ele>37.98</ele>
      </trkpt>
      <trkpt lat="36.4411772806621" lon="127.084007263184">
        <ele>38.12</ele>
      </trkpt>
      <trkpt lat="36.441189576998" lon="127.084046508655">
        <ele>38.21</ele>
      </trkpt>
      <trkpt lat="36.441222158692" lon="127.08415049767">
        <ele>38.49</ele>
      </trkpt>
      <trkpt lat="36.441254740386" lon="127.084254486685">
        <ele>38.65</ele>
      </trkpt>
      <trkpt lat="36.4412571173318" lon="127.08426207304">
        <ele>38.67</ele>
      </trkpt>
      <trkpt lat="36.441295037732" lon="127.084354205167">
        <ele>38.94</ele>
      </trkpt>
      <trkpt lat="36.441335942257" lon="127.084453587583">
        <ele>39.19</ele>
      </trkpt>
      <trkpt lat="36.4413520581293" lon="127.084492743015">
        <ele>39.32</ele>
      </trkpt>
      <trkpt lat="36.441380065823" lon="127.084550768537">
        <ele>39.53</ele>
      </trkpt>
      <trkpt lat="36.441426282189" lon="127.084646518253">
        <ele>39.81</ele>
      </trkpt>
      <trkpt lat="36.4414491565521" lon="127.084693908691">
        <ele>39.92</ele>
      </trkpt>
      <trkpt lat="36.441477513617" lon="127.084737970753">
        <ele>40.04</ele>
      </trkpt>
      <trkpt lat="36.441533659637" lon="127.084825212128">
        <ele>40.37</ele>
      </trkpt>
      <trkpt lat="36.4415527280692" lon="127.084854841232">
        <ele>40.42</ele>
      </trkpt>
      <trkpt lat="36.441593898551" lon="127.084908025815">
        <ele>40.53</ele>
      </trkpt>
      <trkpt lat="36.441656242379" lon="127.084988562412">
        <ele>40.79</ele>
      </trkpt>
      <trkpt lat="36.4416627726547" lon="127.08499699831">
        <ele>40.83</ele>
      </trkpt>
      <trkpt lat="36.441720784679" lon="127.085066389937">
        <ele>41.13</ele>
      </trkpt>
      <trkpt lat="36.4417771325487" lon="127.08513379097">
        <ele>41.28</ele>
      </trkpt>
      <trkpt lat="36.441786238959" lon="127.08514298839">
        <ele>41.31</ele>
      </trkpt>
      <trkpt lat="36.441856058549" lon="127.085213505761">
        <ele>41.55</ele>
      </trkpt>
      <trkpt lat="36.4419152272904" lon="127.085273265839">
        <ele>41.8</ele>
      </trkpt>
      <trkpt lat="36.441926573325" lon="127.085282872869">
        <ele>41.84</ele>
      </trkpt>
      <trkpt lat="36.442000950079" lon="127.085345849908">
        <ele>42.2</ele>
      </trkpt>
      <trkpt lat="36.4420641104085" lon="127.085399329662">
        <ele>42.36</ele>
      </trkpt>
      <trkpt lat="36.442075858751" lon="127.085407784646">
        <ele>42.39</ele>
      </trkpt>
      <trkpt lat="36.44215376268" lon="127.085463850131">
        <ele>42.68</ele>
      </trkpt>
      <trkpt lat="36.4422280972804" lon="127.085517346859">
        <ele>42.89</ele>
      </trkpt>
      <trkpt lat="36.442231771816" lon="127.085519677336">
        <ele>42.9</ele>
      </trkpt>
      <trkpt lat="36.442311971965" lon="127.085570542164">
        <ele>43.09</ele>
      </trkpt>
      <trkpt lat="36.442392172115" lon="127.085621406993">
        <ele>43.33</ele>
      </trkpt>
      <trkpt lat="36.442472372265" lon="127.085672271821">
        <ele>43.59</ele>
      </trkpt>
      <trkpt lat="36.4425452814308" lon="127.085718512535">
        <ele>43.85</ele>
      </trkpt>
      <trkpt lat="36.442552602625" lon="127.085723062967">
        <ele>43.87</ele>
      </trkpt>
      <trkpt lat="36.442633135078" lon="127.085773117301">
        <ele>44.08</ele>
      </trkpt>
      <trkpt lat="36.442713667531" lon="127.085823171635">
        <ele>44.39</ele>
      </trkpt>
      <trkpt lat="36.442794199984" lon="127.085873225968">
        <ele>44.64</ele>
      </trkpt>
      <trkpt lat="36.442874732437" lon="127.085923280302">
        <ele>44.78</ele>
      </trkpt>
      <trkpt lat="36.44295526489" lon="127.085973334636">
        <ele>45.06</ele>
      </trkpt>
      <trkpt lat="36.443035797343" lon="127.086023388969">
        <ele>45.27</ele>
      </trkpt>
      <trkpt lat="36.4430415533504" lon="127.086026966572">
        <ele>45.28</ele>
      </trkpt>
      <trkpt lat="36.443116200857" lon="127.086073760168">
        <ele>45.4</ele>
      </trkpt>
      <trkpt lat="36.443196594445" lon="127.086124155757">
        <ele>45.58</ele>
      </trkpt>
      <trkpt lat="36.443276988033" lon="127.086174551347">
        <ele>45.73</ele>
      </trkpt>
      <trkpt lat="36.443357381622" lon="127.086224946936">
        <ele>45.8</ele>
      </trkpt>
      <trkpt lat="36.44343777521" lon="127.086275342526">
        <ele>45.88</ele>
      </trkpt>
      <trkpt lat="36.443518168799" lon="127.086325738116">
        <ele>45.97</ele>
      </trkpt>
      <trkpt lat="36.443598562387" lon="127.086376133705">
        <ele>46</ele>
      </trkpt>
      <trkpt lat="36.443678955976" lon="127.086426529295">
        <ele>46.03</ele>
      </trkpt>
      <trkpt lat="36.443759349564" lon="127.086476924884">
        <ele>46.07</ele>
      </trkpt>
      <trkpt lat="36.443839743153" lon="127.086527320474">
        <ele>46.03</ele>
      </trkpt>
      <trkpt lat="36.443920136741" lon="127.086577716063">
        <ele>45.96</ele>
      </trkpt>
      <trkpt lat="36.44400053033" lon="127.086628111653">
        <ele>45.92</ele>
      </trkpt>
      <trkpt lat="36.4440513490215" lon="127.086659967899">
        <ele>45.88</ele>
      </trkpt>
      <trkpt lat="36.444080802168" lon="127.086678802055">
        <ele>45.86</ele>
      </trkpt>
      <trkpt lat="36.444160864802" lon="127.086729999035">
        <ele>45.74</ele>
      </trkpt>
      <trkpt lat="36.444240927436" lon="127.086781196014">
        <ele>45.59</ele>
      </trkpt>
      <trkpt lat="36.44432099007" lon="127.086832392994">
        <ele>45.48</ele>
      </trkpt>
      <trkpt lat="36.444401052704" lon="127.086883589974">
        <ele>45.29</ele>
      </trkpt>
      <trkpt lat="36.444481115339" lon="127.086934786954">
        <ele>45.06</ele>
      </trkpt>
      <trkpt lat="36.444561177973" lon="127.086985983933">
        <ele>44.9</ele>
      </trkpt>
      <trkpt lat="36.444641240607" lon="127.087037180913">
        <ele>44.63</ele>
      </trkpt>
      <trkpt lat="36.444721303241" lon="127.087088377893">
        <ele>44.45</ele>
      </trkpt>
      <trkpt lat="36.444801365875" lon="127.087139574873">
        <ele>44.17</ele>
      </trkpt>
      <trkpt lat="36.444881428509" lon="127.087190771852">
        <ele>43.9</ele>
      </trkpt>
      <trkpt lat="36.444961491143" lon="127.087241968832">
        <ele>43.64</ele>
      </trkpt>
      <trkpt lat="36.445041553778" lon="127.087293165812">
        <ele>43.23</ele>
      </trkpt>
      <trkpt lat="36.4450999690778" lon="127.087330520153">
        <ele>43.05</ele>
      </trkpt>
      <trkpt lat="36.445122337458" lon="127.087342478472">
        <ele>42.98</ele>
      </trkpt>
      <trkpt lat="36.445205066882" lon="127.0873867063">
        <ele>42.64</ele>
      </trkpt>
      <trkpt lat="36.445287796306" lon="127.087430934128">
        <ele>42.28</ele>
      </trkpt>
      <trkpt lat="36.445370525729" lon="127.087475161956">
        <ele>41.84</ele>
      </trkpt>
      <trkpt lat="36.445453255153" lon="127.087519389783">
        <ele>41.48</ele>
      </trkpt>
      <trkpt lat="36.4455163924525" lon="127.087553143501">
        <ele>41.21</ele>
      </trkpt>
      <trkpt lat="36.445536859707" lon="127.087560626876">
        <ele>41.13</ele>
      </trkpt>
      <trkpt lat="36.445623284445" lon="127.087592226067">
        <ele>40.66</ele>
      </trkpt>
      <trkpt lat="36.445709709183" lon="127.087623825259">
        <ele>40.35</ele>
      </trkpt>
      <trkpt lat="36.445796133921" lon="127.08765542445">
        <ele>39.93</ele>
      </trkpt>
      <trkpt lat="36.445809829343" lon="127.087660431862">
        <ele>39.86</ele>
      </trkpt>
      <trkpt lat="36.44588480634" lon="127.087674521233">
        <ele>39.5</ele>
      </trkpt>
      <trkpt lat="36.445973902012" lon="127.087691263728">
        <ele>39.14</ele>
      </trkpt>
      <trkpt lat="36.446062997684" lon="127.087708006224">
        <ele>38.68</ele>
      </trkpt>
      <trkpt lat="36.446152093356" lon="127.087724748719">
        <ele>38.47</ele>
      </trkpt>
      <trkpt lat="36.4461809391152" lon="127.087730169296">
        <ele>38.34</ele>
      </trkpt>
      <trkpt lat="36.446241794483" lon="127.087734150971">
        <ele>38.08</ele>
      </trkpt>
      <trkpt lat="36.446331785481" lon="127.087740038946">
        <ele>37.61</ele>
      </trkpt>
      <trkpt lat="36.44642177648" lon="127.087745926922">
        <ele>37.24</ele>
      </trkpt>
      <trkpt lat="36.4464679006872" lon="127.087748944759">
        <ele>37.01</ele>
      </trkpt>
      <trkpt lat="36.446511710577" lon="127.087744959724">
        <ele>36.79</ele>
      </trkpt>
      <trkpt lat="36.446601584846" lon="127.087736784582">
        <ele>36.5</ele>
      </trkpt>
      <trkpt lat="36.446691459114" lon="127.08772860944">
        <ele>35.99</ele>
      </trkpt>
      <trkpt lat="36.446781333382" lon="127.087720434297">
        <ele>35.51</ele>
      </trkpt>
      <trkpt lat="36.446871207651" lon="127.087712259155">
        <ele>35.12</ele>
      </trkpt>
      <trkpt lat="36.4469102077982" lon="127.087708711624">
        <ele>34.95</ele>
      </trkpt>
      <trkpt lat="36.446960801407" lon="127.08770064807">
        <ele>34.72</ele>
      </trkpt>
      <trkpt lat="36.447050180121" lon="127.087686402988">
        <ele>34.35</ele>
      </trkpt>
      <trkpt lat="36.447139558836" lon="127.087672157907">
        <ele>33.79</ele>
      </trkpt>
      <trkpt lat="36.447228937551" lon="127.087657912825">
        <ele>33.52</ele>
      </trkpt>
      <trkpt lat="36.447318316266" lon="127.087643667743">
        <ele>33.17</ele>
      </trkpt>
      <trkpt lat="36.447407694981" lon="127.087629422662">
        <ele>32.86</ele>
      </trkpt>
      <trkpt lat="36.447497073695" lon="127.08761517758">
        <ele>32.45</ele>
      </trkpt>
      <trkpt lat="36.4474992274992" lon="127.087614834309">
        <ele>32.44</ele>
      </trkpt>
      <trkpt lat="36.447586585237" lon="127.087602275113">
        <ele>32.21</ele>
      </trkpt>
      <trkpt lat="36.447676100059" lon="127.087589405799">
        <ele>31.89</ele>
      </trkpt>
      <trkpt lat="36.447765614881" lon="127.087576536484">
        <ele>31.59</ele>
      </trkpt>
      <trkpt lat="36.447855129702" lon="127.08756366717">
        <ele>31.42</ele>
      </trkpt>
      <trkpt lat="36.447944644524" lon="127.087550797856">
        <ele>31.03</ele>
      </trkpt>
      <trkpt lat="36.448034159345" lon="127.087537928541">
        <ele>30.81</ele>
      </trkpt>
      <trkpt lat="36.448123674167" lon="127.087525059227">
        <ele>30.63</ele>
      </trkpt>
      <trkpt lat="36.4481335514066" lon="127.087523639202">
        <ele>30.61</ele>
      </trkpt>
      <trkpt lat="36.448213682332" lon="127.087520425766">
        <ele>30.42</ele>
      </trkpt>
      <trkpt lat="36.448303751685" lon="127.087516813776">
        <ele>30.29</ele>
      </trkpt>
      <trkpt lat="36.4483342038077" lon="127.087515592575">
        <ele>30.21</ele>
      </trkpt>
      <trkpt lat="36.448393667076" lon="127.087521406764">
        <ele>30.05</ele>
      </trkpt>
      <trkpt lat="36.448483503824" lon="127.087530190805">
        <ele>29.93</ele>
      </trkpt>
      <trkpt lat="36.4485262255121" lon="127.087534368038">
        <ele>29.82</ele>
      </trkpt>
      <trkpt lat="36.448573222347" lon="127.087540554261">
        <ele>29.7</ele>
      </trkpt>
      <trkpt lat="36.448662833668" lon="127.087552349855">
        <ele>29.61</ele>
      </trkpt>
      <trkpt lat="36.4487096165837" lon="127.087558507919">
        <ele>29.54</ele>
      </trkpt>
      <trkpt lat="36.448751735535" lon="127.087569648661">
        <ele>29.48</ele>
      </trkpt>
      <trkpt lat="36.448839862442" lon="127.087592958814">
        <ele>29.42</ele>
      </trkpt>
      <trkpt lat="36.4489124250286" lon="127.0876121521">
        <ele>29.37</ele>
      </trkpt>
      <trkpt lat="36.448927688716" lon="127.087617733152">
        <ele>29.36</ele>
      </trkpt>
      <trkpt lat="36.449014113408" lon="127.087649333687">
        <ele>29.3</ele>
      </trkpt>
      <trkpt lat="36.4490958151873" lon="127.087679207325">
        <ele>29.24</ele>
      </trkpt>
      <trkpt lat="36.449100465616" lon="127.087681213101">
        <ele>29.24</ele>
      </trkpt>
      <trkpt lat="36.449185563923" lon="127.087717916846">
        <ele>29.18</ele>
      </trkpt>
      <trkpt lat="36.449270662229" lon="127.087754620591">
        <ele>29.12</ele>
      </trkpt>
      <trkpt lat="36.4493072527145" lon="127.087770402431">
        <ele>29.09</ele>
      </trkpt>
      <trkpt lat="36.449355100796" lon="127.087793535205">
        <ele>29.05</ele>
      </trkpt>
      <trkpt lat="36.449439041708" lon="127.087834117525">
        <ele>28.99</ele>
      </trkpt>
      <trkpt lat="36.449462594204" lon="127.087845504284">
        <ele>28.97</ele>
      </trkpt>
      <trkpt lat="36.449519164541" lon="127.087884703436">
        <ele>28.93</ele>
      </trkpt>
      <trkpt lat="36.449597798259" lon="127.087939190915">
        <ele>28.87</ele>
      </trkpt>
      <trkpt lat="36.449676431978" lon="127.087993678394">
        <ele>28.81</ele>
      </trkpt>
      <trkpt lat="36.4497258110177" lon="127.088027894497">
        <ele>28.77</ele>
      </trkpt>
      <trkpt lat="36.449752823717" lon="127.088052475225">
        <ele>28.75</ele>
      </trkpt>
      <trkpt lat="36.449825431212" lon="127.088118545819">
        <ele>28.69</ele>
      </trkpt>
      <trkpt lat="36.449898038708" lon="127.088184616414">
        <ele>28.63</ele>
      </trkpt>
      <trkpt lat="36.4499350893224" lon="127.088218331337">
        <ele>28.6</ele>
      </trkpt>
      <trkpt lat="36.449969151077" lon="127.088253064244">
        <ele>28.57</ele>
      </trkpt>
      <trkpt lat="36.450038705511" lon="127.088323989178">
        <ele>28.51</ele>
      </trkpt>
      <trkpt lat="36.450108259944" lon="127.088394914111">
        <ele>28.45</ele>
      </trkpt>
      <trkpt lat="36.450127107064" lon="127.088414132595">
        <ele>28.43</ele>
      </trkpt>
      <trkpt lat="36.450172819212" lon="127.088472540697">
        <ele>28.39</ele>
      </trkpt>
      <trkpt lat="36.450235521855" lon="127.088552658182">
        <ele>28.32</ele>
      </trkpt>
      <trkpt lat="36.4502824469118" lon="127.088612616062">
        <ele>28.28</ele>
      </trkpt>
      <trkpt lat="36.450298586424" lon="127.088632331861">
        <ele>28.26</ele>
      </trkpt>
      <trkpt lat="36.450362727417" lon="127.088710685587">
        <ele>28.2</ele>
      </trkpt>
      <trkpt lat="36.450426868411" lon="127.088789039313">
        <ele>28.14</ele>
      </trkpt>
      <trkpt lat="36.450491009404" lon="127.088867393039">
        <ele>28.08</ele>
      </trkpt>
      <trkpt lat="36.4505305585233" lon="127.088915705681">
        <ele>28.04</ele>
      </trkpt>
      <trkpt lat="36.450555398458" lon="127.088945432511">
        <ele>28.02</ele>
      </trkpt>
      <trkpt lat="36.450620186448" lon="127.089022966596">
        <ele>27.96</ele>
      </trkpt>
      <trkpt lat="36.450684974438" lon="127.08910050068">
        <ele>27.9</ele>
      </trkpt>
      <trkpt lat="36.450749762428" lon="127.089178034764">
        <ele>27.84</ele>
      </trkpt>
      <trkpt lat="36.4507614094839" lon="127.089191973209">
        <ele>27.83</ele>
      </trkpt>
      <trkpt lat="36.45081334538" lon="127.08925707661">
        <ele>27.78</ele>
      </trkpt>
      <trkpt lat="36.450876664221" lon="127.089336448916">
        <ele>27.72</ele>
      </trkpt>
      <trkpt lat="36.450939983062" lon="127.089415821222">
        <ele>27.66</ele>
      </trkpt>
      <trkpt lat="36.451003301903" lon="127.089495193528">
        <ele>27.59</ele>
      </trkpt>
      <trkpt lat="36.451066620744" lon="127.089574565834">
        <ele>27.53</ele>
      </trkpt>
      <trkpt lat="36.451129939585" lon="127.08965393814">
        <ele>27.47</ele>
      </trkpt>
      <trkpt lat="36.451193258426" lon="127.089733310446">
        <ele>27.41</ele>
      </trkpt>
      <trkpt lat="36.451256577267" lon="127.089812682753">
        <ele>27.35</ele>
      </trkpt>
      <trkpt lat="36.4512813610005" lon="127.08984375">
        <ele>27.33</ele>
      </trkpt>
      <trkpt lat="36.451319850863" lon="127.089892110581">
        <ele>27.29</ele>
      </trkpt>
      <trkpt lat="36.45138309536" lon="127.089971574119">
        <ele>27.23</ele>
      </trkpt>
      <trkpt lat="36.451446339857" lon="127.090051037657">
        <ele>27.17</ele>
      </trkpt>
      <trkpt lat="36.451509584353" lon="127.090130501194">
        <ele>27.11</ele>
      </trkpt>
      <trkpt lat="36.45157282885" lon="127.090209964732">
        <ele>27.05</ele>
      </trkpt>
      <trkpt lat="36.451636073347" lon="127.09028942827">
        <ele>26.99</ele>
      </trkpt>
      <trkpt lat="36.451686963913" lon="127.090353369713">
        <ele>26.93</ele>
      </trkpt>
      <trkpt lat="36.451698204137" lon="127.090370138713">
        <ele>26.92</ele>
      </trkpt>
      <trkpt lat="36.451755747143" lon="127.090455985639">
        <ele>26.86</ele>
      </trkpt>
      <trkpt lat="36.451813290148" lon="127.090541832565">
        <ele>26.8</ele>
      </trkpt>
      <trkpt lat="36.4518379857322" lon="127.09057867527">
        <ele>26.77</ele>
      </trkpt>
      <trkpt lat="36.451867799333" lon="127.090630566537">
        <ele>26.74</ele>
      </trkpt>
      <trkpt lat="36.45192002761" lon="127.09072147107">
        <ele>26.68</ele>
      </trkpt>
      <trkpt lat="36.451972255886" lon="127.090812375602">
        <ele>26.62</ele>
      </trkpt>
      <trkpt lat="36.4519890072574" lon="127.090841531754">
        <ele>26.6</ele>
      </trkpt>
      <trkpt lat="36.452020798343" lon="127.090906283388">
        <ele>26.56</ele>
      </trkpt>
      <trkpt lat="36.45206760044" lon="127.09100160924">
        <ele>26.5</ele>
      </trkpt>
      <trkpt lat="36.4520904072593" lon="127.091048061848">
        <ele>26.47</ele>
      </trkpt>
      <trkpt lat="36.45211190928" lon="127.091098682123">
        <ele>26.44</ele>
      </trkpt>
      <trkpt lat="36.45215384835" lon="127.091197415508">
        <ele>26.38</ele>
      </trkpt>
      <trkpt lat="36.4521918071286" lon="127.09128677845">
        <ele>26.32</ele>
      </trkpt>
      <trkpt lat="36.452195673924" lon="127.091296221441">
        <ele>26.31</ele>
      </trkpt>
      <trkpt lat="36.452236417125" lon="127.091395719246">
        <ele>26.26</ele>
      </trkpt>
      <trkpt lat="36.452277160325" lon="127.091495217051">
        <ele>26.19</ele>
      </trkpt>
      <trkpt lat="36.4523126238212" lon="127.091581821442">
        <ele>26.14</ele>
      </trkpt>
      <trkpt lat="36.452318087592" lon="127.091594596842">
        <ele>26.13</ele>
      </trkpt>
      <trkpt lat="36.452360251222" lon="127.091693183936">
        <ele>26.07</ele>
      </trkpt>
      <trkpt lat="36.452402414853" lon="127.091791771029">
        <ele>26.01</ele>
      </trkpt>
      <trkpt lat="36.452444578484" lon="127.091890358123">
        <ele>25.95</ele>
      </trkpt>
      <trkpt lat="36.452486742115" lon="127.091988945217">
        <ele>25.89</ele>
      </trkpt>
      <trkpt lat="36.452528905746" lon="127.09208753231">
        <ele>25.83</ele>
      </trkpt>
      <trkpt lat="36.4525477843438" lon="127.09213167429">
        <ele>25.8</ele>
      </trkpt>
      <trkpt lat="36.452569963521" lon="127.092186822553">
        <ele>25.77</ele>
      </trkpt>
      <trkpt lat="36.452610124713" lon="127.092286682881">
        <ele>25.71</ele>
      </trkpt>
      <trkpt lat="36.452650285905" lon="127.092386543209">
        <ele>25.65</ele>
      </trkpt>
      <trkpt lat="36.452690447097" lon="127.092486403538">
        <ele>25.59</ele>
      </trkpt>
      <trkpt lat="36.452730608288" lon="127.092586263866">
        <ele>25.53</ele>
      </trkpt>
      <trkpt lat="36.45277076948" lon="127.092686124194">
        <ele>25.46</ele>
      </trkpt>
      <trkpt lat="36.452810930672" lon="127.092785984522">
        <ele>25.4</ele>
      </trkpt>
      <trkpt lat="36.452851091863" lon="127.09288584485">
        <ele>25.34</ele>
      </trkpt>
      <trkpt lat="36.452891253055" lon="127.092985705179">
        <ele>25.28</ele>
      </trkpt>
      <trkpt lat="36.4529210193059" lon="127.093059718609">
        <ele>25.24</ele>
      </trkpt>
      <trkpt lat="36.452931513775" lon="127.093085503944">
        <ele>25.22</ele>
      </trkpt>
      <trkpt lat="36.452972059494" lon="127.093185126421">
        <ele>25.16</ele>
      </trkpt>
      <trkpt lat="36.453012605214" lon="127.093284748898">
        <ele>25.1</ele>
      </trkpt>
      <trkpt lat="36.453053150934" lon="127.093384371375">
        <ele>25.04</ele>
      </trkpt>
      <trkpt lat="36.453093696654" lon="127.093483993852">
        <ele>24.98</ele>
      </trkpt>
      <trkpt lat="36.453134242374" lon="127.093583616329">
        <ele>24.92</ele>
      </trkpt>
      <trkpt lat="36.453174788093" lon="127.093683238806">
        <ele>24.86</ele>
      </trkpt>
      <trkpt lat="36.453215333813" lon="127.093782861283">
        <ele>24.8</ele>
      </trkpt>
      <trkpt lat="36.453255879533" lon="127.09388248376">
        <ele>24.73</ele>
      </trkpt>
      <trkpt lat="36.453296425253" lon="127.093982106237">
        <ele>24.67</ele>
      </trkpt>
      <trkpt lat="36.453336970973" lon="127.094081728714">
        <ele>24.61</ele>
      </trkpt>
      <trkpt lat="36.4533762340829" lon="127.094178199768">
        <ele>24.55</ele>
      </trkpt>
      <trkpt lat="36.453377419986" lon="127.094181408715">
        <ele>24.55</ele>
      </trkpt>
      <trkpt lat="36.453414908637" lon="127.094282849622">
        <ele>24.49</ele>
      </trkpt>
      <trkpt lat="36.453452397288" lon="127.094384290529">
        <ele>24.43</ele>
      </trkpt>
      <trkpt lat="36.453489885938" lon="127.094485731436">
        <ele>24.37</ele>
      </trkpt>
      <trkpt lat="36.453527374589" lon="127.094587172342">
        <ele>24.26</ele>
      </trkpt>
      <trkpt lat="36.4535596136884" lon="127.094674408436">
        <ele>24.2</ele>
      </trkpt>
      <trkpt lat="36.453565461671" lon="127.094688250459">
        <ele>24.19</ele>
      </trkpt>
      <trkpt lat="36.453607223898" lon="127.094787100568">
        <ele>24.18</ele>
      </trkpt>
      <trkpt lat="36.453648986125" lon="127.094885950678">
        <ele>24.12</ele>
      </trkpt>
      <trkpt lat="36.453690748353" lon="127.094984800787">
        <ele>24.09</ele>
      </trkpt>
      <trkpt lat="36.45373251058" lon="127.095083650896">
        <ele>24.01</ele>
      </trkpt>
      <trkpt lat="36.453774272807" lon="127.095182501006">
        <ele>23.95</ele>
      </trkpt>
      <trkpt lat="36.4537839834395" lon="127.095205485821">
        <ele>23.93</ele>
      </trkpt>
      <trkpt lat="36.453813558584" lon="127.095282877232">
        <ele>23.85</ele>
      </trkpt>
      <trkpt lat="36.453852094074" lon="127.095383715824">
        <ele>23.79</ele>
      </trkpt>
      <trkpt lat="36.453890629564" lon="127.095484554416">
        <ele>23.68</ele>
      </trkpt>
      <trkpt lat="36.453929165054" lon="127.095585393008">
        <ele>23.62</ele>
      </trkpt>
      <trkpt lat="36.453967700544" lon="127.095686231601">
        <ele>23.54</ele>
      </trkpt>
      <trkpt lat="36.454006236034" lon="127.095787070193">
        <ele>23.51</ele>
      </trkpt>
      <trkpt lat="36.4540105099336" lon="127.095798254013">
        <ele>23.5</ele>
      </trkpt>
      <trkpt lat="36.454047024018" lon="127.09588653633">
        <ele>23.43</ele>
      </trkpt>
      <trkpt lat="36.454088092986" lon="127.095985831263">
        <ele>23.39</ele>
      </trkpt>
      <trkpt lat="36.454129161953" lon="127.096085126196">
        <ele>23.34</ele>
      </trkpt>
      <trkpt lat="36.45417023092" lon="127.096184421129">
        <ele>23.3</ele>
      </trkpt>
      <trkpt lat="36.454211299888" lon="127.096283716062">
        <ele>23.19</ele>
      </trkpt>
      <trkpt lat="36.454252368855" lon="127.096383010995">
        <ele>23.11</ele>
      </trkpt>
      <trkpt lat="36.454293437822" lon="127.096482305928">
        <ele>23.07</ele>
      </trkpt>
      <trkpt lat="36.454334506789" lon="127.096581600861">
        <ele>23.02</ele>
      </trkpt>
      <trkpt lat="36.454375575757" lon="127.096680895794">
        <ele>22.98</ele>
      </trkpt>
      <trkpt lat="36.454416644724" lon="127.096780190728">
        <ele>22.95</ele>
      </trkpt>
      <trkpt lat="36.454457713691" lon="127.096879485661">
        <ele>22.98</ele>
      </trkpt>
      <trkpt lat="36.454498782659" lon="127.096978780594">
        <ele>23.01</ele>
      </trkpt>
      <trkpt lat="36.454517495404" lon="127.097024023533">
        <ele>22.96</ele>
      </trkpt>
      <trkpt lat="36.454543609334" lon="127.097075429232">
        <ele>22.89</ele>
      </trkpt>
      <trkpt lat="36.454591581311" lon="127.097169862853">
        <ele>22.8</ele>
      </trkpt>
      <trkpt lat="36.4546210494754" lon="127.097227871418">
        <ele>22.79</ele>
      </trkpt>
      <trkpt lat="36.45464050905" lon="127.097263525147">
        <ele>22.78</ele>
      </trkpt>
      <trkpt lat="36.454690958884" lon="127.097355959067">
        <ele>22.76</ele>
      </trkpt>
      <trkpt lat="36.454703029684" lon="127.097378075123">
        <ele>22.74</ele>
      </trkpt>
      <trkpt lat="36.454745548984" lon="127.09744464366">
        <ele>22.68</ele>
      </trkpt>
      <trkpt lat="36.454801441261" lon="127.09753214903">
        <ele>22.66</ele>
      </trkpt>
      <trkpt lat="36.454819527726" lon="127.097560465336">
        <ele>22.64</ele>
      </trkpt>
      <trkpt lat="36.454861905313" lon="127.097614702108">
        <ele>22.59</ele>
      </trkpt>
      <trkpt lat="36.454924556521" lon="127.097694885988">
        <ele>22.44</ele>
      </trkpt>
      <trkpt lat="36.4549662287152" lon="127.097748219967">
        <ele>22.45</ele>
      </trkpt>
      <trkpt lat="36.454988244213" lon="127.097773766652">
        <ele>22.46</ele>
      </trkpt>
      <trkpt lat="36.455053990752" lon="127.09785005864">
        <ele>22.38</ele>
      </trkpt>
      <trkpt lat="36.455095670534" lon="127.097898423672">
        <ele>22.39</ele>
      </trkpt>
      <trkpt lat="36.45512138561" lon="127.097924000572">
        <ele>22.4</ele>
      </trkpt>
      <trkpt lat="36.455191635094" lon="127.097993872581">
        <ele>22.33</ele>
      </trkpt>
      <trkpt lat="36.455261884578" lon="127.098063744591">
        <ele>22.32</ele>
      </trkpt>
      <trkpt lat="36.4552682592897" lon="127.098070085049">
        <ele>22.31</ele>
      </trkpt>
      <trkpt lat="36.455337033592" lon="127.098125224539">
        <ele>22.23</ele>
      </trkpt>
      <trkpt lat="36.455412671581" lon="127.098185866958">
        <ele>22.14</ele>
      </trkpt>
      <trkpt lat="36.455488309569" lon="127.098246509378">
        <ele>22.03</ele>
      </trkpt>
      <trkpt lat="36.4554990961501" lon="127.098255157471">
        <ele>22.05</ele>
      </trkpt>
      <trkpt lat="36.455565618962" lon="127.098303808729">
        <ele>22.14</ele>
      </trkpt>
      <trkpt lat="36.455643206357" lon="127.098360552035">
        <ele>22.06</ele>
      </trkpt>
      <trkpt lat="36.4556824707364" lon="127.098389267921">
        <ele>22.04</ele>
      </trkpt>
      <trkpt lat="36.455722917639" lon="127.098412271708">
        <ele>22.03</ele>
      </trkpt>
      <trkpt lat="36.45580480498" lon="127.098458844348">
        <ele>21.99</ele>
      </trkpt>
      <trkpt lat="36.4558852609506" lon="127.098504602909">
        <ele>21.93</ele>
      </trkpt>
      <trkpt lat="36.455886700215" lon="127.098505395374">
        <ele>21.93</ele>
      </trkpt>
      <trkpt lat="36.455969039206" lon="127.098550731555">
        <ele>21.86</ele>
      </trkpt>
      <trkpt lat="36.456051378197" lon="127.098596067735">
        <ele>21.84</ele>
      </trkpt>
      <trkpt lat="36.456133717188" lon="127.098641403916">
        <ele>21.79</ele>
      </trkpt>
      <trkpt lat="36.456216056179" lon="127.098686740097">
        <ele>21.78</ele>
      </trkpt>
      <trkpt lat="36.456298395169" lon="127.098732076277">
        <ele>21.74</ele>
      </trkpt>
      <trkpt lat="36.45638073416" lon="127.098777412458">
        <ele>21.78</ele>
      </trkpt>
      <trkpt lat="36.456463073151" lon="127.098822748639">
        <ele>21.78</ele>
      </trkpt>
      <trkpt lat="36.4564893137655" lon="127.098837196827">
        <ele>21.78</ele>
      </trkpt>
      <trkpt lat="36.456545543252" lon="127.098867717736">
        <ele>21.79</ele>
      </trkpt>
      <trkpt lat="36.456628074682" lon="127.098912515127">
        <ele>21.87</ele>
      </trkpt>
      <trkpt lat="36.456710606111" lon="127.098957312518">
        <ele>21.86</ele>
      </trkpt>
      <trkpt lat="36.456793137541" lon="127.099002109909">
        <ele>21.87</ele>
      </trkpt>
      <trkpt lat="36.45687566897" lon="127.0990469073">
        <ele>21.9</ele>
      </trkpt>
      <trkpt lat="36.456958200399" lon="127.09909170469">
        <ele>21.91</ele>
      </trkpt>
      <trkpt lat="36.457040731829" lon="127.099136502081">
        <ele>21.93</ele>
      </trkpt>
      <trkpt lat="36.457123263258" lon="127.099181299472">
        <ele>21.93</ele>
      </trkpt>
      <trkpt lat="36.457205794688" lon="127.099226096863">
        <ele>21.95</ele>
      </trkpt>
      <trkpt lat="36.457288326117" lon="127.099270894254">
        <ele>21.98</ele>
      </trkpt>
      <trkpt lat="36.457370857547" lon="127.099315691644">
        <ele>21.95</ele>
      </trkpt>
      <trkpt lat="36.457453388976" lon="127.099360489035">
        <ele>21.97</ele>
      </trkpt>
      <trkpt lat="36.457535920406" lon="127.099405286426">
        <ele>21.94</ele>
      </trkpt>
      <trkpt lat="36.457618451835" lon="127.099450083817">
        <ele>21.92</ele>
      </trkpt>
      <trkpt lat="36.457700983265" lon="127.099494881208">
        <ele>21.93</ele>
      </trkpt>
      <trkpt lat="36.457783514694" lon="127.099539678598">
        <ele>21.9</ele>
      </trkpt>
      <trkpt lat="36.457866046124" lon="127.099584475989">
        <ele>21.89</ele>
      </trkpt>
      <trkpt lat="36.457948577553" lon="127.09962927338">
        <ele>21.88</ele>
      </trkpt>
      <trkpt lat="36.458031108983" lon="127.099674070771">
        <ele>21.83</ele>
      </trkpt>
      <trkpt lat="36.458113640412" lon="127.099718868162">
        <ele>21.86</ele>
      </trkpt>
      <trkpt lat="36.458196171841" lon="127.099763665552">
        <ele>21.8</ele>
      </trkpt>
      <trkpt lat="36.4582237821261" lon="127.099778652191">
        <ele>21.8</ele>
      </trkpt>
      <trkpt lat="36.458278705348" lon="127.099808457665">
        <ele>21.8</ele>
      </trkpt>
      <trkpt lat="36.458361239899" lon="127.099853247125">
        <ele>21.72</ele>
      </trkpt>
      <trkpt lat="36.45844377445" lon="127.099898036585">
        <ele>21.69</ele>
      </trkpt>
      <trkpt lat="36.458526309002" lon="127.099942826045">
        <ele>21.68</ele>
      </trkpt>
      <trkpt lat="36.458608843553" lon="127.099987615505">
        <ele>21.7</ele>
      </trkpt>
      <trkpt lat="36.458691378104" lon="127.100032404965">
        <ele>21.67</ele>
      </trkpt>
      <trkpt lat="36.458773912655" lon="127.100077194424">
        <ele>21.7</ele>
      </trkpt>
      <trkpt lat="36.458856447206" lon="127.100121983884">
        <ele>21.64</ele>
      </trkpt>
      <trkpt lat="36.458938981757" lon="127.100166773344">
        <ele>21.53</ele>
      </trkpt>
      <trkpt lat="36.459021516308" lon="127.100211562804">
        <ele>21.61</ele>
      </trkpt>
      <trkpt lat="36.459104050859" lon="127.100256352264">
        <ele>21.68</ele>
      </trkpt>
      <trkpt lat="36.45918658541" lon="127.100301141723">
        <ele>21.71</ele>
      </trkpt>
      <trkpt lat="36.459269119961" lon="127.100345931183">
        <ele>21.71</ele>
      </trkpt>
      <trkpt lat="36.459351654513" lon="127.100390720643">
        <ele>21.74</ele>
      </trkpt>
      <trkpt lat="36.459434189064" lon="127.100435510103">
        <ele>21.7</ele>
      </trkpt>
      <trkpt lat="36.459516723615" lon="127.100480299563">
        <ele>21.7</ele>
      </trkpt>
      <trkpt lat="36.459599258166" lon="127.100525089023">
        <ele>21.72</ele>
      </trkpt>
      <trkpt lat="36.459681792717" lon="127.100569878482">
        <ele>21.76</ele>
      </trkpt>
      <trkpt lat="36.459764327268" lon="127.100614667942">
        <ele>21.87</ele>
      </trkpt>
      <trkpt lat="36.4597856333758" lon="127.10062623024">
        <ele>21.88</ele>
      </trkpt>
      <trkpt lat="36.459846118509" lon="127.100661482532">
        <ele>21.91</ele>
      </trkpt>
      <trkpt lat="36.459927651095" lon="127.10070900182">
        <ele>21.96</ele>
      </trkpt>
      <trkpt lat="36.46000918368" lon="127.100756521109">
        <ele>21.97</ele>
      </trkpt>
      <trkpt lat="36.460090716266" lon="127.100804040398">
        <ele>22.07</ele>
      </trkpt>
      <trkpt lat="36.460172248852" lon="127.100851559687">
        <ele>22.08</ele>
      </trkpt>
      <trkpt lat="36.460253781438" lon="127.100899078975">
        <ele>22.18</ele>
      </trkpt>
      <trkpt lat="36.460335314023" lon="127.100946598264">
        <ele>22.21</ele>
      </trkpt>
      <trkpt lat="36.4603378826433" lon="127.100948095322">
        <ele>22.21</ele>
      </trkpt>
      <trkpt lat="36.460414837731" lon="127.100999066971">
        <ele>22.26</ele>
      </trkpt>
      <trkpt lat="36.460494296092" lon="127.101051696678">
        <ele>22.33</ele>
      </trkpt>
      <trkpt lat="36.460573754452" lon="127.101104326385">
        <ele>22.37</ele>
      </trkpt>
      <trkpt lat="36.460653212813" lon="127.101156956092">
        <ele>22.43</ele>
      </trkpt>
      <trkpt lat="36.460732671174" lon="127.101209585799">
        <ele>22.45</ele>
      </trkpt>
      <trkpt lat="36.460811955152" lon="127.101262607085">
        <ele>22.47</ele>
      </trkpt>
      <trkpt lat="36.460890314169" lon="127.101317705378">
        <ele>22.58</ele>
      </trkpt>
      <trkpt lat="36.460968673186" lon="127.101372803672">
        <ele>22.61</ele>
      </trkpt>
      <trkpt lat="36.461047032203" lon="127.101427901965">
        <ele>22.63</ele>
      </trkpt>
      <trkpt lat="36.46112539122" lon="127.101483000259">
        <ele>22.68</ele>
      </trkpt>
      <trkpt lat="36.461203750237" lon="127.101538098552">
        <ele>22.74</ele>
      </trkpt>
      <trkpt lat="36.461282109254" lon="127.101593196846">
        <ele>22.73</ele>
      </trkpt>
      <trkpt lat="36.461360468271" lon="127.10164829514">
        <ele>22.8</ele>
      </trkpt>
      <trkpt lat="36.461425111895" lon="127.101693749428">
        <ele>22.8</ele>
      </trkpt>
      <trkpt lat="36.461438954277" lon="127.101703111333">
        <ele>22.8</ele>
      </trkpt>
      <trkpt lat="36.461518038806" lon="127.101756597927">
        <ele>22.75</ele>
      </trkpt>
      <trkpt lat="36.461597123335" lon="127.101810084521">
        <ele>22.74</ele>
      </trkpt>
      <trkpt lat="36.461676207864" lon="127.101863571115">
        <ele>22.74</ele>
      </trkpt>
      <trkpt lat="36.461755292393" lon="127.101917057709">
        <ele>22.58</ele>
      </trkpt>
      <trkpt lat="36.461758912232" lon="127.101919832823">
        <ele>22.58</ele>
      </trkpt>
      <trkpt lat="36.4617788895547" lon="127.101935148239">
        <ele>22.58</ele>
      </trkpt>
      <trkpt lat="36.461827792699" lon="127.10199115346">
        <ele>22.45</ele>
      </trkpt>
      <trkpt lat="36.4618608621967" lon="127.102029025555">
        <ele>22.34</ele>
      </trkpt>
      <trkpt lat="36.461879852445" lon="127.102079623335">
        <ele>22.26</ele>
      </trkpt>
      <trkpt lat="36.4618910626219" lon="127.102109491825">
        <ele>22.22</ele>
      </trkpt>
      <trkpt lat="36.461856931486" lon="127.102175801708">
        <ele>22.15</ele>
      </trkpt>
      <trkpt lat="36.4618220330613" lon="127.102243602276">
        <ele>22.1</ele>
      </trkpt>
      <trkpt lat="36.461808178825" lon="127.102269625958">
        <ele>22.11</ele>
      </trkpt>
      <trkpt lat="36.461758587994" lon="127.102362776956">
        <ele>22.06</ele>
      </trkpt>
      <trkpt lat="36.461708997164" lon="127.102455927955">
        <ele>22.0</ele>
      </trkpt>
      <trkpt lat="36.461659406333" lon="127.102549078954">
        <ele>22.02</ele>
      </trkpt>
      <trkpt lat="36.461609815502" lon="127.102642229953">
        <ele>21.99</ele>
      </trkpt>
      <trkpt lat="36.461560224672" lon="127.102735380952">
        <ele>21.96</ele>
      </trkpt>
      <trkpt lat="36.461510633841" lon="127.10282853195">
        <ele>21.85</ele>
      </trkpt>
      <trkpt lat="36.461461043011" lon="127.102921682949">
        <ele>21.82</ele>
      </trkpt>
      <trkpt lat="36.46141145218" lon="127.103014833948">
        <ele>21.78</ele>
      </trkpt>
      <trkpt lat="36.46136186135" lon="127.103107984947">
        <ele>21.72</ele>
      </trkpt>
      <trkpt lat="36.461312270519" lon="127.103201135946">
        <ele>21.58</ele>
      </trkpt>
      <trkpt lat="36.461262679688" lon="127.103294286944">
        <ele>21.54</ele>
      </trkpt>
      <trkpt lat="36.461213088858" lon="127.103387437943">
        <ele>21.58</ele>
      </trkpt>
      <trkpt lat="36.461163498027" lon="127.103480588942">
        <ele>21.51</ele>
      </trkpt>
      <trkpt lat="36.461113907197" lon="127.103573739941">
        <ele>21.46</ele>
      </trkpt>
      <trkpt lat="36.461064316366" lon="127.10366689094">
        <ele>21.41</ele>
      </trkpt>
      <trkpt lat="36.461014725535" lon="127.103760041938">
        <ele>21.37</ele>
      </trkpt>
      <trkpt lat="36.460965134705" lon="127.103853192937">
        <ele>21.32</ele>
      </trkpt>
      <trkpt lat="36.460915543874" lon="127.103946343936">
        <ele>21.27</ele>
      </trkpt>
      <trkpt lat="36.460865953044" lon="127.104039494935">
        <ele>21.25</ele>
      </trkpt>
      <trkpt lat="36.460816362213" lon="127.104132645934">
        <ele>21.2</ele>
      </trkpt>
      <trkpt lat="36.460766771383" lon="127.104225796932">
        <ele>21.18</ele>
      </trkpt>
      <trkpt lat="36.460717180552" lon="127.104318947931">
        <ele>21.19</ele>
      </trkpt>
      <trkpt lat="36.460667589721" lon="127.10441209893">
        <ele>21.2</ele>
      </trkpt>
      <trkpt lat="36.460617998891" lon="127.104505249929">
        <ele>21.09</ele>
      </trkpt>
      <trkpt lat="36.46056840806" lon="127.104598400928">
        <ele>21.05</ele>
      </trkpt>
      <trkpt lat="36.46051881723" lon="127.104691551926">
        <ele>21.0</ele>
      </trkpt>
      <trkpt lat="36.460469226399" lon="127.104784702925">
        <ele>20.95</ele>
      </trkpt>
      <trkpt lat="36.460419635569" lon="127.104877853924">
        <ele>20.93</ele>
      </trkpt>
      <trkpt lat="36.460370044738" lon="127.104971004923">
        <ele>20.87</ele>
      </trkpt>
      <trkpt lat="36.460320453907" lon="127.105064155921">
        <ele>20.89</ele>
      </trkpt>
      <trkpt lat="36.460270863077" lon="127.10515730692">
        <ele>20.89</ele>
      </trkpt>
      <trkpt lat="36.460221272246" lon="127.105250457919">
        <ele>20.91</ele>
      </trkpt>
      <trkpt lat="36.460171681416" lon="127.105343608918">
        <ele>20.85</ele>
      </trkpt>
      <trkpt lat="36.460122090585" lon="127.105436759917">
        <ele>20.84</ele>
      </trkpt>
      <trkpt lat="36.4601113746304" lon="127.105456888676">
        <ele>20.87</ele>
      </trkpt>
      <trkpt lat="36.460106894088" lon="127.105544166692">
        <ele>20.95</ele>
      </trkpt>
      <trkpt lat="36.4601049029632" lon="127.105582952499">
        <ele>20.96</ele>
      </trkpt>
      <trkpt lat="36.460126883152" lon="127.105650364878">
        <ele>21.04</ele>
      </trkpt>
      <trkpt lat="36.4601372612939" lon="127.105682194233">
        <ele>21.07</ele>
      </trkpt>
      <trkpt lat="36.460172148218" lon="127.105746227116">
        <ele>21.16</ele>
      </trkpt>
      <trkpt lat="36.4601825629343" lon="127.105765342712">
        <ele>21.19</ele>
      </trkpt>
      <trkpt lat="36.460233004863" lon="127.1058280604">
        <ele>21.31</ele>
      </trkpt>
      <trkpt lat="36.4602688516999" lon="127.105872631073">
        <ele>21.42</ele>
      </trkpt>
      <trkpt lat="36.460299873887" lon="127.105902521451">
        <ele>21.42</ele>
      </trkpt>
      <trkpt lat="36.460370989558" lon="127.105971042551">
        <ele>21.56</ele>
      </trkpt>
      <trkpt lat="36.46044210523" lon="127.10603956365">
        <ele>21.72</ele>
      </trkpt>
      <trkpt lat="36.460513220902" lon="127.106108084749">
        <ele>21.89</ele>
      </trkpt>
      <trkpt lat="36.460584336573" lon="127.106176605849">
        <ele>22.15</ele>
      </trkpt>
      <trkpt lat="36.460655452245" lon="127.106245126948">
        <ele>22.41</ele>
      </trkpt>
      <trkpt lat="36.460726567917" lon="127.106313648047">
        <ele>22.66</ele>
      </trkpt>
      <trkpt lat="36.460797683589" lon="127.106382169147">
        <ele>23.03</ele>
      </trkpt>
      <trkpt lat="36.46086879926" lon="127.106450690246">
        <ele>23.4</ele>
      </trkpt>
      <trkpt lat="36.460939914932" lon="127.106519211345">
        <ele>23.8</ele>
      </trkpt>
      <trkpt lat="36.461011030604" lon="127.106587732445">
        <ele>24.21</ele>
      </trkpt>
      <trkpt lat="36.461082146276" lon="127.106656253544">
        <ele>24.61</ele>
      </trkpt>
      <trkpt lat="36.461153261947" lon="127.106724774643">
        <ele>25.09</ele>
      </trkpt>
      <trkpt lat="36.461224377619" lon="127.106793295743">
        <ele>25.47</ele>
      </trkpt>
      <trkpt lat="36.461295493291" lon="127.106861816842">
        <ele>25.8</ele>
      </trkpt>
      <trkpt lat="36.461366608962" lon="127.106930337941">
        <ele>26.38</ele>
      </trkpt>
      <trkpt lat="36.461437724634" lon="127.106998859041">
        <ele>26.59</ele>
      </trkpt>
      <trkpt lat="36.461508840306" lon="127.10706738014">
        <ele>26.8</ele>
      </trkpt>
      <trkpt lat="36.461579955978" lon="127.107135901239">
        <ele>26.87</ele>
      </trkpt>
      <trkpt lat="36.4616106296495" lon="127.107165455818">
        <ele>26.91</ele>
      </trkpt>
    </trkseg>
  </trk>
</gpx>