<?xml version="1.0" encoding="UTF-8"?>
<gpx creator="Garmin Connect" version="1.1"
  xsi:schemaLocation="http://www.topografix.com/GPX/1/1 http://www.topografix.com/GPX/11.xsd"
  xmlns:ns3="http://www.garmin.com/xmlschemas/TrackPointExtension/v1"
  xmlns="http://www.topografix.com/GPX/1/1"
  xmlns:xsi="http://www.w3.org/2001/XMLSchema-instance" xmlns:ns2="http://www.garmin.com/xmlschemas/GpxExtensions/v3">
  <metadata>
    <name>Osaka Marathon 2025 - 42.195 km</name>
    <link href="connect.garmin.com">
      <text>Garmin Connect</text>
    </link>
    <time>2025-12-02T09:37:42.000Z</time>
  </metadata>
  <trk>
    <name>Osaka Marathon 2025 - 42.195 km</name>
    <trkseg>
      <trkpt lat="34.68618096783757" lon="135.52061593160033">
        <ele>27.53</ele>
      </trkpt>
      <trkpt lat="34.686451787129045" lon="135.52052817307413">
        <ele>27.73</ele>
      </trkpt>
      <trkpt lat="34.68672269023955" lon="135.5204403307289">
        <ele>28.19</ele>
      </trkpt>
      <trkpt lat="34.68699359335005" lon="135.52035257220268">
        <ele>28.24</ele>
      </trkpt>
      <trkpt lat="34.687264412641525" lon="135.52026481367648">
        <ele>28.68</ele>
      </trkpt>
      <trkpt lat="34.68753531575203" lon="135.52017697133124">
        <ele>28.86</ele>
      </trkpt>
      <trkpt lat="34.68780999071896" lon="135.52008795551956">
        <ele>29.01</ele>
      </trkpt>
      <trkpt lat="34.68793194741011" lon="135.5200769752264">
        <ele>29.13</ele>
      </trkpt>
      <trkpt lat="34.68802792020142" lon="135.52008896134794">
        <ele>29.17</ele>
      </trkpt>
      <trkpt lat="34.68828197568655" lon="135.52016196772456">
        <ele>29.28</ele>
      </trkpt>
      <trkpt lat="34.68850342556834" lon="135.52023430354893">
        <ele>29.07</ele>
      </trkpt>
      <trkpt lat="34.68872596509755" lon="135.52030697464943">
        <ele>28.51</ele>
      </trkpt>
      <trkpt lat="34.68898396007717" lon="135.52038392052054">
        <ele>27.69</ele>
      </trkpt>
      <trkpt lat="34.68923198059201" lon="135.52043396048248">
        <ele>26.62</ele>
      </trkpt>
      <trkpt lat="34.68948997557163" lon="135.52044888027012">
        <ele>25.79</ele>
      </trkpt>
      <trkpt lat="34.68974797055125" lon="135.5204638838768">
        <ele>25.48</ele>
      </trkpt>
      <trkpt lat="34.69000797718763" lon="135.5204789713025">
        <ele>25.32</ele>
      </trkpt>
      <trkpt lat="34.69013093970716" lon="135.52047193050385">
        <ele>24.91</ele>
      </trkpt>
      <trkpt lat="34.69030193053186" lon="135.52044795826077">
        <ele>24.34</ele>
      </trkpt>
      <trkpt lat="34.69039195217192" lon="135.52042096853256">
        <ele>23.39</ele>
      </trkpt>
      <trkpt lat="34.690680960193276" lon="135.520289959386">
        <ele>21.57</ele>
      </trkpt>
      <trkpt lat="34.69078372232616" lon="135.52054057829082">
        <ele>20.18</ele>
      </trkpt>
      <trkpt lat="34.69088648445904" lon="135.52079111337662">
        <ele>18.59</ele>
      </trkpt>
      <trkpt lat="34.69098899513483" lon="135.52104097791016">
        <ele>17.13</ele>
      </trkpt>
      <trkpt lat="34.69110382720828" lon="135.52130316384137">
        <ele>15.67</ele>
      </trkpt>
      <trkpt lat="34.69121865928173" lon="135.5215654335916">
        <ele>14.23</ele>
      </trkpt>
      <trkpt lat="34.69133349135518" lon="135.52182770334184">
        <ele>12.77</ele>
      </trkpt>
      <trkpt lat="34.691447988152504" lon="135.5220889672637">
        <ele>11.36</ele>
      </trkpt>
      <trkpt lat="34.6914759837091" lon="135.522250989452">
        <ele>10.33</ele>
      </trkpt>
      <trkpt lat="34.69159626401961" lon="135.52253102883697">
        <ele>9.43</ele>
      </trkpt>
      <trkpt lat="34.69171662814915" lon="135.52281106822193">
        <ele>8.69</ele>
      </trkpt>
      <trkpt lat="34.69183690845966" lon="135.52309119142592">
        <ele>8.08</ele>
      </trkpt>
      <trkpt lat="34.691957188770175" lon="135.52337123081088">
        <ele>7.63</ele>
      </trkpt>
      <trkpt lat="34.692076966166496" lon="135.52364992909133">
        <ele>7.37</ele>
      </trkpt>
      <trkpt lat="34.69221266917884" lon="135.5239725485444">
        <ele>7.21</ele>
      </trkpt>
      <trkpt lat="34.69234828837216" lon="135.52429508417845">
        <ele>7.03</ele>
      </trkpt>
      <trkpt lat="34.692483991384506" lon="135.52461770363152">
        <ele>6.89</ele>
      </trkpt>
      <trkpt lat="34.69261969439685" lon="135.5249403230846">
        <ele>6.9</ele>
      </trkpt>
      <trkpt lat="34.6927553974092" lon="135.52526285871863">
        <ele>6.93</ele>
      </trkpt>
      <trkpt lat="34.692891016602516" lon="135.5255854781717">
        <ele>6.98</ele>
      </trkpt>
      <trkpt lat="34.69302671961486" lon="135.52590801380575">
        <ele>7.11</ele>
      </trkpt>
      <trkpt lat="34.69316242262721" lon="135.52623063325882">
        <ele>7.51</ele>
      </trkpt>
      <trkpt lat="34.69329812563956" lon="135.5265532527119">
        <ele>7.92</ele>
      </trkpt>
      <trkpt lat="34.69343374483287" lon="135.52687578834593">
        <ele>8.13</ele>
      </trkpt>
      <trkpt lat="34.69356793910265" lon="135.5271949712187">
        <ele>8.2</ele>
      </trkpt>
      <trkpt lat="34.693855941295624" lon="135.5271246470511">
        <ele>8.24</ele>
      </trkpt>
      <trkpt lat="34.6941439434886" lon="135.52705440670252">
        <ele>8.22</ele>
      </trkpt>
      <trkpt lat="34.69443194568157" lon="135.5269840825349">
        <ele>8.19</ele>
      </trkpt>
      <trkpt lat="34.694719947874546" lon="135.52691384218633">
        <ele>8.11</ele>
      </trkpt>
      <trkpt lat="34.69500786624849" lon="135.52684351801872">
        <ele>8.05</ele>
      </trkpt>
      <trkpt lat="34.69529586844146" lon="135.52677327767015">
        <ele>7.96</ele>
      </trkpt>
      <trkpt lat="34.69558387063444" lon="135.52670295350254">
        <ele>7.85</ele>
      </trkpt>
      <trkpt lat="34.69587187282741" lon="135.52663262933493">
        <ele>7.85</ele>
      </trkpt>
      <trkpt lat="34.696159875020385" lon="135.52656238898635">
        <ele>7.81</ele>
      </trkpt>
      <trkpt lat="34.69644779339433" lon="135.52649206481874">
        <ele>7.69</ele>
      </trkpt>
      <trkpt lat="34.6967357955873" lon="135.52642182447016">
        <ele>7.62</ele>
      </trkpt>
      <trkpt lat="34.697023797780275" lon="135.52635150030255">
        <ele>7.66</ele>
      </trkpt>
      <trkpt lat="34.697320936247706" lon="135.52627899684012">
        <ele>7.44</ele>
      </trkpt>
      <trkpt lat="34.69736695289612" lon="135.52590197883546">
        <ele>7.31</ele>
      </trkpt>
      <trkpt lat="34.69738757237792" lon="135.52556259557605">
        <ele>7.34</ele>
      </trkpt>
      <trkpt lat="34.69740819185972" lon="135.52522321231663">
        <ele>7.33</ele>
      </trkpt>
      <trkpt lat="34.697428811341524" lon="135.52488391287625">
        <ele>7.0</ele>
      </trkpt>
      <trkpt lat="34.697449430823326" lon="135.52454452961683">
        <ele>6.64</ele>
      </trkpt>
      <trkpt lat="34.69747005030513" lon="135.52420514635742">
        <ele>6.4</ele>
      </trkpt>
      <trkpt lat="34.69749066978693" lon="135.52386584691703">
        <ele>6.24</ele>
      </trkpt>
      <trkpt lat="34.697510953992605" lon="135.52353098988533">
        <ele>6.09</ele>
      </trkpt>
      <trkpt lat="34.69753618352115" lon="135.52318691276014">
        <ele>6.02</ele>
      </trkpt>
      <trkpt lat="34.69756149686873" lon="135.52284283563495">
        <ele>5.98</ele>
      </trkpt>
      <trkpt lat="34.697586726397276" lon="135.5224988423288">
        <ele>5.93</ele>
      </trkpt>
      <trkpt lat="34.69761195592582" lon="135.5221547652036">
        <ele>5.93</ele>
      </trkpt>
      <trkpt lat="34.69763693399727" lon="135.52181395702064">
        <ele>5.97</ele>
      </trkpt>
      <trkpt lat="34.69765696674585" lon="135.5215059220791">
        <ele>6.0</ele>
      </trkpt>
      <trkpt lat="34.69765696674585" lon="135.52112898789346">
        <ele>5.93</ele>
      </trkpt>
      <trkpt lat="34.69764799810946" lon="135.52101499401033">
        <ele>5.96</ele>
      </trkpt>
      <trkpt lat="34.697620924562216" lon="135.52081592381">
        <ele>6.09</ele>
      </trkpt>
      <trkpt lat="34.69755998812616" lon="135.52052498795092">
        <ele>6.42</ele>
      </trkpt>
      <trkpt lat="34.69747600145638" lon="135.52022214978933">
        <ele>6.73</ele>
      </trkpt>
      <trkpt lat="34.69739209860563" lon="135.51991931162775">
        <ele>6.78</ele>
      </trkpt>
      <trkpt lat="34.697308195754886" lon="135.51961638964713">
        <ele>6.72</ele>
      </trkpt>
      <trkpt lat="34.69722429290414" lon="135.51931355148554">
        <ele>6.83</ele>
      </trkpt>
      <trkpt lat="34.69714097678661" lon="135.5190129764378">
        <ele>7.15</ele>
      </trkpt>
      <trkpt lat="34.69706797040999" lon="135.51869798451662">
        <ele>7.54</ele>
      </trkpt>
      <trkpt lat="34.69702991656959" lon="135.5184809770435">
        <ele>7.86</ele>
      </trkpt>
      <trkpt lat="34.697012985125184" lon="135.51828391849995">
        <ele>8.18</ele>
      </trkpt>
      <trkpt lat="34.69699798151851" lon="135.51796892657876">
        <ele>8.62</ele>
      </trkpt>
      <trkpt lat="34.69713695347309" lon="135.51797395572066">
        <ele>9.0</ele>
      </trkpt>
      <trkpt lat="34.69740953296423" lon="135.5179939046502">
        <ele>9.27</ele>
      </trkpt>
      <trkpt lat="34.697682028636336" lon="135.51801385357976">
        <ele>9.42</ele>
      </trkpt>
      <trkpt lat="34.697954608127475" lon="135.5180338025093">
        <ele>9.64</ele>
      </trkpt>
      <trkpt lat="34.69822995364666" lon="135.51805391907692">
        <ele>9.93</ele>
      </trkpt>
      <trkpt lat="34.6985022816807" lon="135.5180702637881">
        <ele>10.02</ele>
      </trkpt>
      <trkpt lat="34.698774525895715" lon="135.51808652468026">
        <ele>10.03</ele>
      </trkpt>
      <trkpt lat="34.69904894940555" lon="135.51810295321047">
        <ele>10.3</ele>
      </trkpt>
      <trkpt lat="34.699162943288684" lon="135.5181289371103">
        <ele>10.7</ele>
      </trkpt>
      <trkpt lat="34.69932454638183" lon="135.51813941448927">
        <ele>11.23</ele>
      </trkpt>
      <trkpt lat="34.699486987665296" lon="135.51814997568727">
        <ele>11.79</ele>
      </trkpt>
      <trkpt lat="34.699576925486326" lon="135.5181429348886">
        <ele>12.27</ele>
      </trkpt>
      <trkpt lat="34.69965194351971" lon="135.51814695820212">
        <ele>12.78</ele>
      </trkpt>
      <trkpt lat="34.69977599568665" lon="135.5181569326669">
        <ele>13.32</ele>
      </trkpt>
      <trkpt lat="34.699959978461266" lon="135.51818693988025">
        <ele>13.96</ele>
      </trkpt>
      <trkpt lat="34.70023398287594" lon="135.51820697262883">
        <ele>14.69</ele>
      </trkpt>
      <trkpt lat="34.700411930680275" lon="135.5182039551437">
        <ele>15.17</ele>
      </trkpt>
      <trkpt lat="34.70057303085923" lon="135.518217952922">
        <ele>15.53</ele>
      </trkpt>
      <trkpt lat="34.700734969228506" lon="135.51823195070028">
        <ele>15.77</ele>
      </trkpt>
      <trkpt lat="34.700989946722984" lon="135.51824293099344">
        <ele>16.02</ele>
      </trkpt>
      <trkpt lat="34.70123696140945" lon="135.51824091933668">
        <ele>16.29</ele>
      </trkpt>
      <trkpt lat="34.7013499494642" lon="135.51821895875037">
        <ele>16.55</ele>
      </trkpt>
      <trkpt lat="34.701638370752335" lon="135.51807671785355">
        <ele>16.73</ele>
      </trkpt>
      <trkpt lat="34.70192796550691" lon="135.51793397404253">
        <ele>16.74</ele>
      </trkpt>
      <trkpt lat="34.70209593884647" lon="135.51787898875773">
        <ele>16.71</ele>
      </trkpt>
      <trkpt lat="34.702248657122254" lon="135.51781008951366">
        <ele>16.66</ele>
      </trkpt>
      <trkpt lat="34.70240196213126" lon="135.5177409388125">
        <ele>16.67</ele>
      </trkpt>
      <trkpt lat="34.70252391882241" lon="135.517662987113">
        <ele>16.64</ele>
      </trkpt>
      <trkpt lat="34.70274595543742" lon="135.51756315864623">
        <ele>16.64</ele>
      </trkpt>
      <trkpt lat="34.70296807587147" lon="135.51746341399848">
        <ele>16.58</ele>
      </trkpt>
      <trkpt lat="34.70319011248648" lon="135.5173635855317">
        <ele>16.4</ele>
      </trkpt>
      <trkpt lat="34.70341399312019" lon="135.51726291887462">
        <ele>16.11</ele>
      </trkpt>
      <trkpt lat="34.70347794704139" lon="135.51722997799516">
        <ele>15.86</ele>
      </trkpt>
      <trkpt lat="34.70356193371117" lon="135.51716996356845">
        <ele>15.62</ele>
      </trkpt>
      <trkpt lat="34.703838620334864" lon="135.51703099161386">
        <ele>15.2</ele>
      </trkpt>
      <trkpt lat="34.704115306958556" lon="135.5168921034783">
        <ele>14.73</ele>
      </trkpt>
      <trkpt lat="34.70439190976322" lon="135.51675321534276">
        <ele>14.39</ele>
      </trkpt>
      <trkpt lat="34.70466859638691" lon="135.51661424338818">
        <ele>14.2</ele>
      </trkpt>
      <trkpt lat="34.70494796521962" lon="135.51647393032908">
        <ele>13.95</ele>
      </trkpt>
      <trkpt lat="34.705009991303086" lon="135.51643294282258">
        <ele>13.75</ele>
      </trkpt>
      <trkpt lat="34.70522507093847" lon="135.51632816903293">
        <ele>13.57</ele>
      </trkpt>
      <trkpt lat="34.70544098876417" lon="135.51622297614813">
        <ele>13.46</ele>
      </trkpt>
      <trkpt lat="34.70556294545531" lon="135.51616991870105">
        <ele>13.34</ele>
      </trkpt>
      <trkpt lat="34.70583795569837" lon="135.51607394590974">
        <ele>13.34</ele>
      </trkpt>
      <trkpt lat="34.70589495263994" lon="135.5160839203745">
        <ele>13.2</ele>
      </trkpt>
      <trkpt lat="34.706101985648274" lon="135.51603094674647">
        <ele>13.06</ele>
      </trkpt>
      <trkpt lat="34.70636375248432" lon="135.51598987542093">
        <ele>12.89</ele>
      </trkpt>
      <trkpt lat="34.7066256031394" lon="135.5159488040954">
        <ele>12.6</ele>
      </trkpt>
      <trkpt lat="34.70688745379448" lon="135.51590773276985">
        <ele>12.31</ele>
      </trkpt>
      <trkpt lat="34.70714930444956" lon="135.51586674526334">
        <ele>12.07</ele>
      </trkpt>
      <trkpt lat="34.70741115510464" lon="135.5158256739378">
        <ele>11.92</ele>
      </trkpt>
      <trkpt lat="34.70767694525421" lon="135.51578393206">
        <ele>11.74</ele>
      </trkpt>
      <trkpt lat="34.70783796161413" lon="135.5157009512186">
        <ele>11.51</ele>
      </trkpt>
      <trkpt lat="34.70800853334367" lon="135.51567303948104">
        <ele>11.27</ele>
      </trkpt>
      <trkpt lat="34.70817994326353" lon="135.51564496010542">
        <ele>10.99</ele>
      </trkpt>
      <trkpt lat="34.70844799652696" lon="135.51562098786235">
        <ele>10.7</ele>
      </trkpt>
      <trkpt lat="34.7087618149817" lon="135.51561394706368">
        <ele>10.32</ele>
      </trkpt>
      <trkpt lat="34.70907563343644" lon="135.51560699008405">
        <ele>10.08</ele>
      </trkpt>
      <trkpt lat="34.709391966462135" lon="135.5155999492854">
        <ele>9.99</ele>
      </trkpt>
      <trkpt lat="34.709501350298524" lon="135.51524975337088">
        <ele>9.9</ele>
      </trkpt>
      <trkpt lat="34.70961073413491" lon="135.51489947363734">
        <ele>9.81</ele>
      </trkpt>
      <trkpt lat="34.7097201179713" lon="135.51454927772284">
        <ele>9.75</ele>
      </trkpt>
      <trkpt lat="34.7098289988935" lon="135.51420092582703">
        <ele>9.71</ele>
      </trkpt>
      <trkpt lat="34.7098929528147" lon="135.51397897303104">
        <ele>9.71</ele>
      </trkpt>
      <trkpt lat="34.709995463490486" lon="135.5136524979025">
        <ele>9.72</ele>
      </trkpt>
      <trkpt lat="34.71009789034724" lon="135.513326106593">
        <ele>9.78</ele>
      </trkpt>
      <trkpt lat="34.71019998192787" lon="135.513000972569">
        <ele>9.96</ele>
      </trkpt>
      <trkpt lat="34.71030609682202" lon="135.512681202963">
        <ele>10.26</ele>
      </trkpt>
      <trkpt lat="34.710412211716175" lon="135.512361433357">
        <ele>10.58</ele>
      </trkpt>
      <trkpt lat="34.7105179913342" lon="135.51204292103648">
        <ele>10.77</ele>
      </trkpt>
      <trkpt lat="34.71060206182301" lon="135.5117726046592">
        <ele>10.89</ele>
      </trkpt>
      <trkpt lat="34.71068596467376" lon="135.51150295883417">
        <ele>10.92</ele>
      </trkpt>
      <trkpt lat="34.71071597188711" lon="135.5113529227674">
        <ele>11.09</ele>
      </trkpt>
      <trkpt lat="34.71072192303836" lon="135.51124596968293">
        <ele>11.3</ele>
      </trkpt>
      <trkpt lat="34.71071848645806" lon="135.511021502316">
        <ele>11.45</ele>
      </trkpt>
      <trkpt lat="34.71071496605873" lon="135.5107979569584">
        <ele>11.57</ele>
      </trkpt>
      <trkpt lat="34.71044020727277" lon="135.51080566830933">
        <ele>11.93</ele>
      </trkpt>
      <trkpt lat="34.71016536466777" lon="135.51081337966025">
        <ele>12.27</ele>
      </trkpt>
      <trkpt lat="34.70989060588181" lon="135.5108211748302">
        <ele>12.61</ele>
      </trkpt>
      <trkpt lat="34.70961299724877" lon="135.51082897000015">
        <ele>13.02</ele>
      </trkpt>
      <trkpt lat="34.70931728370488" lon="135.51083911210299">
        <ele>13.44</ele>
      </trkpt>
      <trkpt lat="34.70902165398002" lon="135.5108491703868">
        <ele>13.75</ele>
      </trkpt>
      <trkpt lat="34.70872602425516" lon="135.51085931248963">
        <ele>14.02</ele>
      </trkpt>
      <trkpt lat="34.708430310711265" lon="135.51086945459247">
        <ele>14.24</ele>
      </trkpt>
      <trkpt lat="34.708134680986404" lon="135.51087951287627">
        <ele>14.35</ele>
      </trkpt>
      <trkpt lat="34.707839051261544" lon="135.5108896549791">
        <ele>14.49</ele>
      </trkpt>
      <trkpt lat="34.70753797329962" lon="135.51089996472">
        <ele>14.75</ele>
      </trkpt>
      <trkpt lat="34.70724435523152" lon="135.51089954562485">
        <ele>15.08</ele>
      </trkpt>
      <trkpt lat="34.706950737163424" lon="135.51089921034873">
        <ele>15.34</ele>
      </trkpt>
      <trkpt lat="34.706657119095325" lon="135.5108988750726">
        <ele>15.53</ele>
      </trkpt>
      <trkpt lat="34.70636350102723" lon="135.51089845597744">
        <ele>15.78</ele>
      </trkpt>
      <trkpt lat="34.70606996677816" lon="135.5108981207013">
        <ele>16.04</ele>
      </trkpt>
      <trkpt lat="34.70577634871006" lon="135.51089770160615">
        <ele>16.23</ele>
      </trkpt>
      <trkpt lat="34.70548273064196" lon="135.51089736633003">
        <ele>16.58</ele>
      </trkpt>
      <trkpt lat="34.70518299378455" lon="135.51089694723487">
        <ele>17.06</ele>
      </trkpt>
      <trkpt lat="34.70489306375384" lon="135.51089376211166">
        <ele>17.31</ele>
      </trkpt>
      <trkpt lat="34.70460313372314" lon="135.5108906608075">
        <ele>17.29</ele>
      </trkpt>
      <trkpt lat="34.704313203692436" lon="135.51088747568429">
        <ele>17.15</ele>
      </trkpt>
      <trkpt lat="34.704023357480764" lon="135.51088429056108">
        <ele>17.11</ele>
      </trkpt>
      <trkpt lat="34.70373342745006" lon="135.5108811892569">
        <ele>16.96</ele>
      </trkpt>
      <trkpt lat="34.703438971191645" lon="135.51087792031467">
        <ele>16.56</ele>
      </trkpt>
      <trkpt lat="34.70318013802171" lon="135.51087792031467">
        <ele>16.2</ele>
      </trkpt>
      <trkpt lat="34.70291996374726" lon="135.51087792031467">
        <ele>15.82</ele>
      </trkpt>
      <trkpt lat="34.70278794877231" lon="135.51083399914205">
        <ele>15.55</ele>
      </trkpt>
      <trkpt lat="34.702505730092525" lon="135.51083617843688">
        <ele>15.42</ele>
      </trkpt>
      <trkpt lat="34.70222342759371" lon="135.51083844155073">
        <ele>15.44</ele>
      </trkpt>
      <trkpt lat="34.70194120891392" lon="135.5108407046646">
        <ele>15.23</ele>
      </trkpt>
      <trkpt lat="34.701655972748995" lon="135.51084296777844">
        <ele>15.01</ele>
      </trkpt>
      <trkpt lat="34.70139563083649" lon="135.51085269078612">
        <ele>14.88</ele>
      </trkpt>
      <trkpt lat="34.70113528892398" lon="135.5108624137938">
        <ele>14.82</ele>
      </trkpt>
      <trkpt lat="34.7008750308305" lon="135.51087213680148">
        <ele>14.8</ele>
      </trkpt>
      <trkpt lat="34.70061192288995" lon="135.5108819436282">
        <ele>14.87</ele>
      </trkpt>
      <trkpt lat="34.70032677054405" lon="135.51089535467327">
        <ele>15.03</ele>
      </trkpt>
      <trkpt lat="34.700041618198156" lon="135.5109086818993">
        <ele>15.19</ele>
      </trkpt>
      <trkpt lat="34.69975646585226" lon="135.51092209294438">
        <ele>15.18</ele>
      </trkpt>
      <trkpt lat="34.699471313506365" lon="135.51093542017043">
        <ele>15.21</ele>
      </trkpt>
      <trkpt lat="34.69918616116047" lon="135.51094874739647">
        <ele>15.38</ele>
      </trkpt>
      <trkpt lat="34.69890100881457" lon="135.51096215844154">
        <ele>15.56</ele>
      </trkpt>
      <trkpt lat="34.69861585646868" lon="135.5109754856676">
        <ele>15.68</ele>
      </trkpt>
      <trkpt lat="34.69833070412278" lon="135.51098889671266">
        <ele>15.81</ele>
      </trkpt>
      <trkpt lat="34.698045551776886" lon="135.5110022239387">
        <ele>15.83</ele>
      </trkpt>
      <trkpt lat="34.69775293953717" lon="135.5110159702599">
        <ele>15.81</ele>
      </trkpt>
      <trkpt lat="34.69746393151581" lon="135.51101898774505">
        <ele>15.81</ele>
      </trkpt>
      <trkpt lat="34.69731297343969" lon="135.5110899824649">
        <ele>15.69</ele>
      </trkpt>
      <trkpt lat="34.696998819708824" lon="135.51109559834003">
        <ele>15.53</ele>
      </trkpt>
      <trkpt lat="34.69668458215892" lon="135.5111012980342">
        <ele>15.35</ele>
      </trkpt>
      <trkpt lat="34.696370428428054" lon="135.51110691390932">
        <ele>15.13</ele>
      </trkpt>
      <trkpt lat="34.696056274697185" lon="135.51111252978444">
        <ele>15.07</ele>
      </trkpt>
      <trkpt lat="34.695742120966315" lon="135.5111182294786">
        <ele>14.97</ele>
      </trkpt>
      <trkpt lat="34.69542293809354" lon="135.51112392917275">
        <ele>14.71</ele>
      </trkpt>
      <trkpt lat="34.69516661949456" lon="135.5111317243427">
        <ele>14.44</ele>
      </trkpt>
      <trkpt lat="34.69491030089557" lon="135.51113943569362">
        <ele>14.25</ele>
      </trkpt>
      <trkpt lat="34.694653982296586" lon="135.51114714704454">
        <ele>14.04</ele>
      </trkpt>
      <trkpt lat="34.694394981488585" lon="135.5111549422145">
        <ele>13.78</ele>
      </trkpt>
      <trkpt lat="34.69430495984852" lon="135.5111789982766">
        <ele>13.55</ele>
      </trkpt>
      <trkpt lat="34.69422499649227" lon="135.51121797412634">
        <ele>13.34</ele>
      </trkpt>
      <trkpt lat="34.69407169148326" lon="135.5113132763654">
        <ele>13.14</ele>
      </trkpt>
      <trkpt lat="34.69391796737909" lon="135.51140899769962">
        <ele>12.92</ele>
      </trkpt>
      <trkpt lat="34.69384797848761" lon="135.51142098382115">
        <ele>12.8</ele>
      </trkpt>
      <trkpt lat="34.69365393742919" lon="135.51154092885554">
        <ele>12.74</ele>
      </trkpt>
      <trkpt lat="34.69349920749664" lon="135.5116462893784">
        <ele>12.76</ele>
      </trkpt>
      <trkpt lat="34.693343974649906" lon="135.5117519851774">
        <ele>12.82</ele>
      </trkpt>
      <trkpt lat="34.69320693053305" lon="135.5118209682405">
        <ele>12.81</ele>
      </trkpt>
      <trkpt lat="34.69311598688364" lon="135.51183898933232">
        <ele>12.79</ele>
      </trkpt>
      <trkpt lat="34.69282672740519" lon="135.51182566210628">
        <ele>12.82</ele>
      </trkpt>
      <trkpt lat="34.69253746792674" lon="135.51181241869926">
        <ele>12.64</ele>
      </trkpt>
      <trkpt lat="34.69224820844829" lon="135.51179917529225">
        <ele>12.28</ele>
      </trkpt>
      <trkpt lat="34.69195894896984" lon="135.51178593188524">
        <ele>12.25</ele>
      </trkpt>
      <trkpt lat="34.69166977331042" lon="135.5117726046592">
        <ele>12.52</ele>
      </trkpt>
      <trkpt lat="34.69138051383197" lon="135.5117593612522">
        <ele>12.86</ele>
      </trkpt>
      <trkpt lat="34.69109125435352" lon="135.51174611784518">
        <ele>13.27</ele>
      </trkpt>
      <trkpt lat="34.69080199487507" lon="135.51173287443817">
        <ele>13.78</ele>
      </trkpt>
      <trkpt lat="34.690512819215655" lon="135.51171954721212">
        <ele>14.39</ele>
      </trkpt>
      <trkpt lat="34.69021593220532" lon="135.511705968529">
        <ele>15.0</ele>
      </trkpt>
      <trkpt lat="34.69022322446108" lon="135.5113698542118">
        <ele>15.35</ele>
      </trkpt>
      <trkpt lat="34.69023051671684" lon="135.5110336560756">
        <ele>15.73</ele>
      </trkpt>
      <trkpt lat="34.690237725153565" lon="135.51069754175842">
        <ele>15.89</ele>
      </trkpt>
      <trkpt lat="34.69024493359029" lon="135.5103639420122">
        <ele>16.04</ele>
      </trkpt>
      <trkpt lat="34.69025893136859" lon="135.51022798754275">
        <ele>16.33</ele>
      </trkpt>
      <trkpt lat="34.690315928310156" lon="135.51007099449635">
        <ele>16.71</ele>
      </trkpt>
      <trkpt lat="34.69041148200631" lon="135.5098953936249">
        <ele>17.12</ele>
      </trkpt>
      <trkpt lat="34.690506951883435" lon="135.50971996039152">
        <ele>17.5</ele>
      </trkpt>
      <trkpt lat="34.69068900682032" lon="135.509438412264">
        <ele>17.99</ele>
      </trkpt>
      <trkpt lat="34.690870977938175" lon="135.5091569479555">
        <ele>18.42</ele>
      </trkpt>
      <trkpt lat="34.69103794544935" lon="135.50887095741928">
        <ele>18.7</ele>
      </trkpt>
      <trkpt lat="34.691067952662706" lon="135.5088059976697">
        <ele>18.91</ele>
      </trkpt>
      <trkpt lat="34.69118010252714" lon="135.50848840735853">
        <ele>19.07</ele>
      </trkpt>
      <trkpt lat="34.69129225239158" lon="135.50817081704736">
        <ele>19.1</ele>
      </trkpt>
      <trkpt lat="34.69140440225601" lon="135.50785331055522">
        <ele>19.14</ele>
      </trkpt>
      <trkpt lat="34.69151655212045" lon="135.50753572024405">
        <ele>19.21</ele>
      </trkpt>
      <trkpt lat="34.69162861816585" lon="135.5072182137519">
        <ele>19.25</ele>
      </trkpt>
      <trkpt lat="34.69173992983997" lon="135.50690297037363">
        <ele>19.21</ele>
      </trkpt>
      <trkpt lat="34.69179097563028" lon="135.50673591904342">
        <ele>19.35</ele>
      </trkpt>
      <trkpt lat="34.69182098284364" lon="135.50664296373725">
        <ele>19.47</ele>
      </trkpt>
      <trkpt lat="34.691868256777525" lon="135.50633719190955">
        <ele>19.73</ele>
      </trkpt>
      <trkpt lat="34.691915614530444" lon="135.50603142008185">
        <ele>19.97</ele>
      </trkpt>
      <trkpt lat="34.69196297228336" lon="135.50572556443512">
        <ele>20.13</ele>
      </trkpt>
      <trkpt lat="34.692009994760156" lon="135.50542197190225">
        <ele>20.17</ele>
      </trkpt>
      <trkpt lat="34.69203799031675" lon="135.50513598136604">
        <ele>20.22</ele>
      </trkpt>
      <trkpt lat="34.692052993923426" lon="135.50477597862482">
        <ele>20.61</ele>
      </trkpt>
      <trkpt lat="34.692072020843625" lon="135.50447003915906">
        <ele>20.63</ele>
      </trkpt>
      <trkpt lat="34.692091047763824" lon="135.5041640996933">
        <ele>20.44</ele>
      </trkpt>
      <trkpt lat="34.69210999086499" lon="135.5038599204272">
        <ele>20.45</ele>
      </trkpt>
      <trkpt lat="34.692136980593204" lon="135.5035929568112">
        <ele>20.54</ele>
      </trkpt>
      <trkpt lat="34.69217436388135" lon="135.50330478698015">
        <ele>20.5</ele>
      </trkpt>
      <trkpt lat="34.692211747169495" lon="135.50301661714911">
        <ele>20.14</ele>
      </trkpt>
      <trkpt lat="34.692248962819576" lon="135.50272995606065">
        <ele>19.69</ele>
      </trkpt>
      <trkpt lat="34.692305037751794" lon="135.50238437019289">
        <ele>19.23</ele>
      </trkpt>
      <trkpt lat="34.69236094504595" lon="135.50203995779157">
        <ele>18.63</ele>
      </trkpt>
      <trkpt lat="34.69244610518217" lon="135.5016813799739">
        <ele>17.93</ele>
      </trkpt>
      <trkpt lat="34.692531265318394" lon="135.5013228021562">
        <ele>17.17</ele>
      </trkpt>
      <trkpt lat="34.692615922540426" lon="135.5009659845382">
        <ele>16.5</ele>
      </trkpt>
      <trkpt lat="34.69289369881153" lon="135.50099339336157">
        <ele>15.63</ele>
      </trkpt>
      <trkpt lat="34.693171475082636" lon="135.50102080218494">
        <ele>14.94</ele>
      </trkpt>
      <trkpt lat="34.69344933517277" lon="135.5010482110083">
        <ele>14.44</ele>
      </trkpt>
      <trkpt lat="34.69372711144388" lon="135.5010757036507">
        <ele>14.06</ele>
      </trkpt>
      <trkpt lat="34.69400488771498" lon="135.50110311247408">
        <ele>13.6</ele>
      </trkpt>
      <trkpt lat="34.694286938756704" lon="135.5011309403926">
        <ele>12.98</ele>
      </trkpt>
      <trkpt lat="34.69428467564285" lon="135.5007812473923">
        <ele>12.89</ele>
      </trkpt>
      <trkpt lat="34.69428241252899" lon="135.500431638211">
        <ele>12.89</ele>
      </trkpt>
      <trkpt lat="34.694280065596104" lon="135.5000819452107">
        <ele>12.84</ele>
      </trkpt>
      <trkpt lat="34.69427780248225" lon="135.49973225221038">
        <ele>12.92</ele>
      </trkpt>
      <trkpt lat="34.69427553936839" lon="135.49938255921006">
        <ele>13.07</ele>
      </trkpt>
      <trkpt lat="34.694273276254535" lon="135.49903295002878">
        <ele>12.96</ele>
      </trkpt>
      <trkpt lat="34.69427092932165" lon="135.49868795089424">
        <ele>12.89</ele>
      </trkpt>
      <trkpt lat="34.69426196068525" lon="135.49842241220176">
        <ele>12.98</ele>
      </trkpt>
      <trkpt lat="34.69425299204886" lon="135.4981579631567">
        <ele>13.19</ele>
      </trkpt>
      <trkpt lat="34.69421535730362" lon="135.49780634231865">
        <ele>13.55</ele>
      </trkpt>
      <trkpt lat="34.694177974015474" lon="135.49745597876608">
        <ele>13.97</ele>
      </trkpt>
      <trkpt lat="34.6941333822906" lon="135.49708055332303">
        <ele>14.71</ele>
      </trkpt>
      <trkpt lat="34.69408879056573" lon="135.49670504406095">
        <ele>15.45</ele>
      </trkpt>
      <trkpt lat="34.69404419884086" lon="135.4963296186179">
        <ele>15.73</ele>
      </trkpt>
      <trkpt lat="34.69399994239211" lon="135.49595695920289">
        <ele>15.61</ele>
      </trkpt>
      <trkpt lat="34.69376256689429" lon="135.49599786289036">
        <ele>16.13</ele>
      </trkpt>
      <trkpt lat="34.693525191396475" lon="135.49603876657784">
        <ele>16.28</ele>
      </trkpt>
      <trkpt lat="34.693287732079625" lon="135.49607967026532">
        <ele>16.02</ele>
      </trkpt>
      <trkpt lat="34.69304792582989" lon="135.49612099304795">
        <ele>15.71</ele>
      </trkpt>
      <trkpt lat="34.692819183692336" lon="135.49615091644228">
        <ele>15.42</ele>
      </trkpt>
      <trkpt lat="34.692590441554785" lon="135.4961808398366">
        <ele>15.82</ele>
      </trkpt>
      <trkpt lat="34.69235993921757" lon="135.49621093086898">
        <ele>16.31</ele>
      </trkpt>
      <trkpt lat="34.69238097779453" lon="135.49649683758616">
        <ele>16.52</ele>
      </trkpt>
      <trkpt lat="34.69240201637149" lon="135.4967826604843">
        <ele>16.52</ele>
      </trkpt>
      <trkpt lat="34.69242297112942" lon="135.4970669746399">
        <ele>16.34</ele>
      </trkpt>
      <trkpt lat="34.692436465993524" lon="135.49740962684155">
        <ele>16.22</ele>
      </trkpt>
      <trkpt lat="34.69244996085763" lon="135.4977509379387">
        <ele>16.65</ele>
      </trkpt>
      <trkpt lat="34.69247686676681" lon="135.49811982549727">
        <ele>17.17</ele>
      </trkpt>
      <trkpt lat="34.69250377267599" lon="135.49848871305585">
        <ele>17.39</ele>
      </trkpt>
      <trkpt lat="34.69253059476614" lon="135.4988575167954">
        <ele>17.52</ele>
      </trkpt>
      <trkpt lat="34.69255750067532" lon="135.49922640435398">
        <ele>17.7</ele>
      </trkpt>
      <trkpt lat="34.6925844065845" lon="135.49959529191256">
        <ele>18.07</ele>
      </trkpt>
      <trkpt lat="34.692610977217555" lon="135.49995998851955">
        <ele>18.44</ele>
      </trkpt>
      <trkpt lat="34.69259790144861" lon="135.5002661794424">
        <ele>18.71</ele>
      </trkpt>
      <trkpt lat="34.69258490949869" lon="135.5005724541843">
        <ele>18.93</ele>
      </trkpt>
      <trkpt lat="34.692571917548776" lon="135.50087696872652">
        <ele>19.16</ele>
      </trkpt>
      <trkpt lat="34.6923341229558" lon="135.50088048912585">
        <ele>19.73</ele>
      </trkpt>
      <trkpt lat="34.692094987258315" lon="135.50088392570615">
        <ele>20.16</ele>
      </trkpt>
      <trkpt lat="34.69178066588938" lon="135.50087126903236">
        <ele>20.36</ele>
      </trkpt>
      <trkpt lat="34.69146634452045" lon="135.50085852853954">
        <ele>20.47</ele>
      </trkpt>
      <trkpt lat="34.69115202315152" lon="135.50084578804672">
        <ele>20.5</ele>
      </trkpt>
      <trkpt lat="34.690837785601616" lon="135.5008330475539">
        <ele>20.66</ele>
      </trkpt>
      <trkpt lat="34.69052346423268" lon="135.5008203908801">
        <ele>20.96</ele>
      </trkpt>
      <trkpt lat="34.69020914286375" lon="135.5008076503873">
        <ele>21.13</ele>
      </trkpt>
      <trkpt lat="34.68989482149482" lon="135.50079490989447">
        <ele>21.17</ele>
      </trkpt>
      <trkpt lat="34.68958058394492" lon="135.50078225322068">
        <ele>21.22</ele>
      </trkpt>
      <trkpt lat="34.689266262575984" lon="135.50076951272786">
        <ele>21.54</ele>
      </trkpt>
      <trkpt lat="34.68895194120705" lon="135.50075677223504">
        <ele>21.8</ele>
      </trkpt>
      <trkpt lat="34.68863761983812" lon="135.50074403174222">
        <ele>21.92</ele>
      </trkpt>
      <trkpt lat="34.68832338228822" lon="135.50073137506843">
        <ele>22.08</ele>
      </trkpt>
      <trkpt lat="34.688009060919285" lon="135.5007186345756">
        <ele>22.27</ele>
      </trkpt>
      <trkpt lat="34.68769473955035" lon="135.50070589408278">
        <ele>22.57</ele>
      </trkpt>
      <trkpt lat="34.68738041818142" lon="135.500693237409">
        <ele>22.78</ele>
      </trkpt>
      <trkpt lat="34.68705293722451" lon="135.50067999400198">
        <ele>22.86</ele>
      </trkpt>
      <trkpt lat="34.686742052435875" lon="135.50066540949047">
        <ele>22.97</ele>
      </trkpt>
      <trkpt lat="34.68643116764724" lon="135.50065090879798">
        <ele>23.17</ele>
      </trkpt>
      <trkpt lat="34.68612019903958" lon="135.5006364081055">
        <ele>23.14</ele>
      </trkpt>
      <trkpt lat="34.685809314250946" lon="135.500621907413">
        <ele>23.03</ele>
      </trkpt>
      <trkpt lat="34.685498429462314" lon="135.50060740672052">
        <ele>22.86</ele>
      </trkpt>
      <trkpt lat="34.68518746085465" lon="135.50059290602803">
        <ele>22.75</ele>
      </trkpt>
      <trkpt lat="34.68487657606602" lon="135.50057840533555">
        <ele>22.71</ele>
      </trkpt>
      <trkpt lat="34.684565691277385" lon="135.50056390464306">
        <ele>22.66</ele>
      </trkpt>
      <trkpt lat="34.68425472266972" lon="135.50054940395057">
        <ele>22.49</ele>
      </trkpt>
      <trkpt lat="34.68394383788109" lon="135.50053490325809">
        <ele>22.27</ele>
      </trkpt>
      <trkpt lat="34.68362398445606" lon="135.50051998347044">
        <ele>22.14</ele>
      </trkpt>
      <trkpt lat="34.68331930227578" lon="135.50050808116794">
        <ele>22.11</ele>
      </trkpt>
      <trkpt lat="34.68301470391452" lon="135.50049617886543">
        <ele>21.9</ele>
      </trkpt>
      <trkpt lat="34.68271002173424" lon="135.50048427656293">
        <ele>21.83</ele>
      </trkpt>
      <trkpt lat="34.682405423372984" lon="135.5004722904414">
        <ele>21.67</ele>
      </trkpt>
      <trkpt lat="34.6821007411927" lon="135.5004603881389">
        <ele>21.14</ele>
      </trkpt>
      <trkpt lat="34.681796142831445" lon="135.5004484858364">
        <ele>20.65</ele>
      </trkpt>
      <trkpt lat="34.68149146065116" lon="135.50043658353388">
        <ele>20.5</ele>
      </trkpt>
      <trkpt lat="34.681186862289906" lon="135.50042468123138">
        <ele>20.51</ele>
      </trkpt>
      <trkpt lat="34.68088218010962" lon="135.50041277892888">
        <ele>20.34</ele>
      </trkpt>
      <trkpt lat="34.680577581748366" lon="135.50040087662637">
        <ele>19.96</ele>
      </trkpt>
      <trkpt lat="34.68027289956808" lon="135.50038897432387">
        <ele>19.89</ele>
      </trkpt>
      <trkpt lat="34.67996830120683" lon="135.50037707202137">
        <ele>20.12</ele>
      </trkpt>
      <trkpt lat="34.67966370284557" lon="135.50036516971886">
        <ele>20.62</ele>
      </trkpt>
      <trkpt lat="34.67935902066529" lon="135.50035326741636">
        <ele>21.02</ele>
      </trkpt>
      <trkpt lat="34.679054422304034" lon="135.50034136511385">
        <ele>21.15</ele>
      </trkpt>
      <trkpt lat="34.67873699963093" lon="135.50032895989716">
        <ele>21.39</ele>
      </trkpt>
      <trkpt lat="34.678426031023264" lon="135.50032258965075">
        <ele>21.86</ele>
      </trkpt>
      <trkpt lat="34.67811514623463" lon="135.50031630322337">
        <ele>22.44</ele>
      </trkpt>
      <trkpt lat="34.677804261446" lon="135.50030993297696">
        <ele>22.7</ele>
      </trkpt>
      <trkpt lat="34.677493292838335" lon="135.50030356273055">
        <ele>22.94</ele>
      </trkpt>
      <trkpt lat="34.6771824080497" lon="135.50029719248414">
        <ele>23.27</ele>
      </trkpt>
      <trkpt lat="34.67687152326107" lon="135.50029090605676">
        <ele>23.69</ele>
      </trkpt>
      <trkpt lat="34.676560554653406" lon="135.50028453581035">
        <ele>24.2</ele>
      </trkpt>
      <trkpt lat="34.676249669864774" lon="135.50027816556394">
        <ele>24.73</ele>
      </trkpt>
      <trkpt lat="34.67593878507614" lon="135.50027179531753">
        <ele>25.26</ele>
      </trkpt>
      <trkpt lat="34.67562781646848" lon="135.50026550889015">
        <ele>25.57</ele>
      </trkpt>
      <trkpt lat="34.67530796304345" lon="135.50025897100568">
        <ele>26.0</ele>
      </trkpt>
      <trkpt lat="34.674998838454485" lon="135.5002616532147">
        <ele>26.79</ele>
      </trkpt>
      <trkpt lat="34.67468971386552" lon="135.50026441924274">
        <ele>27.53</ele>
      </trkpt>
      <trkpt lat="34.67438058927655" lon="135.50026710145175">
        <ele>28.11</ele>
      </trkpt>
      <trkpt lat="34.67407154850662" lon="135.5002698674798">
        <ele>28.23</ele>
      </trkpt>
      <trkpt lat="34.67376242391765" lon="135.50027254968882">
        <ele>28.2</ele>
      </trkpt>
      <trkpt lat="34.673453299328685" lon="135.50027531571686">
        <ele>28.31</ele>
      </trkpt>
      <trkpt lat="34.67314417473972" lon="135.50027799792588">
        <ele>28.02</ele>
      </trkpt>
      <trkpt lat="34.67283505015075" lon="135.50028076395392">
        <ele>27.54</ele>
      </trkpt>
      <trkpt lat="34.67252600938082" lon="135.50028344616294">
        <ele>26.98</ele>
      </trkpt>
      <trkpt lat="34.67221688479185" lon="135.50028621219099">
        <ele>26.48</ele>
      </trkpt>
      <trkpt lat="34.671907760202885" lon="135.5002888944">
        <ele>26.28</ele>
      </trkpt>
      <trkpt lat="34.67159863561392" lon="135.50029166042805">
        <ele>26.17</ele>
      </trkpt>
      <trkpt lat="34.67128951102495" lon="135.50029434263706">
        <ele>25.9</ele>
      </trkpt>
      <trkpt lat="34.670980386435986" lon="135.5002971086651">
        <ele>25.36</ele>
      </trkpt>
      <trkpt lat="34.67067134566605" lon="135.50029979087412">
        <ele>24.59</ele>
      </trkpt>
      <trkpt lat="34.670362221077085" lon="135.50030255690217">
        <ele>23.86</ele>
      </trkpt>
      <trkpt lat="34.67005309648812" lon="135.50030523911119">
        <ele>23.08</ele>
      </trkpt>
      <trkpt lat="34.66974397189915" lon="135.50030800513923">
        <ele>21.96</ele>
      </trkpt>
      <trkpt lat="34.669434847310185" lon="135.50031068734825">
        <ele>20.69</ele>
      </trkpt>
      <trkpt lat="34.66912572272122" lon="135.5003134533763">
        <ele>20.04</ele>
      </trkpt>
      <trkpt lat="34.668816681951284" lon="135.5003161355853">
        <ele>19.58</ele>
      </trkpt>
      <trkpt lat="34.66850755736232" lon="135.50031890161335">
        <ele>18.89</ele>
      </trkpt>
      <trkpt lat="34.66819843277335" lon="135.50032158382237">
        <ele>18.06</ele>
      </trkpt>
      <trkpt lat="34.667889308184385" lon="135.50032434985042">
        <ele>17.12</ele>
      </trkpt>
      <trkpt lat="34.66758018359542" lon="135.50032703205943">
        <ele>16.3</ele>
      </trkpt>
      <trkpt lat="34.66724993661046" lon="135.50032996572554">
        <ele>15.8</ele>
      </trkpt>
      <trkpt lat="34.66725513339043" lon="135.4999881517142">
        <ele>15.27</ele>
      </trkpt>
      <trkpt lat="34.66726033017039" lon="135.49964633770287">
        <ele>14.84</ele>
      </trkpt>
      <trkpt lat="34.66726552695036" lon="135.49930452369153">
        <ele>14.29</ele>
      </trkpt>
      <trkpt lat="34.667270639911294" lon="135.4989627096802">
        <ele>13.77</ele>
      </trkpt>
      <trkpt lat="34.66727583669126" lon="135.49862081184983">
        <ele>13.2</ele>
      </trkpt>
      <trkpt lat="34.667280949652195" lon="135.498282937333">
        <ele>12.61</ele>
      </trkpt>
      <trkpt lat="34.66734507121146" lon="135.49793559126556">
        <ele>12.05</ele>
      </trkpt>
      <trkpt lat="34.66740919277072" lon="135.4975881613791">
        <ele>11.46</ele>
      </trkpt>
      <trkpt lat="34.66747331432998" lon="135.49724081531167">
        <ele>10.88</ele>
      </trkpt>
      <trkpt lat="34.667537435889244" lon="135.4968933854252">
        <ele>10.37</ele>
      </trkpt>
      <trkpt lat="34.667601557448506" lon="135.49654603935778">
        <ele>10.04</ele>
      </trkpt>
      <trkpt lat="34.66766567900777" lon="135.49619860947132">
        <ele>9.69</ele>
      </trkpt>
      <trkpt lat="34.667729716748" lon="135.4958512634039">
        <ele>9.43</ele>
      </trkpt>
      <trkpt lat="34.66779383830726" lon="135.49550383351743">
        <ele>9.32</ele>
      </trkpt>
      <trkpt lat="34.667857959866524" lon="135.49515648745">
        <ele>9.36</ele>
      </trkpt>
      <trkpt lat="34.667920991778374" lon="135.49481492489576">
        <ele>9.54</ele>
      </trkpt>
      <trkpt lat="34.66795762069523" lon="135.49444804899395">
        <ele>9.61</ele>
      </trkpt>
      <trkpt lat="34.667994333431125" lon="135.49408117309213">
        <ele>9.76</ele>
      </trkpt>
      <trkpt lat="34.668030962347984" lon="135.4937142971903">
        <ele>10.1</ele>
      </trkpt>
      <trkpt lat="34.668067675083876" lon="135.4933474212885">
        <ele>10.38</ele>
      </trkpt>
      <trkpt lat="34.66810396872461" lon="135.49298398196697">
        <ele>10.66</ele>
      </trkpt>
      <trkpt lat="34.66814269311726" lon="135.49261517822742">
        <ele>10.63</ele>
      </trkpt>
      <trkpt lat="34.66818141750991" lon="135.4922464583069">
        <ele>10.55</ele>
      </trkpt>
      <trkpt lat="34.668220058083534" lon="135.49187765456736">
        <ele>10.48</ele>
      </trkpt>
      <trkpt lat="34.66825878247619" lon="135.4915088508278">
        <ele>10.52</ele>
      </trkpt>
      <trkpt lat="34.66829750686884" lon="135.4911401309073">
        <ele>10.77</ele>
      </trkpt>
      <trkpt lat="34.66833623126149" lon="135.49077132716775">
        <ele>10.91</ele>
      </trkpt>
      <trkpt lat="34.668374955654144" lon="135.49040260724723">
        <ele>10.82</ele>
      </trkpt>
      <trkpt lat="34.6684136800468" lon="135.49003380350769">
        <ele>10.75</ele>
      </trkpt>
      <trkpt lat="34.66845240443945" lon="135.48966499976814">
        <ele>10.69</ele>
      </trkpt>
      <trkpt lat="34.6684911288321" lon="135.48929627984762">
        <ele>10.45</ele>
      </trkpt>
      <trkpt lat="34.668528931215405" lon="135.4889349360019">
        <ele>10.09</ele>
      </trkpt>
      <trkpt lat="34.668546030297875" lon="135.4885921999812">
        <ele>10.0</ele>
      </trkpt>
      <trkpt lat="34.668563045561314" lon="135.4882493801415">
        <ele>10.08</ele>
      </trkpt>
      <trkpt lat="34.66858006082475" lon="135.48790656030178">
        <ele>9.95</ele>
      </trkpt>
      <trkpt lat="34.66859707608819" lon="135.48756374046206">
        <ele>9.63</ele>
      </trkpt>
      <trkpt lat="34.66861417517066" lon="135.48722100444138">
        <ele>9.25</ele>
      </trkpt>
      <trkpt lat="34.6686311904341" lon="135.48687818460166">
        <ele>8.78</ele>
      </trkpt>
      <trkpt lat="34.66864795424044" lon="135.4865399748087">
        <ele>8.45</ele>
      </trkpt>
      <trkpt lat="34.66859464533627" lon="135.48619162291288">
        <ele>8.27</ele>
      </trkpt>
      <trkpt lat="34.66854125261307" lon="135.48584318719804">
        <ele>8.13</ele>
      </trkpt>
      <trkpt lat="34.6684879437089" lon="135.48549483530223">
        <ele>7.84</ele>
      </trkpt>
      <trkpt lat="34.668434634804726" lon="135.48514648340642">
        <ele>7.6</ele>
      </trkpt>
      <trkpt lat="34.66838124208152" lon="135.48479813151062">
        <ele>7.27</ele>
      </trkpt>
      <trkpt lat="34.66832793317735" lon="135.4844497796148">
        <ele>7.0</ele>
      </trkpt>
      <trkpt lat="34.66827454045415" lon="135.48410134389997">
        <ele>6.85</ele>
      </trkpt>
      <trkpt lat="34.668221985921264" lon="135.48375793732703">
        <ele>6.75</ele>
      </trkpt>
      <trkpt lat="34.6681562718004" lon="135.48339508473873">
        <ele>6.68</ele>
      </trkpt>
      <trkpt lat="34.668090641498566" lon="135.4830321483314">
        <ele>6.37</ele>
      </trkpt>
      <trkpt lat="34.66802501119673" lon="135.4826692957431">
        <ele>5.9</ele>
      </trkpt>
      <trkpt lat="34.6679593808949" lon="135.48230635933578">
        <ele>5.56</ele>
      </trkpt>
      <trkpt lat="34.667893666774035" lon="135.48194350674748">
        <ele>5.18</ele>
      </trkpt>
      <trkpt lat="34.6678280364722" lon="135.48158057034016">
        <ele>4.69</ele>
      </trkpt>
      <trkpt lat="34.66776240617037" lon="135.48121771775186">
        <ele>4.12</ele>
      </trkpt>
      <trkpt lat="34.667696775868535" lon="135.48085478134453">
        <ele>3.58</ele>
      </trkpt>
      <trkpt lat="34.66763106174767" lon="135.48049192875624">
        <ele>3.16</ele>
      </trkpt>
      <trkpt lat="34.66756543144584" lon="135.4801289923489">
        <ele>2.72</ele>
      </trkpt>
      <trkpt lat="34.66750097461045" lon="135.47977292910218">
        <ele>2.29</ele>
      </trkpt>
      <trkpt lat="34.66780532151461" lon="135.47970168292522">
        <ele>2.09</ele>
      </trkpt>
      <trkpt lat="34.6681097522378" lon="135.47963043674827">
        <ele>2.05</ele>
      </trkpt>
      <trkpt lat="34.668414099141955" lon="135.4795591905713">
        <ele>1.96</ele>
      </trkpt>
      <trkpt lat="34.668718529865146" lon="135.47948794439435">
        <ele>1.79</ele>
      </trkpt>
      <trkpt lat="34.669022876769304" lon="135.4794166982174">
        <ele>1.64</ele>
      </trkpt>
      <trkpt lat="34.669327307492495" lon="135.47934545204043">
        <ele>1.65</ele>
      </trkpt>
      <trkpt lat="34.66963693499565" lon="135.479272948578">
        <ele>1.65</ele>
      </trkpt>
      <trkpt lat="34.66985285282135" lon="135.47926649451256">
        <ele>1.62</ele>
      </trkpt>
      <trkpt lat="34.67006994411349" lon="135.47925995662808">
        <ele>1.72</ele>
      </trkpt>
      <trkpt lat="34.670309415087104" lon="135.4793213121593">
        <ele>1.73</ele>
      </trkpt>
      <trkpt lat="34.67054997570813" lon="135.4793829191476">
        <ele>1.76</ele>
      </trkpt>
      <trkpt lat="34.67083755880594" lon="135.47947889193892">
        <ele>1.86</ele>
      </trkpt>
      <trkpt lat="34.67112514190376" lon="135.4795747809112">
        <ele>2.05</ele>
      </trkpt>
      <trkpt lat="34.671412725001574" lon="135.4796706698835">
        <ele>2.25</ele>
      </trkpt>
      <trkpt lat="34.67170030809939" lon="135.47976655885577">
        <ele>2.37</ele>
      </trkpt>
      <trkpt lat="34.671987891197205" lon="135.47986244782805">
        <ele>2.48</ele>
      </trkpt>
      <trkpt lat="34.67227547429502" lon="135.47995833680034">
        <ele>2.89</ele>
      </trkpt>
      <trkpt lat="34.672563057392836" lon="135.48005430959165">
        <ele>3.36</ele>
      </trkpt>
      <trkpt lat="34.67285592108965" lon="135.4801519587636">
        <ele>3.61</ele>
      </trkpt>
      <trkpt lat="34.6731417439878" lon="135.48028447665274">
        <ele>3.83</ele>
      </trkpt>
      <trkpt lat="34.67342748306692" lon="135.48041707836092">
        <ele>4.03</ele>
      </trkpt>
      <trkpt lat="34.673713305965066" lon="135.48054959625006">
        <ele>4.22</ele>
      </trkpt>
      <trkpt lat="34.673999045044184" lon="135.4806821141392">
        <ele>4.6</ele>
      </trkpt>
      <trkpt lat="34.67428486794233" lon="135.48081463202834">
        <ele>5.0</ele>
      </trkpt>
      <trkpt lat="34.67457060702145" lon="135.48094723373652">
        <ele>5.34</ele>
      </trkpt>
      <trkpt lat="34.6748564299196" lon="135.48107975162566">
        <ele>5.71</ele>
      </trkpt>
      <trkpt lat="34.67514216899872" lon="135.4812122695148">
        <ele>6.03</ele>
      </trkpt>
      <trkpt lat="34.67542799189687" lon="135.48134487122297">
        <ele>6.34</ele>
      </trkpt>
      <trkpt lat="34.675713730975986" lon="135.48147738911211">
        <ele>6.68</ele>
      </trkpt>
      <trkpt lat="34.676005924120545" lon="135.4816129244864">
        <ele>6.9</ele>
      </trkpt>
      <trkpt lat="34.676178926602006" lon="135.48174896277487">
        <ele>7.04</ele>
      </trkpt>
      <trkpt lat="34.676325945183635" lon="135.4815439414233">
        <ele>7.22</ele>
      </trkpt>
      <trkpt lat="34.676486207172275" lon="135.4814265947789">
        <ele>7.4</ele>
      </trkpt>
      <trkpt lat="34.676646972075105" lon="135.4813089966774">
        <ele>7.53</ele>
      </trkpt>
      <trkpt lat="34.67684998176992" lon="135.4811369162053">
        <ele>7.63</ele>
      </trkpt>
      <trkpt lat="34.677052991464734" lon="135.48096483573318">
        <ele>7.65</ele>
      </trkpt>
      <trkpt lat="34.67725600115955" lon="135.4807928390801">
        <ele>7.62</ele>
      </trkpt>
      <trkpt lat="34.67745993286371" lon="135.48061992041767">
        <ele>7.59</ele>
      </trkpt>
      <trkpt lat="34.67760292813182" lon="135.48042797483504">
        <ele>7.55</ele>
      </trkpt>
      <trkpt lat="34.677685825154185" lon="135.48015707172453">
        <ele>7.47</ele>
      </trkpt>
      <trkpt lat="34.67776872217655" lon="135.47988625243306">
        <ele>7.33</ele>
      </trkpt>
      <trkpt lat="34.67785153537989" lon="135.47961534932256">
        <ele>7.13</ele>
      </trkpt>
      <trkpt lat="34.67793392948806" lon="135.47934595495462">
        <ele>7.05</ele>
      </trkpt>
      <trkpt lat="34.67764240689576" lon="135.47923238016665">
        <ele>7.09</ele>
      </trkpt>
      <trkpt lat="34.67735088430345" lon="135.47911880537868">
        <ele>7.06</ele>
      </trkpt>
      <trkpt lat="34.677059361711144" lon="135.4790052305907">
        <ele>6.92</ele>
      </trkpt>
      <trkpt lat="34.67676783911884" lon="135.47889165580273">
        <ele>6.75</ele>
      </trkpt>
      <trkpt lat="34.67647631652653" lon="135.47877799719572">
        <ele>6.73</ele>
      </trkpt>
      <trkpt lat="34.67618093825877" lon="135.4786629974842">
        <ele>6.78</ele>
      </trkpt>
      <trkpt lat="34.675927301868796" lon="135.4785495903343">
        <ele>6.65</ele>
      </trkpt>
      <trkpt lat="34.675673581659794" lon="135.47843626700342">
        <ele>6.35</ele>
      </trkpt>
      <trkpt lat="34.67541994526982" lon="135.4783228598535">
        <ele>6.14</ele>
      </trkpt>
      <trkpt lat="34.67516630887985" lon="135.47820953652263">
        <ele>6.03</ele>
      </trkpt>
      <trkpt lat="34.67490999028087" lon="135.47809495590627">
        <ele>6.03</ele>
      </trkpt>
      <trkpt lat="34.67471125535667" lon="135.47796864062548">
        <ele>6.0</ele>
      </trkpt>
      <trkpt lat="34.67451193369925" lon="135.47784199006855">
        <ele>5.95</ele>
      </trkpt>
      <trkpt lat="34.674286628142" lon="135.47759145498276">
        <ele>5.96</ele>
      </trkpt>
      <trkpt lat="34.67406132258475" lon="135.47734091989696">
        <ele>5.96</ele>
      </trkpt>
      <trkpt lat="34.6738360170275" lon="135.47709038481116">
        <ele>5.82</ele>
      </trkpt>
      <trkpt lat="34.673610711470246" lon="135.4768399335444">
        <ele>5.56</ele>
      </trkpt>
      <trkpt lat="34.673385405912995" lon="135.4765893984586">
        <ele>5.45</ele>
      </trkpt>
      <trkpt lat="34.673160100355744" lon="135.4763388633728">
        <ele>5.58</ele>
      </trkpt>
      <trkpt lat="34.67293479479849" lon="135.476088328287">
        <ele>5.68</ele>
      </trkpt>
      <trkpt lat="34.672709573060274" lon="135.47583787702024">
        <ele>5.62</ele>
      </trkpt>
      <trkpt lat="34.67248426750302" lon="135.47558734193444">
        <ele>5.59</ele>
      </trkpt>
      <trkpt lat="34.67225896194577" lon="135.47533680684865">
        <ele>5.72</ele>
      </trkpt>
      <trkpt lat="34.67203365638852" lon="135.47508635558188">
        <ele>5.82</ele>
      </trkpt>
      <trkpt lat="34.67180835083127" lon="135.47483582049608">
        <ele>5.82</ele>
      </trkpt>
      <trkpt lat="34.67158304527402" lon="135.47458528541028">
        <ele>5.76</ele>
      </trkpt>
      <trkpt lat="34.6713559795171" lon="135.47433299012482">
        <ele>5.66</ele>
      </trkpt>
      <trkpt lat="34.67112489044666" lon="135.47407977283">
        <ele>5.58</ele>
      </trkpt>
      <trkpt lat="34.670893801376224" lon="135.47382663935423">
        <ele>5.61</ele>
      </trkpt>
      <trkpt lat="34.670662712305784" lon="135.47357342205942">
        <ele>5.63</ele>
      </trkpt>
      <trkpt lat="34.67043153941631" lon="135.47332028858364">
        <ele>5.71</ele>
      </trkpt>
      <trkpt lat="34.670200450345874" lon="135.47306715510786">
        <ele>5.89</ele>
      </trkpt>
      <trkpt lat="34.669969361275434" lon="135.47281393781304">
        <ele>5.95</ele>
      </trkpt>
      <trkpt lat="34.669738272204995" lon="135.47256080433726">
        <ele>5.93</ele>
      </trkpt>
      <trkpt lat="34.669507183134556" lon="135.47230758704245">
        <ele>6.03</ele>
      </trkpt>
      <trkpt lat="34.66927609406412" lon="135.47205445356667">
        <ele>6.05</ele>
      </trkpt>
      <trkpt lat="34.66904500499368" lon="135.4718013200909">
        <ele>6.01</ele>
      </trkpt>
      <trkpt lat="34.66881391592324" lon="135.47154810279608">
        <ele>5.96</ele>
      </trkpt>
      <trkpt lat="34.6685828268528" lon="135.4712949693203">
        <ele>5.94</ele>
      </trkpt>
      <trkpt lat="34.66834997758269" lon="135.47103999182582">
        <ele>5.92</ele>
      </trkpt>
      <trkpt lat="34.668219638988376" lon="135.47070940956473">
        <ele>5.95</ele>
      </trkpt>
      <trkpt lat="34.66808930039406" lon="135.47037891112268">
        <ele>6.02</ele>
      </trkpt>
      <trkpt lat="34.66795904561877" lon="135.4700483288616">
        <ele>5.95</ele>
      </trkpt>
      <trkpt lat="34.667828707024455" lon="135.4697177466005">
        <ele>5.73</ele>
      </trkpt>
      <trkpt lat="34.66769836843014" lon="135.46938724815845">
        <ele>5.54</ele>
      </trkpt>
      <trkpt lat="34.66756811365485" lon="135.46905666589737">
        <ele>5.43</ele>
      </trkpt>
      <trkpt lat="34.667437775060534" lon="135.46872616745532">
        <ele>5.36</ele>
      </trkpt>
      <trkpt lat="34.66730743646622" lon="135.46839558519423">
        <ele>5.26</ele>
      </trkpt>
      <trkpt lat="34.66717718169093" lon="135.46806508675218">
        <ele>5.1</ele>
      </trkpt>
      <trkpt lat="34.667046843096614" lon="135.46773458831012">
        <ele>4.87</ele>
      </trkpt>
      <trkpt lat="34.6669165045023" lon="135.46740400604904">
        <ele>4.75</ele>
      </trkpt>
      <trkpt lat="34.66678624972701" lon="135.46707350760698">
        <ele>4.8</ele>
      </trkpt>
      <trkpt lat="34.66665591113269" lon="135.4667429253459">
        <ele>4.92</ele>
      </trkpt>
      <trkpt lat="34.666525572538376" lon="135.46641242690384">
        <ele>5.01</ele>
      </trkpt>
      <trkpt lat="34.66639531776309" lon="135.46608184464276">
        <ele>5.11</ele>
      </trkpt>
      <trkpt lat="34.66626497916877" lon="135.4657513462007">
        <ele>5.08</ele>
      </trkpt>
      <trkpt lat="34.66613698750734" lon="135.46542696654797">
        <ele>5.04</ele>
      </trkpt>
      <trkpt lat="34.666038919240236" lon="135.46548999845982">
        <ele>5.1</ele>
      </trkpt>
      <trkpt lat="34.666170766577125" lon="135.4658279567957">
        <ele>5.13</ele>
      </trkpt>
      <trkpt lat="34.66630261391401" lon="135.4661659989506">
        <ele>5.08</ele>
      </trkpt>
      <trkpt lat="34.66643437743187" lon="135.4665040411055">
        <ele>5.08</ele>
      </trkpt>
      <trkpt lat="34.66656622476876" lon="135.46684208326042">
        <ele>4.97</ele>
      </trkpt>
      <trkpt lat="34.666697988286614" lon="135.46718012541533">
        <ele>4.8</ele>
      </trkpt>
      <trkpt lat="34.666828997433186" lon="135.4675159882754">
        <ele>4.8</ele>
      </trkpt>
      <trkpt lat="34.6669627726078" lon="135.46785118058324">
        <ele>4.99</ele>
      </trkpt>
      <trkpt lat="34.66709654778242" lon="135.46818628907204">
        <ele>5.21</ele>
      </trkpt>
      <trkpt lat="34.66723040677607" lon="135.46852148137987">
        <ele>5.4</ele>
      </trkpt>
      <trkpt lat="34.66736418195069" lon="135.4688566736877">
        <ele>5.49</ele>
      </trkpt>
      <trkpt lat="34.66749804094434" lon="135.46919186599553">
        <ele>5.6</ele>
      </trkpt>
      <trkpt lat="34.66763097792864" lon="135.46952496282756">
        <ele>5.77</ele>
      </trkpt>
      <trkpt lat="34.667754862457514" lon="135.4698500968516">
        <ele>5.96</ele>
      </trkpt>
      <trkpt lat="34.66787874698639" lon="135.47017514705658">
        <ele>6.14</ele>
      </trkpt>
      <trkpt lat="34.668002631515265" lon="135.4705002810806">
        <ele>6.2</ele>
      </trkpt>
      <trkpt lat="34.66812592931092" lon="135.4708239901811">
        <ele>6.16</ele>
      </trkpt>
      <trkpt lat="34.66821846552193" lon="135.47098701819777">
        <ele>6.19</ele>
      </trkpt>
      <trkpt lat="34.668310917913914" lon="135.47114996239543">
        <ele>6.23</ele>
      </trkpt>
      <trkpt lat="34.66852365061641" lon="135.47138281166553">
        <ele>6.31</ele>
      </trkpt>
      <trkpt lat="34.6687363833189" lon="135.47161566093564">
        <ele>6.33</ele>
      </trkpt>
      <trkpt lat="34.668949116021395" lon="135.47184851020575">
        <ele>6.35</ele>
      </trkpt>
      <trkpt lat="34.66916176490486" lon="135.47208135947585">
        <ele>6.36</ele>
      </trkpt>
      <trkpt lat="34.66937449760735" lon="135.472314292565">
        <ele>6.32</ele>
      </trkpt>
      <trkpt lat="34.66958798468113" lon="135.4725479800254">
        <ele>6.22</ele>
      </trkpt>
      <trkpt lat="34.66981379315257" lon="135.47279759310186">
        <ele>6.2</ele>
      </trkpt>
      <trkpt lat="34.670039685443044" lon="135.4730472061783">
        <ele>6.26</ele>
      </trkpt>
      <trkpt lat="34.67026557773352" lon="135.47329681925476">
        <ele>6.07</ele>
      </trkpt>
      <trkpt lat="34.67049147002399" lon="135.47354651615024">
        <ele>5.92</ele>
      </trkpt>
      <trkpt lat="34.67071736231446" lon="135.47379612922668">
        <ele>5.84</ele>
      </trkpt>
      <trkpt lat="34.670943170785904" lon="135.47404574230313">
        <ele>5.79</ele>
      </trkpt>
      <trkpt lat="34.67116906307638" lon="135.47429535537958">
        <ele>5.81</ele>
      </trkpt>
      <trkpt lat="34.67139495536685" lon="135.47454505227506">
        <ele>5.92</ele>
      </trkpt>
      <trkpt lat="34.671621937304735" lon="135.47479592263699">
        <ele>5.98</ele>
      </trkpt>
      <trkpt lat="34.67182779684663" lon="135.47502106055617">
        <ele>6.01</ele>
      </trkpt>
      <trkpt lat="34.67203374020755" lon="135.47524619847536">
        <ele>6.01</ele>
      </trkpt>
      <trkpt lat="34.672239599749446" lon="135.47547133639455">
        <ele>5.95</ele>
      </trkpt>
      <trkpt lat="34.67244545929134" lon="135.4756963904947">
        <ele>5.89</ele>
      </trkpt>
      <trkpt lat="34.67265131883323" lon="135.4759215284139">
        <ele>5.9</ele>
      </trkpt>
      <trkpt lat="34.67285726219416" lon="135.47614666633308">
        <ele>5.93</ele>
      </trkpt>
      <trkpt lat="34.67306312173605" lon="135.47637172043324">
        <ele>5.85</ele>
      </trkpt>
      <trkpt lat="34.67326998710632" lon="135.47659794799984">
        <ele>5.73</ele>
      </trkpt>
      <trkpt lat="34.673471320420504" lon="135.47681998461485">
        <ele>5.74</ele>
      </trkpt>
      <trkpt lat="34.673672737553716" lon="135.47704202122986">
        <ele>5.91</ele>
      </trkpt>
      <trkpt lat="34.67387415468693" lon="135.47726405784488">
        <ele>6.16</ele>
      </trkpt>
      <trkpt lat="34.67407548800111" lon="135.4774860944599">
        <ele>6.22</ele>
      </trkpt>
      <trkpt lat="34.67427690513432" lon="135.4777081310749">
        <ele>6.18</ele>
      </trkpt>
      <trkpt lat="34.674478992819786" lon="135.4779309220612">
        <ele>6.17</ele>
      </trkpt>
      <trkpt lat="34.674692982807755" lon="135.47809093259275">
        <ele>6.2</ele>
      </trkpt>
      <trkpt lat="34.674905547872186" lon="135.4782147333026">
        <ele>6.18</ele>
      </trkpt>
      <trkpt lat="34.67511895112693" lon="135.4783389531076">
        <ele>6.16</ele>
      </trkpt>
      <trkpt lat="34.67536789365113" lon="135.47844749875367">
        <ele>6.19</ele>
      </trkpt>
      <trkpt lat="34.675616919994354" lon="135.4785559605807">
        <ele>6.33</ele>
      </trkpt>
      <trkpt lat="34.67586586251855" lon="135.47866450622678">
        <ele>6.57</ele>
      </trkpt>
      <trkpt lat="34.67611698433757" lon="135.4787739738822">
        <ele>6.71</ele>
      </trkpt>
      <trkpt lat="34.6763501688838" lon="135.47886474989355">
        <ele>6.68</ele>
      </trkpt>
      <trkpt lat="34.676583437249064" lon="135.4789555259049">
        <ele>6.7</ele>
      </trkpt>
      <trkpt lat="34.67681670561433" lon="135.47904638573527">
        <ele>6.78</ele>
      </trkpt>
      <trkpt lat="34.67705198563635" lon="135.47913799993694">
        <ele>6.87</ele>
      </trkpt>
      <trkpt lat="34.677309058606625" lon="135.47925006598234">
        <ele>6.9</ele>
      </trkpt>
      <trkpt lat="34.67756621539593" lon="135.47936213202775">
        <ele>6.87</ele>
      </trkpt>
      <trkpt lat="34.67782496474683" lon="135.47947495244443">
        <ele>6.77</ele>
      </trkpt>
      <trkpt lat="34.67773050069809" lon="135.47977603040636">
        <ele>6.9</ele>
      </trkpt>
      <trkpt lat="34.677636036649346" lon="135.48007710836828">
        <ele>7.01</ele>
      </trkpt>
      <trkpt lat="34.67754199169576" lon="135.48037692904472">
        <ele>7.03</ele>
      </trkpt>
      <trkpt lat="34.677313501015306" lon="135.48059879802167">
        <ele>6.98</ele>
      </trkpt>
      <trkpt lat="34.67708501033485" lon="135.4808205831796">
        <ele>7.05</ele>
      </trkpt>
      <trkpt lat="34.67685593292117" lon="135.48104295507073">
        <ele>6.97</ele>
      </trkpt>
      <trkpt lat="34.67659601010382" lon="135.4812143649906">
        <ele>6.78</ele>
      </trkpt>
      <trkpt lat="34.67633608728647" lon="135.48138577491045">
        <ele>6.62</ele>
      </trkpt>
      <trkpt lat="34.67607499100268" lon="135.4815579392016">
        <ele>6.48</ele>
      </trkpt>
      <trkpt lat="34.67578237876296" lon="135.48142416402698">
        <ele>6.32</ele>
      </trkpt>
      <trkpt lat="34.67548976652324" lon="135.48129030503333">
        <ele>6.06</ele>
      </trkpt>
      <trkpt lat="34.675197238102555" lon="135.4811565298587">
        <ele>5.78</ele>
      </trkpt>
      <trkpt lat="34.67490462586284" lon="135.48102267086506">
        <ele>5.54</ele>
      </trkpt>
      <trkpt lat="34.67461209744215" lon="135.48088889569044">
        <ele>5.23</ele>
      </trkpt>
      <trkpt lat="34.67431948520243" lon="135.4807550366968">
        <ele>4.95</ele>
      </trkpt>
      <trkpt lat="34.67402687296271" lon="135.48062126152217">
        <ele>4.61</ele>
      </trkpt>
      <trkpt lat="34.67373434454203" lon="135.48048740252852">
        <ele>4.29</ele>
      </trkpt>
      <trkpt lat="34.67344173230231" lon="135.4803536273539">
        <ele>4.17</ele>
      </trkpt>
      <trkpt lat="34.67314920388162" lon="135.48021976836026">
        <ele>3.98</ele>
      </trkpt>
      <trkpt lat="34.6728499699384" lon="135.4800829757005">
        <ele>3.76</ele>
      </trkpt>
      <trkpt lat="34.67257563024759" lon="135.47999345697463">
        <ele>3.54</ele>
      </trkpt>
      <trkpt lat="34.67230120673776" lon="135.47990385442972">
        <ele>3.13</ele>
      </trkpt>
      <trkpt lat="34.67202686704695" lon="135.47981433570385">
        <ele>2.77</ele>
      </trkpt>
      <trkpt lat="34.671749928966165" lon="135.47972397878766">
        <ele>2.65</ele>
      </trkpt>
      <trkpt lat="34.67144834809005" lon="135.4796146787703">
        <ele>2.58</ele>
      </trkpt>
      <trkpt lat="34.67114685103297" lon="135.47950546257198">
        <ele>2.4</ele>
      </trkpt>
      <trkpt lat="34.67084527015686" lon="135.47939616255462">
        <ele>2.19</ele>
      </trkpt>
      <trkpt lat="34.6705409232527" lon="135.47928594052792">
        <ele>2.12</ele>
      </trkpt>
      <trkpt lat="34.670306565240026" lon="135.47923657111824">
        <ele>2.05</ele>
      </trkpt>
      <trkpt lat="34.67007094994187" lon="135.47918695025146">
        <ele>2.03</ele>
      </trkpt>
      <trkpt lat="34.66983860358596" lon="135.47918896190822">
        <ele>1.89</ele>
      </trkpt>
      <trkpt lat="34.66960499994457" lon="135.47919097356498">
        <ele>1.88</ele>
      </trkpt>
      <trkpt lat="34.669301407411695" lon="135.47926238738">
        <ele>1.84</ele>
      </trkpt>
      <trkpt lat="34.66899789869785" lon="135.479333717376">
        <ele>1.79</ele>
      </trkpt>
      <trkpt lat="34.66869430616498" lon="135.47940513119102">
        <ele>1.92</ele>
      </trkpt>
      <trkpt lat="34.66839079745114" lon="135.47947654500604">
        <ele>2.01</ele>
      </trkpt>
      <trkpt lat="34.6680872887373" lon="135.47954795882106">
        <ele>2.06</ele>
      </trkpt>
      <trkpt lat="34.667783696204424" lon="135.47961937263608">
        <ele>2.02</ele>
      </trkpt>
      <trkpt lat="34.667474990710616" lon="135.47969195991755">
        <ele>2.13</ele>
      </trkpt>
      <trkpt lat="34.66732696630061" lon="135.4799289163202">
        <ele>2.55</ele>
      </trkpt>
      <trkpt lat="34.667396284639835" lon="135.48025622963905">
        <ele>2.91</ele>
      </trkpt>
      <trkpt lat="34.667465686798096" lon="135.4805835429579">
        <ele>3.24</ele>
      </trkpt>
      <trkpt lat="34.667535088956356" lon="135.48091077245772">
        <ele>3.51</ele>
      </trkpt>
      <trkpt lat="34.667603988200426" lon="135.48123599030077">
        <ele>3.94</ele>
      </trkpt>
      <trkpt lat="34.66766282916069" lon="135.48159079626203">
        <ele>4.45</ele>
      </trkpt>
      <trkpt lat="34.667721670120955" lon="135.4819456860423">
        <ele>4.96</ele>
      </trkpt>
      <trkpt lat="34.66778051108122" lon="135.4823005758226">
        <ele>5.36</ele>
      </trkpt>
      <trkpt lat="34.66783935204148" lon="135.48265538178384">
        <ele>5.66</ele>
      </trkpt>
      <trkpt lat="34.66789827682078" lon="135.48301027156413">
        <ele>6.08</ele>
      </trkpt>
      <trkpt lat="34.66795711778104" lon="135.4833651613444">
        <ele>6.36</ele>
      </trkpt>
      <trkpt lat="34.66801595874131" lon="135.4837200511247">
        <ele>6.44</ele>
      </trkpt>
      <trkpt lat="34.668073961511254" lon="135.4840699955821">
        <ele>6.48</ele>
      </trkpt>
      <trkpt lat="34.66811000369489" lon="135.48433008603752">
        <ele>6.57</ele>
      </trkpt>
      <trkpt lat="34.66814612969756" lon="135.48459026031196">
        <ele>6.75</ele>
      </trkpt>
      <trkpt lat="34.668181920424104" lon="135.48484892584383">
        <ele>6.98</ele>
      </trkpt>
      <trkpt lat="34.66825308278203" lon="135.4851937573403">
        <ele>7.16</ele>
      </trkpt>
      <trkpt lat="34.668324161320925" lon="135.48553850501776">
        <ele>7.32</ele>
      </trkpt>
      <trkpt lat="34.66839532367885" lon="135.4858832526952">
        <ele>7.6</ele>
      </trkpt>
      <trkpt lat="34.668466402217746" lon="135.48622800037265">
        <ele>7.74</ele>
      </trkpt>
      <trkpt lat="34.66853697784245" lon="135.48656998202205">
        <ele>7.93</ele>
      </trkpt>
      <trkpt lat="34.66850772500038" lon="135.4869137238711">
        <ele>8.2</ele>
      </trkpt>
      <trkpt lat="34.668478555977345" lon="135.4872575495392">
        <ele>8.55</ele>
      </trkpt>
      <trkpt lat="34.66844938695431" lon="135.48760129138827">
        <ele>8.97</ele>
      </trkpt>
      <trkpt lat="34.66842021793127" lon="135.48794511705637">
        <ele>9.34</ele>
      </trkpt>
      <trkpt lat="34.6683909650892" lon="135.48828885890543">
        <ele>9.39</ele>
      </trkpt>
      <trkpt lat="34.668361796066165" lon="135.48863268457353">
        <ele>9.24</ele>
      </trkpt>
      <trkpt lat="34.668332962319255" lon="135.48897198401392">
        <ele>9.38</ele>
      </trkpt>
      <trkpt lat="34.6682995185256" lon="135.48931547440588">
        <ele>9.67</ele>
      </trkpt>
      <trkpt lat="34.668266074731946" lon="135.48965896479785">
        <ele>9.84</ele>
      </trkpt>
      <trkpt lat="34.66823263093829" lon="135.49000253900886">
        <ele>9.97</ele>
      </trkpt>
      <trkpt lat="34.66819918714464" lon="135.49034602940083">
        <ele>10.11</ele>
      </trkpt>
      <trkpt lat="34.668165827170014" lon="135.4906895197928">
        <ele>10.2</ele>
      </trkpt>
      <trkpt lat="34.66813238337636" lon="135.49103301018476">
        <ele>10.06</ele>
      </trkpt>
      <trkpt lat="34.668098939582705" lon="135.49137658439577">
        <ele>9.9</ele>
      </trkpt>
      <trkpt lat="34.66806599870324" lon="135.4917149618268">
        <ele>9.8</ele>
      </trkpt>
      <trkpt lat="34.66778688132763" lon="135.49163164570928">
        <ele>9.69</ele>
      </trkpt>
      <trkpt lat="34.66750784777105" lon="135.49154832959175">
        <ele>9.4</ele>
      </trkpt>
      <trkpt lat="34.66722881421447" lon="135.49146501347423">
        <ele>9.06</ele>
      </trkpt>
      <trkpt lat="34.66694978065789" lon="135.49138178117573">
        <ele>8.84</ele>
      </trkpt>
      <trkpt lat="34.66667074710131" lon="135.4912984650582">
        <ele>8.73</ele>
      </trkpt>
      <trkpt lat="34.666391713544726" lon="135.49121514894068">
        <ele>8.68</ele>
      </trkpt>
      <trkpt lat="34.666112679988146" lon="135.49113183282316">
        <ele>8.58</ele>
      </trkpt>
      <trkpt lat="34.665833646431565" lon="135.49104851670563">
        <ele>8.54</ele>
      </trkpt>
      <trkpt lat="34.665554612874985" lon="135.4909652005881">
        <ele>8.47</ele>
      </trkpt>
      <trkpt lat="34.6652689576149" lon="135.49087995663285">
        <ele>8.43</ele>
      </trkpt>
      <trkpt lat="34.66502328403294" lon="135.49079664051533">
        <ele>8.26</ele>
      </trkpt>
      <trkpt lat="34.66477761045098" lon="135.4907133243978">
        <ele>8.02</ele>
      </trkpt>
      <trkpt lat="34.664531936869025" lon="135.49063000828028">
        <ele>7.82</ele>
      </trkpt>
      <trkpt lat="34.66428391635418" lon="135.49054593779147">
        <ele>7.56</ele>
      </trkpt>
      <trkpt lat="34.66398040764034" lon="135.4904937185347">
        <ele>7.28</ele>
      </trkpt>
      <trkpt lat="34.663676815107465" lon="135.49044158309698">
        <ele>6.94</ele>
      </trkpt>
      <trkpt lat="34.66337330639362" lon="135.49038936384022">
        <ele>6.64</ele>
      </trkpt>
      <trkpt lat="34.66306971386075" lon="135.49033714458346">
        <ele>6.47</ele>
      </trkpt>
      <trkpt lat="34.66276612132788" lon="135.4902849253267">
        <ele>6.27</ele>
      </trkpt>
      <trkpt lat="34.662462612614036" lon="135.49023270606995">
        <ele>6.18</ele>
      </trkpt>
      <trkpt lat="34.66215902008116" lon="135.49018057063222">
        <ele>6.17</ele>
      </trkpt>
      <trkpt lat="34.66185542754829" lon="135.49012835137546">
        <ele>6.07</ele>
      </trkpt>
      <trkpt lat="34.661544961854815" lon="135.49007495865226">
        <ele>5.84</ele>
      </trkpt>
      <trkpt lat="34.661299120634794" lon="135.4900560155511">
        <ele>5.78</ele>
      </trkpt>
      <trkpt lat="34.66105327941477" lon="135.49003707244992">
        <ele>5.79</ele>
      </trkpt>
      <trkpt lat="34.66080735437572" lon="135.49001812934875">
        <ele>5.76</ele>
      </trkpt>
      <trkpt lat="34.66055899858475" lon="135.4899989347905">
        <ele>5.67</ele>
      </trkpt>
      <trkpt lat="34.660296058282256" lon="135.49001687206328">
        <ele>5.55</ele>
      </trkpt>
      <trkpt lat="34.660033117979765" lon="135.4900348931551">
        <ele>5.39</ele>
      </trkpt>
      <trkpt lat="34.659770261496305" lon="135.49005283042789">
        <ele>5.36</ele>
      </trkpt>
      <trkpt lat="34.659507321193814" lon="135.49007076770067">
        <ele>5.22</ele>
      </trkpt>
      <trkpt lat="34.65924094431102" lon="135.49008895643055">
        <ele>5.14</ele>
      </trkpt>
      <trkpt lat="34.658969873562455" lon="135.49011435359716">
        <ele>5.16</ele>
      </trkpt>
      <trkpt lat="34.65869888663292" lon="135.4901398345828">
        <ele>5.14</ele>
      </trkpt>
      <trkpt lat="34.65842781588435" lon="135.49016523174942">
        <ele>5.05</ele>
      </trkpt>
      <trkpt lat="34.65815397910774" lon="135.49019096419215">
        <ele>5.05</ele>
      </trkpt>
      <trkpt lat="34.657861199229956" lon="135.49020018428564">
        <ele>4.95</ele>
      </trkpt>
      <trkpt lat="34.657568503171206" lon="135.49020940437913">
        <ele>4.83</ele>
      </trkpt>
      <trkpt lat="34.657275807112455" lon="135.49021862447262">
        <ele>4.64</ele>
      </trkpt>
      <trkpt lat="34.65698302723467" lon="135.4902278445661">
        <ele>4.62</ele>
      </trkpt>
      <trkpt lat="34.65669033117592" lon="135.4902370646596">
        <ele>4.62</ele>
      </trkpt>
      <trkpt lat="34.65639755129814" lon="135.49024628475308">
        <ele>4.67</ele>
      </trkpt>
      <trkpt lat="34.65610485523939" lon="135.49025550484657">
        <ele>4.79</ele>
      </trkpt>
      <trkpt lat="34.655805956572294" lon="135.49026497639716">
        <ele>4.89</ele>
      </trkpt>
      <trkpt lat="34.655507477000356" lon="135.49027059227228">
        <ele>4.87</ele>
      </trkpt>
      <trkpt lat="34.65520908124745" lon="135.49027612432837">
        <ele>4.85</ele>
      </trkpt>
      <trkpt lat="34.65491060167551" lon="135.4902817402035">
        <ele>4.91</ele>
      </trkpt>
      <trkpt lat="34.654612205922604" lon="135.49028735607862">
        <ele>4.93</ele>
      </trkpt>
      <trkpt lat="34.654313726350665" lon="135.49029297195375">
        <ele>4.85</ele>
      </trkpt>
      <trkpt lat="34.65401524677873" lon="135.49029858782887">
        <ele>4.71</ele>
      </trkpt>
      <trkpt lat="34.65371685102582" lon="135.490304203704">
        <ele>4.59</ele>
      </trkpt>
      <trkpt lat="34.65341837145388" lon="135.4903097357601">
        <ele>4.56</ele>
      </trkpt>
      <trkpt lat="34.653119975700974" lon="135.49031535163522">
        <ele>4.55</ele>
      </trkpt>
      <trkpt lat="34.652821496129036" lon="135.49032096751034">
        <ele>4.65</ele>
      </trkpt>
      <trkpt lat="34.65252310037613" lon="135.49032658338547">
        <ele>4.67</ele>
      </trkpt>
      <trkpt lat="34.65222462080419" lon="135.4903321992606">
        <ele>4.68</ele>
      </trkpt>
      <trkpt lat="34.651915999129415" lon="135.49033798277378">
        <ele>4.71</ele>
      </trkpt>
      <trkpt lat="34.651619866490364" lon="135.49032758921385">
        <ele>4.87</ele>
      </trkpt>
      <trkpt lat="34.651323817670345" lon="135.49031719565392">
        <ele>4.97</ele>
      </trkpt>
      <trkpt lat="34.65102776885033" lon="135.49030680209398">
        <ele>4.81</ele>
      </trkpt>
      <trkpt lat="34.65073172003031" lon="135.49029640853405">
        <ele>4.62</ele>
      </trkpt>
      <trkpt lat="34.65043567121029" lon="135.49028601497412">
        <ele>4.62</ele>
      </trkpt>
      <trkpt lat="34.65013962239027" lon="135.49027562141418">
        <ele>4.66</ele>
      </trkpt>
      <trkpt lat="34.64984357357025" lon="135.49026522785425">
        <ele>4.8</ele>
      </trkpt>
      <trkpt lat="34.64954752475023" lon="135.49025483429432">
        <ele>4.92</ele>
      </trkpt>
      <trkpt lat="34.649251475930214" lon="135.4902444407344">
        <ele>4.96</ele>
      </trkpt>
      <trkpt lat="34.648955427110195" lon="135.49023404717445">
        <ele>4.97</ele>
      </trkpt>
      <trkpt lat="34.648659378290176" lon="135.49022365361452">
        <ele>4.98</ele>
      </trkpt>
      <trkpt lat="34.648353941738605" lon="135.49021292477846">
        <ele>4.88</ele>
      </trkpt>
      <trkpt lat="34.64806652627885" lon="135.49021217040718">
        <ele>4.97</ele>
      </trkpt>
      <trkpt lat="34.6477791108191" lon="135.49021133221686">
        <ele>5.0</ele>
      </trkpt>
      <trkpt lat="34.64749161154032" lon="135.49021057784557">
        <ele>4.98</ele>
      </trkpt>
      <trkpt lat="34.647204196080565" lon="135.49020973965526">
        <ele>4.91</ele>
      </trkpt>
      <trkpt lat="34.64691678062081" lon="135.49020898528397">
        <ele>4.81</ele>
      </trkpt>
      <trkpt lat="34.64662928134203" lon="135.49020814709365">
        <ele>4.77</ele>
      </trkpt>
      <trkpt lat="34.64634186588228" lon="135.49020739272237">
        <ele>4.73</ele>
      </trkpt>
      <trkpt lat="34.646054450422525" lon="135.49020655453205">
        <ele>4.67</ele>
      </trkpt>
      <trkpt lat="34.64576695114374" lon="135.49020580016077">
        <ele>4.61</ele>
      </trkpt>
      <trkpt lat="34.645471991971135" lon="135.49020496197045">
        <ele>4.58</ele>
      </trkpt>
      <trkpt lat="34.64516504667699" lon="135.49019725061953">
        <ele>4.45</ele>
      </trkpt>
      <trkpt lat="34.64485810138285" lon="135.49018962308764">
        <ele>4.35</ele>
      </trkpt>
      <trkpt lat="34.64455115608871" lon="135.49018199555576">
        <ele>4.36</ele>
      </trkpt>
      <trkpt lat="34.64424421079457" lon="135.49017428420484">
        <ele>4.31</ele>
      </trkpt>
      <trkpt lat="34.643937265500426" lon="135.49016665667295">
        <ele>4.34</ele>
      </trkpt>
      <trkpt lat="34.643630320206285" lon="135.49015894532204">
        <ele>4.31</ele>
      </trkpt>
      <trkpt lat="34.64332337491214" lon="135.49015131779015">
        <ele>4.33</ele>
      </trkpt>
      <trkpt lat="34.643016429618" lon="135.49014360643923">
        <ele>4.42</ele>
      </trkpt>
      <trkpt lat="34.64270948432386" lon="135.49013597890735">
        <ele>4.48</ele>
      </trkpt>
      <trkpt lat="34.64240253902972" lon="135.49012826755643">
        <ele>4.46</ele>
      </trkpt>
      <trkpt lat="34.642095593735576" lon="135.49012064002454">
        <ele>4.48</ele>
      </trkpt>
      <trkpt lat="34.641788648441434" lon="135.49011292867362">
        <ele>4.62</ele>
      </trkpt>
      <trkpt lat="34.64148170314729" lon="135.49010530114174">
        <ele>4.72</ele>
      </trkpt>
      <trkpt lat="34.64117475785315" lon="135.49009758979082">
        <ele>4.65</ele>
      </trkpt>
      <trkpt lat="34.64086781255901" lon="135.49008996225893">
        <ele>4.51</ele>
      </trkpt>
      <trkpt lat="34.64054795913398" lon="135.49008199945092">
        <ele>4.56</ele>
      </trkpt>
      <trkpt lat="34.64023916982114" lon="135.49007965251803">
        <ele>4.54</ele>
      </trkpt>
      <trkpt lat="34.639930464327335" lon="135.49007738940418">
        <ele>4.51</ele>
      </trkpt>
      <trkpt lat="34.639621675014496" lon="135.49007512629032">
        <ele>4.43</ele>
      </trkpt>
      <trkpt lat="34.639312885701656" lon="135.49007286317647">
        <ele>4.4</ele>
      </trkpt>
      <trkpt lat="34.63900418020785" lon="135.4900706000626">
        <ele>4.46</ele>
      </trkpt>
      <trkpt lat="34.63869539089501" lon="135.49006825312972">
        <ele>4.43</ele>
      </trkpt>
      <trkpt lat="34.638380985707045" lon="135.49006599001586">
        <ele>4.42</ele>
      </trkpt>
      <trkpt lat="34.638164062052965" lon="135.49007990397513">
        <ele>4.52</ele>
      </trkpt>
      <trkpt lat="34.63794596493244" lon="135.49009398557246">
        <ele>4.58</ele>
      </trkpt>
      <trkpt lat="34.6379429474473" lon="135.49014293588698">
        <ele>4.59</ele>
      </trkpt>
      <trkpt lat="34.63813891634345" lon="135.49012600444257">
        <ele>4.55</ele>
      </trkpt>
      <trkpt lat="34.63833597488701" lon="135.49010898917913">
        <ele>4.47</ele>
      </trkpt>
      <trkpt lat="34.63861249387264" lon="135.49011108465493">
        <ele>4.46</ele>
      </trkpt>
      <trkpt lat="34.63888901285827" lon="135.49011318013072">
        <ele>4.51</ele>
      </trkpt>
      <trkpt lat="34.6391655318439" lon="135.4901152756065">
        <ele>4.48</ele>
      </trkpt>
      <trkpt lat="34.63944205082953" lon="135.49011745490134">
        <ele>4.43</ele>
      </trkpt>
      <trkpt lat="34.63971856981516" lon="135.49011955037713">
        <ele>4.53</ele>
      </trkpt>
      <trkpt lat="34.63999508880079" lon="135.49012164585292">
        <ele>4.59</ele>
      </trkpt>
      <trkpt lat="34.64027160778642" lon="135.49012382514775">
        <ele>4.62</ele>
      </trkpt>
      <trkpt lat="34.640553994104266" lon="135.49012592062354">
        <ele>4.64</ele>
      </trkpt>
      <trkpt lat="34.64086068794131" lon="135.49013262614608">
        <ele>4.59</ele>
      </trkpt>
      <trkpt lat="34.64116738177836" lon="135.49013933166862">
        <ele>4.71</ele>
      </trkpt>
      <trkpt lat="34.641474075615406" lon="135.49014595337212">
        <ele>4.79</ele>
      </trkpt>
      <trkpt lat="34.64178076945245" lon="135.49015265889466">
        <ele>4.67</ele>
      </trkpt>
      <trkpt lat="34.64208737947047" lon="135.49015928059816">
        <ele>4.54</ele>
      </trkpt>
      <trkpt lat="34.642394073307514" lon="135.4901659861207">
        <ele>4.53</ele>
      </trkpt>
      <trkpt lat="34.64270076714456" lon="135.4901726078242">
        <ele>4.55</ele>
      </trkpt>
      <trkpt lat="34.64300746098161" lon="135.49017931334674">
        <ele>4.48</ele>
      </trkpt>
      <trkpt lat="34.643314154818654" lon="135.49018601886928">
        <ele>4.4</ele>
      </trkpt>
      <trkpt lat="34.6436208486557" lon="135.4901926405728">
        <ele>4.39</ele>
      </trkpt>
      <trkpt lat="34.64392754249275" lon="135.49019934609532">
        <ele>4.41</ele>
      </trkpt>
      <trkpt lat="34.644234236329794" lon="135.49020596779883">
        <ele>4.35</ele>
      </trkpt>
      <trkpt lat="34.64454093016684" lon="135.49021267332137">
        <ele>4.4</ele>
      </trkpt>
      <trkpt lat="34.64484762400389" lon="135.49021929502487">
        <ele>4.4</ele>
      </trkpt>
      <trkpt lat="34.645154317840934" lon="135.4902260005474">
        <ele>4.47</ele>
      </trkpt>
      <trkpt lat="34.645473919808865" lon="135.49023295752704">
        <ele>4.6</ele>
      </trkpt>
      <trkpt lat="34.64576058089733" lon="135.49023463390768">
        <ele>4.61</ele>
      </trkpt>
      <trkpt lat="34.6460472419858" lon="135.4902363102883">
        <ele>4.67</ele>
      </trkpt>
      <trkpt lat="34.646333903074265" lon="135.49023807048798">
        <ele>4.72</ele>
      </trkpt>
      <trkpt lat="34.64662056416273" lon="135.4902397468686">
        <ele>4.76</ele>
      </trkpt>
      <trkpt lat="34.646907141432166" lon="135.49024142324924">
        <ele>4.79</ele>
      </trkpt>
      <trkpt lat="34.64719380252063" lon="135.49024309962988">
        <ele>4.87</ele>
      </trkpt>
      <trkpt lat="34.6474804636091" lon="135.49024485982955">
        <ele>4.95</ele>
      </trkpt>
      <trkpt lat="34.647767124697566" lon="135.49024653621018">
        <ele>4.98</ele>
      </trkpt>
      <trkpt lat="34.64805378578603" lon="135.4902482125908">
        <ele>4.94</ele>
      </trkpt>
      <trkpt lat="34.648347990587354" lon="135.49024997279048">
        <ele>4.83</ele>
      </trkpt>
      <trkpt lat="34.648644709959626" lon="135.49026011489332">
        <ele>4.93</ele>
      </trkpt>
      <trkpt lat="34.6489414293319" lon="135.49027025699615">
        <ele>4.92</ele>
      </trkpt>
      <trkpt lat="34.64923814870417" lon="135.490280399099">
        <ele>4.91</ele>
      </trkpt>
      <trkpt lat="34.649534868076444" lon="135.49029054120183">
        <ele>4.87</ele>
      </trkpt>
      <trkpt lat="34.649831587448716" lon="135.49030068330467">
        <ele>4.77</ele>
      </trkpt>
      <trkpt lat="34.65012830682099" lon="135.4903108254075">
        <ele>4.62</ele>
      </trkpt>
      <trkpt lat="34.65042502619326" lon="135.49032096751034">
        <ele>4.59</ele>
      </trkpt>
      <trkpt lat="34.650721745565534" lon="135.49033110961318">
        <ele>4.58</ele>
      </trkpt>
      <trkpt lat="34.651018464937806" lon="135.49034125171602">
        <ele>4.77</ele>
      </trkpt>
      <trkpt lat="34.65131518431008" lon="135.49035139381886">
        <ele>4.95</ele>
      </trkpt>
      <trkpt lat="34.65161190368235" lon="135.4903615359217">
        <ele>4.87</ele>
      </trkpt>
      <trkpt lat="34.651917926967144" lon="135.49037192948163">
        <ele>4.72</ele>
      </trkpt>
      <trkpt lat="34.652214143425226" lon="135.49036698415875">
        <ele>4.71</ele>
      </trkpt>
      <trkpt lat="34.65251035988331" lon="135.49036195501685">
        <ele>4.71</ele>
      </trkpt>
      <trkpt lat="34.65280666016042" lon="135.49035700969398">
        <ele>4.7</ele>
      </trkpt>
      <trkpt lat="34.653102876618505" lon="135.49035198055208">
        <ele>4.63</ele>
      </trkpt>
      <trkpt lat="34.653402948752046" lon="135.49034695141017">
        <ele>4.65</ele>
      </trkpt>
      <trkpt lat="34.653695644810796" lon="135.4903393238783">
        <ele>4.69</ele>
      </trkpt>
      <trkpt lat="34.653988257050514" lon="135.4903316963464">
        <ele>4.82</ele>
      </trkpt>
      <trkpt lat="34.654280953109264" lon="135.49032406881452">
        <ele>4.97</ele>
      </trkpt>
      <trkpt lat="34.65457356534898" lon="135.49031644128263">
        <ele>5.08</ele>
      </trkpt>
      <trkpt lat="34.65486626140773" lon="135.49030881375074">
        <ele>5.07</ele>
      </trkpt>
      <trkpt lat="34.65515887364745" lon="135.49030118621886">
        <ele>5.05</ele>
      </trkpt>
      <trkpt lat="34.6554515697062" lon="135.49029355868697">
        <ele>5.07</ele>
      </trkpt>
      <trkpt lat="34.65574426576495" lon="135.49028601497412">
        <ele>5.12</ele>
      </trkpt>
      <trkpt lat="34.65603687800467" lon="135.49027838744223">
        <ele>5.07</ele>
      </trkpt>
      <trkpt lat="34.65632957406342" lon="135.49027075991035">
        <ele>4.96</ele>
      </trkpt>
      <trkpt lat="34.65662218630314" lon="135.49026313237846">
        <ele>4.9</ele>
      </trkpt>
      <trkpt lat="34.65691488236189" lon="135.49025550484657">
        <ele>4.91</ele>
      </trkpt>
      <trkpt lat="34.65720749460161" lon="135.4902478773147">
        <ele>4.94</ele>
      </trkpt>
      <trkpt lat="34.65751091949642" lon="135.4902399983257">
        <ele>5.13</ele>
      </trkpt>
      <trkpt lat="34.65772507712245" lon="135.49023899249732">
        <ele>5.23</ele>
      </trkpt>
      <trkpt lat="34.65793915092945" lon="135.49023798666894">
        <ele>5.33</ele>
      </trkpt>
      <trkpt lat="34.65815498493612" lon="135.49023698084056">
        <ele>5.41</ele>
      </trkpt>
      <trkpt lat="34.65842572040856" lon="135.49021376296878">
        <ele>5.41</ele>
      </trkpt>
      <trkpt lat="34.65869653970003" lon="135.490190545097">
        <ele>5.49</ele>
      </trkpt>
      <trkpt lat="34.658967358991504" lon="135.49016741104424">
        <ele>5.52</ele>
      </trkpt>
      <trkpt lat="34.65924094431102" lon="135.49014394171536">
        <ele>5.46</ele>
      </trkpt>
      <trkpt lat="34.659506818279624" lon="135.49013262614608">
        <ele>5.52</ele>
      </trkpt>
      <trkpt lat="34.65977277606726" lon="135.49012122675776">
        <ele>5.66</ele>
      </trkpt>
      <trkpt lat="34.66003865003586" lon="135.49010982736945">
        <ele>5.71</ele>
      </trkpt>
      <trkpt lat="34.66030452400446" lon="135.49009851180017">
        <ele>5.79</ele>
      </trkpt>
      <trkpt lat="34.66057391837239" lon="135.4900869447738">
        <ele>5.82</ele>
      </trkpt>
      <trkpt lat="34.660818334668875" lon="135.4901038762182">
        <ele>5.83</ele>
      </trkpt>
      <trkpt lat="34.661062667146325" lon="135.49012089148164">
        <ele>5.84</ele>
      </trkpt>
      <trkpt lat="34.661306999623775" lon="135.49013782292604">
        <ele>5.77</ele>
      </trkpt>
      <trkpt lat="34.66155393049121" lon="135.49015492200851">
        <ele>5.74</ele>
      </trkpt>
      <trkpt lat="34.661857103928924" lon="135.49020605161786">
        <ele>5.87</ele>
      </trkpt>
      <trkpt lat="34.66216019354761" lon="135.4902571812272">
        <ele>5.88</ele>
      </trkpt>
      <trkpt lat="34.66246328316629" lon="135.49030822701752">
        <ele>5.79</ele>
      </trkpt>
      <trkpt lat="34.662766456604004" lon="135.49035935662687">
        <ele>5.81</ele>
      </trkpt>
      <trkpt lat="34.66306954622269" lon="135.49041040241718">
        <ele>5.89</ele>
      </trkpt>
      <trkpt lat="34.66337263584137" lon="135.49046153202653">
        <ele>5.96</ele>
      </trkpt>
      <trkpt lat="34.663675809279084" lon="135.49051257781684">
        <ele>6.16</ele>
      </trkpt>
      <trkpt lat="34.66397889889777" lon="135.4905637074262">
        <ele>6.36</ele>
      </trkpt>
      <trkpt lat="34.66428894549608" lon="135.49061592668295">
        <ele>6.58</ele>
      </trkpt>
      <trkpt lat="34.66457946226001" lon="135.4907151684165">
        <ele>6.75</ele>
      </trkpt>
      <trkpt lat="34.6648698952049" lon="135.49081441015005">
        <ele>6.88</ele>
      </trkpt>
      <trkpt lat="34.66516041196883" lon="135.4909136518836">
        <ele>6.94</ele>
      </trkpt>
      <trkpt lat="34.66545092873275" lon="135.49101289361715">
        <ele>6.95</ele>
      </trkpt>
      <trkpt lat="34.66574136167765" lon="135.4911121353507">
        <ele>6.93</ele>
      </trkpt>
      <trkpt lat="34.66603187844157" lon="135.49121137708426">
        <ele>6.9</ele>
      </trkpt>
      <trkpt lat="34.6663223952055" lon="135.49131053499877">
        <ele>6.88</ele>
      </trkpt>
      <trkpt lat="34.66661282815039" lon="135.49140977673233">
        <ele>6.91</ele>
      </trkpt>
      <trkpt lat="34.66690334491432" lon="135.49150901846588">
        <ele>6.97</ele>
      </trkpt>
      <trkpt lat="34.66719386167824" lon="135.49160826019943">
        <ele>7.21</ele>
      </trkpt>
      <trkpt lat="34.66748429462314" lon="135.49170750193298">
        <ele>7.57</ele>
      </trkpt>
      <trkpt lat="34.66777481138706" lon="135.49180674366653">
        <ele>7.9</ele>
      </trkpt>
      <trkpt lat="34.668073961511254" lon="135.4919089190662">
        <ele>8.08</ele>
      </trkpt>
      <trkpt lat="34.66803087852895" lon="135.4922820813954">
        <ele>8.43</ele>
      </trkpt>
      <trkpt lat="34.66798779554665" lon="135.49265515990555">
        <ele>8.88</ele>
      </trkpt>
      <trkpt lat="34.66794471256435" lon="135.49302823841572">
        <ele>9.1</ele>
      </trkpt>
      <trkpt lat="34.66790162958205" lon="135.49340131692588">
        <ele>9.24</ele>
      </trkpt>
      <trkpt lat="34.667858546599746" lon="135.49377439543605">
        <ele>9.34</ele>
      </trkpt>
      <trkpt lat="34.667815547436476" lon="135.4941474739462">
        <ele>9.43</ele>
      </trkpt>
      <trkpt lat="34.667772464454174" lon="135.49452055245638">
        <ele>9.69</ele>
      </trkpt>
      <trkpt lat="34.66772938147187" lon="135.49489363096654">
        <ele>9.9</ele>
      </trkpt>
      <trkpt lat="34.66768629848957" lon="135.4952667094767">
        <ele>10.06</ele>
      </trkpt>
      <trkpt lat="34.667643969878554" lon="135.4956329986453">
        <ele>10.33</ele>
      </trkpt>
      <trkpt lat="34.66758848167956" lon="135.4959842003882">
        <ele>10.8</ele>
      </trkpt>
      <trkpt lat="34.66753299348056" lon="135.4963354859501">
        <ele>11.37</ele>
      </trkpt>
      <trkpt lat="34.6674775891006" lon="135.496686687693">
        <ele>11.85</ele>
      </trkpt>
      <trkpt lat="34.667422100901604" lon="135.49703797325492">
        <ele>12.41</ele>
      </trkpt>
      <trkpt lat="34.66736661270261" lon="135.4973891749978">
        <ele>13.07</ele>
      </trkpt>
      <trkpt lat="34.66731112450361" lon="135.49774046055973">
        <ele>13.77</ele>
      </trkpt>
      <trkpt lat="34.66725563630462" lon="135.4980916623026">
        <ele>14.35</ele>
      </trkpt>
      <trkpt lat="34.66720098629594" lon="135.49843791872263">
        <ele>14.93</ele>
      </trkpt>
      <trkpt lat="34.66719143092632" lon="135.49880429171026">
        <ele>15.47</ele>
      </trkpt>
      <trkpt lat="34.66718187555671" lon="135.49917066469789">
        <ele>15.91</ele>
      </trkpt>
      <trkpt lat="34.66717232018709" lon="135.4995370376855">
        <ele>16.29</ele>
      </trkpt>
      <trkpt lat="34.667162764817476" lon="135.49990341067314">
        <ele>16.49</ele>
      </trkpt>
      <trkpt lat="34.66715320944786" lon="135.50026978366077">
        <ele>16.71</ele>
      </trkpt>
      <trkpt lat="34.667143654078245" lon="135.5006361566484">
        <ele>16.78</ele>
      </trkpt>
      <trkpt lat="34.66713418252766" lon="135.50100252963603">
        <ele>17.1</ele>
      </trkpt>
      <trkpt lat="34.667124627158046" lon="135.50136890262365">
        <ele>17.48</ele>
      </trkpt>
      <trkpt lat="34.66711507178843" lon="135.50173527561128">
        <ele>17.82</ele>
      </trkpt>
      <trkpt lat="34.667105516418815" lon="135.5021016485989">
        <ele>17.82</ele>
      </trkpt>
      <trkpt lat="34.6670959610492" lon="135.50246802158654">
        <ele>17.76</ele>
      </trkpt>
      <trkpt lat="34.66708640567958" lon="135.50283439457417">
        <ele>17.85</ele>
      </trkpt>
      <trkpt lat="34.66707685030997" lon="135.5032007675618">
        <ele>17.91</ele>
      </trkpt>
      <trkpt lat="34.667067378759384" lon="135.50356714054942">
        <ele>17.68</ele>
      </trkpt>
      <trkpt lat="34.66705799102783" lon="135.50392295233905">
        <ele>17.38</ele>
      </trkpt>
      <trkpt lat="34.66704508289695" lon="135.50429100170732">
        <ele>17.19</ele>
      </trkpt>
      <trkpt lat="34.66703209094703" lon="135.50465905107558">
        <ele>17.09</ele>
      </trkpt>
      <trkpt lat="34.66701918281615" lon="135.50502710044384">
        <ele>16.94</ele>
      </trkpt>
      <trkpt lat="34.667006274685264" lon="135.5053951498121">
        <ele>16.7</ele>
      </trkpt>
      <trkpt lat="34.66699336655438" lon="135.50576319918036">
        <ele>16.55</ele>
      </trkpt>
      <trkpt lat="34.666980458423495" lon="135.50613124854863">
        <ele>16.41</ele>
      </trkpt>
      <trkpt lat="34.66696755029261" lon="135.50649938173592">
        <ele>16.27</ele>
      </trkpt>
      <trkpt lat="34.66695464216173" lon="135.50686743110418">
        <ele>16.07</ele>
      </trkpt>
      <trkpt lat="34.66694173403084" lon="135.50723548047245">
        <ele>15.75</ele>
      </trkpt>
      <trkpt lat="34.66692882589996" lon="135.5076035298407">
        <ele>15.52</ele>
      </trkpt>
      <trkpt lat="34.666915917769074" lon="135.50797157920897">
        <ele>15.41</ele>
      </trkpt>
      <trkpt lat="34.66690300963819" lon="135.50833962857723">
        <ele>15.39</ele>
      </trkpt>
      <trkpt lat="34.666890101507306" lon="135.5087076779455">
        <ele>15.4</ele>
      </trkpt>
      <trkpt lat="34.66687719337642" lon="135.50907572731376">
        <ele>15.62</ele>
      </trkpt>
      <trkpt lat="34.66686428524554" lon="135.50944377668202">
        <ele>15.74</ele>
      </trkpt>
      <trkpt lat="34.66685129329562" lon="135.50981182605028">
        <ele>15.62</ele>
      </trkpt>
      <trkpt lat="34.66683838516474" lon="135.51017987541854">
        <ele>15.47</ele>
      </trkpt>
      <trkpt lat="34.66682547703385" lon="135.5105479247868">
        <ele>15.44</ele>
      </trkpt>
      <trkpt lat="34.66681256890297" lon="135.51091597415507">
        <ele>15.54</ele>
      </trkpt>
      <trkpt lat="34.66679999604821" lon="135.511269941926">
        <ele>15.68</ele>
      </trkpt>
      <trkpt lat="34.666615929454565" lon="135.51128989085555">
        <ele>15.51</ele>
      </trkpt>
      <trkpt lat="34.66643094085157" lon="135.51130992360413">
        <ele>15.24</ele>
      </trkpt>
      <trkpt lat="34.666120978072286" lon="135.51127849146724">
        <ele>14.89</ele>
      </trkpt>
      <trkpt lat="34.665811015293" lon="135.51124705933034">
        <ele>14.41</ele>
      </trkpt>
      <trkpt lat="34.66550105251372" lon="135.51121554337442">
        <ele>14.02</ele>
      </trkpt>
      <trkpt lat="34.665191089734435" lon="135.51118411123753">
        <ele>13.82</ele>
      </trkpt>
      <trkpt lat="34.66488112695515" lon="135.51115267910063">
        <ele>13.56</ele>
      </trkpt>
      <trkpt lat="34.66457116417587" lon="135.51112124696374">
        <ele>13.32</ele>
      </trkpt>
      <trkpt lat="34.664261201396585" lon="135.51108973100781">
        <ele>13.08</ele>
      </trkpt>
      <trkpt lat="34.6639512386173" lon="135.51105829887092">
        <ele>12.94</ele>
      </trkpt>
      <trkpt lat="34.66364127583802" lon="135.51102686673403">
        <ele>12.76</ele>
      </trkpt>
      <trkpt lat="34.663331313058734" lon="135.5109953507781">
        <ele>12.68</ele>
      </trkpt>
      <trkpt lat="34.66302135027945" lon="135.5109639186412">
        <ele>12.71</ele>
      </trkpt>
      <trkpt lat="34.66271138750017" lon="135.51093248650432">
        <ele>12.7</ele>
      </trkpt>
      <trkpt lat="34.66239094734192" lon="135.51089996472">
        <ele>12.54</ele>
      </trkpt>
      <trkpt lat="34.66209766454995" lon="135.51087900996208">
        <ele>12.29</ele>
      </trkpt>
      <trkpt lat="34.66180429793894" lon="135.51085805520415">
        <ele>11.88</ele>
      </trkpt>
      <trkpt lat="34.66151093132794" lon="135.51083710044622">
        <ele>11.57</ele>
      </trkpt>
      <trkpt lat="34.66121764853597" lon="135.5108161456883">
        <ele>11.38</ele>
      </trkpt>
      <trkpt lat="34.66092428192496" lon="135.51079519093037">
        <ele>11.14</ele>
      </trkpt>
      <trkpt lat="34.66063099913299" lon="135.51077431999147">
        <ele>10.79</ele>
      </trkpt>
      <trkpt lat="34.66033763252199" lon="135.51075336523354">
        <ele>10.49</ele>
      </trkpt>
      <trkpt lat="34.66004426591098" lon="135.5107324104756">
        <ele>10.38</ele>
      </trkpt>
      <trkpt lat="34.65975098311901" lon="135.51071145571768">
        <ele>10.22</ele>
      </trkpt>
      <trkpt lat="34.65944998897612" lon="135.51068999804556">
        <ele>10.01</ele>
      </trkpt>
      <trkpt lat="34.65915670618415" lon="135.51067600026727">
        <ele>9.79</ele>
      </trkpt>
      <trkpt lat="34.65886350721121" lon="135.51066200248897">
        <ele>9.6</ele>
      </trkpt>
      <trkpt lat="34.65856796130538" lon="135.51064792089164">
        <ele>9.44</ele>
      </trkpt>
      <trkpt lat="34.65829613618553" lon="135.51059821620584">
        <ele>9.17</ele>
      </trkpt>
      <trkpt lat="34.658024311065674" lon="135.51054851152003">
        <ele>8.88</ele>
      </trkpt>
      <trkpt lat="34.65775248594582" lon="135.51049880683422">
        <ele>8.62</ele>
      </trkpt>
      <trkpt lat="34.657480744645" lon="135.5104491021484">
        <ele>8.41</ele>
      </trkpt>
      <trkpt lat="34.65720891952515" lon="135.5103993974626">
        <ele>8.21</ele>
      </trkpt>
      <trkpt lat="34.65693298727274" lon="135.5103489384055">
        <ele>8.05</ele>
      </trkpt>
      <trkpt lat="34.65691496618092" lon="135.5104459170252">
        <ele>7.95</ele>
      </trkpt>
      <trkpt lat="34.657205902040005" lon="135.51050048321486">
        <ele>7.85</ele>
      </trkpt>
      <trkpt lat="34.65749683789909" lon="135.5105550494045">
        <ele>7.84</ele>
      </trkpt>
      <trkpt lat="34.657789953053" lon="135.51060995087028">
        <ele>7.85</ele>
      </trkpt>
      <trkpt lat="34.658057587221265" lon="135.51065085455775">
        <ele>7.91</ele>
      </trkpt>
      <trkpt lat="34.65832522138953" lon="135.51069175824523">
        <ele>8.03</ele>
      </trkpt>
      <trkpt lat="34.65859495103359" lon="135.51073299720883">
        <ele>8.09</ele>
      </trkpt>
      <trkpt lat="34.658885886892676" lon="135.5107508506626">
        <ele>8.03</ele>
      </trkpt>
      <trkpt lat="34.65917682275176" lon="135.51076870411634">
        <ele>8.05</ele>
      </trkpt>
      <trkpt lat="34.659467758610845" lon="135.5107865575701">
        <ele>8.12</ele>
      </trkpt>
      <trkpt lat="34.65975869446993" lon="135.5108044948429">
        <ele>8.18</ele>
      </trkpt>
      <trkpt lat="34.66004963032901" lon="135.51082234829664">
        <ele>8.18</ele>
      </trkpt>
      <trkpt lat="34.6603405661881" lon="135.5108402017504">
        <ele>8.16</ele>
      </trkpt>
      <trkpt lat="34.66063150204718" lon="135.51085805520415">
        <ele>8.33</ele>
      </trkpt>
      <trkpt lat="34.660922437906265" lon="135.51087599247694">
        <ele>8.56</ele>
      </trkpt>
      <trkpt lat="34.66121328994632" lon="135.5108938459307">
        <ele>8.74</ele>
      </trkpt>
      <trkpt lat="34.6615042258054" lon="135.51091169938445">
        <ele>8.86</ele>
      </trkpt>
      <trkpt lat="34.661795161664486" lon="135.5109295528382">
        <ele>9.15</ele>
      </trkpt>
      <trkpt lat="34.66208609752357" lon="135.510947490111">
        <ele>9.58</ele>
      </trkpt>
      <trkpt lat="34.6623869240284" lon="135.51096593029797">
        <ele>9.87</ele>
      </trkpt>
      <trkpt lat="34.66268087737262" lon="135.51099476404488">
        <ele>10.12</ele>
      </trkpt>
      <trkpt lat="34.66297483071685" lon="135.5110235977918">
        <ele>10.34</ele>
      </trkpt>
      <trkpt lat="34.663268784061074" lon="135.5110524315387">
        <ele>10.52</ele>
      </trkpt>
      <trkpt lat="34.6635627374053" lon="135.5110812652856">
        <ele>10.82</ele>
      </trkpt>
      <trkpt lat="34.663856606930494" lon="135.51111009903252">
        <ele>11.28</ele>
      </trkpt>
      <trkpt lat="34.66415056027472" lon="135.51113893277943">
        <ele>11.8</ele>
      </trkpt>
      <trkpt lat="34.664444513618946" lon="135.51116776652634">
        <ele>12.45</ele>
      </trkpt>
      <trkpt lat="34.66473846696317" lon="135.51119651645422">
        <ele>13.17</ele>
      </trkpt>
      <trkpt lat="34.665032336488366" lon="135.51122535020113">
        <ele>13.98</ele>
      </trkpt>
      <trkpt lat="34.66533391736448" lon="135.51125493831933">
        <ele>14.82</ele>
      </trkpt>
      <trkpt lat="34.665608424693346" lon="135.51128385588527">
        <ele>15.72</ele>
      </trkpt>
      <trkpt lat="34.665882932022214" lon="135.5113127734512">
        <ele>16.94</ele>
      </trkpt>
      <trkpt lat="34.66615743935108" lon="135.51134169101715">
        <ele>18.24</ele>
      </trkpt>
      <trkpt lat="34.66643194667995" lon="135.51137069240212">
        <ele>19.44</ele>
      </trkpt>
      <trkpt lat="34.66670997440815" lon="135.5113999452442">
        <ele>20.7</ele>
      </trkpt>
      <trkpt lat="34.66669924557209" lon="135.51177511923015">
        <ele>21.89</ele>
      </trkpt>
      <trkpt lat="34.666688432917" lon="135.5121502932161">
        <ele>23.04</ele>
      </trkpt>
      <trkpt lat="34.66667770408094" lon="135.51252546720207">
        <ele>24.17</ele>
      </trkpt>
      <trkpt lat="34.66666697524488" lon="135.51290064118803">
        <ele>25.16</ele>
      </trkpt>
      <trkpt lat="34.66665624640882" lon="135.51327581517398">
        <ele>26.11</ele>
      </trkpt>
      <trkpt lat="34.66664551757276" lon="135.51365098915994">
        <ele>27.32</ele>
      </trkpt>
      <trkpt lat="34.6666347887367" lon="135.5140261631459">
        <ele>28.49</ele>
      </trkpt>
      <trkpt lat="34.66662405990064" lon="135.51440133713186">
        <ele>29.54</ele>
      </trkpt>
      <trkpt lat="34.66661324724555" lon="135.51477651111782">
        <ele>30.54</ele>
      </trkpt>
      <trkpt lat="34.66660251840949" lon="135.51515168510377">
        <ele>31.43</ele>
      </trkpt>
      <trkpt lat="34.666591957211494" lon="135.51551898010075">
        <ele>32.27</ele>
      </trkpt>
      <trkpt lat="34.66654325835407" lon="135.5158835928887">
        <ele>33.21</ele>
      </trkpt>
      <trkpt lat="34.66649455949664" lon="135.5162482894957">
        <ele>33.98</ele>
      </trkpt>
      <trkpt lat="34.666445944458246" lon="135.51661290228367">
        <ele>34.65</ele>
      </trkpt>
      <trkpt lat="34.66639724560082" lon="135.51697759889066">
        <ele>35.1</ele>
      </trkpt>
      <trkpt lat="34.66634854674339" lon="135.51734229549766">
        <ele>35.43</ele>
      </trkpt>
      <trkpt lat="34.666299847885966" lon="135.51770690828562">
        <ele>35.68</ele>
      </trkpt>
      <trkpt lat="34.66625114902854" lon="135.5180716048926">
        <ele>35.91</ele>
      </trkpt>
      <trkpt lat="34.666202533990145" lon="135.51843621768057">
        <ele>36.34</ele>
      </trkpt>
      <trkpt lat="34.66615383513272" lon="135.51880091428757">
        <ele>36.57</ele>
      </trkpt>
      <trkpt lat="34.66610597446561" lon="135.51915898919106">
        <ele>36.12</ele>
      </trkpt>
      <trkpt lat="34.66581009328365" lon="135.51910869777203">
        <ele>36.01</ele>
      </trkpt>
      <trkpt lat="34.66551429592073" lon="135.519058406353">
        <ele>35.76</ele>
      </trkpt>
      <trkpt lat="34.665218414738774" lon="135.51900811493397">
        <ele>35.57</ele>
      </trkpt>
      <trkpt lat="34.66492253355682" lon="135.51895790733397">
        <ele>34.98</ele>
      </trkpt>
      <trkpt lat="34.66462296433747" lon="135.5189069453627">
        <ele>34.32</ele>
      </trkpt>
      <trkpt lat="34.66432398185134" lon="135.51888749934733">
        <ele>33.82</ele>
      </trkpt>
      <trkpt lat="34.66402499936521" lon="135.51886805333197">
        <ele>33.41</ele>
      </trkpt>
      <trkpt lat="34.66372601687908" lon="135.5188486073166">
        <ele>33.14</ele>
      </trkpt>
      <trkpt lat="34.66342393308878" lon="135.5188289936632">
        <ele>32.75</ele>
      </trkpt>
      <trkpt lat="34.66322494670749" lon="135.51883796229959">
        <ele>32.32</ele>
      </trkpt>
      <trkpt lat="34.66297063976526" lon="135.51880158483982">
        <ele>31.9</ele>
      </trkpt>
      <trkpt lat="34.66271499171853" lon="135.51876495592296">
        <ele>31.5</ele>
      </trkpt>
      <trkpt lat="34.66246931813657" lon="135.5187193583697">
        <ele>31.24</ele>
      </trkpt>
      <trkpt lat="34.66222372837365" lon="135.51867367699742">
        <ele>31.11</ele>
      </trkpt>
      <trkpt lat="34.66197805479169" lon="135.51862807944417">
        <ele>31.12</ele>
      </trkpt>
      <trkpt lat="34.66172995045781" lon="135.51858197897673">
        <ele>31.19</ele>
      </trkpt>
      <trkpt lat="34.66151780448854" lon="135.51853939890862">
        <ele>31.32</ele>
      </trkpt>
      <trkpt lat="34.66130565851927" lon="135.5184968188405">
        <ele>31.38</ele>
      </trkpt>
      <trkpt lat="34.661091919988394" lon="135.5184539873153">
        <ele>31.35</ele>
      </trkpt>
      <trkpt lat="34.66080106794834" lon="135.51840545609593">
        <ele>31.04</ele>
      </trkpt>
      <trkpt lat="34.66051013208926" lon="135.51835684105754">
        <ele>30.66</ele>
      </trkpt>
      <trkpt lat="34.66021693311632" lon="135.51830797456205">
        <ele>30.43</ele>
      </trkpt>
      <trkpt lat="34.66000319458544" lon="135.51826807670295">
        <ele>30.22</ele>
      </trkpt>
      <trkpt lat="34.65978937223554" lon="135.51822817884386">
        <ele>30.13</ele>
      </trkpt>
      <trkpt lat="34.65957395732403" lon="135.51818794570863">
        <ele>30.13</ele>
      </trkpt>
      <trkpt lat="34.65934814885259" lon="135.51814176142216">
        <ele>30.07</ele>
      </trkpt>
      <trkpt lat="34.65912242420018" lon="135.51809549331665">
        <ele>29.85</ele>
      </trkpt>
      <trkpt lat="34.6588949393481" lon="135.51804897375405">
        <ele>29.42</ele>
      </trkpt>
      <trkpt lat="34.65862160548568" lon="135.5179965030402">
        <ele>28.84</ele>
      </trkpt>
      <trkpt lat="34.658348355442286" lon="135.51794403232634">
        <ele>28.33</ele>
      </trkpt>
      <trkpt lat="34.65807502157986" lon="135.5178915616125">
        <ele>27.92</ele>
      </trkpt>
      <trkpt lat="34.65780168771744" lon="135.51783909089863">
        <ele>27.56</ele>
      </trkpt>
      <trkpt lat="34.65752491727471" lon="135.51778594963253">
        <ele>27.03</ele>
      </trkpt>
      <trkpt lat="34.65736138634384" lon="135.51775057800114">
        <ele>26.45</ele>
      </trkpt>
      <trkpt lat="34.65719693340361" lon="135.51771495491266">
        <ele>25.85</ele>
      </trkpt>
      <trkpt lat="34.6570919919759" lon="135.5176859535277">
        <ele>25.3</ele>
      </trkpt>
      <trkpt lat="34.65707195922732" lon="135.51779097877443">
        <ele>24.72</ele>
      </trkpt>
      <trkpt lat="34.65698294341564" lon="135.5179309565574">
        <ele>24.12</ele>
      </trkpt>
      <trkpt lat="34.65689493343234" lon="135.51811099983752">
        <ele>23.55</ele>
      </trkpt>
      <trkpt lat="34.65684992261231" lon="135.51820596680045">
        <ele>22.99</ele>
      </trkpt>
      <trkpt lat="34.65676493011415" lon="135.51843697205186">
        <ele>22.34</ele>
      </trkpt>
      <trkpt lat="34.656753949820995" lon="135.5185689870268">
        <ele>21.66</ele>
      </trkpt>
      <trkpt lat="34.65675797313452" lon="135.518698990345">
        <ele>21.05</ele>
      </trkpt>
      <trkpt lat="34.656751938164234" lon="135.51879194565117">
        <ele>20.47</ele>
      </trkpt>
      <trkpt lat="34.65672293677926" lon="135.51897693425417">
        <ele>19.9</ele>
      </trkpt>
      <trkpt lat="34.6566519420594" lon="135.51927692256868">
        <ele>19.47</ele>
      </trkpt>
      <trkpt lat="34.65656753629446" lon="135.51958973519504">
        <ele>19.14</ele>
      </trkpt>
      <trkpt lat="34.65648304671049" lon="135.5199025478214">
        <ele>18.74</ele>
      </trkpt>
      <trkpt lat="34.65639897622168" lon="135.52021393552423">
        <ele>18.28</ele>
      </trkpt>
      <trkpt lat="34.65628883801401" lon="135.5205706693232">
        <ele>17.66</ele>
      </trkpt>
      <trkpt lat="34.65617869980633" lon="135.5209274031222">
        <ele>17.09</ele>
      </trkpt>
      <trkpt lat="34.65606847777963" lon="135.52128413692117">
        <ele>16.57</ele>
      </trkpt>
      <trkpt lat="34.65595833957195" lon="135.52164095453918">
        <ele>16.15</ele>
      </trkpt>
      <trkpt lat="34.65584820136428" lon="135.52199768833816">
        <ele>15.84</ele>
      </trkpt>
      <trkpt lat="34.655738063156605" lon="135.52235442213714">
        <ele>15.63</ele>
      </trkpt>
      <trkpt lat="34.65562792494893" lon="135.52271115593612">
        <ele>15.67</ele>
      </trkpt>
      <trkpt lat="34.6555189602077" lon="135.5230639502406">
        <ele>15.45</ele>
      </trkpt>
      <trkpt lat="34.65541125275195" lon="135.52340785972774">
        <ele>15.05</ele>
      </trkpt>
      <trkpt lat="34.65530346147716" lon="135.52375168539584">
        <ele>14.6</ele>
      </trkpt>
      <trkpt lat="34.655195754021406" lon="135.52409551106393">
        <ele>14.17</ele>
      </trkpt>
      <trkpt lat="34.65508796274662" lon="135.52443942055106">
        <ele>13.78</ele>
      </trkpt>
      <trkpt lat="34.65498092584312" lon="135.5247809831053">
        <ele>13.39</ele>
      </trkpt>
      <trkpt lat="34.65491437353194" lon="135.52501282654703">
        <ele>13.11</ele>
      </trkpt>
      <trkpt lat="34.65484798885882" lon="135.5252439994365">
        <ele>12.85</ele>
      </trkpt>
      <trkpt lat="34.65477079153061" lon="135.52561355754733">
        <ele>12.69</ele>
      </trkpt>
      <trkpt lat="34.654693929478526" lon="135.52598194219172">
        <ele>12.61</ele>
      </trkpt>
      <trkpt lat="34.65463735163212" lon="135.52628645673394">
        <ele>12.39</ele>
      </trkpt>
      <trkpt lat="34.654580941423774" lon="135.52658996544778">
        <ele>12.02</ele>
      </trkpt>
      <trkpt lat="34.65453492477536" lon="135.52688693627715">
        <ele>11.52</ele>
      </trkpt>
      <trkpt lat="34.654522435739636" lon="135.5271725077182">
        <ele>11.03</ele>
      </trkpt>
      <trkpt lat="34.65450994670391" lon="135.52745698951185">
        <ele>10.54</ele>
      </trkpt>
      <trkpt lat="34.65450466610491" lon="135.52781992591918">
        <ele>10.08</ele>
      </trkpt>
      <trkpt lat="34.654499469324946" lon="135.5281828623265">
        <ele>9.63</ele>
      </trkpt>
      <trkpt lat="34.65449418872595" lon="135.52854579873383">
        <ele>9.23</ele>
      </trkpt>
      <trkpt lat="34.65448899194598" lon="135.5289059691131">
        <ele>8.88</ele>
      </trkpt>
      <trkpt lat="34.654480274766684" lon="135.52924929186702">
        <ele>8.53</ele>
      </trkpt>
      <trkpt lat="34.654471557587385" lon="135.52959261462092">
        <ele>8.17</ele>
      </trkpt>
      <trkpt lat="34.65446292422712" lon="135.52993392571807">
        <ele>7.86</ele>
      </trkpt>
      <trkpt lat="34.65444892644882" lon="135.53023600950837">
        <ele>7.63</ele>
      </trkpt>
      <trkpt lat="34.654434928670526" lon="135.53053691983223">
        <ele>7.43</ele>
      </trkpt>
      <trkpt lat="34.65441791340709" lon="135.53083799779415">
        <ele>7.19</ele>
      </trkpt>
      <trkpt lat="34.65440089814365" lon="135.53113907575607">
        <ele>6.92</ele>
      </trkpt>
      <trkpt lat="34.65438388288021" lon="135.531440153718">
        <ele>6.76</ele>
      </trkpt>
      <trkpt lat="34.654366951435804" lon="135.53173896856606">
        <ele>6.63</ele>
      </trkpt>
      <trkpt lat="34.65434239245951" lon="135.53210567682981">
        <ele>6.38</ele>
      </trkpt>
      <trkpt lat="34.65431783348322" lon="135.53247238509357">
        <ele>6.16</ele>
      </trkpt>
      <trkpt lat="34.65429335832596" lon="135.5328390095383">
        <ele>6.16</ele>
      </trkpt>
      <trkpt lat="34.654268799349666" lon="135.53320571780205">
        <ele>6.18</ele>
      </trkpt>
      <trkpt lat="34.65424424037337" lon="135.5335724260658">
        <ele>6.12</ele>
      </trkpt>
      <trkpt lat="34.65421968139708" lon="135.53393913432956">
        <ele>6.16</ele>
      </trkpt>
      <trkpt lat="34.65419520623982" lon="135.5343058425933">
        <ele>6.31</ele>
      </trkpt>
      <trkpt lat="34.65417064726353" lon="135.53467246703804">
        <ele>6.43</ele>
      </trkpt>
      <trkpt lat="34.654146088287234" lon="135.5350391753018">
        <ele>6.52</ele>
      </trkpt>
      <trkpt lat="34.6541219484061" lon="135.5353989265859">
        <ele>6.68</ele>
      </trkpt>
      <trkpt lat="34.654093869030476" lon="135.5357028543949">
        <ele>6.75</ele>
      </trkpt>
      <trkpt lat="34.65406587347388" lon="135.5360067822039">
        <ele>6.76</ele>
      </trkpt>
      <trkpt lat="34.65403796173632" lon="135.53630894981325">
        <ele>6.82</ele>
      </trkpt>
      <trkpt lat="34.6540046017617" lon="135.53664514794946">
        <ele>6.93</ele>
      </trkpt>
      <trkpt lat="34.653971241787076" lon="135.53698134608567">
        <ele>7.06</ele>
      </trkpt>
      <trkpt lat="34.65393788181245" lon="135.53731754422188">
        <ele>7.21</ele>
      </trkpt>
      <trkpt lat="34.65390460565686" lon="135.5376537423581">
        <ele>7.31</ele>
      </trkpt>
      <trkpt lat="34.65387124568224" lon="135.5379899404943">
        <ele>7.35</ele>
      </trkpt>
      <trkpt lat="34.65383788570762" lon="135.5383261386305">
        <ele>7.45</ele>
      </trkpt>
      <trkpt lat="34.65380494482815" lon="135.53865797817707">
        <ele>7.54</ele>
      </trkpt>
      <trkpt lat="34.653770914301276" lon="135.538977580145">
        <ele>7.66</ele>
      </trkpt>
      <trkpt lat="34.65373679995537" lon="135.5392970982939">
        <ele>7.76</ele>
      </trkpt>
      <trkpt lat="34.65370276942849" lon="135.53961670026183">
        <ele>7.81</ele>
      </trkpt>
      <trkpt lat="34.65366899035871" lon="135.53993395529687">
        <ele>7.78</ele>
      </trkpt>
      <trkpt lat="34.653658932074904" lon="135.539965974167">
        <ele>7.78</ele>
      </trkpt>
      <trkpt lat="34.653638983145356" lon="135.5401639547199">
        <ele>7.73</ele>
      </trkpt>
      <trkpt lat="34.65364099480212" lon="135.54019999690354">
        <ele>7.71</ele>
      </trkpt>
      <trkpt lat="34.653616938740015" lon="135.54050954058766">
        <ele>7.68</ele>
      </trkpt>
      <trkpt lat="34.653592966496944" lon="135.54081799462438">
        <ele>7.67</ele>
      </trkpt>
      <trkpt lat="34.65389488264918" lon="135.54086049087346">
        <ele>7.65</ele>
      </trkpt>
      <trkpt lat="34.65419671498239" lon="135.54090307094157">
        <ele>7.58</ele>
      </trkpt>
      <trkpt lat="34.65449863113463" lon="135.54094565100968">
        <ele>7.52</ele>
      </trkpt>
      <trkpt lat="34.65480054728687" lon="135.54098814725876">
        <ele>7.53</ele>
      </trkpt>
      <trkpt lat="34.655102379620075" lon="135.54103072732687">
        <ele>7.51</ele>
      </trkpt>
      <trkpt lat="34.655404295772314" lon="135.54107330739498">
        <ele>7.42</ele>
      </trkpt>
      <trkpt lat="34.65570621192455" lon="135.5411158874631">
        <ele>7.33</ele>
      </trkpt>
      <trkpt lat="34.65600804425776" lon="135.54115838371217">
        <ele>7.24</ele>
      </trkpt>
      <trkpt lat="34.65631691738963" lon="135.54120196960866">
        <ele>7.21</ele>
      </trkpt>
      <trkpt lat="34.65661606751382" lon="135.54124061018229">
        <ele>7.2</ele>
      </trkpt>
      <trkpt lat="34.656915133818984" lon="135.54127916693687">
        <ele>7.26</ele>
      </trkpt>
      <trkpt lat="34.657214200124145" lon="135.5413178075105">
        <ele>7.19</ele>
      </trkpt>
      <trkpt lat="34.657513266429305" lon="135.54135644808412">
        <ele>7.05</ele>
      </trkpt>
      <trkpt lat="34.6578124165535" lon="135.5413950048387">
        <ele>7.03</ele>
      </trkpt>
      <trkpt lat="34.65811148285866" lon="135.54143364541233">
        <ele>6.99</ele>
      </trkpt>
      <trkpt lat="34.65841599740088" lon="135.5414729565382">
        <ele>7.07</ele>
      </trkpt>
      <trkpt lat="34.65871539898217" lon="135.54151486605406">
        <ele>7.12</ele>
      </trkpt>
      <trkpt lat="34.659014800563455" lon="135.54155677556992">
        <ele>7.2</ele>
      </trkpt>
      <trkpt lat="34.659314285963774" lon="135.54159860126674">
        <ele>7.36</ele>
      </trkpt>
      <trkpt lat="34.65961368754506" lon="135.5416405107826">
        <ele>7.54</ele>
      </trkpt>
      <trkpt lat="34.65991308912635" lon="135.54168242029846">
        <ele>7.71</ele>
      </trkpt>
      <trkpt lat="34.66021257452667" lon="135.54172432981431">
        <ele>7.8</ele>
      </trkpt>
      <trkpt lat="34.660511976107955" lon="135.54176623933017">
        <ele>7.89</ele>
      </trkpt>
      <trkpt lat="34.66081137768924" lon="135.541808065027">
        <ele>8.12</ele>
      </trkpt>
      <trkpt lat="34.66111086308956" lon="135.54184997454286">
        <ele>8.38</ele>
      </trkpt>
      <trkpt lat="34.66141797602177" lon="135.54189297370613">
        <ele>8.62</ele>
      </trkpt>
      <trkpt lat="34.661637749522924" lon="135.54191954433918">
        <ele>8.86</ele>
      </trkpt>
      <trkpt lat="34.66185752302408" lon="135.54194611497223">
        <ele>9.06</ele>
      </trkpt>
      <trkpt lat="34.662078972905874" lon="135.54197293706238">
        <ele>9.23</ele>
      </trkpt>
      <trkpt lat="34.66238717548549" lon="135.54201853461564">
        <ele>9.43</ele>
      </trkpt>
      <trkpt lat="34.66269537806511" lon="135.54206404834986">
        <ele>9.64</ele>
      </trkpt>
      <trkpt lat="34.663005927577615" lon="135.54210998117924">
        <ele>9.84</ele>
      </trkpt>
      <trkpt lat="34.663296192884445" lon="135.54214568808675">
        <ele>9.84</ele>
      </trkpt>
      <trkpt lat="34.663586458191276" lon="135.5421814788133">
        <ele>9.8</ele>
      </trkpt>
      <trkpt lat="34.663876723498106" lon="135.5422171857208">
        <ele>9.73</ele>
      </trkpt>
      <trkpt lat="34.664166988804936" lon="135.5422528926283">
        <ele>9.71</ele>
      </trkpt>
      <trkpt lat="34.664457170292735" lon="135.54228868335485">
        <ele>9.78</ele>
      </trkpt>
      <trkpt lat="34.66475196182728" lon="135.5423249769956">
        <ele>9.72</ele>
      </trkpt>
      <trkpt lat="34.66501012444496" lon="135.54236127063632">
        <ele>9.7</ele>
      </trkpt>
      <trkpt lat="34.66526820324361" lon="135.54239756427705">
        <ele>9.87</ele>
      </trkpt>
      <trkpt lat="34.6655263658613" lon="135.54243385791779">
        <ele>10.04</ele>
      </trkpt>
      <trkpt lat="34.66578452847898" lon="135.54247015155852">
        <ele>10.05</ele>
      </trkpt>
      <trkpt lat="34.6660459600389" lon="135.54250694811344">
        <ele>9.89</ele>
      </trkpt>
      <trkpt lat="34.66635290533304" lon="135.54254785180092">
        <ele>9.53</ele>
      </trkpt>
      <trkpt lat="34.666659850627184" lon="135.5425887554884">
        <ele>9.21</ele>
      </trkpt>
      <trkpt lat="34.666966795921326" lon="135.54262965917587">
        <ele>9.11</ele>
      </trkpt>
      <trkpt lat="34.66727692633867" lon="135.5426709819585">
        <ele>9.03</ele>
      </trkpt>
      <trkpt lat="34.66756274923682" lon="135.5427143163979">
        <ele>8.85</ele>
      </trkpt>
      <trkpt lat="34.66784999705851" lon="135.54275798611343">
        <ele>8.6</ele>
      </trkpt>
      <trkpt lat="34.6681322157383" lon="135.54279486648738">
        <ele>8.27</ele>
      </trkpt>
      <trkpt lat="34.668414518237114" lon="135.54283174686134">
        <ele>7.8</ele>
      </trkpt>
      <trkpt lat="34.6686967369169" lon="135.54286871105433">
        <ele>7.34</ele>
      </trkpt>
      <trkpt lat="34.66898197308183" lon="135.5429059267044">
        <ele>7.05</ele>
      </trkpt>
      <trkpt lat="34.66908993199468" lon="135.5429249536246">
        <ele>6.78</ele>
      </trkpt>
      <trkpt lat="34.6693822927773" lon="135.5429627560079">
        <ele>6.49</ele>
      </trkpt>
      <trkpt lat="34.669674737378955" lon="135.54300047457218">
        <ele>6.22</ele>
      </trkpt>
      <trkpt lat="34.66996709816158" lon="135.54303827695549">
        <ele>5.96</ele>
      </trkpt>
      <trkpt lat="34.6702594589442" lon="135.5430760793388">
        <ele>5.71</ele>
      </trkpt>
      <trkpt lat="34.670551819726825" lon="135.5431138817221">
        <ele>5.52</ele>
      </trkpt>
      <trkpt lat="34.67084418050945" lon="135.54315160028636">
        <ele>5.28</ele>
      </trkpt>
      <trkpt lat="34.67113654129207" lon="135.54318940266967">
        <ele>5.03</ele>
      </trkpt>
      <trkpt lat="34.67143493704498" lon="135.54322795942426">
        <ele>4.93</ele>
      </trkpt>
      <trkpt lat="34.67172972857952" lon="135.54327263496816">
        <ele>4.68</ele>
      </trkpt>
      <trkpt lat="34.67202443629503" lon="135.54331722669303">
        <ele>4.47</ele>
      </trkpt>
      <trkpt lat="34.672319227829576" lon="135.54336190223694">
        <ele>4.39</ele>
      </trkpt>
      <trkpt lat="34.67261695303023" lon="135.543406996876">
        <ele>4.36</ele>
      </trkpt>
      <trkpt lat="34.67286069877446" lon="135.54344119504094">
        <ele>4.37</ele>
      </trkpt>
      <trkpt lat="34.673104360699654" lon="135.5434754770249">
        <ele>4.46</ele>
      </trkpt>
      <trkpt lat="34.67334995046258" lon="135.54350992664695">
        <ele>4.51</ele>
      </trkpt>
      <trkpt lat="34.6736029163003" lon="135.54353892803192">
        <ele>4.56</ele>
      </trkpt>
      <trkpt lat="34.673863258212805" lon="135.54357622750103">
        <ele>4.63</ele>
      </trkpt>
      <trkpt lat="34.67412360012531" lon="135.54361344315112">
        <ele>4.75</ele>
      </trkpt>
      <trkpt lat="34.67438595369458" lon="135.54365099407732">
        <ele>4.95</ele>
      </trkpt>
      <trkpt lat="34.674656270071864" lon="135.54368142038584">
        <ele>5.2</ele>
      </trkpt>
      <trkpt lat="34.674927927553654" lon="135.54371193051338">
        <ele>5.53</ele>
      </trkpt>
      <trkpt lat="34.67517561279237" lon="135.5437503196299">
        <ele>5.85</ele>
      </trkpt>
      <trkpt lat="34.67542321421206" lon="135.54378879256546">
        <ele>6.02</ele>
      </trkpt>
      <trkpt lat="34.67567081563175" lon="135.543827181682">
        <ele>6.2</ele>
      </trkpt>
      <trkpt lat="34.675920931622386" lon="135.54386598989367">
        <ele>6.42</ele>
      </trkpt>
      <trkpt lat="34.67622268013656" lon="135.54390362463892">
        <ele>6.61</ele>
      </trkpt>
      <trkpt lat="34.67652442865074" lon="135.54394125938416">
        <ele>6.84</ele>
      </trkpt>
      <trkpt lat="34.67682609334588" lon="135.5439788941294">
        <ele>7.1</ele>
      </trkpt>
      <trkpt lat="34.67713094316423" lon="135.5440169479698">
        <ele>7.31</ele>
      </trkpt>
      <trkpt lat="34.677388267591596" lon="135.5440563429147">
        <ele>7.48</ele>
      </trkpt>
      <trkpt lat="34.67764693312347" lon="135.5440959893167">
        <ele>7.71</ele>
      </trkpt>
      <trkpt lat="34.677898306399584" lon="135.54412490688264">
        <ele>7.93</ele>
      </trkpt>
      <trkpt lat="34.678150936961174" lon="135.54415399208665">
        <ele>8.13</ele>
      </trkpt>
      <trkpt lat="34.678421253338456" lon="135.54418886080384">
        <ele>8.15</ele>
      </trkpt>
      <trkpt lat="34.67869156971574" lon="135.54422381334007">
        <ele>7.97</ele>
      </trkpt>
      <trkpt lat="34.67896188609302" lon="135.54425868205726">
        <ele>7.79</ele>
      </trkpt>
      <trkpt lat="34.67923496849835" lon="135.5442939698696">
        <ele>7.79</ele>
      </trkpt>
      <trkpt lat="34.679511822760105" lon="135.5443330295384">
        <ele>7.9</ele>
      </trkpt>
      <trkpt lat="34.67978876084089" lon="135.5443721730262">
        <ele>7.94</ele>
      </trkpt>
      <trkpt lat="34.68006561510265" lon="135.54441123269498">
        <ele>7.91</ele>
      </trkpt>
      <trkpt lat="34.680342553183436" lon="135.5444503761828">
        <ele>7.84</ele>
      </trkpt>
      <trkpt lat="34.680622927844524" lon="135.54448993876576">
        <ele>7.79</ele>
      </trkpt>
      <trkpt lat="34.68085099942982" lon="135.54453193210065">
        <ele>7.72</ele>
      </trkpt>
      <trkpt lat="34.681153669953346" lon="135.5445711594075">
        <ele>7.55</ele>
      </trkpt>
      <trkpt lat="34.6814564242959" lon="135.54461038671434">
        <ele>7.33</ele>
      </trkpt>
      <trkpt lat="34.68175909481943" lon="135.54464961402118">
        <ele>7.15</ele>
      </trkpt>
      <trkpt lat="34.68206184916198" lon="135.54468892514706">
        <ele>6.91</ele>
      </trkpt>
      <trkpt lat="34.68236451968551" lon="135.5447281524539">
        <ele>6.66</ele>
      </trkpt>
      <trkpt lat="34.68267196789384" lon="135.54476796649396">
        <ele>6.42</ele>
      </trkpt>
      <trkpt lat="34.68293574638665" lon="135.54481280967593">
        <ele>6.21</ele>
      </trkpt>
      <trkpt lat="34.683200949802995" lon="135.54485798813403">
        <ele>6.02</ele>
      </trkpt>
      <trkpt lat="34.6834477968514" lon="135.5448793619871">
        <ele>5.81</ele>
      </trkpt>
      <trkpt lat="34.683695985004306" lon="135.5449009872973">
        <ele>5.64</ele>
      </trkpt>
      <trkpt lat="34.68379698693752" lon="135.54492093622684">
        <ele>5.53</ele>
      </trkpt>
      <trkpt lat="34.684000918641686" lon="135.54494398646057">
        <ele>5.44</ele>
      </trkpt>
      <trkpt lat="34.684280874207616" lon="135.54499050602317">
        <ele>5.38</ele>
      </trkpt>
      <trkpt lat="34.684560829773545" lon="135.54503702558577">
        <ele>5.34</ele>
      </trkpt>
      <trkpt lat="34.6848429646343" lon="135.54508396424353">
        <ele>5.37</ele>
      </trkpt>
      <trkpt lat="34.685089979320765" lon="135.5451079364866">
        <ele>5.41</ele>
      </trkpt>
      <trkpt lat="34.68536297790706" lon="135.5451441463083">
        <ele>5.43</ele>
      </trkpt>
      <trkpt lat="34.68563606031239" lon="135.54518027231097">
        <ele>5.49</ele>
      </trkpt>
      <trkpt lat="34.68590905889869" lon="135.54521639831364">
        <ele>5.57</ele>
      </trkpt>
      <trkpt lat="34.686184991151094" lon="135.54525294341147">
        <ele>5.57</ele>
      </trkpt>
      <trkpt lat="34.68647550791502" lon="135.54529250599444">
        <ele>5.61</ele>
      </trkpt>
      <trkpt lat="34.68676610849798" lon="135.5453320685774">
        <ele>5.47</ele>
      </trkpt>
      <trkpt lat="34.687056709080935" lon="135.54537163116038">
        <ele>5.33</ele>
      </trkpt>
      <trkpt lat="34.68734730966389" lon="135.54541119374335">
        <ele>5.39</ele>
      </trkpt>
      <trkpt lat="34.68763791024685" lon="135.54545075632632">
        <ele>5.42</ele>
      </trkpt>
      <trkpt lat="34.68793295323849" lon="135.54549098946154">
        <ele>5.37</ele>
      </trkpt>
      <trkpt lat="34.68821123242378" lon="135.5455241817981">
        <ele>5.32</ele>
      </trkpt>
      <trkpt lat="34.68848951160908" lon="135.5455574579537">
        <ele>5.29</ele>
      </trkpt>
      <trkpt lat="34.6887699700892" lon="135.54559098556638">
        <ele>5.35</ele>
      </trkpt>
      <trkpt lat="34.68907121568918" lon="135.54563348181546">
        <ele>5.39</ele>
      </trkpt>
      <trkpt lat="34.689372377470136" lon="135.54567597806454">
        <ele>5.32</ele>
      </trkpt>
      <trkpt lat="34.68967362307012" lon="135.54571839049459">
        <ele>5.14</ele>
      </trkpt>
      <trkpt lat="34.689974868670106" lon="135.54576088674366">
        <ele>5.04</ele>
      </trkpt>
      <trkpt lat="34.69027996994555" lon="135.54580396972597">
        <ele>4.98</ele>
      </trkpt>
      <trkpt lat="34.69058741815388" lon="135.54584428668022">
        <ele>4.99</ele>
      </trkpt>
      <trkpt lat="34.69089478254318" lon="135.54588460363448">
        <ele>4.95</ele>
      </trkpt>
      <trkpt lat="34.691202230751514" lon="135.54592500440776">
        <ele>4.89</ele>
      </trkpt>
      <trkpt lat="34.69150967895985" lon="135.54596532136202">
        <ele>4.84</ele>
      </trkpt>
      <trkpt lat="34.69181712716818" lon="135.54600563831627">
        <ele>4.85</ele>
      </trkpt>
      <trkpt lat="34.69212457537651" lon="135.54604595527053">
        <ele>4.73</ele>
      </trkpt>
      <trkpt lat="34.69243193976581" lon="135.54608635604382">
        <ele>4.58</ele>
      </trkpt>
      <trkpt lat="34.69273938797414" lon="135.54612667299807">
        <ele>4.4</ele>
      </trkpt>
      <trkpt lat="34.69305396080017" lon="135.5461679957807">
        <ele>4.23</ele>
      </trkpt>
      <trkpt lat="34.693277925252914" lon="135.5461679957807">
        <ele>4.08</ele>
      </trkpt>
      <trkpt lat="34.6933719702065" lon="135.54618794471025">
        <ele>3.91</ele>
      </trkpt>
      <trkpt lat="34.69358587637544" lon="135.5461904592812">
        <ele>3.75</ele>
      </trkpt>
      <trkpt lat="34.69380095601082" lon="135.54619297385216">
        <ele>3.56</ele>
      </trkpt>
      <trkpt lat="34.693806655704975" lon="135.54589306935668">
        <ele>3.25</ele>
      </trkpt>
      <trkpt lat="34.69381235539913" lon="135.5455931648612">
        <ele>3.01</ele>
      </trkpt>
      <trkpt lat="34.69381797127426" lon="135.54529493674636">
        <ele>2.86</ele>
      </trkpt>
      <trkpt lat="34.69379919581115" lon="135.5449445731938">
        <ele>2.78</ele>
      </trkpt>
      <trkpt lat="34.69378042034805" lon="135.5445941258222">
        <ele>2.65</ele>
      </trkpt>
      <trkpt lat="34.693761644884944" lon="135.54424367845058">
        <ele>2.59</ele>
      </trkpt>
      <trkpt lat="34.69374295324087" lon="135.54389599710703">
        <ele>2.55</ele>
      </trkpt>
      <trkpt lat="34.693707916885614" lon="135.54354035295546">
        <ele>2.5</ele>
      </trkpt>
      <trkpt lat="34.69367288053036" lon="135.54318479262292">
        <ele>2.48</ele>
      </trkpt>
      <trkpt lat="34.69363776035607" lon="135.5428292322904">
        <ele>2.53</ele>
      </trkpt>
      <trkpt lat="34.69360272400081" lon="135.54247358813882">
        <ele>2.56</ele>
      </trkpt>
      <trkpt lat="34.693567687645555" lon="135.54211802780628">
        <ele>2.59</ele>
      </trkpt>
      <trkpt lat="34.693532567471266" lon="135.54176246747375">
        <ele>2.64</ele>
      </trkpt>
      <trkpt lat="34.69349753111601" lon="135.54140682332218">
        <ele>2.72</ele>
      </trkpt>
      <trkpt lat="34.69346249476075" lon="135.54105126298964">
        <ele>2.97</ele>
      </trkpt>
      <trkpt lat="34.693427458405495" lon="135.5406957026571">
        <ele>3.39</ele>
      </trkpt>
      <trkpt lat="34.693392338231206" lon="135.54034014232457">
        <ele>3.99</ele>
      </trkpt>
      <trkpt lat="34.69335730187595" lon="135.539984498173">
        <ele>4.39</ele>
      </trkpt>
      <trkpt lat="34.69332226552069" lon="135.53962893784046">
        <ele>4.72</ele>
      </trkpt>
      <trkpt lat="34.69328798353672" lon="135.53928192704916">
        <ele>5.34</ele>
      </trkpt>
      <trkpt lat="34.69325722195208" lon="135.53899912163615">
        <ele>5.96</ele>
      </trkpt>
      <trkpt lat="34.69322654418647" lon="135.5387162324041">
        <ele>6.46</ele>
      </trkpt>
      <trkpt lat="34.6931959502399" lon="135.53843493573368">
        <ele>6.97</ele>
      </trkpt>
      <trkpt lat="34.69305924139917" lon="135.53809161297977">
        <ele>7.62</ele>
      </trkpt>
      <trkpt lat="34.69292244873941" lon="135.53774820640683">
        <ele>8.47</ele>
      </trkpt>
      <trkpt lat="34.69278573989868" lon="135.53740488365293">
        <ele>9.48</ele>
      </trkpt>
      <trkpt lat="34.69264894723892" lon="135.53706147708">
        <ele>10.61</ele>
      </trkpt>
      <trkpt lat="34.69251299276948" lon="135.53671999834478">
        <ele>11.43</ele>
      </trkpt>
      <trkpt lat="34.692496648058295" lon="135.5363568942994">
        <ele>12.12</ele>
      </trkpt>
      <trkpt lat="34.69248038716614" lon="135.535993790254">
        <ele>12.96</ele>
      </trkpt>
      <trkpt lat="34.69246412627399" lon="135.5356306862086">
        <ele>13.72</ele>
      </trkpt>
      <trkpt lat="34.69244786538184" lon="135.53526758216321">
        <ele>14.67</ele>
      </trkpt>
      <trkpt lat="34.692431604489684" lon="135.53490447811782">
        <ele>15.84</ele>
      </trkpt>
      <trkpt lat="34.69241534359753" lon="135.53454137407243">
        <ele>17.1</ele>
      </trkpt>
      <trkpt lat="34.69239908270538" lon="135.53417827002704">
        <ele>17.26</ele>
      </trkpt>
      <trkpt lat="34.692382821813226" lon="135.53381516598165">
        <ele>17.09</ele>
      </trkpt>
      <trkpt lat="34.69236656092107" lon="135.5334521457553">
        <ele>17.25</ele>
      </trkpt>
      <trkpt lat="34.69235021620989" lon="135.5330890417099">
        <ele>17.21</ele>
      </trkpt>
      <trkpt lat="34.692333955317736" lon="135.5327259376645">
        <ele>17.34</ele>
      </trkpt>
      <trkpt lat="34.69231769442558" lon="135.53236283361912">
        <ele>17.0</ele>
      </trkpt>
      <trkpt lat="34.69230143353343" lon="135.53199972957373">
        <ele>16.3</ele>
      </trkpt>
      <trkpt lat="34.69228517264128" lon="135.53163662552834">
        <ele>15.4</ele>
      </trkpt>
      <trkpt lat="34.692268911749125" lon="135.53127352148294">
        <ele>14.63</ele>
      </trkpt>
      <trkpt lat="34.69225265085697" lon="135.53091041743755">
        <ele>14.19</ele>
      </trkpt>
      <trkpt lat="34.69223638996482" lon="135.5305473972112">
        <ele>14.09</ele>
      </trkpt>
      <trkpt lat="34.692220045253634" lon="135.5301842931658">
        <ele>13.87</ele>
      </trkpt>
      <trkpt lat="34.69220378436148" lon="135.5298211891204">
        <ele>13.23</ele>
      </trkpt>
      <trkpt lat="34.69218794256449" lon="135.52947199903429">
        <ele>12.16</ele>
      </trkpt>
      <trkpt lat="34.691953752189875" lon="135.52922749891877">
        <ele>11.13</ele>
      </trkpt>
      <trkpt lat="34.691719645634294" lon="135.52898299880326">
        <ele>9.96</ele>
      </trkpt>
      <trkpt lat="34.69148495234549" lon="135.52873799577355">
        <ele>8.6</ele>
      </trkpt>
      <trkpt lat="34.69144840724766" lon="135.5285195633769">
        <ele>7.51</ele>
      </trkpt>
      <trkpt lat="34.691411945968866" lon="135.52830196917057">
        <ele>6.5</ele>
      </trkpt>
      <trkpt lat="34.69131790101528" lon="135.5280787590891">
        <ele>5.45</ele>
      </trkpt>
      <trkpt lat="34.69122393988073" lon="135.5278559681028">
        <ele>4.49</ele>
      </trkpt>
      <trkpt lat="34.690977428108454" lon="135.5277108773589">
        <ele>3.77</ele>
      </trkpt>
      <trkpt lat="34.69073083251715" lon="135.527565786615">
        <ele>3.42</ele>
      </trkpt>
      <trkpt lat="34.690482979640365" lon="135.52741994149983">
        <ele>3.27</ele>
      </trkpt>
      <trkpt lat="34.69026052393019" lon="135.5276497732848">
        <ele>2.98</ele>
      </trkpt>
      <trkpt lat="34.69003806822002" lon="135.52787960506976">
        <ele>2.7</ele>
      </trkpt>
      <trkpt lat="34.68981561250985" lon="135.52810943685472">
        <ele>2.98</ele>
      </trkpt>
      <trkpt lat="34.689593156799674" lon="135.52833935245872">
        <ele>4.34</ele>
      </trkpt>
      <trkpt lat="34.689369946718216" lon="135.52856993861496">
        <ele>5.48</ele>
      </trkpt>
      <trkpt lat="34.689145144075155" lon="135.52879851311445">
        <ele>5.8</ele>
      </trkpt>
      <trkpt lat="34.68892025761306" lon="135.52902708761394">
        <ele>6.05</ele>
      </trkpt>
      <trkpt lat="34.68869545497" lon="135.52925566211343">
        <ele>6.56</ele>
      </trkpt>
      <trkpt lat="34.68846998177469" lon="135.5294849909842">
        <ele>6.85</ele>
      </trkpt>
    </trkseg>
  </trk>
</gpx>
