<?xml version="1.0" encoding="UTF-8"?>
<gpx version="1.1" creator="Runruun Standard GPX Engine" xmlns="http://www.topografix.com/GPX/1/1">
  <metadata>
    <name>k_starun_andong</name>
  </metadata>
  <trk>
    <name>k_starun_andong</name>
    <trkseg>
      <trkpt lat="36.559480" lon="128.730712">
        <ele>96.0</ele>
      </trkpt>
      <trkpt lat="36.559519" lon="128.730697">
        <ele>95.5</ele>
      </trkpt>
      <trkpt lat="36.559513" lon="128.730642">
        <ele>95.6</ele>
      </trkpt>
      <trkpt lat="36.559506" lon="128.730586">
        <ele>95.8</ele>
      </trkpt>
      <trkpt lat="36.559499" lon="128.730531">
        <ele>95.9</ele>
      </trkpt>
      <trkpt lat="36.559493" lon="128.730476">
        <ele>96.0</ele>
      </trkpt>
      <trkpt lat="36.559486" lon="128.730420">
        <ele>96.2</ele>
      </trkpt>
      <trkpt lat="36.559479" lon="128.730365">
        <ele>96.3</ele>
      </trkpt>
      <trkpt lat="36.559473" lon="128.730310">
        <ele>96.4</ele>
      </trkpt>
      <trkpt lat="36.559466" lon="128.730254">
        <ele>96.5</ele>
      </trkpt>
      <trkpt lat="36.559459" lon="128.730199">
        <ele>96.7</ele>
      </trkpt>
      <trkpt lat="36.559453" lon="128.730144">
        <ele>96.8</ele>
      </trkpt>
      <trkpt lat="36.559446" lon="128.730088">
        <ele>96.8</ele>
      </trkpt>
      <trkpt lat="36.559439" lon="128.730033">
        <ele>96.9</ele>
      </trkpt>
      <trkpt lat="36.559433" lon="128.729977">
        <ele>96.9</ele>
      </trkpt>
      <trkpt lat="36.559426" lon="128.729922">
        <ele>96.9</ele>
      </trkpt>
      <trkpt lat="36.559419" lon="128.729867">
        <ele>96.9</ele>
      </trkpt>
      <trkpt lat="36.559413" lon="128.729811">
        <ele>97.0</ele>
      </trkpt>
      <trkpt lat="36.559406" lon="128.729756">
        <ele>97.0</ele>
      </trkpt>
      <trkpt lat="36.559399" lon="128.729701">
        <ele>97.0</ele>
      </trkpt>
      <trkpt lat="36.559393" lon="128.729645">
        <ele>97.1</ele>
      </trkpt>
      <trkpt lat="36.559386" lon="128.729590">
        <ele>97.1</ele>
      </trkpt>
      <trkpt lat="36.559380" lon="128.729534">
        <ele>97.1</ele>
      </trkpt>
      <trkpt lat="36.559373" lon="128.729479">
        <ele>97.2</ele>
      </trkpt>
      <trkpt lat="36.559366" lon="128.729424">
        <ele>97.2</ele>
      </trkpt>
      <trkpt lat="36.559360" lon="128.729368">
        <ele>97.2</ele>
      </trkpt>
      <trkpt lat="36.559353" lon="128.729313">
        <ele>97.2</ele>
      </trkpt>
      <trkpt lat="36.559346" lon="128.729258">
        <ele>97.3</ele>
      </trkpt>
      <trkpt lat="36.559340" lon="128.729202">
        <ele>97.3</ele>
      </trkpt>
      <trkpt lat="36.559333" lon="128.729147">
        <ele>97.3</ele>
      </trkpt>
      <trkpt lat="36.559326" lon="128.729092">
        <ele>97.4</ele>
      </trkpt>
      <trkpt lat="36.559320" lon="128.729036">
        <ele>97.4</ele>
      </trkpt>
      <trkpt lat="36.559313" lon="128.728981">
        <ele>97.4</ele>
      </trkpt>
      <trkpt lat="36.559306" lon="128.728925">
        <ele>97.4</ele>
      </trkpt>
      <trkpt lat="36.559300" lon="128.728870">
        <ele>97.5</ele>
      </trkpt>
      <trkpt lat="36.559293" lon="128.728815">
        <ele>97.5</ele>
      </trkpt>
      <trkpt lat="36.559287" lon="128.728759">
        <ele>97.5</ele>
      </trkpt>
      <trkpt lat="36.559280" lon="128.728704">
        <ele>97.6</ele>
      </trkpt>
      <trkpt lat="36.559273" lon="128.728649">
        <ele>97.6</ele>
      </trkpt>
      <trkpt lat="36.559267" lon="128.728593">
        <ele>97.6</ele>
      </trkpt>
      <trkpt lat="36.559260" lon="128.728538">
        <ele>97.6</ele>
      </trkpt>
      <trkpt lat="36.559253" lon="128.728483">
        <ele>97.7</ele>
      </trkpt>
      <trkpt lat="36.559247" lon="128.728427">
        <ele>97.7</ele>
      </trkpt>
      <trkpt lat="36.559240" lon="128.728372">
        <ele>97.7</ele>
      </trkpt>
      <trkpt lat="36.559233" lon="128.728316">
        <ele>97.8</ele>
      </trkpt>
      <trkpt lat="36.559227" lon="128.728261">
        <ele>97.8</ele>
      </trkpt>
      <trkpt lat="36.559220" lon="128.728206">
        <ele>97.8</ele>
      </trkpt>
      <trkpt lat="36.559214" lon="128.728150">
        <ele>97.9</ele>
      </trkpt>
      <trkpt lat="36.559207" lon="128.728095">
        <ele>97.9</ele>
      </trkpt>
      <trkpt lat="36.559200" lon="128.728040">
        <ele>97.9</ele>
      </trkpt>
      <trkpt lat="36.559194" lon="128.727984">
        <ele>97.9</ele>
      </trkpt>
      <trkpt lat="36.559187" lon="128.727929">
        <ele>98.0</ele>
      </trkpt>
      <trkpt lat="36.559180" lon="128.727873">
        <ele>98.0</ele>
      </trkpt>
      <trkpt lat="36.559174" lon="128.727818">
        <ele>98.0</ele>
      </trkpt>
      <trkpt lat="36.559167" lon="128.727763">
        <ele>98.1</ele>
      </trkpt>
      <trkpt lat="36.559160" lon="128.727707">
        <ele>98.1</ele>
      </trkpt>
      <trkpt lat="36.559154" lon="128.727652">
        <ele>98.1</ele>
      </trkpt>
      <trkpt lat="36.559147" lon="128.727597">
        <ele>98.1</ele>
      </trkpt>
      <trkpt lat="36.559140" lon="128.727541">
        <ele>98.2</ele>
      </trkpt>
      <trkpt lat="36.559134" lon="128.727486">
        <ele>98.2</ele>
      </trkpt>
      <trkpt lat="36.559127" lon="128.727431">
        <ele>98.2</ele>
      </trkpt>
      <trkpt lat="36.559121" lon="128.727375">
        <ele>98.3</ele>
      </trkpt>
      <trkpt lat="36.559114" lon="128.727320">
        <ele>98.3</ele>
      </trkpt>
      <trkpt lat="36.559107" lon="128.727264">
        <ele>98.4</ele>
      </trkpt>
      <trkpt lat="36.559100" lon="128.727209">
        <ele>98.6</ele>
      </trkpt>
      <trkpt lat="36.559093" lon="128.727154">
        <ele>98.7</ele>
      </trkpt>
      <trkpt lat="36.559086" lon="128.727099">
        <ele>98.9</ele>
      </trkpt>
      <trkpt lat="36.559079" lon="128.727043">
        <ele>99.0</ele>
      </trkpt>
      <trkpt lat="36.559072" lon="128.726988">
        <ele>99.2</ele>
      </trkpt>
      <trkpt lat="36.559065" lon="128.726933">
        <ele>99.3</ele>
      </trkpt>
      <trkpt lat="36.559057" lon="128.726877">
        <ele>99.5</ele>
      </trkpt>
      <trkpt lat="36.559050" lon="128.726822">
        <ele>99.6</ele>
      </trkpt>
      <trkpt lat="36.559043" lon="128.726767">
        <ele>99.8</ele>
      </trkpt>
      <trkpt lat="36.559037" lon="128.726712">
        <ele>99.7</ele>
      </trkpt>
      <trkpt lat="36.559031" lon="128.726656">
        <ele>99.7</ele>
      </trkpt>
      <trkpt lat="36.559024" lon="128.726601">
        <ele>99.6</ele>
      </trkpt>
      <trkpt lat="36.559018" lon="128.726545">
        <ele>99.5</ele>
      </trkpt>
      <trkpt lat="36.559011" lon="128.726490">
        <ele>99.3</ele>
      </trkpt>
      <trkpt lat="36.559005" lon="128.726434">
        <ele>99.1</ele>
      </trkpt>
      <trkpt lat="36.558998" lon="128.726379">
        <ele>98.9</ele>
      </trkpt>
      <trkpt lat="36.558994" lon="128.726334">
        <ele>98.2</ele>
      </trkpt>
      <trkpt lat="36.558986" lon="128.726280">
        <ele>98.5</ele>
      </trkpt>
      <trkpt lat="36.558980" lon="128.726225">
        <ele>98.5</ele>
      </trkpt>
      <trkpt lat="36.558973" lon="128.726170">
        <ele>98.5</ele>
      </trkpt>
      <trkpt lat="36.558966" lon="128.726114">
        <ele>98.5</ele>
      </trkpt>
      <trkpt lat="36.558959" lon="128.726059">
        <ele>98.4</ele>
      </trkpt>
      <trkpt lat="36.558952" lon="128.726004">
        <ele>98.4</ele>
      </trkpt>
      <trkpt lat="36.558945" lon="128.725948">
        <ele>98.4</ele>
      </trkpt>
      <trkpt lat="36.558939" lon="128.725893">
        <ele>98.4</ele>
      </trkpt>
      <trkpt lat="36.558932" lon="128.725838">
        <ele>98.4</ele>
      </trkpt>
      <trkpt lat="36.558925" lon="128.725782">
        <ele>98.4</ele>
      </trkpt>
      <trkpt lat="36.558918" lon="128.725727">
        <ele>98.4</ele>
      </trkpt>
      <trkpt lat="36.558911" lon="128.725672">
        <ele>98.4</ele>
      </trkpt>
      <trkpt lat="36.558904" lon="128.725616">
        <ele>98.4</ele>
      </trkpt>
      <trkpt lat="36.558898" lon="128.725561">
        <ele>98.3</ele>
      </trkpt>
      <trkpt lat="36.558891" lon="128.725506">
        <ele>98.3</ele>
      </trkpt>
      <trkpt lat="36.558884" lon="128.725450">
        <ele>98.3</ele>
      </trkpt>
      <trkpt lat="36.558877" lon="128.725395">
        <ele>98.3</ele>
      </trkpt>
      <trkpt lat="36.558870" lon="128.725340">
        <ele>98.3</ele>
      </trkpt>
      <trkpt lat="36.558863" lon="128.725284">
        <ele>98.3</ele>
      </trkpt>
      <trkpt lat="36.558857" lon="128.725229">
        <ele>98.3</ele>
      </trkpt>
      <trkpt lat="36.558850" lon="128.725174">
        <ele>98.3</ele>
      </trkpt>
      <trkpt lat="36.558843" lon="128.725118">
        <ele>98.2</ele>
      </trkpt>
      <trkpt lat="36.558836" lon="128.725063">
        <ele>98.2</ele>
      </trkpt>
      <trkpt lat="36.558829" lon="128.725008">
        <ele>98.2</ele>
      </trkpt>
      <trkpt lat="36.558822" lon="128.724952">
        <ele>98.2</ele>
      </trkpt>
      <trkpt lat="36.558816" lon="128.724897">
        <ele>98.2</ele>
      </trkpt>
      <trkpt lat="36.558809" lon="128.724842">
        <ele>98.2</ele>
      </trkpt>
      <trkpt lat="36.558802" lon="128.724786">
        <ele>98.2</ele>
      </trkpt>
      <trkpt lat="36.558795" lon="128.724731">
        <ele>98.2</ele>
      </trkpt>
      <trkpt lat="36.558788" lon="128.724676">
        <ele>98.2</ele>
      </trkpt>
      <trkpt lat="36.558781" lon="128.724620">
        <ele>98.1</ele>
      </trkpt>
      <trkpt lat="36.558774" lon="128.724565">
        <ele>98.1</ele>
      </trkpt>
      <trkpt lat="36.558768" lon="128.724510">
        <ele>98.1</ele>
      </trkpt>
      <trkpt lat="36.558761" lon="128.724454">
        <ele>98.1</ele>
      </trkpt>
      <trkpt lat="36.558754" lon="128.724399">
        <ele>98.1</ele>
      </trkpt>
      <trkpt lat="36.558747" lon="128.724344">
        <ele>98.1</ele>
      </trkpt>
      <trkpt lat="36.558740" lon="128.724288">
        <ele>98.1</ele>
      </trkpt>
      <trkpt lat="36.558733" lon="128.724233">
        <ele>98.1</ele>
      </trkpt>
      <trkpt lat="36.558727" lon="128.724178">
        <ele>98.1</ele>
      </trkpt>
      <trkpt lat="36.558720" lon="128.724123">
        <ele>98.0</ele>
      </trkpt>
      <trkpt lat="36.558713" lon="128.724067">
        <ele>98.0</ele>
      </trkpt>
      <trkpt lat="36.558706" lon="128.724012">
        <ele>98.0</ele>
      </trkpt>
      <trkpt lat="36.558699" lon="128.723957">
        <ele>98.0</ele>
      </trkpt>
      <trkpt lat="36.558692" lon="128.723901">
        <ele>98.0</ele>
      </trkpt>
      <trkpt lat="36.558686" lon="128.723846">
        <ele>98.0</ele>
      </trkpt>
      <trkpt lat="36.558679" lon="128.723791">
        <ele>98.0</ele>
      </trkpt>
      <trkpt lat="36.558672" lon="128.723735">
        <ele>98.0</ele>
      </trkpt>
      <trkpt lat="36.558665" lon="128.723680">
        <ele>98.0</ele>
      </trkpt>
      <trkpt lat="36.558658" lon="128.723625">
        <ele>97.9</ele>
      </trkpt>
      <trkpt lat="36.558651" lon="128.723569">
        <ele>97.9</ele>
      </trkpt>
      <trkpt lat="36.558645" lon="128.723514">
        <ele>97.9</ele>
      </trkpt>
      <trkpt lat="36.558638" lon="128.723459">
        <ele>97.9</ele>
      </trkpt>
      <trkpt lat="36.558631" lon="128.723403">
        <ele>97.9</ele>
      </trkpt>
      <trkpt lat="36.558624" lon="128.723348">
        <ele>97.9</ele>
      </trkpt>
      <trkpt lat="36.558617" lon="128.723293">
        <ele>97.9</ele>
      </trkpt>
      <trkpt lat="36.558610" lon="128.723237">
        <ele>97.9</ele>
      </trkpt>
      <trkpt lat="36.558604" lon="128.723182">
        <ele>97.8</ele>
      </trkpt>
      <trkpt lat="36.558597" lon="128.723127">
        <ele>97.8</ele>
      </trkpt>
      <trkpt lat="36.558590" lon="128.723071">
        <ele>97.8</ele>
      </trkpt>
      <trkpt lat="36.558583" lon="128.723016">
        <ele>97.8</ele>
      </trkpt>
      <trkpt lat="36.558576" lon="128.722961">
        <ele>97.8</ele>
      </trkpt>
      <trkpt lat="36.558569" lon="128.722905">
        <ele>97.8</ele>
      </trkpt>
      <trkpt lat="36.558563" lon="128.722850">
        <ele>97.8</ele>
      </trkpt>
      <trkpt lat="36.558556" lon="128.722795">
        <ele>97.8</ele>
      </trkpt>
      <trkpt lat="36.558549" lon="128.722739">
        <ele>97.8</ele>
      </trkpt>
      <trkpt lat="36.558542" lon="128.722684">
        <ele>97.7</ele>
      </trkpt>
      <trkpt lat="36.558535" lon="128.722629">
        <ele>97.7</ele>
      </trkpt>
      <trkpt lat="36.558528" lon="128.722573">
        <ele>97.7</ele>
      </trkpt>
      <trkpt lat="36.558522" lon="128.722518">
        <ele>97.7</ele>
      </trkpt>
      <trkpt lat="36.558515" lon="128.722463">
        <ele>97.7</ele>
      </trkpt>
      <trkpt lat="36.558508" lon="128.722407">
        <ele>97.7</ele>
      </trkpt>
      <trkpt lat="36.558501" lon="128.722352">
        <ele>97.7</ele>
      </trkpt>
      <trkpt lat="36.558494" lon="128.722297">
        <ele>97.7</ele>
      </trkpt>
      <trkpt lat="36.558487" lon="128.722241">
        <ele>97.7</ele>
      </trkpt>
      <trkpt lat="36.558481" lon="128.722186">
        <ele>97.6</ele>
      </trkpt>
      <trkpt lat="36.558474" lon="128.722131">
        <ele>97.6</ele>
      </trkpt>
      <trkpt lat="36.558467" lon="128.722075">
        <ele>97.6</ele>
      </trkpt>
      <trkpt lat="36.558460" lon="128.722020">
        <ele>97.6</ele>
      </trkpt>
      <trkpt lat="36.558453" lon="128.721965">
        <ele>97.6</ele>
      </trkpt>
      <trkpt lat="36.558446" lon="128.721909">
        <ele>97.6</ele>
      </trkpt>
      <trkpt lat="36.558440" lon="128.721854">
        <ele>97.6</ele>
      </trkpt>
      <trkpt lat="36.558433" lon="128.721799">
        <ele>97.6</ele>
      </trkpt>
      <trkpt lat="36.558426" lon="128.721743">
        <ele>97.6</ele>
      </trkpt>
      <trkpt lat="36.558419" lon="128.721688">
        <ele>97.5</ele>
      </trkpt>
      <trkpt lat="36.558412" lon="128.721633">
        <ele>97.5</ele>
      </trkpt>
      <trkpt lat="36.558405" lon="128.721577">
        <ele>97.5</ele>
      </trkpt>
      <trkpt lat="36.558399" lon="128.721522">
        <ele>97.5</ele>
      </trkpt>
      <trkpt lat="36.558391" lon="128.721467">
        <ele>97.6</ele>
      </trkpt>
      <trkpt lat="36.558382" lon="128.721412">
        <ele>97.7</ele>
      </trkpt>
      <trkpt lat="36.558373" lon="128.721357">
        <ele>97.8</ele>
      </trkpt>
      <trkpt lat="36.558365" lon="128.721302">
        <ele>97.9</ele>
      </trkpt>
      <trkpt lat="36.558356" lon="128.721247">
        <ele>98.0</ele>
      </trkpt>
      <trkpt lat="36.558347" lon="128.721192">
        <ele>98.1</ele>
      </trkpt>
      <trkpt lat="36.558339" lon="128.721137">
        <ele>98.2</ele>
      </trkpt>
      <trkpt lat="36.558330" lon="128.721082">
        <ele>98.3</ele>
      </trkpt>
      <trkpt lat="36.558323" lon="128.721027">
        <ele>98.3</ele>
      </trkpt>
      <trkpt lat="36.558316" lon="128.720972">
        <ele>98.3</ele>
      </trkpt>
      <trkpt lat="36.558311" lon="128.720916">
        <ele>98.4</ele>
      </trkpt>
      <trkpt lat="36.558307" lon="128.720860">
        <ele>98.5</ele>
      </trkpt>
      <trkpt lat="36.558305" lon="128.720805">
        <ele>98.5</ele>
      </trkpt>
      <trkpt lat="36.558303" lon="128.720749">
        <ele>98.5</ele>
      </trkpt>
      <trkpt lat="36.558302" lon="128.720693">
        <ele>98.5</ele>
      </trkpt>
      <trkpt lat="36.558300" lon="128.720637">
        <ele>98.4</ele>
      </trkpt>
      <trkpt lat="36.558298" lon="128.720581">
        <ele>98.4</ele>
      </trkpt>
      <trkpt lat="36.558297" lon="128.720525">
        <ele>98.4</ele>
      </trkpt>
      <trkpt lat="36.558295" lon="128.720469">
        <ele>98.4</ele>
      </trkpt>
      <trkpt lat="36.558293" lon="128.720413">
        <ele>98.4</ele>
      </trkpt>
      <trkpt lat="36.558292" lon="128.720357">
        <ele>98.4</ele>
      </trkpt>
      <trkpt lat="36.558290" lon="128.720301">
        <ele>98.3</ele>
      </trkpt>
      <trkpt lat="36.558288" lon="128.720245">
        <ele>98.3</ele>
      </trkpt>
      <trkpt lat="36.558287" lon="128.720189">
        <ele>98.3</ele>
      </trkpt>
      <trkpt lat="36.558285" lon="128.720133">
        <ele>98.3</ele>
      </trkpt>
      <trkpt lat="36.558279" lon="128.720078">
        <ele>98.0</ele>
      </trkpt>
      <trkpt lat="36.558274" lon="128.720022">
        <ele>97.6</ele>
      </trkpt>
      <trkpt lat="36.558268" lon="128.719967">
        <ele>97.3</ele>
      </trkpt>
      <trkpt lat="36.558263" lon="128.719911">
        <ele>97.0</ele>
      </trkpt>
      <trkpt lat="36.558251" lon="128.719875">
        <ele>97.0</ele>
      </trkpt>
      <trkpt lat="36.558255" lon="128.719827">
        <ele>97.4</ele>
      </trkpt>
      <trkpt lat="36.558249" lon="128.719772">
        <ele>97.3</ele>
      </trkpt>
      <trkpt lat="36.558244" lon="128.719716">
        <ele>97.2</ele>
      </trkpt>
      <trkpt lat="36.558238" lon="128.719661">
        <ele>97.0</ele>
      </trkpt>
      <trkpt lat="36.558233" lon="128.719605">
        <ele>96.9</ele>
      </trkpt>
      <trkpt lat="36.558228" lon="128.719550">
        <ele>96.8</ele>
      </trkpt>
      <trkpt lat="36.558222" lon="128.719494">
        <ele>96.7</ele>
      </trkpt>
      <trkpt lat="36.558216" lon="128.719438">
        <ele>96.6</ele>
      </trkpt>
      <trkpt lat="36.558211" lon="128.719383">
        <ele>96.6</ele>
      </trkpt>
      <trkpt lat="36.558205" lon="128.719327">
        <ele>96.5</ele>
      </trkpt>
      <trkpt lat="36.558199" lon="128.719272">
        <ele>96.4</ele>
      </trkpt>
      <trkpt lat="36.558193" lon="128.719216">
        <ele>96.3</ele>
      </trkpt>
      <trkpt lat="36.558188" lon="128.719161">
        <ele>96.2</ele>
      </trkpt>
      <trkpt lat="36.558182" lon="128.719105">
        <ele>96.2</ele>
      </trkpt>
      <trkpt lat="36.558176" lon="128.719050">
        <ele>96.1</ele>
      </trkpt>
      <trkpt lat="36.558171" lon="128.718994">
        <ele>96.0</ele>
      </trkpt>
      <trkpt lat="36.558165" lon="128.718939">
        <ele>95.9</ele>
      </trkpt>
      <trkpt lat="36.558159" lon="128.718883">
        <ele>95.8</ele>
      </trkpt>
      <trkpt lat="36.558154" lon="128.718828">
        <ele>95.8</ele>
      </trkpt>
      <trkpt lat="36.558148" lon="128.718772">
        <ele>95.7</ele>
      </trkpt>
      <trkpt lat="36.558142" lon="128.718717">
        <ele>95.6</ele>
      </trkpt>
      <trkpt lat="36.558136" lon="128.718661">
        <ele>95.5</ele>
      </trkpt>
      <trkpt lat="36.558131" lon="128.718606">
        <ele>95.4</ele>
      </trkpt>
      <trkpt lat="36.558125" lon="128.718550">
        <ele>95.4</ele>
      </trkpt>
      <trkpt lat="36.558119" lon="128.718494">
        <ele>95.3</ele>
      </trkpt>
      <trkpt lat="36.558114" lon="128.718439">
        <ele>95.2</ele>
      </trkpt>
      <trkpt lat="36.558108" lon="128.718383">
        <ele>95.1</ele>
      </trkpt>
      <trkpt lat="36.558102" lon="128.718328">
        <ele>95.0</ele>
      </trkpt>
      <trkpt lat="36.558097" lon="128.718272">
        <ele>95.0</ele>
      </trkpt>
      <trkpt lat="36.558091" lon="128.718217">
        <ele>94.9</ele>
      </trkpt>
      <trkpt lat="36.558085" lon="128.718161">
        <ele>94.8</ele>
      </trkpt>
      <trkpt lat="36.558079" lon="128.718106">
        <ele>94.7</ele>
      </trkpt>
      <trkpt lat="36.558074" lon="128.718050">
        <ele>94.6</ele>
      </trkpt>
      <trkpt lat="36.558068" lon="128.717995">
        <ele>94.6</ele>
      </trkpt>
      <trkpt lat="36.558062" lon="128.717939">
        <ele>94.5</ele>
      </trkpt>
      <trkpt lat="36.558057" lon="128.717884">
        <ele>94.4</ele>
      </trkpt>
      <trkpt lat="36.558051" lon="128.717828">
        <ele>94.3</ele>
      </trkpt>
      <trkpt lat="36.558045" lon="128.717773">
        <ele>94.2</ele>
      </trkpt>
      <trkpt lat="36.558040" lon="128.717717">
        <ele>94.2</ele>
      </trkpt>
      <trkpt lat="36.558034" lon="128.717662">
        <ele>94.1</ele>
      </trkpt>
      <trkpt lat="36.558028" lon="128.717606">
        <ele>94.0</ele>
      </trkpt>
      <trkpt lat="36.558019" lon="128.717551">
        <ele>93.9</ele>
      </trkpt>
      <trkpt lat="36.558010" lon="128.717496">
        <ele>93.9</ele>
      </trkpt>
      <trkpt lat="36.558001" lon="128.717442">
        <ele>93.8</ele>
      </trkpt>
      <trkpt lat="36.557992" lon="128.717387">
        <ele>93.8</ele>
      </trkpt>
      <trkpt lat="36.557983" lon="128.717332">
        <ele>93.7</ele>
      </trkpt>
      <trkpt lat="36.557973" lon="128.717277">
        <ele>93.7</ele>
      </trkpt>
      <trkpt lat="36.557964" lon="128.717222">
        <ele>93.6</ele>
      </trkpt>
      <trkpt lat="36.557955" lon="128.717168">
        <ele>93.5</ele>
      </trkpt>
      <trkpt lat="36.557946" lon="128.717113">
        <ele>93.5</ele>
      </trkpt>
      <trkpt lat="36.557937" lon="128.717058">
        <ele>93.4</ele>
      </trkpt>
      <trkpt lat="36.557928" lon="128.717003">
        <ele>93.4</ele>
      </trkpt>
      <trkpt lat="36.557918" lon="128.716948">
        <ele>93.3</ele>
      </trkpt>
      <trkpt lat="36.557909" lon="128.716894">
        <ele>93.3</ele>
      </trkpt>
      <trkpt lat="36.557900" lon="128.716839">
        <ele>93.2</ele>
      </trkpt>
      <trkpt lat="36.557891" lon="128.716784">
        <ele>93.1</ele>
      </trkpt>
      <trkpt lat="36.557882" lon="128.716729">
        <ele>93.1</ele>
      </trkpt>
      <trkpt lat="36.557873" lon="128.716674">
        <ele>93.0</ele>
      </trkpt>
      <trkpt lat="36.557863" lon="128.716619">
        <ele>93.0</ele>
      </trkpt>
      <trkpt lat="36.557854" lon="128.716565">
        <ele>92.9</ele>
      </trkpt>
      <trkpt lat="36.557845" lon="128.716510">
        <ele>92.9</ele>
      </trkpt>
      <trkpt lat="36.557836" lon="128.716455">
        <ele>92.8</ele>
      </trkpt>
      <trkpt lat="36.557830" lon="128.716400">
        <ele>92.8</ele>
      </trkpt>
      <trkpt lat="36.557824" lon="128.716344">
        <ele>92.9</ele>
      </trkpt>
      <trkpt lat="36.557818" lon="128.716289">
        <ele>92.9</ele>
      </trkpt>
      <trkpt lat="36.557812" lon="128.716233">
        <ele>92.9</ele>
      </trkpt>
      <trkpt lat="36.557807" lon="128.716178">
        <ele>93.0</ele>
      </trkpt>
      <trkpt lat="36.557801" lon="128.716122">
        <ele>93.0</ele>
      </trkpt>
      <trkpt lat="36.557795" lon="128.716067">
        <ele>93.0</ele>
      </trkpt>
      <trkpt lat="36.557789" lon="128.716011">
        <ele>93.1</ele>
      </trkpt>
      <trkpt lat="36.557783" lon="128.715956">
        <ele>93.1</ele>
      </trkpt>
      <trkpt lat="36.557778" lon="128.715900">
        <ele>93.1</ele>
      </trkpt>
      <trkpt lat="36.557772" lon="128.715845">
        <ele>93.2</ele>
      </trkpt>
      <trkpt lat="36.557766" lon="128.715789">
        <ele>93.2</ele>
      </trkpt>
      <trkpt lat="36.557760" lon="128.715733">
        <ele>93.3</ele>
      </trkpt>
      <trkpt lat="36.557754" lon="128.715678">
        <ele>93.3</ele>
      </trkpt>
      <trkpt lat="36.557752" lon="128.715622">
        <ele>93.3</ele>
      </trkpt>
      <trkpt lat="36.557752" lon="128.715566">
        <ele>93.2</ele>
      </trkpt>
      <trkpt lat="36.557752" lon="128.715510">
        <ele>93.2</ele>
      </trkpt>
      <trkpt lat="36.557752" lon="128.715454">
        <ele>93.1</ele>
      </trkpt>
      <trkpt lat="36.557752" lon="128.715398">
        <ele>93.1</ele>
      </trkpt>
      <trkpt lat="36.557753" lon="128.715342">
        <ele>93.0</ele>
      </trkpt>
      <trkpt lat="36.557753" lon="128.715286">
        <ele>93.0</ele>
      </trkpt>
      <trkpt lat="36.557753" lon="128.715230">
        <ele>92.9</ele>
      </trkpt>
      <trkpt lat="36.557753" lon="128.715174">
        <ele>92.9</ele>
      </trkpt>
      <trkpt lat="36.557753" lon="128.715118">
        <ele>92.8</ele>
      </trkpt>
      <trkpt lat="36.557753" lon="128.715062">
        <ele>92.8</ele>
      </trkpt>
      <trkpt lat="36.557754" lon="128.715006">
        <ele>92.8</ele>
      </trkpt>
      <trkpt lat="36.557754" lon="128.714950">
        <ele>92.8</ele>
      </trkpt>
      <trkpt lat="36.557755" lon="128.714894">
        <ele>92.8</ele>
      </trkpt>
      <trkpt lat="36.557755" lon="128.714838">
        <ele>92.8</ele>
      </trkpt>
      <trkpt lat="36.557756" lon="128.714783">
        <ele>92.8</ele>
      </trkpt>
      <trkpt lat="36.557756" lon="128.714727">
        <ele>92.8</ele>
      </trkpt>
      <trkpt lat="36.557757" lon="128.714671">
        <ele>92.8</ele>
      </trkpt>
      <trkpt lat="36.557757" lon="128.714615">
        <ele>92.8</ele>
      </trkpt>
      <trkpt lat="36.557758" lon="128.714559">
        <ele>92.8</ele>
      </trkpt>
      <trkpt lat="36.557758" lon="128.714503">
        <ele>92.8</ele>
      </trkpt>
      <trkpt lat="36.557759" lon="128.714447">
        <ele>92.9</ele>
      </trkpt>
      <trkpt lat="36.557760" lon="128.714391">
        <ele>92.9</ele>
      </trkpt>
      <trkpt lat="36.557760" lon="128.714335">
        <ele>92.9</ele>
      </trkpt>
      <trkpt lat="36.557761" lon="128.714279">
        <ele>92.9</ele>
      </trkpt>
      <trkpt lat="36.557762" lon="128.714223">
        <ele>92.9</ele>
      </trkpt>
      <trkpt lat="36.557762" lon="128.714167">
        <ele>93.0</ele>
      </trkpt>
      <trkpt lat="36.557763" lon="128.714111">
        <ele>93.0</ele>
      </trkpt>
      <trkpt lat="36.557764" lon="128.714055">
        <ele>93.0</ele>
      </trkpt>
      <trkpt lat="36.557764" lon="128.713999">
        <ele>93.0</ele>
      </trkpt>
      <trkpt lat="36.557765" lon="128.713943">
        <ele>93.0</ele>
      </trkpt>
      <trkpt lat="36.557766" lon="128.713887">
        <ele>92.9</ele>
      </trkpt>
      <trkpt lat="36.557767" lon="128.713831">
        <ele>92.9</ele>
      </trkpt>
      <trkpt lat="36.557768" lon="128.713775">
        <ele>92.9</ele>
      </trkpt>
      <trkpt lat="36.557769" lon="128.713719">
        <ele>92.9</ele>
      </trkpt>
      <trkpt lat="36.557771" lon="128.713663">
        <ele>92.9</ele>
      </trkpt>
      <trkpt lat="36.557772" lon="128.713607">
        <ele>92.8</ele>
      </trkpt>
      <trkpt lat="36.557773" lon="128.713551">
        <ele>92.8</ele>
      </trkpt>
      <trkpt lat="36.557774" lon="128.713495">
        <ele>92.8</ele>
      </trkpt>
      <trkpt lat="36.557775" lon="128.713439">
        <ele>92.8</ele>
      </trkpt>
      <trkpt lat="36.557776" lon="128.713383">
        <ele>92.7</ele>
      </trkpt>
      <trkpt lat="36.557777" lon="128.713327">
        <ele>92.7</ele>
      </trkpt>
      <trkpt lat="36.557778" lon="128.713271">
        <ele>92.7</ele>
      </trkpt>
      <trkpt lat="36.557779" lon="128.713215">
        <ele>92.7</ele>
      </trkpt>
      <trkpt lat="36.557780" lon="128.713159">
        <ele>92.7</ele>
      </trkpt>
      <trkpt lat="36.557781" lon="128.713103">
        <ele>92.6</ele>
      </trkpt>
      <trkpt lat="36.557782" lon="128.713047">
        <ele>92.6</ele>
      </trkpt>
      <trkpt lat="36.557783" lon="128.712991">
        <ele>92.6</ele>
      </trkpt>
      <trkpt lat="36.557784" lon="128.712936">
        <ele>92.6</ele>
      </trkpt>
      <trkpt lat="36.557785" lon="128.712880">
        <ele>92.5</ele>
      </trkpt>
      <trkpt lat="36.557786" lon="128.712824">
        <ele>92.5</ele>
      </trkpt>
      <trkpt lat="36.557787" lon="128.712768">
        <ele>92.5</ele>
      </trkpt>
      <trkpt lat="36.557787" lon="128.712744">
        <ele>92.8</ele>
      </trkpt>
      <trkpt lat="36.557788" lon="128.712688">
        <ele>92.8</ele>
      </trkpt>
      <trkpt lat="36.557790" lon="128.712632">
        <ele>92.8</ele>
      </trkpt>
      <trkpt lat="36.557791" lon="128.712576">
        <ele>92.8</ele>
      </trkpt>
      <trkpt lat="36.557792" lon="128.712520">
        <ele>92.8</ele>
      </trkpt>
      <trkpt lat="36.557793" lon="128.712464">
        <ele>92.8</ele>
      </trkpt>
      <trkpt lat="36.557794" lon="128.712408">
        <ele>92.8</ele>
      </trkpt>
      <trkpt lat="36.557795" lon="128.712352">
        <ele>92.8</ele>
      </trkpt>
      <trkpt lat="36.557796" lon="128.712296">
        <ele>92.8</ele>
      </trkpt>
      <trkpt lat="36.557797" lon="128.712240">
        <ele>92.8</ele>
      </trkpt>
      <trkpt lat="36.557798" lon="128.712184">
        <ele>92.8</ele>
      </trkpt>
      <trkpt lat="36.557799" lon="128.712128">
        <ele>92.8</ele>
      </trkpt>
      <trkpt lat="36.557800" lon="128.712072">
        <ele>92.8</ele>
      </trkpt>
      <trkpt lat="36.557801" lon="128.712016">
        <ele>92.8</ele>
      </trkpt>
      <trkpt lat="36.557802" lon="128.711960">
        <ele>92.8</ele>
      </trkpt>
      <trkpt lat="36.557803" lon="128.711904">
        <ele>92.8</ele>
      </trkpt>
      <trkpt lat="36.557805" lon="128.711848">
        <ele>92.8</ele>
      </trkpt>
      <trkpt lat="36.557806" lon="128.711792">
        <ele>92.8</ele>
      </trkpt>
      <trkpt lat="36.557807" lon="128.711736">
        <ele>92.8</ele>
      </trkpt>
      <trkpt lat="36.557808" lon="128.711680">
        <ele>92.8</ele>
      </trkpt>
      <trkpt lat="36.557809" lon="128.711625">
        <ele>92.7</ele>
      </trkpt>
      <trkpt lat="36.557810" lon="128.711569">
        <ele>92.7</ele>
      </trkpt>
      <trkpt lat="36.557811" lon="128.711513">
        <ele>92.7</ele>
      </trkpt>
      <trkpt lat="36.557812" lon="128.711457">
        <ele>92.7</ele>
      </trkpt>
      <trkpt lat="36.557813" lon="128.711401">
        <ele>92.7</ele>
      </trkpt>
      <trkpt lat="36.557814" lon="128.711345">
        <ele>92.7</ele>
      </trkpt>
      <trkpt lat="36.557815" lon="128.711289">
        <ele>92.7</ele>
      </trkpt>
      <trkpt lat="36.557816" lon="128.711233">
        <ele>92.7</ele>
      </trkpt>
      <trkpt lat="36.557817" lon="128.711177">
        <ele>92.7</ele>
      </trkpt>
      <trkpt lat="36.557819" lon="128.711121">
        <ele>92.7</ele>
      </trkpt>
      <trkpt lat="36.557820" lon="128.711065">
        <ele>92.7</ele>
      </trkpt>
      <trkpt lat="36.557821" lon="128.711009">
        <ele>92.7</ele>
      </trkpt>
      <trkpt lat="36.557822" lon="128.710953">
        <ele>92.7</ele>
      </trkpt>
      <trkpt lat="36.557823" lon="128.710897">
        <ele>92.7</ele>
      </trkpt>
      <trkpt lat="36.557824" lon="128.710841">
        <ele>92.7</ele>
      </trkpt>
      <trkpt lat="36.557825" lon="128.710785">
        <ele>92.7</ele>
      </trkpt>
      <trkpt lat="36.557826" lon="128.710729">
        <ele>92.7</ele>
      </trkpt>
      <trkpt lat="36.557827" lon="128.710673">
        <ele>92.7</ele>
      </trkpt>
      <trkpt lat="36.557828" lon="128.710617">
        <ele>92.7</ele>
      </trkpt>
      <trkpt lat="36.557829" lon="128.710561">
        <ele>92.7</ele>
      </trkpt>
      <trkpt lat="36.557830" lon="128.710505">
        <ele>92.7</ele>
      </trkpt>
      <trkpt lat="36.557831" lon="128.710449">
        <ele>92.7</ele>
      </trkpt>
      <trkpt lat="36.557832" lon="128.710393">
        <ele>92.7</ele>
      </trkpt>
      <trkpt lat="36.557834" lon="128.710337">
        <ele>92.7</ele>
      </trkpt>
      <trkpt lat="36.557835" lon="128.710281">
        <ele>92.7</ele>
      </trkpt>
      <trkpt lat="36.557836" lon="128.710225">
        <ele>92.7</ele>
      </trkpt>
      <trkpt lat="36.557837" lon="128.710169">
        <ele>92.7</ele>
      </trkpt>
      <trkpt lat="36.557838" lon="128.710113">
        <ele>92.7</ele>
      </trkpt>
      <trkpt lat="36.557839" lon="128.710058">
        <ele>92.7</ele>
      </trkpt>
      <trkpt lat="36.557840" lon="128.710002">
        <ele>92.7</ele>
      </trkpt>
      <trkpt lat="36.557841" lon="128.709946">
        <ele>92.7</ele>
      </trkpt>
      <trkpt lat="36.557842" lon="128.709890">
        <ele>92.7</ele>
      </trkpt>
      <trkpt lat="36.557843" lon="128.709834">
        <ele>92.7</ele>
      </trkpt>
      <trkpt lat="36.557844" lon="128.709778">
        <ele>92.7</ele>
      </trkpt>
      <trkpt lat="36.557845" lon="128.709722">
        <ele>92.7</ele>
      </trkpt>
      <trkpt lat="36.557846" lon="128.709666">
        <ele>92.7</ele>
      </trkpt>
      <trkpt lat="36.557847" lon="128.709610">
        <ele>92.7</ele>
      </trkpt>
      <trkpt lat="36.557849" lon="128.709554">
        <ele>92.7</ele>
      </trkpt>
      <trkpt lat="36.557850" lon="128.709498">
        <ele>92.7</ele>
      </trkpt>
      <trkpt lat="36.557851" lon="128.709442">
        <ele>92.7</ele>
      </trkpt>
      <trkpt lat="36.557852" lon="128.709386">
        <ele>92.7</ele>
      </trkpt>
      <trkpt lat="36.557853" lon="128.709330">
        <ele>92.6</ele>
      </trkpt>
      <trkpt lat="36.557854" lon="128.709274">
        <ele>92.6</ele>
      </trkpt>
      <trkpt lat="36.557855" lon="128.709218">
        <ele>92.6</ele>
      </trkpt>
      <trkpt lat="36.557856" lon="128.709162">
        <ele>92.6</ele>
      </trkpt>
      <trkpt lat="36.557857" lon="128.709106">
        <ele>92.6</ele>
      </trkpt>
      <trkpt lat="36.557858" lon="128.709050">
        <ele>92.6</ele>
      </trkpt>
      <trkpt lat="36.557859" lon="128.708994">
        <ele>92.6</ele>
      </trkpt>
      <trkpt lat="36.557860" lon="128.708938">
        <ele>92.6</ele>
      </trkpt>
      <trkpt lat="36.557861" lon="128.708882">
        <ele>92.6</ele>
      </trkpt>
      <trkpt lat="36.557863" lon="128.708826">
        <ele>92.6</ele>
      </trkpt>
      <trkpt lat="36.557864" lon="128.708770">
        <ele>92.6</ele>
      </trkpt>
      <trkpt lat="36.557865" lon="128.708714">
        <ele>92.6</ele>
      </trkpt>
      <trkpt lat="36.557866" lon="128.708658">
        <ele>92.6</ele>
      </trkpt>
      <trkpt lat="36.557867" lon="128.708602">
        <ele>92.6</ele>
      </trkpt>
      <trkpt lat="36.557868" lon="128.708547">
        <ele>92.6</ele>
      </trkpt>
      <trkpt lat="36.557869" lon="128.708491">
        <ele>92.6</ele>
      </trkpt>
      <trkpt lat="36.557870" lon="128.708435">
        <ele>92.6</ele>
      </trkpt>
      <trkpt lat="36.557871" lon="128.708379">
        <ele>92.6</ele>
      </trkpt>
      <trkpt lat="36.557872" lon="128.708323">
        <ele>92.6</ele>
      </trkpt>
      <trkpt lat="36.557873" lon="128.708267">
        <ele>92.6</ele>
      </trkpt>
      <trkpt lat="36.557874" lon="128.708211">
        <ele>92.6</ele>
      </trkpt>
      <trkpt lat="36.557875" lon="128.708155">
        <ele>92.6</ele>
      </trkpt>
      <trkpt lat="36.557876" lon="128.708099">
        <ele>92.6</ele>
      </trkpt>
      <trkpt lat="36.557878" lon="128.708043">
        <ele>92.6</ele>
      </trkpt>
      <trkpt lat="36.557879" lon="128.707987">
        <ele>92.6</ele>
      </trkpt>
      <trkpt lat="36.557880" lon="128.707931">
        <ele>92.6</ele>
      </trkpt>
      <trkpt lat="36.557881" lon="128.707875">
        <ele>92.6</ele>
      </trkpt>
      <trkpt lat="36.557882" lon="128.707819">
        <ele>92.6</ele>
      </trkpt>
      <trkpt lat="36.557883" lon="128.707763">
        <ele>92.6</ele>
      </trkpt>
      <trkpt lat="36.557884" lon="128.707707">
        <ele>92.6</ele>
      </trkpt>
      <trkpt lat="36.557885" lon="128.707651">
        <ele>92.6</ele>
      </trkpt>
      <trkpt lat="36.557886" lon="128.707595">
        <ele>92.6</ele>
      </trkpt>
      <trkpt lat="36.557887" lon="128.707539">
        <ele>92.6</ele>
      </trkpt>
      <trkpt lat="36.557888" lon="128.707483">
        <ele>92.6</ele>
      </trkpt>
      <trkpt lat="36.557889" lon="128.707427">
        <ele>92.6</ele>
      </trkpt>
      <trkpt lat="36.557890" lon="128.707371">
        <ele>92.6</ele>
      </trkpt>
      <trkpt lat="36.557892" lon="128.707315">
        <ele>92.6</ele>
      </trkpt>
      <trkpt lat="36.557893" lon="128.707259">
        <ele>92.6</ele>
      </trkpt>
      <trkpt lat="36.557894" lon="128.707203">
        <ele>92.6</ele>
      </trkpt>
      <trkpt lat="36.557895" lon="128.707147">
        <ele>92.6</ele>
      </trkpt>
      <trkpt lat="36.557896" lon="128.707091">
        <ele>92.5</ele>
      </trkpt>
      <trkpt lat="36.557897" lon="128.707035">
        <ele>92.5</ele>
      </trkpt>
      <trkpt lat="36.557898" lon="128.706980">
        <ele>92.5</ele>
      </trkpt>
      <trkpt lat="36.557899" lon="128.706924">
        <ele>92.5</ele>
      </trkpt>
      <trkpt lat="36.557900" lon="128.706868">
        <ele>92.5</ele>
      </trkpt>
      <trkpt lat="36.557901" lon="128.706812">
        <ele>92.5</ele>
      </trkpt>
      <trkpt lat="36.557902" lon="128.706756">
        <ele>92.5</ele>
      </trkpt>
      <trkpt lat="36.557903" lon="128.706700">
        <ele>92.5</ele>
      </trkpt>
      <trkpt lat="36.557904" lon="128.706644">
        <ele>92.5</ele>
      </trkpt>
      <trkpt lat="36.557905" lon="128.706588">
        <ele>92.5</ele>
      </trkpt>
      <trkpt lat="36.557907" lon="128.706532">
        <ele>92.5</ele>
      </trkpt>
      <trkpt lat="36.557908" lon="128.706476">
        <ele>92.5</ele>
      </trkpt>
      <trkpt lat="36.557909" lon="128.706420">
        <ele>92.5</ele>
      </trkpt>
      <trkpt lat="36.557910" lon="128.706364">
        <ele>92.5</ele>
      </trkpt>
      <trkpt lat="36.557911" lon="128.706308">
        <ele>92.5</ele>
      </trkpt>
      <trkpt lat="36.557912" lon="128.706252">
        <ele>92.5</ele>
      </trkpt>
      <trkpt lat="36.557913" lon="128.706196">
        <ele>92.5</ele>
      </trkpt>
      <trkpt lat="36.557914" lon="128.706140">
        <ele>92.5</ele>
      </trkpt>
      <trkpt lat="36.557915" lon="128.706084">
        <ele>92.5</ele>
      </trkpt>
      <trkpt lat="36.557916" lon="128.706028">
        <ele>92.5</ele>
      </trkpt>
      <trkpt lat="36.557917" lon="128.705972">
        <ele>92.5</ele>
      </trkpt>
      <trkpt lat="36.557917" lon="128.705916">
        <ele>92.5</ele>
      </trkpt>
      <trkpt lat="36.557918" lon="128.705860">
        <ele>92.5</ele>
      </trkpt>
      <trkpt lat="36.557918" lon="128.705804">
        <ele>92.5</ele>
      </trkpt>
      <trkpt lat="36.557918" lon="128.705748">
        <ele>92.5</ele>
      </trkpt>
      <trkpt lat="36.557916" lon="128.705692">
        <ele>92.6</ele>
      </trkpt>
      <trkpt lat="36.557913" lon="128.705636">
        <ele>92.7</ele>
      </trkpt>
      <trkpt lat="36.557911" lon="128.705581">
        <ele>92.8</ele>
      </trkpt>
      <trkpt lat="36.557909" lon="128.705525">
        <ele>92.9</ele>
      </trkpt>
      <trkpt lat="36.557907" lon="128.705469">
        <ele>93.0</ele>
      </trkpt>
      <trkpt lat="36.557905" lon="128.705413">
        <ele>93.1</ele>
      </trkpt>
      <trkpt lat="36.557903" lon="128.705357">
        <ele>93.2</ele>
      </trkpt>
      <trkpt lat="36.557900" lon="128.705301">
        <ele>93.3</ele>
      </trkpt>
      <trkpt lat="36.557901" lon="128.705245">
        <ele>93.8</ele>
      </trkpt>
      <trkpt lat="36.557902" lon="128.705189">
        <ele>94.5</ele>
      </trkpt>
      <trkpt lat="36.557903" lon="128.705133">
        <ele>95.1</ele>
      </trkpt>
      <trkpt lat="36.557904" lon="128.705077">
        <ele>95.8</ele>
      </trkpt>
      <trkpt lat="36.557899" lon="128.705059">
        <ele>94.5</ele>
      </trkpt>
      <trkpt lat="36.557905" lon="128.705010">
        <ele>93.9</ele>
      </trkpt>
      <trkpt lat="36.557906" lon="128.704954">
        <ele>94.1</ele>
      </trkpt>
      <trkpt lat="36.557907" lon="128.704898">
        <ele>94.2</ele>
      </trkpt>
      <trkpt lat="36.557909" lon="128.704842">
        <ele>94.4</ele>
      </trkpt>
      <trkpt lat="36.557910" lon="128.704786">
        <ele>94.6</ele>
      </trkpt>
      <trkpt lat="36.557911" lon="128.704730">
        <ele>94.7</ele>
      </trkpt>
      <trkpt lat="36.557912" lon="128.704674">
        <ele>94.9</ele>
      </trkpt>
      <trkpt lat="36.557913" lon="128.704618">
        <ele>95.0</ele>
      </trkpt>
      <trkpt lat="36.557915" lon="128.704562">
        <ele>95.2</ele>
      </trkpt>
      <trkpt lat="36.557916" lon="128.704506">
        <ele>95.3</ele>
      </trkpt>
      <trkpt lat="36.557917" lon="128.704450">
        <ele>95.5</ele>
      </trkpt>
      <trkpt lat="36.557918" lon="128.704394">
        <ele>95.6</ele>
      </trkpt>
      <trkpt lat="36.557919" lon="128.704338">
        <ele>95.8</ele>
      </trkpt>
      <trkpt lat="36.557921" lon="128.704282">
        <ele>95.9</ele>
      </trkpt>
      <trkpt lat="36.557922" lon="128.704226">
        <ele>96.3</ele>
      </trkpt>
      <trkpt lat="36.557923" lon="128.704170">
        <ele>96.7</ele>
      </trkpt>
      <trkpt lat="36.557924" lon="128.704114">
        <ele>97.2</ele>
      </trkpt>
      <trkpt lat="36.557889" lon="128.704094">
        <ele>97.3</ele>
      </trkpt>
      <trkpt lat="36.557845" lon="128.704084">
        <ele>97.3</ele>
      </trkpt>
      <trkpt lat="36.557837" lon="128.704129">
        <ele>96.6</ele>
      </trkpt>
      <trkpt lat="36.557840" lon="128.704178">
        <ele>95.8</ele>
      </trkpt>
      <trkpt lat="36.557870" lon="128.704179">
        <ele>95.9</ele>
      </trkpt>
      <trkpt lat="36.557835" lon="128.704191">
        <ele>96.2</ele>
      </trkpt>
      <trkpt lat="36.557834" lon="128.704247">
        <ele>95.8</ele>
      </trkpt>
      <trkpt lat="36.557832" lon="128.704303">
        <ele>95.6</ele>
      </trkpt>
      <trkpt lat="36.557830" lon="128.704359">
        <ele>95.4</ele>
      </trkpt>
      <trkpt lat="36.557829" lon="128.704415">
        <ele>95.2</ele>
      </trkpt>
      <trkpt lat="36.557827" lon="128.704470">
        <ele>95.1</ele>
      </trkpt>
      <trkpt lat="36.557825" lon="128.704526">
        <ele>94.9</ele>
      </trkpt>
      <trkpt lat="36.557824" lon="128.704582">
        <ele>94.7</ele>
      </trkpt>
      <trkpt lat="36.557822" lon="128.704638">
        <ele>94.5</ele>
      </trkpt>
      <trkpt lat="36.557820" lon="128.704694">
        <ele>94.4</ele>
      </trkpt>
      <trkpt lat="36.557818" lon="128.704750">
        <ele>94.2</ele>
      </trkpt>
      <trkpt lat="36.557817" lon="128.704806">
        <ele>94.0</ele>
      </trkpt>
      <trkpt lat="36.557815" lon="128.704862">
        <ele>93.8</ele>
      </trkpt>
      <trkpt lat="36.557813" lon="128.704918">
        <ele>93.7</ele>
      </trkpt>
      <trkpt lat="36.557812" lon="128.704974">
        <ele>93.5</ele>
      </trkpt>
      <trkpt lat="36.557810" lon="128.705030">
        <ele>93.3</ele>
      </trkpt>
      <trkpt lat="36.557808" lon="128.705086">
        <ele>93.0</ele>
      </trkpt>
      <trkpt lat="36.557806" lon="128.705142">
        <ele>92.8</ele>
      </trkpt>
      <trkpt lat="36.557804" lon="128.705198">
        <ele>92.5</ele>
      </trkpt>
      <trkpt lat="36.557802" lon="128.705254">
        <ele>92.2</ele>
      </trkpt>
      <trkpt lat="36.557790" lon="128.705297">
        <ele>92.0</ele>
      </trkpt>
      <trkpt lat="36.557786" lon="128.705296">
        <ele>92.5</ele>
      </trkpt>
      <trkpt lat="36.557799" lon="128.705335">
        <ele>92.7</ele>
      </trkpt>
      <trkpt lat="36.557797" lon="128.705391">
        <ele>92.6</ele>
      </trkpt>
      <trkpt lat="36.557794" lon="128.705447">
        <ele>92.5</ele>
      </trkpt>
      <trkpt lat="36.557792" lon="128.705503">
        <ele>92.4</ele>
      </trkpt>
      <trkpt lat="36.557790" lon="128.705559">
        <ele>92.3</ele>
      </trkpt>
      <trkpt lat="36.557788" lon="128.705615">
        <ele>92.3</ele>
      </trkpt>
      <trkpt lat="36.557786" lon="128.705671">
        <ele>92.2</ele>
      </trkpt>
      <trkpt lat="36.557784" lon="128.705727">
        <ele>92.1</ele>
      </trkpt>
      <trkpt lat="36.557782" lon="128.705783">
        <ele>92.0</ele>
      </trkpt>
      <trkpt lat="36.557781" lon="128.705839">
        <ele>92.0</ele>
      </trkpt>
      <trkpt lat="36.557779" lon="128.705895">
        <ele>92.0</ele>
      </trkpt>
      <trkpt lat="36.557778" lon="128.705951">
        <ele>92.0</ele>
      </trkpt>
      <trkpt lat="36.557777" lon="128.706007">
        <ele>92.0</ele>
      </trkpt>
      <trkpt lat="36.557775" lon="128.706063">
        <ele>92.1</ele>
      </trkpt>
      <trkpt lat="36.557774" lon="128.706118">
        <ele>92.2</ele>
      </trkpt>
      <trkpt lat="36.557773" lon="128.706174">
        <ele>92.2</ele>
      </trkpt>
      <trkpt lat="36.557772" lon="128.706230">
        <ele>92.3</ele>
      </trkpt>
      <trkpt lat="36.557771" lon="128.706286">
        <ele>92.4</ele>
      </trkpt>
      <trkpt lat="36.557769" lon="128.706342">
        <ele>92.4</ele>
      </trkpt>
      <trkpt lat="36.557768" lon="128.706398">
        <ele>92.5</ele>
      </trkpt>
      <trkpt lat="36.557767" lon="128.706454">
        <ele>92.6</ele>
      </trkpt>
      <trkpt lat="36.557766" lon="128.706510">
        <ele>92.6</ele>
      </trkpt>
      <trkpt lat="36.557765" lon="128.706566">
        <ele>92.7</ele>
      </trkpt>
      <trkpt lat="36.557763" lon="128.706622">
        <ele>92.8</ele>
      </trkpt>
      <trkpt lat="36.557762" lon="128.706678">
        <ele>92.8</ele>
      </trkpt>
      <trkpt lat="36.557761" lon="128.706734">
        <ele>92.9</ele>
      </trkpt>
      <trkpt lat="36.557760" lon="128.706790">
        <ele>92.9</ele>
      </trkpt>
      <trkpt lat="36.557759" lon="128.706846">
        <ele>93.0</ele>
      </trkpt>
      <trkpt lat="36.557757" lon="128.706902">
        <ele>93.0</ele>
      </trkpt>
      <trkpt lat="36.557756" lon="128.706958">
        <ele>93.0</ele>
      </trkpt>
      <trkpt lat="36.557755" lon="128.707014">
        <ele>93.1</ele>
      </trkpt>
      <trkpt lat="36.557754" lon="128.707070">
        <ele>93.1</ele>
      </trkpt>
      <trkpt lat="36.557753" lon="128.707126">
        <ele>93.1</ele>
      </trkpt>
      <trkpt lat="36.557751" lon="128.707182">
        <ele>93.1</ele>
      </trkpt>
      <trkpt lat="36.557750" lon="128.707238">
        <ele>93.1</ele>
      </trkpt>
      <trkpt lat="36.557749" lon="128.707294">
        <ele>93.2</ele>
      </trkpt>
      <trkpt lat="36.557748" lon="128.707350">
        <ele>93.2</ele>
      </trkpt>
      <trkpt lat="36.557746" lon="128.707406">
        <ele>93.2</ele>
      </trkpt>
      <trkpt lat="36.557745" lon="128.707462">
        <ele>93.2</ele>
      </trkpt>
      <trkpt lat="36.557744" lon="128.707517">
        <ele>93.2</ele>
      </trkpt>
      <trkpt lat="36.557743" lon="128.707573">
        <ele>93.3</ele>
      </trkpt>
      <trkpt lat="36.557741" lon="128.707629">
        <ele>93.3</ele>
      </trkpt>
      <trkpt lat="36.557740" lon="128.707685">
        <ele>93.3</ele>
      </trkpt>
      <trkpt lat="36.557739" lon="128.707741">
        <ele>93.3</ele>
      </trkpt>
      <trkpt lat="36.557738" lon="128.707797">
        <ele>93.3</ele>
      </trkpt>
      <trkpt lat="36.557736" lon="128.707853">
        <ele>93.4</ele>
      </trkpt>
      <trkpt lat="36.557735" lon="128.707909">
        <ele>93.4</ele>
      </trkpt>
      <trkpt lat="36.557734" lon="128.707965">
        <ele>93.4</ele>
      </trkpt>
      <trkpt lat="36.557733" lon="128.708021">
        <ele>93.4</ele>
      </trkpt>
      <trkpt lat="36.557732" lon="128.708077">
        <ele>93.4</ele>
      </trkpt>
      <trkpt lat="36.557730" lon="128.708133">
        <ele>93.5</ele>
      </trkpt>
      <trkpt lat="36.557729" lon="128.708189">
        <ele>93.5</ele>
      </trkpt>
      <trkpt lat="36.557728" lon="128.708245">
        <ele>93.5</ele>
      </trkpt>
      <trkpt lat="36.557727" lon="128.708301">
        <ele>93.5</ele>
      </trkpt>
      <trkpt lat="36.557725" lon="128.708357">
        <ele>93.5</ele>
      </trkpt>
      <trkpt lat="36.557724" lon="128.708413">
        <ele>93.6</ele>
      </trkpt>
      <trkpt lat="36.557723" lon="128.708469">
        <ele>93.6</ele>
      </trkpt>
      <trkpt lat="36.557722" lon="128.708525">
        <ele>93.6</ele>
      </trkpt>
      <trkpt lat="36.557720" lon="128.708581">
        <ele>93.6</ele>
      </trkpt>
      <trkpt lat="36.557719" lon="128.708637">
        <ele>93.7</ele>
      </trkpt>
      <trkpt lat="36.557718" lon="128.708693">
        <ele>93.7</ele>
      </trkpt>
      <trkpt lat="36.557717" lon="128.708749">
        <ele>93.7</ele>
      </trkpt>
      <trkpt lat="36.557715" lon="128.708805">
        <ele>93.7</ele>
      </trkpt>
      <trkpt lat="36.557714" lon="128.708860">
        <ele>93.7</ele>
      </trkpt>
      <trkpt lat="36.557713" lon="128.708916">
        <ele>93.8</ele>
      </trkpt>
      <trkpt lat="36.557712" lon="128.708972">
        <ele>93.8</ele>
      </trkpt>
      <trkpt lat="36.557711" lon="128.709028">
        <ele>93.8</ele>
      </trkpt>
      <trkpt lat="36.557683" lon="128.709051">
        <ele>93.8</ele>
      </trkpt>
      <trkpt lat="36.557703" lon="128.709051">
        <ele>93.4</ele>
      </trkpt>
      <trkpt lat="36.557709" lon="128.709098">
        <ele>93.3</ele>
      </trkpt>
      <trkpt lat="36.557708" lon="128.709154">
        <ele>93.3</ele>
      </trkpt>
      <trkpt lat="36.557707" lon="128.709210">
        <ele>93.4</ele>
      </trkpt>
      <trkpt lat="36.557705" lon="128.709266">
        <ele>93.4</ele>
      </trkpt>
      <trkpt lat="36.557704" lon="128.709322">
        <ele>93.4</ele>
      </trkpt>
      <trkpt lat="36.557703" lon="128.709378">
        <ele>93.4</ele>
      </trkpt>
      <trkpt lat="36.557702" lon="128.709434">
        <ele>93.4</ele>
      </trkpt>
      <trkpt lat="36.557701" lon="128.709490">
        <ele>93.5</ele>
      </trkpt>
      <trkpt lat="36.557700" lon="128.709546">
        <ele>93.5</ele>
      </trkpt>
      <trkpt lat="36.557698" lon="128.709602">
        <ele>93.5</ele>
      </trkpt>
      <trkpt lat="36.557697" lon="128.709658">
        <ele>93.5</ele>
      </trkpt>
      <trkpt lat="36.557696" lon="128.709714">
        <ele>93.5</ele>
      </trkpt>
      <trkpt lat="36.557695" lon="128.709770">
        <ele>93.6</ele>
      </trkpt>
      <trkpt lat="36.557694" lon="128.709826">
        <ele>93.6</ele>
      </trkpt>
      <trkpt lat="36.557692" lon="128.709882">
        <ele>93.6</ele>
      </trkpt>
      <trkpt lat="36.557691" lon="128.709938">
        <ele>93.6</ele>
      </trkpt>
      <trkpt lat="36.557690" lon="128.709994">
        <ele>93.6</ele>
      </trkpt>
      <trkpt lat="36.557689" lon="128.710050">
        <ele>93.7</ele>
      </trkpt>
      <trkpt lat="36.557688" lon="128.710106">
        <ele>93.7</ele>
      </trkpt>
      <trkpt lat="36.557687" lon="128.710162">
        <ele>93.7</ele>
      </trkpt>
      <trkpt lat="36.557685" lon="128.710218">
        <ele>93.7</ele>
      </trkpt>
      <trkpt lat="36.557684" lon="128.710274">
        <ele>93.7</ele>
      </trkpt>
      <trkpt lat="36.557683" lon="128.710329">
        <ele>93.8</ele>
      </trkpt>
      <trkpt lat="36.557682" lon="128.710385">
        <ele>93.8</ele>
      </trkpt>
      <trkpt lat="36.557681" lon="128.710441">
        <ele>93.8</ele>
      </trkpt>
      <trkpt lat="36.557680" lon="128.710497">
        <ele>93.8</ele>
      </trkpt>
      <trkpt lat="36.557679" lon="128.710553">
        <ele>93.8</ele>
      </trkpt>
      <trkpt lat="36.557677" lon="128.710609">
        <ele>93.8</ele>
      </trkpt>
      <trkpt lat="36.557676" lon="128.710665">
        <ele>93.7</ele>
      </trkpt>
      <trkpt lat="36.557675" lon="128.710721">
        <ele>93.7</ele>
      </trkpt>
      <trkpt lat="36.557674" lon="128.710777">
        <ele>93.7</ele>
      </trkpt>
      <trkpt lat="36.557673" lon="128.710833">
        <ele>93.7</ele>
      </trkpt>
      <trkpt lat="36.557672" lon="128.710889">
        <ele>93.7</ele>
      </trkpt>
      <trkpt lat="36.557671" lon="128.710945">
        <ele>93.7</ele>
      </trkpt>
      <trkpt lat="36.557670" lon="128.711001">
        <ele>93.7</ele>
      </trkpt>
      <trkpt lat="36.557669" lon="128.711057">
        <ele>93.6</ele>
      </trkpt>
      <trkpt lat="36.557668" lon="128.711113">
        <ele>93.6</ele>
      </trkpt>
      <trkpt lat="36.557666" lon="128.711169">
        <ele>93.6</ele>
      </trkpt>
      <trkpt lat="36.557665" lon="128.711225">
        <ele>93.6</ele>
      </trkpt>
      <trkpt lat="36.557664" lon="128.711281">
        <ele>93.6</ele>
      </trkpt>
      <trkpt lat="36.557663" lon="128.711337">
        <ele>93.6</ele>
      </trkpt>
      <trkpt lat="36.557662" lon="128.711393">
        <ele>93.6</ele>
      </trkpt>
      <trkpt lat="36.557661" lon="128.711449">
        <ele>93.6</ele>
      </trkpt>
      <trkpt lat="36.557660" lon="128.711505">
        <ele>93.5</ele>
      </trkpt>
      <trkpt lat="36.557659" lon="128.711561">
        <ele>93.5</ele>
      </trkpt>
      <trkpt lat="36.557658" lon="128.711617">
        <ele>93.5</ele>
      </trkpt>
      <trkpt lat="36.557657" lon="128.711673">
        <ele>93.5</ele>
      </trkpt>
      <trkpt lat="36.557655" lon="128.711729">
        <ele>93.5</ele>
      </trkpt>
      <trkpt lat="36.557654" lon="128.711785">
        <ele>93.5</ele>
      </trkpt>
      <trkpt lat="36.557653" lon="128.711840">
        <ele>93.5</ele>
      </trkpt>
      <trkpt lat="36.557652" lon="128.711896">
        <ele>93.4</ele>
      </trkpt>
      <trkpt lat="36.557651" lon="128.711952">
        <ele>93.4</ele>
      </trkpt>
      <trkpt lat="36.557650" lon="128.712008">
        <ele>93.4</ele>
      </trkpt>
      <trkpt lat="36.557649" lon="128.712064">
        <ele>93.4</ele>
      </trkpt>
      <trkpt lat="36.557648" lon="128.712120">
        <ele>93.4</ele>
      </trkpt>
      <trkpt lat="36.557647" lon="128.712176">
        <ele>93.4</ele>
      </trkpt>
      <trkpt lat="36.557646" lon="128.712232">
        <ele>93.4</ele>
      </trkpt>
      <trkpt lat="36.557644" lon="128.712288">
        <ele>93.4</ele>
      </trkpt>
      <trkpt lat="36.557643" lon="128.712344">
        <ele>93.3</ele>
      </trkpt>
      <trkpt lat="36.557642" lon="128.712400">
        <ele>93.3</ele>
      </trkpt>
      <trkpt lat="36.557641" lon="128.712456">
        <ele>93.3</ele>
      </trkpt>
      <trkpt lat="36.557640" lon="128.712512">
        <ele>93.3</ele>
      </trkpt>
      <trkpt lat="36.557639" lon="128.712568">
        <ele>93.3</ele>
      </trkpt>
      <trkpt lat="36.557638" lon="128.712624">
        <ele>93.3</ele>
      </trkpt>
      <trkpt lat="36.557637" lon="128.712680">
        <ele>93.3</ele>
      </trkpt>
      <trkpt lat="36.557636" lon="128.712736">
        <ele>93.2</ele>
      </trkpt>
      <trkpt lat="36.557635" lon="128.712792">
        <ele>93.2</ele>
      </trkpt>
      <trkpt lat="36.557634" lon="128.712848">
        <ele>93.2</ele>
      </trkpt>
      <trkpt lat="36.557632" lon="128.712904">
        <ele>93.2</ele>
      </trkpt>
      <trkpt lat="36.557631" lon="128.712960">
        <ele>93.2</ele>
      </trkpt>
      <trkpt lat="36.557630" lon="128.713016">
        <ele>93.2</ele>
      </trkpt>
      <trkpt lat="36.557629" lon="128.713072">
        <ele>93.2</ele>
      </trkpt>
      <trkpt lat="36.557628" lon="128.713128">
        <ele>93.2</ele>
      </trkpt>
      <trkpt lat="36.557627" lon="128.713184">
        <ele>93.1</ele>
      </trkpt>
      <trkpt lat="36.557626" lon="128.713240">
        <ele>93.1</ele>
      </trkpt>
      <trkpt lat="36.557625" lon="128.713296">
        <ele>93.1</ele>
      </trkpt>
      <trkpt lat="36.557624" lon="128.713351">
        <ele>93.1</ele>
      </trkpt>
      <trkpt lat="36.557623" lon="128.713407">
        <ele>93.1</ele>
      </trkpt>
      <trkpt lat="36.557621" lon="128.713463">
        <ele>93.1</ele>
      </trkpt>
      <trkpt lat="36.557620" lon="128.713519">
        <ele>93.1</ele>
      </trkpt>
      <trkpt lat="36.557619" lon="128.713575">
        <ele>93.0</ele>
      </trkpt>
      <trkpt lat="36.557618" lon="128.713631">
        <ele>93.0</ele>
      </trkpt>
      <trkpt lat="36.557617" lon="128.713687">
        <ele>93.0</ele>
      </trkpt>
      <trkpt lat="36.557616" lon="128.713743">
        <ele>93.0</ele>
      </trkpt>
      <trkpt lat="36.557615" lon="128.713799">
        <ele>93.0</ele>
      </trkpt>
      <trkpt lat="36.557614" lon="128.713855">
        <ele>93.0</ele>
      </trkpt>
      <trkpt lat="36.557613" lon="128.713911">
        <ele>93.0</ele>
      </trkpt>
      <trkpt lat="36.557612" lon="128.713967">
        <ele>93.0</ele>
      </trkpt>
      <trkpt lat="36.557610" lon="128.714023">
        <ele>92.9</ele>
      </trkpt>
      <trkpt lat="36.557609" lon="128.714079">
        <ele>92.9</ele>
      </trkpt>
      <trkpt lat="36.557608" lon="128.714135">
        <ele>92.9</ele>
      </trkpt>
      <trkpt lat="36.557607" lon="128.714191">
        <ele>92.9</ele>
      </trkpt>
      <trkpt lat="36.557606" lon="128.714247">
        <ele>92.9</ele>
      </trkpt>
      <trkpt lat="36.557605" lon="128.714303">
        <ele>92.9</ele>
      </trkpt>
      <trkpt lat="36.557604" lon="128.714359">
        <ele>92.9</ele>
      </trkpt>
      <trkpt lat="36.557603" lon="128.714415">
        <ele>92.8</ele>
      </trkpt>
      <trkpt lat="36.557602" lon="128.714471">
        <ele>92.8</ele>
      </trkpt>
      <trkpt lat="36.557601" lon="128.714527">
        <ele>92.8</ele>
      </trkpt>
      <trkpt lat="36.557599" lon="128.714583">
        <ele>92.8</ele>
      </trkpt>
      <trkpt lat="36.557599" lon="128.714639">
        <ele>92.8</ele>
      </trkpt>
      <trkpt lat="36.557600" lon="128.714695">
        <ele>92.8</ele>
      </trkpt>
      <trkpt lat="36.557601" lon="128.714751">
        <ele>92.8</ele>
      </trkpt>
      <trkpt lat="36.557601" lon="128.714807">
        <ele>92.8</ele>
      </trkpt>
      <trkpt lat="36.557602" lon="128.714863">
        <ele>92.8</ele>
      </trkpt>
      <trkpt lat="36.557603" lon="128.714919">
        <ele>92.9</ele>
      </trkpt>
      <trkpt lat="36.557603" lon="128.714974">
        <ele>92.9</ele>
      </trkpt>
      <trkpt lat="36.557604" lon="128.715030">
        <ele>92.9</ele>
      </trkpt>
      <trkpt lat="36.557604" lon="128.715086">
        <ele>92.9</ele>
      </trkpt>
      <trkpt lat="36.557605" lon="128.715142">
        <ele>92.9</ele>
      </trkpt>
      <trkpt lat="36.557606" lon="128.715198">
        <ele>92.9</ele>
      </trkpt>
      <trkpt lat="36.557606" lon="128.715254">
        <ele>92.9</ele>
      </trkpt>
      <trkpt lat="36.557607" lon="128.715310">
        <ele>92.9</ele>
      </trkpt>
      <trkpt lat="36.557608" lon="128.715366">
        <ele>92.9</ele>
      </trkpt>
      <trkpt lat="36.557608" lon="128.715422">
        <ele>93.0</ele>
      </trkpt>
      <trkpt lat="36.557609" lon="128.715478">
        <ele>93.0</ele>
      </trkpt>
      <trkpt lat="36.557610" lon="128.715534">
        <ele>93.0</ele>
      </trkpt>
      <trkpt lat="36.557610" lon="128.715590">
        <ele>93.0</ele>
      </trkpt>
      <trkpt lat="36.557611" lon="128.715646">
        <ele>93.0</ele>
      </trkpt>
      <trkpt lat="36.557615" lon="128.715702">
        <ele>92.9</ele>
      </trkpt>
      <trkpt lat="36.557620" lon="128.715757">
        <ele>92.9</ele>
      </trkpt>
      <trkpt lat="36.557625" lon="128.715813">
        <ele>92.8</ele>
      </trkpt>
      <trkpt lat="36.557630" lon="128.715869">
        <ele>92.7</ele>
      </trkpt>
      <trkpt lat="36.557636" lon="128.715924">
        <ele>92.6</ele>
      </trkpt>
      <trkpt lat="36.557641" lon="128.715980">
        <ele>92.5</ele>
      </trkpt>
      <trkpt lat="36.557646" lon="128.716035">
        <ele>92.4</ele>
      </trkpt>
      <trkpt lat="36.557651" lon="128.716091">
        <ele>92.4</ele>
      </trkpt>
      <trkpt lat="36.557657" lon="128.716147">
        <ele>92.3</ele>
      </trkpt>
      <trkpt lat="36.557662" lon="128.716202">
        <ele>92.2</ele>
      </trkpt>
      <trkpt lat="36.557667" lon="128.716258">
        <ele>92.1</ele>
      </trkpt>
      <trkpt lat="36.557672" lon="128.716313">
        <ele>92.0</ele>
      </trkpt>
      <trkpt lat="36.557678" lon="128.716369">
        <ele>91.9</ele>
      </trkpt>
      <trkpt lat="36.557683" lon="128.716425">
        <ele>91.8</ele>
      </trkpt>
      <trkpt lat="36.557690" lon="128.716480">
        <ele>92.0</ele>
      </trkpt>
      <trkpt lat="36.557700" lon="128.716535">
        <ele>92.5</ele>
      </trkpt>
      <trkpt lat="36.557709" lon="128.716589">
        <ele>93.0</ele>
      </trkpt>
      <trkpt lat="36.557719" lon="128.716644">
        <ele>93.5</ele>
      </trkpt>
      <trkpt lat="36.557722" lon="128.716676">
        <ele>92.3</ele>
      </trkpt>
      <trkpt lat="36.557733" lon="128.716727">
        <ele>92.1</ele>
      </trkpt>
      <trkpt lat="36.557743" lon="128.716782">
        <ele>92.2</ele>
      </trkpt>
      <trkpt lat="36.557753" lon="128.716837">
        <ele>92.3</ele>
      </trkpt>
      <trkpt lat="36.557762" lon="128.716891">
        <ele>92.4</ele>
      </trkpt>
      <trkpt lat="36.557772" lon="128.716946">
        <ele>92.5</ele>
      </trkpt>
      <trkpt lat="36.557782" lon="128.717001">
        <ele>92.6</ele>
      </trkpt>
      <trkpt lat="36.557792" lon="128.717055">
        <ele>92.7</ele>
      </trkpt>
      <trkpt lat="36.557801" lon="128.717110">
        <ele>92.8</ele>
      </trkpt>
      <trkpt lat="36.557811" lon="128.717165">
        <ele>92.9</ele>
      </trkpt>
      <trkpt lat="36.557821" lon="128.717219">
        <ele>93.0</ele>
      </trkpt>
      <trkpt lat="36.557830" lon="128.717274">
        <ele>93.1</ele>
      </trkpt>
      <trkpt lat="36.557840" lon="128.717329">
        <ele>93.3</ele>
      </trkpt>
      <trkpt lat="36.557850" lon="128.717383">
        <ele>93.4</ele>
      </trkpt>
      <trkpt lat="36.557859" lon="128.717438">
        <ele>93.5</ele>
      </trkpt>
      <trkpt lat="36.557869" lon="128.717493">
        <ele>93.6</ele>
      </trkpt>
      <trkpt lat="36.557879" lon="128.717547">
        <ele>93.7</ele>
      </trkpt>
      <trkpt lat="36.557889" lon="128.717602">
        <ele>93.8</ele>
      </trkpt>
      <trkpt lat="36.557895" lon="128.717657">
        <ele>93.8</ele>
      </trkpt>
      <trkpt lat="36.557901" lon="128.717713">
        <ele>93.9</ele>
      </trkpt>
      <trkpt lat="36.557907" lon="128.717768">
        <ele>93.9</ele>
      </trkpt>
      <trkpt lat="36.557912" lon="128.717824">
        <ele>94.0</ele>
      </trkpt>
      <trkpt lat="36.557918" lon="128.717880">
        <ele>94.0</ele>
      </trkpt>
      <trkpt lat="36.557923" lon="128.717935">
        <ele>94.1</ele>
      </trkpt>
      <trkpt lat="36.557929" lon="128.717991">
        <ele>94.1</ele>
      </trkpt>
      <trkpt lat="36.557935" lon="128.718046">
        <ele>94.2</ele>
      </trkpt>
      <trkpt lat="36.557940" lon="128.718102">
        <ele>94.2</ele>
      </trkpt>
      <trkpt lat="36.557946" lon="128.718157">
        <ele>94.3</ele>
      </trkpt>
      <trkpt lat="36.557952" lon="128.718213">
        <ele>94.3</ele>
      </trkpt>
      <trkpt lat="36.557957" lon="128.718268">
        <ele>94.4</ele>
      </trkpt>
      <trkpt lat="36.557963" lon="128.718324">
        <ele>94.4</ele>
      </trkpt>
      <trkpt lat="36.557969" lon="128.718379">
        <ele>94.5</ele>
      </trkpt>
      <trkpt lat="36.557974" lon="128.718435">
        <ele>94.5</ele>
      </trkpt>
      <trkpt lat="36.557980" lon="128.718490">
        <ele>94.6</ele>
      </trkpt>
      <trkpt lat="36.557986" lon="128.718546">
        <ele>94.6</ele>
      </trkpt>
      <trkpt lat="36.557991" lon="128.718602">
        <ele>94.7</ele>
      </trkpt>
      <trkpt lat="36.557997" lon="128.718657">
        <ele>94.7</ele>
      </trkpt>
      <trkpt lat="36.558003" lon="128.718713">
        <ele>94.7</ele>
      </trkpt>
      <trkpt lat="36.558008" lon="128.718768">
        <ele>94.8</ele>
      </trkpt>
      <trkpt lat="36.558014" lon="128.718824">
        <ele>94.8</ele>
      </trkpt>
      <trkpt lat="36.558020" lon="128.718879">
        <ele>94.9</ele>
      </trkpt>
      <trkpt lat="36.558025" lon="128.718935">
        <ele>94.9</ele>
      </trkpt>
      <trkpt lat="36.558031" lon="128.718990">
        <ele>95.0</ele>
      </trkpt>
      <trkpt lat="36.558036" lon="128.719046">
        <ele>95.0</ele>
      </trkpt>
      <trkpt lat="36.558042" lon="128.719101">
        <ele>95.1</ele>
      </trkpt>
      <trkpt lat="36.558048" lon="128.719157">
        <ele>95.1</ele>
      </trkpt>
      <trkpt lat="36.558053" lon="128.719212">
        <ele>95.2</ele>
      </trkpt>
      <trkpt lat="36.558059" lon="128.719268">
        <ele>95.2</ele>
      </trkpt>
      <trkpt lat="36.558065" lon="128.719323">
        <ele>95.3</ele>
      </trkpt>
      <trkpt lat="36.558070" lon="128.719379">
        <ele>95.3</ele>
      </trkpt>
      <trkpt lat="36.558076" lon="128.719435">
        <ele>95.4</ele>
      </trkpt>
      <trkpt lat="36.558082" lon="128.719490">
        <ele>95.4</ele>
      </trkpt>
      <trkpt lat="36.558087" lon="128.719546">
        <ele>95.5</ele>
      </trkpt>
      <trkpt lat="36.558093" lon="128.719601">
        <ele>95.5</ele>
      </trkpt>
      <trkpt lat="36.558098" lon="128.719657">
        <ele>95.6</ele>
      </trkpt>
      <trkpt lat="36.558104" lon="128.719712">
        <ele>95.7</ele>
      </trkpt>
      <trkpt lat="36.558109" lon="128.719768">
        <ele>95.8</ele>
      </trkpt>
      <trkpt lat="36.558115" lon="128.719823">
        <ele>95.9</ele>
      </trkpt>
      <trkpt lat="36.558121" lon="128.719879">
        <ele>96.0</ele>
      </trkpt>
      <trkpt lat="36.558126" lon="128.719934">
        <ele>96.1</ele>
      </trkpt>
      <trkpt lat="36.558132" lon="128.719990">
        <ele>96.1</ele>
      </trkpt>
      <trkpt lat="36.558137" lon="128.720046">
        <ele>96.2</ele>
      </trkpt>
      <trkpt lat="36.558143" lon="128.720101">
        <ele>96.3</ele>
      </trkpt>
      <trkpt lat="36.558148" lon="128.720157">
        <ele>96.4</ele>
      </trkpt>
      <trkpt lat="36.558154" lon="128.720212">
        <ele>96.5</ele>
      </trkpt>
      <trkpt lat="36.558159" lon="128.720268">
        <ele>96.6</ele>
      </trkpt>
      <trkpt lat="36.558165" lon="128.720323">
        <ele>96.7</ele>
      </trkpt>
      <trkpt lat="36.558170" lon="128.720379">
        <ele>96.7</ele>
      </trkpt>
      <trkpt lat="36.558176" lon="128.720435">
        <ele>96.8</ele>
      </trkpt>
      <trkpt lat="36.558181" lon="128.720490">
        <ele>96.9</ele>
      </trkpt>
      <trkpt lat="36.558187" lon="128.720546">
        <ele>97.0</ele>
      </trkpt>
      <trkpt lat="36.558192" lon="128.720601">
        <ele>97.1</ele>
      </trkpt>
      <trkpt lat="36.558198" lon="128.720657">
        <ele>97.2</ele>
      </trkpt>
      <trkpt lat="36.558203" lon="128.720712">
        <ele>97.3</ele>
      </trkpt>
      <trkpt lat="36.558209" lon="128.720768">
        <ele>97.4</ele>
      </trkpt>
      <trkpt lat="36.558214" lon="128.720823">
        <ele>97.4</ele>
      </trkpt>
      <trkpt lat="36.558220" lon="128.720879">
        <ele>97.5</ele>
      </trkpt>
      <trkpt lat="36.558224" lon="128.720935">
        <ele>97.5</ele>
      </trkpt>
      <trkpt lat="36.558229" lon="128.720990">
        <ele>97.5</ele>
      </trkpt>
      <trkpt lat="36.558236" lon="128.721046">
        <ele>97.4</ele>
      </trkpt>
      <trkpt lat="36.558243" lon="128.721101">
        <ele>97.3</ele>
      </trkpt>
      <trkpt lat="36.558250" lon="128.721156">
        <ele>97.3</ele>
      </trkpt>
      <trkpt lat="36.558257" lon="128.721212">
        <ele>97.3</ele>
      </trkpt>
      <trkpt lat="36.558263" lon="128.721267">
        <ele>97.3</ele>
      </trkpt>
      <trkpt lat="36.558270" lon="128.721322">
        <ele>97.3</ele>
      </trkpt>
      <trkpt lat="36.558277" lon="128.721378">
        <ele>97.3</ele>
      </trkpt>
      <trkpt lat="36.558284" lon="128.721433">
        <ele>97.3</ele>
      </trkpt>
      <trkpt lat="36.558290" lon="128.721488">
        <ele>97.3</ele>
      </trkpt>
      <trkpt lat="36.558297" lon="128.721544">
        <ele>97.3</ele>
      </trkpt>
      <trkpt lat="36.558304" lon="128.721599">
        <ele>97.3</ele>
      </trkpt>
      <trkpt lat="36.558311" lon="128.721654">
        <ele>97.3</ele>
      </trkpt>
      <trkpt lat="36.558317" lon="128.721710">
        <ele>97.3</ele>
      </trkpt>
      <trkpt lat="36.558324" lon="128.721765">
        <ele>97.3</ele>
      </trkpt>
      <trkpt lat="36.558331" lon="128.721820">
        <ele>97.3</ele>
      </trkpt>
      <trkpt lat="36.558338" lon="128.721876">
        <ele>97.3</ele>
      </trkpt>
      <trkpt lat="36.558345" lon="128.721931">
        <ele>97.3</ele>
      </trkpt>
      <trkpt lat="36.558351" lon="128.721986">
        <ele>97.3</ele>
      </trkpt>
      <trkpt lat="36.558358" lon="128.722042">
        <ele>97.3</ele>
      </trkpt>
      <trkpt lat="36.558340" lon="128.722063">
        <ele>97.3</ele>
      </trkpt>
      <trkpt lat="36.558364" lon="128.722088">
        <ele>97.3</ele>
      </trkpt>
      <trkpt lat="36.558370" lon="128.722143">
        <ele>97.3</ele>
      </trkpt>
      <trkpt lat="36.558377" lon="128.722198">
        <ele>97.3</ele>
      </trkpt>
      <trkpt lat="36.558384" lon="128.722254">
        <ele>97.3</ele>
      </trkpt>
      <trkpt lat="36.558391" lon="128.722309">
        <ele>97.3</ele>
      </trkpt>
      <trkpt lat="36.558397" lon="128.722365">
        <ele>97.3</ele>
      </trkpt>
      <trkpt lat="36.558404" lon="128.722420">
        <ele>97.3</ele>
      </trkpt>
      <trkpt lat="36.558411" lon="128.722475">
        <ele>97.3</ele>
      </trkpt>
      <trkpt lat="36.558418" lon="128.722531">
        <ele>97.3</ele>
      </trkpt>
      <trkpt lat="36.558424" lon="128.722586">
        <ele>97.3</ele>
      </trkpt>
      <trkpt lat="36.558431" lon="128.722641">
        <ele>97.3</ele>
      </trkpt>
      <trkpt lat="36.558438" lon="128.722697">
        <ele>97.3</ele>
      </trkpt>
      <trkpt lat="36.558445" lon="128.722752">
        <ele>97.3</ele>
      </trkpt>
      <trkpt lat="36.558451" lon="128.722807">
        <ele>97.3</ele>
      </trkpt>
      <trkpt lat="36.558458" lon="128.722863">
        <ele>97.3</ele>
      </trkpt>
      <trkpt lat="36.558465" lon="128.722918">
        <ele>97.3</ele>
      </trkpt>
      <trkpt lat="36.558472" lon="128.722973">
        <ele>97.3</ele>
      </trkpt>
      <trkpt lat="36.558479" lon="128.723029">
        <ele>97.3</ele>
      </trkpt>
      <trkpt lat="36.558485" lon="128.723084">
        <ele>97.3</ele>
      </trkpt>
      <trkpt lat="36.558492" lon="128.723139">
        <ele>97.3</ele>
      </trkpt>
      <trkpt lat="36.558499" lon="128.723195">
        <ele>97.3</ele>
      </trkpt>
      <trkpt lat="36.558506" lon="128.723250">
        <ele>97.3</ele>
      </trkpt>
      <trkpt lat="36.558512" lon="128.723305">
        <ele>97.3</ele>
      </trkpt>
      <trkpt lat="36.558519" lon="128.723361">
        <ele>97.3</ele>
      </trkpt>
      <trkpt lat="36.558526" lon="128.723416">
        <ele>97.3</ele>
      </trkpt>
      <trkpt lat="36.558533" lon="128.723471">
        <ele>97.3</ele>
      </trkpt>
      <trkpt lat="36.558539" lon="128.723527">
        <ele>97.3</ele>
      </trkpt>
      <trkpt lat="36.558546" lon="128.723582">
        <ele>97.3</ele>
      </trkpt>
      <trkpt lat="36.558553" lon="128.723637">
        <ele>97.3</ele>
      </trkpt>
      <trkpt lat="36.558560" lon="128.723693">
        <ele>97.3</ele>
      </trkpt>
      <trkpt lat="36.558566" lon="128.723748">
        <ele>97.3</ele>
      </trkpt>
      <trkpt lat="36.558573" lon="128.723803">
        <ele>97.3</ele>
      </trkpt>
      <trkpt lat="36.558580" lon="128.723859">
        <ele>97.3</ele>
      </trkpt>
      <trkpt lat="36.558587" lon="128.723914">
        <ele>97.3</ele>
      </trkpt>
      <trkpt lat="36.558593" lon="128.723970">
        <ele>97.3</ele>
      </trkpt>
      <trkpt lat="36.558600" lon="128.724025">
        <ele>97.3</ele>
      </trkpt>
      <trkpt lat="36.558607" lon="128.724080">
        <ele>97.3</ele>
      </trkpt>
      <trkpt lat="36.558614" lon="128.724136">
        <ele>97.3</ele>
      </trkpt>
      <trkpt lat="36.558620" lon="128.724191">
        <ele>97.3</ele>
      </trkpt>
      <trkpt lat="36.558627" lon="128.724246">
        <ele>97.3</ele>
      </trkpt>
      <trkpt lat="36.558634" lon="128.724302">
        <ele>97.3</ele>
      </trkpt>
      <trkpt lat="36.558641" lon="128.724357">
        <ele>97.3</ele>
      </trkpt>
      <trkpt lat="36.558647" lon="128.724412">
        <ele>97.3</ele>
      </trkpt>
      <trkpt lat="36.558654" lon="128.724468">
        <ele>97.3</ele>
      </trkpt>
      <trkpt lat="36.558661" lon="128.724523">
        <ele>97.3</ele>
      </trkpt>
      <trkpt lat="36.558668" lon="128.724578">
        <ele>97.3</ele>
      </trkpt>
      <trkpt lat="36.558674" lon="128.724634">
        <ele>97.3</ele>
      </trkpt>
      <trkpt lat="36.558681" lon="128.724689">
        <ele>97.3</ele>
      </trkpt>
      <trkpt lat="36.558688" lon="128.724744">
        <ele>97.3</ele>
      </trkpt>
      <trkpt lat="36.558695" lon="128.724800">
        <ele>97.3</ele>
      </trkpt>
      <trkpt lat="36.558701" lon="128.724855">
        <ele>97.3</ele>
      </trkpt>
      <trkpt lat="36.558708" lon="128.724910">
        <ele>97.3</ele>
      </trkpt>
      <trkpt lat="36.558715" lon="128.724966">
        <ele>97.3</ele>
      </trkpt>
      <trkpt lat="36.558722" lon="128.725021">
        <ele>97.3</ele>
      </trkpt>
      <trkpt lat="36.558729" lon="128.725076">
        <ele>97.3</ele>
      </trkpt>
      <trkpt lat="36.558735" lon="128.725132">
        <ele>97.3</ele>
      </trkpt>
      <trkpt lat="36.558742" lon="128.725187">
        <ele>97.3</ele>
      </trkpt>
      <trkpt lat="36.558749" lon="128.725242">
        <ele>97.3</ele>
      </trkpt>
      <trkpt lat="36.558756" lon="128.725298">
        <ele>97.3</ele>
      </trkpt>
      <trkpt lat="36.558762" lon="128.725353">
        <ele>97.3</ele>
      </trkpt>
      <trkpt lat="36.558769" lon="128.725408">
        <ele>97.3</ele>
      </trkpt>
      <trkpt lat="36.558776" lon="128.725464">
        <ele>97.3</ele>
      </trkpt>
      <trkpt lat="36.558783" lon="128.725519">
        <ele>97.3</ele>
      </trkpt>
      <trkpt lat="36.558789" lon="128.725575">
        <ele>97.3</ele>
      </trkpt>
      <trkpt lat="36.558796" lon="128.725630">
        <ele>97.3</ele>
      </trkpt>
      <trkpt lat="36.558803" lon="128.725685">
        <ele>97.3</ele>
      </trkpt>
      <trkpt lat="36.558810" lon="128.725741">
        <ele>97.3</ele>
      </trkpt>
      <trkpt lat="36.558816" lon="128.725796">
        <ele>97.3</ele>
      </trkpt>
      <trkpt lat="36.558823" lon="128.725851">
        <ele>97.3</ele>
      </trkpt>
      <trkpt lat="36.558830" lon="128.725907">
        <ele>97.3</ele>
      </trkpt>
      <trkpt lat="36.558837" lon="128.725962">
        <ele>97.3</ele>
      </trkpt>
      <trkpt lat="36.558843" lon="128.726017">
        <ele>97.3</ele>
      </trkpt>
      <trkpt lat="36.558852" lon="128.726046">
        <ele>97.3</ele>
      </trkpt>
      <trkpt lat="36.558853" lon="128.726096">
        <ele>97.3</ele>
      </trkpt>
      <trkpt lat="36.558860" lon="128.726151">
        <ele>97.3</ele>
      </trkpt>
      <trkpt lat="36.558867" lon="128.726206">
        <ele>97.3</ele>
      </trkpt>
      <trkpt lat="36.558874" lon="128.726262">
        <ele>97.3</ele>
      </trkpt>
      <trkpt lat="36.558881" lon="128.726317">
        <ele>97.3</ele>
      </trkpt>
      <trkpt lat="36.558888" lon="128.726372">
        <ele>97.3</ele>
      </trkpt>
      <trkpt lat="36.558895" lon="128.726428">
        <ele>97.5</ele>
      </trkpt>
      <trkpt lat="36.558901" lon="128.726483">
        <ele>97.7</ele>
      </trkpt>
      <trkpt lat="36.558908" lon="128.726538">
        <ele>97.9</ele>
      </trkpt>
      <trkpt lat="36.558915" lon="128.726594">
        <ele>98.1</ele>
      </trkpt>
      <trkpt lat="36.558922" lon="128.726649">
        <ele>98.1</ele>
      </trkpt>
      <trkpt lat="36.558928" lon="128.726704">
        <ele>98.2</ele>
      </trkpt>
      <trkpt lat="36.558935" lon="128.726760">
        <ele>98.3</ele>
      </trkpt>
      <trkpt lat="36.558942" lon="128.726815">
        <ele>98.3</ele>
      </trkpt>
      <trkpt lat="36.558948" lon="128.726870">
        <ele>98.2</ele>
      </trkpt>
      <trkpt lat="36.558955" lon="128.726926">
        <ele>98.2</ele>
      </trkpt>
      <trkpt lat="36.558962" lon="128.726981">
        <ele>98.2</ele>
      </trkpt>
      <trkpt lat="36.558968" lon="128.727037">
        <ele>98.1</ele>
      </trkpt>
      <trkpt lat="36.558975" lon="128.727092">
        <ele>98.1</ele>
      </trkpt>
      <trkpt lat="36.558982" lon="128.727147">
        <ele>98.1</ele>
      </trkpt>
      <trkpt lat="36.558989" lon="128.727203">
        <ele>98.0</ele>
      </trkpt>
      <trkpt lat="36.558995" lon="128.727258">
        <ele>98.0</ele>
      </trkpt>
      <trkpt lat="36.559002" lon="128.727313">
        <ele>98.0</ele>
      </trkpt>
      <trkpt lat="36.559009" lon="128.727369">
        <ele>98.0</ele>
      </trkpt>
      <trkpt lat="36.559015" lon="128.727424">
        <ele>97.9</ele>
      </trkpt>
      <trkpt lat="36.559022" lon="128.727479">
        <ele>97.9</ele>
      </trkpt>
      <trkpt lat="36.559029" lon="128.727535">
        <ele>97.9</ele>
      </trkpt>
      <trkpt lat="36.559036" lon="128.727590">
        <ele>97.8</ele>
      </trkpt>
      <trkpt lat="36.559042" lon="128.727645">
        <ele>97.8</ele>
      </trkpt>
      <trkpt lat="36.559049" lon="128.727701">
        <ele>97.8</ele>
      </trkpt>
      <trkpt lat="36.559056" lon="128.727756">
        <ele>97.7</ele>
      </trkpt>
      <trkpt lat="36.559062" lon="128.727811">
        <ele>97.7</ele>
      </trkpt>
      <trkpt lat="36.559069" lon="128.727867">
        <ele>97.7</ele>
      </trkpt>
      <trkpt lat="36.559076" lon="128.727922">
        <ele>97.6</ele>
      </trkpt>
      <trkpt lat="36.559083" lon="128.727978">
        <ele>97.6</ele>
      </trkpt>
      <trkpt lat="36.559089" lon="128.728033">
        <ele>97.6</ele>
      </trkpt>
      <trkpt lat="36.559096" lon="128.728088">
        <ele>97.5</ele>
      </trkpt>
      <trkpt lat="36.559103" lon="128.728144">
        <ele>97.5</ele>
      </trkpt>
      <trkpt lat="36.559110" lon="128.728199">
        <ele>97.5</ele>
      </trkpt>
      <trkpt lat="36.559116" lon="128.728254">
        <ele>97.4</ele>
      </trkpt>
      <trkpt lat="36.559123" lon="128.728310">
        <ele>97.4</ele>
      </trkpt>
      <trkpt lat="36.559130" lon="128.728365">
        <ele>97.4</ele>
      </trkpt>
      <trkpt lat="36.559136" lon="128.728420">
        <ele>97.3</ele>
      </trkpt>
      <trkpt lat="36.559143" lon="128.728476">
        <ele>97.3</ele>
      </trkpt>
      <trkpt lat="36.559150" lon="128.728531">
        <ele>97.3</ele>
      </trkpt>
      <trkpt lat="36.559157" lon="128.728586">
        <ele>97.2</ele>
      </trkpt>
      <trkpt lat="36.559163" lon="128.728642">
        <ele>97.2</ele>
      </trkpt>
      <trkpt lat="36.559170" lon="128.728697">
        <ele>97.2</ele>
      </trkpt>
      <trkpt lat="36.559177" lon="128.728752">
        <ele>97.1</ele>
      </trkpt>
      <trkpt lat="36.559183" lon="128.728808">
        <ele>97.1</ele>
      </trkpt>
      <trkpt lat="36.559190" lon="128.728863">
        <ele>97.1</ele>
      </trkpt>
      <trkpt lat="36.559197" lon="128.728919">
        <ele>97.0</ele>
      </trkpt>
      <trkpt lat="36.559204" lon="128.728974">
        <ele>97.0</ele>
      </trkpt>
      <trkpt lat="36.559210" lon="128.729029">
        <ele>97.0</ele>
      </trkpt>
      <trkpt lat="36.559217" lon="128.729085">
        <ele>96.9</ele>
      </trkpt>
      <trkpt lat="36.559224" lon="128.729140">
        <ele>96.9</ele>
      </trkpt>
      <trkpt lat="36.559230" lon="128.729195">
        <ele>96.9</ele>
      </trkpt>
      <trkpt lat="36.559237" lon="128.729251">
        <ele>96.8</ele>
      </trkpt>
      <trkpt lat="36.559244" lon="128.729306">
        <ele>96.8</ele>
      </trkpt>
      <trkpt lat="36.559251" lon="128.729361">
        <ele>96.8</ele>
      </trkpt>
      <trkpt lat="36.559257" lon="128.729417">
        <ele>96.7</ele>
      </trkpt>
      <trkpt lat="36.559264" lon="128.729472">
        <ele>96.7</ele>
      </trkpt>
      <trkpt lat="36.559271" lon="128.729527">
        <ele>96.7</ele>
      </trkpt>
      <trkpt lat="36.559278" lon="128.729583">
        <ele>96.6</ele>
      </trkpt>
      <trkpt lat="36.559284" lon="128.729638">
        <ele>96.6</ele>
      </trkpt>
      <trkpt lat="36.559291" lon="128.729693">
        <ele>96.6</ele>
      </trkpt>
      <trkpt lat="36.559298" lon="128.729749">
        <ele>96.5</ele>
      </trkpt>
      <trkpt lat="36.559304" lon="128.729804">
        <ele>96.5</ele>
      </trkpt>
      <trkpt lat="36.559311" lon="128.729859">
        <ele>96.5</ele>
      </trkpt>
      <trkpt lat="36.559318" lon="128.729915">
        <ele>96.4</ele>
      </trkpt>
      <trkpt lat="36.559325" lon="128.729970">
        <ele>96.4</ele>
      </trkpt>
      <trkpt lat="36.559331" lon="128.730026">
        <ele>96.4</ele>
      </trkpt>
      <trkpt lat="36.559338" lon="128.730081">
        <ele>96.3</ele>
      </trkpt>
      <trkpt lat="36.559345" lon="128.730136">
        <ele>96.3</ele>
      </trkpt>
      <trkpt lat="36.559351" lon="128.730192">
        <ele>96.2</ele>
      </trkpt>
      <trkpt lat="36.559358" lon="128.730247">
        <ele>96.1</ele>
      </trkpt>
      <trkpt lat="36.559365" lon="128.730302">
        <ele>96.0</ele>
      </trkpt>
      <trkpt lat="36.559371" lon="128.730358">
        <ele>95.9</ele>
      </trkpt>
      <trkpt lat="36.559378" lon="128.730413">
        <ele>95.8</ele>
      </trkpt>
      <trkpt lat="36.559385" lon="128.730468">
        <ele>95.6</ele>
      </trkpt>
      <trkpt lat="36.559392" lon="128.730524">
        <ele>95.5</ele>
      </trkpt>
      <trkpt lat="36.559398" lon="128.730579">
        <ele>95.4</ele>
      </trkpt>
      <trkpt lat="36.559405" lon="128.730634">
        <ele>95.3</ele>
      </trkpt>
      <trkpt lat="36.559412" lon="128.730690">
        <ele>95.2</ele>
      </trkpt>
      <trkpt lat="36.559418" lon="128.730745">
        <ele>95.1</ele>
      </trkpt>
      <trkpt lat="36.559425" lon="128.730801">
        <ele>95.0</ele>
      </trkpt>
      <trkpt lat="36.559432" lon="128.730856">
        <ele>94.8</ele>
      </trkpt>
      <trkpt lat="36.559438" lon="128.730911">
        <ele>94.7</ele>
      </trkpt>
      <trkpt lat="36.559445" lon="128.730967">
        <ele>94.6</ele>
      </trkpt>
      <trkpt lat="36.559452" lon="128.731022">
        <ele>94.5</ele>
      </trkpt>
      <trkpt lat="36.559458" lon="128.731077">
        <ele>94.4</ele>
      </trkpt>
      <trkpt lat="36.559465" lon="128.731133">
        <ele>94.3</ele>
      </trkpt>
      <trkpt lat="36.559472" lon="128.731188">
        <ele>94.1</ele>
      </trkpt>
      <trkpt lat="36.559478" lon="128.731243">
        <ele>94.0</ele>
      </trkpt>
      <trkpt lat="36.559485" lon="128.731299">
        <ele>93.9</ele>
      </trkpt>
      <trkpt lat="36.559492" lon="128.731354">
        <ele>93.8</ele>
      </trkpt>
      <trkpt lat="36.559499" lon="128.731409">
        <ele>93.7</ele>
      </trkpt>
      <trkpt lat="36.559505" lon="128.731465">
        <ele>93.6</ele>
      </trkpt>
      <trkpt lat="36.559512" lon="128.731520">
        <ele>93.5</ele>
      </trkpt>
      <trkpt lat="36.559519" lon="128.731576">
        <ele>93.3</ele>
      </trkpt>
      <trkpt lat="36.559525" lon="128.731631">
        <ele>93.2</ele>
      </trkpt>
      <trkpt lat="36.559532" lon="128.731686">
        <ele>93.1</ele>
      </trkpt>
      <trkpt lat="36.559539" lon="128.731742">
        <ele>93.0</ele>
      </trkpt>
      <trkpt lat="36.559545" lon="128.731797">
        <ele>92.9</ele>
      </trkpt>
      <trkpt lat="36.559552" lon="128.731852">
        <ele>92.8</ele>
      </trkpt>
      <trkpt lat="36.559559" lon="128.731908">
        <ele>92.6</ele>
      </trkpt>
      <trkpt lat="36.559565" lon="128.731963">
        <ele>92.5</ele>
      </trkpt>
      <trkpt lat="36.559572" lon="128.732018">
        <ele>92.4</ele>
      </trkpt>
      <trkpt lat="36.559579" lon="128.732074">
        <ele>92.3</ele>
      </trkpt>
      <trkpt lat="36.559585" lon="128.732129">
        <ele>92.2</ele>
      </trkpt>
      <trkpt lat="36.559592" lon="128.732185">
        <ele>92.1</ele>
      </trkpt>
      <trkpt lat="36.559599" lon="128.732240">
        <ele>92.0</ele>
      </trkpt>
      <trkpt lat="36.559605" lon="128.732295">
        <ele>91.8</ele>
      </trkpt>
      <trkpt lat="36.559612" lon="128.732351">
        <ele>91.7</ele>
      </trkpt>
      <trkpt lat="36.559619" lon="128.732406">
        <ele>91.6</ele>
      </trkpt>
      <trkpt lat="36.559626" lon="128.732461">
        <ele>91.5</ele>
      </trkpt>
      <trkpt lat="36.559632" lon="128.732517">
        <ele>91.4</ele>
      </trkpt>
      <trkpt lat="36.559639" lon="128.732572">
        <ele>91.3</ele>
      </trkpt>
      <trkpt lat="36.559646" lon="128.732627">
        <ele>91.1</ele>
      </trkpt>
      <trkpt lat="36.559652" lon="128.732683">
        <ele>91.0</ele>
      </trkpt>
      <trkpt lat="36.559659" lon="128.732738">
        <ele>90.9</ele>
      </trkpt>
      <trkpt lat="36.559666" lon="128.732793">
        <ele>90.8</ele>
      </trkpt>
      <trkpt lat="36.559672" lon="128.732849">
        <ele>90.7</ele>
      </trkpt>
      <trkpt lat="36.559679" lon="128.732904">
        <ele>90.6</ele>
      </trkpt>
      <trkpt lat="36.559686" lon="128.732960">
        <ele>90.5</ele>
      </trkpt>
      <trkpt lat="36.559692" lon="128.733015">
        <ele>90.3</ele>
      </trkpt>
      <trkpt lat="36.559699" lon="128.733070">
        <ele>90.2</ele>
      </trkpt>
      <trkpt lat="36.559706" lon="128.733126">
        <ele>90.1</ele>
      </trkpt>
      <trkpt lat="36.559709" lon="128.733178">
        <ele>90.0</ele>
      </trkpt>
      <trkpt lat="36.559717" lon="128.733217">
        <ele>90.4</ele>
      </trkpt>
      <trkpt lat="36.559724" lon="128.733273">
        <ele>90.3</ele>
      </trkpt>
      <trkpt lat="36.559730" lon="128.733328">
        <ele>90.3</ele>
      </trkpt>
      <trkpt lat="36.559737" lon="128.733383">
        <ele>90.2</ele>
      </trkpt>
      <trkpt lat="36.559744" lon="128.733439">
        <ele>90.1</ele>
      </trkpt>
      <trkpt lat="36.559751" lon="128.733494">
        <ele>90.0</ele>
      </trkpt>
      <trkpt lat="36.559758" lon="128.733549">
        <ele>90.1</ele>
      </trkpt>
      <trkpt lat="36.559764" lon="128.733605">
        <ele>90.2</ele>
      </trkpt>
      <trkpt lat="36.559771" lon="128.733660">
        <ele>90.3</ele>
      </trkpt>
      <trkpt lat="36.559779" lon="128.733715">
        <ele>90.3</ele>
      </trkpt>
      <trkpt lat="36.559788" lon="128.733770">
        <ele>90.4</ele>
      </trkpt>
      <trkpt lat="36.559796" lon="128.733825">
        <ele>90.4</ele>
      </trkpt>
      <trkpt lat="36.559805" lon="128.733880">
        <ele>90.4</ele>
      </trkpt>
      <trkpt lat="36.559813" lon="128.733935">
        <ele>90.4</ele>
      </trkpt>
      <trkpt lat="36.559821" lon="128.733990">
        <ele>90.5</ele>
      </trkpt>
      <trkpt lat="36.559830" lon="128.734045">
        <ele>90.5</ele>
      </trkpt>
      <trkpt lat="36.559838" lon="128.734100">
        <ele>90.5</ele>
      </trkpt>
      <trkpt lat="36.559846" lon="128.734155">
        <ele>90.6</ele>
      </trkpt>
      <trkpt lat="36.559855" lon="128.734210">
        <ele>90.6</ele>
      </trkpt>
      <trkpt lat="36.559863" lon="128.734265">
        <ele>90.6</ele>
      </trkpt>
      <trkpt lat="36.559872" lon="128.734320">
        <ele>90.6</ele>
      </trkpt>
      <trkpt lat="36.559880" lon="128.734375">
        <ele>90.7</ele>
      </trkpt>
      <trkpt lat="36.559888" lon="128.734430">
        <ele>90.7</ele>
      </trkpt>
      <trkpt lat="36.559897" lon="128.734485">
        <ele>90.7</ele>
      </trkpt>
      <trkpt lat="36.559905" lon="128.734540">
        <ele>90.8</ele>
      </trkpt>
      <trkpt lat="36.559914" lon="128.734595">
        <ele>90.8</ele>
      </trkpt>
      <trkpt lat="36.559921" lon="128.734650">
        <ele>90.8</ele>
      </trkpt>
      <trkpt lat="36.559929" lon="128.734705">
        <ele>90.8</ele>
      </trkpt>
      <trkpt lat="36.559937" lon="128.734760">
        <ele>90.8</ele>
      </trkpt>
      <trkpt lat="36.559944" lon="128.734816">
        <ele>90.9</ele>
      </trkpt>
      <trkpt lat="36.559952" lon="128.734871">
        <ele>90.9</ele>
      </trkpt>
      <trkpt lat="36.559960" lon="128.734926">
        <ele>90.9</ele>
      </trkpt>
      <trkpt lat="36.559968" lon="128.734981">
        <ele>90.9</ele>
      </trkpt>
      <trkpt lat="36.559975" lon="128.735036">
        <ele>90.9</ele>
      </trkpt>
      <trkpt lat="36.559983" lon="128.735091">
        <ele>90.9</ele>
      </trkpt>
      <trkpt lat="36.559991" lon="128.735146">
        <ele>91.0</ele>
      </trkpt>
      <trkpt lat="36.559998" lon="128.735202">
        <ele>91.0</ele>
      </trkpt>
      <trkpt lat="36.560006" lon="128.735257">
        <ele>91.0</ele>
      </trkpt>
      <trkpt lat="36.560002" lon="128.735303">
        <ele>91.0</ele>
      </trkpt>
      <trkpt lat="36.560016" lon="128.735331">
        <ele>90.8</ele>
      </trkpt>
      <trkpt lat="36.560024" lon="128.735386">
        <ele>90.9</ele>
      </trkpt>
      <trkpt lat="36.560032" lon="128.735441">
        <ele>90.9</ele>
      </trkpt>
      <trkpt lat="36.560040" lon="128.735496">
        <ele>90.9</ele>
      </trkpt>
      <trkpt lat="36.560048" lon="128.735551">
        <ele>91.0</ele>
      </trkpt>
      <trkpt lat="36.560056" lon="128.735606">
        <ele>91.0</ele>
      </trkpt>
      <trkpt lat="36.560067" lon="128.735660">
        <ele>91.0</ele>
      </trkpt>
      <trkpt lat="36.560078" lon="128.735715">
        <ele>91.0</ele>
      </trkpt>
      <trkpt lat="36.560089" lon="128.735769">
        <ele>91.0</ele>
      </trkpt>
      <trkpt lat="36.560100" lon="128.735823">
        <ele>91.0</ele>
      </trkpt>
      <trkpt lat="36.560111" lon="128.735878">
        <ele>91.0</ele>
      </trkpt>
      <trkpt lat="36.560121" lon="128.735932">
        <ele>91.0</ele>
      </trkpt>
      <trkpt lat="36.560132" lon="128.735986">
        <ele>91.0</ele>
      </trkpt>
      <trkpt lat="36.560143" lon="128.736041">
        <ele>91.0</ele>
      </trkpt>
      <trkpt lat="36.560154" lon="128.736095">
        <ele>91.0</ele>
      </trkpt>
      <trkpt lat="36.560165" lon="128.736149">
        <ele>91.0</ele>
      </trkpt>
      <trkpt lat="36.560176" lon="128.736204">
        <ele>91.0</ele>
      </trkpt>
      <trkpt lat="36.560187" lon="128.736258">
        <ele>91.0</ele>
      </trkpt>
      <trkpt lat="36.560198" lon="128.736312">
        <ele>91.0</ele>
      </trkpt>
      <trkpt lat="36.560208" lon="128.736367">
        <ele>91.0</ele>
      </trkpt>
      <trkpt lat="36.560219" lon="128.736421">
        <ele>91.0</ele>
      </trkpt>
      <trkpt lat="36.560230" lon="128.736475">
        <ele>91.0</ele>
      </trkpt>
      <trkpt lat="36.560246" lon="128.736527">
        <ele>91.0</ele>
      </trkpt>
      <trkpt lat="36.560264" lon="128.736579">
        <ele>91.0</ele>
      </trkpt>
      <trkpt lat="36.560282" lon="128.736630">
        <ele>91.0</ele>
      </trkpt>
      <trkpt lat="36.560299" lon="128.736682">
        <ele>91.0</ele>
      </trkpt>
      <trkpt lat="36.560317" lon="128.736733">
        <ele>91.0</ele>
      </trkpt>
      <trkpt lat="36.560335" lon="128.736785">
        <ele>91.0</ele>
      </trkpt>
      <trkpt lat="36.560352" lon="128.736836">
        <ele>91.0</ele>
      </trkpt>
      <trkpt lat="36.560370" lon="128.736888">
        <ele>91.0</ele>
      </trkpt>
      <trkpt lat="36.560388" lon="128.736939">
        <ele>91.0</ele>
      </trkpt>
      <trkpt lat="36.560406" lon="128.736991">
        <ele>91.0</ele>
      </trkpt>
      <trkpt lat="36.560423" lon="128.737042">
        <ele>91.0</ele>
      </trkpt>
      <trkpt lat="36.560441" lon="128.737094">
        <ele>91.0</ele>
      </trkpt>
      <trkpt lat="36.560459" lon="128.737145">
        <ele>91.0</ele>
      </trkpt>
      <trkpt lat="36.560476" lon="128.737197">
        <ele>91.0</ele>
      </trkpt>
      <trkpt lat="36.560494" lon="128.737248">
        <ele>91.0</ele>
      </trkpt>
      <trkpt lat="36.560512" lon="128.737299">
        <ele>91.0</ele>
      </trkpt>
      <trkpt lat="36.560532" lon="128.737349">
        <ele>91.0</ele>
      </trkpt>
      <trkpt lat="36.560553" lon="128.737399">
        <ele>91.1</ele>
      </trkpt>
      <trkpt lat="36.560574" lon="128.737449">
        <ele>91.1</ele>
      </trkpt>
      <trkpt lat="36.560595" lon="128.737498">
        <ele>91.1</ele>
      </trkpt>
      <trkpt lat="36.560616" lon="128.737548">
        <ele>91.2</ele>
      </trkpt>
      <trkpt lat="36.560636" lon="128.737597">
        <ele>91.2</ele>
      </trkpt>
      <trkpt lat="36.560657" lon="128.737647">
        <ele>91.2</ele>
      </trkpt>
      <trkpt lat="36.560678" lon="128.737696">
        <ele>91.3</ele>
      </trkpt>
      <trkpt lat="36.560699" lon="128.737746">
        <ele>91.3</ele>
      </trkpt>
      <trkpt lat="36.560720" lon="128.737796">
        <ele>91.3</ele>
      </trkpt>
      <trkpt lat="36.560741" lon="128.737845">
        <ele>91.4</ele>
      </trkpt>
      <trkpt lat="36.560762" lon="128.737895">
        <ele>91.4</ele>
      </trkpt>
      <trkpt lat="36.560783" lon="128.737944">
        <ele>91.4</ele>
      </trkpt>
      <trkpt lat="36.560803" lon="128.737994">
        <ele>91.5</ele>
      </trkpt>
      <trkpt lat="36.560825" lon="128.738043">
        <ele>91.6</ele>
      </trkpt>
      <trkpt lat="36.560849" lon="128.738090">
        <ele>91.8</ele>
      </trkpt>
      <trkpt lat="36.560873" lon="128.738137">
        <ele>92.0</ele>
      </trkpt>
      <trkpt lat="36.560897" lon="128.738185">
        <ele>92.2</ele>
      </trkpt>
      <trkpt lat="36.560921" lon="128.738232">
        <ele>92.4</ele>
      </trkpt>
      <trkpt lat="36.560945" lon="128.738279">
        <ele>92.6</ele>
      </trkpt>
      <trkpt lat="36.560969" lon="128.738327">
        <ele>92.7</ele>
      </trkpt>
      <trkpt lat="36.560993" lon="128.738374">
        <ele>92.9</ele>
      </trkpt>
      <trkpt lat="36.561017" lon="128.738421">
        <ele>93.1</ele>
      </trkpt>
      <trkpt lat="36.561041" lon="128.738469">
        <ele>93.3</ele>
      </trkpt>
      <trkpt lat="36.561065" lon="128.738516">
        <ele>93.5</ele>
      </trkpt>
      <trkpt lat="36.561089" lon="128.738564">
        <ele>93.7</ele>
      </trkpt>
      <trkpt lat="36.561113" lon="128.738611">
        <ele>93.9</ele>
      </trkpt>
      <trkpt lat="36.561137" lon="128.738658">
        <ele>94.1</ele>
      </trkpt>
      <trkpt lat="36.561163" lon="128.738699">
        <ele>94.3</ele>
      </trkpt>
      <trkpt lat="36.561174" lon="128.738727">
        <ele>94.3</ele>
      </trkpt>
      <trkpt lat="36.561200" lon="128.738772">
        <ele>94.2</ele>
      </trkpt>
      <trkpt lat="36.561226" lon="128.738818">
        <ele>94.1</ele>
      </trkpt>
      <trkpt lat="36.561252" lon="128.738863">
        <ele>94.0</ele>
      </trkpt>
      <trkpt lat="36.561213" lon="128.738893">
        <ele>93.7</ele>
      </trkpt>
      <trkpt lat="36.561175" lon="128.738923">
        <ele>93.4</ele>
      </trkpt>
      <trkpt lat="36.561137" lon="128.738952">
        <ele>93.3</ele>
      </trkpt>
      <trkpt lat="36.561100" lon="128.738984">
        <ele>93.3</ele>
      </trkpt>
      <trkpt lat="36.561063" lon="128.739015">
        <ele>93.4</ele>
      </trkpt>
      <trkpt lat="36.561025" lon="128.739046">
        <ele>93.4</ele>
      </trkpt>
      <trkpt lat="36.560988" lon="128.739078">
        <ele>93.4</ele>
      </trkpt>
      <trkpt lat="36.560951" lon="128.739109">
        <ele>93.5</ele>
      </trkpt>
      <trkpt lat="36.560913" lon="128.739140">
        <ele>93.5</ele>
      </trkpt>
      <trkpt lat="36.560876" lon="128.739172">
        <ele>93.6</ele>
      </trkpt>
      <trkpt lat="36.560839" lon="128.739203">
        <ele>93.6</ele>
      </trkpt>
      <trkpt lat="36.560802" lon="128.739234">
        <ele>93.6</ele>
      </trkpt>
      <trkpt lat="36.560764" lon="128.739266">
        <ele>93.7</ele>
      </trkpt>
      <trkpt lat="36.560727" lon="128.739297">
        <ele>93.7</ele>
      </trkpt>
      <trkpt lat="36.560690" lon="128.739328">
        <ele>93.7</ele>
      </trkpt>
      <trkpt lat="36.560653" lon="128.739360">
        <ele>93.8</ele>
      </trkpt>
      <trkpt lat="36.560615" lon="128.739391">
        <ele>93.8</ele>
      </trkpt>
      <trkpt lat="36.560578" lon="128.739422">
        <ele>93.8</ele>
      </trkpt>
      <trkpt lat="36.560541" lon="128.739454">
        <ele>93.9</ele>
      </trkpt>
      <trkpt lat="36.560504" lon="128.739485">
        <ele>93.9</ele>
      </trkpt>
      <trkpt lat="36.560466" lon="128.739516">
        <ele>94.0</ele>
      </trkpt>
      <trkpt lat="36.560429" lon="128.739548">
        <ele>94.0</ele>
      </trkpt>
      <trkpt lat="36.560392" lon="128.739579">
        <ele>94.0</ele>
      </trkpt>
      <trkpt lat="36.560355" lon="128.739610">
        <ele>94.1</ele>
      </trkpt>
      <trkpt lat="36.560317" lon="128.739642">
        <ele>94.1</ele>
      </trkpt>
      <trkpt lat="36.560280" lon="128.739673">
        <ele>94.1</ele>
      </trkpt>
      <trkpt lat="36.560243" lon="128.739704">
        <ele>94.2</ele>
      </trkpt>
      <trkpt lat="36.560205" lon="128.739735">
        <ele>94.2</ele>
      </trkpt>
      <trkpt lat="36.560168" lon="128.739767">
        <ele>94.3</ele>
      </trkpt>
      <trkpt lat="36.560131" lon="128.739798">
        <ele>94.3</ele>
      </trkpt>
      <trkpt lat="36.560094" lon="128.739829">
        <ele>94.3</ele>
      </trkpt>
      <trkpt lat="36.560056" lon="128.739861">
        <ele>94.4</ele>
      </trkpt>
      <trkpt lat="36.560019" lon="128.739892">
        <ele>94.4</ele>
      </trkpt>
      <trkpt lat="36.559982" lon="128.739923">
        <ele>94.4</ele>
      </trkpt>
      <trkpt lat="36.559945" lon="128.739955">
        <ele>94.5</ele>
      </trkpt>
      <trkpt lat="36.559907" lon="128.739986">
        <ele>94.5</ele>
      </trkpt>
      <trkpt lat="36.559870" lon="128.740017">
        <ele>94.5</ele>
      </trkpt>
      <trkpt lat="36.559833" lon="128.740049">
        <ele>94.6</ele>
      </trkpt>
      <trkpt lat="36.559796" lon="128.740080">
        <ele>94.6</ele>
      </trkpt>
      <trkpt lat="36.559758" lon="128.740111">
        <ele>94.7</ele>
      </trkpt>
      <trkpt lat="36.559721" lon="128.740143">
        <ele>94.7</ele>
      </trkpt>
      <trkpt lat="36.559684" lon="128.740174">
        <ele>94.7</ele>
      </trkpt>
      <trkpt lat="36.559646" lon="128.740205">
        <ele>94.8</ele>
      </trkpt>
      <trkpt lat="36.559609" lon="128.740237">
        <ele>94.8</ele>
      </trkpt>
      <trkpt lat="36.559572" lon="128.740268">
        <ele>94.8</ele>
      </trkpt>
      <trkpt lat="36.559535" lon="128.740299">
        <ele>94.9</ele>
      </trkpt>
      <trkpt lat="36.559497" lon="128.740331">
        <ele>94.9</ele>
      </trkpt>
      <trkpt lat="36.559460" lon="128.740362">
        <ele>95.0</ele>
      </trkpt>
      <trkpt lat="36.559423" lon="128.740393">
        <ele>95.0</ele>
      </trkpt>
      <trkpt lat="36.559386" lon="128.740425">
        <ele>95.0</ele>
      </trkpt>
      <trkpt lat="36.559348" lon="128.740456">
        <ele>95.1</ele>
      </trkpt>
      <trkpt lat="36.559311" lon="128.740487">
        <ele>95.1</ele>
      </trkpt>
      <trkpt lat="36.559274" lon="128.740519">
        <ele>95.1</ele>
      </trkpt>
      <trkpt lat="36.559237" lon="128.740550">
        <ele>95.2</ele>
      </trkpt>
      <trkpt lat="36.559199" lon="128.740581">
        <ele>95.2</ele>
      </trkpt>
      <trkpt lat="36.559162" lon="128.740613">
        <ele>95.2</ele>
      </trkpt>
      <trkpt lat="36.559125" lon="128.740644">
        <ele>95.3</ele>
      </trkpt>
      <trkpt lat="36.559087" lon="128.740674">
        <ele>95.3</ele>
      </trkpt>
      <trkpt lat="36.559048" lon="128.740702">
        <ele>95.3</ele>
      </trkpt>
      <trkpt lat="36.559009" lon="128.740731">
        <ele>95.4</ele>
      </trkpt>
      <trkpt lat="36.558971" lon="128.740759">
        <ele>95.4</ele>
      </trkpt>
      <trkpt lat="36.558932" lon="128.740788">
        <ele>95.4</ele>
      </trkpt>
      <trkpt lat="36.558893" lon="128.740817">
        <ele>95.5</ele>
      </trkpt>
      <trkpt lat="36.558855" lon="128.740845">
        <ele>95.5</ele>
      </trkpt>
      <trkpt lat="36.558817" lon="128.740875">
        <ele>95.5</ele>
      </trkpt>
      <trkpt lat="36.558779" lon="128.740906">
        <ele>95.6</ele>
      </trkpt>
      <trkpt lat="36.558742" lon="128.740938">
        <ele>95.6</ele>
      </trkpt>
      <trkpt lat="36.558705" lon="128.740969">
        <ele>95.7</ele>
      </trkpt>
      <trkpt lat="36.558668" lon="128.741001">
        <ele>95.7</ele>
      </trkpt>
      <trkpt lat="36.558630" lon="128.741032">
        <ele>95.8</ele>
      </trkpt>
      <trkpt lat="36.558594" lon="128.741064">
        <ele>95.8</ele>
      </trkpt>
      <trkpt lat="36.558557" lon="128.741097">
        <ele>95.9</ele>
      </trkpt>
      <trkpt lat="36.558521" lon="128.741130">
        <ele>95.9</ele>
      </trkpt>
      <trkpt lat="36.558484" lon="128.741163">
        <ele>95.9</ele>
      </trkpt>
      <trkpt lat="36.558448" lon="128.741195">
        <ele>96.0</ele>
      </trkpt>
      <trkpt lat="36.558412" lon="128.741228">
        <ele>96.0</ele>
      </trkpt>
      <trkpt lat="36.558375" lon="128.741261">
        <ele>96.0</ele>
      </trkpt>
      <trkpt lat="36.558339" lon="128.741294">
        <ele>96.1</ele>
      </trkpt>
      <trkpt lat="36.558302" lon="128.741327">
        <ele>96.1</ele>
      </trkpt>
      <trkpt lat="36.558266" lon="128.741359">
        <ele>96.1</ele>
      </trkpt>
      <trkpt lat="36.558229" lon="128.741392">
        <ele>96.1</ele>
      </trkpt>
      <trkpt lat="36.558193" lon="128.741425">
        <ele>96.2</ele>
      </trkpt>
      <trkpt lat="36.558156" lon="128.741458">
        <ele>96.2</ele>
      </trkpt>
      <trkpt lat="36.558120" lon="128.741491">
        <ele>96.2</ele>
      </trkpt>
      <trkpt lat="36.558084" lon="128.741523">
        <ele>96.3</ele>
      </trkpt>
      <trkpt lat="36.558048" lon="128.741557">
        <ele>96.3</ele>
      </trkpt>
      <trkpt lat="36.558013" lon="128.741593">
        <ele>96.4</ele>
      </trkpt>
      <trkpt lat="36.557978" lon="128.741628">
        <ele>96.4</ele>
      </trkpt>
      <trkpt lat="36.557943" lon="128.741664">
        <ele>96.5</ele>
      </trkpt>
      <trkpt lat="36.557913" lon="128.741704">
        <ele>96.6</ele>
      </trkpt>
      <trkpt lat="36.557883" lon="128.741746">
        <ele>96.6</ele>
      </trkpt>
      <trkpt lat="36.557853" lon="128.741788">
        <ele>96.7</ele>
      </trkpt>
      <trkpt lat="36.557823" lon="128.741829">
        <ele>96.8</ele>
      </trkpt>
      <trkpt lat="36.557800" lon="128.741861">
        <ele>96.7</ele>
      </trkpt>
      <trkpt lat="36.557775" lon="128.741907">
        <ele>96.9</ele>
      </trkpt>
      <trkpt lat="36.557750" lon="128.741954">
        <ele>97.1</ele>
      </trkpt>
      <trkpt lat="36.557724" lon="128.742000">
        <ele>97.2</ele>
      </trkpt>
      <trkpt lat="36.557699" lon="128.742046">
        <ele>97.3</ele>
      </trkpt>
      <trkpt lat="36.557674" lon="128.742093">
        <ele>97.5</ele>
      </trkpt>
      <trkpt lat="36.557653" lon="128.742142">
        <ele>97.6</ele>
      </trkpt>
      <trkpt lat="36.557633" lon="128.742192">
        <ele>97.8</ele>
      </trkpt>
      <trkpt lat="36.557614" lon="128.742243">
        <ele>98.0</ele>
      </trkpt>
      <trkpt lat="36.557595" lon="128.742293">
        <ele>98.2</ele>
      </trkpt>
      <trkpt lat="36.557575" lon="128.742344">
        <ele>98.4</ele>
      </trkpt>
      <trkpt lat="36.557556" lon="128.742394">
        <ele>98.6</ele>
      </trkpt>
      <trkpt lat="36.557537" lon="128.742445">
        <ele>98.8</ele>
      </trkpt>
      <trkpt lat="36.557521" lon="128.742498">
        <ele>98.8</ele>
      </trkpt>
      <trkpt lat="36.557505" lon="128.742550">
        <ele>98.8</ele>
      </trkpt>
      <trkpt lat="36.557489" lon="128.742602">
        <ele>98.7</ele>
      </trkpt>
      <trkpt lat="36.557472" lon="128.742654">
        <ele>98.6</ele>
      </trkpt>
      <trkpt lat="36.557455" lon="128.742706">
        <ele>98.5</ele>
      </trkpt>
      <trkpt lat="36.557438" lon="128.742758">
        <ele>98.4</ele>
      </trkpt>
      <trkpt lat="36.557421" lon="128.742809">
        <ele>98.3</ele>
      </trkpt>
      <trkpt lat="36.557404" lon="128.742861">
        <ele>98.2</ele>
      </trkpt>
      <trkpt lat="36.557387" lon="128.742913">
        <ele>98.0</ele>
      </trkpt>
      <trkpt lat="36.557370" lon="128.742965">
        <ele>97.9</ele>
      </trkpt>
      <trkpt lat="36.557353" lon="128.743017">
        <ele>97.8</ele>
      </trkpt>
      <trkpt lat="36.557336" lon="128.743069">
        <ele>97.7</ele>
      </trkpt>
      <trkpt lat="36.557319" lon="128.743120">
        <ele>97.6</ele>
      </trkpt>
      <trkpt lat="36.557302" lon="128.743172">
        <ele>97.5</ele>
      </trkpt>
      <trkpt lat="36.557285" lon="128.743224">
        <ele>97.4</ele>
      </trkpt>
      <trkpt lat="36.557268" lon="128.743276">
        <ele>97.3</ele>
      </trkpt>
      <trkpt lat="36.557252" lon="128.743328">
        <ele>97.2</ele>
      </trkpt>
      <trkpt lat="36.557235" lon="128.743380">
        <ele>97.1</ele>
      </trkpt>
      <trkpt lat="36.557218" lon="128.743432">
        <ele>97.0</ele>
      </trkpt>
      <trkpt lat="36.557202" lon="128.743484">
        <ele>96.9</ele>
      </trkpt>
      <trkpt lat="36.557185" lon="128.743536">
        <ele>96.8</ele>
      </trkpt>
      <trkpt lat="36.557168" lon="128.743588">
        <ele>96.7</ele>
      </trkpt>
      <trkpt lat="36.557151" lon="128.743640">
        <ele>96.6</ele>
      </trkpt>
      <trkpt lat="36.557135" lon="128.743692">
        <ele>96.5</ele>
      </trkpt>
      <trkpt lat="36.557118" lon="128.743744">
        <ele>96.4</ele>
      </trkpt>
      <trkpt lat="36.557101" lon="128.743796">
        <ele>96.4</ele>
      </trkpt>
      <trkpt lat="36.557084" lon="128.743848">
        <ele>96.3</ele>
      </trkpt>
      <trkpt lat="36.557068" lon="128.743900">
        <ele>96.2</ele>
      </trkpt>
      <trkpt lat="36.557051" lon="128.743952">
        <ele>96.1</ele>
      </trkpt>
      <trkpt lat="36.557034" lon="128.744004">
        <ele>96.0</ele>
      </trkpt>
      <trkpt lat="36.557018" lon="128.744056">
        <ele>95.9</ele>
      </trkpt>
      <trkpt lat="36.557001" lon="128.744108">
        <ele>95.8</ele>
      </trkpt>
      <trkpt lat="36.556984" lon="128.744159">
        <ele>95.8</ele>
      </trkpt>
      <trkpt lat="36.556967" lon="128.744211">
        <ele>95.8</ele>
      </trkpt>
      <trkpt lat="36.556950" lon="128.744263">
        <ele>95.7</ele>
      </trkpt>
      <trkpt lat="36.556933" lon="128.744315">
        <ele>95.6</ele>
      </trkpt>
      <trkpt lat="36.556916" lon="128.744367">
        <ele>95.5</ele>
      </trkpt>
      <trkpt lat="36.556897" lon="128.744418">
        <ele>95.5</ele>
      </trkpt>
      <trkpt lat="36.556878" lon="128.744468">
        <ele>95.5</ele>
      </trkpt>
      <trkpt lat="36.556859" lon="128.744519">
        <ele>95.5</ele>
      </trkpt>
      <trkpt lat="36.556841" lon="128.744570">
        <ele>95.5</ele>
      </trkpt>
      <trkpt lat="36.556822" lon="128.744621">
        <ele>95.5</ele>
      </trkpt>
      <trkpt lat="36.556804" lon="128.744672">
        <ele>95.5</ele>
      </trkpt>
      <trkpt lat="36.556788" lon="128.744724">
        <ele>95.6</ele>
      </trkpt>
      <trkpt lat="36.556771" lon="128.744776">
        <ele>95.7</ele>
      </trkpt>
      <trkpt lat="36.556754" lon="128.744829">
        <ele>95.7</ele>
      </trkpt>
      <trkpt lat="36.556738" lon="128.744881">
        <ele>95.8</ele>
      </trkpt>
      <trkpt lat="36.556726" lon="128.744917">
        <ele>95.5</ele>
      </trkpt>
      <trkpt lat="36.556709" lon="128.744969">
        <ele>95.6</ele>
      </trkpt>
      <trkpt lat="36.556693" lon="128.745022">
        <ele>95.7</ele>
      </trkpt>
      <trkpt lat="36.556677" lon="128.745074">
        <ele>95.7</ele>
      </trkpt>
      <trkpt lat="36.556660" lon="128.745126">
        <ele>95.8</ele>
      </trkpt>
      <trkpt lat="36.556643" lon="128.745178">
        <ele>95.7</ele>
      </trkpt>
      <trkpt lat="36.556626" lon="128.745229">
        <ele>95.5</ele>
      </trkpt>
      <trkpt lat="36.556609" lon="128.745281">
        <ele>95.4</ele>
      </trkpt>
      <trkpt lat="36.556592" lon="128.745333">
        <ele>95.2</ele>
      </trkpt>
      <trkpt lat="36.556575" lon="128.745385">
        <ele>95.1</ele>
      </trkpt>
      <trkpt lat="36.556558" lon="128.745437">
        <ele>94.9</ele>
      </trkpt>
      <trkpt lat="36.556542" lon="128.745489">
        <ele>94.8</ele>
      </trkpt>
      <trkpt lat="36.556525" lon="128.745541">
        <ele>94.6</ele>
      </trkpt>
      <trkpt lat="36.556508" lon="128.745592">
        <ele>94.5</ele>
      </trkpt>
      <trkpt lat="36.556491" lon="128.745644">
        <ele>94.3</ele>
      </trkpt>
      <trkpt lat="36.556474" lon="128.745696">
        <ele>94.3</ele>
      </trkpt>
      <trkpt lat="36.556456" lon="128.745748">
        <ele>94.3</ele>
      </trkpt>
      <trkpt lat="36.556439" lon="128.745800">
        <ele>94.3</ele>
      </trkpt>
      <trkpt lat="36.556422" lon="128.745851">
        <ele>94.3</ele>
      </trkpt>
      <trkpt lat="36.556405" lon="128.745903">
        <ele>94.3</ele>
      </trkpt>
      <trkpt lat="36.556388" lon="128.745955">
        <ele>94.3</ele>
      </trkpt>
      <trkpt lat="36.556371" lon="128.746007">
        <ele>94.2</ele>
      </trkpt>
      <trkpt lat="36.556355" lon="128.746059">
        <ele>94.2</ele>
      </trkpt>
      <trkpt lat="36.556338" lon="128.746111">
        <ele>94.2</ele>
      </trkpt>
      <trkpt lat="36.556321" lon="128.746163">
        <ele>94.2</ele>
      </trkpt>
      <trkpt lat="36.556304" lon="128.746214">
        <ele>94.2</ele>
      </trkpt>
      <trkpt lat="36.556287" lon="128.746266">
        <ele>94.1</ele>
      </trkpt>
      <trkpt lat="36.556270" lon="128.746318">
        <ele>94.1</ele>
      </trkpt>
      <trkpt lat="36.556253" lon="128.746370">
        <ele>94.1</ele>
      </trkpt>
      <trkpt lat="36.556236" lon="128.746422">
        <ele>94.1</ele>
      </trkpt>
      <trkpt lat="36.556220" lon="128.746474">
        <ele>94.1</ele>
      </trkpt>
      <trkpt lat="36.556203" lon="128.746526">
        <ele>94.0</ele>
      </trkpt>
      <trkpt lat="36.556186" lon="128.746578">
        <ele>94.0</ele>
      </trkpt>
      <trkpt lat="36.556169" lon="128.746630">
        <ele>94.1</ele>
      </trkpt>
      <trkpt lat="36.556152" lon="128.746682">
        <ele>94.4</ele>
      </trkpt>
      <trkpt lat="36.556145" lon="128.746704">
        <ele>94.3</ele>
      </trkpt>
      <trkpt lat="36.556129" lon="128.746756">
        <ele>94.5</ele>
      </trkpt>
      <trkpt lat="36.556112" lon="128.746808">
        <ele>94.5</ele>
      </trkpt>
      <trkpt lat="36.556094" lon="128.746859">
        <ele>94.5</ele>
      </trkpt>
      <trkpt lat="36.556077" lon="128.746911">
        <ele>94.5</ele>
      </trkpt>
      <trkpt lat="36.556060" lon="128.746962">
        <ele>94.5</ele>
      </trkpt>
      <trkpt lat="36.556042" lon="128.747014">
        <ele>94.5</ele>
      </trkpt>
      <trkpt lat="36.556025" lon="128.747066">
        <ele>94.5</ele>
      </trkpt>
      <trkpt lat="36.556008" lon="128.747117">
        <ele>94.5</ele>
      </trkpt>
      <trkpt lat="36.555990" lon="128.747169">
        <ele>94.5</ele>
      </trkpt>
      <trkpt lat="36.555973" lon="128.747221">
        <ele>94.5</ele>
      </trkpt>
      <trkpt lat="36.555956" lon="128.747272">
        <ele>94.5</ele>
      </trkpt>
      <trkpt lat="36.555938" lon="128.747324">
        <ele>94.5</ele>
      </trkpt>
      <trkpt lat="36.555921" lon="128.747376">
        <ele>94.5</ele>
      </trkpt>
      <trkpt lat="36.555903" lon="128.747427">
        <ele>94.6</ele>
      </trkpt>
      <trkpt lat="36.555886" lon="128.747479">
        <ele>94.6</ele>
      </trkpt>
      <trkpt lat="36.555869" lon="128.747531">
        <ele>94.6</ele>
      </trkpt>
      <trkpt lat="36.555851" lon="128.747582">
        <ele>94.6</ele>
      </trkpt>
      <trkpt lat="36.555834" lon="128.747634">
        <ele>94.6</ele>
      </trkpt>
      <trkpt lat="36.555817" lon="128.747686">
        <ele>94.6</ele>
      </trkpt>
      <trkpt lat="36.555799" lon="128.747737">
        <ele>94.6</ele>
      </trkpt>
      <trkpt lat="36.555782" lon="128.747789">
        <ele>94.6</ele>
      </trkpt>
      <trkpt lat="36.555765" lon="128.747840">
        <ele>94.6</ele>
      </trkpt>
      <trkpt lat="36.555747" lon="128.747892">
        <ele>94.6</ele>
      </trkpt>
      <trkpt lat="36.555730" lon="128.747944">
        <ele>94.6</ele>
      </trkpt>
      <trkpt lat="36.555713" lon="128.747995">
        <ele>94.6</ele>
      </trkpt>
      <trkpt lat="36.555695" lon="128.748047">
        <ele>94.6</ele>
      </trkpt>
      <trkpt lat="36.555679" lon="128.748099">
        <ele>94.6</ele>
      </trkpt>
      <trkpt lat="36.555662" lon="128.748151">
        <ele>94.6</ele>
      </trkpt>
      <trkpt lat="36.555646" lon="128.748203">
        <ele>94.6</ele>
      </trkpt>
      <trkpt lat="36.555629" lon="128.748255">
        <ele>94.6</ele>
      </trkpt>
      <trkpt lat="36.555613" lon="128.748307">
        <ele>94.6</ele>
      </trkpt>
      <trkpt lat="36.555596" lon="128.748359">
        <ele>94.6</ele>
      </trkpt>
      <trkpt lat="36.555590" lon="128.748378">
        <ele>94.8</ele>
      </trkpt>
      <trkpt lat="36.555574" lon="128.748430">
        <ele>94.8</ele>
      </trkpt>
      <trkpt lat="36.555556" lon="128.748481">
        <ele>94.8</ele>
      </trkpt>
      <trkpt lat="36.555537" lon="128.748532">
        <ele>94.8</ele>
      </trkpt>
      <trkpt lat="36.555518" lon="128.748583">
        <ele>94.8</ele>
      </trkpt>
      <trkpt lat="36.555499" lon="128.748634">
        <ele>94.8</ele>
      </trkpt>
      <trkpt lat="36.555480" lon="128.748684">
        <ele>94.8</ele>
      </trkpt>
      <trkpt lat="36.555461" lon="128.748735">
        <ele>94.8</ele>
      </trkpt>
      <trkpt lat="36.555442" lon="128.748786">
        <ele>94.8</ele>
      </trkpt>
      <trkpt lat="36.555422" lon="128.748836">
        <ele>94.7</ele>
      </trkpt>
      <trkpt lat="36.555402" lon="128.748886">
        <ele>94.6</ele>
      </trkpt>
      <trkpt lat="36.555381" lon="128.748936">
        <ele>94.6</ele>
      </trkpt>
      <trkpt lat="36.555361" lon="128.748986">
        <ele>94.5</ele>
      </trkpt>
      <trkpt lat="36.555340" lon="128.749035">
        <ele>94.4</ele>
      </trkpt>
      <trkpt lat="36.555320" lon="128.749085">
        <ele>94.3</ele>
      </trkpt>
      <trkpt lat="36.555294" lon="128.749131">
        <ele>94.3</ele>
      </trkpt>
      <trkpt lat="36.555269" lon="128.749177">
        <ele>94.3</ele>
      </trkpt>
      <trkpt lat="36.555243" lon="128.749224">
        <ele>94.3</ele>
      </trkpt>
      <trkpt lat="36.555218" lon="128.749270">
        <ele>94.3</ele>
      </trkpt>
      <trkpt lat="36.555192" lon="128.749316">
        <ele>94.3</ele>
      </trkpt>
      <trkpt lat="36.555167" lon="128.749362">
        <ele>94.3</ele>
      </trkpt>
      <trkpt lat="36.555140" lon="128.749407">
        <ele>94.3</ele>
      </trkpt>
      <trkpt lat="36.555111" lon="128.749450">
        <ele>94.3</ele>
      </trkpt>
      <trkpt lat="36.555083" lon="128.749493">
        <ele>94.3</ele>
      </trkpt>
      <trkpt lat="36.555054" lon="128.749537">
        <ele>94.3</ele>
      </trkpt>
      <trkpt lat="36.555026" lon="128.749580">
        <ele>94.3</ele>
      </trkpt>
      <trkpt lat="36.554997" lon="128.749623">
        <ele>94.3</ele>
      </trkpt>
      <trkpt lat="36.554969" lon="128.749666">
        <ele>94.3</ele>
      </trkpt>
      <trkpt lat="36.554940" lon="128.749709">
        <ele>94.3</ele>
      </trkpt>
      <trkpt lat="36.554911" lon="128.749752">
        <ele>94.3</ele>
      </trkpt>
      <trkpt lat="36.554883" lon="128.749796">
        <ele>94.3</ele>
      </trkpt>
      <trkpt lat="36.554854" lon="128.749839">
        <ele>94.3</ele>
      </trkpt>
      <trkpt lat="36.554827" lon="128.749884">
        <ele>94.3</ele>
      </trkpt>
      <trkpt lat="36.554800" lon="128.749928">
        <ele>94.3</ele>
      </trkpt>
      <trkpt lat="36.554773" lon="128.749973">
        <ele>94.3</ele>
      </trkpt>
      <trkpt lat="36.554746" lon="128.750018">
        <ele>94.3</ele>
      </trkpt>
      <trkpt lat="36.554719" lon="128.750063">
        <ele>94.3</ele>
      </trkpt>
      <trkpt lat="36.554692" lon="128.750107">
        <ele>94.3</ele>
      </trkpt>
      <trkpt lat="36.554665" lon="128.750152">
        <ele>94.3</ele>
      </trkpt>
      <trkpt lat="36.554638" lon="128.750197">
        <ele>94.3</ele>
      </trkpt>
      <trkpt lat="36.554611" lon="128.750241">
        <ele>94.3</ele>
      </trkpt>
      <trkpt lat="36.554584" lon="128.750286">
        <ele>94.3</ele>
      </trkpt>
      <trkpt lat="36.554556" lon="128.750331">
        <ele>94.3</ele>
      </trkpt>
      <trkpt lat="36.554529" lon="128.750375">
        <ele>94.3</ele>
      </trkpt>
      <trkpt lat="36.554501" lon="128.750419">
        <ele>94.3</ele>
      </trkpt>
      <trkpt lat="36.554472" lon="128.750461">
        <ele>94.4</ele>
      </trkpt>
      <trkpt lat="36.554442" lon="128.750503">
        <ele>94.4</ele>
      </trkpt>
      <trkpt lat="36.554413" lon="128.750546">
        <ele>94.5</ele>
      </trkpt>
      <trkpt lat="36.554383" lon="128.750588">
        <ele>94.5</ele>
      </trkpt>
      <trkpt lat="36.554354" lon="128.750630">
        <ele>94.6</ele>
      </trkpt>
      <trkpt lat="36.554324" lon="128.750672">
        <ele>94.6</ele>
      </trkpt>
      <trkpt lat="36.554295" lon="128.750715">
        <ele>94.7</ele>
      </trkpt>
      <trkpt lat="36.554265" lon="128.750757">
        <ele>94.7</ele>
      </trkpt>
      <trkpt lat="36.554236" lon="128.750799">
        <ele>94.8</ele>
      </trkpt>
      <trkpt lat="36.554206" lon="128.750842">
        <ele>94.8</ele>
      </trkpt>
      <trkpt lat="36.554177" lon="128.750884">
        <ele>94.8</ele>
      </trkpt>
      <trkpt lat="36.554147" lon="128.750926">
        <ele>94.9</ele>
      </trkpt>
      <trkpt lat="36.554118" lon="128.750968">
        <ele>94.9</ele>
      </trkpt>
      <trkpt lat="36.554088" lon="128.751011">
        <ele>95.0</ele>
      </trkpt>
      <trkpt lat="36.554081" lon="128.751014">
        <ele>94.6</ele>
      </trkpt>
      <trkpt lat="36.554057" lon="128.751056">
        <ele>94.5</ele>
      </trkpt>
      <trkpt lat="36.554027" lon="128.751098">
        <ele>94.5</ele>
      </trkpt>
      <trkpt lat="36.553998" lon="128.751141">
        <ele>94.6</ele>
      </trkpt>
      <trkpt lat="36.553968" lon="128.751183">
        <ele>94.6</ele>
      </trkpt>
      <trkpt lat="36.553939" lon="128.751225">
        <ele>94.6</ele>
      </trkpt>
      <trkpt lat="36.553909" lon="128.751268">
        <ele>94.6</ele>
      </trkpt>
      <trkpt lat="36.553880" lon="128.751310">
        <ele>94.6</ele>
      </trkpt>
      <trkpt lat="36.553850" lon="128.751352">
        <ele>94.7</ele>
      </trkpt>
      <trkpt lat="36.553821" lon="128.751394">
        <ele>94.7</ele>
      </trkpt>
      <trkpt lat="36.553791" lon="128.751437">
        <ele>94.7</ele>
      </trkpt>
      <trkpt lat="36.553762" lon="128.751479">
        <ele>94.7</ele>
      </trkpt>
      <trkpt lat="36.553733" lon="128.751521">
        <ele>94.8</ele>
      </trkpt>
      <trkpt lat="36.553703" lon="128.751564">
        <ele>94.8</ele>
      </trkpt>
      <trkpt lat="36.553674" lon="128.751606">
        <ele>94.8</ele>
      </trkpt>
      <trkpt lat="36.553644" lon="128.751648">
        <ele>94.8</ele>
      </trkpt>
      <trkpt lat="36.553615" lon="128.751690">
        <ele>94.8</ele>
      </trkpt>
      <trkpt lat="36.553585" lon="128.751733">
        <ele>94.9</ele>
      </trkpt>
      <trkpt lat="36.553556" lon="128.751775">
        <ele>94.9</ele>
      </trkpt>
      <trkpt lat="36.553526" lon="128.751817">
        <ele>94.9</ele>
      </trkpt>
      <trkpt lat="36.553497" lon="128.751859">
        <ele>94.9</ele>
      </trkpt>
      <trkpt lat="36.553467" lon="128.751902">
        <ele>95.0</ele>
      </trkpt>
      <trkpt lat="36.553438" lon="128.751944">
        <ele>95.0</ele>
      </trkpt>
      <trkpt lat="36.553408" lon="128.751986">
        <ele>95.0</ele>
      </trkpt>
      <trkpt lat="36.553379" lon="128.752029">
        <ele>95.0</ele>
      </trkpt>
      <trkpt lat="36.553350" lon="128.752071">
        <ele>95.0</ele>
      </trkpt>
      <trkpt lat="36.553320" lon="128.752113">
        <ele>95.0</ele>
      </trkpt>
      <trkpt lat="36.553291" lon="128.752156">
        <ele>95.0</ele>
      </trkpt>
      <trkpt lat="36.553261" lon="128.752198">
        <ele>95.0</ele>
      </trkpt>
      <trkpt lat="36.553231" lon="128.752240">
        <ele>95.0</ele>
      </trkpt>
      <trkpt lat="36.553202" lon="128.752282">
        <ele>94.9</ele>
      </trkpt>
      <trkpt lat="36.553172" lon="128.752324">
        <ele>94.9</ele>
      </trkpt>
      <trkpt lat="36.553143" lon="128.752366">
        <ele>94.9</ele>
      </trkpt>
      <trkpt lat="36.553113" lon="128.752408">
        <ele>94.9</ele>
      </trkpt>
      <trkpt lat="36.553083" lon="128.752451">
        <ele>94.9</ele>
      </trkpt>
      <trkpt lat="36.553054" lon="128.752493">
        <ele>94.9</ele>
      </trkpt>
      <trkpt lat="36.553024" lon="128.752535">
        <ele>94.9</ele>
      </trkpt>
      <trkpt lat="36.552995" lon="128.752577">
        <ele>94.9</ele>
      </trkpt>
      <trkpt lat="36.552965" lon="128.752619">
        <ele>94.8</ele>
      </trkpt>
      <trkpt lat="36.552935" lon="128.752661">
        <ele>94.8</ele>
      </trkpt>
      <trkpt lat="36.552906" lon="128.752703">
        <ele>94.8</ele>
      </trkpt>
      <trkpt lat="36.552876" lon="128.752746">
        <ele>94.8</ele>
      </trkpt>
      <trkpt lat="36.552847" lon="128.752788">
        <ele>94.8</ele>
      </trkpt>
      <trkpt lat="36.552814" lon="128.752774">
        <ele>94.8</ele>
      </trkpt>
      <trkpt lat="36.552840" lon="128.752797">
        <ele>94.8</ele>
      </trkpt>
      <trkpt lat="36.552870" lon="128.752755">
        <ele>94.8</ele>
      </trkpt>
      <trkpt lat="36.552899" lon="128.752713">
        <ele>94.8</ele>
      </trkpt>
      <trkpt lat="36.552929" lon="128.752671">
        <ele>94.8</ele>
      </trkpt>
      <trkpt lat="36.552959" lon="128.752628">
        <ele>94.8</ele>
      </trkpt>
      <trkpt lat="36.552988" lon="128.752586">
        <ele>94.9</ele>
      </trkpt>
      <trkpt lat="36.553018" lon="128.752544">
        <ele>94.9</ele>
      </trkpt>
      <trkpt lat="36.553047" lon="128.752502">
        <ele>94.9</ele>
      </trkpt>
      <trkpt lat="36.553077" lon="128.752460">
        <ele>94.9</ele>
      </trkpt>
      <trkpt lat="36.553107" lon="128.752418">
        <ele>94.9</ele>
      </trkpt>
      <trkpt lat="36.553136" lon="128.752376">
        <ele>94.9</ele>
      </trkpt>
      <trkpt lat="36.553166" lon="128.752333">
        <ele>94.9</ele>
      </trkpt>
      <trkpt lat="36.553195" lon="128.752291">
        <ele>94.9</ele>
      </trkpt>
      <trkpt lat="36.553225" lon="128.752249">
        <ele>95.0</ele>
      </trkpt>
      <trkpt lat="36.553255" lon="128.752207">
        <ele>95.0</ele>
      </trkpt>
      <trkpt lat="36.553284" lon="128.752165">
        <ele>95.0</ele>
      </trkpt>
      <trkpt lat="36.553314" lon="128.752123">
        <ele>95.0</ele>
      </trkpt>
      <trkpt lat="36.553343" lon="128.752081">
        <ele>95.0</ele>
      </trkpt>
      <trkpt lat="36.553373" lon="128.752038">
        <ele>95.0</ele>
      </trkpt>
      <trkpt lat="36.553402" lon="128.751996">
        <ele>95.0</ele>
      </trkpt>
      <trkpt lat="36.553431" lon="128.751953">
        <ele>95.0</ele>
      </trkpt>
      <trkpt lat="36.553461" lon="128.751911">
        <ele>95.0</ele>
      </trkpt>
      <trkpt lat="36.553490" lon="128.751869">
        <ele>94.9</ele>
      </trkpt>
      <trkpt lat="36.553520" lon="128.751826">
        <ele>94.9</ele>
      </trkpt>
      <trkpt lat="36.553549" lon="128.751784">
        <ele>94.9</ele>
      </trkpt>
      <trkpt lat="36.553579" lon="128.751742">
        <ele>94.9</ele>
      </trkpt>
      <trkpt lat="36.553608" lon="128.751700">
        <ele>94.8</ele>
      </trkpt>
      <trkpt lat="36.553638" lon="128.751657">
        <ele>94.8</ele>
      </trkpt>
      <trkpt lat="36.553667" lon="128.751615">
        <ele>94.8</ele>
      </trkpt>
      <trkpt lat="36.553696" lon="128.751573">
        <ele>94.8</ele>
      </trkpt>
      <trkpt lat="36.553726" lon="128.751530">
        <ele>94.7</ele>
      </trkpt>
      <trkpt lat="36.553755" lon="128.751488">
        <ele>94.7</ele>
      </trkpt>
      <trkpt lat="36.553785" lon="128.751446">
        <ele>94.7</ele>
      </trkpt>
      <trkpt lat="36.553814" lon="128.751403">
        <ele>94.7</ele>
      </trkpt>
      <trkpt lat="36.553844" lon="128.751361">
        <ele>94.6</ele>
      </trkpt>
      <trkpt lat="36.553873" lon="128.751319">
        <ele>94.6</ele>
      </trkpt>
      <trkpt lat="36.553903" lon="128.751277">
        <ele>94.6</ele>
      </trkpt>
      <trkpt lat="36.553932" lon="128.751234">
        <ele>94.6</ele>
      </trkpt>
      <trkpt lat="36.553962" lon="128.751192">
        <ele>94.6</ele>
      </trkpt>
      <trkpt lat="36.553991" lon="128.751150">
        <ele>94.5</ele>
      </trkpt>
      <trkpt lat="36.554020" lon="128.751107">
        <ele>94.5</ele>
      </trkpt>
      <trkpt lat="36.554050" lon="128.751065">
        <ele>94.5</ele>
      </trkpt>
      <trkpt lat="36.554079" lon="128.751023">
        <ele>94.5</ele>
      </trkpt>
      <trkpt lat="36.554109" lon="128.750981">
        <ele>94.4</ele>
      </trkpt>
      <trkpt lat="36.554138" lon="128.750938">
        <ele>94.4</ele>
      </trkpt>
      <trkpt lat="36.554168" lon="128.750896">
        <ele>94.4</ele>
      </trkpt>
      <trkpt lat="36.554197" lon="128.750854">
        <ele>94.4</ele>
      </trkpt>
      <trkpt lat="36.554227" lon="128.750811">
        <ele>94.3</ele>
      </trkpt>
      <trkpt lat="36.554256" lon="128.750769">
        <ele>94.3</ele>
      </trkpt>
      <trkpt lat="36.554270" lon="128.750736">
        <ele>94.3</ele>
      </trkpt>
      <trkpt lat="36.554300" lon="128.750707">
        <ele>94.3</ele>
      </trkpt>
      <trkpt lat="36.554329" lon="128.750664">
        <ele>94.3</ele>
      </trkpt>
      <trkpt lat="36.554359" lon="128.750622">
        <ele>94.3</ele>
      </trkpt>
      <trkpt lat="36.554388" lon="128.750580">
        <ele>94.3</ele>
      </trkpt>
      <trkpt lat="36.554418" lon="128.750538">
        <ele>94.3</ele>
      </trkpt>
      <trkpt lat="36.554447" lon="128.750496">
        <ele>94.3</ele>
      </trkpt>
      <trkpt lat="36.554477" lon="128.750453">
        <ele>94.3</ele>
      </trkpt>
      <trkpt lat="36.554506" lon="128.750411">
        <ele>94.3</ele>
      </trkpt>
      <trkpt lat="36.554534" lon="128.750367">
        <ele>94.3</ele>
      </trkpt>
      <trkpt lat="36.554561" lon="128.750323">
        <ele>94.3</ele>
      </trkpt>
      <trkpt lat="36.554588" lon="128.750278">
        <ele>94.3</ele>
      </trkpt>
      <trkpt lat="36.554616" lon="128.750233">
        <ele>94.3</ele>
      </trkpt>
      <trkpt lat="36.554643" lon="128.750188">
        <ele>94.3</ele>
      </trkpt>
      <trkpt lat="36.554670" lon="128.750144">
        <ele>94.3</ele>
      </trkpt>
      <trkpt lat="36.554697" lon="128.750099">
        <ele>94.3</ele>
      </trkpt>
      <trkpt lat="36.554724" lon="128.750054">
        <ele>94.3</ele>
      </trkpt>
      <trkpt lat="36.554751" lon="128.750010">
        <ele>94.3</ele>
      </trkpt>
      <trkpt lat="36.554778" lon="128.749965">
        <ele>94.3</ele>
      </trkpt>
      <trkpt lat="36.554805" lon="128.749920">
        <ele>94.3</ele>
      </trkpt>
      <trkpt lat="36.554832" lon="128.749876">
        <ele>94.3</ele>
      </trkpt>
      <trkpt lat="36.554859" lon="128.749831">
        <ele>94.3</ele>
      </trkpt>
      <trkpt lat="36.554888" lon="128.749788">
        <ele>94.3</ele>
      </trkpt>
      <trkpt lat="36.554917" lon="128.749745">
        <ele>94.3</ele>
      </trkpt>
      <trkpt lat="36.554945" lon="128.749701">
        <ele>94.3</ele>
      </trkpt>
      <trkpt lat="36.554974" lon="128.749658">
        <ele>94.3</ele>
      </trkpt>
      <trkpt lat="36.555002" lon="128.749615">
        <ele>94.3</ele>
      </trkpt>
      <trkpt lat="36.555031" lon="128.749572">
        <ele>94.3</ele>
      </trkpt>
      <trkpt lat="36.555060" lon="128.749529">
        <ele>94.3</ele>
      </trkpt>
      <trkpt lat="36.555088" lon="128.749485">
        <ele>94.3</ele>
      </trkpt>
      <trkpt lat="36.555117" lon="128.749442">
        <ele>94.3</ele>
      </trkpt>
      <trkpt lat="36.555145" lon="128.749399">
        <ele>94.3</ele>
      </trkpt>
      <trkpt lat="36.555171" lon="128.749354">
        <ele>94.3</ele>
      </trkpt>
      <trkpt lat="36.555197" lon="128.749307">
        <ele>94.3</ele>
      </trkpt>
      <trkpt lat="36.555222" lon="128.749261">
        <ele>94.3</ele>
      </trkpt>
      <trkpt lat="36.555248" lon="128.749215">
        <ele>94.3</ele>
      </trkpt>
      <trkpt lat="36.555273" lon="128.749169">
        <ele>94.3</ele>
      </trkpt>
      <trkpt lat="36.555299" lon="128.749123">
        <ele>94.3</ele>
      </trkpt>
      <trkpt lat="36.555324" lon="128.749076">
        <ele>94.3</ele>
      </trkpt>
      <trkpt lat="36.555344" lon="128.749026">
        <ele>94.4</ele>
      </trkpt>
      <trkpt lat="36.555365" lon="128.748977">
        <ele>94.5</ele>
      </trkpt>
      <trkpt lat="36.555385" lon="128.748927">
        <ele>94.5</ele>
      </trkpt>
      <trkpt lat="36.555405" lon="128.748877">
        <ele>94.5</ele>
      </trkpt>
      <trkpt lat="36.555426" lon="128.748827">
        <ele>94.5</ele>
      </trkpt>
      <trkpt lat="36.555446" lon="128.748777">
        <ele>94.5</ele>
      </trkpt>
      <trkpt lat="36.555465" lon="128.748726">
        <ele>94.5</ele>
      </trkpt>
      <trkpt lat="36.555484" lon="128.748675">
        <ele>94.5</ele>
      </trkpt>
      <trkpt lat="36.555503" lon="128.748624">
        <ele>94.5</ele>
      </trkpt>
      <trkpt lat="36.555521" lon="128.748574">
        <ele>94.5</ele>
      </trkpt>
      <trkpt lat="36.555540" lon="128.748523">
        <ele>94.5</ele>
      </trkpt>
      <trkpt lat="36.555559" lon="128.748472">
        <ele>94.5</ele>
      </trkpt>
      <trkpt lat="36.555577" lon="128.748421">
        <ele>94.5</ele>
      </trkpt>
      <trkpt lat="36.555593" lon="128.748369">
        <ele>94.5</ele>
      </trkpt>
      <trkpt lat="36.555610" lon="128.748317">
        <ele>94.5</ele>
      </trkpt>
      <trkpt lat="36.555626" lon="128.748264">
        <ele>94.5</ele>
      </trkpt>
      <trkpt lat="36.555643" lon="128.748212">
        <ele>94.5</ele>
      </trkpt>
      <trkpt lat="36.555659" lon="128.748160">
        <ele>94.5</ele>
      </trkpt>
      <trkpt lat="36.555676" lon="128.748108">
        <ele>94.5</ele>
      </trkpt>
      <trkpt lat="36.555692" lon="128.748056">
        <ele>94.5</ele>
      </trkpt>
      <trkpt lat="36.555710" lon="128.748004">
        <ele>94.5</ele>
      </trkpt>
      <trkpt lat="36.555727" lon="128.747953">
        <ele>94.5</ele>
      </trkpt>
      <trkpt lat="36.555744" lon="128.747901">
        <ele>94.5</ele>
      </trkpt>
      <trkpt lat="36.555762" lon="128.747849">
        <ele>94.5</ele>
      </trkpt>
      <trkpt lat="36.555779" lon="128.747798">
        <ele>94.5</ele>
      </trkpt>
      <trkpt lat="36.555796" lon="128.747746">
        <ele>94.5</ele>
      </trkpt>
      <trkpt lat="36.555812" lon="128.747698">
        <ele>94.5</ele>
      </trkpt>
      <trkpt lat="36.555830" lon="128.747647">
        <ele>94.5</ele>
      </trkpt>
      <trkpt lat="36.555847" lon="128.747595">
        <ele>94.5</ele>
      </trkpt>
      <trkpt lat="36.555864" lon="128.747543">
        <ele>94.5</ele>
      </trkpt>
      <trkpt lat="36.555882" lon="128.747492">
        <ele>94.5</ele>
      </trkpt>
      <trkpt lat="36.555899" lon="128.747440">
        <ele>94.5</ele>
      </trkpt>
      <trkpt lat="36.555916" lon="128.747388">
        <ele>94.5</ele>
      </trkpt>
      <trkpt lat="36.555934" lon="128.747337">
        <ele>94.5</ele>
      </trkpt>
      <trkpt lat="36.555951" lon="128.747285">
        <ele>94.5</ele>
      </trkpt>
      <trkpt lat="36.555969" lon="128.747233">
        <ele>94.5</ele>
      </trkpt>
      <trkpt lat="36.555986" lon="128.747182">
        <ele>94.5</ele>
      </trkpt>
      <trkpt lat="36.556003" lon="128.747130">
        <ele>94.5</ele>
      </trkpt>
      <trkpt lat="36.556021" lon="128.747079">
        <ele>94.5</ele>
      </trkpt>
      <trkpt lat="36.556038" lon="128.747027">
        <ele>94.5</ele>
      </trkpt>
      <trkpt lat="36.556055" lon="128.746975">
        <ele>94.5</ele>
      </trkpt>
      <trkpt lat="36.556073" lon="128.746924">
        <ele>94.5</ele>
      </trkpt>
      <trkpt lat="36.556090" lon="128.746872">
        <ele>94.5</ele>
      </trkpt>
      <trkpt lat="36.556107" lon="128.746820">
        <ele>94.5</ele>
      </trkpt>
      <trkpt lat="36.556125" lon="128.746769">
        <ele>94.5</ele>
      </trkpt>
      <trkpt lat="36.556142" lon="128.746717">
        <ele>94.4</ele>
      </trkpt>
      <trkpt lat="36.556158" lon="128.746665">
        <ele>94.2</ele>
      </trkpt>
      <trkpt lat="36.556175" lon="128.746613">
        <ele>94.0</ele>
      </trkpt>
      <trkpt lat="36.556191" lon="128.746561">
        <ele>94.0</ele>
      </trkpt>
      <trkpt lat="36.556208" lon="128.746509">
        <ele>94.0</ele>
      </trkpt>
      <trkpt lat="36.556225" lon="128.746457">
        <ele>94.1</ele>
      </trkpt>
      <trkpt lat="36.556242" lon="128.746405">
        <ele>94.1</ele>
      </trkpt>
      <trkpt lat="36.556259" lon="128.746353">
        <ele>94.1</ele>
      </trkpt>
      <trkpt lat="36.556276" lon="128.746301">
        <ele>94.1</ele>
      </trkpt>
      <trkpt lat="36.556293" lon="128.746249">
        <ele>94.1</ele>
      </trkpt>
      <trkpt lat="36.556309" lon="128.746197">
        <ele>94.2</ele>
      </trkpt>
      <trkpt lat="36.556326" lon="128.746146">
        <ele>94.2</ele>
      </trkpt>
      <trkpt lat="36.556343" lon="128.746094">
        <ele>94.2</ele>
      </trkpt>
      <trkpt lat="36.556360" lon="128.746042">
        <ele>94.2</ele>
      </trkpt>
      <trkpt lat="36.556377" lon="128.745990">
        <ele>94.2</ele>
      </trkpt>
      <trkpt lat="36.556394" lon="128.745938">
        <ele>94.3</ele>
      </trkpt>
      <trkpt lat="36.556411" lon="128.745886">
        <ele>94.3</ele>
      </trkpt>
      <trkpt lat="36.556428" lon="128.745834">
        <ele>94.3</ele>
      </trkpt>
      <trkpt lat="36.556445" lon="128.745783">
        <ele>94.3</ele>
      </trkpt>
      <trkpt lat="36.556462" lon="128.745731">
        <ele>94.3</ele>
      </trkpt>
      <trkpt lat="36.556479" lon="128.745679">
        <ele>94.3</ele>
      </trkpt>
      <trkpt lat="36.556496" lon="128.745627">
        <ele>94.4</ele>
      </trkpt>
      <trkpt lat="36.556513" lon="128.745576">
        <ele>94.5</ele>
      </trkpt>
      <trkpt lat="36.556530" lon="128.745524">
        <ele>94.7</ele>
      </trkpt>
      <trkpt lat="36.556547" lon="128.745472">
        <ele>94.8</ele>
      </trkpt>
      <trkpt lat="36.556564" lon="128.745420">
        <ele>95.0</ele>
      </trkpt>
      <trkpt lat="36.556581" lon="128.745368">
        <ele>95.1</ele>
      </trkpt>
      <trkpt lat="36.556598" lon="128.745316">
        <ele>95.3</ele>
      </trkpt>
      <trkpt lat="36.556615" lon="128.745264">
        <ele>95.4</ele>
      </trkpt>
      <trkpt lat="36.556632" lon="128.745212">
        <ele>95.6</ele>
      </trkpt>
      <trkpt lat="36.556649" lon="128.745161">
        <ele>95.7</ele>
      </trkpt>
      <trkpt lat="36.556665" lon="128.745109">
        <ele>95.8</ele>
      </trkpt>
      <trkpt lat="36.556682" lon="128.745057">
        <ele>95.8</ele>
      </trkpt>
      <trkpt lat="36.556699" lon="128.745005">
        <ele>95.7</ele>
      </trkpt>
      <trkpt lat="36.556715" lon="128.744953">
        <ele>95.7</ele>
      </trkpt>
      <trkpt lat="36.556732" lon="128.744901">
        <ele>95.7</ele>
      </trkpt>
      <trkpt lat="36.556748" lon="128.744848">
        <ele>95.6</ele>
      </trkpt>
      <trkpt lat="36.556765" lon="128.744796">
        <ele>95.6</ele>
      </trkpt>
      <trkpt lat="36.556781" lon="128.744744">
        <ele>95.6</ele>
      </trkpt>
      <trkpt lat="36.556798" lon="128.744692">
        <ele>95.5</ele>
      </trkpt>
      <trkpt lat="36.556815" lon="128.744640">
        <ele>95.5</ele>
      </trkpt>
      <trkpt lat="36.556833" lon="128.744590">
        <ele>95.5</ele>
      </trkpt>
      <trkpt lat="36.556852" lon="128.744539">
        <ele>95.5</ele>
      </trkpt>
      <trkpt lat="36.556871" lon="128.744488">
        <ele>95.5</ele>
      </trkpt>
      <trkpt lat="36.556890" lon="128.744437">
        <ele>95.5</ele>
      </trkpt>
      <trkpt lat="36.556909" lon="128.744386">
        <ele>95.5</ele>
      </trkpt>
      <trkpt lat="36.556926" lon="128.744335">
        <ele>95.6</ele>
      </trkpt>
      <trkpt lat="36.556943" lon="128.744283">
        <ele>95.7</ele>
      </trkpt>
      <trkpt lat="36.556960" lon="128.744231">
        <ele>95.7</ele>
      </trkpt>
      <trkpt lat="36.556977" lon="128.744179">
        <ele>95.8</ele>
      </trkpt>
      <trkpt lat="36.556962" lon="128.744159">
        <ele>95.8</ele>
      </trkpt>
      <trkpt lat="36.556990" lon="128.744139">
        <ele>95.8</ele>
      </trkpt>
      <trkpt lat="36.557007" lon="128.744087">
        <ele>95.8</ele>
      </trkpt>
      <trkpt lat="36.557024" lon="128.744035">
        <ele>95.9</ele>
      </trkpt>
      <trkpt lat="36.557041" lon="128.743983">
        <ele>96.0</ele>
      </trkpt>
      <trkpt lat="36.557057" lon="128.743931">
        <ele>96.1</ele>
      </trkpt>
      <trkpt lat="36.557074" lon="128.743879">
        <ele>96.2</ele>
      </trkpt>
      <trkpt lat="36.557091" lon="128.743827">
        <ele>96.3</ele>
      </trkpt>
      <trkpt lat="36.557108" lon="128.743776">
        <ele>96.4</ele>
      </trkpt>
      <trkpt lat="36.557124" lon="128.743724">
        <ele>96.5</ele>
      </trkpt>
      <trkpt lat="36.557141" lon="128.743672">
        <ele>96.6</ele>
      </trkpt>
      <trkpt lat="36.557158" lon="128.743620">
        <ele>96.7</ele>
      </trkpt>
      <trkpt lat="36.557175" lon="128.743568">
        <ele>96.8</ele>
      </trkpt>
      <trkpt lat="36.557191" lon="128.743516">
        <ele>96.8</ele>
      </trkpt>
      <trkpt lat="36.557208" lon="128.743464">
        <ele>96.9</ele>
      </trkpt>
      <trkpt lat="36.557225" lon="128.743412">
        <ele>97.0</ele>
      </trkpt>
      <trkpt lat="36.557241" lon="128.743360">
        <ele>97.1</ele>
      </trkpt>
      <trkpt lat="36.557258" lon="128.743308">
        <ele>97.2</ele>
      </trkpt>
      <trkpt lat="36.557275" lon="128.743256">
        <ele>97.3</ele>
      </trkpt>
      <trkpt lat="36.557292" lon="128.743204">
        <ele>97.4</ele>
      </trkpt>
      <trkpt lat="36.557308" lon="128.743152">
        <ele>97.5</ele>
      </trkpt>
      <trkpt lat="36.557325" lon="128.743100">
        <ele>97.6</ele>
      </trkpt>
      <trkpt lat="36.557342" lon="128.743048">
        <ele>97.7</ele>
      </trkpt>
      <trkpt lat="36.557359" lon="128.742996">
        <ele>97.8</ele>
      </trkpt>
      <trkpt lat="36.557376" lon="128.742945">
        <ele>98.0</ele>
      </trkpt>
      <trkpt lat="36.557393" lon="128.742893">
        <ele>98.1</ele>
      </trkpt>
      <trkpt lat="36.557410" lon="128.742841">
        <ele>98.2</ele>
      </trkpt>
      <trkpt lat="36.557427" lon="128.742789">
        <ele>98.3</ele>
      </trkpt>
      <trkpt lat="36.557444" lon="128.742737">
        <ele>98.4</ele>
      </trkpt>
      <trkpt lat="36.557461" lon="128.742686">
        <ele>98.6</ele>
      </trkpt>
      <trkpt lat="36.557478" lon="128.742634">
        <ele>98.7</ele>
      </trkpt>
      <trkpt lat="36.557495" lon="128.742582">
        <ele>98.8</ele>
      </trkpt>
      <trkpt lat="36.557511" lon="128.742530">
        <ele>98.8</ele>
      </trkpt>
      <trkpt lat="36.557527" lon="128.742477">
        <ele>98.8</ele>
      </trkpt>
      <trkpt lat="36.557544" lon="128.742425">
        <ele>98.8</ele>
      </trkpt>
      <trkpt lat="36.557563" lon="128.742375">
        <ele>98.6</ele>
      </trkpt>
      <trkpt lat="36.557583" lon="128.742324">
        <ele>98.4</ele>
      </trkpt>
      <trkpt lat="36.557602" lon="128.742274">
        <ele>98.2</ele>
      </trkpt>
      <trkpt lat="36.557621" lon="128.742223">
        <ele>98.0</ele>
      </trkpt>
      <trkpt lat="36.557641" lon="128.742173">
        <ele>97.8</ele>
      </trkpt>
      <trkpt lat="36.557660" lon="128.742122">
        <ele>97.6</ele>
      </trkpt>
      <trkpt lat="36.557684" lon="128.742075">
        <ele>97.4</ele>
      </trkpt>
      <trkpt lat="36.557709" lon="128.742028">
        <ele>97.3</ele>
      </trkpt>
      <trkpt lat="36.557734" lon="128.741982">
        <ele>97.1</ele>
      </trkpt>
      <trkpt lat="36.557759" lon="128.741936">
        <ele>97.0</ele>
      </trkpt>
      <trkpt lat="36.557785" lon="128.741889">
        <ele>96.9</ele>
      </trkpt>
      <trkpt lat="36.557812" lon="128.741845">
        <ele>96.8</ele>
      </trkpt>
      <trkpt lat="36.557842" lon="128.741803">
        <ele>96.7</ele>
      </trkpt>
      <trkpt lat="36.557872" lon="128.741761">
        <ele>96.6</ele>
      </trkpt>
      <trkpt lat="36.557902" lon="128.741719">
        <ele>96.6</ele>
      </trkpt>
      <trkpt lat="36.557922" lon="128.741678">
        <ele>96.5</ele>
      </trkpt>
      <trkpt lat="36.557952" lon="128.741655">
        <ele>96.5</ele>
      </trkpt>
      <trkpt lat="36.557987" lon="128.741619">
        <ele>96.4</ele>
      </trkpt>
      <trkpt lat="36.558022" lon="128.741584">
        <ele>96.4</ele>
      </trkpt>
      <trkpt lat="36.558057" lon="128.741548">
        <ele>96.3</ele>
      </trkpt>
      <trkpt lat="36.558093" lon="128.741515">
        <ele>96.3</ele>
      </trkpt>
      <trkpt lat="36.558129" lon="128.741482">
        <ele>96.2</ele>
      </trkpt>
      <trkpt lat="36.558166" lon="128.741449">
        <ele>96.2</ele>
      </trkpt>
      <trkpt lat="36.558202" lon="128.741417">
        <ele>96.2</ele>
      </trkpt>
      <trkpt lat="36.558239" lon="128.741384">
        <ele>96.1</ele>
      </trkpt>
      <trkpt lat="36.558275" lon="128.741351">
        <ele>96.1</ele>
      </trkpt>
      <trkpt lat="36.558311" lon="128.741318">
        <ele>96.1</ele>
      </trkpt>
      <trkpt lat="36.558348" lon="128.741285">
        <ele>96.0</ele>
      </trkpt>
      <trkpt lat="36.558384" lon="128.741253">
        <ele>96.0</ele>
      </trkpt>
      <trkpt lat="36.558421" lon="128.741220">
        <ele>96.0</ele>
      </trkpt>
      <trkpt lat="36.558457" lon="128.741187">
        <ele>95.9</ele>
      </trkpt>
      <trkpt lat="36.558494" lon="128.741154">
        <ele>95.9</ele>
      </trkpt>
      <trkpt lat="36.558530" lon="128.741121">
        <ele>95.9</ele>
      </trkpt>
      <trkpt lat="36.558566" lon="128.741089">
        <ele>95.8</ele>
      </trkpt>
      <trkpt lat="36.558603" lon="128.741056">
        <ele>95.8</ele>
      </trkpt>
      <trkpt lat="36.558640" lon="128.741024">
        <ele>95.8</ele>
      </trkpt>
      <trkpt lat="36.558677" lon="128.740993">
        <ele>95.7</ele>
      </trkpt>
      <trkpt lat="36.558714" lon="128.740961">
        <ele>95.7</ele>
      </trkpt>
      <trkpt lat="36.558752" lon="128.740930">
        <ele>95.6</ele>
      </trkpt>
      <trkpt lat="36.558789" lon="128.740899">
        <ele>95.6</ele>
      </trkpt>
      <trkpt lat="36.558826" lon="128.740867">
        <ele>95.5</ele>
      </trkpt>
      <trkpt lat="36.558864" lon="128.740838">
        <ele>95.5</ele>
      </trkpt>
      <trkpt lat="36.558903" lon="128.740809">
        <ele>95.5</ele>
      </trkpt>
      <trkpt lat="36.558942" lon="128.740781">
        <ele>95.4</ele>
      </trkpt>
      <trkpt lat="36.558980" lon="128.740752">
        <ele>95.4</ele>
      </trkpt>
      <trkpt lat="36.559019" lon="128.740724">
        <ele>95.4</ele>
      </trkpt>
      <trkpt lat="36.559058" lon="128.740695">
        <ele>95.3</ele>
      </trkpt>
      <trkpt lat="36.559097" lon="128.740667">
        <ele>95.3</ele>
      </trkpt>
      <trkpt lat="36.559134" lon="128.740636">
        <ele>95.3</ele>
      </trkpt>
      <trkpt lat="36.559171" lon="128.740605">
        <ele>95.2</ele>
      </trkpt>
      <trkpt lat="36.559209" lon="128.740573">
        <ele>95.2</ele>
      </trkpt>
      <trkpt lat="36.559246" lon="128.740542">
        <ele>95.2</ele>
      </trkpt>
      <trkpt lat="36.559283" lon="128.740511">
        <ele>95.1</ele>
      </trkpt>
      <trkpt lat="36.559321" lon="128.740480">
        <ele>95.1</ele>
      </trkpt>
      <trkpt lat="36.559358" lon="128.740448">
        <ele>95.1</ele>
      </trkpt>
      <trkpt lat="36.559395" lon="128.740417">
        <ele>95.0</ele>
      </trkpt>
      <trkpt lat="36.559432" lon="128.740386">
        <ele>95.0</ele>
      </trkpt>
      <trkpt lat="36.559470" lon="128.740354">
        <ele>94.9</ele>
      </trkpt>
      <trkpt lat="36.559507" lon="128.740323">
        <ele>94.9</ele>
      </trkpt>
      <trkpt lat="36.559544" lon="128.740292">
        <ele>94.9</ele>
      </trkpt>
      <trkpt lat="36.559581" lon="128.740260">
        <ele>94.8</ele>
      </trkpt>
      <trkpt lat="36.559619" lon="128.740229">
        <ele>94.8</ele>
      </trkpt>
      <trkpt lat="36.559656" lon="128.740198">
        <ele>94.8</ele>
      </trkpt>
      <trkpt lat="36.559693" lon="128.740166">
        <ele>94.7</ele>
      </trkpt>
      <trkpt lat="36.559730" lon="128.740135">
        <ele>94.7</ele>
      </trkpt>
      <trkpt lat="36.559768" lon="128.740104">
        <ele>94.6</ele>
      </trkpt>
      <trkpt lat="36.559805" lon="128.740072">
        <ele>94.6</ele>
      </trkpt>
      <trkpt lat="36.559842" lon="128.740041">
        <ele>94.6</ele>
      </trkpt>
      <trkpt lat="36.559879" lon="128.740010">
        <ele>94.5</ele>
      </trkpt>
      <trkpt lat="36.559917" lon="128.739978">
        <ele>94.5</ele>
      </trkpt>
      <trkpt lat="36.559954" lon="128.739947">
        <ele>94.5</ele>
      </trkpt>
      <trkpt lat="36.559991" lon="128.739916">
        <ele>94.4</ele>
      </trkpt>
      <trkpt lat="36.560029" lon="128.739884">
        <ele>94.4</ele>
      </trkpt>
      <trkpt lat="36.560066" lon="128.739853">
        <ele>94.4</ele>
      </trkpt>
      <trkpt lat="36.560103" lon="128.739822">
        <ele>94.3</ele>
      </trkpt>
      <trkpt lat="36.560140" lon="128.739790">
        <ele>94.3</ele>
      </trkpt>
      <trkpt lat="36.560178" lon="128.739759">
        <ele>94.2</ele>
      </trkpt>
      <trkpt lat="36.560215" lon="128.739728">
        <ele>94.2</ele>
      </trkpt>
      <trkpt lat="36.560252" lon="128.739696">
        <ele>94.2</ele>
      </trkpt>
      <trkpt lat="36.560289" lon="128.739665">
        <ele>94.1</ele>
      </trkpt>
      <trkpt lat="36.560327" lon="128.739634">
        <ele>94.1</ele>
      </trkpt>
      <trkpt lat="36.560364" lon="128.739602">
        <ele>94.1</ele>
      </trkpt>
      <trkpt lat="36.560401" lon="128.739571">
        <ele>94.0</ele>
      </trkpt>
      <trkpt lat="36.560438" lon="128.739540">
        <ele>94.0</ele>
      </trkpt>
      <trkpt lat="36.560476" lon="128.739508">
        <ele>94.0</ele>
      </trkpt>
      <trkpt lat="36.560513" lon="128.739477">
        <ele>93.9</ele>
      </trkpt>
      <trkpt lat="36.560550" lon="128.739446">
        <ele>93.9</ele>
      </trkpt>
      <trkpt lat="36.560588" lon="128.739414">
        <ele>93.8</ele>
      </trkpt>
      <trkpt lat="36.560625" lon="128.739383">
        <ele>93.8</ele>
      </trkpt>
      <trkpt lat="36.560662" lon="128.739352">
        <ele>93.8</ele>
      </trkpt>
      <trkpt lat="36.560699" lon="128.739320">
        <ele>93.7</ele>
      </trkpt>
      <trkpt lat="36.560737" lon="128.739289">
        <ele>93.7</ele>
      </trkpt>
      <trkpt lat="36.560774" lon="128.739258">
        <ele>93.7</ele>
      </trkpt>
      <trkpt lat="36.560811" lon="128.739226">
        <ele>93.6</ele>
      </trkpt>
      <trkpt lat="36.560848" lon="128.739195">
        <ele>93.6</ele>
      </trkpt>
      <trkpt lat="36.560886" lon="128.739164">
        <ele>93.5</ele>
      </trkpt>
      <trkpt lat="36.560923" lon="128.739132">
        <ele>93.5</ele>
      </trkpt>
      <trkpt lat="36.560960" lon="128.739101">
        <ele>93.5</ele>
      </trkpt>
      <trkpt lat="36.560997" lon="128.739070">
        <ele>93.4</ele>
      </trkpt>
      <trkpt lat="36.561035" lon="128.739038">
        <ele>93.4</ele>
      </trkpt>
      <trkpt lat="36.561072" lon="128.739007">
        <ele>93.4</ele>
      </trkpt>
      <trkpt lat="36.561109" lon="128.738976">
        <ele>93.3</ele>
      </trkpt>
      <trkpt lat="36.561147" lon="128.738945">
        <ele>93.3</ele>
      </trkpt>
      <trkpt lat="36.561185" lon="128.738915">
        <ele>93.4</ele>
      </trkpt>
      <trkpt lat="36.561223" lon="128.738886">
        <ele>93.8</ele>
      </trkpt>
      <trkpt lat="36.561245" lon="128.738852">
        <ele>94.2</ele>
      </trkpt>
      <trkpt lat="36.561257" lon="128.738873">
        <ele>93.9</ele>
      </trkpt>
      <trkpt lat="36.561282" lon="128.738920">
        <ele>93.7</ele>
      </trkpt>
      <trkpt lat="36.561306" lon="128.738966">
        <ele>93.5</ele>
      </trkpt>
      <trkpt lat="36.561333" lon="128.739012">
        <ele>93.4</ele>
      </trkpt>
      <trkpt lat="36.561359" lon="128.739057">
        <ele>93.2</ele>
      </trkpt>
      <trkpt lat="36.561385" lon="128.739103">
        <ele>93.1</ele>
      </trkpt>
      <trkpt lat="36.561411" lon="128.739148">
        <ele>93.0</ele>
      </trkpt>
      <trkpt lat="36.561437" lon="128.739194">
        <ele>92.9</ele>
      </trkpt>
      <trkpt lat="36.561463" lon="128.739239">
        <ele>92.8</ele>
      </trkpt>
      <trkpt lat="36.561490" lon="128.739285">
        <ele>92.7</ele>
      </trkpt>
      <trkpt lat="36.561516" lon="128.739330">
        <ele>92.6</ele>
      </trkpt>
      <trkpt lat="36.561542" lon="128.739376">
        <ele>92.4</ele>
      </trkpt>
      <trkpt lat="36.561568" lon="128.739421">
        <ele>92.3</ele>
      </trkpt>
      <trkpt lat="36.561594" lon="128.739467">
        <ele>92.2</ele>
      </trkpt>
      <trkpt lat="36.561620" lon="128.739512">
        <ele>92.1</ele>
      </trkpt>
      <trkpt lat="36.561646" lon="128.739558">
        <ele>92.0</ele>
      </trkpt>
      <trkpt lat="36.561671" lon="128.739605">
        <ele>92.1</ele>
      </trkpt>
      <trkpt lat="36.561695" lon="128.739652">
        <ele>92.2</ele>
      </trkpt>
      <trkpt lat="36.561719" lon="128.739699">
        <ele>92.3</ele>
      </trkpt>
      <trkpt lat="36.561744" lon="128.739746">
        <ele>92.3</ele>
      </trkpt>
      <trkpt lat="36.561768" lon="128.739793">
        <ele>92.4</ele>
      </trkpt>
      <trkpt lat="36.561792" lon="128.739841">
        <ele>92.5</ele>
      </trkpt>
      <trkpt lat="36.561817" lon="128.739888">
        <ele>92.6</ele>
      </trkpt>
      <trkpt lat="36.561841" lon="128.739935">
        <ele>92.7</ele>
      </trkpt>
      <trkpt lat="36.561866" lon="128.739982">
        <ele>92.7</ele>
      </trkpt>
      <trkpt lat="36.561890" lon="128.740029">
        <ele>92.8</ele>
      </trkpt>
      <trkpt lat="36.561914" lon="128.740076">
        <ele>92.9</ele>
      </trkpt>
      <trkpt lat="36.561939" lon="128.740123">
        <ele>93.0</ele>
      </trkpt>
      <trkpt lat="36.561958" lon="128.740162">
        <ele>94.0</ele>
      </trkpt>
      <trkpt lat="36.561983" lon="128.740209">
        <ele>94.0</ele>
      </trkpt>
      <trkpt lat="36.562007" lon="128.740256">
        <ele>93.9</ele>
      </trkpt>
      <trkpt lat="36.562031" lon="128.740303">
        <ele>93.8</ele>
      </trkpt>
      <trkpt lat="36.562056" lon="128.740350">
        <ele>93.7</ele>
      </trkpt>
      <trkpt lat="36.562080" lon="128.740397">
        <ele>93.6</ele>
      </trkpt>
      <trkpt lat="36.562104" lon="128.740444">
        <ele>93.5</ele>
      </trkpt>
      <trkpt lat="36.562129" lon="128.740491">
        <ele>93.4</ele>
      </trkpt>
      <trkpt lat="36.562153" lon="128.740538">
        <ele>93.3</ele>
      </trkpt>
      <trkpt lat="36.562178" lon="128.740585">
        <ele>93.3</ele>
      </trkpt>
      <trkpt lat="36.562202" lon="128.740632">
        <ele>93.2</ele>
      </trkpt>
      <trkpt lat="36.562226" lon="128.740679">
        <ele>93.1</ele>
      </trkpt>
      <trkpt lat="36.562251" lon="128.740726">
        <ele>93.0</ele>
      </trkpt>
      <trkpt lat="36.562275" lon="128.740773">
        <ele>92.9</ele>
      </trkpt>
      <trkpt lat="36.562299" lon="128.740820">
        <ele>92.8</ele>
      </trkpt>
      <trkpt lat="36.562324" lon="128.740868">
        <ele>92.7</ele>
      </trkpt>
      <trkpt lat="36.562348" lon="128.740915">
        <ele>92.6</ele>
      </trkpt>
      <trkpt lat="36.562372" lon="128.740962">
        <ele>92.5</ele>
      </trkpt>
      <trkpt lat="36.562397" lon="128.741009">
        <ele>92.4</ele>
      </trkpt>
      <trkpt lat="36.562421" lon="128.741056">
        <ele>92.3</ele>
      </trkpt>
      <trkpt lat="36.562446" lon="128.741103">
        <ele>92.3</ele>
      </trkpt>
      <trkpt lat="36.562470" lon="128.741150">
        <ele>92.2</ele>
      </trkpt>
      <trkpt lat="36.562494" lon="128.741197">
        <ele>92.1</ele>
      </trkpt>
      <trkpt lat="36.562518" lon="128.741244">
        <ele>92.0</ele>
      </trkpt>
      <trkpt lat="36.562541" lon="128.741292">
        <ele>92.1</ele>
      </trkpt>
      <trkpt lat="36.562564" lon="128.741340">
        <ele>92.1</ele>
      </trkpt>
      <trkpt lat="36.562587" lon="128.741388">
        <ele>92.1</ele>
      </trkpt>
      <trkpt lat="36.562610" lon="128.741437">
        <ele>92.2</ele>
      </trkpt>
      <trkpt lat="36.562633" lon="128.741485">
        <ele>92.2</ele>
      </trkpt>
      <trkpt lat="36.562656" lon="128.741533">
        <ele>92.3</ele>
      </trkpt>
      <trkpt lat="36.562679" lon="128.741581">
        <ele>92.3</ele>
      </trkpt>
      <trkpt lat="36.562702" lon="128.741629">
        <ele>92.4</ele>
      </trkpt>
      <trkpt lat="36.562726" lon="128.741677">
        <ele>92.4</ele>
      </trkpt>
      <trkpt lat="36.562749" lon="128.741725">
        <ele>92.5</ele>
      </trkpt>
      <trkpt lat="36.562772" lon="128.741773">
        <ele>92.5</ele>
      </trkpt>
      <trkpt lat="36.562795" lon="128.741821">
        <ele>92.6</ele>
      </trkpt>
      <trkpt lat="36.562818" lon="128.741869">
        <ele>92.6</ele>
      </trkpt>
      <trkpt lat="36.562841" lon="128.741917">
        <ele>92.7</ele>
      </trkpt>
      <trkpt lat="36.562864" lon="128.741966">
        <ele>92.7</ele>
      </trkpt>
      <trkpt lat="36.562887" lon="128.742014">
        <ele>92.7</ele>
      </trkpt>
      <trkpt lat="36.562910" lon="128.742062">
        <ele>92.8</ele>
      </trkpt>
      <trkpt lat="36.562933" lon="128.742110">
        <ele>92.8</ele>
      </trkpt>
      <trkpt lat="36.562956" lon="128.742158">
        <ele>92.9</ele>
      </trkpt>
      <trkpt lat="36.562979" lon="128.742206">
        <ele>92.9</ele>
      </trkpt>
      <trkpt lat="36.563002" lon="128.742254">
        <ele>93.0</ele>
      </trkpt>
      <trkpt lat="36.563027" lon="128.742300">
        <ele>93.1</ele>
      </trkpt>
      <trkpt lat="36.563055" lon="128.742344">
        <ele>93.3</ele>
      </trkpt>
      <trkpt lat="36.563083" lon="128.742388">
        <ele>93.4</ele>
      </trkpt>
      <trkpt lat="36.563112" lon="128.742431">
        <ele>93.6</ele>
      </trkpt>
      <trkpt lat="36.563140" lon="128.742475">
        <ele>93.8</ele>
      </trkpt>
      <trkpt lat="36.563168" lon="128.742518">
        <ele>94.0</ele>
      </trkpt>
      <trkpt lat="36.563196" lon="128.742562">
        <ele>94.1</ele>
      </trkpt>
      <trkpt lat="36.563224" lon="128.742606">
        <ele>94.3</ele>
      </trkpt>
      <trkpt lat="36.563252" lon="128.742649">
        <ele>94.5</ele>
      </trkpt>
      <trkpt lat="36.563280" lon="128.742693">
        <ele>94.6</ele>
      </trkpt>
      <trkpt lat="36.563309" lon="128.742737">
        <ele>94.8</ele>
      </trkpt>
      <trkpt lat="36.563337" lon="128.742780">
        <ele>95.0</ele>
      </trkpt>
      <trkpt lat="36.563365" lon="128.742824">
        <ele>95.2</ele>
      </trkpt>
      <trkpt lat="36.563393" lon="128.742868">
        <ele>95.3</ele>
      </trkpt>
      <trkpt lat="36.563421" lon="128.742911">
        <ele>95.5</ele>
      </trkpt>
      <trkpt lat="36.563449" lon="128.742955">
        <ele>95.7</ele>
      </trkpt>
      <trkpt lat="36.563478" lon="128.742999">
        <ele>95.9</ele>
      </trkpt>
      <trkpt lat="36.563506" lon="128.743042">
        <ele>96.0</ele>
      </trkpt>
      <trkpt lat="36.563534" lon="128.743086">
        <ele>96.2</ele>
      </trkpt>
      <trkpt lat="36.563562" lon="128.743130">
        <ele>96.4</ele>
      </trkpt>
      <trkpt lat="36.563590" lon="128.743173">
        <ele>96.6</ele>
      </trkpt>
      <trkpt lat="36.563618" lon="128.743217">
        <ele>96.7</ele>
      </trkpt>
      <trkpt lat="36.563646" lon="128.743260">
        <ele>96.9</ele>
      </trkpt>
      <trkpt lat="36.563674" lon="128.743305">
        <ele>97.6</ele>
      </trkpt>
      <trkpt lat="36.563702" lon="128.743349">
        <ele>98.8</ele>
      </trkpt>
      <trkpt lat="36.563734" lon="128.743387">
        <ele>99.0</ele>
      </trkpt>
      <trkpt lat="36.563768" lon="128.743425">
        <ele>99.0</ele>
      </trkpt>
      <trkpt lat="36.563801" lon="128.743462">
        <ele>99.0</ele>
      </trkpt>
      <trkpt lat="36.563835" lon="128.743499">
        <ele>99.0</ele>
      </trkpt>
      <trkpt lat="36.563868" lon="128.743537">
        <ele>99.0</ele>
      </trkpt>
      <trkpt lat="36.563902" lon="128.743574">
        <ele>99.0</ele>
      </trkpt>
      <trkpt lat="36.563935" lon="128.743612">
        <ele>99.0</ele>
      </trkpt>
      <trkpt lat="36.563969" lon="128.743649">
        <ele>99.0</ele>
      </trkpt>
      <trkpt lat="36.564002" lon="128.743686">
        <ele>99.0</ele>
      </trkpt>
      <trkpt lat="36.564036" lon="128.743724">
        <ele>99.0</ele>
      </trkpt>
      <trkpt lat="36.564062" lon="128.743769">
        <ele>99.0</ele>
      </trkpt>
      <trkpt lat="36.564089" lon="128.743814">
        <ele>99.0</ele>
      </trkpt>
      <trkpt lat="36.564115" lon="128.743859">
        <ele>99.0</ele>
      </trkpt>
      <trkpt lat="36.564141" lon="128.743905">
        <ele>99.0</ele>
      </trkpt>
      <trkpt lat="36.564164" lon="128.743947">
        <ele>99.0</ele>
      </trkpt>
      <trkpt lat="36.564189" lon="128.743993">
        <ele>99.0</ele>
      </trkpt>
      <trkpt lat="36.564214" lon="128.744040">
        <ele>99.0</ele>
      </trkpt>
      <trkpt lat="36.564239" lon="128.744086">
        <ele>99.0</ele>
      </trkpt>
      <trkpt lat="36.564265" lon="128.744132">
        <ele>99.0</ele>
      </trkpt>
      <trkpt lat="36.564290" lon="128.744179">
        <ele>99.0</ele>
      </trkpt>
      <trkpt lat="36.564315" lon="128.744225">
        <ele>99.0</ele>
      </trkpt>
      <trkpt lat="36.564340" lon="128.744271">
        <ele>99.0</ele>
      </trkpt>
      <trkpt lat="36.564365" lon="128.744318">
        <ele>99.0</ele>
      </trkpt>
      <trkpt lat="36.564391" lon="128.744364">
        <ele>99.0</ele>
      </trkpt>
      <trkpt lat="36.564416" lon="128.744410">
        <ele>99.0</ele>
      </trkpt>
      <trkpt lat="36.564441" lon="128.744457">
        <ele>99.0</ele>
      </trkpt>
      <trkpt lat="36.564466" lon="128.744503">
        <ele>99.0</ele>
      </trkpt>
      <trkpt lat="36.564491" lon="128.744550">
        <ele>99.0</ele>
      </trkpt>
      <trkpt lat="36.564517" lon="128.744596">
        <ele>99.0</ele>
      </trkpt>
      <trkpt lat="36.564542" lon="128.744642">
        <ele>99.0</ele>
      </trkpt>
      <trkpt lat="36.564567" lon="128.744689">
        <ele>99.0</ele>
      </trkpt>
      <trkpt lat="36.564592" lon="128.744735">
        <ele>99.0</ele>
      </trkpt>
      <trkpt lat="36.564617" lon="128.744781">
        <ele>99.0</ele>
      </trkpt>
      <trkpt lat="36.564643" lon="128.744828">
        <ele>99.0</ele>
      </trkpt>
      <trkpt lat="36.564668" lon="128.744874">
        <ele>99.0</ele>
      </trkpt>
      <trkpt lat="36.564693" lon="128.744920">
        <ele>99.0</ele>
      </trkpt>
      <trkpt lat="36.564718" lon="128.744967">
        <ele>99.0</ele>
      </trkpt>
      <trkpt lat="36.564743" lon="128.745013">
        <ele>99.0</ele>
      </trkpt>
      <trkpt lat="36.564769" lon="128.745060">
        <ele>99.0</ele>
      </trkpt>
      <trkpt lat="36.564794" lon="128.745106">
        <ele>99.0</ele>
      </trkpt>
      <trkpt lat="36.564821" lon="128.745151">
        <ele>99.6</ele>
      </trkpt>
      <trkpt lat="36.564851" lon="128.745193">
        <ele>101.3</ele>
      </trkpt>
      <trkpt lat="36.564880" lon="128.745235">
        <ele>102.9</ele>
      </trkpt>
      <trkpt lat="36.564910" lon="128.745277">
        <ele>104.5</ele>
      </trkpt>
      <trkpt lat="36.564940" lon="128.745319">
        <ele>106.1</ele>
      </trkpt>
      <trkpt lat="36.564969" lon="128.745361">
        <ele>107.7</ele>
      </trkpt>
      <trkpt lat="36.564999" lon="128.745402">
        <ele>109.3</ele>
      </trkpt>
      <trkpt lat="36.565029" lon="128.745444">
        <ele>110.9</ele>
      </trkpt>
      <trkpt lat="36.565059" lon="128.745486">
        <ele>112.6</ele>
      </trkpt>
      <trkpt lat="36.565088" lon="128.745528">
        <ele>114.2</ele>
      </trkpt>
      <trkpt lat="36.565118" lon="128.745570">
        <ele>115.8</ele>
      </trkpt>
      <trkpt lat="36.565148" lon="128.745612">
        <ele>117.4</ele>
      </trkpt>
      <trkpt lat="36.565178" lon="128.745654">
        <ele>119.0</ele>
      </trkpt>
      <trkpt lat="36.565207" lon="128.745696">
        <ele>120.6</ele>
      </trkpt>
      <trkpt lat="36.565237" lon="128.745738">
        <ele>122.2</ele>
      </trkpt>
      <trkpt lat="36.565267" lon="128.745780">
        <ele>123.9</ele>
      </trkpt>
      <trkpt lat="36.565296" lon="128.745823">
        <ele>120.6</ele>
      </trkpt>
      <trkpt lat="36.565321" lon="128.745858">
        <ele>108.0</ele>
      </trkpt>
      <trkpt lat="36.565348" lon="128.745901">
        <ele>108.0</ele>
      </trkpt>
      <trkpt lat="36.565377" lon="128.745944">
        <ele>108.0</ele>
      </trkpt>
      <trkpt lat="36.565406" lon="128.745988">
        <ele>108.0</ele>
      </trkpt>
      <trkpt lat="36.565434" lon="128.746031">
        <ele>108.0</ele>
      </trkpt>
      <trkpt lat="36.565463" lon="128.746074">
        <ele>108.0</ele>
      </trkpt>
      <trkpt lat="36.565492" lon="128.746117">
        <ele>108.0</ele>
      </trkpt>
      <trkpt lat="36.565520" lon="128.746160">
        <ele>108.0</ele>
      </trkpt>
      <trkpt lat="36.565549" lon="128.746203">
        <ele>108.0</ele>
      </trkpt>
      <trkpt lat="36.565578" lon="128.746246">
        <ele>108.0</ele>
      </trkpt>
      <trkpt lat="36.565607" lon="128.746289">
        <ele>108.0</ele>
      </trkpt>
      <trkpt lat="36.565635" lon="128.746332">
        <ele>108.0</ele>
      </trkpt>
      <trkpt lat="36.565664" lon="128.746375">
        <ele>108.0</ele>
      </trkpt>
      <trkpt lat="36.565693" lon="128.746418">
        <ele>108.0</ele>
      </trkpt>
      <trkpt lat="36.565721" lon="128.746462">
        <ele>108.0</ele>
      </trkpt>
      <trkpt lat="36.565750" lon="128.746505">
        <ele>108.0</ele>
      </trkpt>
      <trkpt lat="36.565779" lon="128.746548">
        <ele>108.4</ele>
      </trkpt>
      <trkpt lat="36.565808" lon="128.746590">
        <ele>110.0</ele>
      </trkpt>
      <trkpt lat="36.565838" lon="128.746632">
        <ele>111.6</ele>
      </trkpt>
      <trkpt lat="36.565867" lon="128.746674">
        <ele>113.2</ele>
      </trkpt>
      <trkpt lat="36.565897" lon="128.746717">
        <ele>114.8</ele>
      </trkpt>
      <trkpt lat="36.565926" lon="128.746759">
        <ele>116.2</ele>
      </trkpt>
      <trkpt lat="36.565957" lon="128.746800">
        <ele>117.2</ele>
      </trkpt>
      <trkpt lat="36.565987" lon="128.746842">
        <ele>118.2</ele>
      </trkpt>
      <trkpt lat="36.566017" lon="128.746884">
        <ele>119.2</ele>
      </trkpt>
      <trkpt lat="36.566047" lon="128.746925">
        <ele>120.2</ele>
      </trkpt>
      <trkpt lat="36.566077" lon="128.746967">
        <ele>121.1</ele>
      </trkpt>
      <trkpt lat="36.566107" lon="128.747008">
        <ele>122.1</ele>
      </trkpt>
      <trkpt lat="36.566137" lon="128.747050">
        <ele>123.1</ele>
      </trkpt>
      <trkpt lat="36.566168" lon="128.747091">
        <ele>124.1</ele>
      </trkpt>
      <trkpt lat="36.566198" lon="128.747133">
        <ele>125.1</ele>
      </trkpt>
      <trkpt lat="36.566228" lon="128.747174">
        <ele>126.1</ele>
      </trkpt>
      <trkpt lat="36.566258" lon="128.747216">
        <ele>127.0</ele>
      </trkpt>
      <trkpt lat="36.566288" lon="128.747258">
        <ele>128.0</ele>
      </trkpt>
      <trkpt lat="36.566318" lon="128.747299">
        <ele>129.0</ele>
      </trkpt>
      <trkpt lat="36.566348" lon="128.747341">
        <ele>130.0</ele>
      </trkpt>
      <trkpt lat="36.566378" lon="128.747382">
        <ele>131.0</ele>
      </trkpt>
      <trkpt lat="36.566409" lon="128.747424">
        <ele>132.0</ele>
      </trkpt>
      <trkpt lat="36.566439" lon="128.747465">
        <ele>133.0</ele>
      </trkpt>
      <trkpt lat="36.566469" lon="128.747507">
        <ele>133.9</ele>
      </trkpt>
      <trkpt lat="36.566499" lon="128.747548">
        <ele>134.9</ele>
      </trkpt>
      <trkpt lat="36.566529" lon="128.747590">
        <ele>135.9</ele>
      </trkpt>
      <trkpt lat="36.566559" lon="128.747631">
        <ele>136.9</ele>
      </trkpt>
      <trkpt lat="36.566589" lon="128.747673">
        <ele>137.9</ele>
      </trkpt>
      <trkpt lat="36.566620" lon="128.747715">
        <ele>138.9</ele>
      </trkpt>
      <trkpt lat="36.566650" lon="128.747756">
        <ele>139.9</ele>
      </trkpt>
      <trkpt lat="36.566680" lon="128.747798">
        <ele>140.8</ele>
      </trkpt>
      <trkpt lat="36.566710" lon="128.747839">
        <ele>141.8</ele>
      </trkpt>
      <trkpt lat="36.566740" lon="128.747881">
        <ele>142.8</ele>
      </trkpt>
      <trkpt lat="36.566770" lon="128.747922">
        <ele>143.8</ele>
      </trkpt>
      <trkpt lat="36.566800" lon="128.747964">
        <ele>144.8</ele>
      </trkpt>
      <trkpt lat="36.566831" lon="128.748005">
        <ele>143.8</ele>
      </trkpt>
      <trkpt lat="36.566861" lon="128.748047">
        <ele>142.2</ele>
      </trkpt>
      <trkpt lat="36.566891" lon="128.748088">
        <ele>140.7</ele>
      </trkpt>
      <trkpt lat="36.566922" lon="128.748129">
        <ele>139.1</ele>
      </trkpt>
      <trkpt lat="36.566952" lon="128.748171">
        <ele>137.5</ele>
      </trkpt>
      <trkpt lat="36.566982" lon="128.748212">
        <ele>136.0</ele>
      </trkpt>
      <trkpt lat="36.567013" lon="128.748253">
        <ele>134.4</ele>
      </trkpt>
      <trkpt lat="36.567043" lon="128.748294">
        <ele>132.9</ele>
      </trkpt>
      <trkpt lat="36.567073" lon="128.748336">
        <ele>131.3</ele>
      </trkpt>
      <trkpt lat="36.567104" lon="128.748377">
        <ele>129.7</ele>
      </trkpt>
      <trkpt lat="36.567134" lon="128.748418">
        <ele>128.2</ele>
      </trkpt>
      <trkpt lat="36.567164" lon="128.748460">
        <ele>126.6</ele>
      </trkpt>
      <trkpt lat="36.567195" lon="128.748501">
        <ele>125.1</ele>
      </trkpt>
      <trkpt lat="36.567225" lon="128.748542">
        <ele>123.5</ele>
      </trkpt>
      <trkpt lat="36.567255" lon="128.748584">
        <ele>121.9</ele>
      </trkpt>
      <trkpt lat="36.567286" lon="128.748625">
        <ele>120.4</ele>
      </trkpt>
      <trkpt lat="36.567316" lon="128.748666">
        <ele>118.8</ele>
      </trkpt>
      <trkpt lat="36.567347" lon="128.748708">
        <ele>117.3</ele>
      </trkpt>
      <trkpt lat="36.567377" lon="128.748749">
        <ele>116.3</ele>
      </trkpt>
      <trkpt lat="36.567406" lon="128.748791">
        <ele>117.9</ele>
      </trkpt>
      <trkpt lat="36.567436" lon="128.748834">
        <ele>119.5</ele>
      </trkpt>
      <trkpt lat="36.567465" lon="128.748876">
        <ele>121.0</ele>
      </trkpt>
      <trkpt lat="36.567495" lon="128.748918">
        <ele>122.6</ele>
      </trkpt>
      <trkpt lat="36.567524" lon="128.748960">
        <ele>124.2</ele>
      </trkpt>
      <trkpt lat="36.567554" lon="128.749003">
        <ele>125.8</ele>
      </trkpt>
      <trkpt lat="36.567584" lon="128.749044">
        <ele>127.0</ele>
      </trkpt>
      <trkpt lat="36.567616" lon="128.749084">
        <ele>127.0</ele>
      </trkpt>
      <trkpt lat="36.567648" lon="128.749123">
        <ele>127.0</ele>
      </trkpt>
      <trkpt lat="36.567680" lon="128.749162">
        <ele>127.0</ele>
      </trkpt>
      <trkpt lat="36.567706" lon="128.749193">
        <ele>99.7</ele>
      </trkpt>
      <trkpt lat="36.567738" lon="128.749232">
        <ele>99.6</ele>
      </trkpt>
      <trkpt lat="36.567770" lon="128.749271">
        <ele>99.4</ele>
      </trkpt>
      <trkpt lat="36.567802" lon="128.749310">
        <ele>99.3</ele>
      </trkpt>
      <trkpt lat="36.567835" lon="128.749349">
        <ele>99.2</ele>
      </trkpt>
      <trkpt lat="36.567867" lon="128.749389">
        <ele>99.1</ele>
      </trkpt>
      <trkpt lat="36.567899" lon="128.749428">
        <ele>98.9</ele>
      </trkpt>
      <trkpt lat="36.567931" lon="128.749467">
        <ele>98.8</ele>
      </trkpt>
      <trkpt lat="36.567963" lon="128.749506">
        <ele>98.7</ele>
      </trkpt>
      <trkpt lat="36.567995" lon="128.749545">
        <ele>98.6</ele>
      </trkpt>
      <trkpt lat="36.568027" lon="128.749585">
        <ele>98.4</ele>
      </trkpt>
      <trkpt lat="36.568059" lon="128.749624">
        <ele>98.3</ele>
      </trkpt>
      <trkpt lat="36.568092" lon="128.749663">
        <ele>98.2</ele>
      </trkpt>
      <trkpt lat="36.568124" lon="128.749702">
        <ele>98.0</ele>
      </trkpt>
      <trkpt lat="36.568156" lon="128.749741">
        <ele>97.9</ele>
      </trkpt>
      <trkpt lat="36.568188" lon="128.749781">
        <ele>97.8</ele>
      </trkpt>
      <trkpt lat="36.568220" lon="128.749820">
        <ele>97.7</ele>
      </trkpt>
      <trkpt lat="36.568252" lon="128.749859">
        <ele>97.5</ele>
      </trkpt>
      <trkpt lat="36.568284" lon="128.749898">
        <ele>97.4</ele>
      </trkpt>
      <trkpt lat="36.568316" lon="128.749937">
        <ele>97.4</ele>
      </trkpt>
      <trkpt lat="36.568350" lon="128.749975">
        <ele>98.5</ele>
      </trkpt>
      <trkpt lat="36.568383" lon="128.750012">
        <ele>99.5</ele>
      </trkpt>
      <trkpt lat="36.568416" lon="128.750050">
        <ele>100.6</ele>
      </trkpt>
      <trkpt lat="36.568449" lon="128.750088">
        <ele>101.6</ele>
      </trkpt>
      <trkpt lat="36.568483" lon="128.750126">
        <ele>102.6</ele>
      </trkpt>
      <trkpt lat="36.568516" lon="128.750163">
        <ele>103.7</ele>
      </trkpt>
      <trkpt lat="36.568549" lon="128.750201">
        <ele>104.7</ele>
      </trkpt>
      <trkpt lat="36.568582" lon="128.750239">
        <ele>105.7</ele>
      </trkpt>
      <trkpt lat="36.568616" lon="128.750276">
        <ele>106.8</ele>
      </trkpt>
      <trkpt lat="36.568649" lon="128.750314">
        <ele>107.8</ele>
      </trkpt>
      <trkpt lat="36.568683" lon="128.750350">
        <ele>108.1</ele>
      </trkpt>
      <trkpt lat="36.568718" lon="128.750386">
        <ele>108.2</ele>
      </trkpt>
      <trkpt lat="36.568753" lon="128.750421">
        <ele>108.4</ele>
      </trkpt>
      <trkpt lat="36.568787" lon="128.750457">
        <ele>108.5</ele>
      </trkpt>
      <trkpt lat="36.568822" lon="128.750492">
        <ele>108.6</ele>
      </trkpt>
      <trkpt lat="36.568857" lon="128.750528">
        <ele>108.8</ele>
      </trkpt>
      <trkpt lat="36.568892" lon="128.750564">
        <ele>108.9</ele>
      </trkpt>
      <trkpt lat="36.568926" lon="128.750599">
        <ele>109.0</ele>
      </trkpt>
      <trkpt lat="36.568961" lon="128.750635">
        <ele>109.2</ele>
      </trkpt>
      <trkpt lat="36.568996" lon="128.750671">
        <ele>109.3</ele>
      </trkpt>
      <trkpt lat="36.569030" lon="128.750706">
        <ele>109.4</ele>
      </trkpt>
      <trkpt lat="36.569065" lon="128.750742">
        <ele>109.6</ele>
      </trkpt>
      <trkpt lat="36.569100" lon="128.750777">
        <ele>109.7</ele>
      </trkpt>
      <trkpt lat="36.569134" lon="128.750813">
        <ele>109.9</ele>
      </trkpt>
      <trkpt lat="36.569169" lon="128.750849">
        <ele>110.0</ele>
      </trkpt>
      <trkpt lat="36.569204" lon="128.750884">
        <ele>110.1</ele>
      </trkpt>
      <trkpt lat="36.569239" lon="128.750920">
        <ele>110.3</ele>
      </trkpt>
      <trkpt lat="36.569273" lon="128.750955">
        <ele>110.4</ele>
      </trkpt>
      <trkpt lat="36.569308" lon="128.750991">
        <ele>110.5</ele>
      </trkpt>
      <trkpt lat="36.569343" lon="128.751027">
        <ele>110.7</ele>
      </trkpt>
      <trkpt lat="36.569377" lon="128.751062">
        <ele>110.8</ele>
      </trkpt>
      <trkpt lat="36.569412" lon="128.751098">
        <ele>110.8</ele>
      </trkpt>
      <trkpt lat="36.569446" lon="128.751135">
        <ele>110.7</ele>
      </trkpt>
      <trkpt lat="36.569480" lon="128.751171">
        <ele>110.7</ele>
      </trkpt>
      <trkpt lat="36.569514" lon="128.751207">
        <ele>110.7</ele>
      </trkpt>
      <trkpt lat="36.569549" lon="128.751243">
        <ele>110.6</ele>
      </trkpt>
      <trkpt lat="36.569583" lon="128.751280">
        <ele>110.6</ele>
      </trkpt>
      <trkpt lat="36.569617" lon="128.751316">
        <ele>110.6</ele>
      </trkpt>
      <trkpt lat="36.569652" lon="128.751352">
        <ele>110.5</ele>
      </trkpt>
      <trkpt lat="36.569686" lon="128.751388">
        <ele>110.5</ele>
      </trkpt>
      <trkpt lat="36.569720" lon="128.751424">
        <ele>110.4</ele>
      </trkpt>
      <trkpt lat="36.569755" lon="128.751461">
        <ele>110.4</ele>
      </trkpt>
      <trkpt lat="36.569789" lon="128.751497">
        <ele>110.4</ele>
      </trkpt>
      <trkpt lat="36.569823" lon="128.751533">
        <ele>110.3</ele>
      </trkpt>
      <trkpt lat="36.569857" lon="128.751569">
        <ele>110.3</ele>
      </trkpt>
      <trkpt lat="36.569892" lon="128.751606">
        <ele>110.3</ele>
      </trkpt>
      <trkpt lat="36.569926" lon="128.751642">
        <ele>110.2</ele>
      </trkpt>
      <trkpt lat="36.569960" lon="128.751678">
        <ele>110.2</ele>
      </trkpt>
      <trkpt lat="36.569995" lon="128.751714">
        <ele>110.2</ele>
      </trkpt>
      <trkpt lat="36.570029" lon="128.751750">
        <ele>110.1</ele>
      </trkpt>
      <trkpt lat="36.570063" lon="128.751787">
        <ele>110.1</ele>
      </trkpt>
      <trkpt lat="36.570097" lon="128.751823">
        <ele>110.0</ele>
      </trkpt>
      <trkpt lat="36.570132" lon="128.751859">
        <ele>110.0</ele>
      </trkpt>
      <trkpt lat="36.570165" lon="128.751896">
        <ele>110.2</ele>
      </trkpt>
      <trkpt lat="36.570199" lon="128.751934">
        <ele>110.5</ele>
      </trkpt>
      <trkpt lat="36.570232" lon="128.751971">
        <ele>110.8</ele>
      </trkpt>
      <trkpt lat="36.570266" lon="128.752008">
        <ele>111.1</ele>
      </trkpt>
      <trkpt lat="36.570299" lon="128.752046">
        <ele>111.4</ele>
      </trkpt>
      <trkpt lat="36.570333" lon="128.752083">
        <ele>111.7</ele>
      </trkpt>
      <trkpt lat="36.570366" lon="128.752121">
        <ele>112.0</ele>
      </trkpt>
      <trkpt lat="36.570388" lon="128.752146">
        <ele>110.6</ele>
      </trkpt>
      <trkpt lat="36.570422" lon="128.752183">
        <ele>110.7</ele>
      </trkpt>
      <trkpt lat="36.570455" lon="128.752221">
        <ele>110.8</ele>
      </trkpt>
      <trkpt lat="36.570489" lon="128.752258">
        <ele>110.8</ele>
      </trkpt>
      <trkpt lat="36.570522" lon="128.752295">
        <ele>110.9</ele>
      </trkpt>
      <trkpt lat="36.570556" lon="128.752333">
        <ele>111.0</ele>
      </trkpt>
      <trkpt lat="36.570589" lon="128.752370">
        <ele>111.1</ele>
      </trkpt>
      <trkpt lat="36.570623" lon="128.752407">
        <ele>111.2</ele>
      </trkpt>
      <trkpt lat="36.570656" lon="128.752445">
        <ele>111.3</ele>
      </trkpt>
      <trkpt lat="36.570690" lon="128.752482">
        <ele>111.4</ele>
      </trkpt>
      <trkpt lat="36.570723" lon="128.752519">
        <ele>111.5</ele>
      </trkpt>
      <trkpt lat="36.570757" lon="128.752557">
        <ele>111.6</ele>
      </trkpt>
      <trkpt lat="36.570791" lon="128.752594">
        <ele>111.7</ele>
      </trkpt>
      <trkpt lat="36.570824" lon="128.752631">
        <ele>111.8</ele>
      </trkpt>
      <trkpt lat="36.570858" lon="128.752669">
        <ele>111.9</ele>
      </trkpt>
      <trkpt lat="36.570891" lon="128.752706">
        <ele>112.0</ele>
      </trkpt>
      <trkpt lat="36.570925" lon="128.752742">
        <ele>111.9</ele>
      </trkpt>
      <trkpt lat="36.570960" lon="128.752778">
        <ele>111.7</ele>
      </trkpt>
      <trkpt lat="36.570994" lon="128.752814">
        <ele>111.6</ele>
      </trkpt>
      <trkpt lat="36.571029" lon="128.752850">
        <ele>111.4</ele>
      </trkpt>
      <trkpt lat="36.571063" lon="128.752886">
        <ele>111.2</ele>
      </trkpt>
      <trkpt lat="36.571098" lon="128.752922">
        <ele>111.1</ele>
      </trkpt>
      <trkpt lat="36.571132" lon="128.752958">
        <ele>110.9</ele>
      </trkpt>
      <trkpt lat="36.571167" lon="128.752994">
        <ele>110.8</ele>
      </trkpt>
      <trkpt lat="36.571201" lon="128.753030">
        <ele>110.6</ele>
      </trkpt>
      <trkpt lat="36.571236" lon="128.753066">
        <ele>110.5</ele>
      </trkpt>
      <trkpt lat="36.571270" lon="128.753102">
        <ele>110.3</ele>
      </trkpt>
      <trkpt lat="36.571304" lon="128.753138">
        <ele>110.2</ele>
      </trkpt>
      <trkpt lat="36.571339" lon="128.753174">
        <ele>110.0</ele>
      </trkpt>
      <trkpt lat="36.571373" lon="128.753210">
        <ele>109.9</ele>
      </trkpt>
      <trkpt lat="36.571408" lon="128.753246">
        <ele>109.7</ele>
      </trkpt>
      <trkpt lat="36.571442" lon="128.753282">
        <ele>109.6</ele>
      </trkpt>
      <trkpt lat="36.571478" lon="128.753316">
        <ele>109.3</ele>
      </trkpt>
      <trkpt lat="36.571514" lon="128.753349">
        <ele>108.9</ele>
      </trkpt>
      <trkpt lat="36.571550" lon="128.753382">
        <ele>108.4</ele>
      </trkpt>
      <trkpt lat="36.571587" lon="128.753415">
        <ele>108.0</ele>
      </trkpt>
      <trkpt lat="36.571623" lon="128.753448">
        <ele>107.5</ele>
      </trkpt>
      <trkpt lat="36.571660" lon="128.753480">
        <ele>107.1</ele>
      </trkpt>
      <trkpt lat="36.571696" lon="128.753513">
        <ele>106.7</ele>
      </trkpt>
      <trkpt lat="36.571732" lon="128.753546">
        <ele>106.2</ele>
      </trkpt>
      <trkpt lat="36.571769" lon="128.753579">
        <ele>105.8</ele>
      </trkpt>
      <trkpt lat="36.571805" lon="128.753612">
        <ele>105.4</ele>
      </trkpt>
      <trkpt lat="36.571842" lon="128.753645">
        <ele>104.9</ele>
      </trkpt>
      <trkpt lat="36.571878" lon="128.753678">
        <ele>104.5</ele>
      </trkpt>
      <trkpt lat="36.571914" lon="128.753711">
        <ele>104.0</ele>
      </trkpt>
      <trkpt lat="36.571951" lon="128.753743">
        <ele>103.6</ele>
      </trkpt>
      <trkpt lat="36.571987" lon="128.753776">
        <ele>103.2</ele>
      </trkpt>
      <trkpt lat="36.572024" lon="128.753809">
        <ele>102.7</ele>
      </trkpt>
      <trkpt lat="36.572060" lon="128.753842">
        <ele>102.3</ele>
      </trkpt>
      <trkpt lat="36.572096" lon="128.753875">
        <ele>101.9</ele>
      </trkpt>
      <trkpt lat="36.572133" lon="128.753908">
        <ele>101.4</ele>
      </trkpt>
      <trkpt lat="36.572169" lon="128.753942">
        <ele>101.4</ele>
      </trkpt>
      <trkpt lat="36.572204" lon="128.753976">
        <ele>101.6</ele>
      </trkpt>
      <trkpt lat="36.572240" lon="128.754011">
        <ele>101.8</ele>
      </trkpt>
      <trkpt lat="36.572275" lon="128.754045">
        <ele>101.9</ele>
      </trkpt>
      <trkpt lat="36.572310" lon="128.754079">
        <ele>102.1</ele>
      </trkpt>
      <trkpt lat="36.572346" lon="128.754114">
        <ele>102.3</ele>
      </trkpt>
      <trkpt lat="36.572381" lon="128.754148">
        <ele>102.5</ele>
      </trkpt>
      <trkpt lat="36.572417" lon="128.754183">
        <ele>102.6</ele>
      </trkpt>
      <trkpt lat="36.572452" lon="128.754217">
        <ele>102.8</ele>
      </trkpt>
      <trkpt lat="36.572488" lon="128.754251">
        <ele>103.0</ele>
      </trkpt>
      <trkpt lat="36.572523" lon="128.754286">
        <ele>103.2</ele>
      </trkpt>
      <trkpt lat="36.572559" lon="128.754320">
        <ele>103.3</ele>
      </trkpt>
      <trkpt lat="36.572594" lon="128.754355">
        <ele>103.5</ele>
      </trkpt>
      <trkpt lat="36.572630" lon="128.754389">
        <ele>103.7</ele>
      </trkpt>
      <trkpt lat="36.572665" lon="128.754424">
        <ele>103.9</ele>
      </trkpt>
      <trkpt lat="36.572701" lon="128.754458">
        <ele>104.0</ele>
      </trkpt>
      <trkpt lat="36.572736" lon="128.754492">
        <ele>104.2</ele>
      </trkpt>
      <trkpt lat="36.572772" lon="128.754527">
        <ele>104.4</ele>
      </trkpt>
      <trkpt lat="36.572807" lon="128.754561">
        <ele>104.6</ele>
      </trkpt>
      <trkpt lat="36.572843" lon="128.754596">
        <ele>104.7</ele>
      </trkpt>
      <trkpt lat="36.572878" lon="128.754630">
        <ele>104.9</ele>
      </trkpt>
      <trkpt lat="36.572914" lon="128.754664">
        <ele>105.1</ele>
      </trkpt>
      <trkpt lat="36.572949" lon="128.754699">
        <ele>105.3</ele>
      </trkpt>
      <trkpt lat="36.572984" lon="128.754733">
        <ele>105.4</ele>
      </trkpt>
      <trkpt lat="36.573020" lon="128.754768">
        <ele>105.6</ele>
      </trkpt>
      <trkpt lat="36.573055" lon="128.754802">
        <ele>105.8</ele>
      </trkpt>
      <trkpt lat="36.573091" lon="128.754836">
        <ele>105.9</ele>
      </trkpt>
      <trkpt lat="36.573126" lon="128.754871">
        <ele>106.1</ele>
      </trkpt>
      <trkpt lat="36.573162" lon="128.754905">
        <ele>106.3</ele>
      </trkpt>
      <trkpt lat="36.573197" lon="128.754940">
        <ele>106.5</ele>
      </trkpt>
      <trkpt lat="36.573233" lon="128.754974">
        <ele>106.6</ele>
      </trkpt>
      <trkpt lat="36.573268" lon="128.755008">
        <ele>106.8</ele>
      </trkpt>
      <trkpt lat="36.573304" lon="128.755043">
        <ele>107.0</ele>
      </trkpt>
      <trkpt lat="36.573339" lon="128.755077">
        <ele>107.2</ele>
      </trkpt>
      <trkpt lat="36.573375" lon="128.755112">
        <ele>107.3</ele>
      </trkpt>
      <trkpt lat="36.573410" lon="128.755146">
        <ele>107.5</ele>
      </trkpt>
      <trkpt lat="36.573446" lon="128.755181">
        <ele>107.7</ele>
      </trkpt>
      <trkpt lat="36.573481" lon="128.755215">
        <ele>107.9</ele>
      </trkpt>
      <trkpt lat="36.573517" lon="128.755249">
        <ele>108.0</ele>
      </trkpt>
      <trkpt lat="36.573552" lon="128.755284">
        <ele>108.2</ele>
      </trkpt>
      <trkpt lat="36.573587" lon="128.755318">
        <ele>108.4</ele>
      </trkpt>
      <trkpt lat="36.573623" lon="128.755353">
        <ele>108.6</ele>
      </trkpt>
      <trkpt lat="36.573658" lon="128.755387">
        <ele>108.7</ele>
      </trkpt>
      <trkpt lat="36.573694" lon="128.755421">
        <ele>108.9</ele>
      </trkpt>
      <trkpt lat="36.573729" lon="128.755456">
        <ele>109.1</ele>
      </trkpt>
      <trkpt lat="36.573765" lon="128.755490">
        <ele>109.3</ele>
      </trkpt>
      <trkpt lat="36.573800" lon="128.755525">
        <ele>109.4</ele>
      </trkpt>
      <trkpt lat="36.573836" lon="128.755559">
        <ele>109.6</ele>
      </trkpt>
      <trkpt lat="36.573871" lon="128.755593">
        <ele>109.8</ele>
      </trkpt>
      <trkpt lat="36.573907" lon="128.755628">
        <ele>110.0</ele>
      </trkpt>
      <trkpt lat="36.573942" lon="128.755663">
        <ele>110.3</ele>
      </trkpt>
      <trkpt lat="36.573977" lon="128.755697">
        <ele>110.6</ele>
      </trkpt>
      <trkpt lat="36.574013" lon="128.755732">
        <ele>110.9</ele>
      </trkpt>
      <trkpt lat="36.574048" lon="128.755767">
        <ele>111.2</ele>
      </trkpt>
      <trkpt lat="36.574083" lon="128.755801">
        <ele>111.4</ele>
      </trkpt>
      <trkpt lat="36.574118" lon="128.755836">
        <ele>111.7</ele>
      </trkpt>
      <trkpt lat="36.574154" lon="128.755871">
        <ele>112.0</ele>
      </trkpt>
      <trkpt lat="36.574192" lon="128.755900">
        <ele>111.8</ele>
      </trkpt>
      <trkpt lat="36.574230" lon="128.755930">
        <ele>111.6</ele>
      </trkpt>
      <trkpt lat="36.574268" lon="128.755959">
        <ele>111.3</ele>
      </trkpt>
      <trkpt lat="36.574307" lon="128.755989">
        <ele>111.1</ele>
      </trkpt>
      <trkpt lat="36.574345" lon="128.756018">
        <ele>110.9</ele>
      </trkpt>
      <trkpt lat="36.574383" lon="128.756048">
        <ele>110.7</ele>
      </trkpt>
      <trkpt lat="36.574421" lon="128.756077">
        <ele>110.4</ele>
      </trkpt>
      <trkpt lat="36.574460" lon="128.756107">
        <ele>110.2</ele>
      </trkpt>
      <trkpt lat="36.574498" lon="128.756136">
        <ele>110.0</ele>
      </trkpt>
      <trkpt lat="36.574536" lon="128.756165">
        <ele>109.8</ele>
      </trkpt>
      <trkpt lat="36.574574" lon="128.756195">
        <ele>109.5</ele>
      </trkpt>
      <trkpt lat="36.574613" lon="128.756222">
        <ele>109.3</ele>
      </trkpt>
      <trkpt lat="36.574653" lon="128.756250">
        <ele>109.0</ele>
      </trkpt>
      <trkpt lat="36.574692" lon="128.756277">
        <ele>108.8</ele>
      </trkpt>
      <trkpt lat="36.574731" lon="128.756304">
        <ele>108.5</ele>
      </trkpt>
      <trkpt lat="36.574771" lon="128.756331">
        <ele>108.3</ele>
      </trkpt>
      <trkpt lat="36.574810" lon="128.756359">
        <ele>108.0</ele>
      </trkpt>
      <trkpt lat="36.574849" lon="128.756386">
        <ele>107.8</ele>
      </trkpt>
      <trkpt lat="36.574888" lon="128.756413">
        <ele>107.5</ele>
      </trkpt>
      <trkpt lat="36.574928" lon="128.756440">
        <ele>107.3</ele>
      </trkpt>
      <trkpt lat="36.574967" lon="128.756468">
        <ele>107.0</ele>
      </trkpt>
      <trkpt lat="36.575006" lon="128.756495">
        <ele>106.8</ele>
      </trkpt>
      <trkpt lat="36.575046" lon="128.756522">
        <ele>106.5</ele>
      </trkpt>
      <trkpt lat="36.575085" lon="128.756550">
        <ele>106.1</ele>
      </trkpt>
      <trkpt lat="36.575124" lon="128.756577">
        <ele>105.7</ele>
      </trkpt>
      <trkpt lat="36.575163" lon="128.756605">
        <ele>105.3</ele>
      </trkpt>
      <trkpt lat="36.575202" lon="128.756633">
        <ele>104.9</ele>
      </trkpt>
      <trkpt lat="36.575241" lon="128.756660">
        <ele>104.5</ele>
      </trkpt>
      <trkpt lat="36.575280" lon="128.756688">
        <ele>104.1</ele>
      </trkpt>
      <trkpt lat="36.575319" lon="128.756716">
        <ele>103.7</ele>
      </trkpt>
      <trkpt lat="36.575358" lon="128.756744">
        <ele>103.2</ele>
      </trkpt>
      <trkpt lat="36.575397" lon="128.756771">
        <ele>102.8</ele>
      </trkpt>
      <trkpt lat="36.575436" lon="128.756799">
        <ele>102.4</ele>
      </trkpt>
      <trkpt lat="36.575476" lon="128.756827">
        <ele>102.0</ele>
      </trkpt>
      <trkpt lat="36.575515" lon="128.756854">
        <ele>101.6</ele>
      </trkpt>
      <trkpt lat="36.575554" lon="128.756882">
        <ele>101.2</ele>
      </trkpt>
      <trkpt lat="36.575593" lon="128.756910">
        <ele>100.8</ele>
      </trkpt>
      <trkpt lat="36.575632" lon="128.756936">
        <ele>100.9</ele>
      </trkpt>
      <trkpt lat="36.575672" lon="128.756963">
        <ele>101.0</ele>
      </trkpt>
      <trkpt lat="36.575712" lon="128.756989">
        <ele>101.1</ele>
      </trkpt>
      <trkpt lat="36.575751" lon="128.757016">
        <ele>101.2</ele>
      </trkpt>
      <trkpt lat="36.575791" lon="128.757043">
        <ele>101.3</ele>
      </trkpt>
      <trkpt lat="36.575830" lon="128.757069">
        <ele>101.4</ele>
      </trkpt>
      <trkpt lat="36.575870" lon="128.757096">
        <ele>101.5</ele>
      </trkpt>
      <trkpt lat="36.575909" lon="128.757123">
        <ele>101.6</ele>
      </trkpt>
      <trkpt lat="36.575949" lon="128.757149">
        <ele>101.7</ele>
      </trkpt>
      <trkpt lat="36.575988" lon="128.757176">
        <ele>101.8</ele>
      </trkpt>
      <trkpt lat="36.576028" lon="128.757202">
        <ele>101.9</ele>
      </trkpt>
      <trkpt lat="36.576068" lon="128.757229">
        <ele>102.0</ele>
      </trkpt>
      <trkpt lat="36.576107" lon="128.757256">
        <ele>102.1</ele>
      </trkpt>
      <trkpt lat="36.576147" lon="128.757282">
        <ele>102.2</ele>
      </trkpt>
      <trkpt lat="36.576186" lon="128.757309">
        <ele>102.3</ele>
      </trkpt>
      <trkpt lat="36.576226" lon="128.757336">
        <ele>102.4</ele>
      </trkpt>
      <trkpt lat="36.576265" lon="128.757363">
        <ele>102.5</ele>
      </trkpt>
      <trkpt lat="36.576304" lon="128.757390">
        <ele>102.7</ele>
      </trkpt>
      <trkpt lat="36.576344" lon="128.757417">
        <ele>102.8</ele>
      </trkpt>
      <trkpt lat="36.576383" lon="128.757444">
        <ele>102.9</ele>
      </trkpt>
      <trkpt lat="36.576422" lon="128.757472">
        <ele>103.0</ele>
      </trkpt>
      <trkpt lat="36.576460" lon="128.757503">
        <ele>103.1</ele>
      </trkpt>
      <trkpt lat="36.576497" lon="128.757534">
        <ele>103.2</ele>
      </trkpt>
      <trkpt lat="36.576535" lon="128.757565">
        <ele>103.4</ele>
      </trkpt>
      <trkpt lat="36.576572" lon="128.757595">
        <ele>103.5</ele>
      </trkpt>
      <trkpt lat="36.576609" lon="128.757628">
        <ele>103.6</ele>
      </trkpt>
      <trkpt lat="36.576644" lon="128.757662">
        <ele>103.8</ele>
      </trkpt>
      <trkpt lat="36.576679" lon="128.757697">
        <ele>104.0</ele>
      </trkpt>
      <trkpt lat="36.576714" lon="128.757733">
        <ele>104.3</ele>
      </trkpt>
      <trkpt lat="36.576748" lon="128.757769">
        <ele>104.7</ele>
      </trkpt>
      <trkpt lat="36.576783" lon="128.757805">
        <ele>105.0</ele>
      </trkpt>
      <trkpt lat="36.576817" lon="128.757841">
        <ele>105.3</ele>
      </trkpt>
      <trkpt lat="36.576852" lon="128.757877">
        <ele>105.6</ele>
      </trkpt>
      <trkpt lat="36.576886" lon="128.757913">
        <ele>105.9</ele>
      </trkpt>
      <trkpt lat="36.576921" lon="128.757949">
        <ele>106.2</ele>
      </trkpt>
      <trkpt lat="36.576956" lon="128.757984">
        <ele>106.5</ele>
      </trkpt>
      <trkpt lat="36.576991" lon="128.758018">
        <ele>106.6</ele>
      </trkpt>
      <trkpt lat="36.577027" lon="128.758052">
        <ele>106.7</ele>
      </trkpt>
      <trkpt lat="36.577063" lon="128.758087">
        <ele>106.7</ele>
      </trkpt>
      <trkpt lat="36.577098" lon="128.758121">
        <ele>106.8</ele>
      </trkpt>
      <trkpt lat="36.577134" lon="128.758155">
        <ele>106.9</ele>
      </trkpt>
      <trkpt lat="36.577169" lon="128.758189">
        <ele>107.0</ele>
      </trkpt>
      <trkpt lat="36.577207" lon="128.758221">
        <ele>106.9</ele>
      </trkpt>
      <trkpt lat="36.577244" lon="128.758251">
        <ele>106.7</ele>
      </trkpt>
      <trkpt lat="36.577282" lon="128.758282">
        <ele>106.6</ele>
      </trkpt>
      <trkpt lat="36.577320" lon="128.758312">
        <ele>106.4</ele>
      </trkpt>
      <trkpt lat="36.577357" lon="128.758343">
        <ele>106.2</ele>
      </trkpt>
      <trkpt lat="36.577395" lon="128.758373">
        <ele>106.1</ele>
      </trkpt>
      <trkpt lat="36.577433" lon="128.758402">
        <ele>106.1</ele>
      </trkpt>
      <trkpt lat="36.577473" lon="128.758430">
        <ele>106.2</ele>
      </trkpt>
      <trkpt lat="36.577512" lon="128.758457">
        <ele>106.3</ele>
      </trkpt>
      <trkpt lat="36.577551" lon="128.758484">
        <ele>106.4</ele>
      </trkpt>
      <trkpt lat="36.577590" lon="128.758512">
        <ele>106.5</ele>
      </trkpt>
      <trkpt lat="36.577630" lon="128.758539">
        <ele>106.7</ele>
      </trkpt>
      <trkpt lat="36.577669" lon="128.758567">
        <ele>106.8</ele>
      </trkpt>
      <trkpt lat="36.577708" lon="128.758594">
        <ele>107.0</ele>
      </trkpt>
      <trkpt lat="36.577747" lon="128.758621">
        <ele>107.3</ele>
      </trkpt>
      <trkpt lat="36.577787" lon="128.758648">
        <ele>107.5</ele>
      </trkpt>
      <trkpt lat="36.577826" lon="128.758675">
        <ele>107.8</ele>
      </trkpt>
      <trkpt lat="36.577866" lon="128.758702">
        <ele>108.1</ele>
      </trkpt>
      <trkpt lat="36.577906" lon="128.758727">
        <ele>108.3</ele>
      </trkpt>
      <trkpt lat="36.577946" lon="128.758752">
        <ele>108.6</ele>
      </trkpt>
      <trkpt lat="36.577987" lon="128.758776">
        <ele>108.9</ele>
      </trkpt>
      <trkpt lat="36.578027" lon="128.758801">
        <ele>109.2</ele>
      </trkpt>
      <trkpt lat="36.578067" lon="128.758826">
        <ele>109.5</ele>
      </trkpt>
      <trkpt lat="36.578107" lon="128.758851">
        <ele>109.8</ele>
      </trkpt>
      <trkpt lat="36.578148" lon="128.758876">
        <ele>110.1</ele>
      </trkpt>
      <trkpt lat="36.578188" lon="128.758901">
        <ele>110.4</ele>
      </trkpt>
      <trkpt lat="36.578228" lon="128.758926">
        <ele>110.7</ele>
      </trkpt>
      <trkpt lat="36.578268" lon="128.758951">
        <ele>111.0</ele>
      </trkpt>
      <trkpt lat="36.578309" lon="128.758976">
        <ele>111.3</ele>
      </trkpt>
      <trkpt lat="36.578349" lon="128.759001">
        <ele>111.6</ele>
      </trkpt>
      <trkpt lat="36.578389" lon="128.759025">
        <ele>111.9</ele>
      </trkpt>
      <trkpt lat="36.578430" lon="128.759050">
        <ele>112.1</ele>
      </trkpt>
      <trkpt lat="36.578470" lon="128.759075">
        <ele>112.4</ele>
      </trkpt>
      <trkpt lat="36.578510" lon="128.759100">
        <ele>112.7</ele>
      </trkpt>
      <trkpt lat="36.578550" lon="128.759125">
        <ele>113.0</ele>
      </trkpt>
      <trkpt lat="36.578590" lon="128.759152">
        <ele>113.3</ele>
      </trkpt>
      <trkpt lat="36.578629" lon="128.759180">
        <ele>113.5</ele>
      </trkpt>
      <trkpt lat="36.578668" lon="128.759207">
        <ele>113.8</ele>
      </trkpt>
      <trkpt lat="36.578707" lon="128.759235">
        <ele>114.0</ele>
      </trkpt>
      <trkpt lat="36.578744" lon="128.759268">
        <ele>114.2</ele>
      </trkpt>
      <trkpt lat="36.578780" lon="128.759300">
        <ele>114.4</ele>
      </trkpt>
      <trkpt lat="36.578817" lon="128.759333">
        <ele>114.6</ele>
      </trkpt>
      <trkpt lat="36.578853" lon="128.759365">
        <ele>114.8</ele>
      </trkpt>
      <trkpt lat="36.578886" lon="128.759404">
        <ele>114.7</ele>
      </trkpt>
      <trkpt lat="36.578918" lon="128.759443">
        <ele>114.6</ele>
      </trkpt>
      <trkpt lat="36.578951" lon="128.759482">
        <ele>114.5</ele>
      </trkpt>
      <trkpt lat="36.578981" lon="128.759523">
        <ele>114.3</ele>
      </trkpt>
      <trkpt lat="36.579012" lon="128.759564">
        <ele>114.1</ele>
      </trkpt>
      <trkpt lat="36.579042" lon="128.759605">
        <ele>113.8</ele>
      </trkpt>
      <trkpt lat="36.579071" lon="128.759648">
        <ele>113.7</ele>
      </trkpt>
      <trkpt lat="36.579099" lon="128.759691">
        <ele>113.7</ele>
      </trkpt>
      <trkpt lat="36.579128" lon="128.759734">
        <ele>113.6</ele>
      </trkpt>
      <trkpt lat="36.579157" lon="128.759777">
        <ele>113.5</ele>
      </trkpt>
      <trkpt lat="36.579186" lon="128.759821">
        <ele>113.5</ele>
      </trkpt>
      <trkpt lat="36.579214" lon="128.759864">
        <ele>113.4</ele>
      </trkpt>
      <trkpt lat="36.579243" lon="128.759907">
        <ele>113.3</ele>
      </trkpt>
      <trkpt lat="36.579272" lon="128.759950">
        <ele>113.2</ele>
      </trkpt>
      <trkpt lat="36.579300" lon="128.759993">
        <ele>113.2</ele>
      </trkpt>
      <trkpt lat="36.579329" lon="128.760036">
        <ele>113.1</ele>
      </trkpt>
      <trkpt lat="36.579358" lon="128.760079">
        <ele>113.0</ele>
      </trkpt>
      <trkpt lat="36.579387" lon="128.760122">
        <ele>113.0</ele>
      </trkpt>
      <trkpt lat="36.579415" lon="128.760165">
        <ele>112.9</ele>
      </trkpt>
      <trkpt lat="36.579444" lon="128.760208">
        <ele>112.8</ele>
      </trkpt>
      <trkpt lat="36.579473" lon="128.760251">
        <ele>112.8</ele>
      </trkpt>
      <trkpt lat="36.579502" lon="128.760294">
        <ele>112.8</ele>
      </trkpt>
      <trkpt lat="36.579532" lon="128.760336">
        <ele>112.7</ele>
      </trkpt>
      <trkpt lat="36.579561" lon="128.760378">
        <ele>112.7</ele>
      </trkpt>
      <trkpt lat="36.579590" lon="128.760421">
        <ele>112.7</ele>
      </trkpt>
      <trkpt lat="36.579620" lon="128.760463">
        <ele>112.7</ele>
      </trkpt>
      <trkpt lat="36.579649" lon="128.760506">
        <ele>112.7</ele>
      </trkpt>
      <trkpt lat="36.579678" lon="128.760548">
        <ele>112.6</ele>
      </trkpt>
      <trkpt lat="36.579708" lon="128.760591">
        <ele>112.6</ele>
      </trkpt>
      <trkpt lat="36.579737" lon="128.760633">
        <ele>112.6</ele>
      </trkpt>
      <trkpt lat="36.579767" lon="128.760675">
        <ele>112.6</ele>
      </trkpt>
      <trkpt lat="36.579796" lon="128.760718">
        <ele>112.5</ele>
      </trkpt>
      <trkpt lat="36.579825" lon="128.760760">
        <ele>112.5</ele>
      </trkpt>
      <trkpt lat="36.579830" lon="128.760801">
        <ele>112.5</ele>
      </trkpt>
      <trkpt lat="36.579835" lon="128.760795">
        <ele>112.5</ele>
      </trkpt>
      <trkpt lat="36.579865" lon="128.760818">
        <ele>112.5</ele>
      </trkpt>
      <trkpt lat="36.579894" lon="128.760860">
        <ele>112.5</ele>
      </trkpt>
      <trkpt lat="36.579924" lon="128.760903">
        <ele>112.5</ele>
      </trkpt>
      <trkpt lat="36.579953" lon="128.760945">
        <ele>112.5</ele>
      </trkpt>
      <trkpt lat="36.579982" lon="128.760988">
        <ele>112.5</ele>
      </trkpt>
      <trkpt lat="36.580011" lon="128.761031">
        <ele>112.5</ele>
      </trkpt>
      <trkpt lat="36.580040" lon="128.761074">
        <ele>112.4</ele>
      </trkpt>
      <trkpt lat="36.580069" lon="128.761117">
        <ele>112.4</ele>
      </trkpt>
      <trkpt lat="36.580098" lon="128.761160">
        <ele>112.3</ele>
      </trkpt>
      <trkpt lat="36.580127" lon="128.761203">
        <ele>112.3</ele>
      </trkpt>
      <trkpt lat="36.580156" lon="128.761246">
        <ele>112.2</ele>
      </trkpt>
      <trkpt lat="36.580184" lon="128.761289">
        <ele>112.2</ele>
      </trkpt>
      <trkpt lat="36.580213" lon="128.761331">
        <ele>112.1</ele>
      </trkpt>
      <trkpt lat="36.580242" lon="128.761374">
        <ele>112.1</ele>
      </trkpt>
      <trkpt lat="36.580271" lon="128.761417">
        <ele>112.0</ele>
      </trkpt>
      <trkpt lat="36.580300" lon="128.761460">
        <ele>111.9</ele>
      </trkpt>
      <trkpt lat="36.580328" lon="128.761503">
        <ele>111.9</ele>
      </trkpt>
      <trkpt lat="36.580357" lon="128.761546">
        <ele>111.8</ele>
      </trkpt>
      <trkpt lat="36.580386" lon="128.761590">
        <ele>111.8</ele>
      </trkpt>
      <trkpt lat="36.580412" lon="128.761636">
        <ele>111.6</ele>
      </trkpt>
      <trkpt lat="36.580438" lon="128.761681">
        <ele>111.4</ele>
      </trkpt>
      <trkpt lat="36.580464" lon="128.761727">
        <ele>111.2</ele>
      </trkpt>
      <trkpt lat="36.580490" lon="128.761772">
        <ele>111.0</ele>
      </trkpt>
      <trkpt lat="36.580516" lon="128.761818">
        <ele>110.8</ele>
      </trkpt>
      <trkpt lat="36.580541" lon="128.761865">
        <ele>110.6</ele>
      </trkpt>
      <trkpt lat="36.580566" lon="128.761911">
        <ele>110.4</ele>
      </trkpt>
      <trkpt lat="36.580591" lon="128.761957">
        <ele>110.2</ele>
      </trkpt>
      <trkpt lat="36.580616" lon="128.762004">
        <ele>110.0</ele>
      </trkpt>
      <trkpt lat="36.580641" lon="128.762050">
        <ele>109.8</ele>
      </trkpt>
      <trkpt lat="36.580665" lon="128.762098">
        <ele>109.4</ele>
      </trkpt>
      <trkpt lat="36.580689" lon="128.762145">
        <ele>108.9</ele>
      </trkpt>
      <trkpt lat="36.580713" lon="128.762193">
        <ele>108.5</ele>
      </trkpt>
      <trkpt lat="36.580737" lon="128.762240">
        <ele>108.1</ele>
      </trkpt>
      <trkpt lat="36.580760" lon="128.762288">
        <ele>107.7</ele>
      </trkpt>
      <trkpt lat="36.580784" lon="128.762335">
        <ele>107.4</ele>
      </trkpt>
      <trkpt lat="36.580809" lon="128.762382">
        <ele>107.0</ele>
      </trkpt>
      <trkpt lat="36.580833" lon="128.762430">
        <ele>106.7</ele>
      </trkpt>
      <trkpt lat="36.580857" lon="128.762477">
        <ele>106.3</ele>
      </trkpt>
      <trkpt lat="36.580881" lon="128.762525">
        <ele>106.0</ele>
      </trkpt>
      <trkpt lat="36.580905" lon="128.762571">
        <ele>105.9</ele>
      </trkpt>
      <trkpt lat="36.580931" lon="128.762617">
        <ele>106.1</ele>
      </trkpt>
      <trkpt lat="36.580957" lon="128.762663">
        <ele>106.3</ele>
      </trkpt>
      <trkpt lat="36.580983" lon="128.762708">
        <ele>106.5</ele>
      </trkpt>
      <trkpt lat="36.581012" lon="128.762752">
        <ele>106.7</ele>
      </trkpt>
      <trkpt lat="36.581041" lon="128.762794">
        <ele>107.0</ele>
      </trkpt>
      <trkpt lat="36.581070" lon="128.762837">
        <ele>107.3</ele>
      </trkpt>
      <trkpt lat="36.581099" lon="128.762880">
        <ele>107.6</ele>
      </trkpt>
      <trkpt lat="36.581128" lon="128.762923">
        <ele>107.9</ele>
      </trkpt>
      <trkpt lat="36.581158" lon="128.762964">
        <ele>108.2</ele>
      </trkpt>
      <trkpt lat="36.581189" lon="128.763005">
        <ele>108.5</ele>
      </trkpt>
      <trkpt lat="36.581219" lon="128.763046">
        <ele>108.8</ele>
      </trkpt>
      <trkpt lat="36.581250" lon="128.763087">
        <ele>109.1</ele>
      </trkpt>
      <trkpt lat="36.581281" lon="128.763128">
        <ele>109.4</ele>
      </trkpt>
      <trkpt lat="36.581312" lon="128.763168">
        <ele>109.7</ele>
      </trkpt>
      <trkpt lat="36.581343" lon="128.763209">
        <ele>110.0</ele>
      </trkpt>
      <trkpt lat="36.581374" lon="128.763250">
        <ele>110.3</ele>
      </trkpt>
      <trkpt lat="36.581405" lon="128.763290">
        <ele>110.6</ele>
      </trkpt>
      <trkpt lat="36.581436" lon="128.763331">
        <ele>110.9</ele>
      </trkpt>
      <trkpt lat="36.581466" lon="128.763372">
        <ele>111.2</ele>
      </trkpt>
      <trkpt lat="36.581497" lon="128.763412">
        <ele>111.5</ele>
      </trkpt>
      <trkpt lat="36.581512" lon="128.763424">
        <ele>111.5</ele>
      </trkpt>
      <trkpt lat="36.581483" lon="128.763438">
        <ele>111.2</ele>
      </trkpt>
      <trkpt lat="36.581457" lon="128.763484">
        <ele>111.0</ele>
      </trkpt>
      <trkpt lat="36.581431" lon="128.763530">
        <ele>110.7</ele>
      </trkpt>
      <trkpt lat="36.581406" lon="128.763576">
        <ele>110.5</ele>
      </trkpt>
      <trkpt lat="36.581380" lon="128.763622">
        <ele>110.3</ele>
      </trkpt>
      <trkpt lat="36.581354" lon="128.763668">
        <ele>110.1</ele>
      </trkpt>
      <trkpt lat="36.581329" lon="128.763714">
        <ele>109.9</ele>
      </trkpt>
      <trkpt lat="36.581299" lon="128.763755">
        <ele>109.7</ele>
      </trkpt>
      <trkpt lat="36.581267" lon="128.763795">
        <ele>109.4</ele>
      </trkpt>
      <trkpt lat="36.581235" lon="128.763834">
        <ele>109.2</ele>
      </trkpt>
      <trkpt lat="36.581203" lon="128.763873">
        <ele>109.0</ele>
      </trkpt>
      <trkpt lat="36.581171" lon="128.763912">
        <ele>108.8</ele>
      </trkpt>
      <trkpt lat="36.581139" lon="128.763951">
        <ele>108.6</ele>
      </trkpt>
      <trkpt lat="36.581106" lon="128.763991">
        <ele>108.3</ele>
      </trkpt>
      <trkpt lat="36.581075" lon="128.764031">
        <ele>108.1</ele>
      </trkpt>
      <trkpt lat="36.581044" lon="128.764072">
        <ele>107.9</ele>
      </trkpt>
      <trkpt lat="36.581014" lon="128.764112">
        <ele>107.6</ele>
      </trkpt>
      <trkpt lat="36.580983" lon="128.764153">
        <ele>107.4</ele>
      </trkpt>
      <trkpt lat="36.580952" lon="128.764194">
        <ele>107.2</ele>
      </trkpt>
      <trkpt lat="36.580921" lon="128.764234">
        <ele>107.0</ele>
      </trkpt>
      <trkpt lat="36.580890" lon="128.764275">
        <ele>106.7</ele>
      </trkpt>
      <trkpt lat="36.580858" lon="128.764315">
        <ele>106.5</ele>
      </trkpt>
      <trkpt lat="36.580827" lon="128.764355">
        <ele>106.3</ele>
      </trkpt>
      <trkpt lat="36.580796" lon="128.764395">
        <ele>106.1</ele>
      </trkpt>
      <trkpt lat="36.580764" lon="128.764435">
        <ele>105.9</ele>
      </trkpt>
      <trkpt lat="36.580733" lon="128.764475">
        <ele>105.7</ele>
      </trkpt>
      <trkpt lat="36.580701" lon="128.764515">
        <ele>105.5</ele>
      </trkpt>
      <trkpt lat="36.580670" lon="128.764555">
        <ele>105.2</ele>
      </trkpt>
      <trkpt lat="36.580638" lon="128.764595">
        <ele>105.0</ele>
      </trkpt>
      <trkpt lat="36.580607" lon="128.764635">
        <ele>104.8</ele>
      </trkpt>
      <trkpt lat="36.580575" lon="128.764675">
        <ele>104.6</ele>
      </trkpt>
      <trkpt lat="36.580544" lon="128.764715">
        <ele>104.4</ele>
      </trkpt>
      <trkpt lat="36.580513" lon="128.764755">
        <ele>104.2</ele>
      </trkpt>
      <trkpt lat="36.580481" lon="128.764795">
        <ele>104.0</ele>
      </trkpt>
      <trkpt lat="36.580450" lon="128.764835">
        <ele>103.7</ele>
      </trkpt>
      <trkpt lat="36.580418" lon="128.764876">
        <ele>103.5</ele>
      </trkpt>
      <trkpt lat="36.580387" lon="128.764916">
        <ele>103.3</ele>
      </trkpt>
      <trkpt lat="36.580355" lon="128.764956">
        <ele>103.1</ele>
      </trkpt>
      <trkpt lat="36.580324" lon="128.764996">
        <ele>102.9</ele>
      </trkpt>
      <trkpt lat="36.580293" lon="128.765036">
        <ele>102.7</ele>
      </trkpt>
      <trkpt lat="36.580261" lon="128.765076">
        <ele>102.5</ele>
      </trkpt>
      <trkpt lat="36.580230" lon="128.765116">
        <ele>102.3</ele>
      </trkpt>
      <trkpt lat="36.580198" lon="128.765156">
        <ele>102.0</ele>
      </trkpt>
      <trkpt lat="36.580167" lon="128.765196">
        <ele>101.8</ele>
      </trkpt>
      <trkpt lat="36.580136" lon="128.765237">
        <ele>101.6</ele>
      </trkpt>
      <trkpt lat="36.580105" lon="128.765277">
        <ele>101.4</ele>
      </trkpt>
      <trkpt lat="36.580074" lon="128.765318">
        <ele>101.2</ele>
      </trkpt>
      <trkpt lat="36.580043" lon="128.765359">
        <ele>100.9</ele>
      </trkpt>
      <trkpt lat="36.580013" lon="128.765400">
        <ele>100.7</ele>
      </trkpt>
      <trkpt lat="36.579982" lon="128.765440">
        <ele>100.5</ele>
      </trkpt>
      <trkpt lat="36.579952" lon="128.765482">
        <ele>100.3</ele>
      </trkpt>
      <trkpt lat="36.579930" lon="128.765531">
        <ele>100.3</ele>
      </trkpt>
      <trkpt lat="36.579909" lon="128.765580">
        <ele>100.3</ele>
      </trkpt>
      <trkpt lat="36.579893" lon="128.765632">
        <ele>100.3</ele>
      </trkpt>
      <trkpt lat="36.579882" lon="128.765687">
        <ele>100.4</ele>
      </trkpt>
      <trkpt lat="36.579870" lon="128.765741">
        <ele>100.5</ele>
      </trkpt>
      <trkpt lat="36.579869" lon="128.765796">
        <ele>100.8</ele>
      </trkpt>
      <trkpt lat="36.579873" lon="128.765852">
        <ele>101.3</ele>
      </trkpt>
      <trkpt lat="36.579877" lon="128.765907">
        <ele>101.8</ele>
      </trkpt>
      <trkpt lat="36.579882" lon="128.765963">
        <ele>102.3</ele>
      </trkpt>
      <trkpt lat="36.579901" lon="128.766009">
        <ele>102.9</ele>
      </trkpt>
      <trkpt lat="36.579922" lon="128.766058">
        <ele>103.6</ele>
      </trkpt>
      <trkpt lat="36.579943" lon="128.766108">
        <ele>104.3</ele>
      </trkpt>
      <trkpt lat="36.579964" lon="128.766157">
        <ele>105.0</ele>
      </trkpt>
      <trkpt lat="36.579992" lon="128.766200">
        <ele>105.7</ele>
      </trkpt>
      <trkpt lat="36.580021" lon="128.766243">
        <ele>106.3</ele>
      </trkpt>
      <trkpt lat="36.580057" lon="128.766277">
        <ele>106.7</ele>
      </trkpt>
      <trkpt lat="36.580093" lon="128.766311">
        <ele>107.2</ele>
      </trkpt>
      <trkpt lat="36.580129" lon="128.766344">
        <ele>107.6</ele>
      </trkpt>
      <trkpt lat="36.580165" lon="128.766378">
        <ele>108.0</ele>
      </trkpt>
      <trkpt lat="36.580201" lon="128.766412">
        <ele>108.5</ele>
      </trkpt>
      <trkpt lat="36.580237" lon="128.766445">
        <ele>108.9</ele>
      </trkpt>
      <trkpt lat="36.580273" lon="128.766479">
        <ele>109.3</ele>
      </trkpt>
      <trkpt lat="36.580309" lon="128.766513">
        <ele>109.8</ele>
      </trkpt>
      <trkpt lat="36.580345" lon="128.766546">
        <ele>110.2</ele>
      </trkpt>
      <trkpt lat="36.580380" lon="128.766580">
        <ele>110.6</ele>
      </trkpt>
      <trkpt lat="36.580416" lon="128.766614">
        <ele>111.0</ele>
      </trkpt>
      <trkpt lat="36.580452" lon="128.766647">
        <ele>111.5</ele>
      </trkpt>
      <trkpt lat="36.580487" lon="128.766684">
        <ele>112.0</ele>
      </trkpt>
      <trkpt lat="36.580521" lon="128.766720">
        <ele>112.5</ele>
      </trkpt>
      <trkpt lat="36.580555" lon="128.766756">
        <ele>112.9</ele>
      </trkpt>
      <trkpt lat="36.580590" lon="128.766792">
        <ele>113.4</ele>
      </trkpt>
      <trkpt lat="36.580624" lon="128.766828">
        <ele>113.9</ele>
      </trkpt>
      <trkpt lat="36.580654" lon="128.766870">
        <ele>114.5</ele>
      </trkpt>
      <trkpt lat="36.580683" lon="128.766912">
        <ele>115.1</ele>
      </trkpt>
      <trkpt lat="36.580712" lon="128.766955">
        <ele>115.7</ele>
      </trkpt>
      <trkpt lat="36.580742" lon="128.766997">
        <ele>116.3</ele>
      </trkpt>
      <trkpt lat="36.580766" lon="128.767044">
        <ele>116.9</ele>
      </trkpt>
      <trkpt lat="36.580789" lon="128.767092">
        <ele>117.5</ele>
      </trkpt>
      <trkpt lat="36.580812" lon="128.767140">
        <ele>118.1</ele>
      </trkpt>
      <trkpt lat="36.580835" lon="128.767189">
        <ele>118.7</ele>
      </trkpt>
      <trkpt lat="36.580858" lon="128.767237">
        <ele>119.3</ele>
      </trkpt>
      <trkpt lat="36.580879" lon="128.767286">
        <ele>119.9</ele>
      </trkpt>
      <trkpt lat="36.580892" lon="128.767340">
        <ele>120.5</ele>
      </trkpt>
      <trkpt lat="36.580904" lon="128.767393">
        <ele>121.1</ele>
      </trkpt>
      <trkpt lat="36.580917" lon="128.767447">
        <ele>121.7</ele>
      </trkpt>
      <trkpt lat="36.580930" lon="128.767501">
        <ele>122.3</ele>
      </trkpt>
      <trkpt lat="36.580942" lon="128.767555">
        <ele>122.8</ele>
      </trkpt>
      <trkpt lat="36.580950" lon="128.767610">
        <ele>123.0</ele>
      </trkpt>
      <trkpt lat="36.580957" lon="128.767665">
        <ele>123.1</ele>
      </trkpt>
      <trkpt lat="36.580964" lon="128.767720">
        <ele>123.3</ele>
      </trkpt>
      <trkpt lat="36.580971" lon="128.767776">
        <ele>123.4</ele>
      </trkpt>
      <trkpt lat="36.580973" lon="128.767831">
        <ele>123.7</ele>
      </trkpt>
      <trkpt lat="36.580970" lon="128.767887">
        <ele>124.0</ele>
      </trkpt>
      <trkpt lat="36.580968" lon="128.767943">
        <ele>124.3</ele>
      </trkpt>
      <trkpt lat="36.580965" lon="128.767999">
        <ele>124.6</ele>
      </trkpt>
      <trkpt lat="36.580963" lon="128.768055">
        <ele>124.9</ele>
      </trkpt>
      <trkpt lat="36.580960" lon="128.768111">
        <ele>125.2</ele>
      </trkpt>
      <trkpt lat="36.580952" lon="128.768166">
        <ele>125.6</ele>
      </trkpt>
      <trkpt lat="36.580941" lon="128.768220">
        <ele>126.1</ele>
      </trkpt>
      <trkpt lat="36.580931" lon="128.768275">
        <ele>126.5</ele>
      </trkpt>
      <trkpt lat="36.580921" lon="128.768329">
        <ele>126.9</ele>
      </trkpt>
      <trkpt lat="36.580911" lon="128.768384">
        <ele>127.3</ele>
      </trkpt>
      <trkpt lat="36.580901" lon="128.768438">
        <ele>127.7</ele>
      </trkpt>
      <trkpt lat="36.580885" lon="128.768491">
        <ele>128.1</ele>
      </trkpt>
      <trkpt lat="36.580869" lon="128.768543">
        <ele>128.4</ele>
      </trkpt>
      <trkpt lat="36.580852" lon="128.768595">
        <ele>128.8</ele>
      </trkpt>
      <trkpt lat="36.580836" lon="128.768647">
        <ele>129.1</ele>
      </trkpt>
      <trkpt lat="36.580820" lon="128.768700">
        <ele>129.5</ele>
      </trkpt>
      <trkpt lat="36.580803" lon="128.768752">
        <ele>129.8</ele>
      </trkpt>
      <trkpt lat="36.580787" lon="128.768804">
        <ele>130.2</ele>
      </trkpt>
      <trkpt lat="36.580772" lon="128.768857">
        <ele>130.4</ele>
      </trkpt>
      <trkpt lat="36.580758" lon="128.768910">
        <ele>130.5</ele>
      </trkpt>
      <trkpt lat="36.580745" lon="128.768963">
        <ele>130.6</ele>
      </trkpt>
      <trkpt lat="36.580731" lon="128.769017">
        <ele>130.8</ele>
      </trkpt>
      <trkpt lat="36.580717" lon="128.769070">
        <ele>130.9</ele>
      </trkpt>
      <trkpt lat="36.580704" lon="128.769123">
        <ele>131.1</ele>
      </trkpt>
      <trkpt lat="36.580694" lon="128.769178">
        <ele>131.7</ele>
      </trkpt>
      <trkpt lat="36.580684" lon="128.769233">
        <ele>132.3</ele>
      </trkpt>
      <trkpt lat="36.580674" lon="128.769287">
        <ele>132.9</ele>
      </trkpt>
      <trkpt lat="36.580664" lon="128.769342">
        <ele>133.5</ele>
      </trkpt>
      <trkpt lat="36.580660" lon="128.769398">
        <ele>134.2</ele>
      </trkpt>
      <trkpt lat="36.580655" lon="128.769453">
        <ele>134.8</ele>
      </trkpt>
      <trkpt lat="36.580651" lon="128.769509">
        <ele>135.5</ele>
      </trkpt>
      <trkpt lat="36.580647" lon="128.769565">
        <ele>136.1</ele>
      </trkpt>
      <trkpt lat="36.580642" lon="128.769621">
        <ele>136.8</ele>
      </trkpt>
      <trkpt lat="36.580642" lon="128.769676">
        <ele>137.6</ele>
      </trkpt>
      <trkpt lat="36.580644" lon="128.769732">
        <ele>138.6</ele>
      </trkpt>
      <trkpt lat="36.580646" lon="128.769788">
        <ele>139.5</ele>
      </trkpt>
      <trkpt lat="36.580648" lon="128.769844">
        <ele>140.4</ele>
      </trkpt>
      <trkpt lat="36.580650" lon="128.769900">
        <ele>141.4</ele>
      </trkpt>
      <trkpt lat="36.580652" lon="128.769956">
        <ele>142.3</ele>
      </trkpt>
      <trkpt lat="36.580654" lon="128.770012">
        <ele>143.2</ele>
      </trkpt>
      <trkpt lat="36.580656" lon="128.770068">
        <ele>144.2</ele>
      </trkpt>
      <trkpt lat="36.580658" lon="128.770124">
        <ele>145.1</ele>
      </trkpt>
      <trkpt lat="36.580659" lon="128.770180">
        <ele>146.0</ele>
      </trkpt>
      <trkpt lat="36.580661" lon="128.770236">
        <ele>147.0</ele>
      </trkpt>
      <trkpt lat="36.580632" lon="128.770258">
        <ele>147.3</ele>
      </trkpt>
      <trkpt lat="36.580662" lon="128.770257">
        <ele>144.3</ele>
      </trkpt>
      <trkpt lat="36.580664" lon="128.770313">
        <ele>145.0</ele>
      </trkpt>
      <trkpt lat="36.580666" lon="128.770369">
        <ele>145.7</ele>
      </trkpt>
      <trkpt lat="36.580668" lon="128.770425">
        <ele>146.5</ele>
      </trkpt>
      <trkpt lat="36.580671" lon="128.770481">
        <ele>147.2</ele>
      </trkpt>
      <trkpt lat="36.580671" lon="128.770537">
        <ele>147.8</ele>
      </trkpt>
      <trkpt lat="36.580671" lon="128.770593">
        <ele>148.5</ele>
      </trkpt>
      <trkpt lat="36.580671" lon="128.770649">
        <ele>149.2</ele>
      </trkpt>
      <trkpt lat="36.580672" lon="128.770705">
        <ele>149.8</ele>
      </trkpt>
      <trkpt lat="36.580672" lon="128.770761">
        <ele>150.5</ele>
      </trkpt>
      <trkpt lat="36.580672" lon="128.770817">
        <ele>151.1</ele>
      </trkpt>
      <trkpt lat="36.580672" lon="128.770873">
        <ele>151.8</ele>
      </trkpt>
      <trkpt lat="36.580670" lon="128.770929">
        <ele>152.6</ele>
      </trkpt>
      <trkpt lat="36.580667" lon="128.770985">
        <ele>153.4</ele>
      </trkpt>
      <trkpt lat="36.580665" lon="128.771041">
        <ele>154.2</ele>
      </trkpt>
      <trkpt lat="36.580662" lon="128.771096">
        <ele>155.0</ele>
      </trkpt>
      <trkpt lat="36.580659" lon="128.771152">
        <ele>155.8</ele>
      </trkpt>
      <trkpt lat="36.580656" lon="128.771208">
        <ele>156.6</ele>
      </trkpt>
      <trkpt lat="36.580650" lon="128.771263">
        <ele>157.4</ele>
      </trkpt>
      <trkpt lat="36.580640" lon="128.771318">
        <ele>158.2</ele>
      </trkpt>
      <trkpt lat="36.580630" lon="128.771373">
        <ele>159.0</ele>
      </trkpt>
      <trkpt lat="36.580621" lon="128.771428">
        <ele>159.8</ele>
      </trkpt>
      <trkpt lat="36.580611" lon="128.771482">
        <ele>160.6</ele>
      </trkpt>
      <trkpt lat="36.580601" lon="128.771537">
        <ele>161.4</ele>
      </trkpt>
      <trkpt lat="36.580592" lon="128.771592">
        <ele>162.2</ele>
      </trkpt>
      <trkpt lat="36.580582" lon="128.771646">
        <ele>163.0</ele>
      </trkpt>
      <trkpt lat="36.580572" lon="128.771701">
        <ele>163.9</ele>
      </trkpt>
      <trkpt lat="36.580562" lon="128.771756">
        <ele>164.7</ele>
      </trkpt>
      <trkpt lat="36.580553" lon="128.771810">
        <ele>165.5</ele>
      </trkpt>
      <trkpt lat="36.580543" lon="128.771865">
        <ele>166.3</ele>
      </trkpt>
      <trkpt lat="36.580533" lon="128.771920">
        <ele>167.1</ele>
      </trkpt>
      <trkpt lat="36.580524" lon="128.771974">
        <ele>167.9</ele>
      </trkpt>
      <trkpt lat="36.580511" lon="128.772028">
        <ele>168.7</ele>
      </trkpt>
      <trkpt lat="36.580498" lon="128.772082">
        <ele>169.5</ele>
      </trkpt>
      <trkpt lat="36.580485" lon="128.772135">
        <ele>170.3</ele>
      </trkpt>
      <trkpt lat="36.580472" lon="128.772189">
        <ele>171.1</ele>
      </trkpt>
      <trkpt lat="36.580459" lon="128.772242">
        <ele>171.9</ele>
      </trkpt>
      <trkpt lat="36.580445" lon="128.772296">
        <ele>172.7</ele>
      </trkpt>
      <trkpt lat="36.580433" lon="128.772350">
        <ele>173.5</ele>
      </trkpt>
      <trkpt lat="36.580421" lon="128.772404">
        <ele>174.2</ele>
      </trkpt>
      <trkpt lat="36.580410" lon="128.772458">
        <ele>175.0</ele>
      </trkpt>
      <trkpt lat="36.580398" lon="128.772512">
        <ele>175.8</ele>
      </trkpt>
      <trkpt lat="36.580386" lon="128.772566">
        <ele>176.6</ele>
      </trkpt>
      <trkpt lat="36.580375" lon="128.772620">
        <ele>177.4</ele>
      </trkpt>
      <trkpt lat="36.580363" lon="128.772674">
        <ele>178.2</ele>
      </trkpt>
      <trkpt lat="36.580353" lon="128.772729">
        <ele>179.0</ele>
      </trkpt>
      <trkpt lat="36.580342" lon="128.772783">
        <ele>179.9</ele>
      </trkpt>
      <trkpt lat="36.580332" lon="128.772837">
        <ele>180.7</ele>
      </trkpt>
      <trkpt lat="36.580321" lon="128.772892">
        <ele>181.6</ele>
      </trkpt>
      <trkpt lat="36.580311" lon="128.772946">
        <ele>182.4</ele>
      </trkpt>
      <trkpt lat="36.580301" lon="128.773001">
        <ele>183.3</ele>
      </trkpt>
      <trkpt lat="36.580290" lon="128.773055">
        <ele>184.1</ele>
      </trkpt>
      <trkpt lat="36.580281" lon="128.773110">
        <ele>184.7</ele>
      </trkpt>
      <trkpt lat="36.580273" lon="128.773165">
        <ele>185.1</ele>
      </trkpt>
      <trkpt lat="36.580265" lon="128.773220">
        <ele>185.4</ele>
      </trkpt>
      <trkpt lat="36.580256" lon="128.773275">
        <ele>185.8</ele>
      </trkpt>
      <trkpt lat="36.580248" lon="128.773330">
        <ele>186.2</ele>
      </trkpt>
      <trkpt lat="36.580240" lon="128.773386">
        <ele>186.5</ele>
      </trkpt>
      <trkpt lat="36.580232" lon="128.773441">
        <ele>186.9</ele>
      </trkpt>
      <trkpt lat="36.580224" lon="128.773496">
        <ele>187.3</ele>
      </trkpt>
      <trkpt lat="36.580216" lon="128.773551">
        <ele>187.4</ele>
      </trkpt>
      <trkpt lat="36.580208" lon="128.773606">
        <ele>187.2</ele>
      </trkpt>
      <trkpt lat="36.580201" lon="128.773661">
        <ele>187.0</ele>
      </trkpt>
      <trkpt lat="36.580194" lon="128.773716">
        <ele>186.8</ele>
      </trkpt>
      <trkpt lat="36.580186" lon="128.773772">
        <ele>186.5</ele>
      </trkpt>
      <trkpt lat="36.580179" lon="128.773827">
        <ele>186.3</ele>
      </trkpt>
      <trkpt lat="36.580172" lon="128.773882">
        <ele>186.1</ele>
      </trkpt>
      <trkpt lat="36.580167" lon="128.773938">
        <ele>185.8</ele>
      </trkpt>
      <trkpt lat="36.580164" lon="128.773994">
        <ele>185.5</ele>
      </trkpt>
      <trkpt lat="36.580161" lon="128.774050">
        <ele>185.1</ele>
      </trkpt>
      <trkpt lat="36.580159" lon="128.774105">
        <ele>184.8</ele>
      </trkpt>
      <trkpt lat="36.580156" lon="128.774161">
        <ele>184.4</ele>
      </trkpt>
      <trkpt lat="36.580154" lon="128.774217">
        <ele>184.1</ele>
      </trkpt>
      <trkpt lat="36.580152" lon="128.774273">
        <ele>182.5</ele>
      </trkpt>
      <trkpt lat="36.580150" lon="128.774329">
        <ele>180.5</ele>
      </trkpt>
      <trkpt lat="36.580149" lon="128.774385">
        <ele>178.6</ele>
      </trkpt>
      <trkpt lat="36.580148" lon="128.774429">
        <ele>180.9</ele>
      </trkpt>
      <trkpt lat="36.580147" lon="128.774485">
        <ele>180.1</ele>
      </trkpt>
      <trkpt lat="36.580146" lon="128.774541">
        <ele>179.3</ele>
      </trkpt>
      <trkpt lat="36.580145" lon="128.774597">
        <ele>178.5</ele>
      </trkpt>
      <trkpt lat="36.580144" lon="128.774653">
        <ele>177.7</ele>
      </trkpt>
      <trkpt lat="36.580144" lon="128.774709">
        <ele>177.0</ele>
      </trkpt>
      <trkpt lat="36.580145" lon="128.774765">
        <ele>176.3</ele>
      </trkpt>
      <trkpt lat="36.580146" lon="128.774821">
        <ele>175.7</ele>
      </trkpt>
      <trkpt lat="36.580147" lon="128.774877">
        <ele>175.1</ele>
      </trkpt>
      <trkpt lat="36.580148" lon="128.774933">
        <ele>174.4</ele>
      </trkpt>
      <trkpt lat="36.580149" lon="128.774989">
        <ele>173.8</ele>
      </trkpt>
      <trkpt lat="36.580150" lon="128.775045">
        <ele>173.2</ele>
      </trkpt>
      <trkpt lat="36.580151" lon="128.775101">
        <ele>172.5</ele>
      </trkpt>
      <trkpt lat="36.580152" lon="128.775157">
        <ele>171.9</ele>
      </trkpt>
      <trkpt lat="36.580149" lon="128.775213">
        <ele>171.7</ele>
      </trkpt>
      <trkpt lat="36.580146" lon="128.775269">
        <ele>171.7</ele>
      </trkpt>
      <trkpt lat="36.580143" lon="128.775325">
        <ele>171.6</ele>
      </trkpt>
      <trkpt lat="36.580140" lon="128.775380">
        <ele>171.5</ele>
      </trkpt>
      <trkpt lat="36.580135" lon="128.775436">
        <ele>171.5</ele>
      </trkpt>
      <trkpt lat="36.580127" lon="128.775491">
        <ele>171.6</ele>
      </trkpt>
      <trkpt lat="36.580119" lon="128.775546">
        <ele>171.7</ele>
      </trkpt>
      <trkpt lat="36.580111" lon="128.775601">
        <ele>171.8</ele>
      </trkpt>
      <trkpt lat="36.580100" lon="128.775655">
        <ele>171.9</ele>
      </trkpt>
      <trkpt lat="36.580086" lon="128.775709">
        <ele>172.0</ele>
      </trkpt>
      <trkpt lat="36.580072" lon="128.775762">
        <ele>172.2</ele>
      </trkpt>
      <trkpt lat="36.580058" lon="128.775815">
        <ele>172.4</ele>
      </trkpt>
      <trkpt lat="36.580043" lon="128.775868">
        <ele>172.4</ele>
      </trkpt>
      <trkpt lat="36.580024" lon="128.775919">
        <ele>172.1</ele>
      </trkpt>
      <trkpt lat="36.580005" lon="128.775969">
        <ele>171.7</ele>
      </trkpt>
      <trkpt lat="36.579985" lon="128.776020">
        <ele>171.3</ele>
      </trkpt>
      <trkpt lat="36.579961" lon="128.776067">
        <ele>170.9</ele>
      </trkpt>
      <trkpt lat="36.579937" lon="128.776114">
        <ele>170.4</ele>
      </trkpt>
      <trkpt lat="36.579913" lon="128.776161">
        <ele>170.0</ele>
      </trkpt>
      <trkpt lat="36.579885" lon="128.776205">
        <ele>169.6</ele>
      </trkpt>
      <trkpt lat="36.579856" lon="128.776247">
        <ele>169.3</ele>
      </trkpt>
      <trkpt lat="36.579826" lon="128.776289">
        <ele>169.0</ele>
      </trkpt>
      <trkpt lat="36.579796" lon="128.776331">
        <ele>168.8</ele>
      </trkpt>
      <trkpt lat="36.579766" lon="128.776373">
        <ele>168.5</ele>
      </trkpt>
      <trkpt lat="36.579737" lon="128.776415">
        <ele>168.2</ele>
      </trkpt>
      <trkpt lat="36.579707" lon="128.776457">
        <ele>167.9</ele>
      </trkpt>
      <trkpt lat="36.579673" lon="128.776494">
        <ele>167.9</ele>
      </trkpt>
      <trkpt lat="36.579638" lon="128.776528">
        <ele>167.9</ele>
      </trkpt>
      <trkpt lat="36.579602" lon="128.776563">
        <ele>168.0</ele>
      </trkpt>
      <trkpt lat="36.579567" lon="128.776597">
        <ele>168.1</ele>
      </trkpt>
      <trkpt lat="36.579531" lon="128.776631">
        <ele>168.2</ele>
      </trkpt>
      <trkpt lat="36.579495" lon="128.776666">
        <ele>168.2</ele>
      </trkpt>
      <trkpt lat="36.579460" lon="128.776700">
        <ele>168.3</ele>
      </trkpt>
      <trkpt lat="36.579424" lon="128.776734">
        <ele>168.4</ele>
      </trkpt>
      <trkpt lat="36.579389" lon="128.776768">
        <ele>168.5</ele>
      </trkpt>
      <trkpt lat="36.579352" lon="128.776801">
        <ele>168.8</ele>
      </trkpt>
      <trkpt lat="36.579315" lon="128.776833">
        <ele>169.2</ele>
      </trkpt>
      <trkpt lat="36.579279" lon="128.776865">
        <ele>169.6</ele>
      </trkpt>
      <trkpt lat="36.579242" lon="128.776897">
        <ele>169.9</ele>
      </trkpt>
      <trkpt lat="36.579205" lon="128.776929">
        <ele>170.3</ele>
      </trkpt>
      <trkpt lat="36.579168" lon="128.776961">
        <ele>170.7</ele>
      </trkpt>
      <trkpt lat="36.579131" lon="128.776994">
        <ele>171.1</ele>
      </trkpt>
      <trkpt lat="36.579094" lon="128.777026">
        <ele>171.5</ele>
      </trkpt>
      <trkpt lat="36.579057" lon="128.777058">
        <ele>171.8</ele>
      </trkpt>
      <trkpt lat="36.579021" lon="128.777090">
        <ele>172.2</ele>
      </trkpt>
      <trkpt lat="36.578984" lon="128.777122">
        <ele>172.6</ele>
      </trkpt>
      <trkpt lat="36.578947" lon="128.777154">
        <ele>172.7</ele>
      </trkpt>
      <trkpt lat="36.578910" lon="128.777186">
        <ele>172.9</ele>
      </trkpt>
      <trkpt lat="36.578873" lon="128.777219">
        <ele>173.1</ele>
      </trkpt>
      <trkpt lat="36.578837" lon="128.777251">
        <ele>173.3</ele>
      </trkpt>
      <trkpt lat="36.578800" lon="128.777283">
        <ele>173.5</ele>
      </trkpt>
      <trkpt lat="36.578763" lon="128.777315">
        <ele>173.6</ele>
      </trkpt>
      <trkpt lat="36.578726" lon="128.777347">
        <ele>173.8</ele>
      </trkpt>
      <trkpt lat="36.578689" lon="128.777379">
        <ele>174.0</ele>
      </trkpt>
      <trkpt lat="36.578653" lon="128.777412">
        <ele>174.2</ele>
      </trkpt>
      <trkpt lat="36.578616" lon="128.777444">
        <ele>174.4</ele>
      </trkpt>
      <trkpt lat="36.578578" lon="128.777475">
        <ele>174.6</ele>
      </trkpt>
      <trkpt lat="36.578538" lon="128.777500">
        <ele>175.0</ele>
      </trkpt>
      <trkpt lat="36.578498" lon="128.777525">
        <ele>175.4</ele>
      </trkpt>
      <trkpt lat="36.578458" lon="128.777551">
        <ele>175.9</ele>
      </trkpt>
      <trkpt lat="36.578418" lon="128.777576">
        <ele>176.3</ele>
      </trkpt>
      <trkpt lat="36.578378" lon="128.777601">
        <ele>176.7</ele>
      </trkpt>
      <trkpt lat="36.578338" lon="128.777627">
        <ele>177.1</ele>
      </trkpt>
      <trkpt lat="36.578298" lon="128.777652">
        <ele>177.6</ele>
      </trkpt>
      <trkpt lat="36.578258" lon="128.777677">
        <ele>178.0</ele>
      </trkpt>
      <trkpt lat="36.578218" lon="128.777703">
        <ele>178.4</ele>
      </trkpt>
      <trkpt lat="36.578176" lon="128.777724">
        <ele>178.8</ele>
      </trkpt>
      <trkpt lat="36.578134" lon="128.777745">
        <ele>179.1</ele>
      </trkpt>
      <trkpt lat="36.578092" lon="128.777765">
        <ele>179.5</ele>
      </trkpt>
      <trkpt lat="36.578050" lon="128.777785">
        <ele>179.8</ele>
      </trkpt>
      <trkpt lat="36.578009" lon="128.777806">
        <ele>180.2</ele>
      </trkpt>
      <trkpt lat="36.577966" lon="128.777825">
        <ele>180.5</ele>
      </trkpt>
      <trkpt lat="36.577923" lon="128.777842">
        <ele>180.9</ele>
      </trkpt>
      <trkpt lat="36.577881" lon="128.777859">
        <ele>181.3</ele>
      </trkpt>
      <trkpt lat="36.577838" lon="128.777877">
        <ele>181.7</ele>
      </trkpt>
      <trkpt lat="36.577795" lon="128.777894">
        <ele>182.1</ele>
      </trkpt>
      <trkpt lat="36.577752" lon="128.777908">
        <ele>184.9</ele>
      </trkpt>
      <trkpt lat="36.577725" lon="128.777934">
        <ele>188.0</ele>
      </trkpt>
      <trkpt lat="36.577726" lon="128.777935">
        <ele>185.0</ele>
      </trkpt>
      <trkpt lat="36.577694" lon="128.777924">
        <ele>183.1</ele>
      </trkpt>
      <trkpt lat="36.577650" lon="128.777935">
        <ele>183.6</ele>
      </trkpt>
      <trkpt lat="36.577606" lon="128.777947">
        <ele>184.0</ele>
      </trkpt>
      <trkpt lat="36.577562" lon="128.777959">
        <ele>184.5</ele>
      </trkpt>
      <trkpt lat="36.577518" lon="128.777971">
        <ele>185.0</ele>
      </trkpt>
      <trkpt lat="36.577474" lon="128.777983">
        <ele>185.4</ele>
      </trkpt>
      <trkpt lat="36.577430" lon="128.777995">
        <ele>185.9</ele>
      </trkpt>
      <trkpt lat="36.577386" lon="128.778007">
        <ele>186.3</ele>
      </trkpt>
      <trkpt lat="36.577342" lon="128.778018">
        <ele>186.8</ele>
      </trkpt>
      <trkpt lat="36.577298" lon="128.778030">
        <ele>187.3</ele>
      </trkpt>
      <trkpt lat="36.577254" lon="128.778042">
        <ele>187.7</ele>
      </trkpt>
      <trkpt lat="36.577210" lon="128.778053">
        <ele>188.2</ele>
      </trkpt>
      <trkpt lat="36.577166" lon="128.778064">
        <ele>188.8</ele>
      </trkpt>
      <trkpt lat="36.577122" lon="128.778074">
        <ele>189.4</ele>
      </trkpt>
      <trkpt lat="36.577078" lon="128.778084">
        <ele>190.0</ele>
      </trkpt>
      <trkpt lat="36.577033" lon="128.778094">
        <ele>190.6</ele>
      </trkpt>
      <trkpt lat="36.576989" lon="128.778105">
        <ele>191.1</ele>
      </trkpt>
      <trkpt lat="36.576945" lon="128.778115">
        <ele>191.7</ele>
      </trkpt>
      <trkpt lat="36.576901" lon="128.778125">
        <ele>192.3</ele>
      </trkpt>
      <trkpt lat="36.576858" lon="128.778141">
        <ele>192.9</ele>
      </trkpt>
      <trkpt lat="36.576816" lon="128.778161">
        <ele>193.5</ele>
      </trkpt>
      <trkpt lat="36.576774" lon="128.778181">
        <ele>194.1</ele>
      </trkpt>
      <trkpt lat="36.576732" lon="128.778201">
        <ele>194.8</ele>
      </trkpt>
      <trkpt lat="36.576728" lon="128.778203">
        <ele>194.2</ele>
      </trkpt>
      <trkpt lat="36.576770" lon="128.778183">
        <ele>193.7</ele>
      </trkpt>
      <trkpt lat="36.576812" lon="128.778163">
        <ele>193.3</ele>
      </trkpt>
      <trkpt lat="36.576854" lon="128.778143">
        <ele>192.8</ele>
      </trkpt>
      <trkpt lat="36.576897" lon="128.778126">
        <ele>192.3</ele>
      </trkpt>
      <trkpt lat="36.576941" lon="128.778116">
        <ele>191.8</ele>
      </trkpt>
      <trkpt lat="36.576985" lon="128.778106">
        <ele>191.2</ele>
      </trkpt>
      <trkpt lat="36.577029" lon="128.778095">
        <ele>190.6</ele>
      </trkpt>
      <trkpt lat="36.577074" lon="128.778085">
        <ele>190.0</ele>
      </trkpt>
      <trkpt lat="36.577118" lon="128.778075">
        <ele>189.5</ele>
      </trkpt>
      <trkpt lat="36.577162" lon="128.778065">
        <ele>188.9</ele>
      </trkpt>
      <trkpt lat="36.577206" lon="128.778054">
        <ele>188.3</ele>
      </trkpt>
      <trkpt lat="36.577250" lon="128.778043">
        <ele>187.8</ele>
      </trkpt>
      <trkpt lat="36.577294" lon="128.778031">
        <ele>187.3</ele>
      </trkpt>
      <trkpt lat="36.577338" lon="128.778020">
        <ele>186.9</ele>
      </trkpt>
      <trkpt lat="36.577382" lon="128.778008">
        <ele>186.4</ele>
      </trkpt>
      <trkpt lat="36.577426" lon="128.777996">
        <ele>185.9</ele>
      </trkpt>
      <trkpt lat="36.577470" lon="128.777984">
        <ele>185.5</ele>
      </trkpt>
      <trkpt lat="36.577514" lon="128.777972">
        <ele>185.0</ele>
      </trkpt>
      <trkpt lat="36.577558" lon="128.777961">
        <ele>184.6</ele>
      </trkpt>
      <trkpt lat="36.577602" lon="128.777949">
        <ele>184.1</ele>
      </trkpt>
      <trkpt lat="36.577646" lon="128.777937">
        <ele>183.7</ele>
      </trkpt>
      <trkpt lat="36.577690" lon="128.777925">
        <ele>183.2</ele>
      </trkpt>
      <trkpt lat="36.577734" lon="128.777913">
        <ele>182.7</ele>
      </trkpt>
      <trkpt lat="36.577778" lon="128.777901">
        <ele>182.3</ele>
      </trkpt>
      <trkpt lat="36.577820" lon="128.777884">
        <ele>181.9</ele>
      </trkpt>
      <trkpt lat="36.577863" lon="128.777866">
        <ele>181.5</ele>
      </trkpt>
      <trkpt lat="36.577906" lon="128.777849">
        <ele>181.1</ele>
      </trkpt>
      <trkpt lat="36.577949" lon="128.777832">
        <ele>180.7</ele>
      </trkpt>
      <trkpt lat="36.577991" lon="128.777814">
        <ele>180.3</ele>
      </trkpt>
      <trkpt lat="36.578033" lon="128.777794">
        <ele>180.0</ele>
      </trkpt>
      <trkpt lat="36.578075" lon="128.777773">
        <ele>179.6</ele>
      </trkpt>
      <trkpt lat="36.578117" lon="128.777753">
        <ele>179.3</ele>
      </trkpt>
      <trkpt lat="36.578159" lon="128.777733">
        <ele>178.9</ele>
      </trkpt>
      <trkpt lat="36.578201" lon="128.777712">
        <ele>178.6</ele>
      </trkpt>
      <trkpt lat="36.578241" lon="128.777688">
        <ele>178.2</ele>
      </trkpt>
      <trkpt lat="36.578281" lon="128.777662">
        <ele>177.7</ele>
      </trkpt>
      <trkpt lat="36.578321" lon="128.777637">
        <ele>177.3</ele>
      </trkpt>
      <trkpt lat="36.578361" lon="128.777612">
        <ele>176.9</ele>
      </trkpt>
      <trkpt lat="36.578402" lon="128.777586">
        <ele>176.5</ele>
      </trkpt>
      <trkpt lat="36.578442" lon="128.777561">
        <ele>176.0</ele>
      </trkpt>
      <trkpt lat="36.578482" lon="128.777536">
        <ele>175.6</ele>
      </trkpt>
      <trkpt lat="36.578522" lon="128.777510">
        <ele>175.2</ele>
      </trkpt>
      <trkpt lat="36.578562" lon="128.777485">
        <ele>174.8</ele>
      </trkpt>
      <trkpt lat="36.578601" lon="128.777457">
        <ele>174.4</ele>
      </trkpt>
      <trkpt lat="36.578638" lon="128.777425">
        <ele>174.2</ele>
      </trkpt>
      <trkpt lat="36.578674" lon="128.777393">
        <ele>174.1</ele>
      </trkpt>
      <trkpt lat="36.578711" lon="128.777361">
        <ele>173.9</ele>
      </trkpt>
      <trkpt lat="36.578748" lon="128.777328">
        <ele>173.7</ele>
      </trkpt>
      <trkpt lat="36.578785" lon="128.777296">
        <ele>173.5</ele>
      </trkpt>
      <trkpt lat="36.578822" lon="128.777264">
        <ele>173.3</ele>
      </trkpt>
      <trkpt lat="36.578858" lon="128.777232">
        <ele>173.2</ele>
      </trkpt>
      <trkpt lat="36.578895" lon="128.777200">
        <ele>173.0</ele>
      </trkpt>
      <trkpt lat="36.578932" lon="128.777167">
        <ele>172.8</ele>
      </trkpt>
      <trkpt lat="36.578969" lon="128.777135">
        <ele>172.6</ele>
      </trkpt>
      <trkpt lat="36.579005" lon="128.777103">
        <ele>172.4</ele>
      </trkpt>
      <trkpt lat="36.579042" lon="128.777071">
        <ele>172.0</ele>
      </trkpt>
      <trkpt lat="36.579079" lon="128.777039">
        <ele>171.6</ele>
      </trkpt>
      <trkpt lat="36.579116" lon="128.777007">
        <ele>171.2</ele>
      </trkpt>
      <trkpt lat="36.579153" lon="128.776975">
        <ele>170.9</ele>
      </trkpt>
      <trkpt lat="36.579190" lon="128.776943">
        <ele>170.5</ele>
      </trkpt>
      <trkpt lat="36.579227" lon="128.776911">
        <ele>170.1</ele>
      </trkpt>
      <trkpt lat="36.579263" lon="128.776878">
        <ele>169.7</ele>
      </trkpt>
      <trkpt lat="36.579300" lon="128.776846">
        <ele>169.3</ele>
      </trkpt>
      <trkpt lat="36.579337" lon="128.776814">
        <ele>168.9</ele>
      </trkpt>
      <trkpt lat="36.579374" lon="128.776782">
        <ele>168.6</ele>
      </trkpt>
      <trkpt lat="36.579410" lon="128.776748">
        <ele>168.4</ele>
      </trkpt>
      <trkpt lat="36.579445" lon="128.776714">
        <ele>168.4</ele>
      </trkpt>
      <trkpt lat="36.579481" lon="128.776680">
        <ele>168.3</ele>
      </trkpt>
      <trkpt lat="36.579516" lon="128.776645">
        <ele>168.2</ele>
      </trkpt>
      <trkpt lat="36.579552" lon="128.776611">
        <ele>168.1</ele>
      </trkpt>
      <trkpt lat="36.579587" lon="128.776577">
        <ele>168.0</ele>
      </trkpt>
      <trkpt lat="36.579623" lon="128.776542">
        <ele>168.0</ele>
      </trkpt>
      <trkpt lat="36.579659" lon="128.776508">
        <ele>167.9</ele>
      </trkpt>
      <trkpt lat="36.579694" lon="128.776474">
        <ele>167.8</ele>
      </trkpt>
      <trkpt lat="36.579724" lon="128.776432">
        <ele>168.1</ele>
      </trkpt>
      <trkpt lat="36.579754" lon="128.776390">
        <ele>168.4</ele>
      </trkpt>
      <trkpt lat="36.579784" lon="128.776348">
        <ele>168.6</ele>
      </trkpt>
      <trkpt lat="36.579814" lon="128.776307">
        <ele>168.9</ele>
      </trkpt>
      <trkpt lat="36.579843" lon="128.776265">
        <ele>169.2</ele>
      </trkpt>
      <trkpt lat="36.579873" lon="128.776223">
        <ele>169.5</ele>
      </trkpt>
      <trkpt lat="36.579903" lon="128.776181">
        <ele>169.8</ele>
      </trkpt>
      <trkpt lat="36.579927" lon="128.776134">
        <ele>170.2</ele>
      </trkpt>
      <trkpt lat="36.579951" lon="128.776086">
        <ele>170.7</ele>
      </trkpt>
      <trkpt lat="36.579976" lon="128.776039">
        <ele>171.1</ele>
      </trkpt>
      <trkpt lat="36.579997" lon="128.775990">
        <ele>171.5</ele>
      </trkpt>
      <trkpt lat="36.580016" lon="128.775939">
        <ele>171.9</ele>
      </trkpt>
      <trkpt lat="36.580035" lon="128.775889">
        <ele>172.3</ele>
      </trkpt>
      <trkpt lat="36.580053" lon="128.775837">
        <ele>172.4</ele>
      </trkpt>
      <trkpt lat="36.580067" lon="128.775784">
        <ele>172.3</ele>
      </trkpt>
      <trkpt lat="36.580080" lon="128.775731">
        <ele>172.1</ele>
      </trkpt>
      <trkpt lat="36.580094" lon="128.775677">
        <ele>172.0</ele>
      </trkpt>
      <trkpt lat="36.580107" lon="128.775624">
        <ele>171.8</ele>
      </trkpt>
      <trkpt lat="36.580101" lon="128.775582">
        <ele>171.5</ele>
      </trkpt>
      <trkpt lat="36.580116" lon="128.775567">
        <ele>171.5</ele>
      </trkpt>
      <trkpt lat="36.580124" lon="128.775512">
        <ele>171.5</ele>
      </trkpt>
      <trkpt lat="36.580132" lon="128.775457">
        <ele>171.5</ele>
      </trkpt>
      <trkpt lat="36.580139" lon="128.775401">
        <ele>171.5</ele>
      </trkpt>
      <trkpt lat="36.580142" lon="128.775346">
        <ele>171.6</ele>
      </trkpt>
      <trkpt lat="36.580145" lon="128.775290">
        <ele>171.7</ele>
      </trkpt>
      <trkpt lat="36.580148" lon="128.775234">
        <ele>171.7</ele>
      </trkpt>
      <trkpt lat="36.580151" lon="128.775178">
        <ele>171.8</ele>
      </trkpt>
      <trkpt lat="36.580151" lon="128.775122">
        <ele>172.3</ele>
      </trkpt>
      <trkpt lat="36.580150" lon="128.775066">
        <ele>172.9</ele>
      </trkpt>
      <trkpt lat="36.580149" lon="128.775010">
        <ele>173.6</ele>
      </trkpt>
      <trkpt lat="36.580148" lon="128.774954">
        <ele>174.2</ele>
      </trkpt>
      <trkpt lat="36.580147" lon="128.774898">
        <ele>174.8</ele>
      </trkpt>
      <trkpt lat="36.580146" lon="128.774842">
        <ele>175.5</ele>
      </trkpt>
      <trkpt lat="36.580145" lon="128.774786">
        <ele>176.1</ele>
      </trkpt>
      <trkpt lat="36.580144" lon="128.774730">
        <ele>176.7</ele>
      </trkpt>
      <trkpt lat="36.580148" lon="128.774680">
        <ele>177.2</ele>
      </trkpt>
      <trkpt lat="36.580193" lon="128.774675">
        <ele>176.6</ele>
      </trkpt>
      <trkpt lat="36.580238" lon="128.774669">
        <ele>175.9</ele>
      </trkpt>
      <trkpt lat="36.580283" lon="128.774663">
        <ele>175.3</ele>
      </trkpt>
      <trkpt lat="36.580320" lon="128.774638">
        <ele>175.1</ele>
      </trkpt>
      <trkpt lat="36.580354" lon="128.774601">
        <ele>175.3</ele>
      </trkpt>
      <trkpt lat="36.580387" lon="128.774563">
        <ele>175.4</ele>
      </trkpt>
      <trkpt lat="36.580419" lon="128.774524">
        <ele>175.6</ele>
      </trkpt>
      <trkpt lat="36.580450" lon="128.774484">
        <ele>175.9</ele>
      </trkpt>
      <trkpt lat="36.580482" lon="128.774443">
        <ele>176.2</ele>
      </trkpt>
      <trkpt lat="36.580507" lon="128.774397">
        <ele>176.8</ele>
      </trkpt>
      <trkpt lat="36.580530" lon="128.774349">
        <ele>177.3</ele>
      </trkpt>
      <trkpt lat="36.580553" lon="128.774301">
        <ele>177.9</ele>
      </trkpt>
      <trkpt lat="36.580572" lon="128.774250">
        <ele>178.5</ele>
      </trkpt>
      <trkpt lat="36.580590" lon="128.774199">
        <ele>179.1</ele>
      </trkpt>
      <trkpt lat="36.580608" lon="128.774148">
        <ele>179.7</ele>
      </trkpt>
      <trkpt lat="36.580619" lon="128.774094">
        <ele>180.0</ele>
      </trkpt>
      <trkpt lat="36.580628" lon="128.774039">
        <ele>180.3</ele>
      </trkpt>
      <trkpt lat="36.580638" lon="128.773984">
        <ele>180.5</ele>
      </trkpt>
      <trkpt lat="36.580647" lon="128.773929">
        <ele>180.8</ele>
      </trkpt>
      <trkpt lat="36.580656" lon="128.773874">
        <ele>181.0</ele>
      </trkpt>
      <trkpt lat="36.580665" lon="128.773820">
        <ele>181.3</ele>
      </trkpt>
      <trkpt lat="36.580674" lon="128.773765">
        <ele>181.5</ele>
      </trkpt>
      <trkpt lat="36.580683" lon="128.773710">
        <ele>181.8</ele>
      </trkpt>
      <trkpt lat="36.580692" lon="128.773655">
        <ele>182.0</ele>
      </trkpt>
      <trkpt lat="36.580701" lon="128.773600">
        <ele>182.3</ele>
      </trkpt>
      <trkpt lat="36.580710" lon="128.773545">
        <ele>182.5</ele>
      </trkpt>
      <trkpt lat="36.580719" lon="128.773491">
        <ele>182.8</ele>
      </trkpt>
      <trkpt lat="36.580729" lon="128.773436">
        <ele>183.0</ele>
      </trkpt>
      <trkpt lat="36.580738" lon="128.773381">
        <ele>183.3</ele>
      </trkpt>
      <trkpt lat="36.580747" lon="128.773326">
        <ele>183.5</ele>
      </trkpt>
      <trkpt lat="36.580756" lon="128.773271">
        <ele>183.8</ele>
      </trkpt>
      <trkpt lat="36.580765" lon="128.773216">
        <ele>184.0</ele>
      </trkpt>
      <trkpt lat="36.580774" lon="128.773162">
        <ele>184.3</ele>
      </trkpt>
      <trkpt lat="36.580785" lon="128.773108">
        <ele>184.4</ele>
      </trkpt>
      <trkpt lat="36.580810" lon="128.773061">
        <ele>183.6</ele>
      </trkpt>
      <trkpt lat="36.580851" lon="128.773041">
        <ele>182.9</ele>
      </trkpt>
      <trkpt lat="36.580864" lon="128.773058">
        <ele>182.9</ele>
      </trkpt>
      <trkpt lat="36.580887" lon="128.773029">
        <ele>182.8</ele>
      </trkpt>
      <trkpt lat="36.580932" lon="128.773035">
        <ele>182.7</ele>
      </trkpt>
      <trkpt lat="36.580976" lon="128.773043">
        <ele>182.5</ele>
      </trkpt>
      <trkpt lat="36.581021" lon="128.773050">
        <ele>182.4</ele>
      </trkpt>
      <trkpt lat="36.581065" lon="128.773058">
        <ele>182.2</ele>
      </trkpt>
      <trkpt lat="36.581110" lon="128.773066">
        <ele>182.1</ele>
      </trkpt>
      <trkpt lat="36.581154" lon="128.773074">
        <ele>181.9</ele>
      </trkpt>
      <trkpt lat="36.581199" lon="128.773081">
        <ele>181.7</ele>
      </trkpt>
      <trkpt lat="36.581244" lon="128.773087">
        <ele>181.5</ele>
      </trkpt>
      <trkpt lat="36.581288" lon="128.773093">
        <ele>181.2</ele>
      </trkpt>
      <trkpt lat="36.581333" lon="128.773099">
        <ele>181.0</ele>
      </trkpt>
      <trkpt lat="36.581378" lon="128.773105">
        <ele>180.7</ele>
      </trkpt>
      <trkpt lat="36.581422" lon="128.773111">
        <ele>180.5</ele>
      </trkpt>
      <trkpt lat="36.581467" lon="128.773112">
        <ele>179.8</ele>
      </trkpt>
      <trkpt lat="36.581512" lon="128.773114">
        <ele>179.1</ele>
      </trkpt>
      <trkpt lat="36.581557" lon="128.773115">
        <ele>178.5</ele>
      </trkpt>
      <trkpt lat="36.581602" lon="128.773116">
        <ele>177.8</ele>
      </trkpt>
      <trkpt lat="36.581647" lon="128.773117">
        <ele>177.1</ele>
      </trkpt>
      <trkpt lat="36.581692" lon="128.773119">
        <ele>176.5</ele>
      </trkpt>
      <trkpt lat="36.581737" lon="128.773120">
        <ele>175.8</ele>
      </trkpt>
      <trkpt lat="36.581782" lon="128.773121">
        <ele>175.2</ele>
      </trkpt>
      <trkpt lat="36.581825" lon="128.773134">
        <ele>174.2</ele>
      </trkpt>
      <trkpt lat="36.581865" lon="128.773159">
        <ele>173.0</ele>
      </trkpt>
      <trkpt lat="36.581902" lon="128.773188">
        <ele>171.8</ele>
      </trkpt>
      <trkpt lat="36.581927" lon="128.773235">
        <ele>170.9</ele>
      </trkpt>
      <trkpt lat="36.581952" lon="128.773282">
        <ele>169.9</ele>
      </trkpt>
      <trkpt lat="36.581977" lon="128.773328">
        <ele>169.0</ele>
      </trkpt>
      <trkpt lat="36.582014" lon="128.773359">
        <ele>168.2</ele>
      </trkpt>
      <trkpt lat="36.582052" lon="128.773390">
        <ele>167.3</ele>
      </trkpt>
      <trkpt lat="36.582091" lon="128.773417">
        <ele>166.5</ele>
      </trkpt>
      <trkpt lat="36.582132" lon="128.773441">
        <ele>165.7</ele>
      </trkpt>
      <trkpt lat="36.582172" lon="128.773465">
        <ele>164.8</ele>
      </trkpt>
      <trkpt lat="36.582214" lon="128.773486">
        <ele>164.0</ele>
      </trkpt>
      <trkpt lat="36.582257" lon="128.773503">
        <ele>163.1</ele>
      </trkpt>
      <trkpt lat="36.582300" lon="128.773519">
        <ele>162.3</ele>
      </trkpt>
      <trkpt lat="36.582343" lon="128.773535">
        <ele>161.4</ele>
      </trkpt>
      <trkpt lat="36.582386" lon="128.773550">
        <ele>160.6</ele>
      </trkpt>
      <trkpt lat="36.582430" lon="128.773561">
        <ele>159.8</ele>
      </trkpt>
      <trkpt lat="36.582474" lon="128.773572">
        <ele>159.1</ele>
      </trkpt>
      <trkpt lat="36.582518" lon="128.773583">
        <ele>158.3</ele>
      </trkpt>
      <trkpt lat="36.582563" lon="128.773587">
        <ele>157.5</ele>
      </trkpt>
      <trkpt lat="36.582608" lon="128.773591">
        <ele>156.7</ele>
      </trkpt>
      <trkpt lat="36.582653" lon="128.773595">
        <ele>155.9</ele>
      </trkpt>
      <trkpt lat="36.582698" lon="128.773599">
        <ele>155.1</ele>
      </trkpt>
      <trkpt lat="36.582742" lon="128.773591">
        <ele>155.0</ele>
      </trkpt>
      <trkpt lat="36.582787" lon="128.773583">
        <ele>155.0</ele>
      </trkpt>
      <trkpt lat="36.582832" lon="128.773581">
        <ele>154.9</ele>
      </trkpt>
      <trkpt lat="36.582877" lon="128.773580">
        <ele>154.8</ele>
      </trkpt>
      <trkpt lat="36.582921" lon="128.773585">
        <ele>154.8</ele>
      </trkpt>
      <trkpt lat="36.582966" lon="128.773591">
        <ele>154.8</ele>
      </trkpt>
      <trkpt lat="36.583011" lon="128.773597">
        <ele>154.8</ele>
      </trkpt>
      <trkpt lat="36.583055" lon="128.773603">
        <ele>154.7</ele>
      </trkpt>
      <trkpt lat="36.583100" lon="128.773609">
        <ele>154.7</ele>
      </trkpt>
      <trkpt lat="36.583145" lon="128.773615">
        <ele>154.7</ele>
      </trkpt>
      <trkpt lat="36.583190" lon="128.773621">
        <ele>154.7</ele>
      </trkpt>
      <trkpt lat="36.583234" lon="128.773627">
        <ele>154.7</ele>
      </trkpt>
      <trkpt lat="36.583279" lon="128.773634">
        <ele>154.7</ele>
      </trkpt>
      <trkpt lat="36.583324" lon="128.773640">
        <ele>154.6</ele>
      </trkpt>
      <trkpt lat="36.583368" lon="128.773646">
        <ele>154.6</ele>
      </trkpt>
      <trkpt lat="36.583413" lon="128.773652">
        <ele>154.6</ele>
      </trkpt>
      <trkpt lat="36.583458" lon="128.773658">
        <ele>154.6</ele>
      </trkpt>
      <trkpt lat="36.583502" lon="128.773664">
        <ele>154.6</ele>
      </trkpt>
      <trkpt lat="36.583547" lon="128.773670">
        <ele>154.6</ele>
      </trkpt>
      <trkpt lat="36.583592" lon="128.773676">
        <ele>154.5</ele>
      </trkpt>
      <trkpt lat="36.583636" lon="128.773682">
        <ele>154.5</ele>
      </trkpt>
      <trkpt lat="36.583681" lon="128.773688">
        <ele>154.5</ele>
      </trkpt>
      <trkpt lat="36.583726" lon="128.773695">
        <ele>154.5</ele>
      </trkpt>
      <trkpt lat="36.583771" lon="128.773701">
        <ele>154.5</ele>
      </trkpt>
      <trkpt lat="36.583815" lon="128.773707">
        <ele>154.5</ele>
      </trkpt>
      <trkpt lat="36.583860" lon="128.773713">
        <ele>154.4</ele>
      </trkpt>
      <trkpt lat="36.583905" lon="128.773719">
        <ele>154.4</ele>
      </trkpt>
      <trkpt lat="36.583949" lon="128.773725">
        <ele>154.4</ele>
      </trkpt>
      <trkpt lat="36.583994" lon="128.773731">
        <ele>154.4</ele>
      </trkpt>
      <trkpt lat="36.584039" lon="128.773737">
        <ele>154.4</ele>
      </trkpt>
      <trkpt lat="36.584083" lon="128.773743">
        <ele>154.4</ele>
      </trkpt>
      <trkpt lat="36.584128" lon="128.773749">
        <ele>154.3</ele>
      </trkpt>
      <trkpt lat="36.584173" lon="128.773755">
        <ele>154.3</ele>
      </trkpt>
      <trkpt lat="36.584218" lon="128.773762">
        <ele>154.3</ele>
      </trkpt>
      <trkpt lat="36.584227" lon="128.773715">
        <ele>154.3</ele>
      </trkpt>
      <trkpt lat="36.584228" lon="128.773763">
        <ele>154.3</ele>
      </trkpt>
      <trkpt lat="36.584273" lon="128.773769">
        <ele>154.3</ele>
      </trkpt>
      <trkpt lat="36.584317" lon="128.773775">
        <ele>154.3</ele>
      </trkpt>
      <trkpt lat="36.584362" lon="128.773781">
        <ele>154.3</ele>
      </trkpt>
      <trkpt lat="36.584407" lon="128.773787">
        <ele>154.3</ele>
      </trkpt>
      <trkpt lat="36.584452" lon="128.773793">
        <ele>154.3</ele>
      </trkpt>
      <trkpt lat="36.584496" lon="128.773800">
        <ele>154.3</ele>
      </trkpt>
      <trkpt lat="36.584541" lon="128.773806">
        <ele>154.3</ele>
      </trkpt>
      <trkpt lat="36.584586" lon="128.773812">
        <ele>154.3</ele>
      </trkpt>
      <trkpt lat="36.584630" lon="128.773818">
        <ele>154.3</ele>
      </trkpt>
      <trkpt lat="36.584675" lon="128.773824">
        <ele>154.3</ele>
      </trkpt>
      <trkpt lat="36.584720" lon="128.773830">
        <ele>154.3</ele>
      </trkpt>
      <trkpt lat="36.584764" lon="128.773836">
        <ele>154.3</ele>
      </trkpt>
      <trkpt lat="36.584809" lon="128.773842">
        <ele>154.3</ele>
      </trkpt>
      <trkpt lat="36.584854" lon="128.773848">
        <ele>154.3</ele>
      </trkpt>
      <trkpt lat="36.584899" lon="128.773854">
        <ele>154.3</ele>
      </trkpt>
      <trkpt lat="36.584943" lon="128.773861">
        <ele>154.3</ele>
      </trkpt>
      <trkpt lat="36.584988" lon="128.773867">
        <ele>154.3</ele>
      </trkpt>
      <trkpt lat="36.585033" lon="128.773873">
        <ele>154.3</ele>
      </trkpt>
      <trkpt lat="36.585077" lon="128.773879">
        <ele>154.3</ele>
      </trkpt>
      <trkpt lat="36.585122" lon="128.773885">
        <ele>154.3</ele>
      </trkpt>
      <trkpt lat="36.585167" lon="128.773891">
        <ele>154.3</ele>
      </trkpt>
      <trkpt lat="36.585211" lon="128.773897">
        <ele>154.3</ele>
      </trkpt>
      <trkpt lat="36.585256" lon="128.773903">
        <ele>154.3</ele>
      </trkpt>
      <trkpt lat="36.585301" lon="128.773909">
        <ele>154.3</ele>
      </trkpt>
      <trkpt lat="36.585346" lon="128.773916">
        <ele>154.3</ele>
      </trkpt>
      <trkpt lat="36.585390" lon="128.773922">
        <ele>154.3</ele>
      </trkpt>
      <trkpt lat="36.585435" lon="128.773928">
        <ele>154.5</ele>
      </trkpt>
      <trkpt lat="36.585480" lon="128.773933">
        <ele>154.9</ele>
      </trkpt>
      <trkpt lat="36.585524" lon="128.773939">
        <ele>155.3</ele>
      </trkpt>
      <trkpt lat="36.585569" lon="128.773945">
        <ele>155.7</ele>
      </trkpt>
      <trkpt lat="36.585614" lon="128.773951">
        <ele>156.1</ele>
      </trkpt>
      <trkpt lat="36.585659" lon="128.773956">
        <ele>156.5</ele>
      </trkpt>
      <trkpt lat="36.585703" lon="128.773962">
        <ele>156.9</ele>
      </trkpt>
      <trkpt lat="36.585748" lon="128.773968">
        <ele>157.3</ele>
      </trkpt>
      <trkpt lat="36.585793" lon="128.773974">
        <ele>157.7</ele>
      </trkpt>
      <trkpt lat="36.585837" lon="128.773980">
        <ele>158.1</ele>
      </trkpt>
      <trkpt lat="36.585882" lon="128.773985">
        <ele>158.5</ele>
      </trkpt>
      <trkpt lat="36.585927" lon="128.773991">
        <ele>158.9</ele>
      </trkpt>
      <trkpt lat="36.585972" lon="128.773997">
        <ele>159.3</ele>
      </trkpt>
      <trkpt lat="36.586016" lon="128.774003">
        <ele>159.7</ele>
      </trkpt>
      <trkpt lat="36.586061" lon="128.774008">
        <ele>160.1</ele>
      </trkpt>
      <trkpt lat="36.586106" lon="128.774014">
        <ele>160.5</ele>
      </trkpt>
      <trkpt lat="36.586151" lon="128.774020">
        <ele>160.9</ele>
      </trkpt>
      <trkpt lat="36.586195" lon="128.774026">
        <ele>161.4</ele>
      </trkpt>
      <trkpt lat="36.586240" lon="128.774032">
        <ele>161.8</ele>
      </trkpt>
      <trkpt lat="36.586285" lon="128.774037">
        <ele>162.2</ele>
      </trkpt>
      <trkpt lat="36.586329" lon="128.774043">
        <ele>162.6</ele>
      </trkpt>
      <trkpt lat="36.586374" lon="128.774049">
        <ele>163.0</ele>
      </trkpt>
      <trkpt lat="36.586419" lon="128.774055">
        <ele>163.4</ele>
      </trkpt>
      <trkpt lat="36.586464" lon="128.774060">
        <ele>163.8</ele>
      </trkpt>
      <trkpt lat="36.586508" lon="128.774066">
        <ele>164.2</ele>
      </trkpt>
      <trkpt lat="36.586553" lon="128.774072">
        <ele>164.6</ele>
      </trkpt>
      <trkpt lat="36.586598" lon="128.774078">
        <ele>165.0</ele>
      </trkpt>
      <trkpt lat="36.586643" lon="128.774084">
        <ele>165.4</ele>
      </trkpt>
      <trkpt lat="36.586687" lon="128.774089">
        <ele>165.8</ele>
      </trkpt>
      <trkpt lat="36.586732" lon="128.774095">
        <ele>166.2</ele>
      </trkpt>
      <trkpt lat="36.586777" lon="128.774101">
        <ele>166.6</ele>
      </trkpt>
      <trkpt lat="36.586821" lon="128.774107">
        <ele>167.0</ele>
      </trkpt>
      <trkpt lat="36.586866" lon="128.774113">
        <ele>167.4</ele>
      </trkpt>
      <trkpt lat="36.586911" lon="128.774118">
        <ele>167.8</ele>
      </trkpt>
      <trkpt lat="36.586956" lon="128.774124">
        <ele>168.2</ele>
      </trkpt>
      <trkpt lat="36.587000" lon="128.774130">
        <ele>168.6</ele>
      </trkpt>
      <trkpt lat="36.587045" lon="128.774136">
        <ele>169.0</ele>
      </trkpt>
      <trkpt lat="36.587090" lon="128.774141">
        <ele>169.4</ele>
      </trkpt>
      <trkpt lat="36.587135" lon="128.774147">
        <ele>169.8</ele>
      </trkpt>
      <trkpt lat="36.587179" lon="128.774153">
        <ele>170.2</ele>
      </trkpt>
      <trkpt lat="36.587224" lon="128.774159">
        <ele>170.7</ele>
      </trkpt>
      <trkpt lat="36.587269" lon="128.774165">
        <ele>171.1</ele>
      </trkpt>
      <trkpt lat="36.587313" lon="128.774170">
        <ele>171.5</ele>
      </trkpt>
      <trkpt lat="36.587358" lon="128.774176">
        <ele>171.9</ele>
      </trkpt>
      <trkpt lat="36.587403" lon="128.774183">
        <ele>172.5</ele>
      </trkpt>
      <trkpt lat="36.587447" lon="128.774191">
        <ele>173.2</ele>
      </trkpt>
      <trkpt lat="36.587488" lon="128.774204">
        <ele>175.1</ele>
      </trkpt>
      <trkpt lat="36.587487" lon="128.774187">
        <ele>173.6</ele>
      </trkpt>
      <trkpt lat="36.587488" lon="128.774131">
        <ele>172.7</ele>
      </trkpt>
      <trkpt lat="36.587490" lon="128.774075">
        <ele>171.7</ele>
      </trkpt>
      <trkpt lat="36.587491" lon="128.774019">
        <ele>170.7</ele>
      </trkpt>
      <trkpt lat="36.587498" lon="128.773965">
        <ele>170.0</ele>
      </trkpt>
      <trkpt lat="36.587509" lon="128.773910">
        <ele>169.3</ele>
      </trkpt>
      <trkpt lat="36.587519" lon="128.773855">
        <ele>168.6</ele>
      </trkpt>
      <trkpt lat="36.587529" lon="128.773801">
        <ele>167.9</ele>
      </trkpt>
      <trkpt lat="36.587539" lon="128.773746">
        <ele>167.3</ele>
      </trkpt>
      <trkpt lat="36.587549" lon="128.773692">
        <ele>166.6</ele>
      </trkpt>
      <trkpt lat="36.587565" lon="128.773639">
        <ele>166.3</ele>
      </trkpt>
      <trkpt lat="36.587582" lon="128.773587">
        <ele>166.1</ele>
      </trkpt>
      <trkpt lat="36.587598" lon="128.773535">
        <ele>165.8</ele>
      </trkpt>
      <trkpt lat="36.587615" lon="128.773483">
        <ele>165.6</ele>
      </trkpt>
      <trkpt lat="36.587630" lon="128.773431">
        <ele>165.3</ele>
      </trkpt>
      <trkpt lat="36.587645" lon="128.773378">
        <ele>164.9</ele>
      </trkpt>
      <trkpt lat="36.587659" lon="128.773325">
        <ele>164.6</ele>
      </trkpt>
      <trkpt lat="36.587683" lon="128.773278">
        <ele>165.1</ele>
      </trkpt>
      <trkpt lat="36.587712" lon="128.773235">
        <ele>166.0</ele>
      </trkpt>
      <trkpt lat="36.587740" lon="128.773191">
        <ele>166.8</ele>
      </trkpt>
      <trkpt lat="36.587768" lon="128.773148">
        <ele>167.7</ele>
      </trkpt>
      <trkpt lat="36.587793" lon="128.773101">
        <ele>168.3</ele>
      </trkpt>
      <trkpt lat="36.587818" lon="128.773054">
        <ele>168.8</ele>
      </trkpt>
      <trkpt lat="36.587841" lon="128.773007">
        <ele>169.3</ele>
      </trkpt>
      <trkpt lat="36.587846" lon="128.772951">
        <ele>168.8</ele>
      </trkpt>
      <trkpt lat="36.587852" lon="128.772896">
        <ele>168.4</ele>
      </trkpt>
      <trkpt lat="36.587856" lon="128.772840">
        <ele>167.9</ele>
      </trkpt>
      <trkpt lat="36.587848" lon="128.772785">
        <ele>166.7</ele>
      </trkpt>
      <trkpt lat="36.587839" lon="128.772730">
        <ele>165.5</ele>
      </trkpt>
      <trkpt lat="36.587826" lon="128.772677">
        <ele>164.2</ele>
      </trkpt>
      <trkpt lat="36.587813" lon="128.772623">
        <ele>162.8</ele>
      </trkpt>
      <trkpt lat="36.587800" lon="128.772569">
        <ele>161.4</ele>
      </trkpt>
      <trkpt lat="36.587787" lon="128.772516">
        <ele>160.0</ele>
      </trkpt>
      <trkpt lat="36.587774" lon="128.772462">
        <ele>158.6</ele>
      </trkpt>
      <trkpt lat="36.587761" lon="128.772408">
        <ele>157.2</ele>
      </trkpt>
      <trkpt lat="36.587750" lon="128.772354">
        <ele>155.8</ele>
      </trkpt>
      <trkpt lat="36.587741" lon="128.772299">
        <ele>154.3</ele>
      </trkpt>
      <trkpt lat="36.587731" lon="128.772245">
        <ele>152.8</ele>
      </trkpt>
      <trkpt lat="36.587722" lon="128.772190">
        <ele>151.3</ele>
      </trkpt>
      <trkpt lat="36.587730" lon="128.772149">
        <ele>150.3</ele>
      </trkpt>
      <trkpt lat="36.587715" lon="128.772144">
        <ele>150.3</ele>
      </trkpt>
      <trkpt lat="36.587729" lon="128.772091">
        <ele>149.9</ele>
      </trkpt>
      <trkpt lat="36.587744" lon="128.772038">
        <ele>149.4</ele>
      </trkpt>
      <trkpt lat="36.587759" lon="128.771985">
        <ele>148.9</ele>
      </trkpt>
      <trkpt lat="36.587774" lon="128.771932">
        <ele>148.5</ele>
      </trkpt>
      <trkpt lat="36.587799" lon="128.771888">
        <ele>148.6</ele>
      </trkpt>
      <trkpt lat="36.587832" lon="128.771850">
        <ele>149.0</ele>
      </trkpt>
      <trkpt lat="36.587865" lon="128.771811">
        <ele>149.4</ele>
      </trkpt>
      <trkpt lat="36.587898" lon="128.771773">
        <ele>149.9</ele>
      </trkpt>
      <trkpt lat="36.587931" lon="128.771735">
        <ele>150.3</ele>
      </trkpt>
      <trkpt lat="36.587964" lon="128.771697">
        <ele>150.7</ele>
      </trkpt>
      <trkpt lat="36.588002" lon="128.771667">
        <ele>151.6</ele>
      </trkpt>
      <trkpt lat="36.588041" lon="128.771639">
        <ele>152.6</ele>
      </trkpt>
      <trkpt lat="36.588080" lon="128.771612">
        <ele>153.6</ele>
      </trkpt>
      <trkpt lat="36.588119" lon="128.771584">
        <ele>154.6</ele>
      </trkpt>
      <trkpt lat="36.588158" lon="128.771556">
        <ele>155.6</ele>
      </trkpt>
      <trkpt lat="36.588197" lon="128.771528">
        <ele>156.6</ele>
      </trkpt>
      <trkpt lat="36.588236" lon="128.771500">
        <ele>157.6</ele>
      </trkpt>
      <trkpt lat="36.588274" lon="128.771471">
        <ele>158.4</ele>
      </trkpt>
      <trkpt lat="36.588313" lon="128.771442">
        <ele>159.1</ele>
      </trkpt>
      <trkpt lat="36.588351" lon="128.771413">
        <ele>159.8</ele>
      </trkpt>
      <trkpt lat="36.588389" lon="128.771384">
        <ele>160.5</ele>
      </trkpt>
      <trkpt lat="36.588428" lon="128.771355">
        <ele>161.2</ele>
      </trkpt>
      <trkpt lat="36.588465" lon="128.771324">
        <ele>161.8</ele>
      </trkpt>
      <trkpt lat="36.588499" lon="128.771287">
        <ele>162.0</ele>
      </trkpt>
      <trkpt lat="36.588533" lon="128.771250">
        <ele>162.2</ele>
      </trkpt>
      <trkpt lat="36.588567" lon="128.771213">
        <ele>162.3</ele>
      </trkpt>
      <trkpt lat="36.588600" lon="128.771176">
        <ele>162.5</ele>
      </trkpt>
      <trkpt lat="36.588634" lon="128.771139">
        <ele>162.7</ele>
      </trkpt>
      <trkpt lat="36.588665" lon="128.771099">
        <ele>162.7</ele>
      </trkpt>
      <trkpt lat="36.588689" lon="128.771052">
        <ele>162.4</ele>
      </trkpt>
      <trkpt lat="36.588713" lon="128.771004">
        <ele>162.0</ele>
      </trkpt>
      <trkpt lat="36.588737" lon="128.770957">
        <ele>161.6</ele>
      </trkpt>
      <trkpt lat="36.588760" lon="128.770909">
        <ele>161.3</ele>
      </trkpt>
      <trkpt lat="36.588784" lon="128.770862">
        <ele>160.9</ele>
      </trkpt>
      <trkpt lat="36.588796" lon="128.770808">
        <ele>161.4</ele>
      </trkpt>
      <trkpt lat="36.588805" lon="128.770753">
        <ele>162.2</ele>
      </trkpt>
      <trkpt lat="36.588813" lon="128.770698">
        <ele>163.0</ele>
      </trkpt>
      <trkpt lat="36.588822" lon="128.770643">
        <ele>163.7</ele>
      </trkpt>
      <trkpt lat="36.588830" lon="128.770588">
        <ele>164.5</ele>
      </trkpt>
      <trkpt lat="36.588817" lon="128.770535">
        <ele>165.4</ele>
      </trkpt>
      <trkpt lat="36.588805" lon="128.770481">
        <ele>166.2</ele>
      </trkpt>
      <trkpt lat="36.588792" lon="128.770427">
        <ele>167.0</ele>
      </trkpt>
      <trkpt lat="36.588781" lon="128.770375">
        <ele>167.8</ele>
      </trkpt>
      <trkpt lat="36.588795" lon="128.770370">
        <ele>167.1</ele>
      </trkpt>
      <trkpt lat="36.588772" lon="128.770339">
        <ele>166.9</ele>
      </trkpt>
      <trkpt lat="36.588759" lon="128.770286">
        <ele>167.4</ele>
      </trkpt>
      <trkpt lat="36.588737" lon="128.770243">
        <ele>167.7</ele>
      </trkpt>
      <trkpt lat="36.588695" lon="128.770224">
        <ele>167.4</ele>
      </trkpt>
      <trkpt lat="36.588653" lon="128.770205">
        <ele>167.0</ele>
      </trkpt>
      <trkpt lat="36.588611" lon="128.770186">
        <ele>166.7</ele>
      </trkpt>
      <trkpt lat="36.588568" lon="128.770167">
        <ele>166.4</ele>
      </trkpt>
      <trkpt lat="36.588526" lon="128.770148">
        <ele>166.0</ele>
      </trkpt>
      <trkpt lat="36.588484" lon="128.770129">
        <ele>165.7</ele>
      </trkpt>
      <trkpt lat="36.588441" lon="128.770110">
        <ele>165.4</ele>
      </trkpt>
      <trkpt lat="36.588399" lon="128.770091">
        <ele>165.0</ele>
      </trkpt>
      <trkpt lat="36.588355" lon="128.770084">
        <ele>164.0</ele>
      </trkpt>
      <trkpt lat="36.588310" lon="128.770078">
        <ele>162.9</ele>
      </trkpt>
      <trkpt lat="36.588265" lon="128.770073">
        <ele>161.8</ele>
      </trkpt>
      <trkpt lat="36.588220" lon="128.770067">
        <ele>160.8</ele>
      </trkpt>
      <trkpt lat="36.588176" lon="128.770062">
        <ele>159.7</ele>
      </trkpt>
      <trkpt lat="36.588131" lon="128.770055">
        <ele>158.5</ele>
      </trkpt>
      <trkpt lat="36.588086" lon="128.770047">
        <ele>157.3</ele>
      </trkpt>
      <trkpt lat="36.588042" lon="128.770039">
        <ele>156.0</ele>
      </trkpt>
      <trkpt lat="36.587997" lon="128.770031">
        <ele>154.8</ele>
      </trkpt>
      <trkpt lat="36.587953" lon="128.770023">
        <ele>153.5</ele>
      </trkpt>
      <trkpt lat="36.587908" lon="128.770015">
        <ele>152.3</ele>
      </trkpt>
      <trkpt lat="36.587864" lon="128.770006">
        <ele>151.1</ele>
      </trkpt>
      <trkpt lat="36.587820" lon="128.769996">
        <ele>150.2</ele>
      </trkpt>
      <trkpt lat="36.587776" lon="128.769985">
        <ele>149.2</ele>
      </trkpt>
      <trkpt lat="36.587732" lon="128.769974">
        <ele>148.2</ele>
      </trkpt>
      <trkpt lat="36.587687" lon="128.769964">
        <ele>147.3</ele>
      </trkpt>
      <trkpt lat="36.587643" lon="128.769953">
        <ele>146.3</ele>
      </trkpt>
      <trkpt lat="36.587600" lon="128.769937">
        <ele>145.6</ele>
      </trkpt>
      <trkpt lat="36.587558" lon="128.769918">
        <ele>145.0</ele>
      </trkpt>
      <trkpt lat="36.587522" lon="128.769887">
        <ele>145.0</ele>
      </trkpt>
      <trkpt lat="36.587490" lon="128.769847">
        <ele>145.4</ele>
      </trkpt>
      <trkpt lat="36.587459" lon="128.769807">
        <ele>145.7</ele>
      </trkpt>
      <trkpt lat="36.587428" lon="128.769767">
        <ele>146.1</ele>
      </trkpt>
      <trkpt lat="36.587396" lon="128.769727">
        <ele>146.4</ele>
      </trkpt>
      <trkpt lat="36.587365" lon="128.769687">
        <ele>146.8</ele>
      </trkpt>
      <trkpt lat="36.587333" lon="128.769647">
        <ele>147.1</ele>
      </trkpt>
      <trkpt lat="36.587304" lon="128.769604">
        <ele>147.3</ele>
      </trkpt>
      <trkpt lat="36.587277" lon="128.769560">
        <ele>147.3</ele>
      </trkpt>
      <trkpt lat="36.587250" lon="128.769515">
        <ele>147.3</ele>
      </trkpt>
      <trkpt lat="36.587222" lon="128.769471">
        <ele>147.3</ele>
      </trkpt>
      <trkpt lat="36.587195" lon="128.769426">
        <ele>147.3</ele>
      </trkpt>
      <trkpt lat="36.587168" lon="128.769382">
        <ele>147.3</ele>
      </trkpt>
      <trkpt lat="36.587140" lon="128.769337">
        <ele>147.3</ele>
      </trkpt>
      <trkpt lat="36.587113" lon="128.769293">
        <ele>147.3</ele>
      </trkpt>
      <trkpt lat="36.587086" lon="128.769248">
        <ele>147.3</ele>
      </trkpt>
      <trkpt lat="36.587059" lon="128.769204">
        <ele>147.3</ele>
      </trkpt>
      <trkpt lat="36.587031" lon="128.769159">
        <ele>147.3</ele>
      </trkpt>
      <trkpt lat="36.587004" lon="128.769115">
        <ele>147.3</ele>
      </trkpt>
      <trkpt lat="36.586977" lon="128.769070">
        <ele>147.3</ele>
      </trkpt>
      <trkpt lat="36.586950" lon="128.769026">
        <ele>147.3</ele>
      </trkpt>
      <trkpt lat="36.586922" lon="128.768981">
        <ele>147.3</ele>
      </trkpt>
      <trkpt lat="36.586895" lon="128.768936">
        <ele>147.3</ele>
      </trkpt>
      <trkpt lat="36.586868" lon="128.768892">
        <ele>147.3</ele>
      </trkpt>
      <trkpt lat="36.586840" lon="128.768847">
        <ele>147.3</ele>
      </trkpt>
      <trkpt lat="36.586813" lon="128.768803">
        <ele>147.3</ele>
      </trkpt>
      <trkpt lat="36.586786" lon="128.768758">
        <ele>147.3</ele>
      </trkpt>
      <trkpt lat="36.586759" lon="128.768714">
        <ele>147.3</ele>
      </trkpt>
      <trkpt lat="36.586728" lon="128.768672">
        <ele>147.0</ele>
      </trkpt>
      <trkpt lat="36.586697" lon="128.768632">
        <ele>146.6</ele>
      </trkpt>
      <trkpt lat="36.586666" lon="128.768592">
        <ele>146.2</ele>
      </trkpt>
      <trkpt lat="36.586634" lon="128.768552">
        <ele>145.8</ele>
      </trkpt>
      <trkpt lat="36.586603" lon="128.768512">
        <ele>145.4</ele>
      </trkpt>
      <trkpt lat="36.586571" lon="128.768472">
        <ele>145.0</ele>
      </trkpt>
      <trkpt lat="36.586542" lon="128.768430">
        <ele>144.6</ele>
      </trkpt>
      <trkpt lat="36.586512" lon="128.768388">
        <ele>144.3</ele>
      </trkpt>
      <trkpt lat="36.586483" lon="128.768345">
        <ele>143.9</ele>
      </trkpt>
      <trkpt lat="36.586453" lon="128.768303">
        <ele>143.5</ele>
      </trkpt>
      <trkpt lat="36.586424" lon="128.768261">
        <ele>143.1</ele>
      </trkpt>
      <trkpt lat="36.586394" lon="128.768219">
        <ele>142.7</ele>
      </trkpt>
      <trkpt lat="36.586365" lon="128.768177">
        <ele>142.4</ele>
      </trkpt>
      <trkpt lat="36.586340" lon="128.768129">
        <ele>142.1</ele>
      </trkpt>
      <trkpt lat="36.586317" lon="128.768081">
        <ele>141.9</ele>
      </trkpt>
      <trkpt lat="36.586294" lon="128.768033">
        <ele>141.6</ele>
      </trkpt>
      <trkpt lat="36.586271" lon="128.767985">
        <ele>141.4</ele>
      </trkpt>
      <trkpt lat="36.586248" lon="128.767937">
        <ele>141.2</ele>
      </trkpt>
      <trkpt lat="36.586225" lon="128.767889">
        <ele>140.9</ele>
      </trkpt>
      <trkpt lat="36.586201" lon="128.767841">
        <ele>140.7</ele>
      </trkpt>
      <trkpt lat="36.586178" lon="128.767793">
        <ele>140.5</ele>
      </trkpt>
      <trkpt lat="36.586155" lon="128.767745">
        <ele>140.3</ele>
      </trkpt>
      <trkpt lat="36.586132" lon="128.767697">
        <ele>140.0</ele>
      </trkpt>
      <trkpt lat="36.586109" lon="128.767649">
        <ele>139.8</ele>
      </trkpt>
      <trkpt lat="36.586086" lon="128.767601">
        <ele>139.6</ele>
      </trkpt>
      <trkpt lat="36.586065" lon="128.767552">
        <ele>139.3</ele>
      </trkpt>
      <trkpt lat="36.586045" lon="128.767502">
        <ele>139.0</ele>
      </trkpt>
      <trkpt lat="36.586025" lon="128.767451">
        <ele>138.8</ele>
      </trkpt>
      <trkpt lat="36.586005" lon="128.767401">
        <ele>138.5</ele>
      </trkpt>
      <trkpt lat="36.585985" lon="128.767351">
        <ele>138.2</ele>
      </trkpt>
      <trkpt lat="36.585966" lon="128.767301">
        <ele>138.0</ele>
      </trkpt>
      <trkpt lat="36.585946" lon="128.767250">
        <ele>137.7</ele>
      </trkpt>
      <trkpt lat="36.585926" lon="128.767200">
        <ele>137.5</ele>
      </trkpt>
      <trkpt lat="36.585906" lon="128.767150">
        <ele>137.2</ele>
      </trkpt>
      <trkpt lat="36.585886" lon="128.767100">
        <ele>136.9</ele>
      </trkpt>
      <trkpt lat="36.585866" lon="128.767049">
        <ele>136.7</ele>
      </trkpt>
      <trkpt lat="36.585846" lon="128.766999">
        <ele>136.4</ele>
      </trkpt>
      <trkpt lat="36.585827" lon="128.766949">
        <ele>136.1</ele>
      </trkpt>
      <trkpt lat="36.585807" lon="128.766899">
        <ele>135.9</ele>
      </trkpt>
      <trkpt lat="36.585787" lon="128.766848">
        <ele>135.6</ele>
      </trkpt>
      <trkpt lat="36.585767" lon="128.766798">
        <ele>135.4</ele>
      </trkpt>
      <trkpt lat="36.585747" lon="128.766748">
        <ele>135.1</ele>
      </trkpt>
      <trkpt lat="36.585729" lon="128.766697">
        <ele>135.0</ele>
      </trkpt>
      <trkpt lat="36.585711" lon="128.766646">
        <ele>135.0</ele>
      </trkpt>
      <trkpt lat="36.585693" lon="128.766594">
        <ele>135.0</ele>
      </trkpt>
      <trkpt lat="36.585675" lon="128.766543">
        <ele>135.0</ele>
      </trkpt>
      <trkpt lat="36.585657" lon="128.766491">
        <ele>135.0</ele>
      </trkpt>
      <trkpt lat="36.585650" lon="128.766437">
        <ele>135.4</ele>
      </trkpt>
      <trkpt lat="36.585650" lon="128.766381">
        <ele>136.0</ele>
      </trkpt>
      <trkpt lat="36.585650" lon="128.766325">
        <ele>136.6</ele>
      </trkpt>
      <trkpt lat="36.585650" lon="128.766269">
        <ele>137.2</ele>
      </trkpt>
      <trkpt lat="36.585650" lon="128.766213">
        <ele>137.9</ele>
      </trkpt>
      <trkpt lat="36.585650" lon="128.766157">
        <ele>138.5</ele>
      </trkpt>
      <trkpt lat="36.585653" lon="128.766102">
        <ele>139.1</ele>
      </trkpt>
      <trkpt lat="36.585674" lon="128.766052">
        <ele>139.8</ele>
      </trkpt>
      <trkpt lat="36.585694" lon="128.766002">
        <ele>140.6</ele>
      </trkpt>
      <trkpt lat="36.585715" lon="128.765953">
        <ele>141.3</ele>
      </trkpt>
      <trkpt lat="36.585726" lon="128.765899">
        <ele>141.9</ele>
      </trkpt>
      <trkpt lat="36.585733" lon="128.765844">
        <ele>142.5</ele>
      </trkpt>
      <trkpt lat="36.585740" lon="128.765788">
        <ele>143.0</ele>
      </trkpt>
      <trkpt lat="36.585725" lon="128.765735">
        <ele>144.4</ele>
      </trkpt>
      <trkpt lat="36.585703" lon="128.765703">
        <ele>145.3</ele>
      </trkpt>
      <trkpt lat="36.585713" lon="128.765689">
        <ele>144.4</ele>
      </trkpt>
      <trkpt lat="36.585698" lon="128.765637">
        <ele>145.3</ele>
      </trkpt>
      <trkpt lat="36.585666" lon="128.765598">
        <ele>145.9</ele>
      </trkpt>
      <trkpt lat="36.585634" lon="128.765559">
        <ele>146.4</ele>
      </trkpt>
      <trkpt lat="36.585599" lon="128.765524">
        <ele>146.8</ele>
      </trkpt>
      <trkpt lat="36.585558" lon="128.765502">
        <ele>146.9</ele>
      </trkpt>
      <trkpt lat="36.585517" lon="128.765479">
        <ele>147.0</ele>
      </trkpt>
      <trkpt lat="36.585473" lon="128.765470">
        <ele>146.9</ele>
      </trkpt>
      <trkpt lat="36.585428" lon="128.765470">
        <ele>146.7</ele>
      </trkpt>
      <trkpt lat="36.585383" lon="128.765470">
        <ele>146.6</ele>
      </trkpt>
      <trkpt lat="36.585351" lon="128.765502">
        <ele>146.0</ele>
      </trkpt>
      <trkpt lat="36.585324" lon="128.765546">
        <ele>145.2</ele>
      </trkpt>
      <trkpt lat="36.585313" lon="128.765596">
        <ele>144.4</ele>
      </trkpt>
      <trkpt lat="36.585320" lon="128.765652">
        <ele>143.5</ele>
      </trkpt>
      <trkpt lat="36.585327" lon="128.765707">
        <ele>142.7</ele>
      </trkpt>
      <trkpt lat="36.585340" lon="128.765760">
        <ele>141.8</ele>
      </trkpt>
      <trkpt lat="36.585357" lon="128.765812">
        <ele>140.9</ele>
      </trkpt>
      <trkpt lat="36.585376" lon="128.765863">
        <ele>140.1</ele>
      </trkpt>
      <trkpt lat="36.585398" lon="128.765912">
        <ele>139.4</ele>
      </trkpt>
      <trkpt lat="36.585420" lon="128.765961">
        <ele>138.6</ele>
      </trkpt>
      <trkpt lat="36.585442" lon="128.766009">
        <ele>137.9</ele>
      </trkpt>
      <trkpt lat="36.585461" lon="128.766059">
        <ele>137.2</ele>
      </trkpt>
      <trkpt lat="36.585465" lon="128.766115">
        <ele>136.3</ele>
      </trkpt>
      <trkpt lat="36.585469" lon="128.766171">
        <ele>135.4</ele>
      </trkpt>
      <trkpt lat="36.585474" lon="128.766227">
        <ele>134.6</ele>
      </trkpt>
      <trkpt lat="36.585478" lon="128.766282">
        <ele>133.7</ele>
      </trkpt>
      <trkpt lat="36.585477" lon="128.766338">
        <ele>132.8</ele>
      </trkpt>
      <trkpt lat="36.585472" lon="128.766394">
        <ele>131.7</ele>
      </trkpt>
      <trkpt lat="36.585467" lon="128.766449">
        <ele>130.6</ele>
      </trkpt>
      <trkpt lat="36.585461" lon="128.766505">
        <ele>129.6</ele>
      </trkpt>
      <trkpt lat="36.585444" lon="128.766555">
        <ele>128.2</ele>
      </trkpt>
      <trkpt lat="36.585421" lon="128.766604">
        <ele>126.6</ele>
      </trkpt>
      <trkpt lat="36.585398" lon="128.766652">
        <ele>125.1</ele>
      </trkpt>
      <trkpt lat="36.585368" lon="128.766692">
        <ele>123.5</ele>
      </trkpt>
      <trkpt lat="36.585333" lon="128.766727">
        <ele>121.9</ele>
      </trkpt>
      <trkpt lat="36.585292" lon="128.766751">
        <ele>120.3</ele>
      </trkpt>
      <trkpt lat="36.585251" lon="128.766773">
        <ele>118.7</ele>
      </trkpt>
      <trkpt lat="36.585209" lon="128.766790">
        <ele>117.1</ele>
      </trkpt>
      <trkpt lat="36.585164" lon="128.766790">
        <ele>115.7</ele>
      </trkpt>
      <trkpt lat="36.585119" lon="128.766790">
        <ele>114.2</ele>
      </trkpt>
      <trkpt lat="36.585074" lon="128.766790">
        <ele>112.7</ele>
      </trkpt>
      <trkpt lat="36.585029" lon="128.766790">
        <ele>111.3</ele>
      </trkpt>
      <trkpt lat="36.584985" lon="128.766779">
        <ele>110.8</ele>
      </trkpt>
      <trkpt lat="36.584941" lon="128.766768">
        <ele>110.3</ele>
      </trkpt>
      <trkpt lat="36.584897" lon="128.766757">
        <ele>109.7</ele>
      </trkpt>
      <trkpt lat="36.584853" lon="128.766746">
        <ele>109.2</ele>
      </trkpt>
      <trkpt lat="36.584809" lon="128.766735">
        <ele>108.7</ele>
      </trkpt>
      <trkpt lat="36.584765" lon="128.766719">
        <ele>108.4</ele>
      </trkpt>
      <trkpt lat="36.584723" lon="128.766701">
        <ele>108.2</ele>
      </trkpt>
      <trkpt lat="36.584681" lon="128.766682">
        <ele>108.1</ele>
      </trkpt>
      <trkpt lat="36.584638" lon="128.766664">
        <ele>107.9</ele>
      </trkpt>
      <trkpt lat="36.584596" lon="128.766645">
        <ele>107.7</ele>
      </trkpt>
      <trkpt lat="36.584553" lon="128.766627">
        <ele>107.6</ele>
      </trkpt>
      <trkpt lat="36.584511" lon="128.766609">
        <ele>107.4</ele>
      </trkpt>
      <trkpt lat="36.584468" lon="128.766590">
        <ele>107.2</ele>
      </trkpt>
      <trkpt lat="36.584426" lon="128.766572">
        <ele>107.1</ele>
      </trkpt>
      <trkpt lat="36.584392" lon="128.766537">
        <ele>107.4</ele>
      </trkpt>
      <trkpt lat="36.584362" lon="128.766495">
        <ele>108.1</ele>
      </trkpt>
      <trkpt lat="36.584332" lon="128.766453">
        <ele>108.7</ele>
      </trkpt>
      <trkpt lat="36.584303" lon="128.766411">
        <ele>109.3</ele>
      </trkpt>
      <trkpt lat="36.584272" lon="128.766370">
        <ele>109.9</ele>
      </trkpt>
      <trkpt lat="36.584242" lon="128.766328">
        <ele>110.1</ele>
      </trkpt>
      <trkpt lat="36.584212" lon="128.766287">
        <ele>110.3</ele>
      </trkpt>
      <trkpt lat="36.584181" lon="128.766246">
        <ele>110.6</ele>
      </trkpt>
      <trkpt lat="36.584151" lon="128.766205">
        <ele>110.8</ele>
      </trkpt>
      <trkpt lat="36.584120" lon="128.766164">
        <ele>111.1</ele>
      </trkpt>
      <trkpt lat="36.584090" lon="128.766123">
        <ele>111.3</ele>
      </trkpt>
      <trkpt lat="36.584059" lon="128.766081">
        <ele>111.5</ele>
      </trkpt>
      <trkpt lat="36.584029" lon="128.766040">
        <ele>111.8</ele>
      </trkpt>
      <trkpt lat="36.583998" lon="128.765999">
        <ele>112.0</ele>
      </trkpt>
      <trkpt lat="36.583968" lon="128.765958">
        <ele>112.3</ele>
      </trkpt>
      <trkpt lat="36.583937" lon="128.765917">
        <ele>112.5</ele>
      </trkpt>
      <trkpt lat="36.583907" lon="128.765875">
        <ele>112.7</ele>
      </trkpt>
      <trkpt lat="36.583876" lon="128.765834">
        <ele>113.0</ele>
      </trkpt>
      <trkpt lat="36.583846" lon="128.765793">
        <ele>113.2</ele>
      </trkpt>
      <trkpt lat="36.583815" lon="128.765752">
        <ele>113.5</ele>
      </trkpt>
      <trkpt lat="36.583785" lon="128.765711">
        <ele>113.7</ele>
      </trkpt>
      <trkpt lat="36.583754" lon="128.765670">
        <ele>113.9</ele>
      </trkpt>
      <trkpt lat="36.583724" lon="128.765628">
        <ele>114.2</ele>
      </trkpt>
      <trkpt lat="36.583693" lon="128.765587">
        <ele>114.4</ele>
      </trkpt>
      <trkpt lat="36.583663" lon="128.765546">
        <ele>114.4</ele>
      </trkpt>
      <trkpt lat="36.583633" lon="128.765504">
        <ele>114.4</ele>
      </trkpt>
      <trkpt lat="36.583604" lon="128.765462">
        <ele>114.3</ele>
      </trkpt>
      <trkpt lat="36.583574" lon="128.765420">
        <ele>114.2</ele>
      </trkpt>
      <trkpt lat="36.583544" lon="128.765378">
        <ele>114.1</ele>
      </trkpt>
      <trkpt lat="36.583514" lon="128.765336">
        <ele>114.0</ele>
      </trkpt>
      <trkpt lat="36.583484" lon="128.765294">
        <ele>113.9</ele>
      </trkpt>
      <trkpt lat="36.583455" lon="128.765252">
        <ele>113.8</ele>
      </trkpt>
      <trkpt lat="36.583425" lon="128.765210">
        <ele>113.8</ele>
      </trkpt>
      <trkpt lat="36.583395" lon="128.765168">
        <ele>113.7</ele>
      </trkpt>
      <trkpt lat="36.583365" lon="128.765127">
        <ele>113.6</ele>
      </trkpt>
      <trkpt lat="36.583335" lon="128.765085">
        <ele>113.5</ele>
      </trkpt>
      <trkpt lat="36.583305" lon="128.765043">
        <ele>113.4</ele>
      </trkpt>
      <trkpt lat="36.583276" lon="128.765001">
        <ele>113.3</ele>
      </trkpt>
      <trkpt lat="36.583242" lon="128.764964">
        <ele>113.5</ele>
      </trkpt>
      <trkpt lat="36.583207" lon="128.764929">
        <ele>113.9</ele>
      </trkpt>
      <trkpt lat="36.583172" lon="128.764893">
        <ele>114.2</ele>
      </trkpt>
      <trkpt lat="36.583137" lon="128.764858">
        <ele>114.5</ele>
      </trkpt>
      <trkpt lat="36.583102" lon="128.764823">
        <ele>114.9</ele>
      </trkpt>
      <trkpt lat="36.583067" lon="128.764788">
        <ele>115.2</ele>
      </trkpt>
      <trkpt lat="36.583032" lon="128.764752">
        <ele>115.5</ele>
      </trkpt>
      <trkpt lat="36.582997" lon="128.764717">
        <ele>115.9</ele>
      </trkpt>
      <trkpt lat="36.582962" lon="128.764682">
        <ele>116.2</ele>
      </trkpt>
      <trkpt lat="36.582928" lon="128.764647">
        <ele>116.5</ele>
      </trkpt>
      <trkpt lat="36.582893" lon="128.764611">
        <ele>116.9</ele>
      </trkpt>
      <trkpt lat="36.582858" lon="128.764576">
        <ele>117.2</ele>
      </trkpt>
      <trkpt lat="36.582823" lon="128.764541">
        <ele>117.5</ele>
      </trkpt>
      <trkpt lat="36.582788" lon="128.764506">
        <ele>117.9</ele>
      </trkpt>
      <trkpt lat="36.582753" lon="128.764470">
        <ele>118.2</ele>
      </trkpt>
      <trkpt lat="36.582718" lon="128.764435">
        <ele>118.5</ele>
      </trkpt>
      <trkpt lat="36.582683" lon="128.764400">
        <ele>118.8</ele>
      </trkpt>
      <trkpt lat="36.582648" lon="128.764365">
        <ele>119.2</ele>
      </trkpt>
      <trkpt lat="36.582613" lon="128.764329">
        <ele>119.5</ele>
      </trkpt>
      <trkpt lat="36.582579" lon="128.764303">
        <ele>119.8</ele>
      </trkpt>
      <trkpt lat="36.582569" lon="128.764284">
        <ele>118.9</ele>
      </trkpt>
      <trkpt lat="36.582534" lon="128.764249">
        <ele>119.2</ele>
      </trkpt>
      <trkpt lat="36.582499" lon="128.764213">
        <ele>119.5</ele>
      </trkpt>
      <trkpt lat="36.582464" lon="128.764178">
        <ele>119.8</ele>
      </trkpt>
      <trkpt lat="36.582424" lon="128.764152">
        <ele>119.4</ele>
      </trkpt>
      <trkpt lat="36.582384" lon="128.764126">
        <ele>118.9</ele>
      </trkpt>
      <trkpt lat="36.582344" lon="128.764100">
        <ele>118.4</ele>
      </trkpt>
      <trkpt lat="36.582304" lon="128.764075">
        <ele>118.0</ele>
      </trkpt>
      <trkpt lat="36.582264" lon="128.764049">
        <ele>117.5</ele>
      </trkpt>
      <trkpt lat="36.582225" lon="128.764023">
        <ele>117.0</ele>
      </trkpt>
      <trkpt lat="36.582185" lon="128.763998">
        <ele>116.6</ele>
      </trkpt>
      <trkpt lat="36.582145" lon="128.763972">
        <ele>116.1</ele>
      </trkpt>
      <trkpt lat="36.582105" lon="128.763945">
        <ele>115.6</ele>
      </trkpt>
      <trkpt lat="36.582067" lon="128.763917">
        <ele>115.2</ele>
      </trkpt>
      <trkpt lat="36.582028" lon="128.763889">
        <ele>114.7</ele>
      </trkpt>
      <trkpt lat="36.581989" lon="128.763860">
        <ele>114.2</ele>
      </trkpt>
      <trkpt lat="36.581950" lon="128.763832">
        <ele>113.7</ele>
      </trkpt>
      <trkpt lat="36.581911" lon="128.763804">
        <ele>113.2</ele>
      </trkpt>
      <trkpt lat="36.581872" lon="128.763776">
        <ele>112.7</ele>
      </trkpt>
      <trkpt lat="36.581833" lon="128.763748">
        <ele>112.3</ele>
      </trkpt>
      <trkpt lat="36.581794" lon="128.763720">
        <ele>111.8</ele>
      </trkpt>
      <trkpt lat="36.581757" lon="128.763688">
        <ele>111.5</ele>
      </trkpt>
      <trkpt lat="36.581723" lon="128.763652">
        <ele>111.5</ele>
      </trkpt>
      <trkpt lat="36.581689" lon="128.763616">
        <ele>111.5</ele>
      </trkpt>
      <trkpt lat="36.581655" lon="128.763579">
        <ele>111.5</ele>
      </trkpt>
      <trkpt lat="36.581620" lon="128.763543">
        <ele>111.5</ele>
      </trkpt>
      <trkpt lat="36.581586" lon="128.763507">
        <ele>111.5</ele>
      </trkpt>
      <trkpt lat="36.581552" lon="128.763470">
        <ele>111.5</ele>
      </trkpt>
      <trkpt lat="36.581518" lon="128.763434">
        <ele>111.5</ele>
      </trkpt>
      <trkpt lat="36.581485" lon="128.763396">
        <ele>111.4</ele>
      </trkpt>
      <trkpt lat="36.581454" lon="128.763355">
        <ele>111.1</ele>
      </trkpt>
      <trkpt lat="36.581423" lon="128.763315">
        <ele>110.8</ele>
      </trkpt>
      <trkpt lat="36.581392" lon="128.763274">
        <ele>110.5</ele>
      </trkpt>
      <trkpt lat="36.581361" lon="128.763233">
        <ele>110.2</ele>
      </trkpt>
      <trkpt lat="36.581330" lon="128.763193">
        <ele>109.9</ele>
      </trkpt>
      <trkpt lat="36.581299" lon="128.763152">
        <ele>109.6</ele>
      </trkpt>
      <trkpt lat="36.581269" lon="128.763111">
        <ele>109.3</ele>
      </trkpt>
      <trkpt lat="36.581238" lon="128.763071">
        <ele>109.0</ele>
      </trkpt>
      <trkpt lat="36.581207" lon="128.763030">
        <ele>108.7</ele>
      </trkpt>
      <trkpt lat="36.581176" lon="128.762989">
        <ele>108.4</ele>
      </trkpt>
      <trkpt lat="36.581146" lon="128.762948">
        <ele>108.1</ele>
      </trkpt>
      <trkpt lat="36.581116" lon="128.762906">
        <ele>107.8</ele>
      </trkpt>
      <trkpt lat="36.581087" lon="128.762863">
        <ele>107.5</ele>
      </trkpt>
      <trkpt lat="36.581058" lon="128.762820">
        <ele>107.2</ele>
      </trkpt>
      <trkpt lat="36.581029" lon="128.762777">
        <ele>106.9</ele>
      </trkpt>
      <trkpt lat="36.581000" lon="128.762734">
        <ele>106.6</ele>
      </trkpt>
      <trkpt lat="36.580973" lon="128.762690">
        <ele>106.4</ele>
      </trkpt>
      <trkpt lat="36.580947" lon="128.762644">
        <ele>106.2</ele>
      </trkpt>
      <trkpt lat="36.580921" lon="128.762598">
        <ele>106.0</ele>
      </trkpt>
      <trkpt lat="36.580895" lon="128.762553">
        <ele>105.8</ele>
      </trkpt>
      <trkpt lat="36.580871" lon="128.762505">
        <ele>106.1</ele>
      </trkpt>
      <trkpt lat="36.580847" lon="128.762458">
        <ele>106.5</ele>
      </trkpt>
      <trkpt lat="36.580823" lon="128.762411">
        <ele>106.8</ele>
      </trkpt>
      <trkpt lat="36.580799" lon="128.762363">
        <ele>107.2</ele>
      </trkpt>
      <trkpt lat="36.580775" lon="128.762316">
        <ele>107.5</ele>
      </trkpt>
      <trkpt lat="36.580751" lon="128.762269">
        <ele>107.9</ele>
      </trkpt>
      <trkpt lat="36.580727" lon="128.762221">
        <ele>108.3</ele>
      </trkpt>
      <trkpt lat="36.580703" lon="128.762174">
        <ele>108.7</ele>
      </trkpt>
      <trkpt lat="36.580679" lon="128.762126">
        <ele>109.1</ele>
      </trkpt>
      <trkpt lat="36.580655" lon="128.762079">
        <ele>109.5</ele>
      </trkpt>
      <trkpt lat="36.580631" lon="128.762032">
        <ele>109.9</ele>
      </trkpt>
      <trkpt lat="36.580606" lon="128.761985">
        <ele>110.1</ele>
      </trkpt>
      <trkpt lat="36.580581" lon="128.761939">
        <ele>110.3</ele>
      </trkpt>
      <trkpt lat="36.580556" lon="128.761892">
        <ele>110.5</ele>
      </trkpt>
      <trkpt lat="36.580531" lon="128.761846">
        <ele>110.7</ele>
      </trkpt>
      <trkpt lat="36.580505" lon="128.761800">
        <ele>110.8</ele>
      </trkpt>
      <trkpt lat="36.580479" lon="128.761754">
        <ele>111.0</ele>
      </trkpt>
      <trkpt lat="36.580453" lon="128.761708">
        <ele>111.2</ele>
      </trkpt>
      <trkpt lat="36.580427" lon="128.761663">
        <ele>111.4</ele>
      </trkpt>
      <trkpt lat="36.580401" lon="128.761617">
        <ele>111.6</ele>
      </trkpt>
      <trkpt lat="36.580374" lon="128.761572">
        <ele>111.8</ele>
      </trkpt>
      <trkpt lat="36.580346" lon="128.761529">
        <ele>111.9</ele>
      </trkpt>
      <trkpt lat="36.580317" lon="128.761486">
        <ele>111.9</ele>
      </trkpt>
      <trkpt lat="36.580288" lon="128.761443">
        <ele>112.0</ele>
      </trkpt>
      <trkpt lat="36.580259" lon="128.761400">
        <ele>112.0</ele>
      </trkpt>
      <trkpt lat="36.580230" lon="128.761357">
        <ele>112.1</ele>
      </trkpt>
      <trkpt lat="36.580202" lon="128.761314">
        <ele>112.1</ele>
      </trkpt>
      <trkpt lat="36.580173" lon="128.761271">
        <ele>112.2</ele>
      </trkpt>
      <trkpt lat="36.580144" lon="128.761228">
        <ele>112.2</ele>
      </trkpt>
      <trkpt lat="36.580115" lon="128.761185">
        <ele>112.3</ele>
      </trkpt>
      <trkpt lat="36.580086" lon="128.761142">
        <ele>112.3</ele>
      </trkpt>
      <trkpt lat="36.580057" lon="128.761099">
        <ele>112.4</ele>
      </trkpt>
      <trkpt lat="36.580029" lon="128.761056">
        <ele>112.4</ele>
      </trkpt>
      <trkpt lat="36.580000" lon="128.761013">
        <ele>112.5</ele>
      </trkpt>
      <trkpt lat="36.579971" lon="128.760971">
        <ele>112.5</ele>
      </trkpt>
      <trkpt lat="36.579941" lon="128.760928">
        <ele>112.5</ele>
      </trkpt>
      <trkpt lat="36.579912" lon="128.760886">
        <ele>112.5</ele>
      </trkpt>
      <trkpt lat="36.579883" lon="128.760843">
        <ele>112.6</ele>
      </trkpt>
      <trkpt lat="36.579853" lon="128.760801">
        <ele>112.6</ele>
      </trkpt>
      <trkpt lat="36.579824" lon="128.760759">
        <ele>112.6</ele>
      </trkpt>
      <trkpt lat="36.579795" lon="128.760716">
        <ele>112.6</ele>
      </trkpt>
      <trkpt lat="36.579765" lon="128.760674">
        <ele>112.6</ele>
      </trkpt>
      <trkpt lat="36.579736" lon="128.760631">
        <ele>112.6</ele>
      </trkpt>
      <trkpt lat="36.579707" lon="128.760589">
        <ele>112.7</ele>
      </trkpt>
      <trkpt lat="36.579677" lon="128.760546">
        <ele>112.7</ele>
      </trkpt>
      <trkpt lat="36.579648" lon="128.760504">
        <ele>112.7</ele>
      </trkpt>
      <trkpt lat="36.579618" lon="128.760462">
        <ele>112.7</ele>
      </trkpt>
      <trkpt lat="36.579589" lon="128.760419">
        <ele>112.7</ele>
      </trkpt>
      <trkpt lat="36.579560" lon="128.760377">
        <ele>112.7</ele>
      </trkpt>
      <trkpt lat="36.579530" lon="128.760334">
        <ele>112.8</ele>
      </trkpt>
      <trkpt lat="36.579501" lon="128.760292">
        <ele>112.8</ele>
      </trkpt>
      <trkpt lat="36.579472" lon="128.760249">
        <ele>112.8</ele>
      </trkpt>
      <trkpt lat="36.579443" lon="128.760207">
        <ele>112.8</ele>
      </trkpt>
      <trkpt lat="36.579414" lon="128.760164">
        <ele>112.9</ele>
      </trkpt>
      <trkpt lat="36.579385" lon="128.760120">
        <ele>113.0</ele>
      </trkpt>
      <trkpt lat="36.579357" lon="128.760077">
        <ele>113.0</ele>
      </trkpt>
      <trkpt lat="36.579328" lon="128.760034">
        <ele>113.1</ele>
      </trkpt>
      <trkpt lat="36.579299" lon="128.759991">
        <ele>113.2</ele>
      </trkpt>
      <trkpt lat="36.579271" lon="128.759948">
        <ele>113.3</ele>
      </trkpt>
      <trkpt lat="36.579242" lon="128.759905">
        <ele>113.3</ele>
      </trkpt>
      <trkpt lat="36.579213" lon="128.759862">
        <ele>113.4</ele>
      </trkpt>
      <trkpt lat="36.579184" lon="128.759819">
        <ele>113.5</ele>
      </trkpt>
      <trkpt lat="36.579156" lon="128.759776">
        <ele>113.5</ele>
      </trkpt>
      <trkpt lat="36.579127" lon="128.759733">
        <ele>113.6</ele>
      </trkpt>
      <trkpt lat="36.579098" lon="128.759689">
        <ele>113.7</ele>
      </trkpt>
      <trkpt lat="36.579070" lon="128.759646">
        <ele>113.7</ele>
      </trkpt>
      <trkpt lat="36.579041" lon="128.759603">
        <ele>113.8</ele>
      </trkpt>
      <trkpt lat="36.579010" lon="128.759562">
        <ele>114.1</ele>
      </trkpt>
      <trkpt lat="36.578980" lon="128.759521">
        <ele>114.3</ele>
      </trkpt>
      <trkpt lat="36.578949" lon="128.759480">
        <ele>114.5</ele>
      </trkpt>
      <trkpt lat="36.578917" lon="128.759441">
        <ele>114.6</ele>
      </trkpt>
      <trkpt lat="36.578884" lon="128.759403">
        <ele>114.7</ele>
      </trkpt>
      <trkpt lat="36.578852" lon="128.759364">
        <ele>114.8</ele>
      </trkpt>
      <trkpt lat="36.578815" lon="128.759331">
        <ele>114.6</ele>
      </trkpt>
      <trkpt lat="36.578779" lon="128.759299">
        <ele>114.4</ele>
      </trkpt>
      <trkpt lat="36.578742" lon="128.759266">
        <ele>114.2</ele>
      </trkpt>
      <trkpt lat="36.578705" lon="128.759234">
        <ele>114.0</ele>
      </trkpt>
      <trkpt lat="36.578667" lon="128.759206">
        <ele>113.8</ele>
      </trkpt>
      <trkpt lat="36.578627" lon="128.759178">
        <ele>113.5</ele>
      </trkpt>
      <trkpt lat="36.578588" lon="128.759151">
        <ele>113.3</ele>
      </trkpt>
      <trkpt lat="36.578549" lon="128.759124">
        <ele>113.0</ele>
      </trkpt>
      <trkpt lat="36.578508" lon="128.759099">
        <ele>112.7</ele>
      </trkpt>
      <trkpt lat="36.578468" lon="128.759074">
        <ele>112.4</ele>
      </trkpt>
      <trkpt lat="36.578428" lon="128.759049">
        <ele>112.1</ele>
      </trkpt>
      <trkpt lat="36.578388" lon="128.759024">
        <ele>111.8</ele>
      </trkpt>
      <trkpt lat="36.578347" lon="128.759000">
        <ele>111.6</ele>
      </trkpt>
      <trkpt lat="36.578307" lon="128.758975">
        <ele>111.3</ele>
      </trkpt>
      <trkpt lat="36.578267" lon="128.758950">
        <ele>111.0</ele>
      </trkpt>
      <trkpt lat="36.578226" lon="128.758925">
        <ele>110.7</ele>
      </trkpt>
      <trkpt lat="36.578186" lon="128.758900">
        <ele>110.4</ele>
      </trkpt>
      <trkpt lat="36.578146" lon="128.758875">
        <ele>110.1</ele>
      </trkpt>
      <trkpt lat="36.578106" lon="128.758850">
        <ele>109.8</ele>
      </trkpt>
      <trkpt lat="36.578065" lon="128.758825">
        <ele>109.5</ele>
      </trkpt>
      <trkpt lat="36.578025" lon="128.758800">
        <ele>109.2</ele>
      </trkpt>
      <trkpt lat="36.577985" lon="128.758775">
        <ele>108.9</ele>
      </trkpt>
      <trkpt lat="36.577945" lon="128.758750">
        <ele>108.6</ele>
      </trkpt>
      <trkpt lat="36.577904" lon="128.758726">
        <ele>108.3</ele>
      </trkpt>
      <trkpt lat="36.577864" lon="128.758701">
        <ele>108.0</ele>
      </trkpt>
      <trkpt lat="36.577824" lon="128.758674">
        <ele>107.8</ele>
      </trkpt>
      <trkpt lat="36.577785" lon="128.758647">
        <ele>107.5</ele>
      </trkpt>
      <trkpt lat="36.577746" lon="128.758620">
        <ele>107.3</ele>
      </trkpt>
      <trkpt lat="36.577706" lon="128.758593">
        <ele>107.0</ele>
      </trkpt>
      <trkpt lat="36.577667" lon="128.758565">
        <ele>106.8</ele>
      </trkpt>
      <trkpt lat="36.577628" lon="128.758538">
        <ele>106.7</ele>
      </trkpt>
      <trkpt lat="36.577589" lon="128.758511">
        <ele>106.5</ele>
      </trkpt>
      <trkpt lat="36.577549" lon="128.758483">
        <ele>106.4</ele>
      </trkpt>
      <trkpt lat="36.577510" lon="128.758456">
        <ele>106.3</ele>
      </trkpt>
      <trkpt lat="36.577471" lon="128.758428">
        <ele>106.2</ele>
      </trkpt>
      <trkpt lat="36.577432" lon="128.758401">
        <ele>106.0</ele>
      </trkpt>
      <trkpt lat="36.577393" lon="128.758372">
        <ele>106.1</ele>
      </trkpt>
      <trkpt lat="36.577356" lon="128.758341">
        <ele>106.3</ele>
      </trkpt>
      <trkpt lat="36.577318" lon="128.758311">
        <ele>106.4</ele>
      </trkpt>
      <trkpt lat="36.577280" lon="128.758280">
        <ele>106.6</ele>
      </trkpt>
      <trkpt lat="36.577243" lon="128.758250">
        <ele>106.7</ele>
      </trkpt>
      <trkpt lat="36.577205" lon="128.758219">
        <ele>106.9</ele>
      </trkpt>
      <trkpt lat="36.577168" lon="128.758188">
        <ele>107.0</ele>
      </trkpt>
      <trkpt lat="36.577132" lon="128.758153">
        <ele>106.9</ele>
      </trkpt>
      <trkpt lat="36.577097" lon="128.758119">
        <ele>106.8</ele>
      </trkpt>
      <trkpt lat="36.577061" lon="128.758085">
        <ele>106.7</ele>
      </trkpt>
      <trkpt lat="36.577025" lon="128.758051">
        <ele>106.7</ele>
      </trkpt>
      <trkpt lat="36.576990" lon="128.758017">
        <ele>106.6</ele>
      </trkpt>
      <trkpt lat="36.576954" lon="128.757983">
        <ele>106.5</ele>
      </trkpt>
      <trkpt lat="36.576919" lon="128.757947">
        <ele>106.2</ele>
      </trkpt>
      <trkpt lat="36.576885" lon="128.757911">
        <ele>105.9</ele>
      </trkpt>
      <trkpt lat="36.576850" lon="128.757875">
        <ele>105.6</ele>
      </trkpt>
      <trkpt lat="36.576816" lon="128.757839">
        <ele>105.3</ele>
      </trkpt>
      <trkpt lat="36.576781" lon="128.757804">
        <ele>105.0</ele>
      </trkpt>
      <trkpt lat="36.576747" lon="128.757768">
        <ele>104.6</ele>
      </trkpt>
      <trkpt lat="36.576712" lon="128.757732">
        <ele>104.3</ele>
      </trkpt>
      <trkpt lat="36.576678" lon="128.757696">
        <ele>104.0</ele>
      </trkpt>
      <trkpt lat="36.576643" lon="128.757661">
        <ele>103.8</ele>
      </trkpt>
      <trkpt lat="36.576607" lon="128.757627">
        <ele>103.6</ele>
      </trkpt>
      <trkpt lat="36.576571" lon="128.757594">
        <ele>103.3</ele>
      </trkpt>
      <trkpt lat="36.576543" lon="128.757595">
        <ele>103.0</ele>
      </trkpt>
      <trkpt lat="36.576575" lon="128.757598">
        <ele>103.4</ele>
      </trkpt>
      <trkpt lat="36.576611" lon="128.757631">
        <ele>103.6</ele>
      </trkpt>
      <trkpt lat="36.576647" lon="128.757665">
        <ele>103.8</ele>
      </trkpt>
      <trkpt lat="36.576675" lon="128.757701">
        <ele>104.0</ele>
      </trkpt>
      <trkpt lat="36.576646" lon="128.757745">
        <ele>103.8</ele>
      </trkpt>
      <trkpt lat="36.576611" lon="128.757728">
        <ele>103.7</ele>
      </trkpt>
      <trkpt lat="36.576573" lon="128.757697">
        <ele>103.5</ele>
      </trkpt>
      <trkpt lat="36.576536" lon="128.757666">
        <ele>103.4</ele>
      </trkpt>
      <trkpt lat="36.576498" lon="128.757636">
        <ele>103.2</ele>
      </trkpt>
      <trkpt lat="36.576460" lon="128.757605">
        <ele>103.1</ele>
      </trkpt>
      <trkpt lat="36.576423" lon="128.757574">
        <ele>102.9</ele>
      </trkpt>
      <trkpt lat="36.576385" lon="128.757544">
        <ele>102.8</ele>
      </trkpt>
      <trkpt lat="36.576346" lon="128.757516">
        <ele>102.6</ele>
      </trkpt>
      <trkpt lat="36.576307" lon="128.757488">
        <ele>102.5</ele>
      </trkpt>
      <trkpt lat="36.576268" lon="128.757461">
        <ele>102.4</ele>
      </trkpt>
      <trkpt lat="36.576229" lon="128.757433">
        <ele>102.2</ele>
      </trkpt>
      <trkpt lat="36.576190" lon="128.757406">
        <ele>102.1</ele>
      </trkpt>
      <trkpt lat="36.576150" lon="128.757378">
        <ele>102.0</ele>
      </trkpt>
      <trkpt lat="36.576111" lon="128.757352">
        <ele>101.9</ele>
      </trkpt>
      <trkpt lat="36.576071" lon="128.757326">
        <ele>101.8</ele>
      </trkpt>
      <trkpt lat="36.576031" lon="128.757300">
        <ele>101.7</ele>
      </trkpt>
      <trkpt lat="36.575991" lon="128.757274">
        <ele>101.7</ele>
      </trkpt>
      <trkpt lat="36.575951" lon="128.757248">
        <ele>101.6</ele>
      </trkpt>
      <trkpt lat="36.575912" lon="128.757222">
        <ele>101.5</ele>
      </trkpt>
      <trkpt lat="36.575872" lon="128.757195">
        <ele>101.4</ele>
      </trkpt>
      <trkpt lat="36.575832" lon="128.757169">
        <ele>101.3</ele>
      </trkpt>
      <trkpt lat="36.575792" lon="128.757143">
        <ele>101.3</ele>
      </trkpt>
      <trkpt lat="36.575753" lon="128.757117">
        <ele>101.2</ele>
      </trkpt>
      <trkpt lat="36.575713" lon="128.757091">
        <ele>101.1</ele>
      </trkpt>
      <trkpt lat="36.575673" lon="128.757065">
        <ele>101.0</ele>
      </trkpt>
      <trkpt lat="36.575633" lon="128.757039">
        <ele>100.9</ele>
      </trkpt>
      <trkpt lat="36.575593" lon="128.757013">
        <ele>100.9</ele>
      </trkpt>
      <trkpt lat="36.575554" lon="128.756986">
        <ele>100.8</ele>
      </trkpt>
      <trkpt lat="36.575514" lon="128.756960">
        <ele>101.0</ele>
      </trkpt>
      <trkpt lat="36.575474" lon="128.756934">
        <ele>101.2</ele>
      </trkpt>
      <trkpt lat="36.575435" lon="128.756907">
        <ele>101.4</ele>
      </trkpt>
      <trkpt lat="36.575395" lon="128.756881">
        <ele>101.5</ele>
      </trkpt>
      <trkpt lat="36.575356" lon="128.756854">
        <ele>101.7</ele>
      </trkpt>
      <trkpt lat="36.575316" lon="128.756828">
        <ele>101.9</ele>
      </trkpt>
      <trkpt lat="36.575276" lon="128.756801">
        <ele>102.1</ele>
      </trkpt>
      <trkpt lat="36.575237" lon="128.756775">
        <ele>102.2</ele>
      </trkpt>
      <trkpt lat="36.575197" lon="128.756747">
        <ele>102.5</ele>
      </trkpt>
      <trkpt lat="36.575158" lon="128.756720">
        <ele>102.8</ele>
      </trkpt>
      <trkpt lat="36.575119" lon="128.756692">
        <ele>103.0</ele>
      </trkpt>
      <trkpt lat="36.575080" lon="128.756664">
        <ele>103.3</ele>
      </trkpt>
      <trkpt lat="36.575041" lon="128.756636">
        <ele>103.6</ele>
      </trkpt>
      <trkpt lat="36.575002" lon="128.756608">
        <ele>103.9</ele>
      </trkpt>
      <trkpt lat="36.574963" lon="128.756580">
        <ele>104.1</ele>
      </trkpt>
      <trkpt lat="36.574924" lon="128.756553">
        <ele>104.4</ele>
      </trkpt>
      <trkpt lat="36.574885" lon="128.756525">
        <ele>104.7</ele>
      </trkpt>
      <trkpt lat="36.574846" lon="128.756497">
        <ele>105.0</ele>
      </trkpt>
      <trkpt lat="36.574807" lon="128.756469">
        <ele>105.3</ele>
      </trkpt>
      <trkpt lat="36.574768" lon="128.756441">
        <ele>105.5</ele>
      </trkpt>
      <trkpt lat="36.574729" lon="128.756413">
        <ele>105.8</ele>
      </trkpt>
      <trkpt lat="36.574690" lon="128.756385">
        <ele>106.1</ele>
      </trkpt>
      <trkpt lat="36.574651" lon="128.756358">
        <ele>106.4</ele>
      </trkpt>
      <trkpt lat="36.574612" lon="128.756330">
        <ele>106.7</ele>
      </trkpt>
      <trkpt lat="36.574573" lon="128.756302">
        <ele>106.9</ele>
      </trkpt>
      <trkpt lat="36.574534" lon="128.756274">
        <ele>107.2</ele>
      </trkpt>
      <trkpt lat="36.574495" lon="128.756246">
        <ele>107.5</ele>
      </trkpt>
      <trkpt lat="36.574456" lon="128.756218">
        <ele>107.8</ele>
      </trkpt>
      <trkpt lat="36.574417" lon="128.756190">
        <ele>108.1</ele>
      </trkpt>
      <trkpt lat="36.574378" lon="128.756163">
        <ele>108.3</ele>
      </trkpt>
      <trkpt lat="36.574340" lon="128.756134">
        <ele>108.6</ele>
      </trkpt>
      <trkpt lat="36.574302" lon="128.756103">
        <ele>108.8</ele>
      </trkpt>
      <trkpt lat="36.574264" lon="128.756073">
        <ele>109.0</ele>
      </trkpt>
      <trkpt lat="36.574226" lon="128.756043">
        <ele>109.2</ele>
      </trkpt>
      <trkpt lat="36.574189" lon="128.756012">
        <ele>109.5</ele>
      </trkpt>
      <trkpt lat="36.574151" lon="128.755982">
        <ele>109.7</ele>
      </trkpt>
      <trkpt lat="36.574114" lon="128.755950">
        <ele>109.7</ele>
      </trkpt>
      <trkpt lat="36.574078" lon="128.755916">
        <ele>109.5</ele>
      </trkpt>
      <trkpt lat="36.574042" lon="128.755882">
        <ele>109.3</ele>
      </trkpt>
      <trkpt lat="36.574007" lon="128.755848">
        <ele>109.1</ele>
      </trkpt>
      <trkpt lat="36.573971" lon="128.755814">
        <ele>108.9</ele>
      </trkpt>
      <trkpt lat="36.573935" lon="128.755780">
        <ele>108.7</ele>
      </trkpt>
      <trkpt lat="36.573899" lon="128.755746">
        <ele>108.5</ele>
      </trkpt>
      <trkpt lat="36.573865" lon="128.755710">
        <ele>108.5</ele>
      </trkpt>
      <trkpt lat="36.573832" lon="128.755673">
        <ele>108.4</ele>
      </trkpt>
      <trkpt lat="36.573798" lon="128.755636">
        <ele>108.4</ele>
      </trkpt>
      <trkpt lat="36.573764" lon="128.755599">
        <ele>108.3</ele>
      </trkpt>
      <trkpt lat="36.573730" lon="128.755562">
        <ele>108.3</ele>
      </trkpt>
      <trkpt lat="36.573697" lon="128.755525">
        <ele>108.2</ele>
      </trkpt>
      <trkpt lat="36.573663" lon="128.755488">
        <ele>108.2</ele>
      </trkpt>
      <trkpt lat="36.573629" lon="128.755451">
        <ele>108.1</ele>
      </trkpt>
      <trkpt lat="36.573595" lon="128.755414">
        <ele>108.1</ele>
      </trkpt>
      <trkpt lat="36.573561" lon="128.755377">
        <ele>108.0</ele>
      </trkpt>
      <trkpt lat="36.573527" lon="128.755340">
        <ele>108.0</ele>
      </trkpt>
      <trkpt lat="36.573493" lon="128.755304">
        <ele>108.3</ele>
      </trkpt>
      <trkpt lat="36.573458" lon="128.755268">
        <ele>108.5</ele>
      </trkpt>
      <trkpt lat="36.573424" lon="128.755233">
        <ele>108.7</ele>
      </trkpt>
      <trkpt lat="36.573389" lon="128.755197">
        <ele>109.0</ele>
      </trkpt>
      <trkpt lat="36.573355" lon="128.755161">
        <ele>109.2</ele>
      </trkpt>
      <trkpt lat="36.573320" lon="128.755126">
        <ele>109.1</ele>
      </trkpt>
      <trkpt lat="36.573284" lon="128.755092">
        <ele>108.7</ele>
      </trkpt>
      <trkpt lat="36.573248" lon="128.755058">
        <ele>108.3</ele>
      </trkpt>
      <trkpt lat="36.573212" lon="128.755024">
        <ele>107.9</ele>
      </trkpt>
      <trkpt lat="36.573177" lon="128.754990">
        <ele>107.5</ele>
      </trkpt>
      <trkpt lat="36.573141" lon="128.754957">
        <ele>107.1</ele>
      </trkpt>
      <trkpt lat="36.573105" lon="128.754923">
        <ele>106.7</ele>
      </trkpt>
      <trkpt lat="36.573069" lon="128.754889">
        <ele>106.4</ele>
      </trkpt>
      <trkpt lat="36.573033" lon="128.754855">
        <ele>106.0</ele>
      </trkpt>
      <trkpt lat="36.572997" lon="128.754821">
        <ele>105.6</ele>
      </trkpt>
      <trkpt lat="36.572962" lon="128.754788">
        <ele>105.2</ele>
      </trkpt>
      <trkpt lat="36.572926" lon="128.754754">
        <ele>104.8</ele>
      </trkpt>
      <trkpt lat="36.572890" lon="128.754720">
        <ele>104.4</ele>
      </trkpt>
      <trkpt lat="36.572854" lon="128.754686">
        <ele>104.0</ele>
      </trkpt>
      <trkpt lat="36.572819" lon="128.754651">
        <ele>103.4</ele>
      </trkpt>
      <trkpt lat="36.572784" lon="128.754616">
        <ele>102.6</ele>
      </trkpt>
      <trkpt lat="36.572749" lon="128.754580">
        <ele>101.8</ele>
      </trkpt>
      <trkpt lat="36.572714" lon="128.754545">
        <ele>101.0</ele>
      </trkpt>
      <trkpt lat="36.572680" lon="128.754509">
        <ele>100.2</ele>
      </trkpt>
      <trkpt lat="36.572645" lon="128.754474">
        <ele>99.3</ele>
      </trkpt>
      <trkpt lat="36.572610" lon="128.754438">
        <ele>98.5</ele>
      </trkpt>
      <trkpt lat="36.572575" lon="128.754403">
        <ele>97.7</ele>
      </trkpt>
      <trkpt lat="36.572541" lon="128.754367">
        <ele>96.9</ele>
      </trkpt>
      <trkpt lat="36.572505" lon="128.754333">
        <ele>96.7</ele>
      </trkpt>
      <trkpt lat="36.572469" lon="128.754299">
        <ele>97.2</ele>
      </trkpt>
      <trkpt lat="36.572433" lon="128.754266">
        <ele>97.6</ele>
      </trkpt>
      <trkpt lat="36.572397" lon="128.754232">
        <ele>98.1</ele>
      </trkpt>
      <trkpt lat="36.572361" lon="128.754199">
        <ele>98.5</ele>
      </trkpt>
      <trkpt lat="36.572325" lon="128.754165">
        <ele>99.0</ele>
      </trkpt>
      <trkpt lat="36.572289" lon="128.754132">
        <ele>99.4</ele>
      </trkpt>
      <trkpt lat="36.572253" lon="128.754098">
        <ele>99.9</ele>
      </trkpt>
      <trkpt lat="36.572217" lon="128.754065">
        <ele>100.3</ele>
      </trkpt>
      <trkpt lat="36.572181" lon="128.754031">
        <ele>100.8</ele>
      </trkpt>
      <trkpt lat="36.572145" lon="128.753998">
        <ele>101.2</ele>
      </trkpt>
      <trkpt lat="36.572109" lon="128.753964">
        <ele>101.7</ele>
      </trkpt>
      <trkpt lat="36.572073" lon="128.753931">
        <ele>102.1</ele>
      </trkpt>
      <trkpt lat="36.572037" lon="128.753897">
        <ele>102.6</ele>
      </trkpt>
      <trkpt lat="36.572001" lon="128.753864">
        <ele>103.0</ele>
      </trkpt>
      <trkpt lat="36.571965" lon="128.753830">
        <ele>103.5</ele>
      </trkpt>
      <trkpt lat="36.571929" lon="128.753797">
        <ele>103.9</ele>
      </trkpt>
      <trkpt lat="36.571893" lon="128.753763">
        <ele>104.4</ele>
      </trkpt>
      <trkpt lat="36.571857" lon="128.753730">
        <ele>104.9</ele>
      </trkpt>
      <trkpt lat="36.571821" lon="128.753696">
        <ele>105.3</ele>
      </trkpt>
      <trkpt lat="36.571785" lon="128.753663">
        <ele>105.8</ele>
      </trkpt>
      <trkpt lat="36.571748" lon="128.753629">
        <ele>106.2</ele>
      </trkpt>
      <trkpt lat="36.571712" lon="128.753596">
        <ele>106.7</ele>
      </trkpt>
      <trkpt lat="36.571676" lon="128.753563">
        <ele>107.1</ele>
      </trkpt>
      <trkpt lat="36.571640" lon="128.753529">
        <ele>107.6</ele>
      </trkpt>
      <trkpt lat="36.571604" lon="128.753496">
        <ele>108.0</ele>
      </trkpt>
      <trkpt lat="36.571568" lon="128.753462">
        <ele>108.5</ele>
      </trkpt>
      <trkpt lat="36.571533" lon="128.753428">
        <ele>108.5</ele>
      </trkpt>
      <trkpt lat="36.571497" lon="128.753393">
        <ele>108.5</ele>
      </trkpt>
      <trkpt lat="36.571462" lon="128.753359">
        <ele>108.5</ele>
      </trkpt>
      <trkpt lat="36.571426" lon="128.753325">
        <ele>108.5</ele>
      </trkpt>
      <trkpt lat="36.571391" lon="128.753290">
        <ele>108.5</ele>
      </trkpt>
      <trkpt lat="36.571355" lon="128.753256">
        <ele>108.5</ele>
      </trkpt>
      <trkpt lat="36.571320" lon="128.753222">
        <ele>108.5</ele>
      </trkpt>
      <trkpt lat="36.571284" lon="128.753187">
        <ele>108.5</ele>
      </trkpt>
      <trkpt lat="36.571249" lon="128.753153">
        <ele>108.5</ele>
      </trkpt>
      <trkpt lat="36.571213" lon="128.753118">
        <ele>108.5</ele>
      </trkpt>
      <trkpt lat="36.571178" lon="128.753084">
        <ele>108.6</ele>
      </trkpt>
      <trkpt lat="36.571144" lon="128.753048">
        <ele>108.8</ele>
      </trkpt>
      <trkpt lat="36.571109" lon="128.753012">
        <ele>108.9</ele>
      </trkpt>
      <trkpt lat="36.571074" lon="128.752976">
        <ele>109.1</ele>
      </trkpt>
      <trkpt lat="36.571040" lon="128.752940">
        <ele>109.3</ele>
      </trkpt>
      <trkpt lat="36.571005" lon="128.752904">
        <ele>109.5</ele>
      </trkpt>
      <trkpt lat="36.570971" lon="128.752868">
        <ele>109.7</ele>
      </trkpt>
      <trkpt lat="36.570936" lon="128.752833">
        <ele>109.9</ele>
      </trkpt>
      <trkpt lat="36.570902" lon="128.752797">
        <ele>110.1</ele>
      </trkpt>
      <trkpt lat="36.570867" lon="128.752761">
        <ele>110.3</ele>
      </trkpt>
      <trkpt lat="36.570833" lon="128.752725">
        <ele>110.5</ele>
      </trkpt>
      <trkpt lat="36.570798" lon="128.752689">
        <ele>110.7</ele>
      </trkpt>
      <trkpt lat="36.570764" lon="128.752653">
        <ele>110.7</ele>
      </trkpt>
      <trkpt lat="36.570730" lon="128.752616">
        <ele>110.6</ele>
      </trkpt>
      <trkpt lat="36.570697" lon="128.752579">
        <ele>110.5</ele>
      </trkpt>
      <trkpt lat="36.570663" lon="128.752542">
        <ele>110.3</ele>
      </trkpt>
      <trkpt lat="36.570629" lon="128.752504">
        <ele>110.2</ele>
      </trkpt>
      <trkpt lat="36.570596" lon="128.752467">
        <ele>110.1</ele>
      </trkpt>
      <trkpt lat="36.570562" lon="128.752430">
        <ele>109.9</ele>
      </trkpt>
      <trkpt lat="36.570528" lon="128.752393">
        <ele>109.8</ele>
      </trkpt>
      <trkpt lat="36.570494" lon="128.752356">
        <ele>109.7</ele>
      </trkpt>
      <trkpt lat="36.570461" lon="128.752319">
        <ele>109.5</ele>
      </trkpt>
      <trkpt lat="36.570427" lon="128.752282">
        <ele>109.4</ele>
      </trkpt>
      <trkpt lat="36.570393" lon="128.752245">
        <ele>109.3</ele>
      </trkpt>
      <trkpt lat="36.570359" lon="128.752208">
        <ele>109.1</ele>
      </trkpt>
      <trkpt lat="36.570326" lon="128.752171">
        <ele>109.0</ele>
      </trkpt>
      <trkpt lat="36.570292" lon="128.752134">
        <ele>108.9</ele>
      </trkpt>
      <trkpt lat="36.570258" lon="128.752098">
        <ele>108.8</ele>
      </trkpt>
      <trkpt lat="36.570223" lon="128.752063">
        <ele>108.7</ele>
      </trkpt>
      <trkpt lat="36.570188" lon="128.752027">
        <ele>108.6</ele>
      </trkpt>
      <trkpt lat="36.570153" lon="128.751991">
        <ele>108.6</ele>
      </trkpt>
      <trkpt lat="36.570119" lon="128.751956">
        <ele>108.5</ele>
      </trkpt>
      <trkpt lat="36.570084" lon="128.751920">
        <ele>108.4</ele>
      </trkpt>
      <trkpt lat="36.570049" lon="128.751885">
        <ele>108.3</ele>
      </trkpt>
      <trkpt lat="36.570015" lon="128.751849">
        <ele>108.3</ele>
      </trkpt>
      <trkpt lat="36.569980" lon="128.751813">
        <ele>108.2</ele>
      </trkpt>
      <trkpt lat="36.569945" lon="128.751778">
        <ele>108.1</ele>
      </trkpt>
      <trkpt lat="36.569910" lon="128.751742">
        <ele>108.1</ele>
      </trkpt>
      <trkpt lat="36.569876" lon="128.751707">
        <ele>108.0</ele>
      </trkpt>
      <trkpt lat="36.569842" lon="128.751670">
        <ele>108.1</ele>
      </trkpt>
      <trkpt lat="36.569808" lon="128.751633">
        <ele>108.1</ele>
      </trkpt>
      <trkpt lat="36.569774" lon="128.751596">
        <ele>108.2</ele>
      </trkpt>
      <trkpt lat="36.569740" lon="128.751559">
        <ele>108.2</ele>
      </trkpt>
      <trkpt lat="36.569707" lon="128.751522">
        <ele>108.3</ele>
      </trkpt>
      <trkpt lat="36.569673" lon="128.751485">
        <ele>108.3</ele>
      </trkpt>
      <trkpt lat="36.569639" lon="128.751448">
        <ele>108.4</ele>
      </trkpt>
      <trkpt lat="36.569605" lon="128.751412">
        <ele>108.5</ele>
      </trkpt>
      <trkpt lat="36.569571" lon="128.751375">
        <ele>108.5</ele>
      </trkpt>
      <trkpt lat="36.569538" lon="128.751338">
        <ele>108.6</ele>
      </trkpt>
      <trkpt lat="36.569504" lon="128.751301">
        <ele>108.6</ele>
      </trkpt>
      <trkpt lat="36.569470" lon="128.751264">
        <ele>108.7</ele>
      </trkpt>
      <trkpt lat="36.569436" lon="128.751227">
        <ele>108.7</ele>
      </trkpt>
      <trkpt lat="36.569402" lon="128.751190">
        <ele>108.8</ele>
      </trkpt>
      <trkpt lat="36.569368" lon="128.751154">
        <ele>109.0</ele>
      </trkpt>
      <trkpt lat="36.569333" lon="128.751118">
        <ele>109.2</ele>
      </trkpt>
      <trkpt lat="36.569299" lon="128.751082">
        <ele>109.4</ele>
      </trkpt>
      <trkpt lat="36.569264" lon="128.751046">
        <ele>109.6</ele>
      </trkpt>
      <trkpt lat="36.569230" lon="128.751010">
        <ele>109.8</ele>
      </trkpt>
      <trkpt lat="36.569196" lon="128.750974">
        <ele>109.9</ele>
      </trkpt>
      <trkpt lat="36.569161" lon="128.750938">
        <ele>110.1</ele>
      </trkpt>
      <trkpt lat="36.569127" lon="128.750902">
        <ele>110.3</ele>
      </trkpt>
      <trkpt lat="36.569092" lon="128.750866">
        <ele>110.5</ele>
      </trkpt>
      <trkpt lat="36.569056" lon="128.750833">
        <ele>110.1</ele>
      </trkpt>
      <trkpt lat="36.569020" lon="128.750800">
        <ele>109.7</ele>
      </trkpt>
      <trkpt lat="36.568984" lon="128.750766">
        <ele>109.2</ele>
      </trkpt>
      <trkpt lat="36.568948" lon="128.750733">
        <ele>108.8</ele>
      </trkpt>
      <trkpt lat="36.568912" lon="128.750699">
        <ele>108.4</ele>
      </trkpt>
      <trkpt lat="36.568876" lon="128.750666">
        <ele>108.0</ele>
      </trkpt>
      <trkpt lat="36.568840" lon="128.750633">
        <ele>107.6</ele>
      </trkpt>
      <trkpt lat="36.568803" lon="128.750599">
        <ele>107.2</ele>
      </trkpt>
      <trkpt lat="36.568767" lon="128.750566">
        <ele>106.8</ele>
      </trkpt>
      <trkpt lat="36.568731" lon="128.750532">
        <ele>106.3</ele>
      </trkpt>
      <trkpt lat="36.568695" lon="128.750499">
        <ele>105.9</ele>
      </trkpt>
      <trkpt lat="36.568659" lon="128.750465">
        <ele>105.5</ele>
      </trkpt>
      <trkpt lat="36.568623" lon="128.750432">
        <ele>105.1</ele>
      </trkpt>
      <trkpt lat="36.568587" lon="128.750398">
        <ele>104.5</ele>
      </trkpt>
      <trkpt lat="36.568553" lon="128.750362">
        <ele>103.5</ele>
      </trkpt>
      <trkpt lat="36.568519" lon="128.750325">
        <ele>102.4</ele>
      </trkpt>
      <trkpt lat="36.568512" lon="128.750287">
        <ele>101.8</ele>
      </trkpt>
      <trkpt lat="36.568542" lon="128.750246">
        <ele>101.8</ele>
      </trkpt>
      <trkpt lat="36.568553" lon="128.750229">
        <ele>101.8</ele>
      </trkpt>
      <trkpt lat="36.568521" lon="128.750268">
        <ele>101.6</ele>
      </trkpt>
      <trkpt lat="36.568489" lon="128.750291">
        <ele>101.5</ele>
      </trkpt>
      <trkpt lat="36.568457" lon="128.750252">
        <ele>101.4</ele>
      </trkpt>
      <trkpt lat="36.568425" lon="128.750212">
        <ele>101.3</ele>
      </trkpt>
      <trkpt lat="36.568393" lon="128.750173">
        <ele>101.2</ele>
      </trkpt>
      <trkpt lat="36.568361" lon="128.750133">
        <ele>101.1</ele>
      </trkpt>
      <trkpt lat="36.568329" lon="128.750094">
        <ele>101.0</ele>
      </trkpt>
      <trkpt lat="36.568298" lon="128.750054">
        <ele>100.9</ele>
      </trkpt>
      <trkpt lat="36.568266" lon="128.750015">
        <ele>100.8</ele>
      </trkpt>
      <trkpt lat="36.568234" lon="128.749975">
        <ele>100.7</ele>
      </trkpt>
      <trkpt lat="36.568202" lon="128.749935">
        <ele>100.6</ele>
      </trkpt>
      <trkpt lat="36.568170" lon="128.749896">
        <ele>100.5</ele>
      </trkpt>
      <trkpt lat="36.568138" lon="128.749856">
        <ele>100.4</ele>
      </trkpt>
      <trkpt lat="36.568106" lon="128.749817">
        <ele>100.3</ele>
      </trkpt>
      <trkpt lat="36.568075" lon="128.749777">
        <ele>100.2</ele>
      </trkpt>
      <trkpt lat="36.568043" lon="128.749738">
        <ele>100.1</ele>
      </trkpt>
      <trkpt lat="36.568011" lon="128.749698">
        <ele>100.0</ele>
      </trkpt>
      <trkpt lat="36.567979" lon="128.749659">
        <ele>99.9</ele>
      </trkpt>
      <trkpt lat="36.567947" lon="128.749619">
        <ele>99.8</ele>
      </trkpt>
      <trkpt lat="36.567915" lon="128.749580">
        <ele>99.7</ele>
      </trkpt>
      <trkpt lat="36.567884" lon="128.749540">
        <ele>99.6</ele>
      </trkpt>
      <trkpt lat="36.567852" lon="128.749501">
        <ele>99.5</ele>
      </trkpt>
      <trkpt lat="36.567820" lon="128.749461">
        <ele>99.4</ele>
      </trkpt>
      <trkpt lat="36.567788" lon="128.749422">
        <ele>99.3</ele>
      </trkpt>
      <trkpt lat="36.567756" lon="128.749382">
        <ele>99.2</ele>
      </trkpt>
      <trkpt lat="36.567724" lon="128.749343">
        <ele>99.1</ele>
      </trkpt>
      <trkpt lat="36.567692" lon="128.749303">
        <ele>99.0</ele>
      </trkpt>
      <trkpt lat="36.567661" lon="128.749264">
        <ele>98.9</ele>
      </trkpt>
      <trkpt lat="36.567629" lon="128.749224">
        <ele>98.8</ele>
      </trkpt>
      <trkpt lat="36.567598" lon="128.749184">
        <ele>98.9</ele>
      </trkpt>
      <trkpt lat="36.567567" lon="128.749143">
        <ele>99.1</ele>
      </trkpt>
      <trkpt lat="36.567537" lon="128.749102">
        <ele>99.3</ele>
      </trkpt>
      <trkpt lat="36.567506" lon="128.749060">
        <ele>99.4</ele>
      </trkpt>
      <trkpt lat="36.567475" lon="128.749019">
        <ele>99.6</ele>
      </trkpt>
      <trkpt lat="36.567445" lon="128.748978">
        <ele>99.8</ele>
      </trkpt>
      <trkpt lat="36.567414" lon="128.748937">
        <ele>100.0</ele>
      </trkpt>
      <trkpt lat="36.567383" lon="128.748896">
        <ele>100.1</ele>
      </trkpt>
      <trkpt lat="36.567353" lon="128.748855">
        <ele>100.3</ele>
      </trkpt>
      <trkpt lat="36.567322" lon="128.748814">
        <ele>100.5</ele>
      </trkpt>
      <trkpt lat="36.567292" lon="128.748773">
        <ele>100.7</ele>
      </trkpt>
      <trkpt lat="36.567261" lon="128.748732">
        <ele>100.8</ele>
      </trkpt>
      <trkpt lat="36.567230" lon="128.748691">
        <ele>101.0</ele>
      </trkpt>
      <trkpt lat="36.567200" lon="128.748650">
        <ele>101.2</ele>
      </trkpt>
      <trkpt lat="36.567169" lon="128.748609">
        <ele>101.4</ele>
      </trkpt>
      <trkpt lat="36.567139" lon="128.748568">
        <ele>101.6</ele>
      </trkpt>
      <trkpt lat="36.567108" lon="128.748527">
        <ele>101.7</ele>
      </trkpt>
      <trkpt lat="36.567078" lon="128.748486">
        <ele>101.8</ele>
      </trkpt>
      <trkpt lat="36.567048" lon="128.748444">
        <ele>101.8</ele>
      </trkpt>
      <trkpt lat="36.567018" lon="128.748402">
        <ele>101.9</ele>
      </trkpt>
      <trkpt lat="36.566988" lon="128.748361">
        <ele>101.9</ele>
      </trkpt>
      <trkpt lat="36.566958" lon="128.748319">
        <ele>101.9</ele>
      </trkpt>
      <trkpt lat="36.566928" lon="128.748277">
        <ele>101.9</ele>
      </trkpt>
      <trkpt lat="36.566898" lon="128.748235">
        <ele>101.9</ele>
      </trkpt>
      <trkpt lat="36.566868" lon="128.748194">
        <ele>102.0</ele>
      </trkpt>
      <trkpt lat="36.566838" lon="128.748152">
        <ele>102.0</ele>
      </trkpt>
      <trkpt lat="36.566808" lon="128.748110">
        <ele>102.0</ele>
      </trkpt>
      <trkpt lat="36.566778" lon="128.748068">
        <ele>102.0</ele>
      </trkpt>
      <trkpt lat="36.566748" lon="128.748027">
        <ele>102.1</ele>
      </trkpt>
      <trkpt lat="36.566718" lon="128.747985">
        <ele>102.1</ele>
      </trkpt>
      <trkpt lat="36.566688" lon="128.747943">
        <ele>102.1</ele>
      </trkpt>
      <trkpt lat="36.566658" lon="128.747901">
        <ele>102.1</ele>
      </trkpt>
      <trkpt lat="36.566628" lon="128.747860">
        <ele>102.1</ele>
      </trkpt>
      <trkpt lat="36.566598" lon="128.747818">
        <ele>102.2</ele>
      </trkpt>
      <trkpt lat="36.566568" lon="128.747776">
        <ele>102.2</ele>
      </trkpt>
      <trkpt lat="36.566538" lon="128.747735">
        <ele>102.2</ele>
      </trkpt>
      <trkpt lat="36.566508" lon="128.747693">
        <ele>102.2</ele>
      </trkpt>
      <trkpt lat="36.566478" lon="128.747651">
        <ele>102.2</ele>
      </trkpt>
      <trkpt lat="36.566448" lon="128.747609">
        <ele>102.3</ele>
      </trkpt>
      <trkpt lat="36.566419" lon="128.747568">
        <ele>102.3</ele>
      </trkpt>
      <trkpt lat="36.566389" lon="128.747526">
        <ele>102.3</ele>
      </trkpt>
      <trkpt lat="36.566359" lon="128.747484">
        <ele>102.3</ele>
      </trkpt>
      <trkpt lat="36.566329" lon="128.747442">
        <ele>102.4</ele>
      </trkpt>
      <trkpt lat="36.566299" lon="128.747401">
        <ele>102.4</ele>
      </trkpt>
      <trkpt lat="36.566269" lon="128.747359">
        <ele>102.4</ele>
      </trkpt>
      <trkpt lat="36.566239" lon="128.747317">
        <ele>102.4</ele>
      </trkpt>
      <trkpt lat="36.566209" lon="128.747275">
        <ele>102.4</ele>
      </trkpt>
      <trkpt lat="36.566179" lon="128.747234">
        <ele>102.5</ele>
      </trkpt>
      <trkpt lat="36.566149" lon="128.747192">
        <ele>102.5</ele>
      </trkpt>
      <trkpt lat="36.566119" lon="128.747150">
        <ele>102.5</ele>
      </trkpt>
      <trkpt lat="36.566090" lon="128.747107">
        <ele>102.4</ele>
      </trkpt>
      <trkpt lat="36.566061" lon="128.747064">
        <ele>102.4</ele>
      </trkpt>
      <trkpt lat="36.566032" lon="128.747022">
        <ele>102.3</ele>
      </trkpt>
      <trkpt lat="36.566003" lon="128.746979">
        <ele>102.2</ele>
      </trkpt>
      <trkpt lat="36.565974" lon="128.746936">
        <ele>102.2</ele>
      </trkpt>
      <trkpt lat="36.565945" lon="128.746894">
        <ele>102.1</ele>
      </trkpt>
      <trkpt lat="36.565916" lon="128.746851">
        <ele>102.0</ele>
      </trkpt>
      <trkpt lat="36.565887" lon="128.746808">
        <ele>102.0</ele>
      </trkpt>
      <trkpt lat="36.565857" lon="128.746765">
        <ele>101.9</ele>
      </trkpt>
      <trkpt lat="36.565828" lon="128.746723">
        <ele>101.9</ele>
      </trkpt>
      <trkpt lat="36.565799" lon="128.746680">
        <ele>101.8</ele>
      </trkpt>
      <trkpt lat="36.565770" lon="128.746637">
        <ele>101.7</ele>
      </trkpt>
      <trkpt lat="36.565741" lon="128.746595">
        <ele>101.7</ele>
      </trkpt>
      <trkpt lat="36.565712" lon="128.746552">
        <ele>101.6</ele>
      </trkpt>
      <trkpt lat="36.565683" lon="128.746509">
        <ele>101.5</ele>
      </trkpt>
      <trkpt lat="36.565654" lon="128.746466">
        <ele>101.5</ele>
      </trkpt>
      <trkpt lat="36.565625" lon="128.746424">
        <ele>101.4</ele>
      </trkpt>
      <trkpt lat="36.565596" lon="128.746381">
        <ele>101.3</ele>
      </trkpt>
      <trkpt lat="36.565567" lon="128.746338">
        <ele>101.3</ele>
      </trkpt>
      <trkpt lat="36.565538" lon="128.746296">
        <ele>101.2</ele>
      </trkpt>
      <trkpt lat="36.565509" lon="128.746253">
        <ele>101.2</ele>
      </trkpt>
      <trkpt lat="36.565480" lon="128.746210">
        <ele>101.1</ele>
      </trkpt>
      <trkpt lat="36.565450" lon="128.746167">
        <ele>101.0</ele>
      </trkpt>
      <trkpt lat="36.565421" lon="128.746125">
        <ele>101.0</ele>
      </trkpt>
      <trkpt lat="36.565392" lon="128.746082">
        <ele>100.9</ele>
      </trkpt>
      <trkpt lat="36.565363" lon="128.746039">
        <ele>100.8</ele>
      </trkpt>
      <trkpt lat="36.565332" lon="128.746000">
        <ele>100.6</ele>
      </trkpt>
      <trkpt lat="36.565296" lon="128.745966">
        <ele>100.0</ele>
      </trkpt>
      <trkpt lat="36.565262" lon="128.745930">
        <ele>99.4</ele>
      </trkpt>
      <trkpt lat="36.565232" lon="128.745888">
        <ele>99.1</ele>
      </trkpt>
      <trkpt lat="36.565202" lon="128.745847">
        <ele>98.8</ele>
      </trkpt>
      <trkpt lat="36.565172" lon="128.745805">
        <ele>98.6</ele>
      </trkpt>
      <trkpt lat="36.565142" lon="128.745763">
        <ele>98.3</ele>
      </trkpt>
      <trkpt lat="36.565112" lon="128.745721">
        <ele>98.0</ele>
      </trkpt>
      <trkpt lat="36.565082" lon="128.745680">
        <ele>97.7</ele>
      </trkpt>
      <trkpt lat="36.565052" lon="128.745638">
        <ele>97.4</ele>
      </trkpt>
      <trkpt lat="36.565022" lon="128.745596">
        <ele>97.1</ele>
      </trkpt>
      <trkpt lat="36.564992" lon="128.745554">
        <ele>96.8</ele>
      </trkpt>
      <trkpt lat="36.564964" lon="128.745511">
        <ele>97.0</ele>
      </trkpt>
      <trkpt lat="36.564936" lon="128.745467">
        <ele>97.3</ele>
      </trkpt>
      <trkpt lat="36.564907" lon="128.745423">
        <ele>97.5</ele>
      </trkpt>
      <trkpt lat="36.564879" lon="128.745380">
        <ele>97.7</ele>
      </trkpt>
      <trkpt lat="36.564851" lon="128.745336">
        <ele>98.0</ele>
      </trkpt>
      <trkpt lat="36.564823" lon="128.745293">
        <ele>98.2</ele>
      </trkpt>
      <trkpt lat="36.564795" lon="128.745249">
        <ele>98.4</ele>
      </trkpt>
      <trkpt lat="36.564766" lon="128.745205">
        <ele>98.6</ele>
      </trkpt>
      <trkpt lat="36.564738" lon="128.745162">
        <ele>98.8</ele>
      </trkpt>
      <trkpt lat="36.564707" lon="128.745121">
        <ele>98.8</ele>
      </trkpt>
      <trkpt lat="36.564677" lon="128.745079">
        <ele>98.8</ele>
      </trkpt>
      <trkpt lat="36.564647" lon="128.745038">
        <ele>98.8</ele>
      </trkpt>
      <trkpt lat="36.564616" lon="128.744997">
        <ele>98.7</ele>
      </trkpt>
      <trkpt lat="36.564583" lon="128.744959">
        <ele>98.5</ele>
      </trkpt>
      <trkpt lat="36.564551" lon="128.744920">
        <ele>98.3</ele>
      </trkpt>
      <trkpt lat="36.564518" lon="128.744882">
        <ele>98.1</ele>
      </trkpt>
      <trkpt lat="36.564485" lon="128.744843">
        <ele>97.9</ele>
      </trkpt>
      <trkpt lat="36.564453" lon="128.744805">
        <ele>97.7</ele>
      </trkpt>
      <trkpt lat="36.564421" lon="128.744765">
        <ele>97.4</ele>
      </trkpt>
      <trkpt lat="36.564389" lon="128.744726">
        <ele>97.1</ele>
      </trkpt>
      <trkpt lat="36.564357" lon="128.744687">
        <ele>96.8</ele>
      </trkpt>
      <trkpt lat="36.564325" lon="128.744647">
        <ele>96.5</ele>
      </trkpt>
      <trkpt lat="36.564293" lon="128.744608">
        <ele>96.2</ele>
      </trkpt>
      <trkpt lat="36.564261" lon="128.744569">
        <ele>95.8</ele>
      </trkpt>
      <trkpt lat="36.564229" lon="128.744529">
        <ele>95.5</ele>
      </trkpt>
      <trkpt lat="36.564197" lon="128.744490">
        <ele>95.2</ele>
      </trkpt>
      <trkpt lat="36.564165" lon="128.744451">
        <ele>94.9</ele>
      </trkpt>
      <trkpt lat="36.564133" lon="128.744411">
        <ele>94.6</ele>
      </trkpt>
      <trkpt lat="36.564101" lon="128.744372">
        <ele>94.3</ele>
      </trkpt>
      <trkpt lat="36.564069" lon="128.744333">
        <ele>94.0</ele>
      </trkpt>
      <trkpt lat="36.564037" lon="128.744293">
        <ele>93.7</ele>
      </trkpt>
      <trkpt lat="36.564005" lon="128.744254">
        <ele>93.4</ele>
      </trkpt>
      <trkpt lat="36.563973" lon="128.744215">
        <ele>93.1</ele>
      </trkpt>
      <trkpt lat="36.563942" lon="128.744174">
        <ele>93.1</ele>
      </trkpt>
      <trkpt lat="36.563911" lon="128.744134">
        <ele>93.2</ele>
      </trkpt>
      <trkpt lat="36.563880" lon="128.744093">
        <ele>93.3</ele>
      </trkpt>
      <trkpt lat="36.563849" lon="128.744053">
        <ele>93.5</ele>
      </trkpt>
      <trkpt lat="36.563818" lon="128.744012">
        <ele>93.6</ele>
      </trkpt>
      <trkpt lat="36.563787" lon="128.743971">
        <ele>93.7</ele>
      </trkpt>
      <trkpt lat="36.563756" lon="128.743931">
        <ele>93.9</ele>
      </trkpt>
      <trkpt lat="36.563725" lon="128.743890">
        <ele>94.0</ele>
      </trkpt>
      <trkpt lat="36.563694" lon="128.743850">
        <ele>94.1</ele>
      </trkpt>
      <trkpt lat="36.563663" lon="128.743809">
        <ele>94.2</ele>
      </trkpt>
      <trkpt lat="36.563634" lon="128.743766">
        <ele>94.3</ele>
      </trkpt>
      <trkpt lat="36.563608" lon="128.743721">
        <ele>94.2</ele>
      </trkpt>
      <trkpt lat="36.563581" lon="128.743676">
        <ele>94.2</ele>
      </trkpt>
      <trkpt lat="36.563555" lon="128.743631">
        <ele>94.1</ele>
      </trkpt>
      <trkpt lat="36.563528" lon="128.743586">
        <ele>94.1</ele>
      </trkpt>
      <trkpt lat="36.563501" lon="128.743541">
        <ele>94.0</ele>
      </trkpt>
      <trkpt lat="36.563475" lon="128.743495">
        <ele>94.0</ele>
      </trkpt>
      <trkpt lat="36.563452" lon="128.743447">
        <ele>94.0</ele>
      </trkpt>
      <trkpt lat="36.563429" lon="128.743399">
        <ele>94.0</ele>
      </trkpt>
      <trkpt lat="36.563406" lon="128.743351">
        <ele>93.9</ele>
      </trkpt>
      <trkpt lat="36.563384" lon="128.743302">
        <ele>93.9</ele>
      </trkpt>
      <trkpt lat="36.563361" lon="128.743254">
        <ele>93.9</ele>
      </trkpt>
      <trkpt lat="36.563338" lon="128.743206">
        <ele>93.9</ele>
      </trkpt>
      <trkpt lat="36.563315" lon="128.743157">
        <ele>93.9</ele>
      </trkpt>
      <trkpt lat="36.563293" lon="128.743109">
        <ele>93.9</ele>
      </trkpt>
      <trkpt lat="36.563270" lon="128.743061">
        <ele>93.8</ele>
      </trkpt>
      <trkpt lat="36.563247" lon="128.743013">
        <ele>93.8</ele>
      </trkpt>
      <trkpt lat="36.563224" lon="128.742964">
        <ele>93.8</ele>
      </trkpt>
      <trkpt lat="36.563201" lon="128.742916">
        <ele>93.8</ele>
      </trkpt>
      <trkpt lat="36.563179" lon="128.742868">
        <ele>93.8</ele>
      </trkpt>
      <trkpt lat="36.563156" lon="128.742820">
        <ele>93.8</ele>
      </trkpt>
      <trkpt lat="36.563133" lon="128.742771">
        <ele>93.7</ele>
      </trkpt>
      <trkpt lat="36.563110" lon="128.742723">
        <ele>93.7</ele>
      </trkpt>
      <trkpt lat="36.563088" lon="128.742675">
        <ele>93.7</ele>
      </trkpt>
      <trkpt lat="36.563065" lon="128.742626">
        <ele>93.7</ele>
      </trkpt>
      <trkpt lat="36.563042" lon="128.742578">
        <ele>93.7</ele>
      </trkpt>
      <trkpt lat="36.563019" lon="128.742530">
        <ele>93.7</ele>
      </trkpt>
      <trkpt lat="36.562996" lon="128.742482">
        <ele>93.6</ele>
      </trkpt>
      <trkpt lat="36.562974" lon="128.742433">
        <ele>93.6</ele>
      </trkpt>
      <trkpt lat="36.562951" lon="128.742385">
        <ele>93.6</ele>
      </trkpt>
      <trkpt lat="36.562928" lon="128.742337">
        <ele>93.6</ele>
      </trkpt>
      <trkpt lat="36.562905" lon="128.742289">
        <ele>93.6</ele>
      </trkpt>
      <trkpt lat="36.562883" lon="128.742240">
        <ele>93.5</ele>
      </trkpt>
      <trkpt lat="36.562860" lon="128.742192">
        <ele>93.5</ele>
      </trkpt>
      <trkpt lat="36.562837" lon="128.742144">
        <ele>93.5</ele>
      </trkpt>
      <trkpt lat="36.562815" lon="128.742095">
        <ele>93.5</ele>
      </trkpt>
      <trkpt lat="36.562793" lon="128.742046">
        <ele>93.5</ele>
      </trkpt>
      <trkpt lat="36.562772" lon="128.741997">
        <ele>93.5</ele>
      </trkpt>
      <trkpt lat="36.562750" lon="128.741948">
        <ele>93.5</ele>
      </trkpt>
      <trkpt lat="36.562727" lon="128.741900">
        <ele>93.5</ele>
      </trkpt>
      <trkpt lat="36.562704" lon="128.741852">
        <ele>93.4</ele>
      </trkpt>
      <trkpt lat="36.562681" lon="128.741803">
        <ele>93.4</ele>
      </trkpt>
      <trkpt lat="36.562658" lon="128.741755">
        <ele>93.4</ele>
      </trkpt>
      <trkpt lat="36.562635" lon="128.741707">
        <ele>93.3</ele>
      </trkpt>
      <trkpt lat="36.562613" lon="128.741659">
        <ele>93.3</ele>
      </trkpt>
      <trkpt lat="36.562590" lon="128.741611">
        <ele>93.3</ele>
      </trkpt>
      <trkpt lat="36.562567" lon="128.741562">
        <ele>93.3</ele>
      </trkpt>
      <trkpt lat="36.562544" lon="128.741514">
        <ele>93.2</ele>
      </trkpt>
      <trkpt lat="36.562521" lon="128.741466">
        <ele>93.2</ele>
      </trkpt>
      <trkpt lat="36.562498" lon="128.741418">
        <ele>93.2</ele>
      </trkpt>
      <trkpt lat="36.562476" lon="128.741369">
        <ele>93.2</ele>
      </trkpt>
      <trkpt lat="36.562453" lon="128.741321">
        <ele>93.1</ele>
      </trkpt>
      <trkpt lat="36.562430" lon="128.741273">
        <ele>93.1</ele>
      </trkpt>
      <trkpt lat="36.562407" lon="128.741225">
        <ele>93.1</ele>
      </trkpt>
      <trkpt lat="36.562384" lon="128.741176">
        <ele>93.1</ele>
      </trkpt>
      <trkpt lat="36.562361" lon="128.741128">
        <ele>93.0</ele>
      </trkpt>
      <trkpt lat="36.562338" lon="128.741080">
        <ele>93.0</ele>
      </trkpt>
      <trkpt lat="36.562313" lon="128.741034">
        <ele>93.0</ele>
      </trkpt>
      <trkpt lat="36.562288" lon="128.740987">
        <ele>93.1</ele>
      </trkpt>
      <trkpt lat="36.562263" lon="128.740941">
        <ele>93.1</ele>
      </trkpt>
      <trkpt lat="36.562238" lon="128.740894">
        <ele>93.1</ele>
      </trkpt>
      <trkpt lat="36.562213" lon="128.740848">
        <ele>93.2</ele>
      </trkpt>
      <trkpt lat="36.562188" lon="128.740802">
        <ele>93.2</ele>
      </trkpt>
      <trkpt lat="36.562163" lon="128.740755">
        <ele>93.2</ele>
      </trkpt>
      <trkpt lat="36.562137" lon="128.740709">
        <ele>93.2</ele>
      </trkpt>
      <trkpt lat="36.562112" lon="128.740662">
        <ele>93.3</ele>
      </trkpt>
      <trkpt lat="36.562087" lon="128.740616">
        <ele>93.3</ele>
      </trkpt>
      <trkpt lat="36.562062" lon="128.740569">
        <ele>93.3</ele>
      </trkpt>
      <trkpt lat="36.562037" lon="128.740523">
        <ele>93.4</ele>
      </trkpt>
      <trkpt lat="36.562012" lon="128.740477">
        <ele>93.4</ele>
      </trkpt>
      <trkpt lat="36.561987" lon="128.740430">
        <ele>93.4</ele>
      </trkpt>
      <trkpt lat="36.561962" lon="128.740384">
        <ele>93.4</ele>
      </trkpt>
      <trkpt lat="36.561936" lon="128.740337">
        <ele>93.5</ele>
      </trkpt>
      <trkpt lat="36.561911" lon="128.740291">
        <ele>93.5</ele>
      </trkpt>
      <trkpt lat="36.561885" lon="128.740245">
        <ele>93.3</ele>
      </trkpt>
      <trkpt lat="36.561859" lon="128.740199">
        <ele>93.2</ele>
      </trkpt>
      <trkpt lat="36.561834" lon="128.740153">
        <ele>93.0</ele>
      </trkpt>
      <trkpt lat="36.561808" lon="128.740108">
        <ele>92.9</ele>
      </trkpt>
      <trkpt lat="36.561782" lon="128.740062">
        <ele>92.8</ele>
      </trkpt>
      <trkpt lat="36.561756" lon="128.740016">
        <ele>92.6</ele>
      </trkpt>
      <trkpt lat="36.561730" lon="128.739970">
        <ele>92.5</ele>
      </trkpt>
      <trkpt lat="36.561705" lon="128.739924">
        <ele>92.4</ele>
      </trkpt>
      <trkpt lat="36.561679" lon="128.739878">
        <ele>92.2</ele>
      </trkpt>
      <trkpt lat="36.561653" lon="128.739833">
        <ele>92.1</ele>
      </trkpt>
      <trkpt lat="36.561628" lon="128.739786">
        <ele>92.0</ele>
      </trkpt>
      <trkpt lat="36.561603" lon="128.739740">
        <ele>92.1</ele>
      </trkpt>
      <trkpt lat="36.561578" lon="128.739693">
        <ele>92.1</ele>
      </trkpt>
      <trkpt lat="36.561553" lon="128.739647">
        <ele>92.2</ele>
      </trkpt>
      <trkpt lat="36.561528" lon="128.739600">
        <ele>92.2</ele>
      </trkpt>
      <trkpt lat="36.561503" lon="128.739554">
        <ele>92.3</ele>
      </trkpt>
      <trkpt lat="36.561478" lon="128.739507">
        <ele>92.3</ele>
      </trkpt>
      <trkpt lat="36.561453" lon="128.739461">
        <ele>92.4</ele>
      </trkpt>
      <trkpt lat="36.561428" lon="128.739414">
        <ele>92.4</ele>
      </trkpt>
      <trkpt lat="36.561403" lon="128.739368">
        <ele>92.4</ele>
      </trkpt>
      <trkpt lat="36.561378" lon="128.739321">
        <ele>92.5</ele>
      </trkpt>
      <trkpt lat="36.561353" lon="128.739274">
        <ele>92.5</ele>
      </trkpt>
      <trkpt lat="36.561328" lon="128.739228">
        <ele>92.6</ele>
      </trkpt>
      <trkpt lat="36.561303" lon="128.739181">
        <ele>92.6</ele>
      </trkpt>
      <trkpt lat="36.561278" lon="128.739135">
        <ele>92.7</ele>
      </trkpt>
      <trkpt lat="36.561253" lon="128.739088">
        <ele>92.7</ele>
      </trkpt>
      <trkpt lat="36.561228" lon="128.739042">
        <ele>92.8</ele>
      </trkpt>
      <trkpt lat="36.561234" lon="128.739004">
        <ele>93.0</ele>
      </trkpt>
      <trkpt lat="36.561272" lon="128.738974">
        <ele>93.3</ele>
      </trkpt>
      <trkpt lat="36.561307" lon="128.738966">
        <ele>93.4</ele>
      </trkpt>
      <trkpt lat="36.561333" lon="128.739012">
        <ele>93.2</ele>
      </trkpt>
      <trkpt lat="36.561359" lon="128.739057">
        <ele>93.0</ele>
      </trkpt>
      <trkpt lat="36.561385" lon="128.739103">
        <ele>92.7</ele>
      </trkpt>
      <trkpt lat="36.561411" lon="128.739149">
        <ele>92.5</ele>
      </trkpt>
      <trkpt lat="36.561437" lon="128.739194">
        <ele>92.3</ele>
      </trkpt>
      <trkpt lat="36.561463" lon="128.739240">
        <ele>92.0</ele>
      </trkpt>
      <trkpt lat="36.561452" lon="128.739221">
        <ele>92.9</ele>
      </trkpt>
      <trkpt lat="36.561426" lon="128.739175">
        <ele>93.0</ele>
      </trkpt>
      <trkpt lat="36.561400" lon="128.739130">
        <ele>93.1</ele>
      </trkpt>
      <trkpt lat="36.561374" lon="128.739084">
        <ele>93.2</ele>
      </trkpt>
      <trkpt lat="36.561348" lon="128.739038">
        <ele>93.3</ele>
      </trkpt>
      <trkpt lat="36.561322" lon="128.738993">
        <ele>93.4</ele>
      </trkpt>
      <trkpt lat="36.561304" lon="128.738949">
        <ele>93.5</ele>
      </trkpt>
      <trkpt lat="36.561342" lon="128.738919">
        <ele>93.9</ele>
      </trkpt>
      <trkpt lat="36.561380" lon="128.738889">
        <ele>94.2</ele>
      </trkpt>
      <trkpt lat="36.561367" lon="128.738845">
        <ele>94.6</ele>
      </trkpt>
      <trkpt lat="36.561342" lon="128.738798">
        <ele>95.0</ele>
      </trkpt>
      <trkpt lat="36.561317" lon="128.738752">
        <ele>94.9</ele>
      </trkpt>
      <trkpt lat="36.561292" lon="128.738705">
        <ele>94.7</ele>
      </trkpt>
      <trkpt lat="36.561267" lon="128.738659">
        <ele>94.5</ele>
      </trkpt>
      <trkpt lat="36.561242" lon="128.738612">
        <ele>94.4</ele>
      </trkpt>
      <trkpt lat="36.561217" lon="128.738566">
        <ele>94.2</ele>
      </trkpt>
      <trkpt lat="36.561192" lon="128.738519">
        <ele>94.0</ele>
      </trkpt>
      <trkpt lat="36.561167" lon="128.738473">
        <ele>93.9</ele>
      </trkpt>
      <trkpt lat="36.561142" lon="128.738426">
        <ele>93.7</ele>
      </trkpt>
      <trkpt lat="36.561117" lon="128.738380">
        <ele>93.5</ele>
      </trkpt>
      <trkpt lat="36.561092" lon="128.738333">
        <ele>93.4</ele>
      </trkpt>
      <trkpt lat="36.561067" lon="128.738287">
        <ele>93.2</ele>
      </trkpt>
      <trkpt lat="36.561042" lon="128.738240">
        <ele>93.0</ele>
      </trkpt>
      <trkpt lat="36.561017" lon="128.738194">
        <ele>92.8</ele>
      </trkpt>
      <trkpt lat="36.560992" lon="128.738147">
        <ele>92.7</ele>
      </trkpt>
      <trkpt lat="36.560967" lon="128.738101">
        <ele>92.5</ele>
      </trkpt>
      <trkpt lat="36.560942" lon="128.738054">
        <ele>92.3</ele>
      </trkpt>
      <trkpt lat="36.560917" lon="128.738008">
        <ele>92.2</ele>
      </trkpt>
      <trkpt lat="36.560892" lon="128.737961">
        <ele>92.0</ele>
      </trkpt>
      <trkpt lat="36.560867" lon="128.737915">
        <ele>91.8</ele>
      </trkpt>
      <trkpt lat="36.560845" lon="128.737866">
        <ele>91.8</ele>
      </trkpt>
      <trkpt lat="36.560825" lon="128.737816">
        <ele>91.7</ele>
      </trkpt>
      <trkpt lat="36.560805" lon="128.737765">
        <ele>91.6</ele>
      </trkpt>
      <trkpt lat="36.560785" lon="128.737715">
        <ele>91.6</ele>
      </trkpt>
      <trkpt lat="36.560765" lon="128.737665">
        <ele>91.5</ele>
      </trkpt>
      <trkpt lat="36.560745" lon="128.737615">
        <ele>91.4</ele>
      </trkpt>
      <trkpt lat="36.560725" lon="128.737565">
        <ele>91.4</ele>
      </trkpt>
      <trkpt lat="36.560705" lon="128.737515">
        <ele>91.3</ele>
      </trkpt>
      <trkpt lat="36.560685" lon="128.737465">
        <ele>91.3</ele>
      </trkpt>
      <trkpt lat="36.560665" lon="128.737415">
        <ele>91.2</ele>
      </trkpt>
      <trkpt lat="36.560645" lon="128.737365">
        <ele>91.1</ele>
      </trkpt>
      <trkpt lat="36.560625" lon="128.737315">
        <ele>91.1</ele>
      </trkpt>
      <trkpt lat="36.560604" lon="128.737265">
        <ele>91.0</ele>
      </trkpt>
      <trkpt lat="36.560587" lon="128.737213">
        <ele>91.0</ele>
      </trkpt>
      <trkpt lat="36.560569" lon="128.737162">
        <ele>91.0</ele>
      </trkpt>
      <trkpt lat="36.560552" lon="128.737110">
        <ele>91.0</ele>
      </trkpt>
      <trkpt lat="36.560535" lon="128.737058">
        <ele>91.0</ele>
      </trkpt>
      <trkpt lat="36.560517" lon="128.737007">
        <ele>91.0</ele>
      </trkpt>
      <trkpt lat="36.560500" lon="128.736955">
        <ele>91.0</ele>
      </trkpt>
      <trkpt lat="36.560483" lon="128.736903">
        <ele>91.0</ele>
      </trkpt>
      <trkpt lat="36.560465" lon="128.736852">
        <ele>91.0</ele>
      </trkpt>
      <trkpt lat="36.560448" lon="128.736800">
        <ele>91.0</ele>
      </trkpt>
      <trkpt lat="36.560431" lon="128.736748">
        <ele>91.0</ele>
      </trkpt>
      <trkpt lat="36.560413" lon="128.736697">
        <ele>91.0</ele>
      </trkpt>
      <trkpt lat="36.560396" lon="128.736645">
        <ele>91.0</ele>
      </trkpt>
      <trkpt lat="36.560378" lon="128.736593">
        <ele>91.0</ele>
      </trkpt>
      <trkpt lat="36.560361" lon="128.736542">
        <ele>91.0</ele>
      </trkpt>
      <trkpt lat="36.560344" lon="128.736490">
        <ele>91.0</ele>
      </trkpt>
      <trkpt lat="36.560328" lon="128.736438">
        <ele>91.0</ele>
      </trkpt>
      <trkpt lat="36.560317" lon="128.736383">
        <ele>91.0</ele>
      </trkpt>
      <trkpt lat="36.560306" lon="128.736329">
        <ele>91.0</ele>
      </trkpt>
      <trkpt lat="36.560296" lon="128.736275">
        <ele>91.1</ele>
      </trkpt>
      <trkpt lat="36.560285" lon="128.736220">
        <ele>91.1</ele>
      </trkpt>
      <trkpt lat="36.560274" lon="128.736166">
        <ele>91.1</ele>
      </trkpt>
      <trkpt lat="36.560264" lon="128.736112">
        <ele>91.1</ele>
      </trkpt>
      <trkpt lat="36.560253" lon="128.736057">
        <ele>91.1</ele>
      </trkpt>
      <trkpt lat="36.560242" lon="128.736003">
        <ele>91.2</ele>
      </trkpt>
      <trkpt lat="36.560232" lon="128.735948">
        <ele>91.2</ele>
      </trkpt>
      <trkpt lat="36.560221" lon="128.735894">
        <ele>91.2</ele>
      </trkpt>
      <trkpt lat="36.560210" lon="128.735840">
        <ele>91.2</ele>
      </trkpt>
      <trkpt lat="36.560200" lon="128.735785">
        <ele>91.2</ele>
      </trkpt>
      <trkpt lat="36.560189" lon="128.735731">
        <ele>91.2</ele>
      </trkpt>
      <trkpt lat="36.560178" lon="128.735677">
        <ele>91.3</ele>
      </trkpt>
      <trkpt lat="36.560168" lon="128.735622">
        <ele>91.3</ele>
      </trkpt>
      <trkpt lat="36.560157" lon="128.735568">
        <ele>91.3</ele>
      </trkpt>
      <trkpt lat="36.560149" lon="128.735513">
        <ele>91.3</ele>
      </trkpt>
      <trkpt lat="36.560141" lon="128.735457">
        <ele>91.3</ele>
      </trkpt>
      <trkpt lat="36.560133" lon="128.735402">
        <ele>91.3</ele>
      </trkpt>
      <trkpt lat="36.560125" lon="128.735347">
        <ele>91.3</ele>
      </trkpt>
      <trkpt lat="36.560117" lon="128.735292">
        <ele>91.3</ele>
      </trkpt>
      <trkpt lat="36.560109" lon="128.735237">
        <ele>91.3</ele>
      </trkpt>
      <trkpt lat="36.560101" lon="128.735182">
        <ele>91.3</ele>
      </trkpt>
      <trkpt lat="36.560093" lon="128.735127">
        <ele>91.3</ele>
      </trkpt>
      <trkpt lat="36.560085" lon="128.735072">
        <ele>91.3</ele>
      </trkpt>
      <trkpt lat="36.560077" lon="128.735017">
        <ele>91.3</ele>
      </trkpt>
      <trkpt lat="36.560069" lon="128.734962">
        <ele>91.3</ele>
      </trkpt>
      <trkpt lat="36.560061" lon="128.734907">
        <ele>91.3</ele>
      </trkpt>
      <trkpt lat="36.560052" lon="128.734852">
        <ele>91.3</ele>
      </trkpt>
      <trkpt lat="36.560044" lon="128.734797">
        <ele>91.3</ele>
      </trkpt>
      <trkpt lat="36.560036" lon="128.734742">
        <ele>91.3</ele>
      </trkpt>
      <trkpt lat="36.560028" lon="128.734686">
        <ele>91.3</ele>
      </trkpt>
      <trkpt lat="36.560020" lon="128.734631">
        <ele>91.2</ele>
      </trkpt>
      <trkpt lat="36.560012" lon="128.734576">
        <ele>91.2</ele>
      </trkpt>
      <trkpt lat="36.560004" lon="128.734521">
        <ele>91.1</ele>
      </trkpt>
      <trkpt lat="36.559996" lon="128.734466">
        <ele>91.1</ele>
      </trkpt>
      <trkpt lat="36.559988" lon="128.734411">
        <ele>91.0</ele>
      </trkpt>
      <trkpt lat="36.559980" lon="128.734356">
        <ele>91.0</ele>
      </trkpt>
      <trkpt lat="36.559972" lon="128.734301">
        <ele>90.9</ele>
      </trkpt>
      <trkpt lat="36.559964" lon="128.734246">
        <ele>90.9</ele>
      </trkpt>
      <trkpt lat="36.559956" lon="128.734191">
        <ele>90.8</ele>
      </trkpt>
      <trkpt lat="36.559948" lon="128.734136">
        <ele>90.8</ele>
      </trkpt>
      <trkpt lat="36.559940" lon="128.734081">
        <ele>90.7</ele>
      </trkpt>
      <trkpt lat="36.559932" lon="128.734026">
        <ele>90.7</ele>
      </trkpt>
      <trkpt lat="36.559924" lon="128.733971">
        <ele>90.6</ele>
      </trkpt>
      <trkpt lat="36.559916" lon="128.733915">
        <ele>90.6</ele>
      </trkpt>
      <trkpt lat="36.559907" lon="128.733860">
        <ele>90.5</ele>
      </trkpt>
      <trkpt lat="36.559899" lon="128.733805">
        <ele>90.5</ele>
      </trkpt>
      <trkpt lat="36.559891" lon="128.733750">
        <ele>90.4</ele>
      </trkpt>
      <trkpt lat="36.559883" lon="128.733695">
        <ele>90.3</ele>
      </trkpt>
      <trkpt lat="36.559875" lon="128.733640">
        <ele>90.3</ele>
      </trkpt>
      <trkpt lat="36.559869" lon="128.733585">
        <ele>90.2</ele>
      </trkpt>
      <trkpt lat="36.559862" lon="128.733529">
        <ele>90.1</ele>
      </trkpt>
      <trkpt lat="36.559855" lon="128.733474">
        <ele>90.0</ele>
      </trkpt>
      <trkpt lat="36.559848" lon="128.733419">
        <ele>90.1</ele>
      </trkpt>
      <trkpt lat="36.559841" lon="128.733363">
        <ele>90.2</ele>
      </trkpt>
      <trkpt lat="36.559835" lon="128.733308">
        <ele>90.4</ele>
      </trkpt>
      <trkpt lat="36.559828" lon="128.733253">
        <ele>90.5</ele>
      </trkpt>
      <trkpt lat="36.559821" lon="128.733197">
        <ele>90.6</ele>
      </trkpt>
      <trkpt lat="36.559815" lon="128.733142">
        <ele>90.7</ele>
      </trkpt>
      <trkpt lat="36.559808" lon="128.733087">
        <ele>90.8</ele>
      </trkpt>
      <trkpt lat="36.559801" lon="128.733031">
        <ele>91.0</ele>
      </trkpt>
      <trkpt lat="36.559795" lon="128.732976">
        <ele>91.1</ele>
      </trkpt>
      <trkpt lat="36.559788" lon="128.732920">
        <ele>91.2</ele>
      </trkpt>
      <trkpt lat="36.559781" lon="128.732865">
        <ele>91.3</ele>
      </trkpt>
      <trkpt lat="36.559775" lon="128.732810">
        <ele>91.5</ele>
      </trkpt>
      <trkpt lat="36.559768" lon="128.732754">
        <ele>91.6</ele>
      </trkpt>
      <trkpt lat="36.559761" lon="128.732699">
        <ele>91.7</ele>
      </trkpt>
      <trkpt lat="36.559755" lon="128.732644">
        <ele>91.8</ele>
      </trkpt>
      <trkpt lat="36.559748" lon="128.732588">
        <ele>92.0</ele>
      </trkpt>
      <trkpt lat="36.559741" lon="128.732533">
        <ele>92.1</ele>
      </trkpt>
      <trkpt lat="36.559735" lon="128.732478">
        <ele>92.2</ele>
      </trkpt>
      <trkpt lat="36.559728" lon="128.732422">
        <ele>92.3</ele>
      </trkpt>
      <trkpt lat="36.559721" lon="128.732367">
        <ele>92.4</ele>
      </trkpt>
      <trkpt lat="36.559714" lon="128.732311">
        <ele>92.6</ele>
      </trkpt>
      <trkpt lat="36.559708" lon="128.732256">
        <ele>92.7</ele>
      </trkpt>
      <trkpt lat="36.559701" lon="128.732201">
        <ele>92.8</ele>
      </trkpt>
      <trkpt lat="36.559694" lon="128.732145">
        <ele>92.9</ele>
      </trkpt>
      <trkpt lat="36.559688" lon="128.732090">
        <ele>93.1</ele>
      </trkpt>
      <trkpt lat="36.559681" lon="128.732035">
        <ele>93.2</ele>
      </trkpt>
      <trkpt lat="36.559674" lon="128.731979">
        <ele>93.3</ele>
      </trkpt>
      <trkpt lat="36.559668" lon="128.731924">
        <ele>93.4</ele>
      </trkpt>
      <trkpt lat="36.559661" lon="128.731869">
        <ele>93.5</ele>
      </trkpt>
      <trkpt lat="36.559654" lon="128.731813">
        <ele>93.7</ele>
      </trkpt>
      <trkpt lat="36.559648" lon="128.731758">
        <ele>93.8</ele>
      </trkpt>
      <trkpt lat="36.559641" lon="128.731703">
        <ele>93.9</ele>
      </trkpt>
      <trkpt lat="36.559634" lon="128.731647">
        <ele>94.0</ele>
      </trkpt>
      <trkpt lat="36.559628" lon="128.731592">
        <ele>94.2</ele>
      </trkpt>
      <trkpt lat="36.559621" lon="128.731536">
        <ele>94.3</ele>
      </trkpt>
      <trkpt lat="36.559614" lon="128.731481">
        <ele>94.4</ele>
      </trkpt>
      <trkpt lat="36.559608" lon="128.731426">
        <ele>94.5</ele>
      </trkpt>
      <trkpt lat="36.559601" lon="128.731370">
        <ele>94.7</ele>
      </trkpt>
      <trkpt lat="36.559594" lon="128.731315">
        <ele>94.8</ele>
      </trkpt>
      <trkpt lat="36.559587" lon="128.731260">
        <ele>94.9</ele>
      </trkpt>
      <trkpt lat="36.559581" lon="128.731204">
        <ele>95.0</ele>
      </trkpt>
      <trkpt lat="36.559574" lon="128.731149">
        <ele>95.1</ele>
      </trkpt>
      <trkpt lat="36.559567" lon="128.731094">
        <ele>95.3</ele>
      </trkpt>
      <trkpt lat="36.559561" lon="128.731038">
        <ele>95.4</ele>
      </trkpt>
      <trkpt lat="36.559554" lon="128.730983">
        <ele>95.5</ele>
      </trkpt>
      <trkpt lat="36.559547" lon="128.730928">
        <ele>95.6</ele>
      </trkpt>
      <trkpt lat="36.559541" lon="128.730872">
        <ele>95.8</ele>
      </trkpt>
      <trkpt lat="36.559534" lon="128.730817">
        <ele>95.9</ele>
      </trkpt>
      <trkpt lat="36.559527" lon="128.730761">
        <ele>96.0</ele>
      </trkpt>
      <trkpt lat="36.559521" lon="128.730706">
        <ele>96.1</ele>
      </trkpt>
      <trkpt lat="36.559514" lon="128.730651">
        <ele>96.3</ele>
      </trkpt>
      <trkpt lat="36.559507" lon="128.730595">
        <ele>96.4</ele>
      </trkpt>
      <trkpt lat="36.559501" lon="128.730540">
        <ele>96.5</ele>
      </trkpt>
      <trkpt lat="36.559494" lon="128.730485">
        <ele>96.6</ele>
      </trkpt>
      <trkpt lat="36.559487" lon="128.730429">
        <ele>96.7</ele>
      </trkpt>
      <trkpt lat="36.559461" lon="128.730408">
        <ele>96.8</ele>
      </trkpt>
      <trkpt lat="36.559446" lon="128.730412">
        <ele>96.8</ele>
      </trkpt>
    </trkseg>
  </trk>
</gpx>