<?xml version="1.0" encoding="UTF-8"?>
<gpx version="1.1" creator="Runruun Standard GPX Engine" xmlns="http://www.topografix.com/GPX/1/1">
  <metadata>
    <name>siheung_half_marathon</name>
  </metadata>
  <trk>
    <name>siheung_half_marathon</name>
    <trkseg>
      <trkpt lat="37.328954" lon="126.688843">
        <ele>1.0</ele>
      </trkpt>
      <trkpt lat="37.328964" lon="126.688812">
        <ele>1.0</ele>
      </trkpt>
      <trkpt lat="37.328929" lon="126.688777">
        <ele>1.0</ele>
      </trkpt>
      <trkpt lat="37.328893" lon="126.688743">
        <ele>1.0</ele>
      </trkpt>
      <trkpt lat="37.328857" lon="126.688708">
        <ele>1.0</ele>
      </trkpt>
      <trkpt lat="37.328822" lon="126.688674">
        <ele>1.0</ele>
      </trkpt>
      <trkpt lat="37.328786" lon="126.688639">
        <ele>1.0</ele>
      </trkpt>
      <trkpt lat="37.328750" lon="126.688605">
        <ele>1.0</ele>
      </trkpt>
      <trkpt lat="37.328715" lon="126.688570">
        <ele>1.0</ele>
      </trkpt>
      <trkpt lat="37.328679" lon="126.688536">
        <ele>1.0</ele>
      </trkpt>
      <trkpt lat="37.328643" lon="126.688502">
        <ele>1.0</ele>
      </trkpt>
      <trkpt lat="37.328608" lon="126.688467">
        <ele>1.0</ele>
      </trkpt>
      <trkpt lat="37.328572" lon="126.688433">
        <ele>1.0</ele>
      </trkpt>
      <trkpt lat="37.328536" lon="126.688398">
        <ele>1.0</ele>
      </trkpt>
      <trkpt lat="37.328501" lon="126.688364">
        <ele>1.0</ele>
      </trkpt>
      <trkpt lat="37.328465" lon="126.688329">
        <ele>1.0</ele>
      </trkpt>
      <trkpt lat="37.328429" lon="126.688295">
        <ele>1.0</ele>
      </trkpt>
      <trkpt lat="37.328394" lon="126.688260">
        <ele>1.0</ele>
      </trkpt>
      <trkpt lat="37.328358" lon="126.688226">
        <ele>1.0</ele>
      </trkpt>
      <trkpt lat="37.328322" lon="126.688192">
        <ele>1.0</ele>
      </trkpt>
      <trkpt lat="37.328287" lon="126.688157">
        <ele>1.0</ele>
      </trkpt>
      <trkpt lat="37.328251" lon="126.688123">
        <ele>1.0</ele>
      </trkpt>
      <trkpt lat="37.328215" lon="126.688088">
        <ele>1.0</ele>
      </trkpt>
      <trkpt lat="37.328180" lon="126.688054">
        <ele>1.0</ele>
      </trkpt>
      <trkpt lat="37.328153" lon="126.688018">
        <ele>1.0</ele>
      </trkpt>
      <trkpt lat="37.328185" lon="126.688015">
        <ele>1.0</ele>
      </trkpt>
      <trkpt lat="37.328175" lon="126.687981">
        <ele>1.0</ele>
      </trkpt>
      <trkpt lat="37.328202" lon="126.687936">
        <ele>1.0</ele>
      </trkpt>
      <trkpt lat="37.328230" lon="126.687891">
        <ele>1.0</ele>
      </trkpt>
      <trkpt lat="37.328257" lon="126.687846">
        <ele>1.0</ele>
      </trkpt>
      <trkpt lat="37.328285" lon="126.687802">
        <ele>1.0</ele>
      </trkpt>
      <trkpt lat="37.328312" lon="126.687757">
        <ele>1.0</ele>
      </trkpt>
      <trkpt lat="37.328340" lon="126.687712">
        <ele>1.0</ele>
      </trkpt>
      <trkpt lat="37.328367" lon="126.687667">
        <ele>1.0</ele>
      </trkpt>
      <trkpt lat="37.328395" lon="126.687622">
        <ele>1.0</ele>
      </trkpt>
      <trkpt lat="37.328422" lon="126.687578">
        <ele>1.0</ele>
      </trkpt>
      <trkpt lat="37.328450" lon="126.687533">
        <ele>1.0</ele>
      </trkpt>
      <trkpt lat="37.328477" lon="126.687488">
        <ele>1.0</ele>
      </trkpt>
      <trkpt lat="37.328505" lon="126.687443">
        <ele>1.0</ele>
      </trkpt>
      <trkpt lat="37.328532" lon="126.687399">
        <ele>1.0</ele>
      </trkpt>
      <trkpt lat="37.328560" lon="126.687354">
        <ele>1.0</ele>
      </trkpt>
      <trkpt lat="37.328587" lon="126.687309">
        <ele>1.0</ele>
      </trkpt>
      <trkpt lat="37.328615" lon="126.687264">
        <ele>1.0</ele>
      </trkpt>
      <trkpt lat="37.328642" lon="126.687220">
        <ele>1.0</ele>
      </trkpt>
      <trkpt lat="37.328669" lon="126.687175">
        <ele>1.0</ele>
      </trkpt>
      <trkpt lat="37.328697" lon="126.687130">
        <ele>1.0</ele>
      </trkpt>
      <trkpt lat="37.328724" lon="126.687085">
        <ele>1.0</ele>
      </trkpt>
      <trkpt lat="37.328752" lon="126.687040">
        <ele>1.0</ele>
      </trkpt>
      <trkpt lat="37.328779" lon="126.686996">
        <ele>1.0</ele>
      </trkpt>
      <trkpt lat="37.328807" lon="126.686951">
        <ele>1.0</ele>
      </trkpt>
      <trkpt lat="37.328834" lon="126.686906">
        <ele>1.0</ele>
      </trkpt>
      <trkpt lat="37.328862" lon="126.686861">
        <ele>1.0</ele>
      </trkpt>
      <trkpt lat="37.328889" lon="126.686816">
        <ele>1.0</ele>
      </trkpt>
      <trkpt lat="37.328881" lon="126.686778">
        <ele>1.0</ele>
      </trkpt>
      <trkpt lat="37.328845" lon="126.686744">
        <ele>1.0</ele>
      </trkpt>
      <trkpt lat="37.328809" lon="126.686710">
        <ele>1.0</ele>
      </trkpt>
      <trkpt lat="37.328772" lon="126.686676">
        <ele>1.0</ele>
      </trkpt>
      <trkpt lat="37.328737" lon="126.686642">
        <ele>1.0</ele>
      </trkpt>
      <trkpt lat="37.328701" lon="126.686607">
        <ele>1.0</ele>
      </trkpt>
      <trkpt lat="37.328666" lon="126.686573">
        <ele>1.0</ele>
      </trkpt>
      <trkpt lat="37.328630" lon="126.686538">
        <ele>1.0</ele>
      </trkpt>
      <trkpt lat="37.328595" lon="126.686503">
        <ele>1.0</ele>
      </trkpt>
      <trkpt lat="37.328559" lon="126.686468">
        <ele>1.0</ele>
      </trkpt>
      <trkpt lat="37.328524" lon="126.686434">
        <ele>1.0</ele>
      </trkpt>
      <trkpt lat="37.328488" lon="126.686399">
        <ele>1.0</ele>
      </trkpt>
      <trkpt lat="37.328453" lon="126.686364">
        <ele>1.0</ele>
      </trkpt>
      <trkpt lat="37.328417" lon="126.686330">
        <ele>1.0</ele>
      </trkpt>
      <trkpt lat="37.328382" lon="126.686295">
        <ele>1.0</ele>
      </trkpt>
      <trkpt lat="37.328346" lon="126.686260">
        <ele>1.0</ele>
      </trkpt>
      <trkpt lat="37.328310" lon="126.686227">
        <ele>1.0</ele>
      </trkpt>
      <trkpt lat="37.328273" lon="126.686194">
        <ele>1.0</ele>
      </trkpt>
      <trkpt lat="37.328236" lon="126.686162">
        <ele>1.0</ele>
      </trkpt>
      <trkpt lat="37.328204" lon="126.686137">
        <ele>1.0</ele>
      </trkpt>
      <trkpt lat="37.328231" lon="126.686101">
        <ele>1.0</ele>
      </trkpt>
      <trkpt lat="37.328258" lon="126.686056">
        <ele>1.0</ele>
      </trkpt>
      <trkpt lat="37.328285" lon="126.686011">
        <ele>1.0</ele>
      </trkpt>
      <trkpt lat="37.328312" lon="126.685966">
        <ele>1.0</ele>
      </trkpt>
      <trkpt lat="37.328340" lon="126.685921">
        <ele>1.1</ele>
      </trkpt>
      <trkpt lat="37.328367" lon="126.685876">
        <ele>1.2</ele>
      </trkpt>
      <trkpt lat="37.328394" lon="126.685831">
        <ele>1.2</ele>
      </trkpt>
      <trkpt lat="37.328421" lon="126.685786">
        <ele>1.3</ele>
      </trkpt>
      <trkpt lat="37.328449" lon="126.685741">
        <ele>1.4</ele>
      </trkpt>
      <trkpt lat="37.328476" lon="126.685696">
        <ele>1.5</ele>
      </trkpt>
      <trkpt lat="37.328503" lon="126.685651">
        <ele>1.5</ele>
      </trkpt>
      <trkpt lat="37.328531" lon="126.685607">
        <ele>1.6</ele>
      </trkpt>
      <trkpt lat="37.328558" lon="126.685562">
        <ele>1.7</ele>
      </trkpt>
      <trkpt lat="37.328585" lon="126.685517">
        <ele>1.7</ele>
      </trkpt>
      <trkpt lat="37.328613" lon="126.685472">
        <ele>1.8</ele>
      </trkpt>
      <trkpt lat="37.328640" lon="126.685427">
        <ele>1.9</ele>
      </trkpt>
      <trkpt lat="37.328667" lon="126.685382">
        <ele>2.0</ele>
      </trkpt>
      <trkpt lat="37.328695" lon="126.685337">
        <ele>2.0</ele>
      </trkpt>
      <trkpt lat="37.328722" lon="126.685293">
        <ele>2.0</ele>
      </trkpt>
      <trkpt lat="37.328750" lon="126.685248">
        <ele>2.0</ele>
      </trkpt>
      <trkpt lat="37.328778" lon="126.685203">
        <ele>2.0</ele>
      </trkpt>
      <trkpt lat="37.328805" lon="126.685159">
        <ele>2.0</ele>
      </trkpt>
      <trkpt lat="37.328833" lon="126.685114">
        <ele>2.0</ele>
      </trkpt>
      <trkpt lat="37.328861" lon="126.685070">
        <ele>2.0</ele>
      </trkpt>
      <trkpt lat="37.328889" lon="126.685026">
        <ele>2.0</ele>
      </trkpt>
      <trkpt lat="37.328917" lon="126.684981">
        <ele>2.0</ele>
      </trkpt>
      <trkpt lat="37.328945" lon="126.684937">
        <ele>2.0</ele>
      </trkpt>
      <trkpt lat="37.328973" lon="126.684892">
        <ele>2.1</ele>
      </trkpt>
      <trkpt lat="37.329000" lon="126.684848">
        <ele>2.1</ele>
      </trkpt>
      <trkpt lat="37.329028" lon="126.684804">
        <ele>2.1</ele>
      </trkpt>
      <trkpt lat="37.329056" lon="126.684759">
        <ele>2.1</ele>
      </trkpt>
      <trkpt lat="37.329084" lon="126.684715">
        <ele>2.2</ele>
      </trkpt>
      <trkpt lat="37.329112" lon="126.684670">
        <ele>2.2</ele>
      </trkpt>
      <trkpt lat="37.329140" lon="126.684626">
        <ele>2.2</ele>
      </trkpt>
      <trkpt lat="37.329167" lon="126.684582">
        <ele>2.2</ele>
      </trkpt>
      <trkpt lat="37.329195" lon="126.684537">
        <ele>2.3</ele>
      </trkpt>
      <trkpt lat="37.329223" lon="126.684493">
        <ele>2.3</ele>
      </trkpt>
      <trkpt lat="37.329251" lon="126.684448">
        <ele>2.3</ele>
      </trkpt>
      <trkpt lat="37.329279" lon="126.684404">
        <ele>2.3</ele>
      </trkpt>
      <trkpt lat="37.329307" lon="126.684360">
        <ele>2.4</ele>
      </trkpt>
      <trkpt lat="37.329334" lon="126.684315">
        <ele>2.4</ele>
      </trkpt>
      <trkpt lat="37.329362" lon="126.684271">
        <ele>2.4</ele>
      </trkpt>
      <trkpt lat="37.329390" lon="126.684226">
        <ele>2.4</ele>
      </trkpt>
      <trkpt lat="37.329418" lon="126.684182">
        <ele>2.5</ele>
      </trkpt>
      <trkpt lat="37.329446" lon="126.684137">
        <ele>2.5</ele>
      </trkpt>
      <trkpt lat="37.329474" lon="126.684093">
        <ele>2.5</ele>
      </trkpt>
      <trkpt lat="37.329501" lon="126.684049">
        <ele>2.5</ele>
      </trkpt>
      <trkpt lat="37.329529" lon="126.684004">
        <ele>2.6</ele>
      </trkpt>
      <trkpt lat="37.329557" lon="126.683960">
        <ele>2.6</ele>
      </trkpt>
      <trkpt lat="37.329585" lon="126.683915">
        <ele>2.6</ele>
      </trkpt>
      <trkpt lat="37.329613" lon="126.683871">
        <ele>2.6</ele>
      </trkpt>
      <trkpt lat="37.329641" lon="126.683827">
        <ele>2.7</ele>
      </trkpt>
      <trkpt lat="37.329668" lon="126.683782">
        <ele>2.7</ele>
      </trkpt>
      <trkpt lat="37.329696" lon="126.683738">
        <ele>2.7</ele>
      </trkpt>
      <trkpt lat="37.329724" lon="126.683693">
        <ele>2.7</ele>
      </trkpt>
      <trkpt lat="37.329752" lon="126.683649">
        <ele>2.8</ele>
      </trkpt>
      <trkpt lat="37.329780" lon="126.683605">
        <ele>2.8</ele>
      </trkpt>
      <trkpt lat="37.329808" lon="126.683560">
        <ele>2.8</ele>
      </trkpt>
      <trkpt lat="37.329835" lon="126.683516">
        <ele>2.8</ele>
      </trkpt>
      <trkpt lat="37.329863" lon="126.683471">
        <ele>2.9</ele>
      </trkpt>
      <trkpt lat="37.329891" lon="126.683427">
        <ele>2.9</ele>
      </trkpt>
      <trkpt lat="37.329919" lon="126.683382">
        <ele>2.9</ele>
      </trkpt>
      <trkpt lat="37.329947" lon="126.683338">
        <ele>2.9</ele>
      </trkpt>
      <trkpt lat="37.329975" lon="126.683294">
        <ele>3.0</ele>
      </trkpt>
      <trkpt lat="37.330002" lon="126.683249">
        <ele>3.0</ele>
      </trkpt>
      <trkpt lat="37.329991" lon="126.683199">
        <ele>2.0</ele>
      </trkpt>
      <trkpt lat="37.329976" lon="126.683157">
        <ele>2.0</ele>
      </trkpt>
      <trkpt lat="37.329957" lon="126.683105">
        <ele>2.0</ele>
      </trkpt>
      <trkpt lat="37.329938" lon="126.683054">
        <ele>2.0</ele>
      </trkpt>
      <trkpt lat="37.329920" lon="126.683002">
        <ele>2.0</ele>
      </trkpt>
      <trkpt lat="37.329901" lon="126.682951">
        <ele>2.0</ele>
      </trkpt>
      <trkpt lat="37.329883" lon="126.682899">
        <ele>2.0</ele>
      </trkpt>
      <trkpt lat="37.329864" lon="126.682848">
        <ele>2.0</ele>
      </trkpt>
      <trkpt lat="37.329846" lon="126.682796">
        <ele>2.0</ele>
      </trkpt>
      <trkpt lat="37.329827" lon="126.682745">
        <ele>2.0</ele>
      </trkpt>
      <trkpt lat="37.329809" lon="126.682693">
        <ele>2.0</ele>
      </trkpt>
      <trkpt lat="37.329791" lon="126.682642">
        <ele>2.0</ele>
      </trkpt>
      <trkpt lat="37.329772" lon="126.682590">
        <ele>2.0</ele>
      </trkpt>
      <trkpt lat="37.329754" lon="126.682538">
        <ele>2.0</ele>
      </trkpt>
      <trkpt lat="37.329735" lon="126.682487">
        <ele>2.0</ele>
      </trkpt>
      <trkpt lat="37.329717" lon="126.682435">
        <ele>2.0</ele>
      </trkpt>
      <trkpt lat="37.329698" lon="126.682384">
        <ele>2.0</ele>
      </trkpt>
      <trkpt lat="37.329680" lon="126.682332">
        <ele>2.0</ele>
      </trkpt>
      <trkpt lat="37.329661" lon="126.682281">
        <ele>2.0</ele>
      </trkpt>
      <trkpt lat="37.329643" lon="126.682229">
        <ele>2.0</ele>
      </trkpt>
      <trkpt lat="37.329624" lon="126.682178">
        <ele>2.0</ele>
      </trkpt>
      <trkpt lat="37.329606" lon="126.682126">
        <ele>2.0</ele>
      </trkpt>
      <trkpt lat="37.329587" lon="126.682074">
        <ele>2.0</ele>
      </trkpt>
      <trkpt lat="37.329569" lon="126.682023">
        <ele>2.0</ele>
      </trkpt>
      <trkpt lat="37.329550" lon="126.681971">
        <ele>2.0</ele>
      </trkpt>
      <trkpt lat="37.329532" lon="126.681920">
        <ele>2.0</ele>
      </trkpt>
      <trkpt lat="37.329513" lon="126.681868">
        <ele>2.0</ele>
      </trkpt>
      <trkpt lat="37.329495" lon="126.681817">
        <ele>2.0</ele>
      </trkpt>
      <trkpt lat="37.329476" lon="126.681765">
        <ele>2.0</ele>
      </trkpt>
      <trkpt lat="37.329458" lon="126.681714">
        <ele>2.0</ele>
      </trkpt>
      <trkpt lat="37.329439" lon="126.681662">
        <ele>2.0</ele>
      </trkpt>
      <trkpt lat="37.329421" lon="126.681610">
        <ele>2.0</ele>
      </trkpt>
      <trkpt lat="37.329402" lon="126.681559">
        <ele>2.0</ele>
      </trkpt>
      <trkpt lat="37.329384" lon="126.681507">
        <ele>2.0</ele>
      </trkpt>
      <trkpt lat="37.329365" lon="126.681456">
        <ele>2.0</ele>
      </trkpt>
      <trkpt lat="37.329347" lon="126.681404">
        <ele>2.0</ele>
      </trkpt>
      <trkpt lat="37.329329" lon="126.681353">
        <ele>2.0</ele>
      </trkpt>
      <trkpt lat="37.329310" lon="126.681301">
        <ele>2.0</ele>
      </trkpt>
      <trkpt lat="37.329292" lon="126.681250">
        <ele>2.0</ele>
      </trkpt>
      <trkpt lat="37.329273" lon="126.681198">
        <ele>2.0</ele>
      </trkpt>
      <trkpt lat="37.329255" lon="126.681146">
        <ele>2.0</ele>
      </trkpt>
      <trkpt lat="37.329236" lon="126.681095">
        <ele>2.0</ele>
      </trkpt>
      <trkpt lat="37.329218" lon="126.681043">
        <ele>2.0</ele>
      </trkpt>
      <trkpt lat="37.329199" lon="126.680992">
        <ele>2.0</ele>
      </trkpt>
      <trkpt lat="37.329181" lon="126.680940">
        <ele>2.0</ele>
      </trkpt>
      <trkpt lat="37.329162" lon="126.680889">
        <ele>2.0</ele>
      </trkpt>
      <trkpt lat="37.329144" lon="126.680837">
        <ele>2.0</ele>
      </trkpt>
      <trkpt lat="37.329125" lon="126.680786">
        <ele>2.0</ele>
      </trkpt>
      <trkpt lat="37.329107" lon="126.680734">
        <ele>2.0</ele>
      </trkpt>
      <trkpt lat="37.329088" lon="126.680682">
        <ele>2.0</ele>
      </trkpt>
      <trkpt lat="37.329071" lon="126.680630">
        <ele>2.0</ele>
      </trkpt>
      <trkpt lat="37.329057" lon="126.680576">
        <ele>2.0</ele>
      </trkpt>
      <trkpt lat="37.329043" lon="126.680523">
        <ele>2.0</ele>
      </trkpt>
      <trkpt lat="37.329029" lon="126.680469">
        <ele>2.0</ele>
      </trkpt>
      <trkpt lat="37.329016" lon="126.680415">
        <ele>2.0</ele>
      </trkpt>
      <trkpt lat="37.329002" lon="126.680361">
        <ele>2.0</ele>
      </trkpt>
      <trkpt lat="37.328988" lon="126.680308">
        <ele>2.0</ele>
      </trkpt>
      <trkpt lat="37.328974" lon="126.680254">
        <ele>2.0</ele>
      </trkpt>
      <trkpt lat="37.328970" lon="126.680203">
        <ele>2.0</ele>
      </trkpt>
      <trkpt lat="37.328995" lon="126.680177">
        <ele>5.0</ele>
      </trkpt>
      <trkpt lat="37.329030" lon="126.680141">
        <ele>5.0</ele>
      </trkpt>
      <trkpt lat="37.329069" lon="126.680114">
        <ele>5.0</ele>
      </trkpt>
      <trkpt lat="37.329110" lon="126.680091">
        <ele>5.0</ele>
      </trkpt>
      <trkpt lat="37.329152" lon="126.680069">
        <ele>5.0</ele>
      </trkpt>
      <trkpt lat="37.329193" lon="126.680048">
        <ele>5.0</ele>
      </trkpt>
      <trkpt lat="37.329235" lon="126.680028">
        <ele>5.0</ele>
      </trkpt>
      <trkpt lat="37.329277" lon="126.680007">
        <ele>5.0</ele>
      </trkpt>
      <trkpt lat="37.329319" lon="126.679986">
        <ele>5.0</ele>
      </trkpt>
      <trkpt lat="37.329361" lon="126.679965">
        <ele>5.0</ele>
      </trkpt>
      <trkpt lat="37.329402" lon="126.679944">
        <ele>5.0</ele>
      </trkpt>
      <trkpt lat="37.329444" lon="126.679923">
        <ele>5.0</ele>
      </trkpt>
      <trkpt lat="37.329486" lon="126.679903">
        <ele>5.0</ele>
      </trkpt>
      <trkpt lat="37.329528" lon="126.679883">
        <ele>5.0</ele>
      </trkpt>
      <trkpt lat="37.329570" lon="126.679863">
        <ele>5.0</ele>
      </trkpt>
      <trkpt lat="37.329612" lon="126.679843">
        <ele>5.0</ele>
      </trkpt>
      <trkpt lat="37.329654" lon="126.679823">
        <ele>5.0</ele>
      </trkpt>
      <trkpt lat="37.329696" lon="126.679803">
        <ele>5.0</ele>
      </trkpt>
      <trkpt lat="37.329738" lon="126.679783">
        <ele>5.0</ele>
      </trkpt>
      <trkpt lat="37.329780" lon="126.679763">
        <ele>5.0</ele>
      </trkpt>
      <trkpt lat="37.329823" lon="126.679743">
        <ele>5.0</ele>
      </trkpt>
      <trkpt lat="37.329865" lon="126.679723">
        <ele>5.0</ele>
      </trkpt>
      <trkpt lat="37.329907" lon="126.679703">
        <ele>5.0</ele>
      </trkpt>
      <trkpt lat="37.329949" lon="126.679683">
        <ele>5.0</ele>
      </trkpt>
      <trkpt lat="37.329991" lon="126.679663">
        <ele>5.0</ele>
      </trkpt>
      <trkpt lat="37.330033" lon="126.679643">
        <ele>5.0</ele>
      </trkpt>
      <trkpt lat="37.330075" lon="126.679623">
        <ele>5.0</ele>
      </trkpt>
      <trkpt lat="37.330117" lon="126.679603">
        <ele>5.0</ele>
      </trkpt>
      <trkpt lat="37.330159" lon="126.679583">
        <ele>5.0</ele>
      </trkpt>
      <trkpt lat="37.330201" lon="126.679563">
        <ele>5.0</ele>
      </trkpt>
      <trkpt lat="37.330243" lon="126.679543">
        <ele>5.0</ele>
      </trkpt>
      <trkpt lat="37.330285" lon="126.679523">
        <ele>5.0</ele>
      </trkpt>
      <trkpt lat="37.330327" lon="126.679503">
        <ele>5.0</ele>
      </trkpt>
      <trkpt lat="37.330369" lon="126.679483">
        <ele>5.0</ele>
      </trkpt>
      <trkpt lat="37.330411" lon="126.679463">
        <ele>5.0</ele>
      </trkpt>
      <trkpt lat="37.330453" lon="126.679442">
        <ele>5.0</ele>
      </trkpt>
      <trkpt lat="37.330495" lon="126.679422">
        <ele>5.0</ele>
      </trkpt>
      <trkpt lat="37.330537" lon="126.679402">
        <ele>5.0</ele>
      </trkpt>
      <trkpt lat="37.330579" lon="126.679382">
        <ele>5.0</ele>
      </trkpt>
      <trkpt lat="37.330621" lon="126.679362">
        <ele>5.0</ele>
      </trkpt>
      <trkpt lat="37.330664" lon="126.679342">
        <ele>5.0</ele>
      </trkpt>
      <trkpt lat="37.330706" lon="126.679322">
        <ele>5.0</ele>
      </trkpt>
      <trkpt lat="37.330748" lon="126.679302">
        <ele>5.0</ele>
      </trkpt>
      <trkpt lat="37.330790" lon="126.679282">
        <ele>5.0</ele>
      </trkpt>
      <trkpt lat="37.330832" lon="126.679262">
        <ele>5.0</ele>
      </trkpt>
      <trkpt lat="37.330874" lon="126.679242">
        <ele>5.0</ele>
      </trkpt>
      <trkpt lat="37.330916" lon="126.679221">
        <ele>5.0</ele>
      </trkpt>
      <trkpt lat="37.330957" lon="126.679200">
        <ele>5.0</ele>
      </trkpt>
      <trkpt lat="37.330999" lon="126.679179">
        <ele>5.0</ele>
      </trkpt>
      <trkpt lat="37.331041" lon="126.679158">
        <ele>5.0</ele>
      </trkpt>
      <trkpt lat="37.331083" lon="126.679137">
        <ele>5.0</ele>
      </trkpt>
      <trkpt lat="37.331124" lon="126.679116">
        <ele>5.0</ele>
      </trkpt>
      <trkpt lat="37.331166" lon="126.679095">
        <ele>5.0</ele>
      </trkpt>
      <trkpt lat="37.331208" lon="126.679074">
        <ele>5.0</ele>
      </trkpt>
      <trkpt lat="37.331250" lon="126.679053">
        <ele>5.0</ele>
      </trkpt>
      <trkpt lat="37.331291" lon="126.679032">
        <ele>5.0</ele>
      </trkpt>
      <trkpt lat="37.331333" lon="126.679011">
        <ele>5.0</ele>
      </trkpt>
      <trkpt lat="37.331375" lon="126.678990">
        <ele>5.0</ele>
      </trkpt>
      <trkpt lat="37.331416" lon="126.678969">
        <ele>5.0</ele>
      </trkpt>
      <trkpt lat="37.331458" lon="126.678948">
        <ele>5.0</ele>
      </trkpt>
      <trkpt lat="37.331500" lon="126.678926">
        <ele>5.1</ele>
      </trkpt>
      <trkpt lat="37.331542" lon="126.678905">
        <ele>5.2</ele>
      </trkpt>
      <trkpt lat="37.331583" lon="126.678884">
        <ele>5.3</ele>
      </trkpt>
      <trkpt lat="37.331625" lon="126.678864">
        <ele>5.0</ele>
      </trkpt>
      <trkpt lat="37.331668" lon="126.678845">
        <ele>4.4</ele>
      </trkpt>
      <trkpt lat="37.331704" lon="126.678827">
        <ele>0.5</ele>
      </trkpt>
      <trkpt lat="37.331688" lon="126.678774">
        <ele>0.0</ele>
      </trkpt>
      <trkpt lat="37.331673" lon="126.678721">
        <ele>0.0</ele>
      </trkpt>
      <trkpt lat="37.331658" lon="126.678668">
        <ele>0.0</ele>
      </trkpt>
      <trkpt lat="37.331642" lon="126.678614">
        <ele>0.0</ele>
      </trkpt>
      <trkpt lat="37.331627" lon="126.678561">
        <ele>0.0</ele>
      </trkpt>
      <trkpt lat="37.331612" lon="126.678508">
        <ele>0.0</ele>
      </trkpt>
      <trkpt lat="37.331597" lon="126.678455">
        <ele>0.0</ele>
      </trkpt>
      <trkpt lat="37.331582" lon="126.678402">
        <ele>0.0</ele>
      </trkpt>
      <trkpt lat="37.331566" lon="126.678348">
        <ele>0.0</ele>
      </trkpt>
      <trkpt lat="37.331551" lon="126.678295">
        <ele>0.0</ele>
      </trkpt>
      <trkpt lat="37.331536" lon="126.678242">
        <ele>0.0</ele>
      </trkpt>
      <trkpt lat="37.331521" lon="126.678189">
        <ele>0.0</ele>
      </trkpt>
      <trkpt lat="37.331505" lon="126.678136">
        <ele>0.0</ele>
      </trkpt>
      <trkpt lat="37.331490" lon="126.678082">
        <ele>0.0</ele>
      </trkpt>
      <trkpt lat="37.331475" lon="126.678029">
        <ele>0.0</ele>
      </trkpt>
      <trkpt lat="37.331460" lon="126.677976">
        <ele>0.0</ele>
      </trkpt>
      <trkpt lat="37.331445" lon="126.677923">
        <ele>0.0</ele>
      </trkpt>
      <trkpt lat="37.331429" lon="126.677870">
        <ele>0.0</ele>
      </trkpt>
      <trkpt lat="37.331414" lon="126.677816">
        <ele>0.0</ele>
      </trkpt>
      <trkpt lat="37.331399" lon="126.677763">
        <ele>0.0</ele>
      </trkpt>
      <trkpt lat="37.331384" lon="126.677710">
        <ele>0.0</ele>
      </trkpt>
      <trkpt lat="37.331368" lon="126.677657">
        <ele>0.0</ele>
      </trkpt>
      <trkpt lat="37.331353" lon="126.677603">
        <ele>0.0</ele>
      </trkpt>
      <trkpt lat="37.331338" lon="126.677550">
        <ele>0.0</ele>
      </trkpt>
      <trkpt lat="37.331323" lon="126.677497">
        <ele>0.0</ele>
      </trkpt>
      <trkpt lat="37.331307" lon="126.677444">
        <ele>0.0</ele>
      </trkpt>
      <trkpt lat="37.331292" lon="126.677391">
        <ele>0.0</ele>
      </trkpt>
      <trkpt lat="37.331277" lon="126.677337">
        <ele>0.0</ele>
      </trkpt>
      <trkpt lat="37.331262" lon="126.677284">
        <ele>0.0</ele>
      </trkpt>
      <trkpt lat="37.331247" lon="126.677231">
        <ele>0.0</ele>
      </trkpt>
      <trkpt lat="37.331231" lon="126.677178">
        <ele>0.0</ele>
      </trkpt>
      <trkpt lat="37.331216" lon="126.677125">
        <ele>0.0</ele>
      </trkpt>
      <trkpt lat="37.331201" lon="126.677071">
        <ele>0.0</ele>
      </trkpt>
      <trkpt lat="37.331186" lon="126.677018">
        <ele>0.0</ele>
      </trkpt>
      <trkpt lat="37.331170" lon="126.676965">
        <ele>0.0</ele>
      </trkpt>
      <trkpt lat="37.331155" lon="126.676912">
        <ele>0.0</ele>
      </trkpt>
      <trkpt lat="37.331140" lon="126.676859">
        <ele>0.0</ele>
      </trkpt>
      <trkpt lat="37.331125" lon="126.676805">
        <ele>0.0</ele>
      </trkpt>
      <trkpt lat="37.331110" lon="126.676752">
        <ele>0.0</ele>
      </trkpt>
      <trkpt lat="37.331094" lon="126.676699">
        <ele>0.0</ele>
      </trkpt>
      <trkpt lat="37.331079" lon="126.676646">
        <ele>0.0</ele>
      </trkpt>
      <trkpt lat="37.331064" lon="126.676592">
        <ele>0.0</ele>
      </trkpt>
      <trkpt lat="37.331049" lon="126.676539">
        <ele>0.0</ele>
      </trkpt>
      <trkpt lat="37.331033" lon="126.676486">
        <ele>0.0</ele>
      </trkpt>
      <trkpt lat="37.331018" lon="126.676433">
        <ele>0.0</ele>
      </trkpt>
      <trkpt lat="37.331003" lon="126.676380">
        <ele>0.0</ele>
      </trkpt>
      <trkpt lat="37.330988" lon="126.676326">
        <ele>0.0</ele>
      </trkpt>
      <trkpt lat="37.330973" lon="126.676273">
        <ele>0.0</ele>
      </trkpt>
      <trkpt lat="37.330957" lon="126.676220">
        <ele>0.0</ele>
      </trkpt>
      <trkpt lat="37.330942" lon="126.676167">
        <ele>0.0</ele>
      </trkpt>
      <trkpt lat="37.330927" lon="126.676114">
        <ele>0.0</ele>
      </trkpt>
      <trkpt lat="37.330912" lon="126.676060">
        <ele>0.0</ele>
      </trkpt>
      <trkpt lat="37.330896" lon="126.676007">
        <ele>0.0</ele>
      </trkpt>
      <trkpt lat="37.330881" lon="126.675954">
        <ele>0.0</ele>
      </trkpt>
      <trkpt lat="37.330866" lon="126.675901">
        <ele>0.0</ele>
      </trkpt>
      <trkpt lat="37.330856" lon="126.675865">
        <ele>4.5</ele>
      </trkpt>
      <trkpt lat="37.330840" lon="126.675811">
        <ele>4.5</ele>
      </trkpt>
      <trkpt lat="37.330825" lon="126.675758">
        <ele>4.5</ele>
      </trkpt>
      <trkpt lat="37.330810" lon="126.675705">
        <ele>4.5</ele>
      </trkpt>
      <trkpt lat="37.330795" lon="126.675652">
        <ele>4.5</ele>
      </trkpt>
      <trkpt lat="37.330779" lon="126.675599">
        <ele>4.5</ele>
      </trkpt>
      <trkpt lat="37.330764" lon="126.675545">
        <ele>4.5</ele>
      </trkpt>
      <trkpt lat="37.330749" lon="126.675492">
        <ele>4.5</ele>
      </trkpt>
      <trkpt lat="37.330734" lon="126.675439">
        <ele>4.5</ele>
      </trkpt>
      <trkpt lat="37.330718" lon="126.675386">
        <ele>4.5</ele>
      </trkpt>
      <trkpt lat="37.330703" lon="126.675333">
        <ele>4.5</ele>
      </trkpt>
      <trkpt lat="37.330688" lon="126.675279">
        <ele>4.5</ele>
      </trkpt>
      <trkpt lat="37.330673" lon="126.675226">
        <ele>4.5</ele>
      </trkpt>
      <trkpt lat="37.330657" lon="126.675173">
        <ele>4.5</ele>
      </trkpt>
      <trkpt lat="37.330642" lon="126.675120">
        <ele>4.5</ele>
      </trkpt>
      <trkpt lat="37.330628" lon="126.675066">
        <ele>4.5</ele>
      </trkpt>
      <trkpt lat="37.330613" lon="126.675013">
        <ele>4.5</ele>
      </trkpt>
      <trkpt lat="37.330598" lon="126.674959">
        <ele>4.5</ele>
      </trkpt>
      <trkpt lat="37.330584" lon="126.674906">
        <ele>4.5</ele>
      </trkpt>
      <trkpt lat="37.330569" lon="126.674852">
        <ele>4.5</ele>
      </trkpt>
      <trkpt lat="37.330554" lon="126.674799">
        <ele>4.5</ele>
      </trkpt>
      <trkpt lat="37.330540" lon="126.674746">
        <ele>4.5</ele>
      </trkpt>
      <trkpt lat="37.330525" lon="126.674692">
        <ele>4.5</ele>
      </trkpt>
      <trkpt lat="37.330511" lon="126.674639">
        <ele>4.5</ele>
      </trkpt>
      <trkpt lat="37.330496" lon="126.674585">
        <ele>4.5</ele>
      </trkpt>
      <trkpt lat="37.330481" lon="126.674532">
        <ele>4.5</ele>
      </trkpt>
      <trkpt lat="37.330467" lon="126.674478">
        <ele>4.5</ele>
      </trkpt>
      <trkpt lat="37.330452" lon="126.674425">
        <ele>4.5</ele>
      </trkpt>
      <trkpt lat="37.330437" lon="126.674371">
        <ele>4.5</ele>
      </trkpt>
      <trkpt lat="37.330423" lon="126.674318">
        <ele>4.5</ele>
      </trkpt>
      <trkpt lat="37.330408" lon="126.674264">
        <ele>4.5</ele>
      </trkpt>
      <trkpt lat="37.330393" lon="126.674211">
        <ele>4.5</ele>
      </trkpt>
      <trkpt lat="37.330379" lon="126.674157">
        <ele>4.5</ele>
      </trkpt>
      <trkpt lat="37.330364" lon="126.674104">
        <ele>4.5</ele>
      </trkpt>
      <trkpt lat="37.330349" lon="126.674050">
        <ele>4.5</ele>
      </trkpt>
      <trkpt lat="37.330335" lon="126.673997">
        <ele>4.5</ele>
      </trkpt>
      <trkpt lat="37.330320" lon="126.673943">
        <ele>4.5</ele>
      </trkpt>
      <trkpt lat="37.330306" lon="126.673890">
        <ele>4.5</ele>
      </trkpt>
      <trkpt lat="37.330291" lon="126.673837">
        <ele>4.5</ele>
      </trkpt>
      <trkpt lat="37.330276" lon="126.673783">
        <ele>4.5</ele>
      </trkpt>
      <trkpt lat="37.330262" lon="126.673730">
        <ele>4.5</ele>
      </trkpt>
      <trkpt lat="37.330247" lon="126.673676">
        <ele>4.5</ele>
      </trkpt>
      <trkpt lat="37.330232" lon="126.673623">
        <ele>4.5</ele>
      </trkpt>
      <trkpt lat="37.330218" lon="126.673569">
        <ele>4.5</ele>
      </trkpt>
      <trkpt lat="37.330203" lon="126.673516">
        <ele>4.5</ele>
      </trkpt>
      <trkpt lat="37.330188" lon="126.673462">
        <ele>4.5</ele>
      </trkpt>
      <trkpt lat="37.330174" lon="126.673409">
        <ele>4.5</ele>
      </trkpt>
      <trkpt lat="37.330159" lon="126.673355">
        <ele>4.5</ele>
      </trkpt>
      <trkpt lat="37.330145" lon="126.673302">
        <ele>4.5</ele>
      </trkpt>
      <trkpt lat="37.330130" lon="126.673248">
        <ele>4.5</ele>
      </trkpt>
      <trkpt lat="37.330115" lon="126.673195">
        <ele>4.5</ele>
      </trkpt>
      <trkpt lat="37.330101" lon="126.673141">
        <ele>4.5</ele>
      </trkpt>
      <trkpt lat="37.330086" lon="126.673088">
        <ele>4.5</ele>
      </trkpt>
      <trkpt lat="37.330071" lon="126.673035">
        <ele>4.5</ele>
      </trkpt>
      <trkpt lat="37.330057" lon="126.672981">
        <ele>4.5</ele>
      </trkpt>
      <trkpt lat="37.330042" lon="126.672928">
        <ele>4.5</ele>
      </trkpt>
      <trkpt lat="37.330027" lon="126.672874">
        <ele>4.5</ele>
      </trkpt>
      <trkpt lat="37.330013" lon="126.672821">
        <ele>4.5</ele>
      </trkpt>
      <trkpt lat="37.329998" lon="126.672767">
        <ele>4.5</ele>
      </trkpt>
      <trkpt lat="37.329983" lon="126.672714">
        <ele>4.5</ele>
      </trkpt>
      <trkpt lat="37.329969" lon="126.672660">
        <ele>4.5</ele>
      </trkpt>
      <trkpt lat="37.329954" lon="126.672607">
        <ele>4.5</ele>
      </trkpt>
      <trkpt lat="37.329940" lon="126.672553">
        <ele>4.5</ele>
      </trkpt>
      <trkpt lat="37.329925" lon="126.672500">
        <ele>4.5</ele>
      </trkpt>
      <trkpt lat="37.329910" lon="126.672446">
        <ele>4.5</ele>
      </trkpt>
      <trkpt lat="37.329896" lon="126.672393">
        <ele>4.5</ele>
      </trkpt>
      <trkpt lat="37.329881" lon="126.672339">
        <ele>4.5</ele>
      </trkpt>
      <trkpt lat="37.329866" lon="126.672286">
        <ele>4.5</ele>
      </trkpt>
      <trkpt lat="37.329852" lon="126.672232">
        <ele>4.5</ele>
      </trkpt>
      <trkpt lat="37.329837" lon="126.672179">
        <ele>4.5</ele>
      </trkpt>
      <trkpt lat="37.329822" lon="126.672126">
        <ele>4.5</ele>
      </trkpt>
      <trkpt lat="37.329808" lon="126.672072">
        <ele>4.5</ele>
      </trkpt>
      <trkpt lat="37.329793" lon="126.672019">
        <ele>4.5</ele>
      </trkpt>
      <trkpt lat="37.329779" lon="126.671965">
        <ele>4.5</ele>
      </trkpt>
      <trkpt lat="37.329764" lon="126.671912">
        <ele>4.5</ele>
      </trkpt>
      <trkpt lat="37.329749" lon="126.671858">
        <ele>4.5</ele>
      </trkpt>
      <trkpt lat="37.329735" lon="126.671805">
        <ele>4.5</ele>
      </trkpt>
      <trkpt lat="37.329720" lon="126.671751">
        <ele>4.5</ele>
      </trkpt>
      <trkpt lat="37.329705" lon="126.671698">
        <ele>4.5</ele>
      </trkpt>
      <trkpt lat="37.329691" lon="126.671644">
        <ele>4.5</ele>
      </trkpt>
      <trkpt lat="37.329676" lon="126.671591">
        <ele>4.5</ele>
      </trkpt>
      <trkpt lat="37.329661" lon="126.671537">
        <ele>4.5</ele>
      </trkpt>
      <trkpt lat="37.329646" lon="126.671484">
        <ele>4.5</ele>
      </trkpt>
      <trkpt lat="37.329632" lon="126.671431">
        <ele>4.5</ele>
      </trkpt>
      <trkpt lat="37.329617" lon="126.671377">
        <ele>4.5</ele>
      </trkpt>
      <trkpt lat="37.329602" lon="126.671324">
        <ele>4.5</ele>
      </trkpt>
      <trkpt lat="37.329588" lon="126.671270">
        <ele>4.5</ele>
      </trkpt>
      <trkpt lat="37.329573" lon="126.671217">
        <ele>4.5</ele>
      </trkpt>
      <trkpt lat="37.329558" lon="126.671163">
        <ele>4.5</ele>
      </trkpt>
      <trkpt lat="37.329544" lon="126.671110">
        <ele>4.5</ele>
      </trkpt>
      <trkpt lat="37.329529" lon="126.671056">
        <ele>4.5</ele>
      </trkpt>
      <trkpt lat="37.329514" lon="126.671003">
        <ele>4.5</ele>
      </trkpt>
      <trkpt lat="37.329500" lon="126.670949">
        <ele>4.5</ele>
      </trkpt>
      <trkpt lat="37.329485" lon="126.670896">
        <ele>4.5</ele>
      </trkpt>
      <trkpt lat="37.329470" lon="126.670843">
        <ele>4.5</ele>
      </trkpt>
      <trkpt lat="37.329456" lon="126.670789">
        <ele>4.5</ele>
      </trkpt>
      <trkpt lat="37.329441" lon="126.670736">
        <ele>4.5</ele>
      </trkpt>
      <trkpt lat="37.329426" lon="126.670682">
        <ele>4.5</ele>
      </trkpt>
      <trkpt lat="37.329417" lon="126.670647">
        <ele>3.0</ele>
      </trkpt>
      <trkpt lat="37.329402" lon="126.670594">
        <ele>3.0</ele>
      </trkpt>
      <trkpt lat="37.329387" lon="126.670540">
        <ele>3.0</ele>
      </trkpt>
      <trkpt lat="37.329373" lon="126.670487">
        <ele>3.0</ele>
      </trkpt>
      <trkpt lat="37.329358" lon="126.670433">
        <ele>3.0</ele>
      </trkpt>
      <trkpt lat="37.329343" lon="126.670380">
        <ele>3.0</ele>
      </trkpt>
      <trkpt lat="37.329329" lon="126.670327">
        <ele>3.0</ele>
      </trkpt>
      <trkpt lat="37.329314" lon="126.670273">
        <ele>3.0</ele>
      </trkpt>
      <trkpt lat="37.329299" lon="126.670220">
        <ele>3.0</ele>
      </trkpt>
      <trkpt lat="37.329285" lon="126.670166">
        <ele>3.0</ele>
      </trkpt>
      <trkpt lat="37.329270" lon="126.670113">
        <ele>3.0</ele>
      </trkpt>
      <trkpt lat="37.329255" lon="126.670059">
        <ele>3.0</ele>
      </trkpt>
      <trkpt lat="37.329241" lon="126.670006">
        <ele>3.0</ele>
      </trkpt>
      <trkpt lat="37.329226" lon="126.669952">
        <ele>3.0</ele>
      </trkpt>
      <trkpt lat="37.329211" lon="126.669899">
        <ele>3.0</ele>
      </trkpt>
      <trkpt lat="37.329196" lon="126.669845">
        <ele>3.0</ele>
      </trkpt>
      <trkpt lat="37.329182" lon="126.669792">
        <ele>3.0</ele>
      </trkpt>
      <trkpt lat="37.329167" lon="126.669739">
        <ele>3.0</ele>
      </trkpt>
      <trkpt lat="37.329152" lon="126.669685">
        <ele>3.0</ele>
      </trkpt>
      <trkpt lat="37.329138" lon="126.669632">
        <ele>3.0</ele>
      </trkpt>
      <trkpt lat="37.329123" lon="126.669578">
        <ele>3.0</ele>
      </trkpt>
      <trkpt lat="37.329108" lon="126.669525">
        <ele>3.0</ele>
      </trkpt>
      <trkpt lat="37.329094" lon="126.669471">
        <ele>3.0</ele>
      </trkpt>
      <trkpt lat="37.329079" lon="126.669418">
        <ele>3.0</ele>
      </trkpt>
      <trkpt lat="37.329064" lon="126.669364">
        <ele>3.0</ele>
      </trkpt>
      <trkpt lat="37.329050" lon="126.669311">
        <ele>3.0</ele>
      </trkpt>
      <trkpt lat="37.329035" lon="126.669258">
        <ele>3.0</ele>
      </trkpt>
      <trkpt lat="37.329020" lon="126.669204">
        <ele>3.0</ele>
      </trkpt>
      <trkpt lat="37.329006" lon="126.669151">
        <ele>3.0</ele>
      </trkpt>
      <trkpt lat="37.328991" lon="126.669097">
        <ele>3.0</ele>
      </trkpt>
      <trkpt lat="37.328976" lon="126.669044">
        <ele>3.0</ele>
      </trkpt>
      <trkpt lat="37.328962" lon="126.668990">
        <ele>3.0</ele>
      </trkpt>
      <trkpt lat="37.328947" lon="126.668937">
        <ele>3.0</ele>
      </trkpt>
      <trkpt lat="37.328932" lon="126.668883">
        <ele>3.0</ele>
      </trkpt>
      <trkpt lat="37.328917" lon="126.668830">
        <ele>3.0</ele>
      </trkpt>
      <trkpt lat="37.328903" lon="126.668777">
        <ele>3.0</ele>
      </trkpt>
      <trkpt lat="37.328888" lon="126.668723">
        <ele>3.0</ele>
      </trkpt>
      <trkpt lat="37.328873" lon="126.668670">
        <ele>3.0</ele>
      </trkpt>
      <trkpt lat="37.328859" lon="126.668616">
        <ele>3.0</ele>
      </trkpt>
      <trkpt lat="37.328844" lon="126.668563">
        <ele>3.0</ele>
      </trkpt>
      <trkpt lat="37.328829" lon="126.668509">
        <ele>3.0</ele>
      </trkpt>
      <trkpt lat="37.328815" lon="126.668456">
        <ele>3.0</ele>
      </trkpt>
      <trkpt lat="37.328800" lon="126.668402">
        <ele>3.0</ele>
      </trkpt>
      <trkpt lat="37.328785" lon="126.668349">
        <ele>3.0</ele>
      </trkpt>
      <trkpt lat="37.328771" lon="126.668295">
        <ele>3.0</ele>
      </trkpt>
      <trkpt lat="37.328756" lon="126.668242">
        <ele>3.0</ele>
      </trkpt>
      <trkpt lat="37.328741" lon="126.668189">
        <ele>3.0</ele>
      </trkpt>
      <trkpt lat="37.328727" lon="126.668135">
        <ele>3.0</ele>
      </trkpt>
      <trkpt lat="37.328712" lon="126.668082">
        <ele>3.0</ele>
      </trkpt>
      <trkpt lat="37.328697" lon="126.668028">
        <ele>3.0</ele>
      </trkpt>
      <trkpt lat="37.328683" lon="126.667975">
        <ele>3.0</ele>
      </trkpt>
      <trkpt lat="37.328668" lon="126.667921">
        <ele>3.0</ele>
      </trkpt>
      <trkpt lat="37.328653" lon="126.667868">
        <ele>3.0</ele>
      </trkpt>
      <trkpt lat="37.328638" lon="126.667814">
        <ele>3.0</ele>
      </trkpt>
      <trkpt lat="37.328624" lon="126.667761">
        <ele>3.0</ele>
      </trkpt>
      <trkpt lat="37.328609" lon="126.667708">
        <ele>3.0</ele>
      </trkpt>
      <trkpt lat="37.328594" lon="126.667654">
        <ele>3.0</ele>
      </trkpt>
      <trkpt lat="37.328580" lon="126.667601">
        <ele>3.0</ele>
      </trkpt>
      <trkpt lat="37.328565" lon="126.667547">
        <ele>3.0</ele>
      </trkpt>
      <trkpt lat="37.328550" lon="126.667494">
        <ele>3.0</ele>
      </trkpt>
      <trkpt lat="37.328536" lon="126.667440">
        <ele>3.0</ele>
      </trkpt>
      <trkpt lat="37.328521" lon="126.667387">
        <ele>3.0</ele>
      </trkpt>
      <trkpt lat="37.328506" lon="126.667333">
        <ele>3.0</ele>
      </trkpt>
      <trkpt lat="37.328492" lon="126.667280">
        <ele>3.0</ele>
      </trkpt>
      <trkpt lat="37.328477" lon="126.667227">
        <ele>3.0</ele>
      </trkpt>
      <trkpt lat="37.328462" lon="126.667173">
        <ele>3.0</ele>
      </trkpt>
      <trkpt lat="37.328448" lon="126.667120">
        <ele>3.0</ele>
      </trkpt>
      <trkpt lat="37.328433" lon="126.667066">
        <ele>3.0</ele>
      </trkpt>
      <trkpt lat="37.328418" lon="126.667013">
        <ele>3.0</ele>
      </trkpt>
      <trkpt lat="37.328403" lon="126.666959">
        <ele>3.0</ele>
      </trkpt>
      <trkpt lat="37.328389" lon="126.666906">
        <ele>3.0</ele>
      </trkpt>
      <trkpt lat="37.328374" lon="126.666852">
        <ele>3.0</ele>
      </trkpt>
      <trkpt lat="37.328359" lon="126.666799">
        <ele>3.0</ele>
      </trkpt>
      <trkpt lat="37.328345" lon="126.666746">
        <ele>3.0</ele>
      </trkpt>
      <trkpt lat="37.328330" lon="126.666692">
        <ele>3.0</ele>
      </trkpt>
      <trkpt lat="37.328315" lon="126.666639">
        <ele>3.0</ele>
      </trkpt>
      <trkpt lat="37.328301" lon="126.666585">
        <ele>3.0</ele>
      </trkpt>
      <trkpt lat="37.328286" lon="126.666532">
        <ele>3.0</ele>
      </trkpt>
      <trkpt lat="37.328271" lon="126.666478">
        <ele>3.0</ele>
      </trkpt>
      <trkpt lat="37.328257" lon="126.666425">
        <ele>3.0</ele>
      </trkpt>
      <trkpt lat="37.328242" lon="126.666371">
        <ele>3.0</ele>
      </trkpt>
      <trkpt lat="37.328227" lon="126.666318">
        <ele>3.0</ele>
      </trkpt>
      <trkpt lat="37.328213" lon="126.666264">
        <ele>3.0</ele>
      </trkpt>
      <trkpt lat="37.328198" lon="126.666211">
        <ele>3.0</ele>
      </trkpt>
      <trkpt lat="37.328183" lon="126.666158">
        <ele>3.0</ele>
      </trkpt>
      <trkpt lat="37.328169" lon="126.666104">
        <ele>3.0</ele>
      </trkpt>
      <trkpt lat="37.328154" lon="126.666051">
        <ele>3.0</ele>
      </trkpt>
      <trkpt lat="37.328139" lon="126.665997">
        <ele>3.0</ele>
      </trkpt>
      <trkpt lat="37.328124" lon="126.665944">
        <ele>3.0</ele>
      </trkpt>
      <trkpt lat="37.328110" lon="126.665890">
        <ele>3.0</ele>
      </trkpt>
      <trkpt lat="37.328095" lon="126.665837">
        <ele>3.0</ele>
      </trkpt>
      <trkpt lat="37.328080" lon="126.665783">
        <ele>3.0</ele>
      </trkpt>
      <trkpt lat="37.328066" lon="126.665730">
        <ele>3.0</ele>
      </trkpt>
      <trkpt lat="37.328051" lon="126.665677">
        <ele>3.0</ele>
      </trkpt>
      <trkpt lat="37.328036" lon="126.665623">
        <ele>3.0</ele>
      </trkpt>
      <trkpt lat="37.328022" lon="126.665570">
        <ele>3.0</ele>
      </trkpt>
      <trkpt lat="37.328007" lon="126.665516">
        <ele>3.0</ele>
      </trkpt>
      <trkpt lat="37.327992" lon="126.665463">
        <ele>3.0</ele>
      </trkpt>
      <trkpt lat="37.327978" lon="126.665409">
        <ele>3.0</ele>
      </trkpt>
      <trkpt lat="37.327963" lon="126.665356">
        <ele>3.0</ele>
      </trkpt>
      <trkpt lat="37.327948" lon="126.665302">
        <ele>3.0</ele>
      </trkpt>
      <trkpt lat="37.327934" lon="126.665249">
        <ele>3.0</ele>
      </trkpt>
      <trkpt lat="37.327919" lon="126.665196">
        <ele>3.0</ele>
      </trkpt>
      <trkpt lat="37.327904" lon="126.665142">
        <ele>3.0</ele>
      </trkpt>
      <trkpt lat="37.327890" lon="126.665089">
        <ele>3.0</ele>
      </trkpt>
      <trkpt lat="37.327875" lon="126.665035">
        <ele>3.0</ele>
      </trkpt>
      <trkpt lat="37.327860" lon="126.664982">
        <ele>3.0</ele>
      </trkpt>
      <trkpt lat="37.327845" lon="126.664928">
        <ele>3.0</ele>
      </trkpt>
      <trkpt lat="37.327831" lon="126.664875">
        <ele>3.0</ele>
      </trkpt>
      <trkpt lat="37.327816" lon="126.664821">
        <ele>3.0</ele>
      </trkpt>
      <trkpt lat="37.327801" lon="126.664768">
        <ele>3.0</ele>
      </trkpt>
      <trkpt lat="37.327787" lon="126.664714">
        <ele>3.0</ele>
      </trkpt>
      <trkpt lat="37.327772" lon="126.664661">
        <ele>3.0</ele>
      </trkpt>
      <trkpt lat="37.327757" lon="126.664608">
        <ele>3.0</ele>
      </trkpt>
      <trkpt lat="37.327743" lon="126.664554">
        <ele>3.0</ele>
      </trkpt>
      <trkpt lat="37.327728" lon="126.664501">
        <ele>3.0</ele>
      </trkpt>
      <trkpt lat="37.327713" lon="126.664447">
        <ele>3.0</ele>
      </trkpt>
      <trkpt lat="37.327699" lon="126.664394">
        <ele>3.0</ele>
      </trkpt>
      <trkpt lat="37.327684" lon="126.664340">
        <ele>3.0</ele>
      </trkpt>
      <trkpt lat="37.327669" lon="126.664287">
        <ele>3.0</ele>
      </trkpt>
      <trkpt lat="37.327655" lon="126.664233">
        <ele>3.0</ele>
      </trkpt>
      <trkpt lat="37.327640" lon="126.664180">
        <ele>3.0</ele>
      </trkpt>
      <trkpt lat="37.327625" lon="126.664127">
        <ele>3.0</ele>
      </trkpt>
      <trkpt lat="37.327610" lon="126.664073">
        <ele>3.0</ele>
      </trkpt>
      <trkpt lat="37.327596" lon="126.664020">
        <ele>3.0</ele>
      </trkpt>
      <trkpt lat="37.327581" lon="126.663966">
        <ele>3.0</ele>
      </trkpt>
      <trkpt lat="37.327566" lon="126.663913">
        <ele>3.0</ele>
      </trkpt>
      <trkpt lat="37.327552" lon="126.663859">
        <ele>3.0</ele>
      </trkpt>
      <trkpt lat="37.327537" lon="126.663806">
        <ele>3.0</ele>
      </trkpt>
      <trkpt lat="37.327522" lon="126.663752">
        <ele>3.0</ele>
      </trkpt>
      <trkpt lat="37.327508" lon="126.663699">
        <ele>3.0</ele>
      </trkpt>
      <trkpt lat="37.327493" lon="126.663646">
        <ele>3.0</ele>
      </trkpt>
      <trkpt lat="37.327478" lon="126.663592">
        <ele>3.0</ele>
      </trkpt>
      <trkpt lat="37.327464" lon="126.663539">
        <ele>3.0</ele>
      </trkpt>
      <trkpt lat="37.327449" lon="126.663485">
        <ele>3.0</ele>
      </trkpt>
      <trkpt lat="37.327434" lon="126.663432">
        <ele>3.0</ele>
      </trkpt>
      <trkpt lat="37.327420" lon="126.663378">
        <ele>3.0</ele>
      </trkpt>
      <trkpt lat="37.327405" lon="126.663325">
        <ele>3.0</ele>
      </trkpt>
      <trkpt lat="37.327390" lon="126.663272">
        <ele>3.0</ele>
      </trkpt>
      <trkpt lat="37.327375" lon="126.663218">
        <ele>3.0</ele>
      </trkpt>
      <trkpt lat="37.327360" lon="126.663165">
        <ele>3.0</ele>
      </trkpt>
      <trkpt lat="37.327345" lon="126.663111">
        <ele>3.0</ele>
      </trkpt>
      <trkpt lat="37.327330" lon="126.663058">
        <ele>3.0</ele>
      </trkpt>
      <trkpt lat="37.327316" lon="126.663007">
        <ele>4.3</ele>
      </trkpt>
      <trkpt lat="37.327301" lon="126.662954">
        <ele>4.3</ele>
      </trkpt>
      <trkpt lat="37.327286" lon="126.662901">
        <ele>4.2</ele>
      </trkpt>
      <trkpt lat="37.327271" lon="126.662847">
        <ele>4.2</ele>
      </trkpt>
      <trkpt lat="37.327257" lon="126.662794">
        <ele>4.2</ele>
      </trkpt>
      <trkpt lat="37.327242" lon="126.662741">
        <ele>4.2</ele>
      </trkpt>
      <trkpt lat="37.327227" lon="126.662687">
        <ele>4.2</ele>
      </trkpt>
      <trkpt lat="37.327212" lon="126.662634">
        <ele>4.1</ele>
      </trkpt>
      <trkpt lat="37.327197" lon="126.662580">
        <ele>4.1</ele>
      </trkpt>
      <trkpt lat="37.327182" lon="126.662527">
        <ele>4.1</ele>
      </trkpt>
      <trkpt lat="37.327167" lon="126.662474">
        <ele>4.1</ele>
      </trkpt>
      <trkpt lat="37.327152" lon="126.662420">
        <ele>4.1</ele>
      </trkpt>
      <trkpt lat="37.327137" lon="126.662367">
        <ele>4.1</ele>
      </trkpt>
      <trkpt lat="37.327123" lon="126.662314">
        <ele>4.0</ele>
      </trkpt>
      <trkpt lat="37.327108" lon="126.662260">
        <ele>4.0</ele>
      </trkpt>
      <trkpt lat="37.327093" lon="126.662207">
        <ele>4.0</ele>
      </trkpt>
      <trkpt lat="37.327078" lon="126.662154">
        <ele>4.0</ele>
      </trkpt>
      <trkpt lat="37.327063" lon="126.662100">
        <ele>4.0</ele>
      </trkpt>
      <trkpt lat="37.327048" lon="126.662047">
        <ele>3.9</ele>
      </trkpt>
      <trkpt lat="37.327033" lon="126.661994">
        <ele>3.9</ele>
      </trkpt>
      <trkpt lat="37.327018" lon="126.661940">
        <ele>3.9</ele>
      </trkpt>
      <trkpt lat="37.327004" lon="126.661887">
        <ele>3.9</ele>
      </trkpt>
      <trkpt lat="37.326989" lon="126.661833">
        <ele>3.9</ele>
      </trkpt>
      <trkpt lat="37.326974" lon="126.661780">
        <ele>3.8</ele>
      </trkpt>
      <trkpt lat="37.326959" lon="126.661727">
        <ele>3.8</ele>
      </trkpt>
      <trkpt lat="37.326944" lon="126.661673">
        <ele>3.8</ele>
      </trkpt>
      <trkpt lat="37.326929" lon="126.661620">
        <ele>3.8</ele>
      </trkpt>
      <trkpt lat="37.326914" lon="126.661567">
        <ele>3.8</ele>
      </trkpt>
      <trkpt lat="37.326899" lon="126.661513">
        <ele>3.7</ele>
      </trkpt>
      <trkpt lat="37.326884" lon="126.661460">
        <ele>3.7</ele>
      </trkpt>
      <trkpt lat="37.326870" lon="126.661407">
        <ele>3.7</ele>
      </trkpt>
      <trkpt lat="37.326855" lon="126.661353">
        <ele>3.7</ele>
      </trkpt>
      <trkpt lat="37.326840" lon="126.661300">
        <ele>3.7</ele>
      </trkpt>
      <trkpt lat="37.326825" lon="126.661246">
        <ele>3.6</ele>
      </trkpt>
      <trkpt lat="37.326810" lon="126.661193">
        <ele>3.6</ele>
      </trkpt>
      <trkpt lat="37.326795" lon="126.661140">
        <ele>3.6</ele>
      </trkpt>
      <trkpt lat="37.326780" lon="126.661086">
        <ele>3.6</ele>
      </trkpt>
      <trkpt lat="37.326765" lon="126.661033">
        <ele>3.6</ele>
      </trkpt>
      <trkpt lat="37.326750" lon="126.660980">
        <ele>3.6</ele>
      </trkpt>
      <trkpt lat="37.326736" lon="126.660926">
        <ele>3.5</ele>
      </trkpt>
      <trkpt lat="37.326721" lon="126.660873">
        <ele>3.5</ele>
      </trkpt>
      <trkpt lat="37.326706" lon="126.660820">
        <ele>3.5</ele>
      </trkpt>
      <trkpt lat="37.326691" lon="126.660766">
        <ele>3.5</ele>
      </trkpt>
      <trkpt lat="37.326676" lon="126.660713">
        <ele>3.5</ele>
      </trkpt>
      <trkpt lat="37.326661" lon="126.660660">
        <ele>3.4</ele>
      </trkpt>
      <trkpt lat="37.326646" lon="126.660606">
        <ele>3.4</ele>
      </trkpt>
      <trkpt lat="37.326631" lon="126.660553">
        <ele>3.4</ele>
      </trkpt>
      <trkpt lat="37.326617" lon="126.660499">
        <ele>3.4</ele>
      </trkpt>
      <trkpt lat="37.326602" lon="126.660446">
        <ele>3.4</ele>
      </trkpt>
      <trkpt lat="37.326587" lon="126.660393">
        <ele>3.3</ele>
      </trkpt>
      <trkpt lat="37.326572" lon="126.660339">
        <ele>3.3</ele>
      </trkpt>
      <trkpt lat="37.326557" lon="126.660286">
        <ele>3.3</ele>
      </trkpt>
      <trkpt lat="37.326542" lon="126.660233">
        <ele>3.3</ele>
      </trkpt>
      <trkpt lat="37.326527" lon="126.660179">
        <ele>3.3</ele>
      </trkpt>
      <trkpt lat="37.326512" lon="126.660126">
        <ele>3.2</ele>
      </trkpt>
      <trkpt lat="37.326497" lon="126.660073">
        <ele>3.2</ele>
      </trkpt>
      <trkpt lat="37.326483" lon="126.660019">
        <ele>3.2</ele>
      </trkpt>
      <trkpt lat="37.326468" lon="126.659966">
        <ele>3.2</ele>
      </trkpt>
      <trkpt lat="37.326453" lon="126.659912">
        <ele>3.2</ele>
      </trkpt>
      <trkpt lat="37.326438" lon="126.659859">
        <ele>3.1</ele>
      </trkpt>
      <trkpt lat="37.326423" lon="126.659806">
        <ele>3.1</ele>
      </trkpt>
      <trkpt lat="37.326408" lon="126.659752">
        <ele>3.1</ele>
      </trkpt>
      <trkpt lat="37.326393" lon="126.659699">
        <ele>3.1</ele>
      </trkpt>
      <trkpt lat="37.326378" lon="126.659646">
        <ele>3.1</ele>
      </trkpt>
      <trkpt lat="37.326363" lon="126.659592">
        <ele>3.0</ele>
      </trkpt>
      <trkpt lat="37.326349" lon="126.659539">
        <ele>3.0</ele>
      </trkpt>
      <trkpt lat="37.326334" lon="126.659486">
        <ele>3.0</ele>
      </trkpt>
      <trkpt lat="37.326319" lon="126.659432">
        <ele>3.0</ele>
      </trkpt>
      <trkpt lat="37.326305" lon="126.659379">
        <ele>3.0</ele>
      </trkpt>
      <trkpt lat="37.326290" lon="126.659325">
        <ele>3.0</ele>
      </trkpt>
      <trkpt lat="37.326276" lon="126.659271">
        <ele>3.0</ele>
      </trkpt>
      <trkpt lat="37.326262" lon="126.659218">
        <ele>3.1</ele>
      </trkpt>
      <trkpt lat="37.326247" lon="126.659164">
        <ele>3.1</ele>
      </trkpt>
      <trkpt lat="37.326233" lon="126.659111">
        <ele>3.1</ele>
      </trkpt>
      <trkpt lat="37.326218" lon="126.659057">
        <ele>3.1</ele>
      </trkpt>
      <trkpt lat="37.326204" lon="126.659004">
        <ele>3.1</ele>
      </trkpt>
      <trkpt lat="37.326190" lon="126.658950">
        <ele>3.1</ele>
      </trkpt>
      <trkpt lat="37.326175" lon="126.658896">
        <ele>3.1</ele>
      </trkpt>
      <trkpt lat="37.326161" lon="126.658843">
        <ele>3.1</ele>
      </trkpt>
      <trkpt lat="37.326147" lon="126.658789">
        <ele>3.2</ele>
      </trkpt>
      <trkpt lat="37.326132" lon="126.658736">
        <ele>3.2</ele>
      </trkpt>
      <trkpt lat="37.326118" lon="126.658682">
        <ele>3.2</ele>
      </trkpt>
      <trkpt lat="37.326103" lon="126.658628">
        <ele>3.2</ele>
      </trkpt>
      <trkpt lat="37.326089" lon="126.658575">
        <ele>3.2</ele>
      </trkpt>
      <trkpt lat="37.326075" lon="126.658521">
        <ele>3.2</ele>
      </trkpt>
      <trkpt lat="37.326060" lon="126.658468">
        <ele>3.2</ele>
      </trkpt>
      <trkpt lat="37.326046" lon="126.658414">
        <ele>3.2</ele>
      </trkpt>
      <trkpt lat="37.326032" lon="126.658361">
        <ele>3.3</ele>
      </trkpt>
      <trkpt lat="37.326017" lon="126.658307">
        <ele>3.3</ele>
      </trkpt>
      <trkpt lat="37.326003" lon="126.658253">
        <ele>3.3</ele>
      </trkpt>
      <trkpt lat="37.325988" lon="126.658200">
        <ele>3.3</ele>
      </trkpt>
      <trkpt lat="37.325974" lon="126.658146">
        <ele>3.3</ele>
      </trkpt>
      <trkpt lat="37.325960" lon="126.658093">
        <ele>3.3</ele>
      </trkpt>
      <trkpt lat="37.325945" lon="126.658039">
        <ele>3.3</ele>
      </trkpt>
      <trkpt lat="37.325931" lon="126.657986">
        <ele>3.4</ele>
      </trkpt>
      <trkpt lat="37.325917" lon="126.657932">
        <ele>3.4</ele>
      </trkpt>
      <trkpt lat="37.325902" lon="126.657878">
        <ele>3.4</ele>
      </trkpt>
      <trkpt lat="37.325888" lon="126.657825">
        <ele>3.4</ele>
      </trkpt>
      <trkpt lat="37.325873" lon="126.657771">
        <ele>3.4</ele>
      </trkpt>
      <trkpt lat="37.325859" lon="126.657718">
        <ele>3.4</ele>
      </trkpt>
      <trkpt lat="37.325845" lon="126.657664">
        <ele>3.4</ele>
      </trkpt>
      <trkpt lat="37.325830" lon="126.657610">
        <ele>3.4</ele>
      </trkpt>
      <trkpt lat="37.325816" lon="126.657557">
        <ele>3.5</ele>
      </trkpt>
      <trkpt lat="37.325802" lon="126.657503">
        <ele>3.5</ele>
      </trkpt>
      <trkpt lat="37.325787" lon="126.657450">
        <ele>3.5</ele>
      </trkpt>
      <trkpt lat="37.325773" lon="126.657396">
        <ele>3.5</ele>
      </trkpt>
      <trkpt lat="37.325758" lon="126.657343">
        <ele>3.5</ele>
      </trkpt>
      <trkpt lat="37.325743" lon="126.657289">
        <ele>3.4</ele>
      </trkpt>
      <trkpt lat="37.325728" lon="126.657236">
        <ele>3.3</ele>
      </trkpt>
      <trkpt lat="37.325713" lon="126.657183">
        <ele>3.2</ele>
      </trkpt>
      <trkpt lat="37.325698" lon="126.657129">
        <ele>3.2</ele>
      </trkpt>
      <trkpt lat="37.325684" lon="126.657076">
        <ele>3.1</ele>
      </trkpt>
      <trkpt lat="37.325669" lon="126.657023">
        <ele>3.0</ele>
      </trkpt>
      <trkpt lat="37.325654" lon="126.656969">
        <ele>2.9</ele>
      </trkpt>
      <trkpt lat="37.325639" lon="126.656916">
        <ele>2.9</ele>
      </trkpt>
      <trkpt lat="37.325624" lon="126.656863">
        <ele>2.8</ele>
      </trkpt>
      <trkpt lat="37.325609" lon="126.656809">
        <ele>2.7</ele>
      </trkpt>
      <trkpt lat="37.325594" lon="126.656756">
        <ele>2.6</ele>
      </trkpt>
      <trkpt lat="37.325579" lon="126.656703">
        <ele>2.5</ele>
      </trkpt>
      <trkpt lat="37.325582" lon="126.656675">
        <ele>2.7</ele>
      </trkpt>
      <trkpt lat="37.325560" lon="126.656637">
        <ele>3.0</ele>
      </trkpt>
      <trkpt lat="37.325546" lon="126.656583">
        <ele>3.0</ele>
      </trkpt>
      <trkpt lat="37.325531" lon="126.656530">
        <ele>2.9</ele>
      </trkpt>
      <trkpt lat="37.325516" lon="126.656477">
        <ele>2.9</ele>
      </trkpt>
      <trkpt lat="37.325501" lon="126.656423">
        <ele>2.9</ele>
      </trkpt>
      <trkpt lat="37.325486" lon="126.656370">
        <ele>2.8</ele>
      </trkpt>
      <trkpt lat="37.325471" lon="126.656316">
        <ele>2.8</ele>
      </trkpt>
      <trkpt lat="37.325456" lon="126.656263">
        <ele>2.8</ele>
      </trkpt>
      <trkpt lat="37.325441" lon="126.656210">
        <ele>2.8</ele>
      </trkpt>
      <trkpt lat="37.325426" lon="126.656156">
        <ele>2.7</ele>
      </trkpt>
      <trkpt lat="37.325412" lon="126.656103">
        <ele>2.7</ele>
      </trkpt>
      <trkpt lat="37.325397" lon="126.656050">
        <ele>2.7</ele>
      </trkpt>
      <trkpt lat="37.325382" lon="126.655996">
        <ele>2.7</ele>
      </trkpt>
      <trkpt lat="37.325367" lon="126.655943">
        <ele>2.6</ele>
      </trkpt>
      <trkpt lat="37.325352" lon="126.655890">
        <ele>2.6</ele>
      </trkpt>
      <trkpt lat="37.325337" lon="126.655836">
        <ele>2.6</ele>
      </trkpt>
      <trkpt lat="37.325322" lon="126.655783">
        <ele>2.6</ele>
      </trkpt>
      <trkpt lat="37.325307" lon="126.655730">
        <ele>2.5</ele>
      </trkpt>
      <trkpt lat="37.325292" lon="126.655676">
        <ele>2.5</ele>
      </trkpt>
      <trkpt lat="37.325277" lon="126.655623">
        <ele>2.5</ele>
      </trkpt>
      <trkpt lat="37.325260" lon="126.655571">
        <ele>2.5</ele>
      </trkpt>
      <trkpt lat="37.325244" lon="126.655518">
        <ele>2.5</ele>
      </trkpt>
      <trkpt lat="37.325227" lon="126.655465">
        <ele>2.5</ele>
      </trkpt>
      <trkpt lat="37.325211" lon="126.655413">
        <ele>2.5</ele>
      </trkpt>
      <trkpt lat="37.325194" lon="126.655360">
        <ele>2.5</ele>
      </trkpt>
      <trkpt lat="37.325178" lon="126.655308">
        <ele>2.5</ele>
      </trkpt>
      <trkpt lat="37.325161" lon="126.655255">
        <ele>2.5</ele>
      </trkpt>
      <trkpt lat="37.325145" lon="126.655202">
        <ele>2.5</ele>
      </trkpt>
      <trkpt lat="37.325130" lon="126.655149">
        <ele>2.5</ele>
      </trkpt>
      <trkpt lat="37.325115" lon="126.655096">
        <ele>2.5</ele>
      </trkpt>
      <trkpt lat="37.325101" lon="126.655042">
        <ele>2.5</ele>
      </trkpt>
      <trkpt lat="37.325086" lon="126.654989">
        <ele>2.5</ele>
      </trkpt>
      <trkpt lat="37.325072" lon="126.654935">
        <ele>2.5</ele>
      </trkpt>
      <trkpt lat="37.325057" lon="126.654882">
        <ele>2.5</ele>
      </trkpt>
      <trkpt lat="37.325043" lon="126.654828">
        <ele>2.5</ele>
      </trkpt>
      <trkpt lat="37.325028" lon="126.654775">
        <ele>2.5</ele>
      </trkpt>
      <trkpt lat="37.325013" lon="126.654721">
        <ele>2.5</ele>
      </trkpt>
      <trkpt lat="37.324999" lon="126.654668">
        <ele>2.5</ele>
      </trkpt>
      <trkpt lat="37.324984" lon="126.654614">
        <ele>2.5</ele>
      </trkpt>
      <trkpt lat="37.324970" lon="126.654561">
        <ele>2.5</ele>
      </trkpt>
      <trkpt lat="37.324955" lon="126.654507">
        <ele>2.5</ele>
      </trkpt>
      <trkpt lat="37.324941" lon="126.654454">
        <ele>2.5</ele>
      </trkpt>
      <trkpt lat="37.324926" lon="126.654400">
        <ele>2.5</ele>
      </trkpt>
      <trkpt lat="37.324911" lon="126.654347">
        <ele>2.5</ele>
      </trkpt>
      <trkpt lat="37.324897" lon="126.654293">
        <ele>2.5</ele>
      </trkpt>
      <trkpt lat="37.324882" lon="126.654240">
        <ele>2.5</ele>
      </trkpt>
      <trkpt lat="37.324868" lon="126.654186">
        <ele>2.5</ele>
      </trkpt>
      <trkpt lat="37.324853" lon="126.654133">
        <ele>2.5</ele>
      </trkpt>
      <trkpt lat="37.324839" lon="126.654079">
        <ele>2.5</ele>
      </trkpt>
      <trkpt lat="37.324824" lon="126.654026">
        <ele>2.5</ele>
      </trkpt>
      <trkpt lat="37.324809" lon="126.653972">
        <ele>2.5</ele>
      </trkpt>
      <trkpt lat="37.324794" lon="126.653919">
        <ele>2.5</ele>
      </trkpt>
      <trkpt lat="37.324779" lon="126.653866">
        <ele>2.5</ele>
      </trkpt>
      <trkpt lat="37.324764" lon="126.653812">
        <ele>2.5</ele>
      </trkpt>
      <trkpt lat="37.324749" lon="126.653759">
        <ele>2.5</ele>
      </trkpt>
      <trkpt lat="37.324734" lon="126.653706">
        <ele>2.5</ele>
      </trkpt>
      <trkpt lat="37.324719" lon="126.653652">
        <ele>2.5</ele>
      </trkpt>
      <trkpt lat="37.324704" lon="126.653599">
        <ele>2.6</ele>
      </trkpt>
      <trkpt lat="37.324689" lon="126.653546">
        <ele>2.6</ele>
      </trkpt>
      <trkpt lat="37.324674" lon="126.653492">
        <ele>2.6</ele>
      </trkpt>
      <trkpt lat="37.324659" lon="126.653439">
        <ele>2.6</ele>
      </trkpt>
      <trkpt lat="37.324644" lon="126.653386">
        <ele>2.6</ele>
      </trkpt>
      <trkpt lat="37.324629" lon="126.653332">
        <ele>2.6</ele>
      </trkpt>
      <trkpt lat="37.324614" lon="126.653279">
        <ele>2.6</ele>
      </trkpt>
      <trkpt lat="37.324600" lon="126.653226">
        <ele>2.6</ele>
      </trkpt>
      <trkpt lat="37.324585" lon="126.653172">
        <ele>2.6</ele>
      </trkpt>
      <trkpt lat="37.324570" lon="126.653119">
        <ele>2.6</ele>
      </trkpt>
      <trkpt lat="37.324555" lon="126.653066">
        <ele>2.6</ele>
      </trkpt>
      <trkpt lat="37.324540" lon="126.653012">
        <ele>2.6</ele>
      </trkpt>
      <trkpt lat="37.324525" lon="126.652959">
        <ele>2.6</ele>
      </trkpt>
      <trkpt lat="37.324510" lon="126.652906">
        <ele>2.6</ele>
      </trkpt>
      <trkpt lat="37.324495" lon="126.652852">
        <ele>2.6</ele>
      </trkpt>
      <trkpt lat="37.324480" lon="126.652799">
        <ele>2.6</ele>
      </trkpt>
      <trkpt lat="37.324465" lon="126.652746">
        <ele>2.6</ele>
      </trkpt>
      <trkpt lat="37.324450" lon="126.652692">
        <ele>2.6</ele>
      </trkpt>
      <trkpt lat="37.324435" lon="126.652639">
        <ele>2.7</ele>
      </trkpt>
      <trkpt lat="37.324420" lon="126.652586">
        <ele>2.7</ele>
      </trkpt>
      <trkpt lat="37.324405" lon="126.652532">
        <ele>2.7</ele>
      </trkpt>
      <trkpt lat="37.324390" lon="126.652479">
        <ele>2.7</ele>
      </trkpt>
      <trkpt lat="37.324375" lon="126.652426">
        <ele>2.7</ele>
      </trkpt>
      <trkpt lat="37.324360" lon="126.652372">
        <ele>2.7</ele>
      </trkpt>
      <trkpt lat="37.324345" lon="126.652319">
        <ele>2.7</ele>
      </trkpt>
      <trkpt lat="37.324330" lon="126.652266">
        <ele>2.7</ele>
      </trkpt>
      <trkpt lat="37.324316" lon="126.652212">
        <ele>2.7</ele>
      </trkpt>
      <trkpt lat="37.324301" lon="126.652159">
        <ele>2.7</ele>
      </trkpt>
      <trkpt lat="37.324286" lon="126.652106">
        <ele>2.7</ele>
      </trkpt>
      <trkpt lat="37.324271" lon="126.652052">
        <ele>2.7</ele>
      </trkpt>
      <trkpt lat="37.324256" lon="126.651999">
        <ele>2.7</ele>
      </trkpt>
      <trkpt lat="37.324241" lon="126.651946">
        <ele>2.7</ele>
      </trkpt>
      <trkpt lat="37.324226" lon="126.651892">
        <ele>2.7</ele>
      </trkpt>
      <trkpt lat="37.324211" lon="126.651839">
        <ele>2.7</ele>
      </trkpt>
      <trkpt lat="37.324196" lon="126.651786">
        <ele>2.7</ele>
      </trkpt>
      <trkpt lat="37.324181" lon="126.651732">
        <ele>2.8</ele>
      </trkpt>
      <trkpt lat="37.324166" lon="126.651679">
        <ele>2.8</ele>
      </trkpt>
      <trkpt lat="37.324151" lon="126.651626">
        <ele>2.8</ele>
      </trkpt>
      <trkpt lat="37.324136" lon="126.651572">
        <ele>2.8</ele>
      </trkpt>
      <trkpt lat="37.324121" lon="126.651519">
        <ele>2.8</ele>
      </trkpt>
      <trkpt lat="37.324106" lon="126.651466">
        <ele>2.8</ele>
      </trkpt>
      <trkpt lat="37.324091" lon="126.651412">
        <ele>2.8</ele>
      </trkpt>
      <trkpt lat="37.324076" lon="126.651359">
        <ele>2.8</ele>
      </trkpt>
      <trkpt lat="37.324061" lon="126.651306">
        <ele>2.8</ele>
      </trkpt>
      <trkpt lat="37.324047" lon="126.651253">
        <ele>2.8</ele>
      </trkpt>
      <trkpt lat="37.324032" lon="126.651199">
        <ele>2.8</ele>
      </trkpt>
      <trkpt lat="37.324017" lon="126.651146">
        <ele>2.8</ele>
      </trkpt>
      <trkpt lat="37.324002" lon="126.651093">
        <ele>2.8</ele>
      </trkpt>
      <trkpt lat="37.323987" lon="126.651039">
        <ele>2.8</ele>
      </trkpt>
      <trkpt lat="37.323972" lon="126.650986">
        <ele>2.8</ele>
      </trkpt>
      <trkpt lat="37.323957" lon="126.650933">
        <ele>2.8</ele>
      </trkpt>
      <trkpt lat="37.323942" lon="126.650879">
        <ele>2.8</ele>
      </trkpt>
      <trkpt lat="37.323927" lon="126.650826">
        <ele>2.8</ele>
      </trkpt>
      <trkpt lat="37.323912" lon="126.650773">
        <ele>2.9</ele>
      </trkpt>
      <trkpt lat="37.323897" lon="126.650719">
        <ele>2.9</ele>
      </trkpt>
      <trkpt lat="37.323882" lon="126.650666">
        <ele>2.9</ele>
      </trkpt>
      <trkpt lat="37.323867" lon="126.650613">
        <ele>2.9</ele>
      </trkpt>
      <trkpt lat="37.323852" lon="126.650559">
        <ele>2.9</ele>
      </trkpt>
      <trkpt lat="37.323837" lon="126.650506">
        <ele>2.9</ele>
      </trkpt>
      <trkpt lat="37.323822" lon="126.650453">
        <ele>2.9</ele>
      </trkpt>
      <trkpt lat="37.323807" lon="126.650399">
        <ele>2.9</ele>
      </trkpt>
      <trkpt lat="37.323792" lon="126.650346">
        <ele>2.9</ele>
      </trkpt>
      <trkpt lat="37.323777" lon="126.650293">
        <ele>2.9</ele>
      </trkpt>
      <trkpt lat="37.323763" lon="126.650239">
        <ele>2.9</ele>
      </trkpt>
      <trkpt lat="37.323748" lon="126.650186">
        <ele>2.9</ele>
      </trkpt>
      <trkpt lat="37.323733" lon="126.650133">
        <ele>2.9</ele>
      </trkpt>
      <trkpt lat="37.323718" lon="126.650079">
        <ele>2.9</ele>
      </trkpt>
      <trkpt lat="37.323703" lon="126.650026">
        <ele>2.9</ele>
      </trkpt>
      <trkpt lat="37.323688" lon="126.649973">
        <ele>2.9</ele>
      </trkpt>
      <trkpt lat="37.323673" lon="126.649919">
        <ele>2.9</ele>
      </trkpt>
      <trkpt lat="37.323658" lon="126.649866">
        <ele>3.0</ele>
      </trkpt>
      <trkpt lat="37.323643" lon="126.649813">
        <ele>3.0</ele>
      </trkpt>
      <trkpt lat="37.323628" lon="126.649759">
        <ele>3.0</ele>
      </trkpt>
      <trkpt lat="37.323613" lon="126.649706">
        <ele>3.0</ele>
      </trkpt>
      <trkpt lat="37.323598" lon="126.649653">
        <ele>3.0</ele>
      </trkpt>
      <trkpt lat="37.323583" lon="126.649599">
        <ele>3.0</ele>
      </trkpt>
      <trkpt lat="37.323568" lon="126.649546">
        <ele>3.0</ele>
      </trkpt>
      <trkpt lat="37.323553" lon="126.649493">
        <ele>3.0</ele>
      </trkpt>
      <trkpt lat="37.323538" lon="126.649439">
        <ele>3.0</ele>
      </trkpt>
      <trkpt lat="37.323537" lon="126.649411">
        <ele>3.2</ele>
      </trkpt>
      <trkpt lat="37.323518" lon="126.649367">
        <ele>3.3</ele>
      </trkpt>
      <trkpt lat="37.323503" lon="126.649314">
        <ele>3.3</ele>
      </trkpt>
      <trkpt lat="37.323488" lon="126.649260">
        <ele>3.3</ele>
      </trkpt>
      <trkpt lat="37.323473" lon="126.649207">
        <ele>3.3</ele>
      </trkpt>
      <trkpt lat="37.323458" lon="126.649154">
        <ele>3.3</ele>
      </trkpt>
      <trkpt lat="37.323443" lon="126.649100">
        <ele>3.2</ele>
      </trkpt>
      <trkpt lat="37.323428" lon="126.649047">
        <ele>3.2</ele>
      </trkpt>
      <trkpt lat="37.323414" lon="126.648994">
        <ele>3.2</ele>
      </trkpt>
      <trkpt lat="37.323399" lon="126.648940">
        <ele>3.2</ele>
      </trkpt>
      <trkpt lat="37.323384" lon="126.648887">
        <ele>3.2</ele>
      </trkpt>
      <trkpt lat="37.323369" lon="126.648834">
        <ele>3.2</ele>
      </trkpt>
      <trkpt lat="37.323354" lon="126.648780">
        <ele>3.2</ele>
      </trkpt>
      <trkpt lat="37.323339" lon="126.648727">
        <ele>3.2</ele>
      </trkpt>
      <trkpt lat="37.323324" lon="126.648674">
        <ele>3.2</ele>
      </trkpt>
      <trkpt lat="37.323309" lon="126.648621">
        <ele>3.2</ele>
      </trkpt>
      <trkpt lat="37.323294" lon="126.648567">
        <ele>3.2</ele>
      </trkpt>
      <trkpt lat="37.323279" lon="126.648514">
        <ele>3.1</ele>
      </trkpt>
      <trkpt lat="37.323264" lon="126.648461">
        <ele>3.1</ele>
      </trkpt>
      <trkpt lat="37.323249" lon="126.648407">
        <ele>3.1</ele>
      </trkpt>
      <trkpt lat="37.323234" lon="126.648354">
        <ele>3.1</ele>
      </trkpt>
      <trkpt lat="37.323219" lon="126.648301">
        <ele>3.1</ele>
      </trkpt>
      <trkpt lat="37.323204" lon="126.648247">
        <ele>3.1</ele>
      </trkpt>
      <trkpt lat="37.323189" lon="126.648194">
        <ele>3.1</ele>
      </trkpt>
      <trkpt lat="37.323174" lon="126.648141">
        <ele>3.1</ele>
      </trkpt>
      <trkpt lat="37.323159" lon="126.648087">
        <ele>3.1</ele>
      </trkpt>
      <trkpt lat="37.323144" lon="126.648034">
        <ele>3.1</ele>
      </trkpt>
      <trkpt lat="37.323130" lon="126.647981">
        <ele>3.1</ele>
      </trkpt>
      <trkpt lat="37.323115" lon="126.647927">
        <ele>3.0</ele>
      </trkpt>
      <trkpt lat="37.323100" lon="126.647874">
        <ele>3.0</ele>
      </trkpt>
      <trkpt lat="37.323085" lon="126.647821">
        <ele>3.0</ele>
      </trkpt>
      <trkpt lat="37.323070" lon="126.647767">
        <ele>3.0</ele>
      </trkpt>
      <trkpt lat="37.323055" lon="126.647714">
        <ele>3.0</ele>
      </trkpt>
      <trkpt lat="37.323040" lon="126.647661">
        <ele>3.0</ele>
      </trkpt>
      <trkpt lat="37.323025" lon="126.647607">
        <ele>3.0</ele>
      </trkpt>
      <trkpt lat="37.323010" lon="126.647554">
        <ele>3.0</ele>
      </trkpt>
      <trkpt lat="37.322996" lon="126.647500">
        <ele>3.0</ele>
      </trkpt>
      <trkpt lat="37.322981" lon="126.647447">
        <ele>3.0</ele>
      </trkpt>
      <trkpt lat="37.322966" lon="126.647394">
        <ele>3.0</ele>
      </trkpt>
      <trkpt lat="37.322951" lon="126.647340">
        <ele>3.0</ele>
      </trkpt>
      <trkpt lat="37.322937" lon="126.647287">
        <ele>3.0</ele>
      </trkpt>
      <trkpt lat="37.322922" lon="126.647233">
        <ele>3.0</ele>
      </trkpt>
      <trkpt lat="37.322907" lon="126.647180">
        <ele>3.0</ele>
      </trkpt>
      <trkpt lat="37.322892" lon="126.647126">
        <ele>3.0</ele>
      </trkpt>
      <trkpt lat="37.322877" lon="126.647073">
        <ele>3.0</ele>
      </trkpt>
      <trkpt lat="37.322863" lon="126.647020">
        <ele>3.0</ele>
      </trkpt>
      <trkpt lat="37.322848" lon="126.646966">
        <ele>3.0</ele>
      </trkpt>
      <trkpt lat="37.322833" lon="126.646913">
        <ele>3.0</ele>
      </trkpt>
      <trkpt lat="37.322818" lon="126.646859">
        <ele>3.0</ele>
      </trkpt>
      <trkpt lat="37.322804" lon="126.646806">
        <ele>3.0</ele>
      </trkpt>
      <trkpt lat="37.322789" lon="126.646753">
        <ele>3.0</ele>
      </trkpt>
      <trkpt lat="37.322774" lon="126.646699">
        <ele>3.0</ele>
      </trkpt>
      <trkpt lat="37.322759" lon="126.646646">
        <ele>3.0</ele>
      </trkpt>
      <trkpt lat="37.322744" lon="126.646592">
        <ele>3.0</ele>
      </trkpt>
      <trkpt lat="37.322730" lon="126.646539">
        <ele>3.0</ele>
      </trkpt>
      <trkpt lat="37.322715" lon="126.646486">
        <ele>3.0</ele>
      </trkpt>
      <trkpt lat="37.322700" lon="126.646432">
        <ele>3.0</ele>
      </trkpt>
      <trkpt lat="37.322685" lon="126.646379">
        <ele>3.0</ele>
      </trkpt>
      <trkpt lat="37.322671" lon="126.646325">
        <ele>3.0</ele>
      </trkpt>
      <trkpt lat="37.322656" lon="126.646272">
        <ele>3.0</ele>
      </trkpt>
      <trkpt lat="37.322641" lon="126.646219">
        <ele>3.0</ele>
      </trkpt>
      <trkpt lat="37.322626" lon="126.646165">
        <ele>3.0</ele>
      </trkpt>
      <trkpt lat="37.322612" lon="126.646112">
        <ele>3.0</ele>
      </trkpt>
      <trkpt lat="37.322597" lon="126.646058">
        <ele>3.0</ele>
      </trkpt>
      <trkpt lat="37.322582" lon="126.646005">
        <ele>3.0</ele>
      </trkpt>
      <trkpt lat="37.322567" lon="126.645952">
        <ele>3.0</ele>
      </trkpt>
      <trkpt lat="37.322552" lon="126.645898">
        <ele>3.0</ele>
      </trkpt>
      <trkpt lat="37.322538" lon="126.645845">
        <ele>3.0</ele>
      </trkpt>
      <trkpt lat="37.322523" lon="126.645791">
        <ele>3.0</ele>
      </trkpt>
      <trkpt lat="37.322508" lon="126.645738">
        <ele>3.0</ele>
      </trkpt>
      <trkpt lat="37.322493" lon="126.645685">
        <ele>3.0</ele>
      </trkpt>
      <trkpt lat="37.322479" lon="126.645631">
        <ele>3.0</ele>
      </trkpt>
      <trkpt lat="37.322464" lon="126.645578">
        <ele>3.0</ele>
      </trkpt>
      <trkpt lat="37.322449" lon="126.645524">
        <ele>3.0</ele>
      </trkpt>
      <trkpt lat="37.322434" lon="126.645471">
        <ele>3.0</ele>
      </trkpt>
      <trkpt lat="37.322420" lon="126.645417">
        <ele>3.0</ele>
      </trkpt>
      <trkpt lat="37.322405" lon="126.645364">
        <ele>3.0</ele>
      </trkpt>
      <trkpt lat="37.322390" lon="126.645311">
        <ele>3.0</ele>
      </trkpt>
      <trkpt lat="37.322375" lon="126.645257">
        <ele>3.0</ele>
      </trkpt>
      <trkpt lat="37.322360" lon="126.645204">
        <ele>3.0</ele>
      </trkpt>
      <trkpt lat="37.322346" lon="126.645150">
        <ele>3.0</ele>
      </trkpt>
      <trkpt lat="37.322331" lon="126.645097">
        <ele>3.0</ele>
      </trkpt>
      <trkpt lat="37.322316" lon="126.645044">
        <ele>3.0</ele>
      </trkpt>
      <trkpt lat="37.322301" lon="126.644990">
        <ele>3.0</ele>
      </trkpt>
      <trkpt lat="37.322287" lon="126.644937">
        <ele>3.0</ele>
      </trkpt>
      <trkpt lat="37.322272" lon="126.644883">
        <ele>3.0</ele>
      </trkpt>
      <trkpt lat="37.322257" lon="126.644830">
        <ele>3.0</ele>
      </trkpt>
      <trkpt lat="37.322242" lon="126.644777">
        <ele>3.0</ele>
      </trkpt>
      <trkpt lat="37.322228" lon="126.644723">
        <ele>3.0</ele>
      </trkpt>
      <trkpt lat="37.322213" lon="126.644670">
        <ele>3.0</ele>
      </trkpt>
      <trkpt lat="37.322198" lon="126.644616">
        <ele>3.0</ele>
      </trkpt>
      <trkpt lat="37.322183" lon="126.644563">
        <ele>3.0</ele>
      </trkpt>
      <trkpt lat="37.322168" lon="126.644510">
        <ele>3.0</ele>
      </trkpt>
      <trkpt lat="37.322154" lon="126.644456">
        <ele>3.0</ele>
      </trkpt>
      <trkpt lat="37.322139" lon="126.644403">
        <ele>3.0</ele>
      </trkpt>
      <trkpt lat="37.322124" lon="126.644349">
        <ele>3.0</ele>
      </trkpt>
      <trkpt lat="37.322109" lon="126.644296">
        <ele>3.0</ele>
      </trkpt>
      <trkpt lat="37.322095" lon="126.644243">
        <ele>3.0</ele>
      </trkpt>
      <trkpt lat="37.322080" lon="126.644189">
        <ele>3.0</ele>
      </trkpt>
      <trkpt lat="37.322065" lon="126.644136">
        <ele>3.0</ele>
      </trkpt>
      <trkpt lat="37.322050" lon="126.644082">
        <ele>3.0</ele>
      </trkpt>
      <trkpt lat="37.322036" lon="126.644029">
        <ele>3.0</ele>
      </trkpt>
      <trkpt lat="37.322021" lon="126.643976">
        <ele>3.0</ele>
      </trkpt>
      <trkpt lat="37.322006" lon="126.643922">
        <ele>3.0</ele>
      </trkpt>
      <trkpt lat="37.321991" lon="126.643869">
        <ele>3.0</ele>
      </trkpt>
      <trkpt lat="37.321976" lon="126.643815">
        <ele>3.0</ele>
      </trkpt>
      <trkpt lat="37.321962" lon="126.643762">
        <ele>3.0</ele>
      </trkpt>
      <trkpt lat="37.321947" lon="126.643709">
        <ele>3.0</ele>
      </trkpt>
      <trkpt lat="37.321932" lon="126.643655">
        <ele>3.0</ele>
      </trkpt>
      <trkpt lat="37.321917" lon="126.643602">
        <ele>3.0</ele>
      </trkpt>
      <trkpt lat="37.321903" lon="126.643548">
        <ele>3.0</ele>
      </trkpt>
      <trkpt lat="37.321888" lon="126.643495">
        <ele>3.0</ele>
      </trkpt>
      <trkpt lat="37.321873" lon="126.643441">
        <ele>3.0</ele>
      </trkpt>
      <trkpt lat="37.321858" lon="126.643388">
        <ele>3.0</ele>
      </trkpt>
      <trkpt lat="37.321843" lon="126.643335">
        <ele>3.0</ele>
      </trkpt>
      <trkpt lat="37.321829" lon="126.643281">
        <ele>3.0</ele>
      </trkpt>
      <trkpt lat="37.321814" lon="126.643228">
        <ele>3.0</ele>
      </trkpt>
      <trkpt lat="37.321799" lon="126.643174">
        <ele>3.0</ele>
      </trkpt>
      <trkpt lat="37.321784" lon="126.643121">
        <ele>3.0</ele>
      </trkpt>
      <trkpt lat="37.321770" lon="126.643068">
        <ele>3.0</ele>
      </trkpt>
      <trkpt lat="37.321755" lon="126.643014">
        <ele>3.0</ele>
      </trkpt>
      <trkpt lat="37.321740" lon="126.642961">
        <ele>3.0</ele>
      </trkpt>
      <trkpt lat="37.321725" lon="126.642907">
        <ele>3.0</ele>
      </trkpt>
      <trkpt lat="37.321711" lon="126.642854">
        <ele>3.0</ele>
      </trkpt>
      <trkpt lat="37.321696" lon="126.642801">
        <ele>3.0</ele>
      </trkpt>
      <trkpt lat="37.321681" lon="126.642747">
        <ele>3.0</ele>
      </trkpt>
      <trkpt lat="37.321666" lon="126.642694">
        <ele>3.0</ele>
      </trkpt>
      <trkpt lat="37.321651" lon="126.642640">
        <ele>3.0</ele>
      </trkpt>
      <trkpt lat="37.321637" lon="126.642587">
        <ele>3.0</ele>
      </trkpt>
      <trkpt lat="37.321622" lon="126.642534">
        <ele>3.0</ele>
      </trkpt>
      <trkpt lat="37.321607" lon="126.642480">
        <ele>3.0</ele>
      </trkpt>
      <trkpt lat="37.321592" lon="126.642427">
        <ele>3.0</ele>
      </trkpt>
      <trkpt lat="37.321578" lon="126.642373">
        <ele>3.0</ele>
      </trkpt>
      <trkpt lat="37.321563" lon="126.642320">
        <ele>3.0</ele>
      </trkpt>
      <trkpt lat="37.321548" lon="126.642267">
        <ele>3.0</ele>
      </trkpt>
      <trkpt lat="37.321533" lon="126.642213">
        <ele>3.0</ele>
      </trkpt>
      <trkpt lat="37.321519" lon="126.642160">
        <ele>3.0</ele>
      </trkpt>
      <trkpt lat="37.321504" lon="126.642106">
        <ele>3.0</ele>
      </trkpt>
      <trkpt lat="37.321489" lon="126.642053">
        <ele>3.0</ele>
      </trkpt>
      <trkpt lat="37.321474" lon="126.642000">
        <ele>3.0</ele>
      </trkpt>
      <trkpt lat="37.321459" lon="126.641946">
        <ele>3.0</ele>
      </trkpt>
      <trkpt lat="37.321445" lon="126.641893">
        <ele>3.0</ele>
      </trkpt>
      <trkpt lat="37.321430" lon="126.641839">
        <ele>3.0</ele>
      </trkpt>
      <trkpt lat="37.321415" lon="126.641786">
        <ele>3.0</ele>
      </trkpt>
      <trkpt lat="37.321400" lon="126.641732">
        <ele>3.0</ele>
      </trkpt>
      <trkpt lat="37.321386" lon="126.641679">
        <ele>3.0</ele>
      </trkpt>
      <trkpt lat="37.321371" lon="126.641626">
        <ele>3.0</ele>
      </trkpt>
      <trkpt lat="37.321356" lon="126.641572">
        <ele>3.0</ele>
      </trkpt>
      <trkpt lat="37.321341" lon="126.641519">
        <ele>3.0</ele>
      </trkpt>
      <trkpt lat="37.321327" lon="126.641465">
        <ele>3.0</ele>
      </trkpt>
      <trkpt lat="37.321312" lon="126.641412">
        <ele>3.0</ele>
      </trkpt>
      <trkpt lat="37.321297" lon="126.641359">
        <ele>3.0</ele>
      </trkpt>
      <trkpt lat="37.321282" lon="126.641305">
        <ele>3.0</ele>
      </trkpt>
      <trkpt lat="37.321267" lon="126.641252">
        <ele>3.0</ele>
      </trkpt>
      <trkpt lat="37.321253" lon="126.641198">
        <ele>3.0</ele>
      </trkpt>
      <trkpt lat="37.321238" lon="126.641145">
        <ele>3.0</ele>
      </trkpt>
      <trkpt lat="37.321223" lon="126.641092">
        <ele>3.0</ele>
      </trkpt>
      <trkpt lat="37.321208" lon="126.641038">
        <ele>3.0</ele>
      </trkpt>
      <trkpt lat="37.321194" lon="126.640985">
        <ele>3.0</ele>
      </trkpt>
      <trkpt lat="37.321179" lon="126.640931">
        <ele>3.0</ele>
      </trkpt>
      <trkpt lat="37.321164" lon="126.640878">
        <ele>3.0</ele>
      </trkpt>
      <trkpt lat="37.321149" lon="126.640825">
        <ele>3.0</ele>
      </trkpt>
      <trkpt lat="37.321134" lon="126.640771">
        <ele>3.0</ele>
      </trkpt>
      <trkpt lat="37.321120" lon="126.640718">
        <ele>3.0</ele>
      </trkpt>
      <trkpt lat="37.321105" lon="126.640664">
        <ele>3.0</ele>
      </trkpt>
      <trkpt lat="37.321090" lon="126.640611">
        <ele>3.0</ele>
      </trkpt>
      <trkpt lat="37.321075" lon="126.640558">
        <ele>3.0</ele>
      </trkpt>
      <trkpt lat="37.321061" lon="126.640504">
        <ele>3.0</ele>
      </trkpt>
      <trkpt lat="37.321046" lon="126.640451">
        <ele>3.0</ele>
      </trkpt>
      <trkpt lat="37.321031" lon="126.640397">
        <ele>3.0</ele>
      </trkpt>
      <trkpt lat="37.321016" lon="126.640344">
        <ele>3.0</ele>
      </trkpt>
      <trkpt lat="37.321002" lon="126.640291">
        <ele>3.0</ele>
      </trkpt>
      <trkpt lat="37.320987" lon="126.640237">
        <ele>3.0</ele>
      </trkpt>
      <trkpt lat="37.320972" lon="126.640184">
        <ele>3.0</ele>
      </trkpt>
      <trkpt lat="37.320957" lon="126.640130">
        <ele>3.0</ele>
      </trkpt>
      <trkpt lat="37.320942" lon="126.640077">
        <ele>3.0</ele>
      </trkpt>
      <trkpt lat="37.320928" lon="126.640023">
        <ele>3.0</ele>
      </trkpt>
      <trkpt lat="37.320913" lon="126.639970">
        <ele>3.0</ele>
      </trkpt>
      <trkpt lat="37.320898" lon="126.639917">
        <ele>3.0</ele>
      </trkpt>
      <trkpt lat="37.320883" lon="126.639863">
        <ele>3.0</ele>
      </trkpt>
      <trkpt lat="37.320869" lon="126.639810">
        <ele>3.0</ele>
      </trkpt>
      <trkpt lat="37.320854" lon="126.639756">
        <ele>3.0</ele>
      </trkpt>
      <trkpt lat="37.320839" lon="126.639703">
        <ele>3.0</ele>
      </trkpt>
      <trkpt lat="37.320824" lon="126.639650">
        <ele>3.0</ele>
      </trkpt>
      <trkpt lat="37.320810" lon="126.639596">
        <ele>3.0</ele>
      </trkpt>
      <trkpt lat="37.320795" lon="126.639543">
        <ele>3.0</ele>
      </trkpt>
      <trkpt lat="37.320780" lon="126.639489">
        <ele>3.0</ele>
      </trkpt>
      <trkpt lat="37.320765" lon="126.639436">
        <ele>3.0</ele>
      </trkpt>
      <trkpt lat="37.320750" lon="126.639383">
        <ele>3.0</ele>
      </trkpt>
      <trkpt lat="37.320736" lon="126.639329">
        <ele>3.0</ele>
      </trkpt>
      <trkpt lat="37.320721" lon="126.639276">
        <ele>3.0</ele>
      </trkpt>
      <trkpt lat="37.320706" lon="126.639222">
        <ele>3.0</ele>
      </trkpt>
      <trkpt lat="37.320691" lon="126.639169">
        <ele>3.0</ele>
      </trkpt>
      <trkpt lat="37.320677" lon="126.639116">
        <ele>3.0</ele>
      </trkpt>
      <trkpt lat="37.320662" lon="126.639062">
        <ele>3.0</ele>
      </trkpt>
      <trkpt lat="37.320647" lon="126.639009">
        <ele>3.0</ele>
      </trkpt>
      <trkpt lat="37.320632" lon="126.638955">
        <ele>3.0</ele>
      </trkpt>
      <trkpt lat="37.320618" lon="126.638902">
        <ele>3.0</ele>
      </trkpt>
      <trkpt lat="37.320603" lon="126.638849">
        <ele>3.0</ele>
      </trkpt>
      <trkpt lat="37.320588" lon="126.638795">
        <ele>3.0</ele>
      </trkpt>
      <trkpt lat="37.320573" lon="126.638742">
        <ele>3.0</ele>
      </trkpt>
      <trkpt lat="37.320558" lon="126.638688">
        <ele>3.0</ele>
      </trkpt>
      <trkpt lat="37.320544" lon="126.638635">
        <ele>3.0</ele>
      </trkpt>
      <trkpt lat="37.320529" lon="126.638582">
        <ele>3.0</ele>
      </trkpt>
      <trkpt lat="37.320514" lon="126.638528">
        <ele>3.0</ele>
      </trkpt>
      <trkpt lat="37.320499" lon="126.638475">
        <ele>3.0</ele>
      </trkpt>
      <trkpt lat="37.320485" lon="126.638421">
        <ele>3.0</ele>
      </trkpt>
      <trkpt lat="37.320470" lon="126.638368">
        <ele>3.0</ele>
      </trkpt>
      <trkpt lat="37.320455" lon="126.638315">
        <ele>3.0</ele>
      </trkpt>
      <trkpt lat="37.320440" lon="126.638261">
        <ele>3.0</ele>
      </trkpt>
      <trkpt lat="37.320426" lon="126.638208">
        <ele>3.0</ele>
      </trkpt>
      <trkpt lat="37.320411" lon="126.638154">
        <ele>3.0</ele>
      </trkpt>
      <trkpt lat="37.320396" lon="126.638101">
        <ele>3.0</ele>
      </trkpt>
      <trkpt lat="37.320381" lon="126.638047">
        <ele>3.0</ele>
      </trkpt>
      <trkpt lat="37.320366" lon="126.637994">
        <ele>3.0</ele>
      </trkpt>
      <trkpt lat="37.320352" lon="126.637941">
        <ele>3.0</ele>
      </trkpt>
      <trkpt lat="37.320337" lon="126.637887">
        <ele>3.0</ele>
      </trkpt>
      <trkpt lat="37.320322" lon="126.637834">
        <ele>3.0</ele>
      </trkpt>
      <trkpt lat="37.320307" lon="126.637780">
        <ele>3.0</ele>
      </trkpt>
      <trkpt lat="37.320293" lon="126.637727">
        <ele>3.0</ele>
      </trkpt>
      <trkpt lat="37.320278" lon="126.637674">
        <ele>3.0</ele>
      </trkpt>
      <trkpt lat="37.320263" lon="126.637620">
        <ele>3.0</ele>
      </trkpt>
      <trkpt lat="37.320248" lon="126.637567">
        <ele>3.0</ele>
      </trkpt>
      <trkpt lat="37.320233" lon="126.637513">
        <ele>3.0</ele>
      </trkpt>
      <trkpt lat="37.320219" lon="126.637460">
        <ele>3.0</ele>
      </trkpt>
      <trkpt lat="37.320204" lon="126.637407">
        <ele>3.0</ele>
      </trkpt>
      <trkpt lat="37.320189" lon="126.637353">
        <ele>3.0</ele>
      </trkpt>
      <trkpt lat="37.320174" lon="126.637300">
        <ele>3.0</ele>
      </trkpt>
      <trkpt lat="37.320160" lon="126.637246">
        <ele>3.0</ele>
      </trkpt>
      <trkpt lat="37.320145" lon="126.637193">
        <ele>3.0</ele>
      </trkpt>
      <trkpt lat="37.320130" lon="126.637140">
        <ele>3.0</ele>
      </trkpt>
      <trkpt lat="37.320115" lon="126.637086">
        <ele>3.0</ele>
      </trkpt>
      <trkpt lat="37.320101" lon="126.637033">
        <ele>3.0</ele>
      </trkpt>
      <trkpt lat="37.320086" lon="126.636979">
        <ele>3.0</ele>
      </trkpt>
      <trkpt lat="37.320071" lon="126.636926">
        <ele>3.0</ele>
      </trkpt>
      <trkpt lat="37.320056" lon="126.636873">
        <ele>3.0</ele>
      </trkpt>
      <trkpt lat="37.320041" lon="126.636819">
        <ele>3.0</ele>
      </trkpt>
      <trkpt lat="37.320027" lon="126.636766">
        <ele>3.0</ele>
      </trkpt>
      <trkpt lat="37.320012" lon="126.636712">
        <ele>3.0</ele>
      </trkpt>
      <trkpt lat="37.319997" lon="126.636659">
        <ele>3.0</ele>
      </trkpt>
      <trkpt lat="37.319982" lon="126.636606">
        <ele>3.0</ele>
      </trkpt>
      <trkpt lat="37.319968" lon="126.636552">
        <ele>3.0</ele>
      </trkpt>
      <trkpt lat="37.319953" lon="126.636499">
        <ele>3.0</ele>
      </trkpt>
      <trkpt lat="37.319938" lon="126.636445">
        <ele>3.0</ele>
      </trkpt>
      <trkpt lat="37.319923" lon="126.636392">
        <ele>3.0</ele>
      </trkpt>
      <trkpt lat="37.319909" lon="126.636338">
        <ele>3.0</ele>
      </trkpt>
      <trkpt lat="37.319894" lon="126.636285">
        <ele>3.0</ele>
      </trkpt>
      <trkpt lat="37.319879" lon="126.636232">
        <ele>3.0</ele>
      </trkpt>
      <trkpt lat="37.319864" lon="126.636178">
        <ele>3.0</ele>
      </trkpt>
      <trkpt lat="37.319849" lon="126.636125">
        <ele>3.0</ele>
      </trkpt>
      <trkpt lat="37.319835" lon="126.636071">
        <ele>3.0</ele>
      </trkpt>
      <trkpt lat="37.319820" lon="126.636018">
        <ele>3.0</ele>
      </trkpt>
      <trkpt lat="37.319805" lon="126.635965">
        <ele>3.0</ele>
      </trkpt>
      <trkpt lat="37.319790" lon="126.635911">
        <ele>3.0</ele>
      </trkpt>
      <trkpt lat="37.319776" lon="126.635858">
        <ele>3.0</ele>
      </trkpt>
      <trkpt lat="37.319761" lon="126.635805">
        <ele>3.0</ele>
      </trkpt>
      <trkpt lat="37.319746" lon="126.635751">
        <ele>3.0</ele>
      </trkpt>
      <trkpt lat="37.319731" lon="126.635698">
        <ele>3.0</ele>
      </trkpt>
      <trkpt lat="37.319716" lon="126.635645">
        <ele>3.0</ele>
      </trkpt>
      <trkpt lat="37.319701" lon="126.635591">
        <ele>3.0</ele>
      </trkpt>
      <trkpt lat="37.319686" lon="126.635538">
        <ele>3.0</ele>
      </trkpt>
      <trkpt lat="37.319671" lon="126.635485">
        <ele>3.0</ele>
      </trkpt>
      <trkpt lat="37.319656" lon="126.635431">
        <ele>3.0</ele>
      </trkpt>
      <trkpt lat="37.319641" lon="126.635378">
        <ele>3.0</ele>
      </trkpt>
      <trkpt lat="37.319626" lon="126.635325">
        <ele>3.0</ele>
      </trkpt>
      <trkpt lat="37.319611" lon="126.635271">
        <ele>3.0</ele>
      </trkpt>
      <trkpt lat="37.319596" lon="126.635218">
        <ele>3.0</ele>
      </trkpt>
      <trkpt lat="37.319581" lon="126.635165">
        <ele>3.0</ele>
      </trkpt>
      <trkpt lat="37.319566" lon="126.635112">
        <ele>3.0</ele>
      </trkpt>
      <trkpt lat="37.319551" lon="126.635058">
        <ele>3.0</ele>
      </trkpt>
      <trkpt lat="37.319536" lon="126.635005">
        <ele>3.0</ele>
      </trkpt>
      <trkpt lat="37.319521" lon="126.634952">
        <ele>3.0</ele>
      </trkpt>
      <trkpt lat="37.319506" lon="126.634898">
        <ele>3.0</ele>
      </trkpt>
      <trkpt lat="37.319491" lon="126.634845">
        <ele>3.0</ele>
      </trkpt>
      <trkpt lat="37.319476" lon="126.634792">
        <ele>3.0</ele>
      </trkpt>
      <trkpt lat="37.319461" lon="126.634738">
        <ele>3.0</ele>
      </trkpt>
      <trkpt lat="37.319446" lon="126.634685">
        <ele>3.0</ele>
      </trkpt>
      <trkpt lat="37.319431" lon="126.634632">
        <ele>3.0</ele>
      </trkpt>
      <trkpt lat="37.319416" lon="126.634578">
        <ele>3.0</ele>
      </trkpt>
      <trkpt lat="37.319401" lon="126.634525">
        <ele>3.0</ele>
      </trkpt>
      <trkpt lat="37.319386" lon="126.634472">
        <ele>3.0</ele>
      </trkpt>
      <trkpt lat="37.319371" lon="126.634419">
        <ele>3.0</ele>
      </trkpt>
      <trkpt lat="37.319356" lon="126.634365">
        <ele>3.0</ele>
      </trkpt>
      <trkpt lat="37.319341" lon="126.634312">
        <ele>3.0</ele>
      </trkpt>
      <trkpt lat="37.319326" lon="126.634259">
        <ele>3.0</ele>
      </trkpt>
      <trkpt lat="37.319311" lon="126.634205">
        <ele>3.0</ele>
      </trkpt>
      <trkpt lat="37.319296" lon="126.634152">
        <ele>3.0</ele>
      </trkpt>
      <trkpt lat="37.319281" lon="126.634099">
        <ele>3.0</ele>
      </trkpt>
      <trkpt lat="37.319266" lon="126.634045">
        <ele>3.0</ele>
      </trkpt>
      <trkpt lat="37.319251" lon="126.633992">
        <ele>3.0</ele>
      </trkpt>
      <trkpt lat="37.319236" lon="126.633939">
        <ele>3.0</ele>
      </trkpt>
      <trkpt lat="37.319221" lon="126.633886">
        <ele>3.0</ele>
      </trkpt>
      <trkpt lat="37.319206" lon="126.633832">
        <ele>3.0</ele>
      </trkpt>
      <trkpt lat="37.319191" lon="126.633779">
        <ele>3.0</ele>
      </trkpt>
      <trkpt lat="37.319176" lon="126.633725">
        <ele>3.0</ele>
      </trkpt>
      <trkpt lat="37.319162" lon="126.633672">
        <ele>3.0</ele>
      </trkpt>
      <trkpt lat="37.319147" lon="126.633618">
        <ele>3.0</ele>
      </trkpt>
      <trkpt lat="37.319133" lon="126.633565">
        <ele>3.0</ele>
      </trkpt>
      <trkpt lat="37.319118" lon="126.633511">
        <ele>3.0</ele>
      </trkpt>
      <trkpt lat="37.319104" lon="126.633458">
        <ele>3.0</ele>
      </trkpt>
      <trkpt lat="37.319089" lon="126.633404">
        <ele>3.0</ele>
      </trkpt>
      <trkpt lat="37.319075" lon="126.633351">
        <ele>3.0</ele>
      </trkpt>
      <trkpt lat="37.319060" lon="126.633297">
        <ele>3.0</ele>
      </trkpt>
      <trkpt lat="37.319046" lon="126.633244">
        <ele>3.0</ele>
      </trkpt>
      <trkpt lat="37.319031" lon="126.633190">
        <ele>3.0</ele>
      </trkpt>
      <trkpt lat="37.319017" lon="126.633137">
        <ele>3.0</ele>
      </trkpt>
      <trkpt lat="37.319002" lon="126.633083">
        <ele>3.0</ele>
      </trkpt>
      <trkpt lat="37.318988" lon="126.633030">
        <ele>2.9</ele>
      </trkpt>
      <trkpt lat="37.318973" lon="126.632976">
        <ele>2.9</ele>
      </trkpt>
      <trkpt lat="37.318959" lon="126.632923">
        <ele>2.9</ele>
      </trkpt>
      <trkpt lat="37.318944" lon="126.632869">
        <ele>2.9</ele>
      </trkpt>
      <trkpt lat="37.318929" lon="126.632816">
        <ele>2.9</ele>
      </trkpt>
      <trkpt lat="37.318915" lon="126.632762">
        <ele>2.9</ele>
      </trkpt>
      <trkpt lat="37.318900" lon="126.632709">
        <ele>2.9</ele>
      </trkpt>
      <trkpt lat="37.318886" lon="126.632655">
        <ele>2.9</ele>
      </trkpt>
      <trkpt lat="37.318871" lon="126.632602">
        <ele>2.9</ele>
      </trkpt>
      <trkpt lat="37.318857" lon="126.632548">
        <ele>2.9</ele>
      </trkpt>
      <trkpt lat="37.318842" lon="126.632495">
        <ele>2.9</ele>
      </trkpt>
      <trkpt lat="37.318828" lon="126.632441">
        <ele>2.9</ele>
      </trkpt>
      <trkpt lat="37.318813" lon="126.632388">
        <ele>2.9</ele>
      </trkpt>
      <trkpt lat="37.318799" lon="126.632334">
        <ele>2.9</ele>
      </trkpt>
      <trkpt lat="37.318784" lon="126.632281">
        <ele>2.9</ele>
      </trkpt>
      <trkpt lat="37.318769" lon="126.632227">
        <ele>2.9</ele>
      </trkpt>
      <trkpt lat="37.318754" lon="126.632174">
        <ele>2.9</ele>
      </trkpt>
      <trkpt lat="37.318740" lon="126.632120">
        <ele>2.9</ele>
      </trkpt>
      <trkpt lat="37.318725" lon="126.632067">
        <ele>2.9</ele>
      </trkpt>
      <trkpt lat="37.318710" lon="126.632014">
        <ele>2.9</ele>
      </trkpt>
      <trkpt lat="37.318695" lon="126.631960">
        <ele>2.9</ele>
      </trkpt>
      <trkpt lat="37.318680" lon="126.631907">
        <ele>2.9</ele>
      </trkpt>
      <trkpt lat="37.318665" lon="126.631854">
        <ele>2.9</ele>
      </trkpt>
      <trkpt lat="37.318650" lon="126.631800">
        <ele>2.9</ele>
      </trkpt>
      <trkpt lat="37.318636" lon="126.631747">
        <ele>2.9</ele>
      </trkpt>
      <trkpt lat="37.318621" lon="126.631694">
        <ele>2.9</ele>
      </trkpt>
      <trkpt lat="37.318606" lon="126.631640">
        <ele>2.9</ele>
      </trkpt>
      <trkpt lat="37.318591" lon="126.631587">
        <ele>2.9</ele>
      </trkpt>
      <trkpt lat="37.318576" lon="126.631534">
        <ele>2.9</ele>
      </trkpt>
      <trkpt lat="37.318561" lon="126.631480">
        <ele>2.9</ele>
      </trkpt>
      <trkpt lat="37.318546" lon="126.631427">
        <ele>2.9</ele>
      </trkpt>
      <trkpt lat="37.318531" lon="126.631373">
        <ele>2.9</ele>
      </trkpt>
      <trkpt lat="37.318517" lon="126.631320">
        <ele>2.9</ele>
      </trkpt>
      <trkpt lat="37.318502" lon="126.631267">
        <ele>2.9</ele>
      </trkpt>
      <trkpt lat="37.318487" lon="126.631213">
        <ele>2.9</ele>
      </trkpt>
      <trkpt lat="37.318472" lon="126.631160">
        <ele>2.9</ele>
      </trkpt>
      <trkpt lat="37.318457" lon="126.631107">
        <ele>2.9</ele>
      </trkpt>
      <trkpt lat="37.318442" lon="126.631053">
        <ele>2.9</ele>
      </trkpt>
      <trkpt lat="37.318427" lon="126.631000">
        <ele>2.9</ele>
      </trkpt>
      <trkpt lat="37.318413" lon="126.630947">
        <ele>2.9</ele>
      </trkpt>
      <trkpt lat="37.318398" lon="126.630893">
        <ele>2.9</ele>
      </trkpt>
      <trkpt lat="37.318383" lon="126.630840">
        <ele>2.9</ele>
      </trkpt>
      <trkpt lat="37.318368" lon="126.630786">
        <ele>2.9</ele>
      </trkpt>
      <trkpt lat="37.318353" lon="126.630733">
        <ele>2.9</ele>
      </trkpt>
      <trkpt lat="37.318338" lon="126.630680">
        <ele>2.9</ele>
      </trkpt>
      <trkpt lat="37.318323" lon="126.630626">
        <ele>2.9</ele>
      </trkpt>
      <trkpt lat="37.318309" lon="126.630573">
        <ele>2.9</ele>
      </trkpt>
      <trkpt lat="37.318294" lon="126.630520">
        <ele>2.9</ele>
      </trkpt>
      <trkpt lat="37.318279" lon="126.630466">
        <ele>2.9</ele>
      </trkpt>
      <trkpt lat="37.318264" lon="126.630413">
        <ele>2.9</ele>
      </trkpt>
      <trkpt lat="37.318249" lon="126.630360">
        <ele>2.9</ele>
      </trkpt>
      <trkpt lat="37.318234" lon="126.630306">
        <ele>2.9</ele>
      </trkpt>
      <trkpt lat="37.318219" lon="126.630253">
        <ele>2.9</ele>
      </trkpt>
      <trkpt lat="37.318204" lon="126.630199">
        <ele>2.9</ele>
      </trkpt>
      <trkpt lat="37.318190" lon="126.630146">
        <ele>2.9</ele>
      </trkpt>
      <trkpt lat="37.318175" lon="126.630093">
        <ele>2.9</ele>
      </trkpt>
      <trkpt lat="37.318160" lon="126.630039">
        <ele>2.9</ele>
      </trkpt>
      <trkpt lat="37.318145" lon="126.629986">
        <ele>2.9</ele>
      </trkpt>
      <trkpt lat="37.318130" lon="126.629933">
        <ele>2.9</ele>
      </trkpt>
      <trkpt lat="37.318115" lon="126.629879">
        <ele>2.9</ele>
      </trkpt>
      <trkpt lat="37.318100" lon="126.629826">
        <ele>2.9</ele>
      </trkpt>
      <trkpt lat="37.318086" lon="126.629773">
        <ele>2.9</ele>
      </trkpt>
      <trkpt lat="37.318071" lon="126.629719">
        <ele>2.9</ele>
      </trkpt>
      <trkpt lat="37.318056" lon="126.629666">
        <ele>2.9</ele>
      </trkpt>
      <trkpt lat="37.318041" lon="126.629612">
        <ele>2.9</ele>
      </trkpt>
      <trkpt lat="37.318026" lon="126.629559">
        <ele>2.9</ele>
      </trkpt>
      <trkpt lat="37.318011" lon="126.629506">
        <ele>2.9</ele>
      </trkpt>
      <trkpt lat="37.317995" lon="126.629453">
        <ele>2.9</ele>
      </trkpt>
      <trkpt lat="37.317980" lon="126.629400">
        <ele>2.9</ele>
      </trkpt>
      <trkpt lat="37.317965" lon="126.629346">
        <ele>2.9</ele>
      </trkpt>
      <trkpt lat="37.317950" lon="126.629293">
        <ele>2.9</ele>
      </trkpt>
      <trkpt lat="37.317935" lon="126.629240">
        <ele>2.9</ele>
      </trkpt>
      <trkpt lat="37.317920" lon="126.629187">
        <ele>2.9</ele>
      </trkpt>
      <trkpt lat="37.317904" lon="126.629133">
        <ele>2.8</ele>
      </trkpt>
      <trkpt lat="37.317889" lon="126.629080">
        <ele>2.8</ele>
      </trkpt>
      <trkpt lat="37.317874" lon="126.629027">
        <ele>2.8</ele>
      </trkpt>
      <trkpt lat="37.317859" lon="126.628974">
        <ele>2.8</ele>
      </trkpt>
      <trkpt lat="37.317844" lon="126.628921">
        <ele>2.8</ele>
      </trkpt>
      <trkpt lat="37.317828" lon="126.628867">
        <ele>2.8</ele>
      </trkpt>
      <trkpt lat="37.317813" lon="126.628814">
        <ele>2.8</ele>
      </trkpt>
      <trkpt lat="37.317798" lon="126.628761">
        <ele>2.8</ele>
      </trkpt>
      <trkpt lat="37.317789" lon="126.628728">
        <ele>2.8</ele>
      </trkpt>
      <trkpt lat="37.317773" lon="126.628675">
        <ele>2.8</ele>
      </trkpt>
      <trkpt lat="37.317758" lon="126.628621">
        <ele>2.8</ele>
      </trkpt>
      <trkpt lat="37.317743" lon="126.628568">
        <ele>2.8</ele>
      </trkpt>
      <trkpt lat="37.317728" lon="126.628515">
        <ele>2.8</ele>
      </trkpt>
      <trkpt lat="37.317713" lon="126.628462">
        <ele>2.8</ele>
      </trkpt>
      <trkpt lat="37.317698" lon="126.628408">
        <ele>2.8</ele>
      </trkpt>
      <trkpt lat="37.317683" lon="126.628355">
        <ele>2.8</ele>
      </trkpt>
      <trkpt lat="37.317667" lon="126.628302">
        <ele>2.8</ele>
      </trkpt>
      <trkpt lat="37.317652" lon="126.628249">
        <ele>2.8</ele>
      </trkpt>
      <trkpt lat="37.317637" lon="126.628195">
        <ele>2.8</ele>
      </trkpt>
      <trkpt lat="37.317622" lon="126.628142">
        <ele>2.8</ele>
      </trkpt>
      <trkpt lat="37.317607" lon="126.628089">
        <ele>2.8</ele>
      </trkpt>
      <trkpt lat="37.317592" lon="126.628036">
        <ele>2.8</ele>
      </trkpt>
      <trkpt lat="37.317577" lon="126.627982">
        <ele>2.8</ele>
      </trkpt>
      <trkpt lat="37.317562" lon="126.627929">
        <ele>2.8</ele>
      </trkpt>
      <trkpt lat="37.317547" lon="126.627876">
        <ele>2.8</ele>
      </trkpt>
      <trkpt lat="37.317532" lon="126.627822">
        <ele>2.8</ele>
      </trkpt>
      <trkpt lat="37.317518" lon="126.627769">
        <ele>2.8</ele>
      </trkpt>
      <trkpt lat="37.317503" lon="126.627715">
        <ele>2.8</ele>
      </trkpt>
      <trkpt lat="37.317488" lon="126.627662">
        <ele>2.8</ele>
      </trkpt>
      <trkpt lat="37.317473" lon="126.627609">
        <ele>2.8</ele>
      </trkpt>
      <trkpt lat="37.317458" lon="126.627555">
        <ele>2.8</ele>
      </trkpt>
      <trkpt lat="37.317444" lon="126.627502">
        <ele>2.8</ele>
      </trkpt>
      <trkpt lat="37.317429" lon="126.627448">
        <ele>2.8</ele>
      </trkpt>
      <trkpt lat="37.317414" lon="126.627395">
        <ele>2.8</ele>
      </trkpt>
      <trkpt lat="37.317399" lon="126.627342">
        <ele>2.8</ele>
      </trkpt>
      <trkpt lat="37.317385" lon="126.627288">
        <ele>2.8</ele>
      </trkpt>
      <trkpt lat="37.317370" lon="126.627235">
        <ele>2.8</ele>
      </trkpt>
      <trkpt lat="37.317355" lon="126.627181">
        <ele>2.8</ele>
      </trkpt>
      <trkpt lat="37.317340" lon="126.627128">
        <ele>2.8</ele>
      </trkpt>
      <trkpt lat="37.317325" lon="126.627075">
        <ele>2.8</ele>
      </trkpt>
      <trkpt lat="37.317311" lon="126.627021">
        <ele>2.8</ele>
      </trkpt>
      <trkpt lat="37.317296" lon="126.626968">
        <ele>2.8</ele>
      </trkpt>
      <trkpt lat="37.317281" lon="126.626914">
        <ele>2.8</ele>
      </trkpt>
      <trkpt lat="37.317266" lon="126.626861">
        <ele>2.8</ele>
      </trkpt>
      <trkpt lat="37.317252" lon="126.626808">
        <ele>2.8</ele>
      </trkpt>
      <trkpt lat="37.317237" lon="126.626754">
        <ele>2.8</ele>
      </trkpt>
      <trkpt lat="37.317222" lon="126.626701">
        <ele>2.8</ele>
      </trkpt>
      <trkpt lat="37.317207" lon="126.626647">
        <ele>2.8</ele>
      </trkpt>
      <trkpt lat="37.317192" lon="126.626594">
        <ele>2.8</ele>
      </trkpt>
      <trkpt lat="37.317178" lon="126.626541">
        <ele>2.8</ele>
      </trkpt>
      <trkpt lat="37.317163" lon="126.626487">
        <ele>2.8</ele>
      </trkpt>
      <trkpt lat="37.317148" lon="126.626434">
        <ele>2.8</ele>
      </trkpt>
      <trkpt lat="37.317133" lon="126.626380">
        <ele>2.8</ele>
      </trkpt>
      <trkpt lat="37.317119" lon="126.626327">
        <ele>2.8</ele>
      </trkpt>
      <trkpt lat="37.317104" lon="126.626274">
        <ele>2.8</ele>
      </trkpt>
      <trkpt lat="37.317089" lon="126.626220">
        <ele>2.8</ele>
      </trkpt>
      <trkpt lat="37.317074" lon="126.626167">
        <ele>2.8</ele>
      </trkpt>
      <trkpt lat="37.317059" lon="126.626113">
        <ele>2.8</ele>
      </trkpt>
      <trkpt lat="37.317045" lon="126.626060">
        <ele>2.8</ele>
      </trkpt>
      <trkpt lat="37.317030" lon="126.626007">
        <ele>2.8</ele>
      </trkpt>
      <trkpt lat="37.317015" lon="126.625953">
        <ele>2.8</ele>
      </trkpt>
      <trkpt lat="37.317000" lon="126.625900">
        <ele>2.8</ele>
      </trkpt>
      <trkpt lat="37.316986" lon="126.625846">
        <ele>2.8</ele>
      </trkpt>
      <trkpt lat="37.316971" lon="126.625793">
        <ele>2.8</ele>
      </trkpt>
      <trkpt lat="37.316956" lon="126.625740">
        <ele>2.8</ele>
      </trkpt>
      <trkpt lat="37.316941" lon="126.625686">
        <ele>2.8</ele>
      </trkpt>
      <trkpt lat="37.316926" lon="126.625633">
        <ele>2.8</ele>
      </trkpt>
      <trkpt lat="37.316912" lon="126.625579">
        <ele>2.8</ele>
      </trkpt>
      <trkpt lat="37.316897" lon="126.625526">
        <ele>2.8</ele>
      </trkpt>
      <trkpt lat="37.316882" lon="126.625473">
        <ele>2.8</ele>
      </trkpt>
      <trkpt lat="37.316867" lon="126.625419">
        <ele>2.8</ele>
      </trkpt>
      <trkpt lat="37.316853" lon="126.625366">
        <ele>2.8</ele>
      </trkpt>
      <trkpt lat="37.316838" lon="126.625312">
        <ele>2.8</ele>
      </trkpt>
      <trkpt lat="37.316823" lon="126.625259">
        <ele>2.8</ele>
      </trkpt>
      <trkpt lat="37.316808" lon="126.625206">
        <ele>2.8</ele>
      </trkpt>
      <trkpt lat="37.316794" lon="126.625152">
        <ele>2.8</ele>
      </trkpt>
      <trkpt lat="37.316779" lon="126.625099">
        <ele>2.8</ele>
      </trkpt>
      <trkpt lat="37.316764" lon="126.625045">
        <ele>2.8</ele>
      </trkpt>
      <trkpt lat="37.316749" lon="126.624992">
        <ele>2.8</ele>
      </trkpt>
      <trkpt lat="37.316734" lon="126.624939">
        <ele>2.8</ele>
      </trkpt>
      <trkpt lat="37.316720" lon="126.624885">
        <ele>2.8</ele>
      </trkpt>
      <trkpt lat="37.316705" lon="126.624832">
        <ele>2.8</ele>
      </trkpt>
      <trkpt lat="37.316690" lon="126.624778">
        <ele>2.8</ele>
      </trkpt>
      <trkpt lat="37.316675" lon="126.624725">
        <ele>2.8</ele>
      </trkpt>
      <trkpt lat="37.316661" lon="126.624672">
        <ele>2.8</ele>
      </trkpt>
      <trkpt lat="37.316646" lon="126.624618">
        <ele>2.8</ele>
      </trkpt>
      <trkpt lat="37.316631" lon="126.624565">
        <ele>2.8</ele>
      </trkpt>
      <trkpt lat="37.316616" lon="126.624511">
        <ele>2.8</ele>
      </trkpt>
      <trkpt lat="37.316601" lon="126.624458">
        <ele>2.8</ele>
      </trkpt>
      <trkpt lat="37.316587" lon="126.624405">
        <ele>2.8</ele>
      </trkpt>
      <trkpt lat="37.316572" lon="126.624351">
        <ele>2.8</ele>
      </trkpt>
      <trkpt lat="37.316557" lon="126.624298">
        <ele>2.8</ele>
      </trkpt>
      <trkpt lat="37.316542" lon="126.624244">
        <ele>2.8</ele>
      </trkpt>
      <trkpt lat="37.316528" lon="126.624191">
        <ele>2.8</ele>
      </trkpt>
      <trkpt lat="37.316513" lon="126.624138">
        <ele>2.8</ele>
      </trkpt>
      <trkpt lat="37.316498" lon="126.624084">
        <ele>2.8</ele>
      </trkpt>
      <trkpt lat="37.316483" lon="126.624031">
        <ele>2.8</ele>
      </trkpt>
      <trkpt lat="37.316468" lon="126.623977">
        <ele>2.8</ele>
      </trkpt>
      <trkpt lat="37.316454" lon="126.623924">
        <ele>2.8</ele>
      </trkpt>
      <trkpt lat="37.316439" lon="126.623871">
        <ele>2.8</ele>
      </trkpt>
      <trkpt lat="37.316424" lon="126.623817">
        <ele>2.8</ele>
      </trkpt>
      <trkpt lat="37.316409" lon="126.623764">
        <ele>2.8</ele>
      </trkpt>
      <trkpt lat="37.316395" lon="126.623710">
        <ele>2.8</ele>
      </trkpt>
      <trkpt lat="37.316380" lon="126.623657">
        <ele>2.8</ele>
      </trkpt>
      <trkpt lat="37.316365" lon="126.623604">
        <ele>2.8</ele>
      </trkpt>
      <trkpt lat="37.316350" lon="126.623550">
        <ele>2.8</ele>
      </trkpt>
      <trkpt lat="37.316335" lon="126.623497">
        <ele>2.8</ele>
      </trkpt>
      <trkpt lat="37.316321" lon="126.623443">
        <ele>2.8</ele>
      </trkpt>
      <trkpt lat="37.316306" lon="126.623390">
        <ele>2.8</ele>
      </trkpt>
      <trkpt lat="37.316291" lon="126.623337">
        <ele>2.8</ele>
      </trkpt>
      <trkpt lat="37.316277" lon="126.623283">
        <ele>2.8</ele>
      </trkpt>
      <trkpt lat="37.316262" lon="126.623230">
        <ele>2.8</ele>
      </trkpt>
      <trkpt lat="37.316247" lon="126.623176">
        <ele>2.8</ele>
      </trkpt>
      <trkpt lat="37.316233" lon="126.623123">
        <ele>2.8</ele>
      </trkpt>
      <trkpt lat="37.316218" lon="126.623069">
        <ele>2.8</ele>
      </trkpt>
      <trkpt lat="37.316203" lon="126.623016">
        <ele>2.7</ele>
      </trkpt>
      <trkpt lat="37.316189" lon="126.622962">
        <ele>2.7</ele>
      </trkpt>
      <trkpt lat="37.316174" lon="126.622909">
        <ele>2.7</ele>
      </trkpt>
      <trkpt lat="37.316159" lon="126.622855">
        <ele>2.7</ele>
      </trkpt>
      <trkpt lat="37.316145" lon="126.622802">
        <ele>2.7</ele>
      </trkpt>
      <trkpt lat="37.316130" lon="126.622749">
        <ele>2.7</ele>
      </trkpt>
      <trkpt lat="37.316115" lon="126.622695">
        <ele>2.7</ele>
      </trkpt>
      <trkpt lat="37.316101" lon="126.622642">
        <ele>2.7</ele>
      </trkpt>
      <trkpt lat="37.316086" lon="126.622588">
        <ele>2.7</ele>
      </trkpt>
      <trkpt lat="37.316071" lon="126.622535">
        <ele>2.7</ele>
      </trkpt>
      <trkpt lat="37.316057" lon="126.622481">
        <ele>2.7</ele>
      </trkpt>
      <trkpt lat="37.316042" lon="126.622428">
        <ele>2.6</ele>
      </trkpt>
      <trkpt lat="37.316027" lon="126.622374">
        <ele>2.6</ele>
      </trkpt>
      <trkpt lat="37.316013" lon="126.622321">
        <ele>2.6</ele>
      </trkpt>
      <trkpt lat="37.315998" lon="126.622268">
        <ele>2.6</ele>
      </trkpt>
      <trkpt lat="37.315983" lon="126.622214">
        <ele>2.6</ele>
      </trkpt>
      <trkpt lat="37.315969" lon="126.622161">
        <ele>2.6</ele>
      </trkpt>
      <trkpt lat="37.315954" lon="126.622107">
        <ele>2.6</ele>
      </trkpt>
      <trkpt lat="37.315939" lon="126.622054">
        <ele>2.6</ele>
      </trkpt>
      <trkpt lat="37.315925" lon="126.622000">
        <ele>2.6</ele>
      </trkpt>
      <trkpt lat="37.315910" lon="126.621947">
        <ele>2.6</ele>
      </trkpt>
      <trkpt lat="37.315895" lon="126.621893">
        <ele>2.6</ele>
      </trkpt>
      <trkpt lat="37.315881" lon="126.621840">
        <ele>2.5</ele>
      </trkpt>
      <trkpt lat="37.315866" lon="126.621786">
        <ele>2.5</ele>
      </trkpt>
      <trkpt lat="37.315851" lon="126.621733">
        <ele>2.5</ele>
      </trkpt>
      <trkpt lat="37.315837" lon="126.621680">
        <ele>2.5</ele>
      </trkpt>
      <trkpt lat="37.315822" lon="126.621626">
        <ele>2.5</ele>
      </trkpt>
      <trkpt lat="37.315808" lon="126.621573">
        <ele>2.5</ele>
      </trkpt>
      <trkpt lat="37.315793" lon="126.621519">
        <ele>2.5</ele>
      </trkpt>
      <trkpt lat="37.315778" lon="126.621466">
        <ele>2.5</ele>
      </trkpt>
      <trkpt lat="37.315764" lon="126.621412">
        <ele>2.5</ele>
      </trkpt>
      <trkpt lat="37.315749" lon="126.621359">
        <ele>2.5</ele>
      </trkpt>
      <trkpt lat="37.315734" lon="126.621305">
        <ele>2.5</ele>
      </trkpt>
      <trkpt lat="37.315720" lon="126.621252">
        <ele>2.5</ele>
      </trkpt>
      <trkpt lat="37.315705" lon="126.621199">
        <ele>2.4</ele>
      </trkpt>
      <trkpt lat="37.315690" lon="126.621145">
        <ele>2.4</ele>
      </trkpt>
      <trkpt lat="37.315676" lon="126.621092">
        <ele>2.4</ele>
      </trkpt>
      <trkpt lat="37.315661" lon="126.621038">
        <ele>2.4</ele>
      </trkpt>
      <trkpt lat="37.315646" lon="126.620985">
        <ele>2.4</ele>
      </trkpt>
      <trkpt lat="37.315632" lon="126.620931">
        <ele>2.4</ele>
      </trkpt>
      <trkpt lat="37.315617" lon="126.620878">
        <ele>2.4</ele>
      </trkpt>
      <trkpt lat="37.315602" lon="126.620824">
        <ele>2.4</ele>
      </trkpt>
      <trkpt lat="37.315588" lon="126.620771">
        <ele>2.4</ele>
      </trkpt>
      <trkpt lat="37.315573" lon="126.620717">
        <ele>2.4</ele>
      </trkpt>
      <trkpt lat="37.315558" lon="126.620664">
        <ele>2.4</ele>
      </trkpt>
      <trkpt lat="37.315544" lon="126.620611">
        <ele>2.3</ele>
      </trkpt>
      <trkpt lat="37.315529" lon="126.620557">
        <ele>2.3</ele>
      </trkpt>
      <trkpt lat="37.315514" lon="126.620504">
        <ele>2.3</ele>
      </trkpt>
      <trkpt lat="37.315500" lon="126.620450">
        <ele>2.3</ele>
      </trkpt>
      <trkpt lat="37.315485" lon="126.620397">
        <ele>2.3</ele>
      </trkpt>
      <trkpt lat="37.315470" lon="126.620343">
        <ele>2.3</ele>
      </trkpt>
      <trkpt lat="37.315458" lon="126.620289">
        <ele>2.3</ele>
      </trkpt>
      <trkpt lat="37.315448" lon="126.620234">
        <ele>2.4</ele>
      </trkpt>
      <trkpt lat="37.315439" lon="126.620179">
        <ele>2.4</ele>
      </trkpt>
      <trkpt lat="37.315429" lon="126.620123">
        <ele>2.4</ele>
      </trkpt>
      <trkpt lat="37.315419" lon="126.620068">
        <ele>2.5</ele>
      </trkpt>
      <trkpt lat="37.315409" lon="126.620013">
        <ele>2.5</ele>
      </trkpt>
      <trkpt lat="37.315399" lon="126.619958">
        <ele>2.5</ele>
      </trkpt>
      <trkpt lat="37.315389" lon="126.619903">
        <ele>2.6</ele>
      </trkpt>
      <trkpt lat="37.315379" lon="126.619848">
        <ele>2.6</ele>
      </trkpt>
      <trkpt lat="37.315369" lon="126.619793">
        <ele>2.6</ele>
      </trkpt>
      <trkpt lat="37.315359" lon="126.619737">
        <ele>2.7</ele>
      </trkpt>
      <trkpt lat="37.315349" lon="126.619682">
        <ele>2.7</ele>
      </trkpt>
      <trkpt lat="37.315339" lon="126.619627">
        <ele>2.8</ele>
      </trkpt>
      <trkpt lat="37.315329" lon="126.619572">
        <ele>2.8</ele>
      </trkpt>
      <trkpt lat="37.315319" lon="126.619517">
        <ele>2.8</ele>
      </trkpt>
      <trkpt lat="37.315310" lon="126.619462">
        <ele>2.9</ele>
      </trkpt>
      <trkpt lat="37.315300" lon="126.619407">
        <ele>2.9</ele>
      </trkpt>
      <trkpt lat="37.315290" lon="126.619351">
        <ele>2.9</ele>
      </trkpt>
      <trkpt lat="37.315280" lon="126.619296">
        <ele>3.0</ele>
      </trkpt>
      <trkpt lat="37.315271" lon="126.619241">
        <ele>3.0</ele>
      </trkpt>
      <trkpt lat="37.315267" lon="126.619185">
        <ele>3.0</ele>
      </trkpt>
      <trkpt lat="37.315263" lon="126.619128">
        <ele>3.0</ele>
      </trkpt>
      <trkpt lat="37.315259" lon="126.619072">
        <ele>3.0</ele>
      </trkpt>
      <trkpt lat="37.315255" lon="126.619016">
        <ele>3.0</ele>
      </trkpt>
      <trkpt lat="37.315251" lon="126.618959">
        <ele>3.1</ele>
      </trkpt>
      <trkpt lat="37.315247" lon="126.618903">
        <ele>3.1</ele>
      </trkpt>
      <trkpt lat="37.315243" lon="126.618847">
        <ele>3.1</ele>
      </trkpt>
      <trkpt lat="37.315239" lon="126.618790">
        <ele>3.1</ele>
      </trkpt>
      <trkpt lat="37.315235" lon="126.618734">
        <ele>3.1</ele>
      </trkpt>
      <trkpt lat="37.315231" lon="126.618678">
        <ele>3.1</ele>
      </trkpt>
      <trkpt lat="37.315226" lon="126.618622">
        <ele>3.1</ele>
      </trkpt>
      <trkpt lat="37.315221" lon="126.618565">
        <ele>3.1</ele>
      </trkpt>
      <trkpt lat="37.315216" lon="126.618509">
        <ele>3.1</ele>
      </trkpt>
      <trkpt lat="37.315211" lon="126.618453">
        <ele>3.1</ele>
      </trkpt>
      <trkpt lat="37.315206" lon="126.618397">
        <ele>3.1</ele>
      </trkpt>
      <trkpt lat="37.315201" lon="126.618341">
        <ele>3.1</ele>
      </trkpt>
      <trkpt lat="37.315196" lon="126.618284">
        <ele>3.1</ele>
      </trkpt>
      <trkpt lat="37.315191" lon="126.618228">
        <ele>3.1</ele>
      </trkpt>
      <trkpt lat="37.315189" lon="126.618201">
        <ele>3.3</ele>
      </trkpt>
      <trkpt lat="37.315184" lon="126.618145">
        <ele>3.3</ele>
      </trkpt>
      <trkpt lat="37.315179" lon="126.618089">
        <ele>3.3</ele>
      </trkpt>
      <trkpt lat="37.315174" lon="126.618032">
        <ele>3.3</ele>
      </trkpt>
      <trkpt lat="37.315169" lon="126.617976">
        <ele>3.3</ele>
      </trkpt>
      <trkpt lat="37.315164" lon="126.617920">
        <ele>3.3</ele>
      </trkpt>
      <trkpt lat="37.315159" lon="126.617864">
        <ele>3.3</ele>
      </trkpt>
      <trkpt lat="37.315154" lon="126.617808">
        <ele>3.3</ele>
      </trkpt>
      <trkpt lat="37.315146" lon="126.617752">
        <ele>3.3</ele>
      </trkpt>
      <trkpt lat="37.315139" lon="126.617696">
        <ele>3.3</ele>
      </trkpt>
      <trkpt lat="37.315132" lon="126.617640">
        <ele>3.3</ele>
      </trkpt>
      <trkpt lat="37.315124" lon="126.617585">
        <ele>3.3</ele>
      </trkpt>
      <trkpt lat="37.315117" lon="126.617529">
        <ele>3.3</ele>
      </trkpt>
      <trkpt lat="37.315110" lon="126.617473">
        <ele>3.3</ele>
      </trkpt>
      <trkpt lat="37.315102" lon="126.617417">
        <ele>3.3</ele>
      </trkpt>
      <trkpt lat="37.315095" lon="126.617361">
        <ele>3.3</ele>
      </trkpt>
      <trkpt lat="37.315088" lon="126.617306">
        <ele>3.3</ele>
      </trkpt>
      <trkpt lat="37.315080" lon="126.617250">
        <ele>3.3</ele>
      </trkpt>
      <trkpt lat="37.315073" lon="126.617194">
        <ele>3.3</ele>
      </trkpt>
      <trkpt lat="37.315066" lon="126.617138">
        <ele>3.3</ele>
      </trkpt>
      <trkpt lat="37.315058" lon="126.617083">
        <ele>3.3</ele>
      </trkpt>
      <trkpt lat="37.315051" lon="126.617027">
        <ele>3.3</ele>
      </trkpt>
      <trkpt lat="37.315044" lon="126.616971">
        <ele>3.3</ele>
      </trkpt>
      <trkpt lat="37.315035" lon="126.616916">
        <ele>3.3</ele>
      </trkpt>
      <trkpt lat="37.315024" lon="126.616861">
        <ele>3.3</ele>
      </trkpt>
      <trkpt lat="37.315013" lon="126.616806">
        <ele>3.3</ele>
      </trkpt>
      <trkpt lat="37.315002" lon="126.616751">
        <ele>3.3</ele>
      </trkpt>
      <trkpt lat="37.314992" lon="126.616696">
        <ele>3.3</ele>
      </trkpt>
      <trkpt lat="37.314981" lon="126.616641">
        <ele>3.3</ele>
      </trkpt>
      <trkpt lat="37.314970" lon="126.616586">
        <ele>3.3</ele>
      </trkpt>
      <trkpt lat="37.314959" lon="126.616531">
        <ele>3.3</ele>
      </trkpt>
      <trkpt lat="37.314948" lon="126.616476">
        <ele>3.3</ele>
      </trkpt>
      <trkpt lat="37.314938" lon="126.616422">
        <ele>3.3</ele>
      </trkpt>
      <trkpt lat="37.314927" lon="126.616367">
        <ele>3.3</ele>
      </trkpt>
      <trkpt lat="37.314916" lon="126.616312">
        <ele>3.3</ele>
      </trkpt>
      <trkpt lat="37.314905" lon="126.616257">
        <ele>3.3</ele>
      </trkpt>
      <trkpt lat="37.314895" lon="126.616202">
        <ele>3.3</ele>
      </trkpt>
      <trkpt lat="37.314884" lon="126.616147">
        <ele>3.3</ele>
      </trkpt>
      <trkpt lat="37.314871" lon="126.616093">
        <ele>3.3</ele>
      </trkpt>
      <trkpt lat="37.314855" lon="126.616040">
        <ele>3.3</ele>
      </trkpt>
      <trkpt lat="37.314838" lon="126.615988">
        <ele>3.2</ele>
      </trkpt>
      <trkpt lat="37.314821" lon="126.615936">
        <ele>3.2</ele>
      </trkpt>
      <trkpt lat="37.314804" lon="126.615883">
        <ele>3.2</ele>
      </trkpt>
      <trkpt lat="37.314788" lon="126.615831">
        <ele>3.1</ele>
      </trkpt>
      <trkpt lat="37.314771" lon="126.615778">
        <ele>3.1</ele>
      </trkpt>
      <trkpt lat="37.314754" lon="126.615726">
        <ele>3.1</ele>
      </trkpt>
      <trkpt lat="37.314737" lon="126.615673">
        <ele>3.0</ele>
      </trkpt>
      <trkpt lat="37.314720" lon="126.615621">
        <ele>3.0</ele>
      </trkpt>
      <trkpt lat="37.314704" lon="126.615568">
        <ele>3.0</ele>
      </trkpt>
      <trkpt lat="37.314687" lon="126.615516">
        <ele>2.9</ele>
      </trkpt>
      <trkpt lat="37.314670" lon="126.615463">
        <ele>2.9</ele>
      </trkpt>
      <trkpt lat="37.314653" lon="126.615411">
        <ele>2.9</ele>
      </trkpt>
      <trkpt lat="37.314636" lon="126.615359">
        <ele>2.8</ele>
      </trkpt>
      <trkpt lat="37.314620" lon="126.615306">
        <ele>2.8</ele>
      </trkpt>
      <trkpt lat="37.314603" lon="126.615254">
        <ele>2.8</ele>
      </trkpt>
      <trkpt lat="37.314586" lon="126.615201">
        <ele>2.8</ele>
      </trkpt>
      <trkpt lat="37.314569" lon="126.615149">
        <ele>2.7</ele>
      </trkpt>
      <trkpt lat="37.314553" lon="126.615096">
        <ele>2.7</ele>
      </trkpt>
      <trkpt lat="37.314536" lon="126.615044">
        <ele>2.7</ele>
      </trkpt>
      <trkpt lat="37.314519" lon="126.614991">
        <ele>2.6</ele>
      </trkpt>
      <trkpt lat="37.314501" lon="126.614939">
        <ele>2.6</ele>
      </trkpt>
      <trkpt lat="37.314481" lon="126.614889">
        <ele>2.4</ele>
      </trkpt>
      <trkpt lat="37.314461" lon="126.614838">
        <ele>2.3</ele>
      </trkpt>
      <trkpt lat="37.314441" lon="126.614788">
        <ele>2.2</ele>
      </trkpt>
      <trkpt lat="37.314421" lon="126.614737">
        <ele>2.1</ele>
      </trkpt>
      <trkpt lat="37.314401" lon="126.614687">
        <ele>2.0</ele>
      </trkpt>
      <trkpt lat="37.314381" lon="126.614636">
        <ele>2.0</ele>
      </trkpt>
      <trkpt lat="37.314361" lon="126.614585">
        <ele>2.0</ele>
      </trkpt>
      <trkpt lat="37.314340" lon="126.614535">
        <ele>2.0</ele>
      </trkpt>
      <trkpt lat="37.314320" lon="126.614484">
        <ele>1.9</ele>
      </trkpt>
      <trkpt lat="37.314300" lon="126.614434">
        <ele>1.9</ele>
      </trkpt>
      <trkpt lat="37.314280" lon="126.614383">
        <ele>1.9</ele>
      </trkpt>
      <trkpt lat="37.314260" lon="126.614333">
        <ele>1.9</ele>
      </trkpt>
      <trkpt lat="37.314240" lon="126.614282">
        <ele>1.9</ele>
      </trkpt>
      <trkpt lat="37.314219" lon="126.614232">
        <ele>1.9</ele>
      </trkpt>
      <trkpt lat="37.314199" lon="126.614181">
        <ele>1.9</ele>
      </trkpt>
      <trkpt lat="37.314179" lon="126.614131">
        <ele>1.8</ele>
      </trkpt>
      <trkpt lat="37.314159" lon="126.614080">
        <ele>1.8</ele>
      </trkpt>
      <trkpt lat="37.314139" lon="126.614030">
        <ele>1.8</ele>
      </trkpt>
      <trkpt lat="37.314119" lon="126.613979">
        <ele>1.8</ele>
      </trkpt>
      <trkpt lat="37.314099" lon="126.613928">
        <ele>1.8</ele>
      </trkpt>
      <trkpt lat="37.314078" lon="126.613878">
        <ele>1.8</ele>
      </trkpt>
      <trkpt lat="37.314058" lon="126.613827">
        <ele>1.8</ele>
      </trkpt>
      <trkpt lat="37.314038" lon="126.613777">
        <ele>1.7</ele>
      </trkpt>
      <trkpt lat="37.314018" lon="126.613726">
        <ele>1.7</ele>
      </trkpt>
      <trkpt lat="37.313998" lon="126.613676">
        <ele>1.7</ele>
      </trkpt>
      <trkpt lat="37.313978" lon="126.613625">
        <ele>1.7</ele>
      </trkpt>
      <trkpt lat="37.313957" lon="126.613575">
        <ele>1.7</ele>
      </trkpt>
      <trkpt lat="37.313937" lon="126.613524">
        <ele>1.7</ele>
      </trkpt>
      <trkpt lat="37.313917" lon="126.613474">
        <ele>1.7</ele>
      </trkpt>
      <trkpt lat="37.313897" lon="126.613423">
        <ele>1.7</ele>
      </trkpt>
      <trkpt lat="37.313877" lon="126.613373">
        <ele>1.6</ele>
      </trkpt>
      <trkpt lat="37.313857" lon="126.613322">
        <ele>1.6</ele>
      </trkpt>
      <trkpt lat="37.313836" lon="126.613271">
        <ele>1.6</ele>
      </trkpt>
      <trkpt lat="37.313816" lon="126.613221">
        <ele>1.6</ele>
      </trkpt>
      <trkpt lat="37.313796" lon="126.613170">
        <ele>1.6</ele>
      </trkpt>
      <trkpt lat="37.313776" lon="126.613120">
        <ele>1.6</ele>
      </trkpt>
      <trkpt lat="37.313756" lon="126.613069">
        <ele>1.6</ele>
      </trkpt>
      <trkpt lat="37.313736" lon="126.613019">
        <ele>1.5</ele>
      </trkpt>
      <trkpt lat="37.313716" lon="126.612968">
        <ele>1.5</ele>
      </trkpt>
      <trkpt lat="37.313695" lon="126.612918">
        <ele>1.5</ele>
      </trkpt>
      <trkpt lat="37.313675" lon="126.612867">
        <ele>1.5</ele>
      </trkpt>
      <trkpt lat="37.313655" lon="126.612817">
        <ele>1.5</ele>
      </trkpt>
      <trkpt lat="37.313635" lon="126.612766">
        <ele>1.5</ele>
      </trkpt>
      <trkpt lat="37.313615" lon="126.612716">
        <ele>1.5</ele>
      </trkpt>
      <trkpt lat="37.313595" lon="126.612665">
        <ele>1.4</ele>
      </trkpt>
      <trkpt lat="37.313574" lon="126.612614">
        <ele>1.4</ele>
      </trkpt>
      <trkpt lat="37.313554" lon="126.612564">
        <ele>1.4</ele>
      </trkpt>
      <trkpt lat="37.313534" lon="126.612513">
        <ele>1.4</ele>
      </trkpt>
      <trkpt lat="37.313514" lon="126.612463">
        <ele>1.4</ele>
      </trkpt>
      <trkpt lat="37.313494" lon="126.612412">
        <ele>1.4</ele>
      </trkpt>
      <trkpt lat="37.313474" lon="126.612362">
        <ele>1.4</ele>
      </trkpt>
      <trkpt lat="37.313453" lon="126.612311">
        <ele>1.4</ele>
      </trkpt>
      <trkpt lat="37.313433" lon="126.612261">
        <ele>1.3</ele>
      </trkpt>
      <trkpt lat="37.313413" lon="126.612210">
        <ele>1.3</ele>
      </trkpt>
      <trkpt lat="37.313393" lon="126.612160">
        <ele>1.3</ele>
      </trkpt>
      <trkpt lat="37.313389" lon="126.612116">
        <ele>1.0</ele>
      </trkpt>
      <trkpt lat="37.313374" lon="126.612113">
        <ele>0.1</ele>
      </trkpt>
      <trkpt lat="37.313354" lon="126.612062">
        <ele>0.8</ele>
      </trkpt>
      <trkpt lat="37.313334" lon="126.612012">
        <ele>1.6</ele>
      </trkpt>
      <trkpt lat="37.313314" lon="126.611961">
        <ele>2.3</ele>
      </trkpt>
      <trkpt lat="37.313294" lon="126.611911">
        <ele>3.0</ele>
      </trkpt>
      <trkpt lat="37.313273" lon="126.611860">
        <ele>3.7</ele>
      </trkpt>
      <trkpt lat="37.313253" lon="126.611810">
        <ele>4.4</ele>
      </trkpt>
      <trkpt lat="37.313233" lon="126.611759">
        <ele>5.0</ele>
      </trkpt>
      <trkpt lat="37.313212" lon="126.611709">
        <ele>5.0</ele>
      </trkpt>
      <trkpt lat="37.313192" lon="126.611659">
        <ele>5.0</ele>
      </trkpt>
      <trkpt lat="37.313171" lon="126.611608">
        <ele>5.0</ele>
      </trkpt>
      <trkpt lat="37.313151" lon="126.611558">
        <ele>5.0</ele>
      </trkpt>
      <trkpt lat="37.313130" lon="126.611508">
        <ele>5.0</ele>
      </trkpt>
      <trkpt lat="37.313109" lon="126.611457">
        <ele>5.0</ele>
      </trkpt>
      <trkpt lat="37.313089" lon="126.611407">
        <ele>5.0</ele>
      </trkpt>
      <trkpt lat="37.313068" lon="126.611357">
        <ele>5.0</ele>
      </trkpt>
      <trkpt lat="37.313048" lon="126.611307">
        <ele>5.0</ele>
      </trkpt>
      <trkpt lat="37.313027" lon="126.611256">
        <ele>5.0</ele>
      </trkpt>
      <trkpt lat="37.313007" lon="126.611206">
        <ele>5.0</ele>
      </trkpt>
      <trkpt lat="37.312986" lon="126.611156">
        <ele>5.0</ele>
      </trkpt>
      <trkpt lat="37.312965" lon="126.611106">
        <ele>5.0</ele>
      </trkpt>
      <trkpt lat="37.312945" lon="126.611055">
        <ele>5.0</ele>
      </trkpt>
      <trkpt lat="37.312924" lon="126.611005">
        <ele>5.0</ele>
      </trkpt>
      <trkpt lat="37.312904" lon="126.610955">
        <ele>5.0</ele>
      </trkpt>
      <trkpt lat="37.312883" lon="126.610904">
        <ele>5.0</ele>
      </trkpt>
      <trkpt lat="37.312863" lon="126.610854">
        <ele>5.0</ele>
      </trkpt>
      <trkpt lat="37.312842" lon="126.610804">
        <ele>5.0</ele>
      </trkpt>
      <trkpt lat="37.312821" lon="126.610754">
        <ele>5.0</ele>
      </trkpt>
      <trkpt lat="37.312801" lon="126.610703">
        <ele>5.0</ele>
      </trkpt>
      <trkpt lat="37.312780" lon="126.610653">
        <ele>5.0</ele>
      </trkpt>
      <trkpt lat="37.312759" lon="126.610603">
        <ele>5.0</ele>
      </trkpt>
      <trkpt lat="37.312737" lon="126.610554">
        <ele>5.0</ele>
      </trkpt>
      <trkpt lat="37.312716" lon="126.610504">
        <ele>5.0</ele>
      </trkpt>
      <trkpt lat="37.312694" lon="126.610455">
        <ele>5.0</ele>
      </trkpt>
      <trkpt lat="37.312672" lon="126.610405">
        <ele>5.0</ele>
      </trkpt>
      <trkpt lat="37.312651" lon="126.610356">
        <ele>5.0</ele>
      </trkpt>
      <trkpt lat="37.312629" lon="126.610306">
        <ele>5.0</ele>
      </trkpt>
      <trkpt lat="37.312607" lon="126.610256">
        <ele>5.0</ele>
      </trkpt>
      <trkpt lat="37.312586" lon="126.610207">
        <ele>5.0</ele>
      </trkpt>
      <trkpt lat="37.312564" lon="126.610157">
        <ele>5.0</ele>
      </trkpt>
      <trkpt lat="37.312543" lon="126.610108">
        <ele>5.0</ele>
      </trkpt>
      <trkpt lat="37.312521" lon="126.610058">
        <ele>5.4</ele>
      </trkpt>
      <trkpt lat="37.312500" lon="126.610008">
        <ele>5.9</ele>
      </trkpt>
      <trkpt lat="37.312478" lon="126.609959">
        <ele>6.4</ele>
      </trkpt>
      <trkpt lat="37.312457" lon="126.609909">
        <ele>7.0</ele>
      </trkpt>
      <trkpt lat="37.312436" lon="126.609859">
        <ele>7.5</ele>
      </trkpt>
      <trkpt lat="37.312414" lon="126.609809">
        <ele>8.0</ele>
      </trkpt>
      <trkpt lat="37.312390" lon="126.609762">
        <ele>8.0</ele>
      </trkpt>
      <trkpt lat="37.312365" lon="126.609715">
        <ele>8.0</ele>
      </trkpt>
      <trkpt lat="37.312341" lon="126.609667">
        <ele>8.0</ele>
      </trkpt>
      <trkpt lat="37.312318" lon="126.609630">
        <ele>8.0</ele>
      </trkpt>
      <trkpt lat="37.312297" lon="126.609583">
        <ele>8.2</ele>
      </trkpt>
      <trkpt lat="37.312273" lon="126.609536">
        <ele>8.4</ele>
      </trkpt>
      <trkpt lat="37.312249" lon="126.609488">
        <ele>8.5</ele>
      </trkpt>
      <trkpt lat="37.312224" lon="126.609441">
        <ele>8.7</ele>
      </trkpt>
      <trkpt lat="37.312200" lon="126.609393">
        <ele>8.9</ele>
      </trkpt>
      <trkpt lat="37.312175" lon="126.609346">
        <ele>9.1</ele>
      </trkpt>
      <trkpt lat="37.312151" lon="126.609299">
        <ele>9.3</ele>
      </trkpt>
      <trkpt lat="37.312126" lon="126.609251">
        <ele>9.4</ele>
      </trkpt>
      <trkpt lat="37.312102" lon="126.609204">
        <ele>9.6</ele>
      </trkpt>
      <trkpt lat="37.312077" lon="126.609156">
        <ele>9.8</ele>
      </trkpt>
      <trkpt lat="37.312053" lon="126.609109">
        <ele>10.0</ele>
      </trkpt>
      <trkpt lat="37.312024" lon="126.609065">
        <ele>10.0</ele>
      </trkpt>
      <trkpt lat="37.311996" lon="126.609021">
        <ele>10.0</ele>
      </trkpt>
      <trkpt lat="37.311967" lon="126.608978">
        <ele>10.0</ele>
      </trkpt>
      <trkpt lat="37.311939" lon="126.608934">
        <ele>10.0</ele>
      </trkpt>
      <trkpt lat="37.311910" lon="126.608890">
        <ele>10.0</ele>
      </trkpt>
      <trkpt lat="37.311881" lon="126.608847">
        <ele>10.0</ele>
      </trkpt>
      <trkpt lat="37.311853" lon="126.608803">
        <ele>10.0</ele>
      </trkpt>
      <trkpt lat="37.311824" lon="126.608760">
        <ele>10.0</ele>
      </trkpt>
      <trkpt lat="37.311796" lon="126.608716">
        <ele>10.0</ele>
      </trkpt>
      <trkpt lat="37.311767" lon="126.608672">
        <ele>10.0</ele>
      </trkpt>
      <trkpt lat="37.311739" lon="126.608629">
        <ele>10.0</ele>
      </trkpt>
      <trkpt lat="37.311709" lon="126.608586">
        <ele>10.2</ele>
      </trkpt>
      <trkpt lat="37.311678" lon="126.608545">
        <ele>10.4</ele>
      </trkpt>
      <trkpt lat="37.311647" lon="126.608504">
        <ele>10.7</ele>
      </trkpt>
      <trkpt lat="37.311616" lon="126.608463">
        <ele>11.0</ele>
      </trkpt>
      <trkpt lat="37.311585" lon="126.608422">
        <ele>11.3</ele>
      </trkpt>
      <trkpt lat="37.311555" lon="126.608381">
        <ele>11.6</ele>
      </trkpt>
      <trkpt lat="37.311524" lon="126.608339">
        <ele>11.9</ele>
      </trkpt>
      <trkpt lat="37.311493" lon="126.608298">
        <ele>12.2</ele>
      </trkpt>
      <trkpt lat="37.311462" lon="126.608257">
        <ele>12.5</ele>
      </trkpt>
      <trkpt lat="37.311431" lon="126.608216">
        <ele>12.8</ele>
      </trkpt>
      <trkpt lat="37.311400" lon="126.608176">
        <ele>13.0</ele>
      </trkpt>
      <trkpt lat="37.311367" lon="126.608137">
        <ele>13.0</ele>
      </trkpt>
      <trkpt lat="37.311334" lon="126.608099">
        <ele>13.0</ele>
      </trkpt>
      <trkpt lat="37.311301" lon="126.608060">
        <ele>13.0</ele>
      </trkpt>
      <trkpt lat="37.311267" lon="126.608023">
        <ele>13.0</ele>
      </trkpt>
      <trkpt lat="37.311233" lon="126.607987">
        <ele>13.0</ele>
      </trkpt>
      <trkpt lat="37.311198" lon="126.607950">
        <ele>13.0</ele>
      </trkpt>
      <trkpt lat="37.311164" lon="126.607913">
        <ele>13.0</ele>
      </trkpt>
      <trkpt lat="37.311130" lon="126.607877">
        <ele>13.0</ele>
      </trkpt>
      <trkpt lat="37.311096" lon="126.607840">
        <ele>13.0</ele>
      </trkpt>
      <trkpt lat="37.311061" lon="126.607804">
        <ele>13.0</ele>
      </trkpt>
      <trkpt lat="37.311027" lon="126.607767">
        <ele>13.0</ele>
      </trkpt>
      <trkpt lat="37.310993" lon="126.607730">
        <ele>13.0</ele>
      </trkpt>
      <trkpt lat="37.310958" lon="126.607694">
        <ele>13.0</ele>
      </trkpt>
      <trkpt lat="37.310924" lon="126.607657">
        <ele>13.0</ele>
      </trkpt>
      <trkpt lat="37.310890" lon="126.607621">
        <ele>13.0</ele>
      </trkpt>
      <trkpt lat="37.310856" lon="126.607584">
        <ele>13.0</ele>
      </trkpt>
      <trkpt lat="37.310821" lon="126.607547">
        <ele>13.0</ele>
      </trkpt>
      <trkpt lat="37.310787" lon="126.607511">
        <ele>13.0</ele>
      </trkpt>
      <trkpt lat="37.310753" lon="126.607474">
        <ele>13.0</ele>
      </trkpt>
      <trkpt lat="37.310719" lon="126.607438">
        <ele>13.0</ele>
      </trkpt>
      <trkpt lat="37.310684" lon="126.607401">
        <ele>13.0</ele>
      </trkpt>
      <trkpt lat="37.310650" lon="126.607364">
        <ele>13.0</ele>
      </trkpt>
      <trkpt lat="37.310616" lon="126.607328">
        <ele>13.0</ele>
      </trkpt>
      <trkpt lat="37.310581" lon="126.607291">
        <ele>13.0</ele>
      </trkpt>
      <trkpt lat="37.310547" lon="126.607255">
        <ele>13.0</ele>
      </trkpt>
      <trkpt lat="37.310513" lon="126.607218">
        <ele>13.0</ele>
      </trkpt>
      <trkpt lat="37.310479" lon="126.607181">
        <ele>13.0</ele>
      </trkpt>
      <trkpt lat="37.310444" lon="126.607145">
        <ele>13.0</ele>
      </trkpt>
      <trkpt lat="37.310410" lon="126.607108">
        <ele>13.0</ele>
      </trkpt>
      <trkpt lat="37.310376" lon="126.607071">
        <ele>13.0</ele>
      </trkpt>
      <trkpt lat="37.310344" lon="126.607032">
        <ele>13.0</ele>
      </trkpt>
      <trkpt lat="37.310312" lon="126.606992">
        <ele>13.0</ele>
      </trkpt>
      <trkpt lat="37.310280" lon="126.606952">
        <ele>13.0</ele>
      </trkpt>
      <trkpt lat="37.310247" lon="126.606914">
        <ele>13.0</ele>
      </trkpt>
      <trkpt lat="37.310228" lon="126.606893">
        <ele>5.5</ele>
      </trkpt>
      <trkpt lat="37.310195" lon="126.606855">
        <ele>5.5</ele>
      </trkpt>
      <trkpt lat="37.310162" lon="126.606816">
        <ele>5.5</ele>
      </trkpt>
      <trkpt lat="37.310129" lon="126.606778">
        <ele>5.5</ele>
      </trkpt>
      <trkpt lat="37.310095" lon="126.606740">
        <ele>5.5</ele>
      </trkpt>
      <trkpt lat="37.310062" lon="126.606702">
        <ele>5.5</ele>
      </trkpt>
      <trkpt lat="37.310029" lon="126.606664">
        <ele>5.5</ele>
      </trkpt>
      <trkpt lat="37.309996" lon="126.606626">
        <ele>5.5</ele>
      </trkpt>
      <trkpt lat="37.309963" lon="126.606588">
        <ele>5.5</ele>
      </trkpt>
      <trkpt lat="37.309929" lon="126.606549">
        <ele>5.5</ele>
      </trkpt>
      <trkpt lat="37.309897" lon="126.606510">
        <ele>5.5</ele>
      </trkpt>
      <trkpt lat="37.309866" lon="126.606470">
        <ele>5.5</ele>
      </trkpt>
      <trkpt lat="37.309834" lon="126.606429">
        <ele>5.5</ele>
      </trkpt>
      <trkpt lat="37.309803" lon="126.606389">
        <ele>5.5</ele>
      </trkpt>
      <trkpt lat="37.309771" lon="126.606349">
        <ele>5.5</ele>
      </trkpt>
      <trkpt lat="37.309740" lon="126.606308">
        <ele>5.5</ele>
      </trkpt>
      <trkpt lat="37.309708" lon="126.606268">
        <ele>5.5</ele>
      </trkpt>
      <trkpt lat="37.309677" lon="126.606228">
        <ele>5.5</ele>
      </trkpt>
      <trkpt lat="37.309645" lon="126.606187">
        <ele>5.5</ele>
      </trkpt>
      <trkpt lat="37.309614" lon="126.606147">
        <ele>5.5</ele>
      </trkpt>
      <trkpt lat="37.309584" lon="126.606105">
        <ele>5.5</ele>
      </trkpt>
      <trkpt lat="37.309554" lon="126.606062">
        <ele>5.5</ele>
      </trkpt>
      <trkpt lat="37.309524" lon="126.606020">
        <ele>5.5</ele>
      </trkpt>
      <trkpt lat="37.309494" lon="126.605978">
        <ele>5.5</ele>
      </trkpt>
      <trkpt lat="37.309464" lon="126.605936">
        <ele>5.5</ele>
      </trkpt>
      <trkpt lat="37.309434" lon="126.605894">
        <ele>5.5</ele>
      </trkpt>
      <trkpt lat="37.309404" lon="126.605852">
        <ele>5.5</ele>
      </trkpt>
      <trkpt lat="37.309374" lon="126.605809">
        <ele>5.5</ele>
      </trkpt>
      <trkpt lat="37.309344" lon="126.605767">
        <ele>5.5</ele>
      </trkpt>
      <trkpt lat="37.309315" lon="126.605724">
        <ele>5.5</ele>
      </trkpt>
      <trkpt lat="37.309287" lon="126.605681">
        <ele>5.5</ele>
      </trkpt>
      <trkpt lat="37.309258" lon="126.605637">
        <ele>5.5</ele>
      </trkpt>
      <trkpt lat="37.309230" lon="126.605593">
        <ele>5.4</ele>
      </trkpt>
      <trkpt lat="37.309201" lon="126.605549">
        <ele>5.4</ele>
      </trkpt>
      <trkpt lat="37.309172" lon="126.605506">
        <ele>5.4</ele>
      </trkpt>
      <trkpt lat="37.309144" lon="126.605462">
        <ele>5.4</ele>
      </trkpt>
      <trkpt lat="37.309115" lon="126.605418">
        <ele>5.4</ele>
      </trkpt>
      <trkpt lat="37.309087" lon="126.605375">
        <ele>5.4</ele>
      </trkpt>
      <trkpt lat="37.309058" lon="126.605331">
        <ele>5.4</ele>
      </trkpt>
      <trkpt lat="37.309030" lon="126.605287">
        <ele>5.3</ele>
      </trkpt>
      <trkpt lat="37.309001" lon="126.605244">
        <ele>5.3</ele>
      </trkpt>
      <trkpt lat="37.308973" lon="126.605200">
        <ele>5.3</ele>
      </trkpt>
      <trkpt lat="37.308944" lon="126.605156">
        <ele>5.3</ele>
      </trkpt>
      <trkpt lat="37.308917" lon="126.605111">
        <ele>5.3</ele>
      </trkpt>
      <trkpt lat="37.308889" lon="126.605067">
        <ele>5.3</ele>
      </trkpt>
      <trkpt lat="37.308862" lon="126.605022">
        <ele>5.3</ele>
      </trkpt>
      <trkpt lat="37.308834" lon="126.604977">
        <ele>5.3</ele>
      </trkpt>
      <trkpt lat="37.308807" lon="126.604932">
        <ele>5.3</ele>
      </trkpt>
      <trkpt lat="37.308780" lon="126.604888">
        <ele>5.3</ele>
      </trkpt>
      <trkpt lat="37.308752" lon="126.604843">
        <ele>5.3</ele>
      </trkpt>
      <trkpt lat="37.308725" lon="126.604798">
        <ele>5.3</ele>
      </trkpt>
      <trkpt lat="37.308697" lon="126.604753">
        <ele>5.3</ele>
      </trkpt>
      <trkpt lat="37.308670" lon="126.604708">
        <ele>5.3</ele>
      </trkpt>
      <trkpt lat="37.308642" lon="126.604664">
        <ele>5.3</ele>
      </trkpt>
      <trkpt lat="37.308615" lon="126.604619">
        <ele>5.3</ele>
      </trkpt>
      <trkpt lat="37.308587" lon="126.604574">
        <ele>5.3</ele>
      </trkpt>
      <trkpt lat="37.308560" lon="126.604529">
        <ele>5.3</ele>
      </trkpt>
      <trkpt lat="37.308535" lon="126.604483">
        <ele>5.3</ele>
      </trkpt>
      <trkpt lat="37.308510" lon="126.604435">
        <ele>5.3</ele>
      </trkpt>
      <trkpt lat="37.308485" lon="126.604388">
        <ele>5.2</ele>
      </trkpt>
      <trkpt lat="37.308460" lon="126.604341">
        <ele>5.2</ele>
      </trkpt>
      <trkpt lat="37.308436" lon="126.604294">
        <ele>5.2</ele>
      </trkpt>
      <trkpt lat="37.308411" lon="126.604247">
        <ele>5.2</ele>
      </trkpt>
      <trkpt lat="37.308386" lon="126.604199">
        <ele>5.2</ele>
      </trkpt>
      <trkpt lat="37.308361" lon="126.604152">
        <ele>5.1</ele>
      </trkpt>
      <trkpt lat="37.308337" lon="126.604105">
        <ele>5.1</ele>
      </trkpt>
      <trkpt lat="37.308312" lon="126.604058">
        <ele>5.1</ele>
      </trkpt>
      <trkpt lat="37.308287" lon="126.604011">
        <ele>5.1</ele>
      </trkpt>
      <trkpt lat="37.308263" lon="126.603963">
        <ele>5.1</ele>
      </trkpt>
      <trkpt lat="37.308238" lon="126.603916">
        <ele>5.0</ele>
      </trkpt>
      <trkpt lat="37.308213" lon="126.603869">
        <ele>5.0</ele>
      </trkpt>
      <trkpt lat="37.308188" lon="126.603822">
        <ele>5.0</ele>
      </trkpt>
      <trkpt lat="37.308161" lon="126.603776">
        <ele>5.0</ele>
      </trkpt>
      <trkpt lat="37.308135" lon="126.603730">
        <ele>5.0</ele>
      </trkpt>
      <trkpt lat="37.308109" lon="126.603684">
        <ele>5.0</ele>
      </trkpt>
      <trkpt lat="37.308083" lon="126.603638">
        <ele>5.0</ele>
      </trkpt>
      <trkpt lat="37.308057" lon="126.603592">
        <ele>5.0</ele>
      </trkpt>
      <trkpt lat="37.308031" lon="126.603546">
        <ele>5.0</ele>
      </trkpt>
      <trkpt lat="37.308005" lon="126.603500">
        <ele>5.0</ele>
      </trkpt>
      <trkpt lat="37.307979" lon="126.603454">
        <ele>5.0</ele>
      </trkpt>
      <trkpt lat="37.307953" lon="126.603408">
        <ele>5.0</ele>
      </trkpt>
      <trkpt lat="37.307927" lon="126.603362">
        <ele>5.0</ele>
      </trkpt>
      <trkpt lat="37.307900" lon="126.603316">
        <ele>5.0</ele>
      </trkpt>
      <trkpt lat="37.307874" lon="126.603271">
        <ele>5.0</ele>
      </trkpt>
      <trkpt lat="37.307847" lon="126.603225">
        <ele>5.0</ele>
      </trkpt>
      <trkpt lat="37.307836" lon="126.603184">
        <ele>5.0</ele>
      </trkpt>
      <trkpt lat="37.307807" lon="126.603156">
        <ele>5.3</ele>
      </trkpt>
      <trkpt lat="37.307780" lon="126.603111">
        <ele>5.3</ele>
      </trkpt>
      <trkpt lat="37.307753" lon="126.603065">
        <ele>5.3</ele>
      </trkpt>
      <trkpt lat="37.307727" lon="126.603020">
        <ele>5.3</ele>
      </trkpt>
      <trkpt lat="37.307700" lon="126.602974">
        <ele>5.3</ele>
      </trkpt>
      <trkpt lat="37.307673" lon="126.602929">
        <ele>5.3</ele>
      </trkpt>
      <trkpt lat="37.307647" lon="126.602883">
        <ele>5.3</ele>
      </trkpt>
      <trkpt lat="37.307620" lon="126.602838">
        <ele>5.3</ele>
      </trkpt>
      <trkpt lat="37.307593" lon="126.602792">
        <ele>5.2</ele>
      </trkpt>
      <trkpt lat="37.307566" lon="126.602747">
        <ele>5.2</ele>
      </trkpt>
      <trkpt lat="37.307540" lon="126.602701">
        <ele>5.2</ele>
      </trkpt>
      <trkpt lat="37.307513" lon="126.602656">
        <ele>5.2</ele>
      </trkpt>
      <trkpt lat="37.307486" lon="126.602611">
        <ele>5.2</ele>
      </trkpt>
      <trkpt lat="37.307460" lon="126.602565">
        <ele>5.2</ele>
      </trkpt>
      <trkpt lat="37.307433" lon="126.602520">
        <ele>5.2</ele>
      </trkpt>
      <trkpt lat="37.307406" lon="126.602474">
        <ele>5.2</ele>
      </trkpt>
      <trkpt lat="37.307380" lon="126.602429">
        <ele>5.2</ele>
      </trkpt>
      <trkpt lat="37.307353" lon="126.602383">
        <ele>5.2</ele>
      </trkpt>
      <trkpt lat="37.307326" lon="126.602338">
        <ele>5.2</ele>
      </trkpt>
      <trkpt lat="37.307300" lon="126.602292">
        <ele>5.2</ele>
      </trkpt>
      <trkpt lat="37.307273" lon="126.602247">
        <ele>5.2</ele>
      </trkpt>
      <trkpt lat="37.307246" lon="126.602201">
        <ele>5.2</ele>
      </trkpt>
      <trkpt lat="37.307219" lon="126.602156">
        <ele>5.2</ele>
      </trkpt>
      <trkpt lat="37.307193" lon="126.602110">
        <ele>5.2</ele>
      </trkpt>
      <trkpt lat="37.307166" lon="126.602065">
        <ele>5.2</ele>
      </trkpt>
      <trkpt lat="37.307139" lon="126.602019">
        <ele>5.1</ele>
      </trkpt>
      <trkpt lat="37.307113" lon="126.601974">
        <ele>5.1</ele>
      </trkpt>
      <trkpt lat="37.307086" lon="126.601928">
        <ele>5.1</ele>
      </trkpt>
      <trkpt lat="37.307059" lon="126.601883">
        <ele>5.1</ele>
      </trkpt>
      <trkpt lat="37.307033" lon="126.601837">
        <ele>5.1</ele>
      </trkpt>
      <trkpt lat="37.307006" lon="126.601792">
        <ele>5.1</ele>
      </trkpt>
      <trkpt lat="37.306979" lon="126.601746">
        <ele>5.1</ele>
      </trkpt>
      <trkpt lat="37.306952" lon="126.601701">
        <ele>5.1</ele>
      </trkpt>
      <trkpt lat="37.306926" lon="126.601655">
        <ele>5.1</ele>
      </trkpt>
      <trkpt lat="37.306899" lon="126.601610">
        <ele>5.1</ele>
      </trkpt>
      <trkpt lat="37.306872" lon="126.601564">
        <ele>5.1</ele>
      </trkpt>
      <trkpt lat="37.306846" lon="126.601519">
        <ele>5.1</ele>
      </trkpt>
      <trkpt lat="37.306819" lon="126.601473">
        <ele>5.1</ele>
      </trkpt>
      <trkpt lat="37.306792" lon="126.601428">
        <ele>5.1</ele>
      </trkpt>
      <trkpt lat="37.306766" lon="126.601382">
        <ele>5.1</ele>
      </trkpt>
      <trkpt lat="37.306739" lon="126.601337">
        <ele>5.1</ele>
      </trkpt>
      <trkpt lat="37.306712" lon="126.601291">
        <ele>5.1</ele>
      </trkpt>
      <trkpt lat="37.306686" lon="126.601246">
        <ele>5.0</ele>
      </trkpt>
      <trkpt lat="37.306659" lon="126.601200">
        <ele>5.0</ele>
      </trkpt>
      <trkpt lat="37.306632" lon="126.601155">
        <ele>5.0</ele>
      </trkpt>
      <trkpt lat="37.306605" lon="126.601109">
        <ele>5.0</ele>
      </trkpt>
      <trkpt lat="37.306579" lon="126.601064">
        <ele>5.0</ele>
      </trkpt>
      <trkpt lat="37.306552" lon="126.601018">
        <ele>5.0</ele>
      </trkpt>
      <trkpt lat="37.306525" lon="126.600973">
        <ele>5.0</ele>
      </trkpt>
      <trkpt lat="37.306499" lon="126.600927">
        <ele>5.0</ele>
      </trkpt>
      <trkpt lat="37.306472" lon="126.600882">
        <ele>5.0</ele>
      </trkpt>
      <trkpt lat="37.306445" lon="126.600836">
        <ele>4.9</ele>
      </trkpt>
      <trkpt lat="37.306419" lon="126.600790">
        <ele>4.7</ele>
      </trkpt>
      <trkpt lat="37.306393" lon="126.600745">
        <ele>4.6</ele>
      </trkpt>
      <trkpt lat="37.306366" lon="126.600699">
        <ele>4.5</ele>
      </trkpt>
      <trkpt lat="37.306340" lon="126.600653">
        <ele>4.3</ele>
      </trkpt>
      <trkpt lat="37.306313" lon="126.600608">
        <ele>4.2</ele>
      </trkpt>
      <trkpt lat="37.306287" lon="126.600562">
        <ele>4.1</ele>
      </trkpt>
      <trkpt lat="37.306260" lon="126.600516">
        <ele>3.9</ele>
      </trkpt>
      <trkpt lat="37.306234" lon="126.600470">
        <ele>3.8</ele>
      </trkpt>
      <trkpt lat="37.306207" lon="126.600425">
        <ele>3.7</ele>
      </trkpt>
      <trkpt lat="37.306181" lon="126.600379">
        <ele>3.5</ele>
      </trkpt>
      <trkpt lat="37.306154" lon="126.600333">
        <ele>3.4</ele>
      </trkpt>
      <trkpt lat="37.306128" lon="126.600288">
        <ele>3.3</ele>
      </trkpt>
      <trkpt lat="37.306101" lon="126.600242">
        <ele>3.1</ele>
      </trkpt>
      <trkpt lat="37.306075" lon="126.600196">
        <ele>3.0</ele>
      </trkpt>
      <trkpt lat="37.306048" lon="126.600151">
        <ele>2.8</ele>
      </trkpt>
      <trkpt lat="37.306022" lon="126.600105">
        <ele>2.7</ele>
      </trkpt>
      <trkpt lat="37.305996" lon="126.600059">
        <ele>2.6</ele>
      </trkpt>
      <trkpt lat="37.305977" lon="126.600028">
        <ele>4.3</ele>
      </trkpt>
      <trkpt lat="37.305951" lon="126.599982">
        <ele>4.3</ele>
      </trkpt>
      <trkpt lat="37.305924" lon="126.599936">
        <ele>4.2</ele>
      </trkpt>
      <trkpt lat="37.305898" lon="126.599891">
        <ele>4.2</ele>
      </trkpt>
      <trkpt lat="37.305871" lon="126.599845">
        <ele>4.2</ele>
      </trkpt>
      <trkpt lat="37.305845" lon="126.599799">
        <ele>4.1</ele>
      </trkpt>
      <trkpt lat="37.305818" lon="126.599753">
        <ele>4.1</ele>
      </trkpt>
      <trkpt lat="37.305792" lon="126.599708">
        <ele>4.1</ele>
      </trkpt>
      <trkpt lat="37.305766" lon="126.599662">
        <ele>4.0</ele>
      </trkpt>
      <trkpt lat="37.305739" lon="126.599616">
        <ele>4.0</ele>
      </trkpt>
      <trkpt lat="37.305713" lon="126.599571">
        <ele>4.0</ele>
      </trkpt>
      <trkpt lat="37.305686" lon="126.599525">
        <ele>3.9</ele>
      </trkpt>
      <trkpt lat="37.305660" lon="126.599479">
        <ele>3.9</ele>
      </trkpt>
      <trkpt lat="37.305633" lon="126.599434">
        <ele>3.9</ele>
      </trkpt>
      <trkpt lat="37.305607" lon="126.599388">
        <ele>3.8</ele>
      </trkpt>
      <trkpt lat="37.305580" lon="126.599342">
        <ele>3.8</ele>
      </trkpt>
      <trkpt lat="37.305554" lon="126.599296">
        <ele>3.8</ele>
      </trkpt>
      <trkpt lat="37.305527" lon="126.599251">
        <ele>3.7</ele>
      </trkpt>
      <trkpt lat="37.305501" lon="126.599205">
        <ele>3.7</ele>
      </trkpt>
      <trkpt lat="37.305474" lon="126.599159">
        <ele>3.6</ele>
      </trkpt>
      <trkpt lat="37.305448" lon="126.599114">
        <ele>3.6</ele>
      </trkpt>
      <trkpt lat="37.305421" lon="126.599068">
        <ele>3.6</ele>
      </trkpt>
      <trkpt lat="37.305395" lon="126.599022">
        <ele>3.5</ele>
      </trkpt>
      <trkpt lat="37.305368" lon="126.598977">
        <ele>3.5</ele>
      </trkpt>
      <trkpt lat="37.305342" lon="126.598931">
        <ele>3.5</ele>
      </trkpt>
      <trkpt lat="37.305316" lon="126.598885">
        <ele>3.4</ele>
      </trkpt>
      <trkpt lat="37.305289" lon="126.598839">
        <ele>3.4</ele>
      </trkpt>
      <trkpt lat="37.305263" lon="126.598794">
        <ele>3.4</ele>
      </trkpt>
      <trkpt lat="37.305236" lon="126.598748">
        <ele>3.3</ele>
      </trkpt>
      <trkpt lat="37.305210" lon="126.598702">
        <ele>3.3</ele>
      </trkpt>
      <trkpt lat="37.305183" lon="126.598657">
        <ele>3.3</ele>
      </trkpt>
      <trkpt lat="37.305157" lon="126.598611">
        <ele>3.2</ele>
      </trkpt>
      <trkpt lat="37.305130" lon="126.598565">
        <ele>3.2</ele>
      </trkpt>
      <trkpt lat="37.305104" lon="126.598520">
        <ele>3.2</ele>
      </trkpt>
      <trkpt lat="37.305077" lon="126.598474">
        <ele>3.1</ele>
      </trkpt>
      <trkpt lat="37.305051" lon="126.598428">
        <ele>3.1</ele>
      </trkpt>
      <trkpt lat="37.305024" lon="126.598382">
        <ele>3.1</ele>
      </trkpt>
      <trkpt lat="37.304998" lon="126.598337">
        <ele>3.0</ele>
      </trkpt>
      <trkpt lat="37.304971" lon="126.598291">
        <ele>3.0</ele>
      </trkpt>
      <trkpt lat="37.304945" lon="126.598245">
        <ele>3.0</ele>
      </trkpt>
      <trkpt lat="37.304918" lon="126.598200">
        <ele>2.9</ele>
      </trkpt>
      <trkpt lat="37.304892" lon="126.598154">
        <ele>2.9</ele>
      </trkpt>
      <trkpt lat="37.304865" lon="126.598108">
        <ele>2.9</ele>
      </trkpt>
      <trkpt lat="37.304839" lon="126.598063">
        <ele>2.8</ele>
      </trkpt>
      <trkpt lat="37.304813" lon="126.598017">
        <ele>2.8</ele>
      </trkpt>
      <trkpt lat="37.304786" lon="126.597971">
        <ele>2.8</ele>
      </trkpt>
      <trkpt lat="37.304760" lon="126.597926">
        <ele>2.7</ele>
      </trkpt>
      <trkpt lat="37.304733" lon="126.597880">
        <ele>2.7</ele>
      </trkpt>
      <trkpt lat="37.304707" lon="126.597834">
        <ele>2.7</ele>
      </trkpt>
      <trkpt lat="37.304680" lon="126.597788">
        <ele>2.6</ele>
      </trkpt>
      <trkpt lat="37.304654" lon="126.597743">
        <ele>2.6</ele>
      </trkpt>
      <trkpt lat="37.304627" lon="126.597697">
        <ele>2.6</ele>
      </trkpt>
      <trkpt lat="37.304601" lon="126.597651">
        <ele>2.5</ele>
      </trkpt>
      <trkpt lat="37.304574" lon="126.597606">
        <ele>2.5</ele>
      </trkpt>
      <trkpt lat="37.304548" lon="126.597560">
        <ele>2.5</ele>
      </trkpt>
      <trkpt lat="37.304521" lon="126.597515">
        <ele>2.5</ele>
      </trkpt>
      <trkpt lat="37.304494" lon="126.597469">
        <ele>2.5</ele>
      </trkpt>
      <trkpt lat="37.304468" lon="126.597423">
        <ele>2.5</ele>
      </trkpt>
      <trkpt lat="37.304441" lon="126.597378">
        <ele>2.5</ele>
      </trkpt>
      <trkpt lat="37.304415" lon="126.597332">
        <ele>2.5</ele>
      </trkpt>
      <trkpt lat="37.304388" lon="126.597287">
        <ele>2.5</ele>
      </trkpt>
      <trkpt lat="37.304361" lon="126.597241">
        <ele>2.5</ele>
      </trkpt>
      <trkpt lat="37.304335" lon="126.597196">
        <ele>2.5</ele>
      </trkpt>
      <trkpt lat="37.304308" lon="126.597150">
        <ele>2.5</ele>
      </trkpt>
      <trkpt lat="37.304282" lon="126.597104">
        <ele>2.5</ele>
      </trkpt>
      <trkpt lat="37.304255" lon="126.597059">
        <ele>2.5</ele>
      </trkpt>
      <trkpt lat="37.304228" lon="126.597013">
        <ele>2.5</ele>
      </trkpt>
      <trkpt lat="37.304202" lon="126.596968">
        <ele>2.5</ele>
      </trkpt>
      <trkpt lat="37.304182" lon="126.596924">
        <ele>2.5</ele>
      </trkpt>
      <trkpt lat="37.304183" lon="126.596923">
        <ele>0.5</ele>
      </trkpt>
      <trkpt lat="37.304155" lon="126.596887">
        <ele>0.0</ele>
      </trkpt>
      <trkpt lat="37.304128" lon="126.596842">
        <ele>0.0</ele>
      </trkpt>
      <trkpt lat="37.304102" lon="126.596796">
        <ele>0.0</ele>
      </trkpt>
      <trkpt lat="37.304075" lon="126.596751">
        <ele>0.0</ele>
      </trkpt>
      <trkpt lat="37.304048" lon="126.596705">
        <ele>0.0</ele>
      </trkpt>
      <trkpt lat="37.304022" lon="126.596660">
        <ele>0.0</ele>
      </trkpt>
      <trkpt lat="37.303995" lon="126.596614">
        <ele>0.0</ele>
      </trkpt>
      <trkpt lat="37.303968" lon="126.596569">
        <ele>0.0</ele>
      </trkpt>
      <trkpt lat="37.303942" lon="126.596523">
        <ele>0.0</ele>
      </trkpt>
      <trkpt lat="37.303915" lon="126.596478">
        <ele>0.0</ele>
      </trkpt>
      <trkpt lat="37.303888" lon="126.596432">
        <ele>0.0</ele>
      </trkpt>
      <trkpt lat="37.303862" lon="126.596386">
        <ele>0.0</ele>
      </trkpt>
      <trkpt lat="37.303835" lon="126.596341">
        <ele>0.0</ele>
      </trkpt>
      <trkpt lat="37.303809" lon="126.596295">
        <ele>0.0</ele>
      </trkpt>
      <trkpt lat="37.303782" lon="126.596250">
        <ele>0.0</ele>
      </trkpt>
      <trkpt lat="37.303755" lon="126.596204">
        <ele>0.0</ele>
      </trkpt>
      <trkpt lat="37.303729" lon="126.596159">
        <ele>0.0</ele>
      </trkpt>
      <trkpt lat="37.303702" lon="126.596113">
        <ele>0.0</ele>
      </trkpt>
      <trkpt lat="37.303675" lon="126.596068">
        <ele>0.0</ele>
      </trkpt>
      <trkpt lat="37.303649" lon="126.596022">
        <ele>0.0</ele>
      </trkpt>
      <trkpt lat="37.303622" lon="126.595977">
        <ele>0.0</ele>
      </trkpt>
      <trkpt lat="37.303595" lon="126.595931">
        <ele>0.0</ele>
      </trkpt>
      <trkpt lat="37.303569" lon="126.595885">
        <ele>0.0</ele>
      </trkpt>
      <trkpt lat="37.303542" lon="126.595840">
        <ele>0.0</ele>
      </trkpt>
      <trkpt lat="37.303515" lon="126.595794">
        <ele>0.0</ele>
      </trkpt>
      <trkpt lat="37.303489" lon="126.595749">
        <ele>0.0</ele>
      </trkpt>
      <trkpt lat="37.303462" lon="126.595703">
        <ele>0.0</ele>
      </trkpt>
      <trkpt lat="37.303436" lon="126.595658">
        <ele>0.0</ele>
      </trkpt>
      <trkpt lat="37.303409" lon="126.595612">
        <ele>0.0</ele>
      </trkpt>
      <trkpt lat="37.303382" lon="126.595567">
        <ele>0.0</ele>
      </trkpt>
      <trkpt lat="37.303356" lon="126.595521">
        <ele>0.0</ele>
      </trkpt>
      <trkpt lat="37.303329" lon="126.595476">
        <ele>0.0</ele>
      </trkpt>
      <trkpt lat="37.303302" lon="126.595430">
        <ele>0.0</ele>
      </trkpt>
      <trkpt lat="37.303276" lon="126.595385">
        <ele>0.0</ele>
      </trkpt>
      <trkpt lat="37.303249" lon="126.595339">
        <ele>0.0</ele>
      </trkpt>
      <trkpt lat="37.303222" lon="126.595293">
        <ele>0.0</ele>
      </trkpt>
      <trkpt lat="37.303196" lon="126.595248">
        <ele>0.0</ele>
      </trkpt>
      <trkpt lat="37.303169" lon="126.595202">
        <ele>0.0</ele>
      </trkpt>
      <trkpt lat="37.303143" lon="126.595157">
        <ele>0.0</ele>
      </trkpt>
      <trkpt lat="37.303116" lon="126.595111">
        <ele>0.0</ele>
      </trkpt>
      <trkpt lat="37.303089" lon="126.595066">
        <ele>0.0</ele>
      </trkpt>
      <trkpt lat="37.303063" lon="126.595020">
        <ele>0.0</ele>
      </trkpt>
      <trkpt lat="37.303036" lon="126.594975">
        <ele>0.0</ele>
      </trkpt>
      <trkpt lat="37.303009" lon="126.594929">
        <ele>0.0</ele>
      </trkpt>
      <trkpt lat="37.302983" lon="126.594884">
        <ele>0.0</ele>
      </trkpt>
      <trkpt lat="37.302956" lon="126.594838">
        <ele>0.0</ele>
      </trkpt>
      <trkpt lat="37.302929" lon="126.594792">
        <ele>0.0</ele>
      </trkpt>
      <trkpt lat="37.302903" lon="126.594747">
        <ele>0.0</ele>
      </trkpt>
      <trkpt lat="37.302876" lon="126.594701">
        <ele>0.0</ele>
      </trkpt>
      <trkpt lat="37.302849" lon="126.594656">
        <ele>0.0</ele>
      </trkpt>
      <trkpt lat="37.302823" lon="126.594610">
        <ele>0.0</ele>
      </trkpt>
      <trkpt lat="37.302796" lon="126.594565">
        <ele>0.0</ele>
      </trkpt>
      <trkpt lat="37.302770" lon="126.594519">
        <ele>0.0</ele>
      </trkpt>
      <trkpt lat="37.302743" lon="126.594474">
        <ele>0.0</ele>
      </trkpt>
      <trkpt lat="37.302716" lon="126.594428">
        <ele>0.0</ele>
      </trkpt>
      <trkpt lat="37.302690" lon="126.594383">
        <ele>0.0</ele>
      </trkpt>
      <trkpt lat="37.302663" lon="126.594337">
        <ele>0.0</ele>
      </trkpt>
      <trkpt lat="37.302636" lon="126.594292">
        <ele>0.0</ele>
      </trkpt>
      <trkpt lat="37.302610" lon="126.594246">
        <ele>0.0</ele>
      </trkpt>
      <trkpt lat="37.302583" lon="126.594200">
        <ele>0.0</ele>
      </trkpt>
      <trkpt lat="37.302556" lon="126.594155">
        <ele>0.0</ele>
      </trkpt>
      <trkpt lat="37.302530" lon="126.594109">
        <ele>0.0</ele>
      </trkpt>
      <trkpt lat="37.302503" lon="126.594064">
        <ele>0.0</ele>
      </trkpt>
      <trkpt lat="37.302477" lon="126.594018">
        <ele>0.0</ele>
      </trkpt>
      <trkpt lat="37.302450" lon="126.593973">
        <ele>0.0</ele>
      </trkpt>
      <trkpt lat="37.302423" lon="126.593927">
        <ele>0.0</ele>
      </trkpt>
      <trkpt lat="37.302397" lon="126.593882">
        <ele>0.0</ele>
      </trkpt>
      <trkpt lat="37.302380" lon="126.593838">
        <ele>0.0</ele>
      </trkpt>
      <trkpt lat="37.302369" lon="126.593834">
        <ele>0.0</ele>
      </trkpt>
      <trkpt lat="37.302342" lon="126.593788">
        <ele>0.0</ele>
      </trkpt>
      <trkpt lat="37.302315" lon="126.593743">
        <ele>0.0</ele>
      </trkpt>
      <trkpt lat="37.302289" lon="126.593697">
        <ele>0.0</ele>
      </trkpt>
      <trkpt lat="37.302262" lon="126.593652">
        <ele>0.0</ele>
      </trkpt>
      <trkpt lat="37.302235" lon="126.593606">
        <ele>0.0</ele>
      </trkpt>
      <trkpt lat="37.302209" lon="126.593561">
        <ele>0.0</ele>
      </trkpt>
      <trkpt lat="37.302182" lon="126.593515">
        <ele>0.0</ele>
      </trkpt>
      <trkpt lat="37.302156" lon="126.593469">
        <ele>0.0</ele>
      </trkpt>
      <trkpt lat="37.302129" lon="126.593424">
        <ele>0.0</ele>
      </trkpt>
      <trkpt lat="37.302102" lon="126.593378">
        <ele>0.0</ele>
      </trkpt>
      <trkpt lat="37.302076" lon="126.593333">
        <ele>0.0</ele>
      </trkpt>
      <trkpt lat="37.302049" lon="126.593287">
        <ele>0.0</ele>
      </trkpt>
      <trkpt lat="37.302022" lon="126.593242">
        <ele>0.0</ele>
      </trkpt>
      <trkpt lat="37.301996" lon="126.593196">
        <ele>0.0</ele>
      </trkpt>
      <trkpt lat="37.301969" lon="126.593151">
        <ele>0.0</ele>
      </trkpt>
      <trkpt lat="37.301942" lon="126.593105">
        <ele>0.0</ele>
      </trkpt>
      <trkpt lat="37.301916" lon="126.593060">
        <ele>0.0</ele>
      </trkpt>
      <trkpt lat="37.301889" lon="126.593014">
        <ele>0.0</ele>
      </trkpt>
      <trkpt lat="37.301862" lon="126.592969">
        <ele>0.0</ele>
      </trkpt>
      <trkpt lat="37.301836" lon="126.592923">
        <ele>0.0</ele>
      </trkpt>
      <trkpt lat="37.301809" lon="126.592877">
        <ele>0.0</ele>
      </trkpt>
      <trkpt lat="37.301783" lon="126.592832">
        <ele>0.0</ele>
      </trkpt>
      <trkpt lat="37.301756" lon="126.592786">
        <ele>0.0</ele>
      </trkpt>
      <trkpt lat="37.301729" lon="126.592741">
        <ele>0.0</ele>
      </trkpt>
      <trkpt lat="37.301703" lon="126.592695">
        <ele>0.0</ele>
      </trkpt>
      <trkpt lat="37.301676" lon="126.592650">
        <ele>0.0</ele>
      </trkpt>
      <trkpt lat="37.301649" lon="126.592604">
        <ele>0.0</ele>
      </trkpt>
      <trkpt lat="37.301623" lon="126.592559">
        <ele>0.0</ele>
      </trkpt>
      <trkpt lat="37.301596" lon="126.592513">
        <ele>0.0</ele>
      </trkpt>
      <trkpt lat="37.301569" lon="126.592468">
        <ele>0.0</ele>
      </trkpt>
      <trkpt lat="37.301543" lon="126.592422">
        <ele>0.0</ele>
      </trkpt>
      <trkpt lat="37.301516" lon="126.592377">
        <ele>0.0</ele>
      </trkpt>
      <trkpt lat="37.301490" lon="126.592331">
        <ele>0.0</ele>
      </trkpt>
      <trkpt lat="37.301463" lon="126.592285">
        <ele>0.0</ele>
      </trkpt>
      <trkpt lat="37.301436" lon="126.592240">
        <ele>0.0</ele>
      </trkpt>
      <trkpt lat="37.301410" lon="126.592194">
        <ele>0.0</ele>
      </trkpt>
      <trkpt lat="37.301383" lon="126.592149">
        <ele>0.0</ele>
      </trkpt>
      <trkpt lat="37.301356" lon="126.592103">
        <ele>0.0</ele>
      </trkpt>
      <trkpt lat="37.301330" lon="126.592058">
        <ele>0.0</ele>
      </trkpt>
      <trkpt lat="37.301303" lon="126.592012">
        <ele>0.0</ele>
      </trkpt>
      <trkpt lat="37.301276" lon="126.591967">
        <ele>0.0</ele>
      </trkpt>
      <trkpt lat="37.301250" lon="126.591921">
        <ele>0.0</ele>
      </trkpt>
      <trkpt lat="37.301223" lon="126.591876">
        <ele>0.0</ele>
      </trkpt>
      <trkpt lat="37.301196" lon="126.591830">
        <ele>0.0</ele>
      </trkpt>
      <trkpt lat="37.301170" lon="126.591785">
        <ele>0.0</ele>
      </trkpt>
      <trkpt lat="37.301143" lon="126.591739">
        <ele>0.0</ele>
      </trkpt>
      <trkpt lat="37.301117" lon="126.591693">
        <ele>0.0</ele>
      </trkpt>
      <trkpt lat="37.301090" lon="126.591648">
        <ele>0.0</ele>
      </trkpt>
      <trkpt lat="37.301063" lon="126.591602">
        <ele>0.0</ele>
      </trkpt>
      <trkpt lat="37.301037" lon="126.591557">
        <ele>0.0</ele>
      </trkpt>
      <trkpt lat="37.301010" lon="126.591511">
        <ele>0.0</ele>
      </trkpt>
      <trkpt lat="37.300983" lon="126.591466">
        <ele>0.0</ele>
      </trkpt>
      <trkpt lat="37.300957" lon="126.591420">
        <ele>0.0</ele>
      </trkpt>
      <trkpt lat="37.300930" lon="126.591375">
        <ele>0.0</ele>
      </trkpt>
      <trkpt lat="37.300903" lon="126.591329">
        <ele>0.0</ele>
      </trkpt>
      <trkpt lat="37.300877" lon="126.591284">
        <ele>0.0</ele>
      </trkpt>
      <trkpt lat="37.300850" lon="126.591238">
        <ele>0.0</ele>
      </trkpt>
      <trkpt lat="37.300823" lon="126.591193">
        <ele>0.0</ele>
      </trkpt>
      <trkpt lat="37.300797" lon="126.591147">
        <ele>0.0</ele>
      </trkpt>
      <trkpt lat="37.300770" lon="126.591101">
        <ele>0.0</ele>
      </trkpt>
      <trkpt lat="37.300744" lon="126.591056">
        <ele>0.0</ele>
      </trkpt>
      <trkpt lat="37.300717" lon="126.591010">
        <ele>0.0</ele>
      </trkpt>
      <trkpt lat="37.300690" lon="126.590965">
        <ele>0.0</ele>
      </trkpt>
      <trkpt lat="37.300664" lon="126.590919">
        <ele>0.0</ele>
      </trkpt>
      <trkpt lat="37.300637" lon="126.590874">
        <ele>0.0</ele>
      </trkpt>
      <trkpt lat="37.300610" lon="126.590828">
        <ele>0.0</ele>
      </trkpt>
      <trkpt lat="37.300584" lon="126.590783">
        <ele>0.0</ele>
      </trkpt>
      <trkpt lat="37.300557" lon="126.590737">
        <ele>0.0</ele>
      </trkpt>
      <trkpt lat="37.300530" lon="126.590692">
        <ele>0.0</ele>
      </trkpt>
      <trkpt lat="37.300504" lon="126.590646">
        <ele>0.0</ele>
      </trkpt>
      <trkpt lat="37.300477" lon="126.590601">
        <ele>0.0</ele>
      </trkpt>
      <trkpt lat="37.300450" lon="126.590555">
        <ele>0.0</ele>
      </trkpt>
      <trkpt lat="37.300424" lon="126.590509">
        <ele>0.0</ele>
      </trkpt>
      <trkpt lat="37.300397" lon="126.590464">
        <ele>0.0</ele>
      </trkpt>
      <trkpt lat="37.300371" lon="126.590418">
        <ele>0.0</ele>
      </trkpt>
      <trkpt lat="37.300344" lon="126.590373">
        <ele>0.0</ele>
      </trkpt>
      <trkpt lat="37.300317" lon="126.590327">
        <ele>0.0</ele>
      </trkpt>
      <trkpt lat="37.300291" lon="126.590282">
        <ele>0.0</ele>
      </trkpt>
      <trkpt lat="37.300264" lon="126.590236">
        <ele>0.0</ele>
      </trkpt>
      <trkpt lat="37.300237" lon="126.590191">
        <ele>0.0</ele>
      </trkpt>
      <trkpt lat="37.300211" lon="126.590145">
        <ele>0.0</ele>
      </trkpt>
      <trkpt lat="37.300184" lon="126.590100">
        <ele>0.0</ele>
      </trkpt>
      <trkpt lat="37.300157" lon="126.590054">
        <ele>0.0</ele>
      </trkpt>
      <trkpt lat="37.300131" lon="126.590009">
        <ele>0.0</ele>
      </trkpt>
      <trkpt lat="37.300104" lon="126.589963">
        <ele>0.0</ele>
      </trkpt>
      <trkpt lat="37.300077" lon="126.589917">
        <ele>0.0</ele>
      </trkpt>
      <trkpt lat="37.300051" lon="126.589872">
        <ele>0.0</ele>
      </trkpt>
      <trkpt lat="37.300024" lon="126.589826">
        <ele>0.0</ele>
      </trkpt>
      <trkpt lat="37.299998" lon="126.589781">
        <ele>0.0</ele>
      </trkpt>
      <trkpt lat="37.299971" lon="126.589735">
        <ele>0.0</ele>
      </trkpt>
      <trkpt lat="37.299944" lon="126.589690">
        <ele>0.0</ele>
      </trkpt>
      <trkpt lat="37.299918" lon="126.589644">
        <ele>0.0</ele>
      </trkpt>
      <trkpt lat="37.299891" lon="126.589599">
        <ele>0.0</ele>
      </trkpt>
      <trkpt lat="37.299864" lon="126.589553">
        <ele>0.0</ele>
      </trkpt>
      <trkpt lat="37.299838" lon="126.589508">
        <ele>0.0</ele>
      </trkpt>
      <trkpt lat="37.299811" lon="126.589462">
        <ele>0.0</ele>
      </trkpt>
      <trkpt lat="37.299784" lon="126.589417">
        <ele>0.0</ele>
      </trkpt>
      <trkpt lat="37.299758" lon="126.589371">
        <ele>0.0</ele>
      </trkpt>
      <trkpt lat="37.299731" lon="126.589325">
        <ele>0.0</ele>
      </trkpt>
      <trkpt lat="37.299704" lon="126.589280">
        <ele>0.0</ele>
      </trkpt>
      <trkpt lat="37.299678" lon="126.589234">
        <ele>0.0</ele>
      </trkpt>
      <trkpt lat="37.299651" lon="126.589189">
        <ele>0.0</ele>
      </trkpt>
      <trkpt lat="37.299625" lon="126.589143">
        <ele>0.0</ele>
      </trkpt>
      <trkpt lat="37.299598" lon="126.589098">
        <ele>0.0</ele>
      </trkpt>
      <trkpt lat="37.299571" lon="126.589052">
        <ele>0.0</ele>
      </trkpt>
      <trkpt lat="37.299544" lon="126.589007">
        <ele>0.0</ele>
      </trkpt>
      <trkpt lat="37.299517" lon="126.588962">
        <ele>0.0</ele>
      </trkpt>
      <trkpt lat="37.299490" lon="126.588917">
        <ele>0.0</ele>
      </trkpt>
      <trkpt lat="37.299463" lon="126.588871">
        <ele>0.0</ele>
      </trkpt>
      <trkpt lat="37.299436" lon="126.588826">
        <ele>0.0</ele>
      </trkpt>
      <trkpt lat="37.299410" lon="126.588781">
        <ele>0.0</ele>
      </trkpt>
      <trkpt lat="37.299383" lon="126.588736">
        <ele>0.0</ele>
      </trkpt>
      <trkpt lat="37.299356" lon="126.588690">
        <ele>0.0</ele>
      </trkpt>
      <trkpt lat="37.299329" lon="126.588645">
        <ele>0.0</ele>
      </trkpt>
      <trkpt lat="37.299302" lon="126.588600">
        <ele>0.0</ele>
      </trkpt>
      <trkpt lat="37.299275" lon="126.588554">
        <ele>0.0</ele>
      </trkpt>
      <trkpt lat="37.299248" lon="126.588509">
        <ele>0.0</ele>
      </trkpt>
      <trkpt lat="37.299221" lon="126.588464">
        <ele>0.0</ele>
      </trkpt>
      <trkpt lat="37.299194" lon="126.588419">
        <ele>0.0</ele>
      </trkpt>
      <trkpt lat="37.299167" lon="126.588373">
        <ele>0.0</ele>
      </trkpt>
      <trkpt lat="37.299140" lon="126.588328">
        <ele>0.0</ele>
      </trkpt>
      <trkpt lat="37.299113" lon="126.588283">
        <ele>0.0</ele>
      </trkpt>
      <trkpt lat="37.299086" lon="126.588238">
        <ele>0.0</ele>
      </trkpt>
      <trkpt lat="37.299059" lon="126.588192">
        <ele>0.0</ele>
      </trkpt>
      <trkpt lat="37.299032" lon="126.588147">
        <ele>0.0</ele>
      </trkpt>
      <trkpt lat="37.299006" lon="126.588102">
        <ele>0.0</ele>
      </trkpt>
      <trkpt lat="37.298979" lon="126.588057">
        <ele>0.0</ele>
      </trkpt>
      <trkpt lat="37.298952" lon="126.588011">
        <ele>0.0</ele>
      </trkpt>
      <trkpt lat="37.298925" lon="126.587966">
        <ele>0.0</ele>
      </trkpt>
      <trkpt lat="37.298898" lon="126.587921">
        <ele>0.0</ele>
      </trkpt>
      <trkpt lat="37.298871" lon="126.587876">
        <ele>0.0</ele>
      </trkpt>
      <trkpt lat="37.298844" lon="126.587830">
        <ele>0.0</ele>
      </trkpt>
      <trkpt lat="37.298817" lon="126.587785">
        <ele>0.0</ele>
      </trkpt>
      <trkpt lat="37.298790" lon="126.587740">
        <ele>0.0</ele>
      </trkpt>
      <trkpt lat="37.298763" lon="126.587694">
        <ele>0.0</ele>
      </trkpt>
      <trkpt lat="37.298736" lon="126.587649">
        <ele>0.0</ele>
      </trkpt>
      <trkpt lat="37.298709" lon="126.587604">
        <ele>0.0</ele>
      </trkpt>
      <trkpt lat="37.298682" lon="126.587559">
        <ele>0.0</ele>
      </trkpt>
      <trkpt lat="37.298655" lon="126.587513">
        <ele>0.0</ele>
      </trkpt>
      <trkpt lat="37.298628" lon="126.587468">
        <ele>0.0</ele>
      </trkpt>
      <trkpt lat="37.298602" lon="126.587423">
        <ele>0.0</ele>
      </trkpt>
      <trkpt lat="37.298575" lon="126.587378">
        <ele>0.0</ele>
      </trkpt>
      <trkpt lat="37.298548" lon="126.587332">
        <ele>0.0</ele>
      </trkpt>
      <trkpt lat="37.298521" lon="126.587287">
        <ele>0.0</ele>
      </trkpt>
      <trkpt lat="37.298494" lon="126.587242">
        <ele>0.0</ele>
      </trkpt>
      <trkpt lat="37.298467" lon="126.587197">
        <ele>0.0</ele>
      </trkpt>
      <trkpt lat="37.298440" lon="126.587151">
        <ele>0.0</ele>
      </trkpt>
      <trkpt lat="37.298413" lon="126.587106">
        <ele>0.0</ele>
      </trkpt>
      <trkpt lat="37.298386" lon="126.587061">
        <ele>0.0</ele>
      </trkpt>
      <trkpt lat="37.298359" lon="126.587015">
        <ele>0.0</ele>
      </trkpt>
      <trkpt lat="37.298332" lon="126.586970">
        <ele>0.0</ele>
      </trkpt>
      <trkpt lat="37.298305" lon="126.586925">
        <ele>0.0</ele>
      </trkpt>
      <trkpt lat="37.298278" lon="126.586880">
        <ele>0.0</ele>
      </trkpt>
      <trkpt lat="37.298251" lon="126.586834">
        <ele>0.0</ele>
      </trkpt>
      <trkpt lat="37.298224" lon="126.586789">
        <ele>0.0</ele>
      </trkpt>
      <trkpt lat="37.298198" lon="126.586744">
        <ele>0.0</ele>
      </trkpt>
      <trkpt lat="37.298171" lon="126.586699">
        <ele>0.0</ele>
      </trkpt>
      <trkpt lat="37.298144" lon="126.586653">
        <ele>0.0</ele>
      </trkpt>
      <trkpt lat="37.298117" lon="126.586608">
        <ele>0.0</ele>
      </trkpt>
      <trkpt lat="37.298090" lon="126.586562">
        <ele>0.0</ele>
      </trkpt>
      <trkpt lat="37.298063" lon="126.586517">
        <ele>0.0</ele>
      </trkpt>
      <trkpt lat="37.298037" lon="126.586472">
        <ele>0.0</ele>
      </trkpt>
      <trkpt lat="37.298010" lon="126.586426">
        <ele>0.0</ele>
      </trkpt>
      <trkpt lat="37.297983" lon="126.586381">
        <ele>0.0</ele>
      </trkpt>
      <trkpt lat="37.297957" lon="126.586335">
        <ele>0.0</ele>
      </trkpt>
      <trkpt lat="37.297930" lon="126.586290">
        <ele>0.0</ele>
      </trkpt>
      <trkpt lat="37.297903" lon="126.586244">
        <ele>0.0</ele>
      </trkpt>
      <trkpt lat="37.297877" lon="126.586199">
        <ele>0.0</ele>
      </trkpt>
      <trkpt lat="37.297850" lon="126.586153">
        <ele>0.0</ele>
      </trkpt>
      <trkpt lat="37.297823" lon="126.586108">
        <ele>0.0</ele>
      </trkpt>
      <trkpt lat="37.297796" lon="126.586062">
        <ele>0.0</ele>
      </trkpt>
      <trkpt lat="37.297770" lon="126.586017">
        <ele>0.0</ele>
      </trkpt>
      <trkpt lat="37.297743" lon="126.585971">
        <ele>0.0</ele>
      </trkpt>
      <trkpt lat="37.297716" lon="126.585926">
        <ele>0.0</ele>
      </trkpt>
      <trkpt lat="37.297690" lon="126.585880">
        <ele>0.0</ele>
      </trkpt>
      <trkpt lat="37.297663" lon="126.585835">
        <ele>0.0</ele>
      </trkpt>
      <trkpt lat="37.297636" lon="126.585789">
        <ele>0.0</ele>
      </trkpt>
      <trkpt lat="37.297609" lon="126.585744">
        <ele>0.0</ele>
      </trkpt>
      <trkpt lat="37.297583" lon="126.585698">
        <ele>0.0</ele>
      </trkpt>
      <trkpt lat="37.297556" lon="126.585653">
        <ele>0.0</ele>
      </trkpt>
      <trkpt lat="37.297529" lon="126.585607">
        <ele>0.0</ele>
      </trkpt>
      <trkpt lat="37.297503" lon="126.585562">
        <ele>0.0</ele>
      </trkpt>
      <trkpt lat="37.297476" lon="126.585517">
        <ele>0.0</ele>
      </trkpt>
      <trkpt lat="37.297449" lon="126.585471">
        <ele>0.0</ele>
      </trkpt>
      <trkpt lat="37.297423" lon="126.585426">
        <ele>0.0</ele>
      </trkpt>
      <trkpt lat="37.297396" lon="126.585380">
        <ele>0.0</ele>
      </trkpt>
      <trkpt lat="37.297369" lon="126.585335">
        <ele>0.0</ele>
      </trkpt>
      <trkpt lat="37.297342" lon="126.585289">
        <ele>0.0</ele>
      </trkpt>
      <trkpt lat="37.297316" lon="126.585244">
        <ele>0.0</ele>
      </trkpt>
      <trkpt lat="37.297289" lon="126.585198">
        <ele>0.0</ele>
      </trkpt>
      <trkpt lat="37.297262" lon="126.585153">
        <ele>0.0</ele>
      </trkpt>
      <trkpt lat="37.297236" lon="126.585107">
        <ele>0.0</ele>
      </trkpt>
      <trkpt lat="37.297209" lon="126.585062">
        <ele>0.0</ele>
      </trkpt>
      <trkpt lat="37.297182" lon="126.585016">
        <ele>0.0</ele>
      </trkpt>
      <trkpt lat="37.297155" lon="126.584971">
        <ele>0.0</ele>
      </trkpt>
      <trkpt lat="37.297129" lon="126.584925">
        <ele>0.0</ele>
      </trkpt>
      <trkpt lat="37.297102" lon="126.584880">
        <ele>0.0</ele>
      </trkpt>
      <trkpt lat="37.297075" lon="126.584834">
        <ele>0.0</ele>
      </trkpt>
      <trkpt lat="37.297049" lon="126.584789">
        <ele>0.0</ele>
      </trkpt>
      <trkpt lat="37.297022" lon="126.584743">
        <ele>0.0</ele>
      </trkpt>
      <trkpt lat="37.296995" lon="126.584698">
        <ele>0.0</ele>
      </trkpt>
      <trkpt lat="37.296972" lon="126.584653">
        <ele>0.0</ele>
      </trkpt>
      <trkpt lat="37.296951" lon="126.584669">
        <ele>0.0</ele>
      </trkpt>
      <trkpt lat="37.296912" lon="126.584697">
        <ele>0.0</ele>
      </trkpt>
      <trkpt lat="37.296919" lon="126.584725">
        <ele>4.0</ele>
      </trkpt>
      <trkpt lat="37.296945" lon="126.584771">
        <ele>4.1</ele>
      </trkpt>
      <trkpt lat="37.296972" lon="126.584816">
        <ele>4.2</ele>
      </trkpt>
      <trkpt lat="37.296999" lon="126.584862">
        <ele>4.3</ele>
      </trkpt>
      <trkpt lat="37.297025" lon="126.584907">
        <ele>4.3</ele>
      </trkpt>
      <trkpt lat="37.297052" lon="126.584953">
        <ele>4.4</ele>
      </trkpt>
      <trkpt lat="37.297079" lon="126.584998">
        <ele>4.5</ele>
      </trkpt>
      <trkpt lat="37.297105" lon="126.585044">
        <ele>4.6</ele>
      </trkpt>
      <trkpt lat="37.297132" lon="126.585089">
        <ele>4.6</ele>
      </trkpt>
      <trkpt lat="37.297159" lon="126.585135">
        <ele>4.7</ele>
      </trkpt>
      <trkpt lat="37.297185" lon="126.585180">
        <ele>4.8</ele>
      </trkpt>
      <trkpt lat="37.297212" lon="126.585226">
        <ele>4.9</ele>
      </trkpt>
      <trkpt lat="37.297239" lon="126.585271">
        <ele>4.9</ele>
      </trkpt>
      <trkpt lat="37.297265" lon="126.585317">
        <ele>5.0</ele>
      </trkpt>
      <trkpt lat="37.297292" lon="126.585362">
        <ele>5.1</ele>
      </trkpt>
      <trkpt lat="37.297319" lon="126.585408">
        <ele>5.1</ele>
      </trkpt>
      <trkpt lat="37.297345" lon="126.585453">
        <ele>5.2</ele>
      </trkpt>
      <trkpt lat="37.297372" lon="126.585499">
        <ele>5.3</ele>
      </trkpt>
      <trkpt lat="37.297399" lon="126.585544">
        <ele>5.4</ele>
      </trkpt>
      <trkpt lat="37.297425" lon="126.585590">
        <ele>5.4</ele>
      </trkpt>
      <trkpt lat="37.297452" lon="126.585635">
        <ele>5.5</ele>
      </trkpt>
      <trkpt lat="37.297479" lon="126.585681">
        <ele>5.6</ele>
      </trkpt>
      <trkpt lat="37.297505" lon="126.585726">
        <ele>5.7</ele>
      </trkpt>
      <trkpt lat="37.297532" lon="126.585772">
        <ele>5.7</ele>
      </trkpt>
      <trkpt lat="37.297553" lon="126.585817">
        <ele>5.8</ele>
      </trkpt>
      <trkpt lat="37.297569" lon="126.585836">
        <ele>4.5</ele>
      </trkpt>
      <trkpt lat="37.297596" lon="126.585882">
        <ele>4.6</ele>
      </trkpt>
      <trkpt lat="37.297623" lon="126.585927">
        <ele>4.6</ele>
      </trkpt>
      <trkpt lat="37.297649" lon="126.585973">
        <ele>4.6</ele>
      </trkpt>
      <trkpt lat="37.297676" lon="126.586018">
        <ele>4.7</ele>
      </trkpt>
      <trkpt lat="37.297703" lon="126.586064">
        <ele>4.7</ele>
      </trkpt>
      <trkpt lat="37.297729" lon="126.586109">
        <ele>4.7</ele>
      </trkpt>
      <trkpt lat="37.297756" lon="126.586155">
        <ele>4.8</ele>
      </trkpt>
      <trkpt lat="37.297783" lon="126.586200">
        <ele>4.8</ele>
      </trkpt>
      <trkpt lat="37.297809" lon="126.586246">
        <ele>4.8</ele>
      </trkpt>
      <trkpt lat="37.297836" lon="126.586291">
        <ele>4.9</ele>
      </trkpt>
      <trkpt lat="37.297862" lon="126.586337">
        <ele>4.9</ele>
      </trkpt>
      <trkpt lat="37.297889" lon="126.586382">
        <ele>4.9</ele>
      </trkpt>
      <trkpt lat="37.297916" lon="126.586428">
        <ele>5.0</ele>
      </trkpt>
      <trkpt lat="37.297942" lon="126.586474">
        <ele>5.0</ele>
      </trkpt>
      <trkpt lat="37.297969" lon="126.586519">
        <ele>5.0</ele>
      </trkpt>
      <trkpt lat="37.297996" lon="126.586565">
        <ele>5.1</ele>
      </trkpt>
      <trkpt lat="37.298022" lon="126.586610">
        <ele>5.1</ele>
      </trkpt>
      <trkpt lat="37.298049" lon="126.586656">
        <ele>5.1</ele>
      </trkpt>
      <trkpt lat="37.298076" lon="126.586701">
        <ele>5.2</ele>
      </trkpt>
      <trkpt lat="37.298102" lon="126.586747">
        <ele>5.2</ele>
      </trkpt>
      <trkpt lat="37.298129" lon="126.586792">
        <ele>5.3</ele>
      </trkpt>
      <trkpt lat="37.298156" lon="126.586838">
        <ele>5.3</ele>
      </trkpt>
      <trkpt lat="37.298182" lon="126.586883">
        <ele>5.3</ele>
      </trkpt>
      <trkpt lat="37.298209" lon="126.586929">
        <ele>5.4</ele>
      </trkpt>
      <trkpt lat="37.298235" lon="126.586974">
        <ele>5.4</ele>
      </trkpt>
      <trkpt lat="37.298262" lon="126.587020">
        <ele>5.4</ele>
      </trkpt>
      <trkpt lat="37.298289" lon="126.587066">
        <ele>5.5</ele>
      </trkpt>
      <trkpt lat="37.298315" lon="126.587111">
        <ele>5.5</ele>
      </trkpt>
      <trkpt lat="37.298342" lon="126.587157">
        <ele>5.5</ele>
      </trkpt>
      <trkpt lat="37.298369" lon="126.587202">
        <ele>5.6</ele>
      </trkpt>
      <trkpt lat="37.298395" lon="126.587248">
        <ele>5.6</ele>
      </trkpt>
      <trkpt lat="37.298422" lon="126.587293">
        <ele>5.6</ele>
      </trkpt>
      <trkpt lat="37.298449" lon="126.587339">
        <ele>5.7</ele>
      </trkpt>
      <trkpt lat="37.298475" lon="126.587384">
        <ele>5.7</ele>
      </trkpt>
      <trkpt lat="37.298502" lon="126.587430">
        <ele>5.7</ele>
      </trkpt>
      <trkpt lat="37.298528" lon="126.587475">
        <ele>5.8</ele>
      </trkpt>
      <trkpt lat="37.298555" lon="126.587521">
        <ele>5.8</ele>
      </trkpt>
      <trkpt lat="37.298582" lon="126.587566">
        <ele>5.8</ele>
      </trkpt>
      <trkpt lat="37.298609" lon="126.587611">
        <ele>5.8</ele>
      </trkpt>
      <trkpt lat="37.298637" lon="126.587656">
        <ele>5.8</ele>
      </trkpt>
      <trkpt lat="37.298664" lon="126.587701">
        <ele>5.8</ele>
      </trkpt>
      <trkpt lat="37.298691" lon="126.587746">
        <ele>5.8</ele>
      </trkpt>
      <trkpt lat="37.298718" lon="126.587792">
        <ele>5.8</ele>
      </trkpt>
      <trkpt lat="37.298745" lon="126.587837">
        <ele>5.8</ele>
      </trkpt>
      <trkpt lat="37.298772" lon="126.587882">
        <ele>5.8</ele>
      </trkpt>
      <trkpt lat="37.298799" lon="126.587927">
        <ele>5.8</ele>
      </trkpt>
      <trkpt lat="37.298826" lon="126.587972">
        <ele>5.8</ele>
      </trkpt>
      <trkpt lat="37.298853" lon="126.588017">
        <ele>5.8</ele>
      </trkpt>
      <trkpt lat="37.298880" lon="126.588062">
        <ele>5.8</ele>
      </trkpt>
      <trkpt lat="37.298907" lon="126.588107">
        <ele>5.8</ele>
      </trkpt>
      <trkpt lat="37.298934" lon="126.588153">
        <ele>5.8</ele>
      </trkpt>
      <trkpt lat="37.298961" lon="126.588198">
        <ele>5.8</ele>
      </trkpt>
      <trkpt lat="37.298989" lon="126.588243">
        <ele>5.8</ele>
      </trkpt>
      <trkpt lat="37.299016" lon="126.588288">
        <ele>5.8</ele>
      </trkpt>
      <trkpt lat="37.299043" lon="126.588333">
        <ele>5.8</ele>
      </trkpt>
      <trkpt lat="37.299070" lon="126.588378">
        <ele>5.8</ele>
      </trkpt>
      <trkpt lat="37.299097" lon="126.588423">
        <ele>5.8</ele>
      </trkpt>
      <trkpt lat="37.299124" lon="126.588468">
        <ele>5.8</ele>
      </trkpt>
      <trkpt lat="37.299151" lon="126.588514">
        <ele>5.8</ele>
      </trkpt>
      <trkpt lat="37.299178" lon="126.588559">
        <ele>5.8</ele>
      </trkpt>
      <trkpt lat="37.299205" lon="126.588604">
        <ele>5.8</ele>
      </trkpt>
      <trkpt lat="37.299232" lon="126.588649">
        <ele>5.8</ele>
      </trkpt>
      <trkpt lat="37.299259" lon="126.588694">
        <ele>5.8</ele>
      </trkpt>
      <trkpt lat="37.299286" lon="126.588739">
        <ele>5.8</ele>
      </trkpt>
      <trkpt lat="37.299310" lon="126.588784">
        <ele>5.8</ele>
      </trkpt>
      <trkpt lat="37.299335" lon="126.588821">
        <ele>0.0</ele>
      </trkpt>
      <trkpt lat="37.299362" lon="126.588866">
        <ele>0.0</ele>
      </trkpt>
      <trkpt lat="37.299389" lon="126.588911">
        <ele>0.0</ele>
      </trkpt>
      <trkpt lat="37.299416" lon="126.588956">
        <ele>0.0</ele>
      </trkpt>
      <trkpt lat="37.299444" lon="126.589001">
        <ele>0.0</ele>
      </trkpt>
      <trkpt lat="37.299471" lon="126.589046">
        <ele>0.0</ele>
      </trkpt>
      <trkpt lat="37.299498" lon="126.589092">
        <ele>0.0</ele>
      </trkpt>
      <trkpt lat="37.299525" lon="126.589137">
        <ele>0.0</ele>
      </trkpt>
      <trkpt lat="37.299551" lon="126.589182">
        <ele>0.0</ele>
      </trkpt>
      <trkpt lat="37.299578" lon="126.589228">
        <ele>0.0</ele>
      </trkpt>
      <trkpt lat="37.299605" lon="126.589273">
        <ele>0.0</ele>
      </trkpt>
      <trkpt lat="37.299631" lon="126.589319">
        <ele>0.0</ele>
      </trkpt>
      <trkpt lat="37.299658" lon="126.589365">
        <ele>0.0</ele>
      </trkpt>
      <trkpt lat="37.299684" lon="126.589410">
        <ele>0.0</ele>
      </trkpt>
      <trkpt lat="37.299711" lon="126.589456">
        <ele>0.0</ele>
      </trkpt>
      <trkpt lat="37.299738" lon="126.589501">
        <ele>0.0</ele>
      </trkpt>
      <trkpt lat="37.299764" lon="126.589547">
        <ele>0.0</ele>
      </trkpt>
      <trkpt lat="37.299791" lon="126.589592">
        <ele>0.0</ele>
      </trkpt>
      <trkpt lat="37.299818" lon="126.589638">
        <ele>0.0</ele>
      </trkpt>
      <trkpt lat="37.299844" lon="126.589683">
        <ele>0.0</ele>
      </trkpt>
      <trkpt lat="37.299871" lon="126.589729">
        <ele>0.0</ele>
      </trkpt>
      <trkpt lat="37.299897" lon="126.589775">
        <ele>0.0</ele>
      </trkpt>
      <trkpt lat="37.299924" lon="126.589820">
        <ele>0.0</ele>
      </trkpt>
      <trkpt lat="37.299951" lon="126.589866">
        <ele>0.0</ele>
      </trkpt>
      <trkpt lat="37.299977" lon="126.589911">
        <ele>0.0</ele>
      </trkpt>
      <trkpt lat="37.300004" lon="126.589957">
        <ele>0.0</ele>
      </trkpt>
      <trkpt lat="37.300030" lon="126.590002">
        <ele>0.0</ele>
      </trkpt>
      <trkpt lat="37.300057" lon="126.590048">
        <ele>0.0</ele>
      </trkpt>
      <trkpt lat="37.300084" lon="126.590093">
        <ele>0.0</ele>
      </trkpt>
      <trkpt lat="37.300110" lon="126.590139">
        <ele>0.0</ele>
      </trkpt>
      <trkpt lat="37.300137" lon="126.590185">
        <ele>0.0</ele>
      </trkpt>
      <trkpt lat="37.300164" lon="126.590230">
        <ele>0.0</ele>
      </trkpt>
      <trkpt lat="37.300190" lon="126.590276">
        <ele>0.0</ele>
      </trkpt>
      <trkpt lat="37.300217" lon="126.590321">
        <ele>0.0</ele>
      </trkpt>
      <trkpt lat="37.300243" lon="126.590367">
        <ele>0.0</ele>
      </trkpt>
      <trkpt lat="37.300270" lon="126.590412">
        <ele>0.0</ele>
      </trkpt>
      <trkpt lat="37.300297" lon="126.590458">
        <ele>0.0</ele>
      </trkpt>
      <trkpt lat="37.300323" lon="126.590503">
        <ele>0.0</ele>
      </trkpt>
      <trkpt lat="37.300350" lon="126.590549">
        <ele>0.0</ele>
      </trkpt>
      <trkpt lat="37.300377" lon="126.590595">
        <ele>0.0</ele>
      </trkpt>
      <trkpt lat="37.300403" lon="126.590640">
        <ele>0.0</ele>
      </trkpt>
      <trkpt lat="37.300430" lon="126.590686">
        <ele>0.0</ele>
      </trkpt>
      <trkpt lat="37.300456" lon="126.590731">
        <ele>0.0</ele>
      </trkpt>
      <trkpt lat="37.300483" lon="126.590777">
        <ele>0.0</ele>
      </trkpt>
      <trkpt lat="37.300510" lon="126.590822">
        <ele>0.0</ele>
      </trkpt>
      <trkpt lat="37.300536" lon="126.590868">
        <ele>0.0</ele>
      </trkpt>
      <trkpt lat="37.300563" lon="126.590913">
        <ele>0.0</ele>
      </trkpt>
      <trkpt lat="37.300590" lon="126.590959">
        <ele>0.0</ele>
      </trkpt>
      <trkpt lat="37.300616" lon="126.591005">
        <ele>0.0</ele>
      </trkpt>
      <trkpt lat="37.300643" lon="126.591050">
        <ele>0.0</ele>
      </trkpt>
      <trkpt lat="37.300669" lon="126.591096">
        <ele>0.0</ele>
      </trkpt>
      <trkpt lat="37.300696" lon="126.591141">
        <ele>0.0</ele>
      </trkpt>
      <trkpt lat="37.300723" lon="126.591187">
        <ele>0.0</ele>
      </trkpt>
      <trkpt lat="37.300749" lon="126.591232">
        <ele>0.0</ele>
      </trkpt>
      <trkpt lat="37.300776" lon="126.591278">
        <ele>0.0</ele>
      </trkpt>
      <trkpt lat="37.300803" lon="126.591324">
        <ele>0.0</ele>
      </trkpt>
      <trkpt lat="37.300829" lon="126.591369">
        <ele>0.0</ele>
      </trkpt>
      <trkpt lat="37.300856" lon="126.591415">
        <ele>0.0</ele>
      </trkpt>
      <trkpt lat="37.300882" lon="126.591460">
        <ele>0.0</ele>
      </trkpt>
      <trkpt lat="37.300909" lon="126.591506">
        <ele>0.0</ele>
      </trkpt>
      <trkpt lat="37.300936" lon="126.591551">
        <ele>0.0</ele>
      </trkpt>
      <trkpt lat="37.300962" lon="126.591597">
        <ele>0.0</ele>
      </trkpt>
      <trkpt lat="37.300989" lon="126.591642">
        <ele>0.0</ele>
      </trkpt>
      <trkpt lat="37.301015" lon="126.591688">
        <ele>0.0</ele>
      </trkpt>
      <trkpt lat="37.301042" lon="126.591734">
        <ele>0.0</ele>
      </trkpt>
      <trkpt lat="37.301069" lon="126.591779">
        <ele>0.0</ele>
      </trkpt>
      <trkpt lat="37.301095" lon="126.591825">
        <ele>0.0</ele>
      </trkpt>
      <trkpt lat="37.301122" lon="126.591870">
        <ele>0.0</ele>
      </trkpt>
      <trkpt lat="37.301149" lon="126.591916">
        <ele>0.0</ele>
      </trkpt>
      <trkpt lat="37.301175" lon="126.591961">
        <ele>0.0</ele>
      </trkpt>
      <trkpt lat="37.301202" lon="126.592007">
        <ele>0.0</ele>
      </trkpt>
      <trkpt lat="37.301228" lon="126.592052">
        <ele>0.0</ele>
      </trkpt>
      <trkpt lat="37.301255" lon="126.592098">
        <ele>0.0</ele>
      </trkpt>
      <trkpt lat="37.301282" lon="126.592144">
        <ele>0.0</ele>
      </trkpt>
      <trkpt lat="37.301308" lon="126.592189">
        <ele>0.0</ele>
      </trkpt>
      <trkpt lat="37.301335" lon="126.592235">
        <ele>0.0</ele>
      </trkpt>
      <trkpt lat="37.301362" lon="126.592280">
        <ele>0.0</ele>
      </trkpt>
      <trkpt lat="37.301388" lon="126.592326">
        <ele>0.0</ele>
      </trkpt>
      <trkpt lat="37.301415" lon="126.592371">
        <ele>0.0</ele>
      </trkpt>
      <trkpt lat="37.301441" lon="126.592417">
        <ele>0.0</ele>
      </trkpt>
      <trkpt lat="37.301468" lon="126.592462">
        <ele>0.0</ele>
      </trkpt>
      <trkpt lat="37.301495" lon="126.592508">
        <ele>0.0</ele>
      </trkpt>
      <trkpt lat="37.301521" lon="126.592554">
        <ele>0.0</ele>
      </trkpt>
      <trkpt lat="37.301548" lon="126.592599">
        <ele>0.0</ele>
      </trkpt>
      <trkpt lat="37.301575" lon="126.592645">
        <ele>0.0</ele>
      </trkpt>
      <trkpt lat="37.301601" lon="126.592690">
        <ele>0.0</ele>
      </trkpt>
      <trkpt lat="37.301628" lon="126.592736">
        <ele>0.0</ele>
      </trkpt>
      <trkpt lat="37.301654" lon="126.592781">
        <ele>0.0</ele>
      </trkpt>
      <trkpt lat="37.301681" lon="126.592827">
        <ele>0.0</ele>
      </trkpt>
      <trkpt lat="37.301708" lon="126.592872">
        <ele>0.0</ele>
      </trkpt>
      <trkpt lat="37.301734" lon="126.592918">
        <ele>0.0</ele>
      </trkpt>
      <trkpt lat="37.301761" lon="126.592964">
        <ele>0.0</ele>
      </trkpt>
      <trkpt lat="37.301787" lon="126.593009">
        <ele>0.0</ele>
      </trkpt>
      <trkpt lat="37.301808" lon="126.593043">
        <ele>2.8</ele>
      </trkpt>
      <trkpt lat="37.301834" lon="126.593089">
        <ele>2.8</ele>
      </trkpt>
      <trkpt lat="37.301861" lon="126.593135">
        <ele>2.8</ele>
      </trkpt>
      <trkpt lat="37.301887" lon="126.593180">
        <ele>2.8</ele>
      </trkpt>
      <trkpt lat="37.301914" lon="126.593226">
        <ele>2.8</ele>
      </trkpt>
      <trkpt lat="37.301941" lon="126.593271">
        <ele>2.8</ele>
      </trkpt>
      <trkpt lat="37.301967" lon="126.593317">
        <ele>2.8</ele>
      </trkpt>
      <trkpt lat="37.301994" lon="126.593362">
        <ele>2.8</ele>
      </trkpt>
      <trkpt lat="37.302020" lon="126.593408">
        <ele>2.8</ele>
      </trkpt>
      <trkpt lat="37.302047" lon="126.593453">
        <ele>2.8</ele>
      </trkpt>
      <trkpt lat="37.302074" lon="126.593499">
        <ele>2.8</ele>
      </trkpt>
      <trkpt lat="37.302100" lon="126.593545">
        <ele>2.8</ele>
      </trkpt>
      <trkpt lat="37.302127" lon="126.593590">
        <ele>2.8</ele>
      </trkpt>
      <trkpt lat="37.302154" lon="126.593636">
        <ele>2.8</ele>
      </trkpt>
      <trkpt lat="37.302180" lon="126.593681">
        <ele>2.8</ele>
      </trkpt>
      <trkpt lat="37.302207" lon="126.593727">
        <ele>2.8</ele>
      </trkpt>
      <trkpt lat="37.302233" lon="126.593772">
        <ele>2.8</ele>
      </trkpt>
      <trkpt lat="37.302260" lon="126.593818">
        <ele>2.8</ele>
      </trkpt>
      <trkpt lat="37.302287" lon="126.593864">
        <ele>2.8</ele>
      </trkpt>
      <trkpt lat="37.302313" lon="126.593909">
        <ele>2.8</ele>
      </trkpt>
      <trkpt lat="37.302340" lon="126.593955">
        <ele>2.8</ele>
      </trkpt>
      <trkpt lat="37.302367" lon="126.594000">
        <ele>2.8</ele>
      </trkpt>
      <trkpt lat="37.302393" lon="126.594046">
        <ele>2.8</ele>
      </trkpt>
      <trkpt lat="37.302420" lon="126.594091">
        <ele>2.8</ele>
      </trkpt>
      <trkpt lat="37.302446" lon="126.594137">
        <ele>2.8</ele>
      </trkpt>
      <trkpt lat="37.302473" lon="126.594182">
        <ele>2.8</ele>
      </trkpt>
      <trkpt lat="37.302500" lon="126.594228">
        <ele>2.8</ele>
      </trkpt>
      <trkpt lat="37.302526" lon="126.594274">
        <ele>2.8</ele>
      </trkpt>
      <trkpt lat="37.302553" lon="126.594319">
        <ele>2.8</ele>
      </trkpt>
      <trkpt lat="37.302579" lon="126.594365">
        <ele>2.8</ele>
      </trkpt>
      <trkpt lat="37.302606" lon="126.594410">
        <ele>2.8</ele>
      </trkpt>
      <trkpt lat="37.302633" lon="126.594456">
        <ele>2.8</ele>
      </trkpt>
      <trkpt lat="37.302659" lon="126.594501">
        <ele>2.8</ele>
      </trkpt>
      <trkpt lat="37.302686" lon="126.594547">
        <ele>2.8</ele>
      </trkpt>
      <trkpt lat="37.302713" lon="126.594592">
        <ele>2.8</ele>
      </trkpt>
      <trkpt lat="37.302739" lon="126.594638">
        <ele>2.8</ele>
      </trkpt>
      <trkpt lat="37.302766" lon="126.594684">
        <ele>2.8</ele>
      </trkpt>
      <trkpt lat="37.302792" lon="126.594729">
        <ele>2.8</ele>
      </trkpt>
      <trkpt lat="37.302819" lon="126.594775">
        <ele>2.8</ele>
      </trkpt>
      <trkpt lat="37.302846" lon="126.594820">
        <ele>2.8</ele>
      </trkpt>
      <trkpt lat="37.302872" lon="126.594866">
        <ele>2.8</ele>
      </trkpt>
      <trkpt lat="37.302899" lon="126.594911">
        <ele>2.8</ele>
      </trkpt>
      <trkpt lat="37.302926" lon="126.594957">
        <ele>2.8</ele>
      </trkpt>
      <trkpt lat="37.302952" lon="126.595003">
        <ele>2.8</ele>
      </trkpt>
      <trkpt lat="37.302979" lon="126.595048">
        <ele>2.8</ele>
      </trkpt>
      <trkpt lat="37.303005" lon="126.595094">
        <ele>2.8</ele>
      </trkpt>
      <trkpt lat="37.303032" lon="126.595139">
        <ele>2.8</ele>
      </trkpt>
      <trkpt lat="37.303059" lon="126.595185">
        <ele>2.8</ele>
      </trkpt>
      <trkpt lat="37.303085" lon="126.595230">
        <ele>2.8</ele>
      </trkpt>
      <trkpt lat="37.303112" lon="126.595276">
        <ele>2.8</ele>
      </trkpt>
      <trkpt lat="37.303138" lon="126.595321">
        <ele>2.8</ele>
      </trkpt>
      <trkpt lat="37.303165" lon="126.595367">
        <ele>2.8</ele>
      </trkpt>
      <trkpt lat="37.303192" lon="126.595413">
        <ele>2.8</ele>
      </trkpt>
      <trkpt lat="37.303218" lon="126.595458">
        <ele>2.8</ele>
      </trkpt>
      <trkpt lat="37.303245" lon="126.595504">
        <ele>2.8</ele>
      </trkpt>
      <trkpt lat="37.303272" lon="126.595549">
        <ele>2.8</ele>
      </trkpt>
      <trkpt lat="37.303298" lon="126.595595">
        <ele>2.8</ele>
      </trkpt>
      <trkpt lat="37.303325" lon="126.595640">
        <ele>2.8</ele>
      </trkpt>
      <trkpt lat="37.303351" lon="126.595686">
        <ele>2.8</ele>
      </trkpt>
      <trkpt lat="37.303378" lon="126.595732">
        <ele>2.8</ele>
      </trkpt>
      <trkpt lat="37.303405" lon="126.595777">
        <ele>2.8</ele>
      </trkpt>
      <trkpt lat="37.303431" lon="126.595823">
        <ele>2.8</ele>
      </trkpt>
      <trkpt lat="37.303458" lon="126.595868">
        <ele>2.8</ele>
      </trkpt>
      <trkpt lat="37.303485" lon="126.595914">
        <ele>2.8</ele>
      </trkpt>
      <trkpt lat="37.303511" lon="126.595959">
        <ele>2.8</ele>
      </trkpt>
      <trkpt lat="37.303538" lon="126.596005">
        <ele>2.8</ele>
      </trkpt>
      <trkpt lat="37.303565" lon="126.596050">
        <ele>2.8</ele>
      </trkpt>
      <trkpt lat="37.303591" lon="126.596096">
        <ele>2.8</ele>
      </trkpt>
      <trkpt lat="37.303618" lon="126.596141">
        <ele>2.8</ele>
      </trkpt>
      <trkpt lat="37.303645" lon="126.596187">
        <ele>2.8</ele>
      </trkpt>
      <trkpt lat="37.303672" lon="126.596232">
        <ele>2.8</ele>
      </trkpt>
      <trkpt lat="37.303698" lon="126.596277">
        <ele>2.8</ele>
      </trkpt>
      <trkpt lat="37.303725" lon="126.596323">
        <ele>2.8</ele>
      </trkpt>
      <trkpt lat="37.303752" lon="126.596368">
        <ele>2.8</ele>
      </trkpt>
      <trkpt lat="37.303778" lon="126.596414">
        <ele>2.8</ele>
      </trkpt>
      <trkpt lat="37.303805" lon="126.596459">
        <ele>2.8</ele>
      </trkpt>
      <trkpt lat="37.303832" lon="126.596505">
        <ele>2.8</ele>
      </trkpt>
      <trkpt lat="37.303859" lon="126.596550">
        <ele>2.8</ele>
      </trkpt>
      <trkpt lat="37.303885" lon="126.596596">
        <ele>2.8</ele>
      </trkpt>
      <trkpt lat="37.303912" lon="126.596641">
        <ele>2.8</ele>
      </trkpt>
      <trkpt lat="37.303939" lon="126.596687">
        <ele>2.8</ele>
      </trkpt>
      <trkpt lat="37.303965" lon="126.596732">
        <ele>2.8</ele>
      </trkpt>
      <trkpt lat="37.303992" lon="126.596778">
        <ele>2.8</ele>
      </trkpt>
      <trkpt lat="37.304019" lon="126.596823">
        <ele>2.8</ele>
      </trkpt>
      <trkpt lat="37.304045" lon="126.596869">
        <ele>2.8</ele>
      </trkpt>
      <trkpt lat="37.304072" lon="126.596914">
        <ele>2.8</ele>
      </trkpt>
      <trkpt lat="37.304099" lon="126.596960">
        <ele>2.8</ele>
      </trkpt>
      <trkpt lat="37.304126" lon="126.597005">
        <ele>2.8</ele>
      </trkpt>
      <trkpt lat="37.304152" lon="126.597051">
        <ele>2.8</ele>
      </trkpt>
      <trkpt lat="37.304179" lon="126.597096">
        <ele>2.8</ele>
      </trkpt>
      <trkpt lat="37.304206" lon="126.597142">
        <ele>2.8</ele>
      </trkpt>
      <trkpt lat="37.304232" lon="126.597187">
        <ele>2.8</ele>
      </trkpt>
      <trkpt lat="37.304259" lon="126.597233">
        <ele>2.8</ele>
      </trkpt>
      <trkpt lat="37.304286" lon="126.597278">
        <ele>2.8</ele>
      </trkpt>
      <trkpt lat="37.304313" lon="126.597324">
        <ele>2.8</ele>
      </trkpt>
      <trkpt lat="37.304339" lon="126.597369">
        <ele>2.8</ele>
      </trkpt>
      <trkpt lat="37.304366" lon="126.597414">
        <ele>2.8</ele>
      </trkpt>
      <trkpt lat="37.304393" lon="126.597460">
        <ele>2.8</ele>
      </trkpt>
      <trkpt lat="37.304419" lon="126.597505">
        <ele>2.8</ele>
      </trkpt>
      <trkpt lat="37.304446" lon="126.597551">
        <ele>2.8</ele>
      </trkpt>
      <trkpt lat="37.304473" lon="126.597596">
        <ele>2.8</ele>
      </trkpt>
      <trkpt lat="37.304499" lon="126.597642">
        <ele>2.8</ele>
      </trkpt>
      <trkpt lat="37.304526" lon="126.597687">
        <ele>5.0</ele>
      </trkpt>
      <trkpt lat="37.304551" lon="126.597730">
        <ele>2.8</ele>
      </trkpt>
      <trkpt lat="37.304577" lon="126.597775">
        <ele>2.9</ele>
      </trkpt>
      <trkpt lat="37.304604" lon="126.597821">
        <ele>2.9</ele>
      </trkpt>
      <trkpt lat="37.304630" lon="126.597867">
        <ele>2.9</ele>
      </trkpt>
      <trkpt lat="37.304657" lon="126.597913">
        <ele>3.0</ele>
      </trkpt>
      <trkpt lat="37.304683" lon="126.597958">
        <ele>3.0</ele>
      </trkpt>
      <trkpt lat="37.304710" lon="126.598004">
        <ele>3.0</ele>
      </trkpt>
      <trkpt lat="37.304736" lon="126.598050">
        <ele>3.0</ele>
      </trkpt>
      <trkpt lat="37.304762" lon="126.598095">
        <ele>3.1</ele>
      </trkpt>
      <trkpt lat="37.304789" lon="126.598141">
        <ele>3.1</ele>
      </trkpt>
      <trkpt lat="37.304815" lon="126.598187">
        <ele>3.1</ele>
      </trkpt>
      <trkpt lat="37.304842" lon="126.598232">
        <ele>3.2</ele>
      </trkpt>
      <trkpt lat="37.304868" lon="126.598278">
        <ele>3.2</ele>
      </trkpt>
      <trkpt lat="37.304895" lon="126.598324">
        <ele>3.2</ele>
      </trkpt>
      <trkpt lat="37.304921" lon="126.598370">
        <ele>3.3</ele>
      </trkpt>
      <trkpt lat="37.304948" lon="126.598415">
        <ele>3.3</ele>
      </trkpt>
      <trkpt lat="37.304974" lon="126.598461">
        <ele>3.3</ele>
      </trkpt>
      <trkpt lat="37.305001" lon="126.598507">
        <ele>3.4</ele>
      </trkpt>
      <trkpt lat="37.305027" lon="126.598552">
        <ele>3.4</ele>
      </trkpt>
      <trkpt lat="37.305054" lon="126.598598">
        <ele>3.4</ele>
      </trkpt>
      <trkpt lat="37.305080" lon="126.598644">
        <ele>3.4</ele>
      </trkpt>
      <trkpt lat="37.305107" lon="126.598689">
        <ele>3.5</ele>
      </trkpt>
      <trkpt lat="37.305133" lon="126.598735">
        <ele>3.5</ele>
      </trkpt>
      <trkpt lat="37.305159" lon="126.598781">
        <ele>3.5</ele>
      </trkpt>
      <trkpt lat="37.305186" lon="126.598827">
        <ele>3.6</ele>
      </trkpt>
      <trkpt lat="37.305212" lon="126.598872">
        <ele>3.6</ele>
      </trkpt>
      <trkpt lat="37.305239" lon="126.598918">
        <ele>3.6</ele>
      </trkpt>
      <trkpt lat="37.305265" lon="126.598964">
        <ele>3.7</ele>
      </trkpt>
      <trkpt lat="37.305292" lon="126.599009">
        <ele>3.7</ele>
      </trkpt>
      <trkpt lat="37.305318" lon="126.599055">
        <ele>3.7</ele>
      </trkpt>
      <trkpt lat="37.305345" lon="126.599101">
        <ele>3.8</ele>
      </trkpt>
      <trkpt lat="37.305371" lon="126.599146">
        <ele>3.8</ele>
      </trkpt>
      <trkpt lat="37.305398" lon="126.599192">
        <ele>3.8</ele>
      </trkpt>
      <trkpt lat="37.305424" lon="126.599238">
        <ele>3.9</ele>
      </trkpt>
      <trkpt lat="37.305451" lon="126.599284">
        <ele>3.9</ele>
      </trkpt>
      <trkpt lat="37.305477" lon="126.599329">
        <ele>3.9</ele>
      </trkpt>
      <trkpt lat="37.305504" lon="126.599375">
        <ele>3.9</ele>
      </trkpt>
      <trkpt lat="37.305530" lon="126.599421">
        <ele>4.0</ele>
      </trkpt>
      <trkpt lat="37.305557" lon="126.599466">
        <ele>4.0</ele>
      </trkpt>
      <trkpt lat="37.305583" lon="126.599512">
        <ele>4.0</ele>
      </trkpt>
      <trkpt lat="37.305609" lon="126.599558">
        <ele>4.1</ele>
      </trkpt>
      <trkpt lat="37.305636" lon="126.599603">
        <ele>4.1</ele>
      </trkpt>
      <trkpt lat="37.305662" lon="126.599649">
        <ele>4.1</ele>
      </trkpt>
      <trkpt lat="37.305689" lon="126.599695">
        <ele>4.2</ele>
      </trkpt>
      <trkpt lat="37.305715" lon="126.599741">
        <ele>4.2</ele>
      </trkpt>
      <trkpt lat="37.305742" lon="126.599786">
        <ele>4.2</ele>
      </trkpt>
      <trkpt lat="37.305768" lon="126.599832">
        <ele>4.3</ele>
      </trkpt>
      <trkpt lat="37.305795" lon="126.599878">
        <ele>4.3</ele>
      </trkpt>
      <trkpt lat="37.305821" lon="126.599923">
        <ele>4.3</ele>
      </trkpt>
      <trkpt lat="37.305848" lon="126.599969">
        <ele>4.3</ele>
      </trkpt>
      <trkpt lat="37.305874" lon="126.600015">
        <ele>4.4</ele>
      </trkpt>
      <trkpt lat="37.305901" lon="126.600060">
        <ele>4.4</ele>
      </trkpt>
      <trkpt lat="37.305927" lon="126.600106">
        <ele>4.4</ele>
      </trkpt>
      <trkpt lat="37.305954" lon="126.600152">
        <ele>4.5</ele>
      </trkpt>
      <trkpt lat="37.305980" lon="126.600198">
        <ele>4.5</ele>
      </trkpt>
      <trkpt lat="37.306006" lon="126.600243">
        <ele>4.5</ele>
      </trkpt>
      <trkpt lat="37.306033" lon="126.600289">
        <ele>4.6</ele>
      </trkpt>
      <trkpt lat="37.306059" lon="126.600335">
        <ele>4.6</ele>
      </trkpt>
      <trkpt lat="37.306086" lon="126.600380">
        <ele>4.6</ele>
      </trkpt>
      <trkpt lat="37.306112" lon="126.600426">
        <ele>4.7</ele>
      </trkpt>
      <trkpt lat="37.306139" lon="126.600472">
        <ele>4.7</ele>
      </trkpt>
      <trkpt lat="37.306165" lon="126.600517">
        <ele>4.7</ele>
      </trkpt>
      <trkpt lat="37.306192" lon="126.600563">
        <ele>4.8</ele>
      </trkpt>
      <trkpt lat="37.306218" lon="126.600609">
        <ele>4.8</ele>
      </trkpt>
      <trkpt lat="37.306245" lon="126.600655">
        <ele>4.8</ele>
      </trkpt>
      <trkpt lat="37.306271" lon="126.600700">
        <ele>4.8</ele>
      </trkpt>
      <trkpt lat="37.306298" lon="126.600746">
        <ele>4.9</ele>
      </trkpt>
      <trkpt lat="37.306324" lon="126.600792">
        <ele>4.9</ele>
      </trkpt>
      <trkpt lat="37.306351" lon="126.600837">
        <ele>4.9</ele>
      </trkpt>
      <trkpt lat="37.306377" lon="126.600883">
        <ele>5.0</ele>
      </trkpt>
      <trkpt lat="37.306403" lon="126.600929">
        <ele>5.0</ele>
      </trkpt>
      <trkpt lat="37.306430" lon="126.600974">
        <ele>5.0</ele>
      </trkpt>
      <trkpt lat="37.306457" lon="126.601020">
        <ele>5.0</ele>
      </trkpt>
      <trkpt lat="37.306484" lon="126.601065">
        <ele>5.0</ele>
      </trkpt>
      <trkpt lat="37.306510" lon="126.601111">
        <ele>5.0</ele>
      </trkpt>
      <trkpt lat="37.306537" lon="126.601156">
        <ele>5.0</ele>
      </trkpt>
      <trkpt lat="37.306564" lon="126.601202">
        <ele>5.0</ele>
      </trkpt>
      <trkpt lat="37.306590" lon="126.601247">
        <ele>5.0</ele>
      </trkpt>
      <trkpt lat="37.306617" lon="126.601293">
        <ele>5.0</ele>
      </trkpt>
      <trkpt lat="37.306644" lon="126.601338">
        <ele>5.0</ele>
      </trkpt>
      <trkpt lat="37.306670" lon="126.601384">
        <ele>5.0</ele>
      </trkpt>
      <trkpt lat="37.306697" lon="126.601429">
        <ele>5.0</ele>
      </trkpt>
      <trkpt lat="37.306724" lon="126.601475">
        <ele>5.0</ele>
      </trkpt>
      <trkpt lat="37.306750" lon="126.601520">
        <ele>5.0</ele>
      </trkpt>
      <trkpt lat="37.306777" lon="126.601566">
        <ele>5.0</ele>
      </trkpt>
      <trkpt lat="37.306804" lon="126.601611">
        <ele>5.0</ele>
      </trkpt>
      <trkpt lat="37.306830" lon="126.601657">
        <ele>5.0</ele>
      </trkpt>
      <trkpt lat="37.306857" lon="126.601702">
        <ele>5.0</ele>
      </trkpt>
      <trkpt lat="37.306884" lon="126.601748">
        <ele>5.0</ele>
      </trkpt>
      <trkpt lat="37.306910" lon="126.601793">
        <ele>5.0</ele>
      </trkpt>
      <trkpt lat="37.306937" lon="126.601839">
        <ele>5.0</ele>
      </trkpt>
      <trkpt lat="37.306964" lon="126.601884">
        <ele>5.0</ele>
      </trkpt>
      <trkpt lat="37.306990" lon="126.601930">
        <ele>5.0</ele>
      </trkpt>
      <trkpt lat="37.307017" lon="126.601975">
        <ele>5.0</ele>
      </trkpt>
      <trkpt lat="37.307044" lon="126.602021">
        <ele>5.0</ele>
      </trkpt>
      <trkpt lat="37.307070" lon="126.602066">
        <ele>5.0</ele>
      </trkpt>
      <trkpt lat="37.307097" lon="126.602112">
        <ele>5.0</ele>
      </trkpt>
      <trkpt lat="37.307124" lon="126.602157">
        <ele>5.0</ele>
      </trkpt>
      <trkpt lat="37.307150" lon="126.602203">
        <ele>5.1</ele>
      </trkpt>
      <trkpt lat="37.307177" lon="126.602249">
        <ele>5.1</ele>
      </trkpt>
      <trkpt lat="37.307204" lon="126.602294">
        <ele>5.1</ele>
      </trkpt>
      <trkpt lat="37.307231" lon="126.602340">
        <ele>5.1</ele>
      </trkpt>
      <trkpt lat="37.307257" lon="126.602385">
        <ele>5.1</ele>
      </trkpt>
      <trkpt lat="37.307284" lon="126.602431">
        <ele>5.1</ele>
      </trkpt>
      <trkpt lat="37.307311" lon="126.602476">
        <ele>5.1</ele>
      </trkpt>
      <trkpt lat="37.307337" lon="126.602522">
        <ele>5.1</ele>
      </trkpt>
      <trkpt lat="37.307364" lon="126.602567">
        <ele>5.1</ele>
      </trkpt>
      <trkpt lat="37.307391" lon="126.602613">
        <ele>5.1</ele>
      </trkpt>
      <trkpt lat="37.307417" lon="126.602658">
        <ele>5.1</ele>
      </trkpt>
      <trkpt lat="37.307444" lon="126.602704">
        <ele>5.1</ele>
      </trkpt>
      <trkpt lat="37.307471" lon="126.602749">
        <ele>5.1</ele>
      </trkpt>
      <trkpt lat="37.307497" lon="126.602795">
        <ele>5.1</ele>
      </trkpt>
      <trkpt lat="37.307524" lon="126.602840">
        <ele>5.1</ele>
      </trkpt>
      <trkpt lat="37.307551" lon="126.602886">
        <ele>5.1</ele>
      </trkpt>
      <trkpt lat="37.307577" lon="126.602931">
        <ele>5.1</ele>
      </trkpt>
      <trkpt lat="37.307604" lon="126.602977">
        <ele>5.1</ele>
      </trkpt>
      <trkpt lat="37.307631" lon="126.603022">
        <ele>5.1</ele>
      </trkpt>
      <trkpt lat="37.307657" lon="126.603068">
        <ele>5.1</ele>
      </trkpt>
      <trkpt lat="37.307684" lon="126.603113">
        <ele>5.1</ele>
      </trkpt>
      <trkpt lat="37.307711" lon="126.603159">
        <ele>5.1</ele>
      </trkpt>
      <trkpt lat="37.307737" lon="126.603204">
        <ele>5.1</ele>
      </trkpt>
      <trkpt lat="37.307764" lon="126.603250">
        <ele>5.1</ele>
      </trkpt>
      <trkpt lat="37.307791" lon="126.603295">
        <ele>5.1</ele>
      </trkpt>
      <trkpt lat="37.307817" lon="126.603341">
        <ele>5.1</ele>
      </trkpt>
      <trkpt lat="37.307844" lon="126.603386">
        <ele>5.1</ele>
      </trkpt>
      <trkpt lat="37.307870" lon="126.603433">
        <ele>5.1</ele>
      </trkpt>
      <trkpt lat="37.307894" lon="126.603480">
        <ele>5.2</ele>
      </trkpt>
      <trkpt lat="37.307919" lon="126.603527">
        <ele>5.3</ele>
      </trkpt>
      <trkpt lat="37.307934" lon="126.603556">
        <ele>5.5</ele>
      </trkpt>
      <trkpt lat="37.307959" lon="126.603603">
        <ele>5.5</ele>
      </trkpt>
      <trkpt lat="37.307984" lon="126.603650">
        <ele>5.5</ele>
      </trkpt>
      <trkpt lat="37.308009" lon="126.603697">
        <ele>5.5</ele>
      </trkpt>
      <trkpt lat="37.308034" lon="126.603744">
        <ele>5.5</ele>
      </trkpt>
      <trkpt lat="37.308059" lon="126.603791">
        <ele>5.5</ele>
      </trkpt>
      <trkpt lat="37.308084" lon="126.603838">
        <ele>5.5</ele>
      </trkpt>
      <trkpt lat="37.308109" lon="126.603885">
        <ele>5.5</ele>
      </trkpt>
      <trkpt lat="37.308135" lon="126.603931">
        <ele>5.5</ele>
      </trkpt>
      <trkpt lat="37.308162" lon="126.603976">
        <ele>5.5</ele>
      </trkpt>
      <trkpt lat="37.308189" lon="126.604021">
        <ele>5.5</ele>
      </trkpt>
      <trkpt lat="37.308217" lon="126.604066">
        <ele>5.5</ele>
      </trkpt>
      <trkpt lat="37.308244" lon="126.604111">
        <ele>5.5</ele>
      </trkpt>
      <trkpt lat="37.308271" lon="126.604156">
        <ele>5.5</ele>
      </trkpt>
      <trkpt lat="37.308298" lon="126.604201">
        <ele>5.5</ele>
      </trkpt>
      <trkpt lat="37.308325" lon="126.604246">
        <ele>5.5</ele>
      </trkpt>
      <trkpt lat="37.308352" lon="126.604292">
        <ele>5.5</ele>
      </trkpt>
      <trkpt lat="37.308377" lon="126.604339">
        <ele>5.5</ele>
      </trkpt>
      <trkpt lat="37.308402" lon="126.604385">
        <ele>5.5</ele>
      </trkpt>
      <trkpt lat="37.308427" lon="126.604432">
        <ele>5.5</ele>
      </trkpt>
      <trkpt lat="37.308452" lon="126.604479">
        <ele>5.5</ele>
      </trkpt>
      <trkpt lat="37.308477" lon="126.604526">
        <ele>5.5</ele>
      </trkpt>
      <trkpt lat="37.308502" lon="126.604573">
        <ele>5.5</ele>
      </trkpt>
      <trkpt lat="37.308528" lon="126.604620">
        <ele>5.5</ele>
      </trkpt>
      <trkpt lat="37.308553" lon="126.604667">
        <ele>5.5</ele>
      </trkpt>
      <trkpt lat="37.308578" lon="126.604714">
        <ele>5.5</ele>
      </trkpt>
      <trkpt lat="37.308603" lon="126.604761">
        <ele>5.5</ele>
      </trkpt>
      <trkpt lat="37.308628" lon="126.604807">
        <ele>5.5</ele>
      </trkpt>
      <trkpt lat="37.308655" lon="126.604853">
        <ele>5.5</ele>
      </trkpt>
      <trkpt lat="37.308682" lon="126.604897">
        <ele>5.5</ele>
      </trkpt>
      <trkpt lat="37.308710" lon="126.604942">
        <ele>5.5</ele>
      </trkpt>
      <trkpt lat="37.308738" lon="126.604987">
        <ele>5.5</ele>
      </trkpt>
      <trkpt lat="37.308765" lon="126.605031">
        <ele>5.5</ele>
      </trkpt>
      <trkpt lat="37.308795" lon="126.605074">
        <ele>5.5</ele>
      </trkpt>
      <trkpt lat="37.308824" lon="126.605117">
        <ele>5.5</ele>
      </trkpt>
      <trkpt lat="37.308853" lon="126.605160">
        <ele>5.5</ele>
      </trkpt>
      <trkpt lat="37.308883" lon="126.605203">
        <ele>5.5</ele>
      </trkpt>
      <trkpt lat="37.308912" lon="126.605245">
        <ele>5.5</ele>
      </trkpt>
      <trkpt lat="37.308941" lon="126.605288">
        <ele>5.5</ele>
      </trkpt>
      <trkpt lat="37.308971" lon="126.605331">
        <ele>5.5</ele>
      </trkpt>
      <trkpt lat="37.309000" lon="126.605374">
        <ele>5.6</ele>
      </trkpt>
      <trkpt lat="37.309029" lon="126.605417">
        <ele>5.6</ele>
      </trkpt>
      <trkpt lat="37.309059" lon="126.605460">
        <ele>5.6</ele>
      </trkpt>
      <trkpt lat="37.309088" lon="126.605503">
        <ele>5.6</ele>
      </trkpt>
      <trkpt lat="37.309117" lon="126.605546">
        <ele>5.6</ele>
      </trkpt>
      <trkpt lat="37.309146" lon="126.605589">
        <ele>5.6</ele>
      </trkpt>
      <trkpt lat="37.309176" lon="126.605632">
        <ele>5.7</ele>
      </trkpt>
      <trkpt lat="37.309205" lon="126.605674">
        <ele>5.7</ele>
      </trkpt>
      <trkpt lat="37.309234" lon="126.605717">
        <ele>5.7</ele>
      </trkpt>
      <trkpt lat="37.309264" lon="126.605760">
        <ele>5.7</ele>
      </trkpt>
      <trkpt lat="37.309293" lon="126.605803">
        <ele>5.7</ele>
      </trkpt>
      <trkpt lat="37.309322" lon="126.605846">
        <ele>5.7</ele>
      </trkpt>
      <trkpt lat="37.309351" lon="126.605889">
        <ele>5.7</ele>
      </trkpt>
      <trkpt lat="37.309381" lon="126.605932">
        <ele>5.8</ele>
      </trkpt>
      <trkpt lat="37.309410" lon="126.605975">
        <ele>5.8</ele>
      </trkpt>
      <trkpt lat="37.309439" lon="126.606018">
        <ele>5.8</ele>
      </trkpt>
      <trkpt lat="37.309469" lon="126.606061">
        <ele>5.8</ele>
      </trkpt>
      <trkpt lat="37.309498" lon="126.606103">
        <ele>5.8</ele>
      </trkpt>
      <trkpt lat="37.309527" lon="126.606146">
        <ele>5.8</ele>
      </trkpt>
      <trkpt lat="37.309556" lon="126.606189">
        <ele>5.9</ele>
      </trkpt>
      <trkpt lat="37.309586" lon="126.606232">
        <ele>5.9</ele>
      </trkpt>
      <trkpt lat="37.309615" lon="126.606275">
        <ele>5.9</ele>
      </trkpt>
      <trkpt lat="37.309644" lon="126.606318">
        <ele>5.9</ele>
      </trkpt>
      <trkpt lat="37.309676" lon="126.606358">
        <ele>6.0</ele>
      </trkpt>
      <trkpt lat="37.309709" lon="126.606397">
        <ele>6.2</ele>
      </trkpt>
      <trkpt lat="37.309737" lon="126.606421">
        <ele>6.8</ele>
      </trkpt>
      <trkpt lat="37.309761" lon="126.606459">
        <ele>7.4</ele>
      </trkpt>
      <trkpt lat="37.309793" lon="126.606498">
        <ele>7.8</ele>
      </trkpt>
      <trkpt lat="37.309826" lon="126.606537">
        <ele>8.2</ele>
      </trkpt>
      <trkpt lat="37.309858" lon="126.606576">
        <ele>8.6</ele>
      </trkpt>
      <trkpt lat="37.309891" lon="126.606615">
        <ele>9.0</ele>
      </trkpt>
      <trkpt lat="37.309923" lon="126.606654">
        <ele>9.4</ele>
      </trkpt>
      <trkpt lat="37.309956" lon="126.606693">
        <ele>9.8</ele>
      </trkpt>
      <trkpt lat="37.309989" lon="126.606732">
        <ele>10.2</ele>
      </trkpt>
      <trkpt lat="37.310021" lon="126.606771">
        <ele>10.6</ele>
      </trkpt>
      <trkpt lat="37.310054" lon="126.606810">
        <ele>11.0</ele>
      </trkpt>
      <trkpt lat="37.310086" lon="126.606849">
        <ele>11.4</ele>
      </trkpt>
      <trkpt lat="37.310119" lon="126.606888">
        <ele>11.8</ele>
      </trkpt>
      <trkpt lat="37.310152" lon="126.606927">
        <ele>12.2</ele>
      </trkpt>
      <trkpt lat="37.310184" lon="126.606966">
        <ele>12.6</ele>
      </trkpt>
      <trkpt lat="37.310217" lon="126.607005">
        <ele>13.0</ele>
      </trkpt>
      <trkpt lat="37.310248" lon="126.607046">
        <ele>13.0</ele>
      </trkpt>
      <trkpt lat="37.310279" lon="126.607087">
        <ele>13.0</ele>
      </trkpt>
      <trkpt lat="37.310309" lon="126.607128">
        <ele>13.0</ele>
      </trkpt>
      <trkpt lat="37.310341" lon="126.607168">
        <ele>13.0</ele>
      </trkpt>
      <trkpt lat="37.310376" lon="126.607204">
        <ele>13.0</ele>
      </trkpt>
      <trkpt lat="37.310410" lon="126.607240">
        <ele>13.0</ele>
      </trkpt>
      <trkpt lat="37.310445" lon="126.607276">
        <ele>13.0</ele>
      </trkpt>
      <trkpt lat="37.310480" lon="126.607312">
        <ele>13.0</ele>
      </trkpt>
      <trkpt lat="37.310514" lon="126.607348">
        <ele>13.0</ele>
      </trkpt>
      <trkpt lat="37.310549" lon="126.607385">
        <ele>13.0</ele>
      </trkpt>
      <trkpt lat="37.310583" lon="126.607421">
        <ele>13.0</ele>
      </trkpt>
      <trkpt lat="37.310618" lon="126.607457">
        <ele>13.0</ele>
      </trkpt>
      <trkpt lat="37.310652" lon="126.607493">
        <ele>13.0</ele>
      </trkpt>
      <trkpt lat="37.310687" lon="126.607529">
        <ele>13.0</ele>
      </trkpt>
      <trkpt lat="37.310722" lon="126.607565">
        <ele>13.0</ele>
      </trkpt>
      <trkpt lat="37.310756" lon="126.607601">
        <ele>13.0</ele>
      </trkpt>
      <trkpt lat="37.310791" lon="126.607638">
        <ele>13.0</ele>
      </trkpt>
      <trkpt lat="37.310825" lon="126.607674">
        <ele>13.0</ele>
      </trkpt>
      <trkpt lat="37.310860" lon="126.607710">
        <ele>13.0</ele>
      </trkpt>
      <trkpt lat="37.310894" lon="126.607746">
        <ele>13.0</ele>
      </trkpt>
      <trkpt lat="37.310929" lon="126.607782">
        <ele>13.0</ele>
      </trkpt>
      <trkpt lat="37.310964" lon="126.607818">
        <ele>13.0</ele>
      </trkpt>
      <trkpt lat="37.310998" lon="126.607854">
        <ele>13.0</ele>
      </trkpt>
      <trkpt lat="37.311033" lon="126.607891">
        <ele>13.0</ele>
      </trkpt>
      <trkpt lat="37.311067" lon="126.607927">
        <ele>13.0</ele>
      </trkpt>
      <trkpt lat="37.311102" lon="126.607963">
        <ele>13.0</ele>
      </trkpt>
      <trkpt lat="37.311137" lon="126.607999">
        <ele>13.0</ele>
      </trkpt>
      <trkpt lat="37.311171" lon="126.608035">
        <ele>13.0</ele>
      </trkpt>
      <trkpt lat="37.311206" lon="126.608071">
        <ele>13.0</ele>
      </trkpt>
      <trkpt lat="37.311240" lon="126.608108">
        <ele>13.0</ele>
      </trkpt>
      <trkpt lat="37.311274" lon="126.608144">
        <ele>13.0</ele>
      </trkpt>
      <trkpt lat="37.311308" lon="126.608182">
        <ele>13.0</ele>
      </trkpt>
      <trkpt lat="37.311342" lon="126.608219">
        <ele>13.0</ele>
      </trkpt>
      <trkpt lat="37.311374" lon="126.608259">
        <ele>12.9</ele>
      </trkpt>
      <trkpt lat="37.311403" lon="126.608302">
        <ele>12.7</ele>
      </trkpt>
      <trkpt lat="37.311432" lon="126.608345">
        <ele>12.5</ele>
      </trkpt>
      <trkpt lat="37.311461" lon="126.608388">
        <ele>12.3</ele>
      </trkpt>
      <trkpt lat="37.311491" lon="126.608431">
        <ele>12.1</ele>
      </trkpt>
      <trkpt lat="37.311520" lon="126.608474">
        <ele>11.9</ele>
      </trkpt>
      <trkpt lat="37.311549" lon="126.608517">
        <ele>11.7</ele>
      </trkpt>
      <trkpt lat="37.311578" lon="126.608560">
        <ele>11.4</ele>
      </trkpt>
      <trkpt lat="37.311607" lon="126.608603">
        <ele>11.2</ele>
      </trkpt>
      <trkpt lat="37.311637" lon="126.608646">
        <ele>11.0</ele>
      </trkpt>
      <trkpt lat="37.311666" lon="126.608689">
        <ele>10.8</ele>
      </trkpt>
      <trkpt lat="37.311695" lon="126.608732">
        <ele>10.6</ele>
      </trkpt>
      <trkpt lat="37.311724" lon="126.608775">
        <ele>10.4</ele>
      </trkpt>
      <trkpt lat="37.311753" lon="126.608818">
        <ele>10.2</ele>
      </trkpt>
      <trkpt lat="37.311783" lon="126.608861">
        <ele>10.0</ele>
      </trkpt>
      <trkpt lat="37.311812" lon="126.608904">
        <ele>9.8</ele>
      </trkpt>
      <trkpt lat="37.311841" lon="126.608947">
        <ele>9.5</ele>
      </trkpt>
      <trkpt lat="37.311870" lon="126.608990">
        <ele>9.3</ele>
      </trkpt>
      <trkpt lat="37.311899" lon="126.609033">
        <ele>9.1</ele>
      </trkpt>
      <trkpt lat="37.311928" lon="126.609076">
        <ele>8.9</ele>
      </trkpt>
      <trkpt lat="37.311958" lon="126.609119">
        <ele>8.7</ele>
      </trkpt>
      <trkpt lat="37.311987" lon="126.609162">
        <ele>8.5</ele>
      </trkpt>
      <trkpt lat="37.312016" lon="126.609205">
        <ele>8.3</ele>
      </trkpt>
      <trkpt lat="37.312045" lon="126.609248">
        <ele>8.1</ele>
      </trkpt>
      <trkpt lat="37.312071" lon="126.609294">
        <ele>8.0</ele>
      </trkpt>
      <trkpt lat="37.312094" lon="126.609342">
        <ele>8.0</ele>
      </trkpt>
      <trkpt lat="37.312117" lon="126.609391">
        <ele>8.0</ele>
      </trkpt>
      <trkpt lat="37.312141" lon="126.609439">
        <ele>8.0</ele>
      </trkpt>
      <trkpt lat="37.312164" lon="126.609487">
        <ele>8.0</ele>
      </trkpt>
      <trkpt lat="37.312178" lon="126.609514">
        <ele>8.0</ele>
      </trkpt>
      <trkpt lat="37.312201" lon="126.609563">
        <ele>8.0</ele>
      </trkpt>
      <trkpt lat="37.312225" lon="126.609611">
        <ele>8.0</ele>
      </trkpt>
      <trkpt lat="37.312248" lon="126.609659">
        <ele>8.0</ele>
      </trkpt>
      <trkpt lat="37.312272" lon="126.609707">
        <ele>8.0</ele>
      </trkpt>
      <trkpt lat="37.312295" lon="126.609755">
        <ele>8.0</ele>
      </trkpt>
      <trkpt lat="37.312319" lon="126.609804">
        <ele>8.0</ele>
      </trkpt>
      <trkpt lat="37.312342" lon="126.609852">
        <ele>8.0</ele>
      </trkpt>
      <trkpt lat="37.312366" lon="126.609900">
        <ele>8.0</ele>
      </trkpt>
      <trkpt lat="37.312389" lon="126.609948">
        <ele>8.0</ele>
      </trkpt>
      <trkpt lat="37.312413" lon="126.609996">
        <ele>8.0</ele>
      </trkpt>
      <trkpt lat="37.312434" lon="126.610046">
        <ele>7.9</ele>
      </trkpt>
      <trkpt lat="37.312455" lon="126.610096">
        <ele>7.7</ele>
      </trkpt>
      <trkpt lat="37.312476" lon="126.610146">
        <ele>7.4</ele>
      </trkpt>
      <trkpt lat="37.312497" lon="126.610196">
        <ele>7.2</ele>
      </trkpt>
      <trkpt lat="37.312518" lon="126.610246">
        <ele>7.0</ele>
      </trkpt>
      <trkpt lat="37.312538" lon="126.610297">
        <ele>6.8</ele>
      </trkpt>
      <trkpt lat="37.312559" lon="126.610347">
        <ele>6.5</ele>
      </trkpt>
      <trkpt lat="37.312580" lon="126.610397">
        <ele>6.3</ele>
      </trkpt>
      <trkpt lat="37.312601" lon="126.610447">
        <ele>6.1</ele>
      </trkpt>
      <trkpt lat="37.312621" lon="126.610497">
        <ele>5.9</ele>
      </trkpt>
      <trkpt lat="37.312642" lon="126.610547">
        <ele>5.6</ele>
      </trkpt>
      <trkpt lat="37.312663" lon="126.610597">
        <ele>5.4</ele>
      </trkpt>
      <trkpt lat="37.312684" lon="126.610648">
        <ele>5.2</ele>
      </trkpt>
      <trkpt lat="37.312704" lon="126.610698">
        <ele>5.0</ele>
      </trkpt>
      <trkpt lat="37.312724" lon="126.610748">
        <ele>4.8</ele>
      </trkpt>
      <trkpt lat="37.312745" lon="126.610799">
        <ele>4.7</ele>
      </trkpt>
      <trkpt lat="37.312765" lon="126.610849">
        <ele>4.5</ele>
      </trkpt>
      <trkpt lat="37.312785" lon="126.610900">
        <ele>4.4</ele>
      </trkpt>
      <trkpt lat="37.312805" lon="126.610951">
        <ele>4.2</ele>
      </trkpt>
      <trkpt lat="37.312825" lon="126.611001">
        <ele>4.0</ele>
      </trkpt>
      <trkpt lat="37.312845" lon="126.611052">
        <ele>3.9</ele>
      </trkpt>
      <trkpt lat="37.312865" lon="126.611102">
        <ele>3.7</ele>
      </trkpt>
      <trkpt lat="37.312885" lon="126.611153">
        <ele>3.6</ele>
      </trkpt>
      <trkpt lat="37.312905" lon="126.611203">
        <ele>3.4</ele>
      </trkpt>
      <trkpt lat="37.312926" lon="126.611254">
        <ele>3.2</ele>
      </trkpt>
      <trkpt lat="37.312946" lon="126.611305">
        <ele>3.1</ele>
      </trkpt>
      <trkpt lat="37.312962" lon="126.611347">
        <ele>3.0</ele>
      </trkpt>
      <trkpt lat="37.312983" lon="126.611397">
        <ele>3.0</ele>
      </trkpt>
      <trkpt lat="37.313003" lon="126.611448">
        <ele>3.1</ele>
      </trkpt>
      <trkpt lat="37.313023" lon="126.611498">
        <ele>3.1</ele>
      </trkpt>
      <trkpt lat="37.313043" lon="126.611549">
        <ele>3.1</ele>
      </trkpt>
      <trkpt lat="37.313063" lon="126.611599">
        <ele>3.2</ele>
      </trkpt>
      <trkpt lat="37.313083" lon="126.611650">
        <ele>3.2</ele>
      </trkpt>
      <trkpt lat="37.313103" lon="126.611701">
        <ele>3.2</ele>
      </trkpt>
      <trkpt lat="37.313124" lon="126.611751">
        <ele>3.2</ele>
      </trkpt>
      <trkpt lat="37.313144" lon="126.611802">
        <ele>3.3</ele>
      </trkpt>
      <trkpt lat="37.313164" lon="126.611852">
        <ele>3.3</ele>
      </trkpt>
      <trkpt lat="37.313184" lon="126.611903">
        <ele>3.3</ele>
      </trkpt>
      <trkpt lat="37.313204" lon="126.611953">
        <ele>3.4</ele>
      </trkpt>
      <trkpt lat="37.313224" lon="126.612004">
        <ele>3.4</ele>
      </trkpt>
      <trkpt lat="37.313244" lon="126.612054">
        <ele>3.4</ele>
      </trkpt>
      <trkpt lat="37.313264" lon="126.612105">
        <ele>3.5</ele>
      </trkpt>
      <trkpt lat="37.313285" lon="126.612156">
        <ele>3.5</ele>
      </trkpt>
      <trkpt lat="37.313305" lon="126.612206">
        <ele>3.5</ele>
      </trkpt>
      <trkpt lat="37.313325" lon="126.612257">
        <ele>3.5</ele>
      </trkpt>
      <trkpt lat="37.313345" lon="126.612307">
        <ele>3.6</ele>
      </trkpt>
      <trkpt lat="37.313365" lon="126.612358">
        <ele>3.6</ele>
      </trkpt>
      <trkpt lat="37.313385" lon="126.612408">
        <ele>3.6</ele>
      </trkpt>
      <trkpt lat="37.313405" lon="126.612459">
        <ele>3.7</ele>
      </trkpt>
      <trkpt lat="37.313425" lon="126.612509">
        <ele>3.7</ele>
      </trkpt>
      <trkpt lat="37.313446" lon="126.612560">
        <ele>3.7</ele>
      </trkpt>
      <trkpt lat="37.313466" lon="126.612611">
        <ele>3.7</ele>
      </trkpt>
      <trkpt lat="37.313486" lon="126.612661">
        <ele>3.8</ele>
      </trkpt>
      <trkpt lat="37.313506" lon="126.612712">
        <ele>3.8</ele>
      </trkpt>
      <trkpt lat="37.313526" lon="126.612762">
        <ele>3.8</ele>
      </trkpt>
      <trkpt lat="37.313546" lon="126.612813">
        <ele>3.9</ele>
      </trkpt>
      <trkpt lat="37.313566" lon="126.612863">
        <ele>3.9</ele>
      </trkpt>
      <trkpt lat="37.313587" lon="126.612914">
        <ele>3.9</ele>
      </trkpt>
      <trkpt lat="37.313607" lon="126.612964">
        <ele>4.0</ele>
      </trkpt>
      <trkpt lat="37.313627" lon="126.613015">
        <ele>4.0</ele>
      </trkpt>
      <trkpt lat="37.313647" lon="126.613066">
        <ele>4.0</ele>
      </trkpt>
      <trkpt lat="37.313667" lon="126.613116">
        <ele>4.0</ele>
      </trkpt>
      <trkpt lat="37.313687" lon="126.613167">
        <ele>4.1</ele>
      </trkpt>
      <trkpt lat="37.313707" lon="126.613217">
        <ele>4.1</ele>
      </trkpt>
      <trkpt lat="37.313727" lon="126.613268">
        <ele>4.1</ele>
      </trkpt>
      <trkpt lat="37.313748" lon="126.613318">
        <ele>4.2</ele>
      </trkpt>
      <trkpt lat="37.313768" lon="126.613369">
        <ele>4.2</ele>
      </trkpt>
      <trkpt lat="37.313788" lon="126.613419">
        <ele>4.2</ele>
      </trkpt>
      <trkpt lat="37.313808" lon="126.613470">
        <ele>4.3</ele>
      </trkpt>
      <trkpt lat="37.313828" lon="126.613521">
        <ele>4.3</ele>
      </trkpt>
      <trkpt lat="37.313848" lon="126.613571">
        <ele>4.3</ele>
      </trkpt>
      <trkpt lat="37.313868" lon="126.613622">
        <ele>4.3</ele>
      </trkpt>
      <trkpt lat="37.313889" lon="126.613672">
        <ele>4.4</ele>
      </trkpt>
      <trkpt lat="37.313909" lon="126.613723">
        <ele>4.4</ele>
      </trkpt>
      <trkpt lat="37.313929" lon="126.613773">
        <ele>4.4</ele>
      </trkpt>
      <trkpt lat="37.313949" lon="126.613824">
        <ele>4.5</ele>
      </trkpt>
      <trkpt lat="37.313969" lon="126.613874">
        <ele>4.5</ele>
      </trkpt>
      <trkpt lat="37.313989" lon="126.613925">
        <ele>4.5</ele>
      </trkpt>
      <trkpt lat="37.314009" lon="126.613975">
        <ele>4.5</ele>
      </trkpt>
      <trkpt lat="37.314029" lon="126.614026">
        <ele>4.6</ele>
      </trkpt>
      <trkpt lat="37.314050" lon="126.614077">
        <ele>4.6</ele>
      </trkpt>
      <trkpt lat="37.314070" lon="126.614127">
        <ele>4.6</ele>
      </trkpt>
      <trkpt lat="37.314090" lon="126.614178">
        <ele>4.7</ele>
      </trkpt>
      <trkpt lat="37.314110" lon="126.614228">
        <ele>4.7</ele>
      </trkpt>
      <trkpt lat="37.314130" lon="126.614279">
        <ele>4.7</ele>
      </trkpt>
      <trkpt lat="37.314150" lon="126.614329">
        <ele>4.8</ele>
      </trkpt>
      <trkpt lat="37.314170" lon="126.614380">
        <ele>4.8</ele>
      </trkpt>
      <trkpt lat="37.314191" lon="126.614430">
        <ele>4.8</ele>
      </trkpt>
      <trkpt lat="37.314211" lon="126.614481">
        <ele>4.8</ele>
      </trkpt>
      <trkpt lat="37.314231" lon="126.614532">
        <ele>4.9</ele>
      </trkpt>
      <trkpt lat="37.314251" lon="126.614582">
        <ele>4.9</ele>
      </trkpt>
      <trkpt lat="37.314271" lon="126.614633">
        <ele>4.9</ele>
      </trkpt>
      <trkpt lat="37.314291" lon="126.614683">
        <ele>5.0</ele>
      </trkpt>
      <trkpt lat="37.314311" lon="126.614734">
        <ele>5.0</ele>
      </trkpt>
      <trkpt lat="37.314332" lon="126.614784">
        <ele>5.3</ele>
      </trkpt>
      <trkpt lat="37.314354" lon="126.614834">
        <ele>5.6</ele>
      </trkpt>
      <trkpt lat="37.314375" lon="126.614883">
        <ele>6.0</ele>
      </trkpt>
      <trkpt lat="37.314396" lon="126.614933">
        <ele>6.3</ele>
      </trkpt>
      <trkpt lat="37.314418" lon="126.614983">
        <ele>6.6</ele>
      </trkpt>
      <trkpt lat="37.314439" lon="126.615033">
        <ele>7.0</ele>
      </trkpt>
      <trkpt lat="37.314458" lon="126.615074">
        <ele>3.5</ele>
      </trkpt>
      <trkpt lat="37.314476" lon="126.615126">
        <ele>3.5</ele>
      </trkpt>
      <trkpt lat="37.314494" lon="126.615178">
        <ele>3.5</ele>
      </trkpt>
      <trkpt lat="37.314512" lon="126.615230">
        <ele>3.5</ele>
      </trkpt>
      <trkpt lat="37.314529" lon="126.615282">
        <ele>3.5</ele>
      </trkpt>
      <trkpt lat="37.314547" lon="126.615334">
        <ele>3.5</ele>
      </trkpt>
      <trkpt lat="37.314564" lon="126.615386">
        <ele>3.5</ele>
      </trkpt>
      <trkpt lat="37.314582" lon="126.615438">
        <ele>3.5</ele>
      </trkpt>
      <trkpt lat="37.314599" lon="126.615490">
        <ele>3.5</ele>
      </trkpt>
      <trkpt lat="37.314617" lon="126.615542">
        <ele>3.5</ele>
      </trkpt>
      <trkpt lat="37.314635" lon="126.615594">
        <ele>3.5</ele>
      </trkpt>
      <trkpt lat="37.314652" lon="126.615646">
        <ele>3.5</ele>
      </trkpt>
      <trkpt lat="37.314670" lon="126.615698">
        <ele>3.5</ele>
      </trkpt>
      <trkpt lat="37.314687" lon="126.615750">
        <ele>3.5</ele>
      </trkpt>
      <trkpt lat="37.314705" lon="126.615802">
        <ele>3.5</ele>
      </trkpt>
      <trkpt lat="37.314723" lon="126.615854">
        <ele>3.5</ele>
      </trkpt>
      <trkpt lat="37.314740" lon="126.615906">
        <ele>3.5</ele>
      </trkpt>
      <trkpt lat="37.314758" lon="126.615958">
        <ele>3.5</ele>
      </trkpt>
      <trkpt lat="37.314775" lon="126.616010">
        <ele>3.5</ele>
      </trkpt>
      <trkpt lat="37.314790" lon="126.616064">
        <ele>3.4</ele>
      </trkpt>
      <trkpt lat="37.314800" lon="126.616119">
        <ele>3.3</ele>
      </trkpt>
      <trkpt lat="37.314811" lon="126.616173">
        <ele>3.2</ele>
      </trkpt>
      <trkpt lat="37.314822" lon="126.616228">
        <ele>3.1</ele>
      </trkpt>
      <trkpt lat="37.314833" lon="126.616283">
        <ele>3.0</ele>
      </trkpt>
      <trkpt lat="37.314844" lon="126.616338">
        <ele>2.9</ele>
      </trkpt>
      <trkpt lat="37.314855" lon="126.616393">
        <ele>2.8</ele>
      </trkpt>
      <trkpt lat="37.314866" lon="126.616448">
        <ele>2.7</ele>
      </trkpt>
      <trkpt lat="37.314877" lon="126.616502">
        <ele>2.6</ele>
      </trkpt>
      <trkpt lat="37.314888" lon="126.616557">
        <ele>2.4</ele>
      </trkpt>
      <trkpt lat="37.314899" lon="126.616612">
        <ele>2.3</ele>
      </trkpt>
      <trkpt lat="37.314907" lon="126.616668">
        <ele>2.2</ele>
      </trkpt>
      <trkpt lat="37.314915" lon="126.616723">
        <ele>2.1</ele>
      </trkpt>
      <trkpt lat="37.314922" lon="126.616779">
        <ele>2.0</ele>
      </trkpt>
      <trkpt lat="37.314930" lon="126.616835">
        <ele>1.8</ele>
      </trkpt>
      <trkpt lat="37.314937" lon="126.616891">
        <ele>1.7</ele>
      </trkpt>
      <trkpt lat="37.314945" lon="126.616946">
        <ele>1.6</ele>
      </trkpt>
      <trkpt lat="37.314952" lon="126.617002">
        <ele>1.4</ele>
      </trkpt>
      <trkpt lat="37.314960" lon="126.617058">
        <ele>1.3</ele>
      </trkpt>
      <trkpt lat="37.314967" lon="126.617114">
        <ele>1.2</ele>
      </trkpt>
      <trkpt lat="37.314975" lon="126.617169">
        <ele>1.1</ele>
      </trkpt>
      <trkpt lat="37.314981" lon="126.617218">
        <ele>1.0</ele>
      </trkpt>
      <trkpt lat="37.314989" lon="126.617274">
        <ele>1.0</ele>
      </trkpt>
      <trkpt lat="37.314997" lon="126.617329">
        <ele>1.0</ele>
      </trkpt>
      <trkpt lat="37.315002" lon="126.617385">
        <ele>1.1</ele>
      </trkpt>
      <trkpt lat="37.315008" lon="126.617441">
        <ele>1.1</ele>
      </trkpt>
      <trkpt lat="37.315014" lon="126.617498">
        <ele>1.2</ele>
      </trkpt>
      <trkpt lat="37.315020" lon="126.617554">
        <ele>1.2</ele>
      </trkpt>
      <trkpt lat="37.315026" lon="126.617610">
        <ele>1.3</ele>
      </trkpt>
      <trkpt lat="37.315031" lon="126.617666">
        <ele>1.4</ele>
      </trkpt>
      <trkpt lat="37.315037" lon="126.617722">
        <ele>1.4</ele>
      </trkpt>
      <trkpt lat="37.315043" lon="126.617778">
        <ele>1.5</ele>
      </trkpt>
      <trkpt lat="37.315049" lon="126.617834">
        <ele>1.6</ele>
      </trkpt>
      <trkpt lat="37.315055" lon="126.617890">
        <ele>1.6</ele>
      </trkpt>
      <trkpt lat="37.315061" lon="126.617946">
        <ele>1.7</ele>
      </trkpt>
      <trkpt lat="37.315066" lon="126.618002">
        <ele>1.7</ele>
      </trkpt>
      <trkpt lat="37.315072" lon="126.618058">
        <ele>1.8</ele>
      </trkpt>
      <trkpt lat="37.315078" lon="126.618114">
        <ele>1.9</ele>
      </trkpt>
      <trkpt lat="37.315084" lon="126.618170">
        <ele>1.9</ele>
      </trkpt>
      <trkpt lat="37.315090" lon="126.618226">
        <ele>2.0</ele>
      </trkpt>
      <trkpt lat="37.315095" lon="126.618282">
        <ele>2.0</ele>
      </trkpt>
      <trkpt lat="37.315101" lon="126.618338">
        <ele>2.1</ele>
      </trkpt>
      <trkpt lat="37.315107" lon="126.618395">
        <ele>2.2</ele>
      </trkpt>
      <trkpt lat="37.315113" lon="126.618451">
        <ele>2.2</ele>
      </trkpt>
      <trkpt lat="37.315119" lon="126.618507">
        <ele>2.3</ele>
      </trkpt>
      <trkpt lat="37.315125" lon="126.618563">
        <ele>2.3</ele>
      </trkpt>
      <trkpt lat="37.315132" lon="126.618618">
        <ele>2.4</ele>
      </trkpt>
      <trkpt lat="37.315139" lon="126.618674">
        <ele>2.4</ele>
      </trkpt>
      <trkpt lat="37.315146" lon="126.618730">
        <ele>2.5</ele>
      </trkpt>
      <trkpt lat="37.315153" lon="126.618786">
        <ele>2.5</ele>
      </trkpt>
      <trkpt lat="37.315160" lon="126.618842">
        <ele>2.6</ele>
      </trkpt>
      <trkpt lat="37.315167" lon="126.618898">
        <ele>2.6</ele>
      </trkpt>
      <trkpt lat="37.315174" lon="126.618954">
        <ele>2.7</ele>
      </trkpt>
      <trkpt lat="37.315181" lon="126.619009">
        <ele>2.7</ele>
      </trkpt>
      <trkpt lat="37.315188" lon="126.619065">
        <ele>2.8</ele>
      </trkpt>
      <trkpt lat="37.315196" lon="126.619121">
        <ele>2.8</ele>
      </trkpt>
      <trkpt lat="37.315203" lon="126.619177">
        <ele>2.9</ele>
      </trkpt>
      <trkpt lat="37.315210" lon="126.619233">
        <ele>2.9</ele>
      </trkpt>
      <trkpt lat="37.315217" lon="126.619289">
        <ele>3.0</ele>
      </trkpt>
      <trkpt lat="37.315224" lon="126.619344">
        <ele>3.0</ele>
      </trkpt>
      <trkpt lat="37.315231" lon="126.619400">
        <ele>3.1</ele>
      </trkpt>
      <trkpt lat="37.315238" lon="126.619456">
        <ele>3.1</ele>
      </trkpt>
      <trkpt lat="37.315245" lon="126.619512">
        <ele>3.2</ele>
      </trkpt>
      <trkpt lat="37.315252" lon="126.619568">
        <ele>3.2</ele>
      </trkpt>
      <trkpt lat="37.315259" lon="126.619624">
        <ele>3.3</ele>
      </trkpt>
      <trkpt lat="37.315267" lon="126.619679">
        <ele>3.3</ele>
      </trkpt>
      <trkpt lat="37.315278" lon="126.619734">
        <ele>3.3</ele>
      </trkpt>
      <trkpt lat="37.315288" lon="126.619789">
        <ele>3.3</ele>
      </trkpt>
      <trkpt lat="37.315299" lon="126.619844">
        <ele>3.3</ele>
      </trkpt>
      <trkpt lat="37.315310" lon="126.619899">
        <ele>3.3</ele>
      </trkpt>
      <trkpt lat="37.315320" lon="126.619954">
        <ele>3.4</ele>
      </trkpt>
      <trkpt lat="37.315331" lon="126.620009">
        <ele>3.4</ele>
      </trkpt>
      <trkpt lat="37.315342" lon="126.620064">
        <ele>3.4</ele>
      </trkpt>
      <trkpt lat="37.315353" lon="126.620119">
        <ele>3.4</ele>
      </trkpt>
      <trkpt lat="37.315363" lon="126.620173">
        <ele>3.4</ele>
      </trkpt>
      <trkpt lat="37.315374" lon="126.620228">
        <ele>3.4</ele>
      </trkpt>
      <trkpt lat="37.315385" lon="126.620283">
        <ele>3.4</ele>
      </trkpt>
      <trkpt lat="37.315395" lon="126.620338">
        <ele>3.4</ele>
      </trkpt>
      <trkpt lat="37.315406" lon="126.620393">
        <ele>3.4</ele>
      </trkpt>
      <trkpt lat="37.315417" lon="126.620448">
        <ele>3.5</ele>
      </trkpt>
      <trkpt lat="37.315427" lon="126.620503">
        <ele>3.5</ele>
      </trkpt>
      <trkpt lat="37.315438" lon="126.620558">
        <ele>3.5</ele>
      </trkpt>
      <trkpt lat="37.315449" lon="126.620613">
        <ele>3.5</ele>
      </trkpt>
      <trkpt lat="37.315460" lon="126.620668">
        <ele>3.5</ele>
      </trkpt>
      <trkpt lat="37.315469" lon="126.620717">
        <ele>3.3</ele>
      </trkpt>
      <trkpt lat="37.315480" lon="126.620772">
        <ele>3.4</ele>
      </trkpt>
      <trkpt lat="37.315491" lon="126.620826">
        <ele>3.5</ele>
      </trkpt>
      <trkpt lat="37.315504" lon="126.620880">
        <ele>3.5</ele>
      </trkpt>
      <trkpt lat="37.315519" lon="126.620934">
        <ele>3.5</ele>
      </trkpt>
      <trkpt lat="37.315534" lon="126.620987">
        <ele>3.5</ele>
      </trkpt>
      <trkpt lat="37.315549" lon="126.621040">
        <ele>3.5</ele>
      </trkpt>
      <trkpt lat="37.315565" lon="126.621093">
        <ele>3.5</ele>
      </trkpt>
      <trkpt lat="37.315580" lon="126.621146">
        <ele>3.4</ele>
      </trkpt>
      <trkpt lat="37.315595" lon="126.621200">
        <ele>3.4</ele>
      </trkpt>
      <trkpt lat="37.315610" lon="126.621253">
        <ele>3.4</ele>
      </trkpt>
      <trkpt lat="37.315625" lon="126.621306">
        <ele>3.4</ele>
      </trkpt>
      <trkpt lat="37.315641" lon="126.621359">
        <ele>3.4</ele>
      </trkpt>
      <trkpt lat="37.315656" lon="126.621412">
        <ele>3.4</ele>
      </trkpt>
      <trkpt lat="37.315671" lon="126.621466">
        <ele>3.4</ele>
      </trkpt>
      <trkpt lat="37.315686" lon="126.621519">
        <ele>3.4</ele>
      </trkpt>
      <trkpt lat="37.315702" lon="126.621572">
        <ele>3.4</ele>
      </trkpt>
      <trkpt lat="37.315717" lon="126.621625">
        <ele>3.3</ele>
      </trkpt>
      <trkpt lat="37.315732" lon="126.621679">
        <ele>3.3</ele>
      </trkpt>
      <trkpt lat="37.315747" lon="126.621732">
        <ele>3.3</ele>
      </trkpt>
      <trkpt lat="37.315762" lon="126.621785">
        <ele>3.3</ele>
      </trkpt>
      <trkpt lat="37.315778" lon="126.621838">
        <ele>3.3</ele>
      </trkpt>
      <trkpt lat="37.315793" lon="126.621891">
        <ele>3.3</ele>
      </trkpt>
      <trkpt lat="37.315808" lon="126.621945">
        <ele>3.3</ele>
      </trkpt>
      <trkpt lat="37.315823" lon="126.621998">
        <ele>3.3</ele>
      </trkpt>
      <trkpt lat="37.315839" lon="126.622051">
        <ele>3.3</ele>
      </trkpt>
      <trkpt lat="37.315854" lon="126.622104">
        <ele>3.3</ele>
      </trkpt>
      <trkpt lat="37.315869" lon="126.622157">
        <ele>3.2</ele>
      </trkpt>
      <trkpt lat="37.315884" lon="126.622211">
        <ele>3.2</ele>
      </trkpt>
      <trkpt lat="37.315899" lon="126.622264">
        <ele>3.2</ele>
      </trkpt>
      <trkpt lat="37.315915" lon="126.622317">
        <ele>3.2</ele>
      </trkpt>
      <trkpt lat="37.315930" lon="126.622370">
        <ele>3.2</ele>
      </trkpt>
      <trkpt lat="37.315945" lon="126.622423">
        <ele>3.2</ele>
      </trkpt>
      <trkpt lat="37.315960" lon="126.622477">
        <ele>3.2</ele>
      </trkpt>
      <trkpt lat="37.315976" lon="126.622530">
        <ele>3.2</ele>
      </trkpt>
      <trkpt lat="37.315991" lon="126.622583">
        <ele>3.2</ele>
      </trkpt>
      <trkpt lat="37.316006" lon="126.622636">
        <ele>3.1</ele>
      </trkpt>
      <trkpt lat="37.316021" lon="126.622689">
        <ele>3.1</ele>
      </trkpt>
      <trkpt lat="37.316036" lon="126.622743">
        <ele>3.1</ele>
      </trkpt>
      <trkpt lat="37.316052" lon="126.622796">
        <ele>3.1</ele>
      </trkpt>
      <trkpt lat="37.316067" lon="126.622849">
        <ele>3.1</ele>
      </trkpt>
      <trkpt lat="37.316082" lon="126.622902">
        <ele>3.1</ele>
      </trkpt>
      <trkpt lat="37.316097" lon="126.622955">
        <ele>3.1</ele>
      </trkpt>
      <trkpt lat="37.316113" lon="126.623009">
        <ele>3.1</ele>
      </trkpt>
      <trkpt lat="37.316128" lon="126.623062">
        <ele>3.1</ele>
      </trkpt>
      <trkpt lat="37.316143" lon="126.623115">
        <ele>3.1</ele>
      </trkpt>
      <trkpt lat="37.316158" lon="126.623168">
        <ele>3.0</ele>
      </trkpt>
      <trkpt lat="37.316173" lon="126.623221">
        <ele>3.0</ele>
      </trkpt>
      <trkpt lat="37.316189" lon="126.623275">
        <ele>3.0</ele>
      </trkpt>
      <trkpt lat="37.316204" lon="126.623328">
        <ele>3.0</ele>
      </trkpt>
      <trkpt lat="37.316219" lon="126.623381">
        <ele>3.0</ele>
      </trkpt>
      <trkpt lat="37.316234" lon="126.623434">
        <ele>3.0</ele>
      </trkpt>
      <trkpt lat="37.316249" lon="126.623488">
        <ele>3.0</ele>
      </trkpt>
      <trkpt lat="37.316264" lon="126.623541">
        <ele>3.0</ele>
      </trkpt>
      <trkpt lat="37.316278" lon="126.623595">
        <ele>3.0</ele>
      </trkpt>
      <trkpt lat="37.316293" lon="126.623648">
        <ele>3.0</ele>
      </trkpt>
      <trkpt lat="37.316308" lon="126.623701">
        <ele>3.0</ele>
      </trkpt>
      <trkpt lat="37.316323" lon="126.623755">
        <ele>3.0</ele>
      </trkpt>
      <trkpt lat="37.316337" lon="126.623808">
        <ele>3.0</ele>
      </trkpt>
      <trkpt lat="37.316352" lon="126.623862">
        <ele>3.0</ele>
      </trkpt>
      <trkpt lat="37.316367" lon="126.623915">
        <ele>3.0</ele>
      </trkpt>
      <trkpt lat="37.316382" lon="126.623968">
        <ele>3.0</ele>
      </trkpt>
      <trkpt lat="37.316396" lon="126.624022">
        <ele>3.0</ele>
      </trkpt>
      <trkpt lat="37.316411" lon="126.624075">
        <ele>3.0</ele>
      </trkpt>
      <trkpt lat="37.316426" lon="126.624129">
        <ele>3.0</ele>
      </trkpt>
      <trkpt lat="37.316441" lon="126.624182">
        <ele>3.0</ele>
      </trkpt>
      <trkpt lat="37.316455" lon="126.624235">
        <ele>3.0</ele>
      </trkpt>
      <trkpt lat="37.316470" lon="126.624289">
        <ele>3.0</ele>
      </trkpt>
      <trkpt lat="37.316485" lon="126.624342">
        <ele>3.0</ele>
      </trkpt>
      <trkpt lat="37.316500" lon="126.624396">
        <ele>3.0</ele>
      </trkpt>
      <trkpt lat="37.316514" lon="126.624449">
        <ele>3.0</ele>
      </trkpt>
      <trkpt lat="37.316529" lon="126.624502">
        <ele>3.0</ele>
      </trkpt>
      <trkpt lat="37.316544" lon="126.624556">
        <ele>3.0</ele>
      </trkpt>
      <trkpt lat="37.316559" lon="126.624609">
        <ele>3.0</ele>
      </trkpt>
      <trkpt lat="37.316574" lon="126.624663">
        <ele>3.0</ele>
      </trkpt>
      <trkpt lat="37.316588" lon="126.624716">
        <ele>3.0</ele>
      </trkpt>
      <trkpt lat="37.316603" lon="126.624769">
        <ele>3.0</ele>
      </trkpt>
      <trkpt lat="37.316618" lon="126.624823">
        <ele>3.0</ele>
      </trkpt>
      <trkpt lat="37.316633" lon="126.624876">
        <ele>3.0</ele>
      </trkpt>
      <trkpt lat="37.316647" lon="126.624930">
        <ele>3.0</ele>
      </trkpt>
      <trkpt lat="37.316662" lon="126.624983">
        <ele>3.0</ele>
      </trkpt>
      <trkpt lat="37.316677" lon="126.625037">
        <ele>3.0</ele>
      </trkpt>
      <trkpt lat="37.316692" lon="126.625090">
        <ele>3.0</ele>
      </trkpt>
      <trkpt lat="37.316706" lon="126.625143">
        <ele>3.0</ele>
      </trkpt>
      <trkpt lat="37.316721" lon="126.625197">
        <ele>3.0</ele>
      </trkpt>
      <trkpt lat="37.316736" lon="126.625250">
        <ele>3.0</ele>
      </trkpt>
      <trkpt lat="37.316751" lon="126.625304">
        <ele>3.0</ele>
      </trkpt>
      <trkpt lat="37.316765" lon="126.625357">
        <ele>3.0</ele>
      </trkpt>
      <trkpt lat="37.316780" lon="126.625410">
        <ele>3.0</ele>
      </trkpt>
      <trkpt lat="37.316795" lon="126.625464">
        <ele>3.0</ele>
      </trkpt>
      <trkpt lat="37.316810" lon="126.625517">
        <ele>3.0</ele>
      </trkpt>
      <trkpt lat="37.316824" lon="126.625571">
        <ele>3.0</ele>
      </trkpt>
      <trkpt lat="37.316839" lon="126.625624">
        <ele>3.0</ele>
      </trkpt>
      <trkpt lat="37.316854" lon="126.625677">
        <ele>3.0</ele>
      </trkpt>
      <trkpt lat="37.316869" lon="126.625731">
        <ele>3.0</ele>
      </trkpt>
      <trkpt lat="37.316883" lon="126.625784">
        <ele>3.0</ele>
      </trkpt>
      <trkpt lat="37.316898" lon="126.625838">
        <ele>3.0</ele>
      </trkpt>
      <trkpt lat="37.316913" lon="126.625891">
        <ele>3.0</ele>
      </trkpt>
      <trkpt lat="37.316928" lon="126.625944">
        <ele>3.0</ele>
      </trkpt>
      <trkpt lat="37.316943" lon="126.625998">
        <ele>3.0</ele>
      </trkpt>
      <trkpt lat="37.316957" lon="126.626051">
        <ele>3.0</ele>
      </trkpt>
      <trkpt lat="37.316972" lon="126.626105">
        <ele>3.0</ele>
      </trkpt>
      <trkpt lat="37.316987" lon="126.626158">
        <ele>3.0</ele>
      </trkpt>
      <trkpt lat="37.317002" lon="126.626211">
        <ele>3.0</ele>
      </trkpt>
      <trkpt lat="37.317016" lon="126.626265">
        <ele>3.0</ele>
      </trkpt>
      <trkpt lat="37.317031" lon="126.626318">
        <ele>3.0</ele>
      </trkpt>
      <trkpt lat="37.317046" lon="126.626372">
        <ele>3.0</ele>
      </trkpt>
      <trkpt lat="37.317061" lon="126.626425">
        <ele>3.0</ele>
      </trkpt>
      <trkpt lat="37.317076" lon="126.626478">
        <ele>3.0</ele>
      </trkpt>
      <trkpt lat="37.317090" lon="126.626532">
        <ele>3.0</ele>
      </trkpt>
      <trkpt lat="37.317105" lon="126.626585">
        <ele>3.0</ele>
      </trkpt>
      <trkpt lat="37.317120" lon="126.626639">
        <ele>3.0</ele>
      </trkpt>
      <trkpt lat="37.317135" lon="126.626692">
        <ele>3.0</ele>
      </trkpt>
      <trkpt lat="37.317150" lon="126.626745">
        <ele>3.0</ele>
      </trkpt>
      <trkpt lat="37.317164" lon="126.626799">
        <ele>3.0</ele>
      </trkpt>
      <trkpt lat="37.317179" lon="126.626852">
        <ele>3.0</ele>
      </trkpt>
      <trkpt lat="37.317194" lon="126.626906">
        <ele>3.0</ele>
      </trkpt>
      <trkpt lat="37.317209" lon="126.626959">
        <ele>3.0</ele>
      </trkpt>
      <trkpt lat="37.317224" lon="126.627012">
        <ele>3.0</ele>
      </trkpt>
      <trkpt lat="37.317238" lon="126.627066">
        <ele>3.0</ele>
      </trkpt>
      <trkpt lat="37.317253" lon="126.627119">
        <ele>3.0</ele>
      </trkpt>
      <trkpt lat="37.317268" lon="126.627172">
        <ele>3.0</ele>
      </trkpt>
      <trkpt lat="37.317283" lon="126.627226">
        <ele>3.0</ele>
      </trkpt>
      <trkpt lat="37.317298" lon="126.627279">
        <ele>3.0</ele>
      </trkpt>
      <trkpt lat="37.317312" lon="126.627333">
        <ele>3.0</ele>
      </trkpt>
      <trkpt lat="37.317327" lon="126.627386">
        <ele>3.0</ele>
      </trkpt>
      <trkpt lat="37.317342" lon="126.627439">
        <ele>3.0</ele>
      </trkpt>
      <trkpt lat="37.317357" lon="126.627493">
        <ele>3.0</ele>
      </trkpt>
      <trkpt lat="37.317372" lon="126.627546">
        <ele>3.0</ele>
      </trkpt>
      <trkpt lat="37.317386" lon="126.627600">
        <ele>3.0</ele>
      </trkpt>
      <trkpt lat="37.317401" lon="126.627653">
        <ele>3.0</ele>
      </trkpt>
      <trkpt lat="37.317416" lon="126.627706">
        <ele>3.0</ele>
      </trkpt>
      <trkpt lat="37.317431" lon="126.627760">
        <ele>3.0</ele>
      </trkpt>
      <trkpt lat="37.317446" lon="126.627813">
        <ele>3.0</ele>
      </trkpt>
      <trkpt lat="37.317460" lon="126.627867">
        <ele>3.0</ele>
      </trkpt>
      <trkpt lat="37.317475" lon="126.627920">
        <ele>3.0</ele>
      </trkpt>
      <trkpt lat="37.317490" lon="126.627973">
        <ele>3.0</ele>
      </trkpt>
      <trkpt lat="37.317505" lon="126.628027">
        <ele>3.0</ele>
      </trkpt>
      <trkpt lat="37.317520" lon="126.628080">
        <ele>3.0</ele>
      </trkpt>
      <trkpt lat="37.317535" lon="126.628133">
        <ele>3.0</ele>
      </trkpt>
      <trkpt lat="37.317550" lon="126.628186">
        <ele>3.0</ele>
      </trkpt>
      <trkpt lat="37.317565" lon="126.628240">
        <ele>3.0</ele>
      </trkpt>
      <trkpt lat="37.317581" lon="126.628293">
        <ele>3.0</ele>
      </trkpt>
      <trkpt lat="37.317596" lon="126.628346">
        <ele>3.0</ele>
      </trkpt>
      <trkpt lat="37.317611" lon="126.628399">
        <ele>3.0</ele>
      </trkpt>
      <trkpt lat="37.317626" lon="126.628453">
        <ele>3.0</ele>
      </trkpt>
      <trkpt lat="37.317641" lon="126.628506">
        <ele>3.0</ele>
      </trkpt>
      <trkpt lat="37.317656" lon="126.628559">
        <ele>3.0</ele>
      </trkpt>
      <trkpt lat="37.317672" lon="126.628612">
        <ele>3.0</ele>
      </trkpt>
      <trkpt lat="37.317687" lon="126.628665">
        <ele>3.0</ele>
      </trkpt>
      <trkpt lat="37.317702" lon="126.628719">
        <ele>3.0</ele>
      </trkpt>
      <trkpt lat="37.317717" lon="126.628772">
        <ele>3.0</ele>
      </trkpt>
      <trkpt lat="37.317732" lon="126.628825">
        <ele>3.0</ele>
      </trkpt>
      <trkpt lat="37.317747" lon="126.628878">
        <ele>3.0</ele>
      </trkpt>
      <trkpt lat="37.317763" lon="126.628932">
        <ele>3.0</ele>
      </trkpt>
      <trkpt lat="37.317778" lon="126.628985">
        <ele>3.0</ele>
      </trkpt>
      <trkpt lat="37.317793" lon="126.629038">
        <ele>3.0</ele>
      </trkpt>
      <trkpt lat="37.317808" lon="126.629091">
        <ele>3.0</ele>
      </trkpt>
      <trkpt lat="37.317823" lon="126.629145">
        <ele>3.0</ele>
      </trkpt>
      <trkpt lat="37.317838" lon="126.629198">
        <ele>3.0</ele>
      </trkpt>
      <trkpt lat="37.317854" lon="126.629251">
        <ele>3.0</ele>
      </trkpt>
      <trkpt lat="37.317869" lon="126.629304">
        <ele>3.0</ele>
      </trkpt>
      <trkpt lat="37.317884" lon="126.629357">
        <ele>3.0</ele>
      </trkpt>
      <trkpt lat="37.317899" lon="126.629411">
        <ele>3.0</ele>
      </trkpt>
      <trkpt lat="37.317914" lon="126.629464">
        <ele>3.0</ele>
      </trkpt>
      <trkpt lat="37.317929" lon="126.629517">
        <ele>3.0</ele>
      </trkpt>
      <trkpt lat="37.317945" lon="126.629570">
        <ele>3.0</ele>
      </trkpt>
      <trkpt lat="37.317960" lon="126.629624">
        <ele>3.0</ele>
      </trkpt>
      <trkpt lat="37.317975" lon="126.629677">
        <ele>3.0</ele>
      </trkpt>
      <trkpt lat="37.317990" lon="126.629730">
        <ele>3.0</ele>
      </trkpt>
      <trkpt lat="37.318004" lon="126.629784">
        <ele>3.0</ele>
      </trkpt>
      <trkpt lat="37.318019" lon="126.629837">
        <ele>3.0</ele>
      </trkpt>
      <trkpt lat="37.318034" lon="126.629890">
        <ele>3.0</ele>
      </trkpt>
      <trkpt lat="37.318049" lon="126.629944">
        <ele>3.0</ele>
      </trkpt>
      <trkpt lat="37.318064" lon="126.629997">
        <ele>3.0</ele>
      </trkpt>
      <trkpt lat="37.318079" lon="126.630050">
        <ele>3.0</ele>
      </trkpt>
      <trkpt lat="37.318094" lon="126.630104">
        <ele>3.0</ele>
      </trkpt>
      <trkpt lat="37.318109" lon="126.630157">
        <ele>3.0</ele>
      </trkpt>
      <trkpt lat="37.318123" lon="126.630210">
        <ele>3.0</ele>
      </trkpt>
      <trkpt lat="37.318138" lon="126.630264">
        <ele>3.0</ele>
      </trkpt>
      <trkpt lat="37.318153" lon="126.630317">
        <ele>3.0</ele>
      </trkpt>
      <trkpt lat="37.318168" lon="126.630371">
        <ele>3.0</ele>
      </trkpt>
      <trkpt lat="37.318183" lon="126.630424">
        <ele>3.0</ele>
      </trkpt>
      <trkpt lat="37.318198" lon="126.630477">
        <ele>3.0</ele>
      </trkpt>
      <trkpt lat="37.318213" lon="126.630531">
        <ele>3.0</ele>
      </trkpt>
      <trkpt lat="37.318227" lon="126.630584">
        <ele>3.0</ele>
      </trkpt>
      <trkpt lat="37.318242" lon="126.630637">
        <ele>3.0</ele>
      </trkpt>
      <trkpt lat="37.318257" lon="126.630691">
        <ele>3.0</ele>
      </trkpt>
      <trkpt lat="37.318272" lon="126.630744">
        <ele>3.0</ele>
      </trkpt>
      <trkpt lat="37.318287" lon="126.630797">
        <ele>3.0</ele>
      </trkpt>
      <trkpt lat="37.318302" lon="126.630851">
        <ele>3.0</ele>
      </trkpt>
      <trkpt lat="37.318317" lon="126.630904">
        <ele>3.0</ele>
      </trkpt>
      <trkpt lat="37.318331" lon="126.630958">
        <ele>3.0</ele>
      </trkpt>
      <trkpt lat="37.318346" lon="126.631011">
        <ele>3.0</ele>
      </trkpt>
      <trkpt lat="37.318361" lon="126.631064">
        <ele>3.0</ele>
      </trkpt>
      <trkpt lat="37.318376" lon="126.631118">
        <ele>3.0</ele>
      </trkpt>
      <trkpt lat="37.318391" lon="126.631171">
        <ele>3.0</ele>
      </trkpt>
      <trkpt lat="37.318406" lon="126.631224">
        <ele>3.0</ele>
      </trkpt>
      <trkpt lat="37.318421" lon="126.631278">
        <ele>3.0</ele>
      </trkpt>
      <trkpt lat="37.318436" lon="126.631331">
        <ele>3.0</ele>
      </trkpt>
      <trkpt lat="37.318450" lon="126.631384">
        <ele>3.0</ele>
      </trkpt>
      <trkpt lat="37.318465" lon="126.631438">
        <ele>3.0</ele>
      </trkpt>
      <trkpt lat="37.318480" lon="126.631491">
        <ele>3.0</ele>
      </trkpt>
      <trkpt lat="37.318495" lon="126.631545">
        <ele>3.0</ele>
      </trkpt>
      <trkpt lat="37.318510" lon="126.631598">
        <ele>3.0</ele>
      </trkpt>
      <trkpt lat="37.318525" lon="126.631651">
        <ele>3.0</ele>
      </trkpt>
      <trkpt lat="37.318540" lon="126.631705">
        <ele>3.0</ele>
      </trkpt>
      <trkpt lat="37.318554" lon="126.631758">
        <ele>3.0</ele>
      </trkpt>
      <trkpt lat="37.318569" lon="126.631811">
        <ele>3.0</ele>
      </trkpt>
      <trkpt lat="37.318584" lon="126.631865">
        <ele>3.0</ele>
      </trkpt>
      <trkpt lat="37.318599" lon="126.631918">
        <ele>3.0</ele>
      </trkpt>
      <trkpt lat="37.318614" lon="126.631971">
        <ele>3.0</ele>
      </trkpt>
      <trkpt lat="37.318629" lon="126.632025">
        <ele>3.0</ele>
      </trkpt>
      <trkpt lat="37.318644" lon="126.632078">
        <ele>3.0</ele>
      </trkpt>
      <trkpt lat="37.318658" lon="126.632132">
        <ele>3.0</ele>
      </trkpt>
      <trkpt lat="37.318673" lon="126.632185">
        <ele>3.0</ele>
      </trkpt>
      <trkpt lat="37.318688" lon="126.632238">
        <ele>3.0</ele>
      </trkpt>
      <trkpt lat="37.318703" lon="126.632292">
        <ele>3.0</ele>
      </trkpt>
      <trkpt lat="37.318718" lon="126.632345">
        <ele>3.0</ele>
      </trkpt>
      <trkpt lat="37.318732" lon="126.632399">
        <ele>3.0</ele>
      </trkpt>
      <trkpt lat="37.318746" lon="126.632448">
        <ele>3.0</ele>
      </trkpt>
      <trkpt lat="37.318760" lon="126.632502">
        <ele>3.0</ele>
      </trkpt>
      <trkpt lat="37.318775" lon="126.632555">
        <ele>3.0</ele>
      </trkpt>
      <trkpt lat="37.318789" lon="126.632609">
        <ele>3.0</ele>
      </trkpt>
      <trkpt lat="37.318804" lon="126.632662">
        <ele>3.0</ele>
      </trkpt>
      <trkpt lat="37.318818" lon="126.632716">
        <ele>3.0</ele>
      </trkpt>
      <trkpt lat="37.318833" lon="126.632769">
        <ele>3.0</ele>
      </trkpt>
      <trkpt lat="37.318848" lon="126.632823">
        <ele>3.0</ele>
      </trkpt>
      <trkpt lat="37.318862" lon="126.632876">
        <ele>3.0</ele>
      </trkpt>
      <trkpt lat="37.318877" lon="126.632930">
        <ele>3.0</ele>
      </trkpt>
      <trkpt lat="37.318891" lon="126.632983">
        <ele>3.0</ele>
      </trkpt>
      <trkpt lat="37.318906" lon="126.633037">
        <ele>3.0</ele>
      </trkpt>
      <trkpt lat="37.318920" lon="126.633090">
        <ele>3.0</ele>
      </trkpt>
      <trkpt lat="37.318935" lon="126.633144">
        <ele>3.0</ele>
      </trkpt>
      <trkpt lat="37.318949" lon="126.633197">
        <ele>3.0</ele>
      </trkpt>
      <trkpt lat="37.318964" lon="126.633251">
        <ele>3.0</ele>
      </trkpt>
      <trkpt lat="37.318978" lon="126.633304">
        <ele>3.0</ele>
      </trkpt>
      <trkpt lat="37.318993" lon="126.633358">
        <ele>3.0</ele>
      </trkpt>
      <trkpt lat="37.319007" lon="126.633411">
        <ele>3.0</ele>
      </trkpt>
      <trkpt lat="37.319022" lon="126.633465">
        <ele>3.0</ele>
      </trkpt>
      <trkpt lat="37.319037" lon="126.633518">
        <ele>3.0</ele>
      </trkpt>
      <trkpt lat="37.319051" lon="126.633572">
        <ele>3.0</ele>
      </trkpt>
      <trkpt lat="37.319066" lon="126.633625">
        <ele>3.0</ele>
      </trkpt>
      <trkpt lat="37.319080" lon="126.633679">
        <ele>3.0</ele>
      </trkpt>
      <trkpt lat="37.319095" lon="126.633732">
        <ele>3.0</ele>
      </trkpt>
      <trkpt lat="37.319109" lon="126.633786">
        <ele>3.0</ele>
      </trkpt>
      <trkpt lat="37.319124" lon="126.633839">
        <ele>3.0</ele>
      </trkpt>
      <trkpt lat="37.319139" lon="126.633893">
        <ele>3.0</ele>
      </trkpt>
      <trkpt lat="37.319154" lon="126.633946">
        <ele>3.0</ele>
      </trkpt>
      <trkpt lat="37.319169" lon="126.633999">
        <ele>3.0</ele>
      </trkpt>
      <trkpt lat="37.319184" lon="126.634053">
        <ele>3.0</ele>
      </trkpt>
      <trkpt lat="37.319199" lon="126.634106">
        <ele>3.0</ele>
      </trkpt>
      <trkpt lat="37.319214" lon="126.634159">
        <ele>3.0</ele>
      </trkpt>
      <trkpt lat="37.319229" lon="126.634213">
        <ele>3.0</ele>
      </trkpt>
      <trkpt lat="37.319244" lon="126.634266">
        <ele>3.0</ele>
      </trkpt>
      <trkpt lat="37.319259" lon="126.634319">
        <ele>3.0</ele>
      </trkpt>
      <trkpt lat="37.319274" lon="126.634372">
        <ele>3.0</ele>
      </trkpt>
      <trkpt lat="37.319289" lon="126.634426">
        <ele>3.0</ele>
      </trkpt>
      <trkpt lat="37.319304" lon="126.634479">
        <ele>3.0</ele>
      </trkpt>
      <trkpt lat="37.319319" lon="126.634532">
        <ele>3.0</ele>
      </trkpt>
      <trkpt lat="37.319334" lon="126.634586">
        <ele>3.0</ele>
      </trkpt>
      <trkpt lat="37.319349" lon="126.634639">
        <ele>3.0</ele>
      </trkpt>
      <trkpt lat="37.319364" lon="126.634692">
        <ele>3.0</ele>
      </trkpt>
      <trkpt lat="37.319379" lon="126.634746">
        <ele>3.0</ele>
      </trkpt>
      <trkpt lat="37.319394" lon="126.634799">
        <ele>3.0</ele>
      </trkpt>
      <trkpt lat="37.319409" lon="126.634852">
        <ele>3.0</ele>
      </trkpt>
      <trkpt lat="37.319424" lon="126.634905">
        <ele>3.0</ele>
      </trkpt>
      <trkpt lat="37.319439" lon="126.634959">
        <ele>3.0</ele>
      </trkpt>
      <trkpt lat="37.319454" lon="126.635012">
        <ele>3.0</ele>
      </trkpt>
      <trkpt lat="37.319469" lon="126.635065">
        <ele>3.0</ele>
      </trkpt>
      <trkpt lat="37.319484" lon="126.635119">
        <ele>3.0</ele>
      </trkpt>
      <trkpt lat="37.319499" lon="126.635172">
        <ele>3.0</ele>
      </trkpt>
      <trkpt lat="37.319514" lon="126.635225">
        <ele>3.0</ele>
      </trkpt>
      <trkpt lat="37.319529" lon="126.635278">
        <ele>3.0</ele>
      </trkpt>
      <trkpt lat="37.319544" lon="126.635332">
        <ele>3.0</ele>
      </trkpt>
      <trkpt lat="37.319559" lon="126.635385">
        <ele>3.0</ele>
      </trkpt>
      <trkpt lat="37.319574" lon="126.635438">
        <ele>3.0</ele>
      </trkpt>
      <trkpt lat="37.319589" lon="126.635492">
        <ele>3.0</ele>
      </trkpt>
      <trkpt lat="37.319604" lon="126.635545">
        <ele>3.0</ele>
      </trkpt>
      <trkpt lat="37.319619" lon="126.635598">
        <ele>3.0</ele>
      </trkpt>
      <trkpt lat="37.319634" lon="126.635652">
        <ele>3.0</ele>
      </trkpt>
      <trkpt lat="37.319649" lon="126.635705">
        <ele>3.0</ele>
      </trkpt>
      <trkpt lat="37.319664" lon="126.635758">
        <ele>3.0</ele>
      </trkpt>
      <trkpt lat="37.319679" lon="126.635811">
        <ele>3.0</ele>
      </trkpt>
      <trkpt lat="37.319694" lon="126.635865">
        <ele>3.0</ele>
      </trkpt>
      <trkpt lat="37.319709" lon="126.635918">
        <ele>3.0</ele>
      </trkpt>
      <trkpt lat="37.319724" lon="126.635972">
        <ele>3.0</ele>
      </trkpt>
      <trkpt lat="37.319739" lon="126.636025">
        <ele>3.1</ele>
      </trkpt>
      <trkpt lat="37.319753" lon="126.636078">
        <ele>3.1</ele>
      </trkpt>
      <trkpt lat="37.319768" lon="126.636132">
        <ele>3.1</ele>
      </trkpt>
      <trkpt lat="37.319783" lon="126.636185">
        <ele>3.1</ele>
      </trkpt>
      <trkpt lat="37.319797" lon="126.636239">
        <ele>3.2</ele>
      </trkpt>
      <trkpt lat="37.319812" lon="126.636292">
        <ele>3.2</ele>
      </trkpt>
      <trkpt lat="37.319827" lon="126.636346">
        <ele>3.2</ele>
      </trkpt>
      <trkpt lat="37.319842" lon="126.636399">
        <ele>3.2</ele>
      </trkpt>
      <trkpt lat="37.319856" lon="126.636452">
        <ele>3.3</ele>
      </trkpt>
      <trkpt lat="37.319871" lon="126.636506">
        <ele>3.3</ele>
      </trkpt>
      <trkpt lat="37.319886" lon="126.636559">
        <ele>3.3</ele>
      </trkpt>
      <trkpt lat="37.319900" lon="126.636613">
        <ele>3.3</ele>
      </trkpt>
      <trkpt lat="37.319915" lon="126.636666">
        <ele>3.3</ele>
      </trkpt>
      <trkpt lat="37.319930" lon="126.636720">
        <ele>3.4</ele>
      </trkpt>
      <trkpt lat="37.319945" lon="126.636773">
        <ele>3.4</ele>
      </trkpt>
      <trkpt lat="37.319959" lon="126.636826">
        <ele>3.4</ele>
      </trkpt>
      <trkpt lat="37.319974" lon="126.636880">
        <ele>3.4</ele>
      </trkpt>
      <trkpt lat="37.319989" lon="126.636933">
        <ele>3.5</ele>
      </trkpt>
      <trkpt lat="37.320004" lon="126.636987">
        <ele>3.5</ele>
      </trkpt>
      <trkpt lat="37.320018" lon="126.637040">
        <ele>3.5</ele>
      </trkpt>
      <trkpt lat="37.320033" lon="126.637094">
        <ele>3.5</ele>
      </trkpt>
      <trkpt lat="37.320048" lon="126.637147">
        <ele>3.6</ele>
      </trkpt>
      <trkpt lat="37.320062" lon="126.637200">
        <ele>3.6</ele>
      </trkpt>
      <trkpt lat="37.320077" lon="126.637254">
        <ele>3.6</ele>
      </trkpt>
      <trkpt lat="37.320092" lon="126.637307">
        <ele>3.6</ele>
      </trkpt>
      <trkpt lat="37.320107" lon="126.637361">
        <ele>3.7</ele>
      </trkpt>
      <trkpt lat="37.320121" lon="126.637414">
        <ele>3.7</ele>
      </trkpt>
      <trkpt lat="37.320136" lon="126.637468">
        <ele>3.7</ele>
      </trkpt>
      <trkpt lat="37.320151" lon="126.637521">
        <ele>3.7</ele>
      </trkpt>
      <trkpt lat="37.320165" lon="126.637574">
        <ele>3.7</ele>
      </trkpt>
      <trkpt lat="37.320180" lon="126.637628">
        <ele>3.8</ele>
      </trkpt>
      <trkpt lat="37.320195" lon="126.637681">
        <ele>3.8</ele>
      </trkpt>
      <trkpt lat="37.320210" lon="126.637735">
        <ele>3.8</ele>
      </trkpt>
      <trkpt lat="37.320224" lon="126.637788">
        <ele>3.8</ele>
      </trkpt>
      <trkpt lat="37.320239" lon="126.637842">
        <ele>3.9</ele>
      </trkpt>
      <trkpt lat="37.320254" lon="126.637895">
        <ele>3.9</ele>
      </trkpt>
      <trkpt lat="37.320268" lon="126.637948">
        <ele>3.9</ele>
      </trkpt>
      <trkpt lat="37.320283" lon="126.638002">
        <ele>3.9</ele>
      </trkpt>
      <trkpt lat="37.320298" lon="126.638055">
        <ele>4.0</ele>
      </trkpt>
      <trkpt lat="37.320313" lon="126.638109">
        <ele>4.0</ele>
      </trkpt>
      <trkpt lat="37.320327" lon="126.638162">
        <ele>4.0</ele>
      </trkpt>
      <trkpt lat="37.320342" lon="126.638216">
        <ele>4.0</ele>
      </trkpt>
      <trkpt lat="37.320357" lon="126.638269">
        <ele>4.1</ele>
      </trkpt>
      <trkpt lat="37.320372" lon="126.638322">
        <ele>4.1</ele>
      </trkpt>
      <trkpt lat="37.320386" lon="126.638376">
        <ele>4.1</ele>
      </trkpt>
      <trkpt lat="37.320401" lon="126.638429">
        <ele>4.1</ele>
      </trkpt>
      <trkpt lat="37.320416" lon="126.638483">
        <ele>4.1</ele>
      </trkpt>
      <trkpt lat="37.320430" lon="126.638536">
        <ele>4.2</ele>
      </trkpt>
      <trkpt lat="37.320445" lon="126.638589">
        <ele>4.2</ele>
      </trkpt>
      <trkpt lat="37.320460" lon="126.638643">
        <ele>4.2</ele>
      </trkpt>
      <trkpt lat="37.320475" lon="126.638696">
        <ele>4.2</ele>
      </trkpt>
      <trkpt lat="37.320489" lon="126.638750">
        <ele>4.3</ele>
      </trkpt>
      <trkpt lat="37.320504" lon="126.638803">
        <ele>4.3</ele>
      </trkpt>
      <trkpt lat="37.320519" lon="126.638857">
        <ele>4.3</ele>
      </trkpt>
      <trkpt lat="37.320533" lon="126.638910">
        <ele>4.3</ele>
      </trkpt>
      <trkpt lat="37.320548" lon="126.638963">
        <ele>4.4</ele>
      </trkpt>
      <trkpt lat="37.320563" lon="126.639017">
        <ele>4.4</ele>
      </trkpt>
      <trkpt lat="37.320578" lon="126.639070">
        <ele>4.4</ele>
      </trkpt>
      <trkpt lat="37.320592" lon="126.639124">
        <ele>4.4</ele>
      </trkpt>
      <trkpt lat="37.320607" lon="126.639177">
        <ele>4.5</ele>
      </trkpt>
      <trkpt lat="37.320622" lon="126.639231">
        <ele>4.5</ele>
      </trkpt>
      <trkpt lat="37.320636" lon="126.639284">
        <ele>4.5</ele>
      </trkpt>
      <trkpt lat="37.320651" lon="126.639337">
        <ele>4.5</ele>
      </trkpt>
      <trkpt lat="37.320666" lon="126.639391">
        <ele>4.5</ele>
      </trkpt>
      <trkpt lat="37.320681" lon="126.639444">
        <ele>4.6</ele>
      </trkpt>
      <trkpt lat="37.320695" lon="126.639498">
        <ele>4.6</ele>
      </trkpt>
      <trkpt lat="37.320710" lon="126.639551">
        <ele>4.6</ele>
      </trkpt>
      <trkpt lat="37.320725" lon="126.639605">
        <ele>4.6</ele>
      </trkpt>
      <trkpt lat="37.320740" lon="126.639658">
        <ele>4.7</ele>
      </trkpt>
      <trkpt lat="37.320754" lon="126.639711">
        <ele>4.7</ele>
      </trkpt>
      <trkpt lat="37.320769" lon="126.639765">
        <ele>4.7</ele>
      </trkpt>
      <trkpt lat="37.320784" lon="126.639818">
        <ele>4.7</ele>
      </trkpt>
      <trkpt lat="37.320798" lon="126.639872">
        <ele>4.8</ele>
      </trkpt>
      <trkpt lat="37.320813" lon="126.639925">
        <ele>4.8</ele>
      </trkpt>
      <trkpt lat="37.320828" lon="126.639979">
        <ele>4.8</ele>
      </trkpt>
      <trkpt lat="37.320843" lon="126.640032">
        <ele>4.8</ele>
      </trkpt>
      <trkpt lat="37.320857" lon="126.640085">
        <ele>4.8</ele>
      </trkpt>
      <trkpt lat="37.320872" lon="126.640139">
        <ele>4.7</ele>
      </trkpt>
      <trkpt lat="37.320887" lon="126.640192">
        <ele>4.7</ele>
      </trkpt>
      <trkpt lat="37.320902" lon="126.640246">
        <ele>4.7</ele>
      </trkpt>
      <trkpt lat="37.320917" lon="126.640299">
        <ele>4.7</ele>
      </trkpt>
      <trkpt lat="37.320931" lon="126.640352">
        <ele>4.7</ele>
      </trkpt>
      <trkpt lat="37.320946" lon="126.640406">
        <ele>4.7</ele>
      </trkpt>
      <trkpt lat="37.320961" lon="126.640459">
        <ele>4.7</ele>
      </trkpt>
      <trkpt lat="37.320976" lon="126.640513">
        <ele>4.6</ele>
      </trkpt>
      <trkpt lat="37.320991" lon="126.640566">
        <ele>4.6</ele>
      </trkpt>
      <trkpt lat="37.321005" lon="126.640619">
        <ele>4.6</ele>
      </trkpt>
      <trkpt lat="37.321020" lon="126.640673">
        <ele>4.6</ele>
      </trkpt>
      <trkpt lat="37.321035" lon="126.640726">
        <ele>4.6</ele>
      </trkpt>
      <trkpt lat="37.321050" lon="126.640780">
        <ele>4.6</ele>
      </trkpt>
      <trkpt lat="37.321064" lon="126.640833">
        <ele>4.5</ele>
      </trkpt>
      <trkpt lat="37.321079" lon="126.640886">
        <ele>4.5</ele>
      </trkpt>
      <trkpt lat="37.321094" lon="126.640940">
        <ele>4.5</ele>
      </trkpt>
      <trkpt lat="37.321109" lon="126.640993">
        <ele>4.5</ele>
      </trkpt>
      <trkpt lat="37.321124" lon="126.641047">
        <ele>4.5</ele>
      </trkpt>
      <trkpt lat="37.321138" lon="126.641100">
        <ele>4.5</ele>
      </trkpt>
      <trkpt lat="37.321153" lon="126.641153">
        <ele>4.5</ele>
      </trkpt>
      <trkpt lat="37.321168" lon="126.641207">
        <ele>4.4</ele>
      </trkpt>
      <trkpt lat="37.321183" lon="126.641260">
        <ele>4.4</ele>
      </trkpt>
      <trkpt lat="37.321198" lon="126.641314">
        <ele>4.4</ele>
      </trkpt>
      <trkpt lat="37.321212" lon="126.641367">
        <ele>4.4</ele>
      </trkpt>
      <trkpt lat="37.321227" lon="126.641420">
        <ele>4.4</ele>
      </trkpt>
      <trkpt lat="37.321242" lon="126.641474">
        <ele>4.4</ele>
      </trkpt>
      <trkpt lat="37.321257" lon="126.641527">
        <ele>4.3</ele>
      </trkpt>
      <trkpt lat="37.321272" lon="126.641581">
        <ele>4.3</ele>
      </trkpt>
      <trkpt lat="37.321286" lon="126.641634">
        <ele>4.3</ele>
      </trkpt>
      <trkpt lat="37.321301" lon="126.641687">
        <ele>4.3</ele>
      </trkpt>
      <trkpt lat="37.321316" lon="126.641741">
        <ele>4.3</ele>
      </trkpt>
      <trkpt lat="37.321331" lon="126.641794">
        <ele>4.3</ele>
      </trkpt>
      <trkpt lat="37.321345" lon="126.641848">
        <ele>4.3</ele>
      </trkpt>
      <trkpt lat="37.321360" lon="126.641901">
        <ele>4.2</ele>
      </trkpt>
      <trkpt lat="37.321375" lon="126.641954">
        <ele>4.2</ele>
      </trkpt>
      <trkpt lat="37.321390" lon="126.642008">
        <ele>4.2</ele>
      </trkpt>
      <trkpt lat="37.321405" lon="126.642061">
        <ele>4.2</ele>
      </trkpt>
      <trkpt lat="37.321419" lon="126.642115">
        <ele>4.2</ele>
      </trkpt>
      <trkpt lat="37.321434" lon="126.642168">
        <ele>4.2</ele>
      </trkpt>
      <trkpt lat="37.321449" lon="126.642221">
        <ele>4.1</ele>
      </trkpt>
      <trkpt lat="37.321464" lon="126.642275">
        <ele>4.1</ele>
      </trkpt>
      <trkpt lat="37.321479" lon="126.642328">
        <ele>4.1</ele>
      </trkpt>
      <trkpt lat="37.321493" lon="126.642382">
        <ele>4.1</ele>
      </trkpt>
      <trkpt lat="37.321508" lon="126.642435">
        <ele>4.1</ele>
      </trkpt>
      <trkpt lat="37.321523" lon="126.642488">
        <ele>4.1</ele>
      </trkpt>
      <trkpt lat="37.321538" lon="126.642542">
        <ele>4.1</ele>
      </trkpt>
      <trkpt lat="37.321552" lon="126.642595">
        <ele>4.0</ele>
      </trkpt>
      <trkpt lat="37.321567" lon="126.642649">
        <ele>4.0</ele>
      </trkpt>
      <trkpt lat="37.321582" lon="126.642702">
        <ele>4.0</ele>
      </trkpt>
      <trkpt lat="37.321597" lon="126.642755">
        <ele>4.0</ele>
      </trkpt>
      <trkpt lat="37.321612" lon="126.642809">
        <ele>4.0</ele>
      </trkpt>
      <trkpt lat="37.321626" lon="126.642862">
        <ele>4.0</ele>
      </trkpt>
      <trkpt lat="37.321641" lon="126.642916">
        <ele>3.9</ele>
      </trkpt>
      <trkpt lat="37.321656" lon="126.642969">
        <ele>3.9</ele>
      </trkpt>
      <trkpt lat="37.321671" lon="126.643022">
        <ele>3.9</ele>
      </trkpt>
      <trkpt lat="37.321686" lon="126.643076">
        <ele>3.9</ele>
      </trkpt>
      <trkpt lat="37.321700" lon="126.643129">
        <ele>3.9</ele>
      </trkpt>
      <trkpt lat="37.321715" lon="126.643183">
        <ele>3.9</ele>
      </trkpt>
      <trkpt lat="37.321730" lon="126.643236">
        <ele>3.9</ele>
      </trkpt>
      <trkpt lat="37.321745" lon="126.643289">
        <ele>3.8</ele>
      </trkpt>
      <trkpt lat="37.321760" lon="126.643343">
        <ele>3.8</ele>
      </trkpt>
      <trkpt lat="37.321774" lon="126.643396">
        <ele>3.8</ele>
      </trkpt>
      <trkpt lat="37.321789" lon="126.643449">
        <ele>3.8</ele>
      </trkpt>
      <trkpt lat="37.321804" lon="126.643503">
        <ele>3.8</ele>
      </trkpt>
      <trkpt lat="37.321819" lon="126.643556">
        <ele>3.8</ele>
      </trkpt>
      <trkpt lat="37.321833" lon="126.643610">
        <ele>3.7</ele>
      </trkpt>
      <trkpt lat="37.321848" lon="126.643663">
        <ele>3.7</ele>
      </trkpt>
      <trkpt lat="37.321863" lon="126.643716">
        <ele>3.7</ele>
      </trkpt>
      <trkpt lat="37.321878" lon="126.643770">
        <ele>3.7</ele>
      </trkpt>
      <trkpt lat="37.321893" lon="126.643823">
        <ele>3.7</ele>
      </trkpt>
      <trkpt lat="37.321907" lon="126.643877">
        <ele>3.7</ele>
      </trkpt>
      <trkpt lat="37.321922" lon="126.643930">
        <ele>3.7</ele>
      </trkpt>
      <trkpt lat="37.321937" lon="126.643983">
        <ele>3.6</ele>
      </trkpt>
      <trkpt lat="37.321952" lon="126.644037">
        <ele>3.6</ele>
      </trkpt>
      <trkpt lat="37.321967" lon="126.644090">
        <ele>3.6</ele>
      </trkpt>
      <trkpt lat="37.321981" lon="126.644144">
        <ele>3.6</ele>
      </trkpt>
      <trkpt lat="37.321996" lon="126.644197">
        <ele>3.6</ele>
      </trkpt>
      <trkpt lat="37.322011" lon="126.644250">
        <ele>3.6</ele>
      </trkpt>
      <trkpt lat="37.322026" lon="126.644304">
        <ele>3.5</ele>
      </trkpt>
      <trkpt lat="37.322040" lon="126.644357">
        <ele>3.5</ele>
      </trkpt>
      <trkpt lat="37.322055" lon="126.644411">
        <ele>3.5</ele>
      </trkpt>
      <trkpt lat="37.322070" lon="126.644464">
        <ele>3.5</ele>
      </trkpt>
      <trkpt lat="37.322085" lon="126.644517">
        <ele>3.5</ele>
      </trkpt>
      <trkpt lat="37.322100" lon="126.644571">
        <ele>3.5</ele>
      </trkpt>
      <trkpt lat="37.322114" lon="126.644624">
        <ele>3.5</ele>
      </trkpt>
      <trkpt lat="37.322129" lon="126.644678">
        <ele>3.4</ele>
      </trkpt>
      <trkpt lat="37.322144" lon="126.644731">
        <ele>3.4</ele>
      </trkpt>
      <trkpt lat="37.322159" lon="126.644784">
        <ele>3.4</ele>
      </trkpt>
      <trkpt lat="37.322174" lon="126.644838">
        <ele>3.4</ele>
      </trkpt>
      <trkpt lat="37.322188" lon="126.644891">
        <ele>3.4</ele>
      </trkpt>
      <trkpt lat="37.322203" lon="126.644945">
        <ele>3.4</ele>
      </trkpt>
      <trkpt lat="37.322218" lon="126.644998">
        <ele>3.3</ele>
      </trkpt>
      <trkpt lat="37.322233" lon="126.645051">
        <ele>3.3</ele>
      </trkpt>
      <trkpt lat="37.322248" lon="126.645105">
        <ele>3.3</ele>
      </trkpt>
      <trkpt lat="37.322262" lon="126.645158">
        <ele>3.3</ele>
      </trkpt>
      <trkpt lat="37.322275" lon="126.645205">
        <ele>3.5</ele>
      </trkpt>
      <trkpt lat="37.322290" lon="126.645258">
        <ele>3.5</ele>
      </trkpt>
      <trkpt lat="37.322305" lon="126.645311">
        <ele>3.5</ele>
      </trkpt>
      <trkpt lat="37.322320" lon="126.645365">
        <ele>3.5</ele>
      </trkpt>
      <trkpt lat="37.322334" lon="126.645418">
        <ele>3.5</ele>
      </trkpt>
      <trkpt lat="37.322349" lon="126.645472">
        <ele>3.5</ele>
      </trkpt>
      <trkpt lat="37.322364" lon="126.645525">
        <ele>3.5</ele>
      </trkpt>
      <trkpt lat="37.322379" lon="126.645578">
        <ele>3.5</ele>
      </trkpt>
      <trkpt lat="37.322394" lon="126.645632">
        <ele>3.5</ele>
      </trkpt>
      <trkpt lat="37.322408" lon="126.645685">
        <ele>3.5</ele>
      </trkpt>
      <trkpt lat="37.322423" lon="126.645739">
        <ele>3.5</ele>
      </trkpt>
      <trkpt lat="37.322438" lon="126.645792">
        <ele>3.5</ele>
      </trkpt>
      <trkpt lat="37.322453" lon="126.645845">
        <ele>3.4</ele>
      </trkpt>
      <trkpt lat="37.322467" lon="126.645899">
        <ele>3.4</ele>
      </trkpt>
      <trkpt lat="37.322482" lon="126.645952">
        <ele>3.4</ele>
      </trkpt>
      <trkpt lat="37.322497" lon="126.646005">
        <ele>3.4</ele>
      </trkpt>
      <trkpt lat="37.322512" lon="126.646059">
        <ele>3.4</ele>
      </trkpt>
      <trkpt lat="37.322527" lon="126.646112">
        <ele>3.4</ele>
      </trkpt>
      <trkpt lat="37.322541" lon="126.646166">
        <ele>3.4</ele>
      </trkpt>
      <trkpt lat="37.322556" lon="126.646219">
        <ele>3.4</ele>
      </trkpt>
      <trkpt lat="37.322571" lon="126.646272">
        <ele>3.4</ele>
      </trkpt>
      <trkpt lat="37.322586" lon="126.646326">
        <ele>3.4</ele>
      </trkpt>
      <trkpt lat="37.322601" lon="126.646379">
        <ele>3.4</ele>
      </trkpt>
      <trkpt lat="37.322615" lon="126.646433">
        <ele>3.4</ele>
      </trkpt>
      <trkpt lat="37.322630" lon="126.646486">
        <ele>3.4</ele>
      </trkpt>
      <trkpt lat="37.322645" lon="126.646539">
        <ele>3.4</ele>
      </trkpt>
      <trkpt lat="37.322660" lon="126.646593">
        <ele>3.4</ele>
      </trkpt>
      <trkpt lat="37.322675" lon="126.646646">
        <ele>3.4</ele>
      </trkpt>
      <trkpt lat="37.322689" lon="126.646700">
        <ele>3.4</ele>
      </trkpt>
      <trkpt lat="37.322704" lon="126.646753">
        <ele>3.4</ele>
      </trkpt>
      <trkpt lat="37.322719" lon="126.646806">
        <ele>3.4</ele>
      </trkpt>
      <trkpt lat="37.322734" lon="126.646860">
        <ele>3.4</ele>
      </trkpt>
      <trkpt lat="37.322749" lon="126.646913">
        <ele>3.4</ele>
      </trkpt>
      <trkpt lat="37.322763" lon="126.646967">
        <ele>3.4</ele>
      </trkpt>
      <trkpt lat="37.322778" lon="126.647020">
        <ele>3.4</ele>
      </trkpt>
      <trkpt lat="37.322793" lon="126.647073">
        <ele>3.4</ele>
      </trkpt>
      <trkpt lat="37.322808" lon="126.647127">
        <ele>3.3</ele>
      </trkpt>
      <trkpt lat="37.322823" lon="126.647180">
        <ele>3.3</ele>
      </trkpt>
      <trkpt lat="37.322837" lon="126.647234">
        <ele>3.3</ele>
      </trkpt>
      <trkpt lat="37.322852" lon="126.647287">
        <ele>3.3</ele>
      </trkpt>
      <trkpt lat="37.322867" lon="126.647340">
        <ele>3.3</ele>
      </trkpt>
      <trkpt lat="37.322882" lon="126.647394">
        <ele>3.3</ele>
      </trkpt>
      <trkpt lat="37.322897" lon="126.647447">
        <ele>3.3</ele>
      </trkpt>
      <trkpt lat="37.322911" lon="126.647501">
        <ele>3.3</ele>
      </trkpt>
      <trkpt lat="37.322926" lon="126.647554">
        <ele>3.3</ele>
      </trkpt>
      <trkpt lat="37.322941" lon="126.647607">
        <ele>3.3</ele>
      </trkpt>
      <trkpt lat="37.322956" lon="126.647661">
        <ele>3.3</ele>
      </trkpt>
      <trkpt lat="37.322971" lon="126.647714">
        <ele>3.3</ele>
      </trkpt>
      <trkpt lat="37.322986" lon="126.647767">
        <ele>3.3</ele>
      </trkpt>
      <trkpt lat="37.323000" lon="126.647821">
        <ele>3.3</ele>
      </trkpt>
      <trkpt lat="37.323015" lon="126.647874">
        <ele>3.3</ele>
      </trkpt>
      <trkpt lat="37.323030" lon="126.647927">
        <ele>3.3</ele>
      </trkpt>
      <trkpt lat="37.323045" lon="126.647981">
        <ele>3.3</ele>
      </trkpt>
      <trkpt lat="37.323060" lon="126.648034">
        <ele>3.3</ele>
      </trkpt>
      <trkpt lat="37.323075" lon="126.648087">
        <ele>3.3</ele>
      </trkpt>
      <trkpt lat="37.323090" lon="126.648141">
        <ele>3.3</ele>
      </trkpt>
      <trkpt lat="37.323105" lon="126.648194">
        <ele>3.3</ele>
      </trkpt>
      <trkpt lat="37.323120" lon="126.648247">
        <ele>3.3</ele>
      </trkpt>
      <trkpt lat="37.323135" lon="126.648301">
        <ele>3.3</ele>
      </trkpt>
      <trkpt lat="37.323150" lon="126.648354">
        <ele>3.2</ele>
      </trkpt>
      <trkpt lat="37.323165" lon="126.648407">
        <ele>3.2</ele>
      </trkpt>
      <trkpt lat="37.323180" lon="126.648461">
        <ele>3.2</ele>
      </trkpt>
      <trkpt lat="37.323195" lon="126.648514">
        <ele>3.2</ele>
      </trkpt>
      <trkpt lat="37.323210" lon="126.648567">
        <ele>3.2</ele>
      </trkpt>
      <trkpt lat="37.323225" lon="126.648621">
        <ele>3.2</ele>
      </trkpt>
      <trkpt lat="37.323240" lon="126.648674">
        <ele>3.2</ele>
      </trkpt>
      <trkpt lat="37.323255" lon="126.648727">
        <ele>3.2</ele>
      </trkpt>
      <trkpt lat="37.323270" lon="126.648781">
        <ele>3.2</ele>
      </trkpt>
      <trkpt lat="37.323285" lon="126.648834">
        <ele>3.2</ele>
      </trkpt>
      <trkpt lat="37.323299" lon="126.648887">
        <ele>3.2</ele>
      </trkpt>
      <trkpt lat="37.323314" lon="126.648941">
        <ele>3.2</ele>
      </trkpt>
      <trkpt lat="37.323329" lon="126.648994">
        <ele>3.2</ele>
      </trkpt>
      <trkpt lat="37.323344" lon="126.649047">
        <ele>3.2</ele>
      </trkpt>
      <trkpt lat="37.323359" lon="126.649101">
        <ele>3.2</ele>
      </trkpt>
      <trkpt lat="37.323374" lon="126.649154">
        <ele>3.2</ele>
      </trkpt>
      <trkpt lat="37.323389" lon="126.649207">
        <ele>3.2</ele>
      </trkpt>
      <trkpt lat="37.323404" lon="126.649261">
        <ele>3.2</ele>
      </trkpt>
      <trkpt lat="37.323419" lon="126.649314">
        <ele>3.2</ele>
      </trkpt>
      <trkpt lat="37.323434" lon="126.649367">
        <ele>3.2</ele>
      </trkpt>
      <trkpt lat="37.323449" lon="126.649421">
        <ele>3.2</ele>
      </trkpt>
      <trkpt lat="37.323464" lon="126.649474">
        <ele>3.2</ele>
      </trkpt>
      <trkpt lat="37.323479" lon="126.649527">
        <ele>3.2</ele>
      </trkpt>
      <trkpt lat="37.323494" lon="126.649581">
        <ele>3.2</ele>
      </trkpt>
      <trkpt lat="37.323509" lon="126.649634">
        <ele>3.1</ele>
      </trkpt>
      <trkpt lat="37.323524" lon="126.649687">
        <ele>3.1</ele>
      </trkpt>
      <trkpt lat="37.323539" lon="126.649741">
        <ele>3.1</ele>
      </trkpt>
      <trkpt lat="37.323554" lon="126.649794">
        <ele>3.1</ele>
      </trkpt>
      <trkpt lat="37.323569" lon="126.649847">
        <ele>3.1</ele>
      </trkpt>
      <trkpt lat="37.323583" lon="126.649901">
        <ele>3.1</ele>
      </trkpt>
      <trkpt lat="37.323598" lon="126.649954">
        <ele>3.1</ele>
      </trkpt>
      <trkpt lat="37.323613" lon="126.650007">
        <ele>3.1</ele>
      </trkpt>
      <trkpt lat="37.323628" lon="126.650061">
        <ele>3.1</ele>
      </trkpt>
      <trkpt lat="37.323643" lon="126.650114">
        <ele>3.1</ele>
      </trkpt>
      <trkpt lat="37.323658" lon="126.650167">
        <ele>3.1</ele>
      </trkpt>
      <trkpt lat="37.323673" lon="126.650221">
        <ele>3.1</ele>
      </trkpt>
      <trkpt lat="37.323688" lon="126.650274">
        <ele>3.1</ele>
      </trkpt>
      <trkpt lat="37.323703" lon="126.650327">
        <ele>3.1</ele>
      </trkpt>
      <trkpt lat="37.323718" lon="126.650381">
        <ele>3.1</ele>
      </trkpt>
      <trkpt lat="37.323733" lon="126.650434">
        <ele>3.1</ele>
      </trkpt>
      <trkpt lat="37.323748" lon="126.650487">
        <ele>3.1</ele>
      </trkpt>
      <trkpt lat="37.323763" lon="126.650541">
        <ele>3.1</ele>
      </trkpt>
      <trkpt lat="37.323778" lon="126.650594">
        <ele>3.1</ele>
      </trkpt>
      <trkpt lat="37.323793" lon="126.650647">
        <ele>3.1</ele>
      </trkpt>
      <trkpt lat="37.323808" lon="126.650701">
        <ele>3.1</ele>
      </trkpt>
      <trkpt lat="37.323823" lon="126.650754">
        <ele>3.1</ele>
      </trkpt>
      <trkpt lat="37.323838" lon="126.650807">
        <ele>3.1</ele>
      </trkpt>
      <trkpt lat="37.323853" lon="126.650861">
        <ele>3.1</ele>
      </trkpt>
      <trkpt lat="37.323867" lon="126.650914">
        <ele>3.0</ele>
      </trkpt>
      <trkpt lat="37.323882" lon="126.650967">
        <ele>3.0</ele>
      </trkpt>
      <trkpt lat="37.323897" lon="126.651021">
        <ele>3.0</ele>
      </trkpt>
      <trkpt lat="37.323912" lon="126.651074">
        <ele>3.0</ele>
      </trkpt>
      <trkpt lat="37.323927" lon="126.651127">
        <ele>3.0</ele>
      </trkpt>
      <trkpt lat="37.323942" lon="126.651181">
        <ele>3.0</ele>
      </trkpt>
      <trkpt lat="37.323957" lon="126.651234">
        <ele>3.0</ele>
      </trkpt>
      <trkpt lat="37.323972" lon="126.651287">
        <ele>3.0</ele>
      </trkpt>
      <trkpt lat="37.323987" lon="126.651341">
        <ele>3.0</ele>
      </trkpt>
      <trkpt lat="37.324002" lon="126.651394">
        <ele>3.0</ele>
      </trkpt>
      <trkpt lat="37.324017" lon="126.651447">
        <ele>3.0</ele>
      </trkpt>
      <trkpt lat="37.324032" lon="126.651501">
        <ele>3.0</ele>
      </trkpt>
      <trkpt lat="37.324047" lon="126.651554">
        <ele>3.0</ele>
      </trkpt>
      <trkpt lat="37.324062" lon="126.651607">
        <ele>3.0</ele>
      </trkpt>
      <trkpt lat="37.324077" lon="126.651661">
        <ele>3.0</ele>
      </trkpt>
      <trkpt lat="37.324092" lon="126.651714">
        <ele>3.0</ele>
      </trkpt>
      <trkpt lat="37.324107" lon="126.651767">
        <ele>3.0</ele>
      </trkpt>
      <trkpt lat="37.324122" lon="126.651821">
        <ele>3.0</ele>
      </trkpt>
      <trkpt lat="37.324137" lon="126.651874">
        <ele>3.0</ele>
      </trkpt>
      <trkpt lat="37.324152" lon="126.651927">
        <ele>3.0</ele>
      </trkpt>
      <trkpt lat="37.324166" lon="126.651980">
        <ele>3.0</ele>
      </trkpt>
      <trkpt lat="37.324181" lon="126.652034">
        <ele>3.0</ele>
      </trkpt>
      <trkpt lat="37.324196" lon="126.652087">
        <ele>3.0</ele>
      </trkpt>
      <trkpt lat="37.324211" lon="126.652140">
        <ele>3.0</ele>
      </trkpt>
      <trkpt lat="37.324226" lon="126.652194">
        <ele>2.9</ele>
      </trkpt>
      <trkpt lat="37.324241" lon="126.652247">
        <ele>2.9</ele>
      </trkpt>
      <trkpt lat="37.324256" lon="126.652300">
        <ele>2.9</ele>
      </trkpt>
      <trkpt lat="37.324271" lon="126.652354">
        <ele>2.9</ele>
      </trkpt>
      <trkpt lat="37.324286" lon="126.652407">
        <ele>2.9</ele>
      </trkpt>
      <trkpt lat="37.324301" lon="126.652460">
        <ele>2.9</ele>
      </trkpt>
      <trkpt lat="37.324316" lon="126.652514">
        <ele>2.9</ele>
      </trkpt>
      <trkpt lat="37.324331" lon="126.652567">
        <ele>2.9</ele>
      </trkpt>
      <trkpt lat="37.324346" lon="126.652620">
        <ele>2.9</ele>
      </trkpt>
      <trkpt lat="37.324361" lon="126.652674">
        <ele>2.9</ele>
      </trkpt>
      <trkpt lat="37.324376" lon="126.652727">
        <ele>2.9</ele>
      </trkpt>
      <trkpt lat="37.324391" lon="126.652780">
        <ele>2.9</ele>
      </trkpt>
      <trkpt lat="37.324406" lon="126.652834">
        <ele>2.9</ele>
      </trkpt>
      <trkpt lat="37.324421" lon="126.652887">
        <ele>2.9</ele>
      </trkpt>
      <trkpt lat="37.324436" lon="126.652940">
        <ele>2.9</ele>
      </trkpt>
      <trkpt lat="37.324450" lon="126.652994">
        <ele>2.9</ele>
      </trkpt>
      <trkpt lat="37.324465" lon="126.653047">
        <ele>2.9</ele>
      </trkpt>
      <trkpt lat="37.324480" lon="126.653100">
        <ele>2.9</ele>
      </trkpt>
      <trkpt lat="37.324495" lon="126.653154">
        <ele>2.9</ele>
      </trkpt>
      <trkpt lat="37.324510" lon="126.653207">
        <ele>2.9</ele>
      </trkpt>
      <trkpt lat="37.324525" lon="126.653260">
        <ele>2.9</ele>
      </trkpt>
      <trkpt lat="37.324540" lon="126.653314">
        <ele>2.9</ele>
      </trkpt>
      <trkpt lat="37.324555" lon="126.653367">
        <ele>2.9</ele>
      </trkpt>
      <trkpt lat="37.324570" lon="126.653420">
        <ele>2.9</ele>
      </trkpt>
      <trkpt lat="37.324585" lon="126.653474">
        <ele>2.8</ele>
      </trkpt>
      <trkpt lat="37.324600" lon="126.653527">
        <ele>2.8</ele>
      </trkpt>
      <trkpt lat="37.324615" lon="126.653580">
        <ele>2.8</ele>
      </trkpt>
      <trkpt lat="37.324630" lon="126.653634">
        <ele>2.8</ele>
      </trkpt>
      <trkpt lat="37.324645" lon="126.653687">
        <ele>2.8</ele>
      </trkpt>
      <trkpt lat="37.324660" lon="126.653740">
        <ele>2.8</ele>
      </trkpt>
      <trkpt lat="37.324675" lon="126.653794">
        <ele>2.8</ele>
      </trkpt>
      <trkpt lat="37.324690" lon="126.653847">
        <ele>2.8</ele>
      </trkpt>
      <trkpt lat="37.324705" lon="126.653900">
        <ele>2.8</ele>
      </trkpt>
      <trkpt lat="37.324720" lon="126.653954">
        <ele>2.8</ele>
      </trkpt>
      <trkpt lat="37.324734" lon="126.654007">
        <ele>2.8</ele>
      </trkpt>
      <trkpt lat="37.324749" lon="126.654060">
        <ele>2.8</ele>
      </trkpt>
      <trkpt lat="37.324764" lon="126.654114">
        <ele>2.8</ele>
      </trkpt>
      <trkpt lat="37.324779" lon="126.654167">
        <ele>2.8</ele>
      </trkpt>
      <trkpt lat="37.324794" lon="126.654221">
        <ele>2.8</ele>
      </trkpt>
      <trkpt lat="37.324808" lon="126.654274">
        <ele>2.8</ele>
      </trkpt>
      <trkpt lat="37.324823" lon="126.654328">
        <ele>2.7</ele>
      </trkpt>
      <trkpt lat="37.324837" lon="126.654381">
        <ele>2.7</ele>
      </trkpt>
      <trkpt lat="37.324852" lon="126.654435">
        <ele>2.7</ele>
      </trkpt>
      <trkpt lat="37.324867" lon="126.654488">
        <ele>2.7</ele>
      </trkpt>
      <trkpt lat="37.324881" lon="126.654542">
        <ele>2.7</ele>
      </trkpt>
      <trkpt lat="37.324896" lon="126.654595">
        <ele>2.7</ele>
      </trkpt>
      <trkpt lat="37.324910" lon="126.654648">
        <ele>2.7</ele>
      </trkpt>
      <trkpt lat="37.324925" lon="126.654702">
        <ele>2.6</ele>
      </trkpt>
      <trkpt lat="37.324940" lon="126.654755">
        <ele>2.6</ele>
      </trkpt>
      <trkpt lat="37.324954" lon="126.654809">
        <ele>2.6</ele>
      </trkpt>
      <trkpt lat="37.324969" lon="126.654862">
        <ele>2.6</ele>
      </trkpt>
      <trkpt lat="37.324984" lon="126.654916">
        <ele>2.6</ele>
      </trkpt>
      <trkpt lat="37.324998" lon="126.654969">
        <ele>2.6</ele>
      </trkpt>
      <trkpt lat="37.325013" lon="126.655023">
        <ele>2.6</ele>
      </trkpt>
      <trkpt lat="37.325027" lon="126.655076">
        <ele>2.5</ele>
      </trkpt>
      <trkpt lat="37.325042" lon="126.655130">
        <ele>2.5</ele>
      </trkpt>
      <trkpt lat="37.325057" lon="126.655183">
        <ele>2.5</ele>
      </trkpt>
      <trkpt lat="37.325071" lon="126.655237">
        <ele>2.5</ele>
      </trkpt>
      <trkpt lat="37.325088" lon="126.655289">
        <ele>2.5</ele>
      </trkpt>
      <trkpt lat="37.325104" lon="126.655342">
        <ele>2.6</ele>
      </trkpt>
      <trkpt lat="37.325121" lon="126.655394">
        <ele>2.6</ele>
      </trkpt>
      <trkpt lat="37.325137" lon="126.655447">
        <ele>2.6</ele>
      </trkpt>
      <trkpt lat="37.325154" lon="126.655500">
        <ele>2.7</ele>
      </trkpt>
      <trkpt lat="37.325170" lon="126.655552">
        <ele>2.7</ele>
      </trkpt>
      <trkpt lat="37.325187" lon="126.655605">
        <ele>2.7</ele>
      </trkpt>
      <trkpt lat="37.325203" lon="126.655657">
        <ele>2.8</ele>
      </trkpt>
      <trkpt lat="37.325219" lon="126.655710">
        <ele>2.8</ele>
      </trkpt>
      <trkpt lat="37.325234" lon="126.655764">
        <ele>2.8</ele>
      </trkpt>
      <trkpt lat="37.325249" lon="126.655817">
        <ele>2.7</ele>
      </trkpt>
      <trkpt lat="37.325264" lon="126.655870">
        <ele>2.7</ele>
      </trkpt>
      <trkpt lat="37.325279" lon="126.655924">
        <ele>2.7</ele>
      </trkpt>
      <trkpt lat="37.325294" lon="126.655977">
        <ele>2.7</ele>
      </trkpt>
      <trkpt lat="37.325309" lon="126.656030">
        <ele>2.7</ele>
      </trkpt>
      <trkpt lat="37.325324" lon="126.656084">
        <ele>2.6</ele>
      </trkpt>
      <trkpt lat="37.325339" lon="126.656137">
        <ele>2.6</ele>
      </trkpt>
      <trkpt lat="37.325353" lon="126.656190">
        <ele>2.6</ele>
      </trkpt>
      <trkpt lat="37.325368" lon="126.656244">
        <ele>2.6</ele>
      </trkpt>
      <trkpt lat="37.325383" lon="126.656297">
        <ele>2.6</ele>
      </trkpt>
      <trkpt lat="37.325398" lon="126.656350">
        <ele>2.5</ele>
      </trkpt>
      <trkpt lat="37.325413" lon="126.656404">
        <ele>2.5</ele>
      </trkpt>
      <trkpt lat="37.325428" lon="126.656457">
        <ele>2.5</ele>
      </trkpt>
      <trkpt lat="37.325443" lon="126.656511">
        <ele>2.6</ele>
      </trkpt>
      <trkpt lat="37.325458" lon="126.656564">
        <ele>2.6</ele>
      </trkpt>
      <trkpt lat="37.325473" lon="126.656617">
        <ele>2.7</ele>
      </trkpt>
      <trkpt lat="37.325488" lon="126.656671">
        <ele>2.7</ele>
      </trkpt>
      <trkpt lat="37.325503" lon="126.656724">
        <ele>2.8</ele>
      </trkpt>
      <trkpt lat="37.325518" lon="126.656777">
        <ele>2.9</ele>
      </trkpt>
      <trkpt lat="37.325532" lon="126.656831">
        <ele>2.9</ele>
      </trkpt>
      <trkpt lat="37.325547" lon="126.656884">
        <ele>3.0</ele>
      </trkpt>
      <trkpt lat="37.325562" lon="126.656937">
        <ele>3.0</ele>
      </trkpt>
      <trkpt lat="37.325577" lon="126.656991">
        <ele>3.1</ele>
      </trkpt>
      <trkpt lat="37.325592" lon="126.657044">
        <ele>3.1</ele>
      </trkpt>
      <trkpt lat="37.325607" lon="126.657097">
        <ele>3.2</ele>
      </trkpt>
      <trkpt lat="37.325622" lon="126.657151">
        <ele>3.3</ele>
      </trkpt>
      <trkpt lat="37.325637" lon="126.657204">
        <ele>3.3</ele>
      </trkpt>
      <trkpt lat="37.325652" lon="126.657257">
        <ele>3.4</ele>
      </trkpt>
      <trkpt lat="37.325667" lon="126.657311">
        <ele>3.4</ele>
      </trkpt>
      <trkpt lat="37.325681" lon="126.657364">
        <ele>3.5</ele>
      </trkpt>
      <trkpt lat="37.325694" lon="126.657411">
        <ele>3.5</ele>
      </trkpt>
      <trkpt lat="37.325708" lon="126.657464">
        <ele>3.5</ele>
      </trkpt>
      <trkpt lat="37.325723" lon="126.657518">
        <ele>3.5</ele>
      </trkpt>
      <trkpt lat="37.325737" lon="126.657572">
        <ele>3.5</ele>
      </trkpt>
      <trkpt lat="37.325752" lon="126.657625">
        <ele>3.5</ele>
      </trkpt>
      <trkpt lat="37.325766" lon="126.657679">
        <ele>3.5</ele>
      </trkpt>
      <trkpt lat="37.325780" lon="126.657732">
        <ele>3.5</ele>
      </trkpt>
      <trkpt lat="37.325795" lon="126.657786">
        <ele>3.5</ele>
      </trkpt>
      <trkpt lat="37.325809" lon="126.657839">
        <ele>3.5</ele>
      </trkpt>
      <trkpt lat="37.325824" lon="126.657893">
        <ele>3.5</ele>
      </trkpt>
      <trkpt lat="37.325838" lon="126.657947">
        <ele>3.5</ele>
      </trkpt>
      <trkpt lat="37.325852" lon="126.658000">
        <ele>3.5</ele>
      </trkpt>
      <trkpt lat="37.325867" lon="126.658054">
        <ele>3.5</ele>
      </trkpt>
      <trkpt lat="37.325881" lon="126.658107">
        <ele>3.5</ele>
      </trkpt>
      <trkpt lat="37.325895" lon="126.658161">
        <ele>3.5</ele>
      </trkpt>
      <trkpt lat="37.325910" lon="126.658214">
        <ele>3.5</ele>
      </trkpt>
      <trkpt lat="37.325924" lon="126.658268">
        <ele>3.5</ele>
      </trkpt>
      <trkpt lat="37.325939" lon="126.658322">
        <ele>3.5</ele>
      </trkpt>
      <trkpt lat="37.325953" lon="126.658375">
        <ele>3.5</ele>
      </trkpt>
      <trkpt lat="37.325967" lon="126.658429">
        <ele>3.5</ele>
      </trkpt>
      <trkpt lat="37.325982" lon="126.658482">
        <ele>3.5</ele>
      </trkpt>
      <trkpt lat="37.325996" lon="126.658536">
        <ele>3.5</ele>
      </trkpt>
      <trkpt lat="37.326010" lon="126.658590">
        <ele>3.5</ele>
      </trkpt>
      <trkpt lat="37.326025" lon="126.658643">
        <ele>3.5</ele>
      </trkpt>
      <trkpt lat="37.326039" lon="126.658697">
        <ele>3.5</ele>
      </trkpt>
      <trkpt lat="37.326054" lon="126.658750">
        <ele>3.5</ele>
      </trkpt>
      <trkpt lat="37.326068" lon="126.658804">
        <ele>3.5</ele>
      </trkpt>
      <trkpt lat="37.326082" lon="126.658857">
        <ele>3.5</ele>
      </trkpt>
      <trkpt lat="37.326097" lon="126.658911">
        <ele>3.5</ele>
      </trkpt>
      <trkpt lat="37.326111" lon="126.658965">
        <ele>3.5</ele>
      </trkpt>
      <trkpt lat="37.326125" lon="126.659018">
        <ele>3.5</ele>
      </trkpt>
      <trkpt lat="37.326140" lon="126.659072">
        <ele>3.5</ele>
      </trkpt>
      <trkpt lat="37.326154" lon="126.659125">
        <ele>3.5</ele>
      </trkpt>
      <trkpt lat="37.326169" lon="126.659179">
        <ele>3.5</ele>
      </trkpt>
      <trkpt lat="37.326183" lon="126.659232">
        <ele>3.5</ele>
      </trkpt>
      <trkpt lat="37.326197" lon="126.659286">
        <ele>3.5</ele>
      </trkpt>
      <trkpt lat="37.326212" lon="126.659340">
        <ele>3.5</ele>
      </trkpt>
      <trkpt lat="37.326226" lon="126.659393">
        <ele>3.5</ele>
      </trkpt>
      <trkpt lat="37.326240" lon="126.659447">
        <ele>3.5</ele>
      </trkpt>
      <trkpt lat="37.326255" lon="126.659500">
        <ele>3.5</ele>
      </trkpt>
      <trkpt lat="37.326270" lon="126.659554">
        <ele>3.5</ele>
      </trkpt>
      <trkpt lat="37.326285" lon="126.659607">
        <ele>3.5</ele>
      </trkpt>
      <trkpt lat="37.326300" lon="126.659660">
        <ele>3.5</ele>
      </trkpt>
      <trkpt lat="37.326314" lon="126.659714">
        <ele>3.5</ele>
      </trkpt>
      <trkpt lat="37.326329" lon="126.659767">
        <ele>3.5</ele>
      </trkpt>
      <trkpt lat="37.326344" lon="126.659820">
        <ele>3.5</ele>
      </trkpt>
      <trkpt lat="37.326359" lon="126.659874">
        <ele>3.5</ele>
      </trkpt>
      <trkpt lat="37.326374" lon="126.659927">
        <ele>3.5</ele>
      </trkpt>
      <trkpt lat="37.326389" lon="126.659981">
        <ele>3.5</ele>
      </trkpt>
      <trkpt lat="37.326404" lon="126.660034">
        <ele>3.5</ele>
      </trkpt>
      <trkpt lat="37.326419" lon="126.660087">
        <ele>3.5</ele>
      </trkpt>
      <trkpt lat="37.326433" lon="126.660141">
        <ele>3.5</ele>
      </trkpt>
      <trkpt lat="37.326448" lon="126.660194">
        <ele>3.6</ele>
      </trkpt>
      <trkpt lat="37.326463" lon="126.660247">
        <ele>3.6</ele>
      </trkpt>
      <trkpt lat="37.326478" lon="126.660301">
        <ele>3.6</ele>
      </trkpt>
      <trkpt lat="37.326493" lon="126.660354">
        <ele>3.6</ele>
      </trkpt>
      <trkpt lat="37.326508" lon="126.660407">
        <ele>3.6</ele>
      </trkpt>
      <trkpt lat="37.326523" lon="126.660461">
        <ele>3.6</ele>
      </trkpt>
      <trkpt lat="37.326538" lon="126.660514">
        <ele>3.6</ele>
      </trkpt>
      <trkpt lat="37.326553" lon="126.660568">
        <ele>3.6</ele>
      </trkpt>
      <trkpt lat="37.326567" lon="126.660621">
        <ele>3.6</ele>
      </trkpt>
      <trkpt lat="37.326582" lon="126.660674">
        <ele>3.6</ele>
      </trkpt>
      <trkpt lat="37.326597" lon="126.660728">
        <ele>3.6</ele>
      </trkpt>
      <trkpt lat="37.326612" lon="126.660781">
        <ele>3.6</ele>
      </trkpt>
      <trkpt lat="37.326627" lon="126.660834">
        <ele>3.6</ele>
      </trkpt>
      <trkpt lat="37.326642" lon="126.660888">
        <ele>3.6</ele>
      </trkpt>
      <trkpt lat="37.326657" lon="126.660941">
        <ele>3.6</ele>
      </trkpt>
      <trkpt lat="37.326672" lon="126.660994">
        <ele>3.6</ele>
      </trkpt>
      <trkpt lat="37.326687" lon="126.661048">
        <ele>3.6</ele>
      </trkpt>
      <trkpt lat="37.326701" lon="126.661101">
        <ele>3.6</ele>
      </trkpt>
      <trkpt lat="37.326716" lon="126.661154">
        <ele>3.6</ele>
      </trkpt>
      <trkpt lat="37.326731" lon="126.661208">
        <ele>3.6</ele>
      </trkpt>
      <trkpt lat="37.326746" lon="126.661261">
        <ele>3.6</ele>
      </trkpt>
      <trkpt lat="37.326761" lon="126.661315">
        <ele>3.6</ele>
      </trkpt>
      <trkpt lat="37.326776" lon="126.661368">
        <ele>3.6</ele>
      </trkpt>
      <trkpt lat="37.326791" lon="126.661421">
        <ele>3.6</ele>
      </trkpt>
      <trkpt lat="37.326806" lon="126.661475">
        <ele>3.7</ele>
      </trkpt>
      <trkpt lat="37.326820" lon="126.661528">
        <ele>3.7</ele>
      </trkpt>
      <trkpt lat="37.326835" lon="126.661581">
        <ele>3.7</ele>
      </trkpt>
      <trkpt lat="37.326850" lon="126.661635">
        <ele>3.7</ele>
      </trkpt>
      <trkpt lat="37.326865" lon="126.661688">
        <ele>3.7</ele>
      </trkpt>
      <trkpt lat="37.326880" lon="126.661741">
        <ele>3.7</ele>
      </trkpt>
      <trkpt lat="37.326895" lon="126.661795">
        <ele>3.7</ele>
      </trkpt>
      <trkpt lat="37.326910" lon="126.661848">
        <ele>3.7</ele>
      </trkpt>
      <trkpt lat="37.326925" lon="126.661902">
        <ele>3.7</ele>
      </trkpt>
      <trkpt lat="37.326940" lon="126.661955">
        <ele>3.7</ele>
      </trkpt>
      <trkpt lat="37.326954" lon="126.662008">
        <ele>3.7</ele>
      </trkpt>
      <trkpt lat="37.326969" lon="126.662062">
        <ele>3.7</ele>
      </trkpt>
      <trkpt lat="37.326984" lon="126.662115">
        <ele>3.7</ele>
      </trkpt>
      <trkpt lat="37.326999" lon="126.662168">
        <ele>3.7</ele>
      </trkpt>
      <trkpt lat="37.327014" lon="126.662222">
        <ele>3.7</ele>
      </trkpt>
      <trkpt lat="37.327029" lon="126.662275">
        <ele>3.7</ele>
      </trkpt>
      <trkpt lat="37.327044" lon="126.662328">
        <ele>3.7</ele>
      </trkpt>
      <trkpt lat="37.327059" lon="126.662382">
        <ele>3.7</ele>
      </trkpt>
      <trkpt lat="37.327073" lon="126.662435">
        <ele>3.7</ele>
      </trkpt>
      <trkpt lat="37.327088" lon="126.662488">
        <ele>3.7</ele>
      </trkpt>
      <trkpt lat="37.327103" lon="126.662542">
        <ele>3.7</ele>
      </trkpt>
      <trkpt lat="37.327118" lon="126.662595">
        <ele>3.7</ele>
      </trkpt>
      <trkpt lat="37.327133" lon="126.662649">
        <ele>3.7</ele>
      </trkpt>
      <trkpt lat="37.327148" lon="126.662702">
        <ele>3.7</ele>
      </trkpt>
      <trkpt lat="37.327163" lon="126.662755">
        <ele>3.7</ele>
      </trkpt>
      <trkpt lat="37.327178" lon="126.662809">
        <ele>3.8</ele>
      </trkpt>
      <trkpt lat="37.327193" lon="126.662862">
        <ele>3.8</ele>
      </trkpt>
      <trkpt lat="37.327207" lon="126.662915">
        <ele>3.8</ele>
      </trkpt>
      <trkpt lat="37.327222" lon="126.662969">
        <ele>3.8</ele>
      </trkpt>
      <trkpt lat="37.327237" lon="126.663022">
        <ele>3.8</ele>
      </trkpt>
      <trkpt lat="37.327252" lon="126.663075">
        <ele>3.8</ele>
      </trkpt>
      <trkpt lat="37.327267" lon="126.663129">
        <ele>3.8</ele>
      </trkpt>
      <trkpt lat="37.327282" lon="126.663182">
        <ele>3.8</ele>
      </trkpt>
      <trkpt lat="37.327297" lon="126.663236">
        <ele>3.8</ele>
      </trkpt>
      <trkpt lat="37.327312" lon="126.663289">
        <ele>3.8</ele>
      </trkpt>
      <trkpt lat="37.327327" lon="126.663342">
        <ele>3.8</ele>
      </trkpt>
      <trkpt lat="37.327341" lon="126.663396">
        <ele>3.8</ele>
      </trkpt>
      <trkpt lat="37.327356" lon="126.663449">
        <ele>3.8</ele>
      </trkpt>
      <trkpt lat="37.327371" lon="126.663502">
        <ele>3.8</ele>
      </trkpt>
      <trkpt lat="37.327386" lon="126.663556">
        <ele>3.8</ele>
      </trkpt>
      <trkpt lat="37.327400" lon="126.663609">
        <ele>3.8</ele>
      </trkpt>
      <trkpt lat="37.327415" lon="126.663663">
        <ele>3.8</ele>
      </trkpt>
      <trkpt lat="37.327430" lon="126.663716">
        <ele>3.8</ele>
      </trkpt>
      <trkpt lat="37.327444" lon="126.663770">
        <ele>3.8</ele>
      </trkpt>
      <trkpt lat="37.327459" lon="126.663823">
        <ele>3.8</ele>
      </trkpt>
      <trkpt lat="37.327474" lon="126.663877">
        <ele>3.9</ele>
      </trkpt>
      <trkpt lat="37.327488" lon="126.663930">
        <ele>3.9</ele>
      </trkpt>
      <trkpt lat="37.327503" lon="126.663983">
        <ele>3.9</ele>
      </trkpt>
      <trkpt lat="37.327518" lon="126.664037">
        <ele>3.9</ele>
      </trkpt>
      <trkpt lat="37.327533" lon="126.664090">
        <ele>3.9</ele>
      </trkpt>
      <trkpt lat="37.327547" lon="126.664144">
        <ele>3.9</ele>
      </trkpt>
      <trkpt lat="37.327562" lon="126.664197">
        <ele>3.9</ele>
      </trkpt>
      <trkpt lat="37.327577" lon="126.664251">
        <ele>3.9</ele>
      </trkpt>
      <trkpt lat="37.327591" lon="126.664304">
        <ele>3.9</ele>
      </trkpt>
      <trkpt lat="37.327606" lon="126.664358">
        <ele>3.9</ele>
      </trkpt>
      <trkpt lat="37.327621" lon="126.664411">
        <ele>3.9</ele>
      </trkpt>
      <trkpt lat="37.327635" lon="126.664464">
        <ele>3.9</ele>
      </trkpt>
      <trkpt lat="37.327650" lon="126.664518">
        <ele>3.9</ele>
      </trkpt>
      <trkpt lat="37.327665" lon="126.664571">
        <ele>3.9</ele>
      </trkpt>
      <trkpt lat="37.327679" lon="126.664625">
        <ele>3.9</ele>
      </trkpt>
      <trkpt lat="37.327694" lon="126.664678">
        <ele>3.9</ele>
      </trkpt>
      <trkpt lat="37.327709" lon="126.664732">
        <ele>4.0</ele>
      </trkpt>
      <trkpt lat="37.327724" lon="126.664785">
        <ele>4.0</ele>
      </trkpt>
      <trkpt lat="37.327738" lon="126.664839">
        <ele>4.0</ele>
      </trkpt>
      <trkpt lat="37.327753" lon="126.664892">
        <ele>4.0</ele>
      </trkpt>
      <trkpt lat="37.327768" lon="126.664945">
        <ele>4.0</ele>
      </trkpt>
      <trkpt lat="37.327782" lon="126.664999">
        <ele>4.0</ele>
      </trkpt>
      <trkpt lat="37.327797" lon="126.665052">
        <ele>4.0</ele>
      </trkpt>
      <trkpt lat="37.327812" lon="126.665106">
        <ele>4.0</ele>
      </trkpt>
      <trkpt lat="37.327826" lon="126.665159">
        <ele>4.0</ele>
      </trkpt>
      <trkpt lat="37.327841" lon="126.665213">
        <ele>4.0</ele>
      </trkpt>
      <trkpt lat="37.327856" lon="126.665266">
        <ele>4.0</ele>
      </trkpt>
      <trkpt lat="37.327870" lon="126.665320">
        <ele>4.0</ele>
      </trkpt>
      <trkpt lat="37.327885" lon="126.665373">
        <ele>4.0</ele>
      </trkpt>
      <trkpt lat="37.327900" lon="126.665426">
        <ele>4.0</ele>
      </trkpt>
      <trkpt lat="37.327915" lon="126.665480">
        <ele>4.0</ele>
      </trkpt>
      <trkpt lat="37.327929" lon="126.665533">
        <ele>4.1</ele>
      </trkpt>
      <trkpt lat="37.327944" lon="126.665587">
        <ele>4.1</ele>
      </trkpt>
      <trkpt lat="37.327959" lon="126.665640">
        <ele>4.1</ele>
      </trkpt>
      <trkpt lat="37.327973" lon="126.665694">
        <ele>4.1</ele>
      </trkpt>
      <trkpt lat="37.327988" lon="126.665747">
        <ele>4.1</ele>
      </trkpt>
      <trkpt lat="37.328003" lon="126.665801">
        <ele>4.1</ele>
      </trkpt>
      <trkpt lat="37.328017" lon="126.665854">
        <ele>4.1</ele>
      </trkpt>
      <trkpt lat="37.328032" lon="126.665907">
        <ele>4.1</ele>
      </trkpt>
      <trkpt lat="37.328047" lon="126.665961">
        <ele>4.1</ele>
      </trkpt>
      <trkpt lat="37.328061" lon="126.666014">
        <ele>4.1</ele>
      </trkpt>
      <trkpt lat="37.328076" lon="126.666068">
        <ele>4.1</ele>
      </trkpt>
      <trkpt lat="37.328091" lon="126.666121">
        <ele>4.1</ele>
      </trkpt>
      <trkpt lat="37.328106" lon="126.666175">
        <ele>4.1</ele>
      </trkpt>
      <trkpt lat="37.328120" lon="126.666228">
        <ele>4.1</ele>
      </trkpt>
      <trkpt lat="37.328135" lon="126.666282">
        <ele>4.1</ele>
      </trkpt>
      <trkpt lat="37.328150" lon="126.666335">
        <ele>4.1</ele>
      </trkpt>
      <trkpt lat="37.328164" lon="126.666388">
        <ele>4.2</ele>
      </trkpt>
      <trkpt lat="37.328179" lon="126.666442">
        <ele>4.2</ele>
      </trkpt>
      <trkpt lat="37.328194" lon="126.666495">
        <ele>4.2</ele>
      </trkpt>
      <trkpt lat="37.328208" lon="126.666549">
        <ele>4.2</ele>
      </trkpt>
      <trkpt lat="37.328223" lon="126.666602">
        <ele>4.2</ele>
      </trkpt>
      <trkpt lat="37.328238" lon="126.666656">
        <ele>4.2</ele>
      </trkpt>
      <trkpt lat="37.328252" lon="126.666709">
        <ele>4.2</ele>
      </trkpt>
      <trkpt lat="37.328267" lon="126.666763">
        <ele>4.2</ele>
      </trkpt>
      <trkpt lat="37.328282" lon="126.666816">
        <ele>4.2</ele>
      </trkpt>
      <trkpt lat="37.328297" lon="126.666869">
        <ele>4.2</ele>
      </trkpt>
      <trkpt lat="37.328311" lon="126.666923">
        <ele>4.2</ele>
      </trkpt>
      <trkpt lat="37.328326" lon="126.666976">
        <ele>4.2</ele>
      </trkpt>
      <trkpt lat="37.328341" lon="126.667030">
        <ele>4.2</ele>
      </trkpt>
      <trkpt lat="37.328355" lon="126.667083">
        <ele>4.2</ele>
      </trkpt>
      <trkpt lat="37.328370" lon="126.667137">
        <ele>4.2</ele>
      </trkpt>
      <trkpt lat="37.328385" lon="126.667190">
        <ele>4.2</ele>
      </trkpt>
      <trkpt lat="37.328399" lon="126.667244">
        <ele>4.3</ele>
      </trkpt>
      <trkpt lat="37.328414" lon="126.667297">
        <ele>4.3</ele>
      </trkpt>
      <trkpt lat="37.328429" lon="126.667350">
        <ele>4.3</ele>
      </trkpt>
      <trkpt lat="37.328443" lon="126.667404">
        <ele>4.3</ele>
      </trkpt>
      <trkpt lat="37.328458" lon="126.667457">
        <ele>4.3</ele>
      </trkpt>
      <trkpt lat="37.328473" lon="126.667511">
        <ele>4.3</ele>
      </trkpt>
      <trkpt lat="37.328488" lon="126.667564">
        <ele>4.3</ele>
      </trkpt>
      <trkpt lat="37.328502" lon="126.667618">
        <ele>4.3</ele>
      </trkpt>
      <trkpt lat="37.328516" lon="126.667671">
        <ele>4.3</ele>
      </trkpt>
      <trkpt lat="37.328530" lon="126.667725">
        <ele>4.3</ele>
      </trkpt>
      <trkpt lat="37.328544" lon="126.667779">
        <ele>4.3</ele>
      </trkpt>
      <trkpt lat="37.328558" lon="126.667833">
        <ele>4.3</ele>
      </trkpt>
      <trkpt lat="37.328572" lon="126.667886">
        <ele>4.3</ele>
      </trkpt>
      <trkpt lat="37.328586" lon="126.667940">
        <ele>4.3</ele>
      </trkpt>
      <trkpt lat="37.328600" lon="126.667994">
        <ele>4.3</ele>
      </trkpt>
      <trkpt lat="37.328614" lon="126.668048">
        <ele>4.3</ele>
      </trkpt>
      <trkpt lat="37.328628" lon="126.668101">
        <ele>4.3</ele>
      </trkpt>
      <trkpt lat="37.328642" lon="126.668155">
        <ele>4.3</ele>
      </trkpt>
      <trkpt lat="37.328656" lon="126.668209">
        <ele>4.3</ele>
      </trkpt>
      <trkpt lat="37.328670" lon="126.668262">
        <ele>4.3</ele>
      </trkpt>
      <trkpt lat="37.328684" lon="126.668316">
        <ele>4.3</ele>
      </trkpt>
      <trkpt lat="37.328699" lon="126.668370">
        <ele>4.3</ele>
      </trkpt>
      <trkpt lat="37.328713" lon="126.668424">
        <ele>4.3</ele>
      </trkpt>
      <trkpt lat="37.328727" lon="126.668477">
        <ele>4.3</ele>
      </trkpt>
      <trkpt lat="37.328741" lon="126.668531">
        <ele>4.3</ele>
      </trkpt>
      <trkpt lat="37.328755" lon="126.668585">
        <ele>4.3</ele>
      </trkpt>
      <trkpt lat="37.328769" lon="126.668639">
        <ele>4.3</ele>
      </trkpt>
      <trkpt lat="37.328783" lon="126.668692">
        <ele>4.3</ele>
      </trkpt>
      <trkpt lat="37.328797" lon="126.668746">
        <ele>4.3</ele>
      </trkpt>
      <trkpt lat="37.328811" lon="126.668800">
        <ele>4.3</ele>
      </trkpt>
      <trkpt lat="37.328825" lon="126.668853">
        <ele>4.3</ele>
      </trkpt>
      <trkpt lat="37.328839" lon="126.668907">
        <ele>4.3</ele>
      </trkpt>
      <trkpt lat="37.328853" lon="126.668961">
        <ele>4.3</ele>
      </trkpt>
      <trkpt lat="37.328867" lon="126.669015">
        <ele>4.3</ele>
      </trkpt>
      <trkpt lat="37.328881" lon="126.669068">
        <ele>4.3</ele>
      </trkpt>
      <trkpt lat="37.328895" lon="126.669122">
        <ele>4.3</ele>
      </trkpt>
      <trkpt lat="37.328909" lon="126.669176">
        <ele>4.3</ele>
      </trkpt>
      <trkpt lat="37.328923" lon="126.669230">
        <ele>4.3</ele>
      </trkpt>
      <trkpt lat="37.328937" lon="126.669283">
        <ele>4.3</ele>
      </trkpt>
      <trkpt lat="37.328951" lon="126.669337">
        <ele>4.3</ele>
      </trkpt>
      <trkpt lat="37.328965" lon="126.669391">
        <ele>4.3</ele>
      </trkpt>
      <trkpt lat="37.328979" lon="126.669444">
        <ele>4.3</ele>
      </trkpt>
      <trkpt lat="37.328993" lon="126.669498">
        <ele>4.3</ele>
      </trkpt>
      <trkpt lat="37.329007" lon="126.669552">
        <ele>4.3</ele>
      </trkpt>
      <trkpt lat="37.329021" lon="126.669606">
        <ele>4.3</ele>
      </trkpt>
      <trkpt lat="37.329033" lon="126.669653">
        <ele>3.5</ele>
      </trkpt>
      <trkpt lat="37.329047" lon="126.669707">
        <ele>3.5</ele>
      </trkpt>
      <trkpt lat="37.329061" lon="126.669760">
        <ele>3.5</ele>
      </trkpt>
      <trkpt lat="37.329075" lon="126.669814">
        <ele>3.5</ele>
      </trkpt>
      <trkpt lat="37.329089" lon="126.669868">
        <ele>3.5</ele>
      </trkpt>
      <trkpt lat="37.329103" lon="126.669921">
        <ele>3.5</ele>
      </trkpt>
      <trkpt lat="37.329117" lon="126.669975">
        <ele>3.5</ele>
      </trkpt>
      <trkpt lat="37.329131" lon="126.670029">
        <ele>3.5</ele>
      </trkpt>
      <trkpt lat="37.329146" lon="126.670083">
        <ele>3.5</ele>
      </trkpt>
      <trkpt lat="37.329160" lon="126.670136">
        <ele>3.5</ele>
      </trkpt>
      <trkpt lat="37.329174" lon="126.670190">
        <ele>3.5</ele>
      </trkpt>
      <trkpt lat="37.329188" lon="126.670244">
        <ele>3.5</ele>
      </trkpt>
      <trkpt lat="37.329202" lon="126.670298">
        <ele>3.5</ele>
      </trkpt>
      <trkpt lat="37.329216" lon="126.670351">
        <ele>3.5</ele>
      </trkpt>
      <trkpt lat="37.329230" lon="126.670405">
        <ele>3.5</ele>
      </trkpt>
      <trkpt lat="37.329244" lon="126.670459">
        <ele>3.5</ele>
      </trkpt>
      <trkpt lat="37.329258" lon="126.670512">
        <ele>3.5</ele>
      </trkpt>
      <trkpt lat="37.329272" lon="126.670566">
        <ele>3.5</ele>
      </trkpt>
      <trkpt lat="37.329286" lon="126.670620">
        <ele>3.5</ele>
      </trkpt>
      <trkpt lat="37.329300" lon="126.670673">
        <ele>3.5</ele>
      </trkpt>
      <trkpt lat="37.329315" lon="126.670727">
        <ele>3.5</ele>
      </trkpt>
      <trkpt lat="37.329329" lon="126.670780">
        <ele>3.5</ele>
      </trkpt>
      <trkpt lat="37.329344" lon="126.670834">
        <ele>3.5</ele>
      </trkpt>
      <trkpt lat="37.329358" lon="126.670887">
        <ele>3.5</ele>
      </trkpt>
      <trkpt lat="37.329373" lon="126.670941">
        <ele>3.5</ele>
      </trkpt>
      <trkpt lat="37.329388" lon="126.670994">
        <ele>3.5</ele>
      </trkpt>
      <trkpt lat="37.329402" lon="126.671048">
        <ele>3.5</ele>
      </trkpt>
      <trkpt lat="37.329417" lon="126.671101">
        <ele>3.5</ele>
      </trkpt>
      <trkpt lat="37.329431" lon="126.671155">
        <ele>3.5</ele>
      </trkpt>
      <trkpt lat="37.329446" lon="126.671209">
        <ele>3.5</ele>
      </trkpt>
      <trkpt lat="37.329460" lon="126.671262">
        <ele>3.5</ele>
      </trkpt>
      <trkpt lat="37.329475" lon="126.671316">
        <ele>3.5</ele>
      </trkpt>
      <trkpt lat="37.329489" lon="126.671369">
        <ele>3.6</ele>
      </trkpt>
      <trkpt lat="37.329504" lon="126.671423">
        <ele>3.6</ele>
      </trkpt>
      <trkpt lat="37.329519" lon="126.671476">
        <ele>3.7</ele>
      </trkpt>
      <trkpt lat="37.329533" lon="126.671530">
        <ele>3.7</ele>
      </trkpt>
      <trkpt lat="37.329548" lon="126.671583">
        <ele>3.7</ele>
      </trkpt>
      <trkpt lat="37.329562" lon="126.671637">
        <ele>3.8</ele>
      </trkpt>
      <trkpt lat="37.329577" lon="126.671690">
        <ele>3.8</ele>
      </trkpt>
      <trkpt lat="37.329591" lon="126.671744">
        <ele>3.9</ele>
      </trkpt>
      <trkpt lat="37.329606" lon="126.671797">
        <ele>3.9</ele>
      </trkpt>
      <trkpt lat="37.329620" lon="126.671851">
        <ele>3.9</ele>
      </trkpt>
      <trkpt lat="37.329635" lon="126.671904">
        <ele>4.0</ele>
      </trkpt>
      <trkpt lat="37.329650" lon="126.671958">
        <ele>4.0</ele>
      </trkpt>
      <trkpt lat="37.329665" lon="126.672011">
        <ele>4.1</ele>
      </trkpt>
      <trkpt lat="37.329680" lon="126.672064">
        <ele>4.2</ele>
      </trkpt>
      <trkpt lat="37.329695" lon="126.672117">
        <ele>4.3</ele>
      </trkpt>
      <trkpt lat="37.329710" lon="126.672171">
        <ele>4.4</ele>
      </trkpt>
      <trkpt lat="37.329725" lon="126.672224">
        <ele>4.5</ele>
      </trkpt>
      <trkpt lat="37.329740" lon="126.672277">
        <ele>4.6</ele>
      </trkpt>
      <trkpt lat="37.329755" lon="126.672331">
        <ele>4.7</ele>
      </trkpt>
      <trkpt lat="37.329770" lon="126.672384">
        <ele>4.8</ele>
      </trkpt>
      <trkpt lat="37.329785" lon="126.672437">
        <ele>4.8</ele>
      </trkpt>
      <trkpt lat="37.329800" lon="126.672491">
        <ele>4.8</ele>
      </trkpt>
      <trkpt lat="37.329815" lon="126.672544">
        <ele>4.8</ele>
      </trkpt>
      <trkpt lat="37.329830" lon="126.672597">
        <ele>4.8</ele>
      </trkpt>
      <trkpt lat="37.329845" lon="126.672651">
        <ele>4.8</ele>
      </trkpt>
      <trkpt lat="37.329860" lon="126.672704">
        <ele>4.8</ele>
      </trkpt>
      <trkpt lat="37.329874" lon="126.672757">
        <ele>4.8</ele>
      </trkpt>
      <trkpt lat="37.329889" lon="126.672811">
        <ele>4.8</ele>
      </trkpt>
      <trkpt lat="37.329902" lon="126.672855">
        <ele>5.3</ele>
      </trkpt>
      <trkpt lat="37.329917" lon="126.672908">
        <ele>5.3</ele>
      </trkpt>
      <trkpt lat="37.329932" lon="126.672961">
        <ele>5.3</ele>
      </trkpt>
      <trkpt lat="37.329947" lon="126.673015">
        <ele>5.3</ele>
      </trkpt>
      <trkpt lat="37.329962" lon="126.673068">
        <ele>5.3</ele>
      </trkpt>
      <trkpt lat="37.329977" lon="126.673121">
        <ele>5.3</ele>
      </trkpt>
      <trkpt lat="37.329992" lon="126.673175">
        <ele>5.3</ele>
      </trkpt>
      <trkpt lat="37.330007" lon="126.673228">
        <ele>5.3</ele>
      </trkpt>
      <trkpt lat="37.330022" lon="126.673281">
        <ele>5.3</ele>
      </trkpt>
      <trkpt lat="37.330037" lon="126.673334">
        <ele>5.3</ele>
      </trkpt>
      <trkpt lat="37.330052" lon="126.673388">
        <ele>5.3</ele>
      </trkpt>
      <trkpt lat="37.330066" lon="126.673441">
        <ele>5.3</ele>
      </trkpt>
      <trkpt lat="37.330081" lon="126.673494">
        <ele>5.3</ele>
      </trkpt>
      <trkpt lat="37.330096" lon="126.673548">
        <ele>5.3</ele>
      </trkpt>
      <trkpt lat="37.330111" lon="126.673601">
        <ele>5.3</ele>
      </trkpt>
      <trkpt lat="37.330126" lon="126.673654">
        <ele>5.3</ele>
      </trkpt>
      <trkpt lat="37.330141" lon="126.673708">
        <ele>5.3</ele>
      </trkpt>
      <trkpt lat="37.330156" lon="126.673761">
        <ele>5.3</ele>
      </trkpt>
      <trkpt lat="37.330171" lon="126.673814">
        <ele>5.3</ele>
      </trkpt>
      <trkpt lat="37.330186" lon="126.673868">
        <ele>5.3</ele>
      </trkpt>
      <trkpt lat="37.330201" lon="126.673921">
        <ele>5.3</ele>
      </trkpt>
      <trkpt lat="37.330216" lon="126.673974">
        <ele>5.3</ele>
      </trkpt>
      <trkpt lat="37.330231" lon="126.674028">
        <ele>5.3</ele>
      </trkpt>
      <trkpt lat="37.330246" lon="126.674081">
        <ele>5.3</ele>
      </trkpt>
      <trkpt lat="37.330261" lon="126.674134">
        <ele>5.3</ele>
      </trkpt>
      <trkpt lat="37.330276" lon="126.674188">
        <ele>5.3</ele>
      </trkpt>
      <trkpt lat="37.330291" lon="126.674241">
        <ele>5.3</ele>
      </trkpt>
      <trkpt lat="37.330306" lon="126.674294">
        <ele>5.3</ele>
      </trkpt>
      <trkpt lat="37.330321" lon="126.674348">
        <ele>5.3</ele>
      </trkpt>
      <trkpt lat="37.330336" lon="126.674401">
        <ele>5.3</ele>
      </trkpt>
      <trkpt lat="37.330351" lon="126.674454">
        <ele>5.3</ele>
      </trkpt>
      <trkpt lat="37.330366" lon="126.674507">
        <ele>5.3</ele>
      </trkpt>
      <trkpt lat="37.330381" lon="126.674561">
        <ele>5.3</ele>
      </trkpt>
      <trkpt lat="37.330396" lon="126.674614">
        <ele>5.3</ele>
      </trkpt>
      <trkpt lat="37.330411" lon="126.674667">
        <ele>5.3</ele>
      </trkpt>
      <trkpt lat="37.330426" lon="126.674721">
        <ele>5.3</ele>
      </trkpt>
      <trkpt lat="37.330441" lon="126.674774">
        <ele>5.3</ele>
      </trkpt>
      <trkpt lat="37.330456" lon="126.674827">
        <ele>5.3</ele>
      </trkpt>
      <trkpt lat="37.330471" lon="126.674881">
        <ele>5.3</ele>
      </trkpt>
      <trkpt lat="37.330486" lon="126.674934">
        <ele>5.3</ele>
      </trkpt>
      <trkpt lat="37.330501" lon="126.674987">
        <ele>5.3</ele>
      </trkpt>
      <trkpt lat="37.330516" lon="126.675041">
        <ele>5.3</ele>
      </trkpt>
      <trkpt lat="37.330531" lon="126.675094">
        <ele>5.3</ele>
      </trkpt>
      <trkpt lat="37.330546" lon="126.675147">
        <ele>5.3</ele>
      </trkpt>
      <trkpt lat="37.330561" lon="126.675201">
        <ele>5.3</ele>
      </trkpt>
      <trkpt lat="37.330576" lon="126.675254">
        <ele>5.3</ele>
      </trkpt>
      <trkpt lat="37.330592" lon="126.675307">
        <ele>5.3</ele>
      </trkpt>
      <trkpt lat="37.330607" lon="126.675360">
        <ele>5.3</ele>
      </trkpt>
      <trkpt lat="37.330622" lon="126.675413">
        <ele>5.3</ele>
      </trkpt>
      <trkpt lat="37.330637" lon="126.675467">
        <ele>5.3</ele>
      </trkpt>
      <trkpt lat="37.330652" lon="126.675520">
        <ele>5.3</ele>
      </trkpt>
      <trkpt lat="37.330668" lon="126.675573">
        <ele>5.3</ele>
      </trkpt>
      <trkpt lat="37.330683" lon="126.675626">
        <ele>5.3</ele>
      </trkpt>
      <trkpt lat="37.330698" lon="126.675680">
        <ele>5.3</ele>
      </trkpt>
      <trkpt lat="37.330713" lon="126.675733">
        <ele>5.3</ele>
      </trkpt>
      <trkpt lat="37.330728" lon="126.675786">
        <ele>5.3</ele>
      </trkpt>
      <trkpt lat="37.330744" lon="126.675839">
        <ele>5.3</ele>
      </trkpt>
      <trkpt lat="37.330759" lon="126.675892">
        <ele>5.3</ele>
      </trkpt>
      <trkpt lat="37.330774" lon="126.675946">
        <ele>5.3</ele>
      </trkpt>
      <trkpt lat="37.330789" lon="126.675999">
        <ele>5.3</ele>
      </trkpt>
      <trkpt lat="37.330804" lon="126.676052">
        <ele>5.3</ele>
      </trkpt>
      <trkpt lat="37.330820" lon="126.676105">
        <ele>5.3</ele>
      </trkpt>
      <trkpt lat="37.330835" lon="126.676159">
        <ele>5.3</ele>
      </trkpt>
      <trkpt lat="37.330850" lon="126.676212">
        <ele>5.3</ele>
      </trkpt>
      <trkpt lat="37.330865" lon="126.676265">
        <ele>5.3</ele>
      </trkpt>
      <trkpt lat="37.330880" lon="126.676318">
        <ele>5.3</ele>
      </trkpt>
      <trkpt lat="37.330896" lon="126.676371">
        <ele>5.3</ele>
      </trkpt>
      <trkpt lat="37.330911" lon="126.676425">
        <ele>5.3</ele>
      </trkpt>
      <trkpt lat="37.330926" lon="126.676478">
        <ele>5.3</ele>
      </trkpt>
      <trkpt lat="37.330941" lon="126.676531">
        <ele>5.3</ele>
      </trkpt>
      <trkpt lat="37.330956" lon="126.676584">
        <ele>5.3</ele>
      </trkpt>
      <trkpt lat="37.330972" lon="126.676637">
        <ele>5.3</ele>
      </trkpt>
      <trkpt lat="37.330987" lon="126.676691">
        <ele>5.3</ele>
      </trkpt>
      <trkpt lat="37.331002" lon="126.676744">
        <ele>5.3</ele>
      </trkpt>
      <trkpt lat="37.331017" lon="126.676797">
        <ele>5.3</ele>
      </trkpt>
      <trkpt lat="37.331032" lon="126.676850">
        <ele>5.3</ele>
      </trkpt>
      <trkpt lat="37.331048" lon="126.676904">
        <ele>5.3</ele>
      </trkpt>
      <trkpt lat="37.331063" lon="126.676957">
        <ele>5.3</ele>
      </trkpt>
      <trkpt lat="37.331078" lon="126.677010">
        <ele>5.3</ele>
      </trkpt>
      <trkpt lat="37.331093" lon="126.677063">
        <ele>5.3</ele>
      </trkpt>
      <trkpt lat="37.331108" lon="126.677116">
        <ele>5.3</ele>
      </trkpt>
      <trkpt lat="37.331124" lon="126.677170">
        <ele>5.3</ele>
      </trkpt>
      <trkpt lat="37.331139" lon="126.677223">
        <ele>5.3</ele>
      </trkpt>
      <trkpt lat="37.331154" lon="126.677276">
        <ele>5.3</ele>
      </trkpt>
      <trkpt lat="37.331169" lon="126.677329">
        <ele>5.3</ele>
      </trkpt>
      <trkpt lat="37.331184" lon="126.677383">
        <ele>5.3</ele>
      </trkpt>
      <trkpt lat="37.331200" lon="126.677436">
        <ele>5.3</ele>
      </trkpt>
      <trkpt lat="37.331215" lon="126.677489">
        <ele>5.3</ele>
      </trkpt>
      <trkpt lat="37.331230" lon="126.677542">
        <ele>5.3</ele>
      </trkpt>
      <trkpt lat="37.331245" lon="126.677595">
        <ele>5.3</ele>
      </trkpt>
      <trkpt lat="37.331260" lon="126.677649">
        <ele>5.3</ele>
      </trkpt>
      <trkpt lat="37.331276" lon="126.677702">
        <ele>5.3</ele>
      </trkpt>
      <trkpt lat="37.331291" lon="126.677755">
        <ele>5.3</ele>
      </trkpt>
      <trkpt lat="37.331306" lon="126.677808">
        <ele>5.3</ele>
      </trkpt>
      <trkpt lat="37.331321" lon="126.677862">
        <ele>5.3</ele>
      </trkpt>
      <trkpt lat="37.331336" lon="126.677915">
        <ele>5.3</ele>
      </trkpt>
      <trkpt lat="37.331352" lon="126.677968">
        <ele>5.3</ele>
      </trkpt>
      <trkpt lat="37.331367" lon="126.678021">
        <ele>5.3</ele>
      </trkpt>
      <trkpt lat="37.331382" lon="126.678074">
        <ele>5.3</ele>
      </trkpt>
      <trkpt lat="37.331397" lon="126.678128">
        <ele>5.3</ele>
      </trkpt>
      <trkpt lat="37.331412" lon="126.678181">
        <ele>5.3</ele>
      </trkpt>
      <trkpt lat="37.331428" lon="126.678234">
        <ele>5.3</ele>
      </trkpt>
      <trkpt lat="37.331443" lon="126.678287">
        <ele>5.3</ele>
      </trkpt>
      <trkpt lat="37.331458" lon="126.678341">
        <ele>5.3</ele>
      </trkpt>
      <trkpt lat="37.331473" lon="126.678394">
        <ele>5.3</ele>
      </trkpt>
      <trkpt lat="37.331482" lon="126.678448">
        <ele>5.3</ele>
      </trkpt>
      <trkpt lat="37.331479" lon="126.678505">
        <ele>5.3</ele>
      </trkpt>
      <trkpt lat="37.331477" lon="126.678561">
        <ele>5.3</ele>
      </trkpt>
      <trkpt lat="37.331474" lon="126.678618">
        <ele>5.3</ele>
      </trkpt>
      <trkpt lat="37.331471" lon="126.678674">
        <ele>5.3</ele>
      </trkpt>
      <trkpt lat="37.331455" lon="126.678727">
        <ele>5.2</ele>
      </trkpt>
      <trkpt lat="37.331439" lon="126.678779">
        <ele>5.0</ele>
      </trkpt>
      <trkpt lat="37.331422" lon="126.678832">
        <ele>4.8</ele>
      </trkpt>
      <trkpt lat="37.331399" lon="126.678880">
        <ele>4.7</ele>
      </trkpt>
      <trkpt lat="37.331375" lon="126.678928">
        <ele>4.6</ele>
      </trkpt>
      <trkpt lat="37.331371" lon="126.678953">
        <ele>4.1</ele>
      </trkpt>
      <trkpt lat="37.331346" lon="126.678991">
        <ele>4.0</ele>
      </trkpt>
      <trkpt lat="37.331311" lon="126.679022">
        <ele>4.0</ele>
      </trkpt>
      <trkpt lat="37.331269" lon="126.679043">
        <ele>4.0</ele>
      </trkpt>
      <trkpt lat="37.331227" lon="126.679064">
        <ele>4.0</ele>
      </trkpt>
      <trkpt lat="37.331209" lon="126.679073">
        <ele>4.0</ele>
      </trkpt>
      <trkpt lat="37.331168" lon="126.679094">
        <ele>4.1</ele>
      </trkpt>
      <trkpt lat="37.331126" lon="126.679115">
        <ele>4.3</ele>
      </trkpt>
      <trkpt lat="37.331084" lon="126.679136">
        <ele>4.4</ele>
      </trkpt>
      <trkpt lat="37.331042" lon="126.679157">
        <ele>4.5</ele>
      </trkpt>
      <trkpt lat="37.331001" lon="126.679178">
        <ele>4.6</ele>
      </trkpt>
      <trkpt lat="37.330959" lon="126.679199">
        <ele>4.7</ele>
      </trkpt>
      <trkpt lat="37.330917" lon="126.679220">
        <ele>4.9</ele>
      </trkpt>
      <trkpt lat="37.330876" lon="126.679241">
        <ele>5.0</ele>
      </trkpt>
      <trkpt lat="37.330834" lon="126.679261">
        <ele>4.9</ele>
      </trkpt>
      <trkpt lat="37.330791" lon="126.679281">
        <ele>4.8</ele>
      </trkpt>
      <trkpt lat="37.330749" lon="126.679301">
        <ele>4.7</ele>
      </trkpt>
      <trkpt lat="37.330707" lon="126.679321">
        <ele>4.7</ele>
      </trkpt>
      <trkpt lat="37.330665" lon="126.679341">
        <ele>4.6</ele>
      </trkpt>
      <trkpt lat="37.330623" lon="126.679362">
        <ele>4.5</ele>
      </trkpt>
      <trkpt lat="37.330581" lon="126.679382">
        <ele>4.4</ele>
      </trkpt>
      <trkpt lat="37.330539" lon="126.679402">
        <ele>4.3</ele>
      </trkpt>
      <trkpt lat="37.330497" lon="126.679422">
        <ele>4.2</ele>
      </trkpt>
      <trkpt lat="37.330455" lon="126.679442">
        <ele>4.1</ele>
      </trkpt>
      <trkpt lat="37.330413" lon="126.679462">
        <ele>4.0</ele>
      </trkpt>
      <trkpt lat="37.330371" lon="126.679482">
        <ele>3.9</ele>
      </trkpt>
      <trkpt lat="37.330329" lon="126.679502">
        <ele>3.9</ele>
      </trkpt>
      <trkpt lat="37.330287" lon="126.679522">
        <ele>3.8</ele>
      </trkpt>
      <trkpt lat="37.330245" lon="126.679542">
        <ele>3.7</ele>
      </trkpt>
      <trkpt lat="37.330203" lon="126.679562">
        <ele>3.6</ele>
      </trkpt>
      <trkpt lat="37.330161" lon="126.679582">
        <ele>3.5</ele>
      </trkpt>
      <trkpt lat="37.330119" lon="126.679602">
        <ele>3.4</ele>
      </trkpt>
      <trkpt lat="37.330077" lon="126.679622">
        <ele>3.3</ele>
      </trkpt>
      <trkpt lat="37.330035" lon="126.679642">
        <ele>3.2</ele>
      </trkpt>
      <trkpt lat="37.329993" lon="126.679662">
        <ele>3.1</ele>
      </trkpt>
      <trkpt lat="37.329950" lon="126.679682">
        <ele>3.0</ele>
      </trkpt>
      <trkpt lat="37.329908" lon="126.679702">
        <ele>3.0</ele>
      </trkpt>
      <trkpt lat="37.329866" lon="126.679722">
        <ele>2.9</ele>
      </trkpt>
      <trkpt lat="37.329824" lon="126.679742">
        <ele>2.8</ele>
      </trkpt>
      <trkpt lat="37.329782" lon="126.679762">
        <ele>2.7</ele>
      </trkpt>
      <trkpt lat="37.329740" lon="126.679782">
        <ele>2.6</ele>
      </trkpt>
      <trkpt lat="37.329698" lon="126.679802">
        <ele>2.5</ele>
      </trkpt>
      <trkpt lat="37.329656" lon="126.679822">
        <ele>2.4</ele>
      </trkpt>
      <trkpt lat="37.329614" lon="126.679842">
        <ele>2.3</ele>
      </trkpt>
      <trkpt lat="37.329572" lon="126.679862">
        <ele>2.2</ele>
      </trkpt>
      <trkpt lat="37.329530" lon="126.679882">
        <ele>2.2</ele>
      </trkpt>
      <trkpt lat="37.329488" lon="126.679902">
        <ele>2.1</ele>
      </trkpt>
      <trkpt lat="37.329446" lon="126.679923">
        <ele>2.0</ele>
      </trkpt>
      <trkpt lat="37.329404" lon="126.679943">
        <ele>2.0</ele>
      </trkpt>
      <trkpt lat="37.329362" lon="126.679964">
        <ele>2.0</ele>
      </trkpt>
      <trkpt lat="37.329320" lon="126.679985">
        <ele>2.0</ele>
      </trkpt>
      <trkpt lat="37.329279" lon="126.680006">
        <ele>2.0</ele>
      </trkpt>
      <trkpt lat="37.329237" lon="126.680027">
        <ele>2.0</ele>
      </trkpt>
      <trkpt lat="37.329195" lon="126.680048">
        <ele>2.0</ele>
      </trkpt>
      <trkpt lat="37.329153" lon="126.680068">
        <ele>2.0</ele>
      </trkpt>
      <trkpt lat="37.329112" lon="126.680090">
        <ele>2.0</ele>
      </trkpt>
      <trkpt lat="37.329071" lon="126.680113">
        <ele>2.0</ele>
      </trkpt>
      <trkpt lat="37.329031" lon="126.680140">
        <ele>2.0</ele>
      </trkpt>
      <trkpt lat="37.328997" lon="126.680176">
        <ele>2.0</ele>
      </trkpt>
      <trkpt lat="37.328966" lon="126.680207">
        <ele>2.0</ele>
      </trkpt>
      <trkpt lat="37.328975" lon="126.680259">
        <ele>2.0</ele>
      </trkpt>
      <trkpt lat="37.328989" lon="126.680313">
        <ele>2.0</ele>
      </trkpt>
      <trkpt lat="37.329003" lon="126.680367">
        <ele>2.0</ele>
      </trkpt>
      <trkpt lat="37.329017" lon="126.680421">
        <ele>2.0</ele>
      </trkpt>
      <trkpt lat="37.329031" lon="126.680475">
        <ele>2.0</ele>
      </trkpt>
      <trkpt lat="37.329045" lon="126.680528">
        <ele>2.0</ele>
      </trkpt>
      <trkpt lat="37.329059" lon="126.680582">
        <ele>2.0</ele>
      </trkpt>
      <trkpt lat="37.329073" lon="126.680636">
        <ele>2.0</ele>
      </trkpt>
      <trkpt lat="37.329090" lon="126.680688">
        <ele>2.0</ele>
      </trkpt>
      <trkpt lat="37.329109" lon="126.680740">
        <ele>2.0</ele>
      </trkpt>
      <trkpt lat="37.329127" lon="126.680791">
        <ele>2.0</ele>
      </trkpt>
      <trkpt lat="37.329146" lon="126.680843">
        <ele>2.0</ele>
      </trkpt>
      <trkpt lat="37.329164" lon="126.680894">
        <ele>2.0</ele>
      </trkpt>
      <trkpt lat="37.329183" lon="126.680946">
        <ele>2.0</ele>
      </trkpt>
      <trkpt lat="37.329201" lon="126.680997">
        <ele>2.0</ele>
      </trkpt>
      <trkpt lat="37.329220" lon="126.681049">
        <ele>2.0</ele>
      </trkpt>
      <trkpt lat="37.329238" lon="126.681100">
        <ele>2.0</ele>
      </trkpt>
      <trkpt lat="37.329257" lon="126.681152">
        <ele>2.0</ele>
      </trkpt>
      <trkpt lat="37.329275" lon="126.681203">
        <ele>2.0</ele>
      </trkpt>
      <trkpt lat="37.329294" lon="126.681255">
        <ele>2.0</ele>
      </trkpt>
      <trkpt lat="37.329312" lon="126.681307">
        <ele>2.0</ele>
      </trkpt>
      <trkpt lat="37.329330" lon="126.681358">
        <ele>2.0</ele>
      </trkpt>
      <trkpt lat="37.329349" lon="126.681410">
        <ele>2.0</ele>
      </trkpt>
      <trkpt lat="37.329367" lon="126.681461">
        <ele>2.0</ele>
      </trkpt>
      <trkpt lat="37.329386" lon="126.681513">
        <ele>2.0</ele>
      </trkpt>
      <trkpt lat="37.329404" lon="126.681564">
        <ele>2.0</ele>
      </trkpt>
      <trkpt lat="37.329423" lon="126.681616">
        <ele>2.0</ele>
      </trkpt>
      <trkpt lat="37.329441" lon="126.681667">
        <ele>2.0</ele>
      </trkpt>
      <trkpt lat="37.329460" lon="126.681719">
        <ele>2.0</ele>
      </trkpt>
      <trkpt lat="37.329478" lon="126.681771">
        <ele>2.0</ele>
      </trkpt>
      <trkpt lat="37.329497" lon="126.681822">
        <ele>2.0</ele>
      </trkpt>
      <trkpt lat="37.329515" lon="126.681874">
        <ele>2.0</ele>
      </trkpt>
      <trkpt lat="37.329534" lon="126.681925">
        <ele>2.0</ele>
      </trkpt>
      <trkpt lat="37.329552" lon="126.681977">
        <ele>2.0</ele>
      </trkpt>
      <trkpt lat="37.329571" lon="126.682028">
        <ele>2.0</ele>
      </trkpt>
      <trkpt lat="37.329589" lon="126.682080">
        <ele>2.0</ele>
      </trkpt>
      <trkpt lat="37.329608" lon="126.682131">
        <ele>2.0</ele>
      </trkpt>
      <trkpt lat="37.329626" lon="126.682183">
        <ele>2.0</ele>
      </trkpt>
      <trkpt lat="37.329645" lon="126.682235">
        <ele>2.0</ele>
      </trkpt>
      <trkpt lat="37.329663" lon="126.682286">
        <ele>2.0</ele>
      </trkpt>
      <trkpt lat="37.329682" lon="126.682338">
        <ele>2.0</ele>
      </trkpt>
      <trkpt lat="37.329700" lon="126.682389">
        <ele>2.0</ele>
      </trkpt>
      <trkpt lat="37.329719" lon="126.682441">
        <ele>2.0</ele>
      </trkpt>
      <trkpt lat="37.329737" lon="126.682492">
        <ele>2.0</ele>
      </trkpt>
      <trkpt lat="37.329756" lon="126.682544">
        <ele>2.0</ele>
      </trkpt>
      <trkpt lat="37.329774" lon="126.682595">
        <ele>2.0</ele>
      </trkpt>
      <trkpt lat="37.329792" lon="126.682647">
        <ele>2.0</ele>
      </trkpt>
      <trkpt lat="37.329811" lon="126.682699">
        <ele>2.0</ele>
      </trkpt>
      <trkpt lat="37.329829" lon="126.682750">
        <ele>2.0</ele>
      </trkpt>
      <trkpt lat="37.329848" lon="126.682802">
        <ele>2.0</ele>
      </trkpt>
      <trkpt lat="37.329866" lon="126.682853">
        <ele>2.0</ele>
      </trkpt>
      <trkpt lat="37.329885" lon="126.682905">
        <ele>2.0</ele>
      </trkpt>
      <trkpt lat="37.329903" lon="126.682956">
        <ele>2.0</ele>
      </trkpt>
      <trkpt lat="37.329922" lon="126.683008">
        <ele>2.0</ele>
      </trkpt>
      <trkpt lat="37.329941" lon="126.683059">
        <ele>2.2</ele>
      </trkpt>
      <trkpt lat="37.329959" lon="126.683111">
        <ele>2.4</ele>
      </trkpt>
      <trkpt lat="37.329978" lon="126.683162">
        <ele>2.7</ele>
      </trkpt>
      <trkpt lat="37.329997" lon="126.683213">
        <ele>3.0</ele>
      </trkpt>
      <trkpt lat="37.330002" lon="126.683250">
        <ele>3.0</ele>
      </trkpt>
      <trkpt lat="37.329974" lon="126.683294">
        <ele>3.0</ele>
      </trkpt>
      <trkpt lat="37.329946" lon="126.683339">
        <ele>2.9</ele>
      </trkpt>
      <trkpt lat="37.329919" lon="126.683383">
        <ele>2.9</ele>
      </trkpt>
      <trkpt lat="37.329891" lon="126.683428">
        <ele>2.9</ele>
      </trkpt>
      <trkpt lat="37.329863" lon="126.683472">
        <ele>2.9</ele>
      </trkpt>
      <trkpt lat="37.329835" lon="126.683516">
        <ele>2.8</ele>
      </trkpt>
      <trkpt lat="37.329807" lon="126.683561">
        <ele>2.8</ele>
      </trkpt>
      <trkpt lat="37.329779" lon="126.683605">
        <ele>2.8</ele>
      </trkpt>
      <trkpt lat="37.329752" lon="126.683650">
        <ele>2.8</ele>
      </trkpt>
      <trkpt lat="37.329724" lon="126.683694">
        <ele>2.7</ele>
      </trkpt>
      <trkpt lat="37.329696" lon="126.683738">
        <ele>2.7</ele>
      </trkpt>
      <trkpt lat="37.329668" lon="126.683783">
        <ele>2.7</ele>
      </trkpt>
      <trkpt lat="37.329640" lon="126.683827">
        <ele>2.7</ele>
      </trkpt>
      <trkpt lat="37.329612" lon="126.683872">
        <ele>2.6</ele>
      </trkpt>
      <trkpt lat="37.329585" lon="126.683916">
        <ele>2.6</ele>
      </trkpt>
      <trkpt lat="37.329557" lon="126.683960">
        <ele>2.6</ele>
      </trkpt>
      <trkpt lat="37.329529" lon="126.684005">
        <ele>2.6</ele>
      </trkpt>
      <trkpt lat="37.329501" lon="126.684049">
        <ele>2.5</ele>
      </trkpt>
      <trkpt lat="37.329473" lon="126.684094">
        <ele>2.5</ele>
      </trkpt>
      <trkpt lat="37.329445" lon="126.684138">
        <ele>2.5</ele>
      </trkpt>
      <trkpt lat="37.329417" lon="126.684183">
        <ele>2.5</ele>
      </trkpt>
      <trkpt lat="37.329390" lon="126.684227">
        <ele>2.4</ele>
      </trkpt>
      <trkpt lat="37.329362" lon="126.684271">
        <ele>2.4</ele>
      </trkpt>
      <trkpt lat="37.329334" lon="126.684316">
        <ele>2.4</ele>
      </trkpt>
      <trkpt lat="37.329306" lon="126.684360">
        <ele>2.4</ele>
      </trkpt>
      <trkpt lat="37.329278" lon="126.684405">
        <ele>2.3</ele>
      </trkpt>
      <trkpt lat="37.329250" lon="126.684449">
        <ele>2.3</ele>
      </trkpt>
      <trkpt lat="37.329223" lon="126.684493">
        <ele>2.3</ele>
      </trkpt>
      <trkpt lat="37.329195" lon="126.684538">
        <ele>2.3</ele>
      </trkpt>
      <trkpt lat="37.329167" lon="126.684582">
        <ele>2.2</ele>
      </trkpt>
      <trkpt lat="37.329139" lon="126.684627">
        <ele>2.2</ele>
      </trkpt>
      <trkpt lat="37.329111" lon="126.684671">
        <ele>2.2</ele>
      </trkpt>
      <trkpt lat="37.329083" lon="126.684715">
        <ele>2.2</ele>
      </trkpt>
      <trkpt lat="37.329056" lon="126.684760">
        <ele>2.1</ele>
      </trkpt>
      <trkpt lat="37.329028" lon="126.684804">
        <ele>2.1</ele>
      </trkpt>
      <trkpt lat="37.329000" lon="126.684849">
        <ele>2.1</ele>
      </trkpt>
      <trkpt lat="37.328972" lon="126.684893">
        <ele>2.1</ele>
      </trkpt>
      <trkpt lat="37.328944" lon="126.684938">
        <ele>2.0</ele>
      </trkpt>
      <trkpt lat="37.328916" lon="126.684982">
        <ele>2.0</ele>
      </trkpt>
      <trkpt lat="37.328889" lon="126.685026">
        <ele>2.0</ele>
      </trkpt>
      <trkpt lat="37.328861" lon="126.685071">
        <ele>2.0</ele>
      </trkpt>
      <trkpt lat="37.328833" lon="126.685115">
        <ele>2.0</ele>
      </trkpt>
      <trkpt lat="37.328805" lon="126.685159">
        <ele>2.0</ele>
      </trkpt>
      <trkpt lat="37.328777" lon="126.685204">
        <ele>2.0</ele>
      </trkpt>
      <trkpt lat="37.328750" lon="126.685249">
        <ele>2.0</ele>
      </trkpt>
      <trkpt lat="37.328722" lon="126.685293">
        <ele>2.0</ele>
      </trkpt>
      <trkpt lat="37.328694" lon="126.685338">
        <ele>2.0</ele>
      </trkpt>
      <trkpt lat="37.328667" lon="126.685382">
        <ele>2.0</ele>
      </trkpt>
      <trkpt lat="37.328639" lon="126.685427">
        <ele>1.9</ele>
      </trkpt>
      <trkpt lat="37.328612" lon="126.685472">
        <ele>1.8</ele>
      </trkpt>
      <trkpt lat="37.328585" lon="126.685517">
        <ele>1.7</ele>
      </trkpt>
      <trkpt lat="37.328558" lon="126.685562">
        <ele>1.7</ele>
      </trkpt>
      <trkpt lat="37.328530" lon="126.685607">
        <ele>1.6</ele>
      </trkpt>
      <trkpt lat="37.328503" lon="126.685652">
        <ele>1.5</ele>
      </trkpt>
      <trkpt lat="37.328476" lon="126.685697">
        <ele>1.5</ele>
      </trkpt>
      <trkpt lat="37.328448" lon="126.685742">
        <ele>1.4</ele>
      </trkpt>
      <trkpt lat="37.328421" lon="126.685787">
        <ele>1.3</ele>
      </trkpt>
      <trkpt lat="37.328394" lon="126.685832">
        <ele>1.2</ele>
      </trkpt>
      <trkpt lat="37.328367" lon="126.685877">
        <ele>1.2</ele>
      </trkpt>
      <trkpt lat="37.328339" lon="126.685922">
        <ele>1.1</ele>
      </trkpt>
      <trkpt lat="37.328312" lon="126.685967">
        <ele>1.0</ele>
      </trkpt>
      <trkpt lat="37.328285" lon="126.686012">
        <ele>1.0</ele>
      </trkpt>
      <trkpt lat="37.328258" lon="126.686057">
        <ele>1.0</ele>
      </trkpt>
      <trkpt lat="37.328231" lon="126.686102">
        <ele>1.0</ele>
      </trkpt>
      <trkpt lat="37.328217" lon="126.686144">
        <ele>1.0</ele>
      </trkpt>
      <trkpt lat="37.328247" lon="126.686170">
        <ele>1.0</ele>
      </trkpt>
      <trkpt lat="37.328283" lon="126.686203">
        <ele>1.0</ele>
      </trkpt>
      <trkpt lat="37.328320" lon="126.686235">
        <ele>1.0</ele>
      </trkpt>
      <trkpt lat="37.328356" lon="126.686270">
        <ele>1.0</ele>
      </trkpt>
      <trkpt lat="37.328392" lon="126.686304">
        <ele>1.0</ele>
      </trkpt>
      <trkpt lat="37.328427" lon="126.686339">
        <ele>1.0</ele>
      </trkpt>
      <trkpt lat="37.328463" lon="126.686374">
        <ele>1.0</ele>
      </trkpt>
      <trkpt lat="37.328498" lon="126.686408">
        <ele>1.0</ele>
      </trkpt>
      <trkpt lat="37.328533" lon="126.686443">
        <ele>1.0</ele>
      </trkpt>
      <trkpt lat="37.328569" lon="126.686478">
        <ele>1.0</ele>
      </trkpt>
      <trkpt lat="37.328604" lon="126.686513">
        <ele>1.0</ele>
      </trkpt>
      <trkpt lat="37.328640" lon="126.686547">
        <ele>1.0</ele>
      </trkpt>
      <trkpt lat="37.328675" lon="126.686582">
        <ele>1.0</ele>
      </trkpt>
      <trkpt lat="37.328711" lon="126.686617">
        <ele>1.0</ele>
      </trkpt>
      <trkpt lat="37.328746" lon="126.686652">
        <ele>1.0</ele>
      </trkpt>
      <trkpt lat="37.328782" lon="126.686686">
        <ele>1.0</ele>
      </trkpt>
      <trkpt lat="37.328818" lon="126.686719">
        <ele>1.0</ele>
      </trkpt>
      <trkpt lat="37.328855" lon="126.686753">
        <ele>1.0</ele>
      </trkpt>
      <trkpt lat="37.328889" lon="126.686783">
        <ele>1.0</ele>
      </trkpt>
      <trkpt lat="37.328885" lon="126.686824">
        <ele>1.0</ele>
      </trkpt>
      <trkpt lat="37.328857" lon="126.686869">
        <ele>1.0</ele>
      </trkpt>
      <trkpt lat="37.328830" lon="126.686914">
        <ele>1.0</ele>
      </trkpt>
      <trkpt lat="37.328802" lon="126.686958">
        <ele>1.0</ele>
      </trkpt>
      <trkpt lat="37.328775" lon="126.687003">
        <ele>1.0</ele>
      </trkpt>
      <trkpt lat="37.328747" lon="126.687048">
        <ele>1.0</ele>
      </trkpt>
      <trkpt lat="37.328720" lon="126.687093">
        <ele>1.0</ele>
      </trkpt>
      <trkpt lat="37.328692" lon="126.687137">
        <ele>1.0</ele>
      </trkpt>
      <trkpt lat="37.328665" lon="126.687182">
        <ele>1.0</ele>
      </trkpt>
      <trkpt lat="37.328638" lon="126.687227">
        <ele>1.0</ele>
      </trkpt>
      <trkpt lat="37.328610" lon="126.687272">
        <ele>1.0</ele>
      </trkpt>
      <trkpt lat="37.328583" lon="126.687317">
        <ele>1.0</ele>
      </trkpt>
      <trkpt lat="37.328555" lon="126.687361">
        <ele>1.0</ele>
      </trkpt>
      <trkpt lat="37.328528" lon="126.687406">
        <ele>1.0</ele>
      </trkpt>
      <trkpt lat="37.328500" lon="126.687451">
        <ele>1.0</ele>
      </trkpt>
      <trkpt lat="37.328473" lon="126.687496">
        <ele>1.0</ele>
      </trkpt>
      <trkpt lat="37.328445" lon="126.687541">
        <ele>1.0</ele>
      </trkpt>
      <trkpt lat="37.328418" lon="126.687585">
        <ele>1.0</ele>
      </trkpt>
      <trkpt lat="37.328390" lon="126.687630">
        <ele>1.0</ele>
      </trkpt>
      <trkpt lat="37.328363" lon="126.687675">
        <ele>1.0</ele>
      </trkpt>
      <trkpt lat="37.328336" lon="126.687720">
        <ele>1.0</ele>
      </trkpt>
      <trkpt lat="37.328308" lon="126.687764">
        <ele>1.0</ele>
      </trkpt>
      <trkpt lat="37.328281" lon="126.687809">
        <ele>1.0</ele>
      </trkpt>
      <trkpt lat="37.328253" lon="126.687854">
        <ele>1.0</ele>
      </trkpt>
      <trkpt lat="37.328226" lon="126.687899">
        <ele>1.0</ele>
      </trkpt>
      <trkpt lat="37.328198" lon="126.687944">
        <ele>1.0</ele>
      </trkpt>
      <trkpt lat="37.328171" lon="126.687988">
        <ele>1.0</ele>
      </trkpt>
      <trkpt lat="37.328156" lon="126.688031">
        <ele>1.0</ele>
      </trkpt>
      <trkpt lat="37.328183" lon="126.688037">
        <ele>1.0</ele>
      </trkpt>
      <trkpt lat="37.328199" lon="126.688073">
        <ele>1.0</ele>
      </trkpt>
      <trkpt lat="37.328235" lon="126.688107">
        <ele>1.0</ele>
      </trkpt>
      <trkpt lat="37.328270" lon="126.688142">
        <ele>1.0</ele>
      </trkpt>
      <trkpt lat="37.328306" lon="126.688176">
        <ele>1.0</ele>
      </trkpt>
      <trkpt lat="37.328342" lon="126.688211">
        <ele>1.0</ele>
      </trkpt>
      <trkpt lat="37.328377" lon="126.688245">
        <ele>1.0</ele>
      </trkpt>
      <trkpt lat="37.328413" lon="126.688279">
        <ele>1.0</ele>
      </trkpt>
      <trkpt lat="37.328449" lon="126.688314">
        <ele>1.0</ele>
      </trkpt>
      <trkpt lat="37.328485" lon="126.688348">
        <ele>1.0</ele>
      </trkpt>
      <trkpt lat="37.328520" lon="126.688383">
        <ele>1.0</ele>
      </trkpt>
      <trkpt lat="37.328556" lon="126.688417">
        <ele>1.0</ele>
      </trkpt>
      <trkpt lat="37.328592" lon="126.688451">
        <ele>1.0</ele>
      </trkpt>
      <trkpt lat="37.328627" lon="126.688486">
        <ele>1.0</ele>
      </trkpt>
      <trkpt lat="37.328639" lon="126.688489">
        <ele>1.0</ele>
      </trkpt>
    </trkseg>
  </trk>
</gpx>