<?xml version="1.0" encoding="UTF-8"?>
<gpx version="1.1" creator="Runruun Standard GPX Engine" xmlns="http://www.topografix.com/GPX/1/1">
  <metadata>
    <name>ulsan_run_festa_half</name>
  </metadata>
  <trk>
    <name>ulsan_run_festa_half</name>
    <trkseg>
      <trkpt lat="35.531772" lon="129.272325">
        <ele>67.0</ele>
      </trkpt>
      <trkpt lat="35.531800" lon="129.272303">
        <ele>78.4</ele>
      </trkpt>
      <trkpt lat="35.531797" lon="129.272250">
        <ele>77.7</ele>
      </trkpt>
      <trkpt lat="35.531785" lon="129.272197">
        <ele>77.0</ele>
      </trkpt>
      <trkpt lat="35.531774" lon="129.272143">
        <ele>76.2</ele>
      </trkpt>
      <trkpt lat="35.531762" lon="129.272090">
        <ele>75.5</ele>
      </trkpt>
      <trkpt lat="35.531751" lon="129.272037">
        <ele>74.7</ele>
      </trkpt>
      <trkpt lat="35.531740" lon="129.271983">
        <ele>73.9</ele>
      </trkpt>
      <trkpt lat="35.531728" lon="129.271930">
        <ele>73.2</ele>
      </trkpt>
      <trkpt lat="35.531717" lon="129.271876">
        <ele>72.4</ele>
      </trkpt>
      <trkpt lat="35.531693" lon="129.271830">
        <ele>71.6</ele>
      </trkpt>
      <trkpt lat="35.531654" lon="129.271808">
        <ele>71.1</ele>
      </trkpt>
      <trkpt lat="35.531610" lon="129.271813">
        <ele>71.6</ele>
      </trkpt>
      <trkpt lat="35.531566" lon="129.271825">
        <ele>72.4</ele>
      </trkpt>
      <trkpt lat="35.531527" lon="129.271814">
        <ele>72.8</ele>
      </trkpt>
      <trkpt lat="35.531493" lon="129.271778">
        <ele>72.8</ele>
      </trkpt>
      <trkpt lat="35.531459" lon="129.271741">
        <ele>72.8</ele>
      </trkpt>
      <trkpt lat="35.531425" lon="129.271705">
        <ele>72.8</ele>
      </trkpt>
      <trkpt lat="35.531394" lon="129.271666">
        <ele>72.8</ele>
      </trkpt>
      <trkpt lat="35.531381" lon="129.271614">
        <ele>72.7</ele>
      </trkpt>
      <trkpt lat="35.531369" lon="129.271561">
        <ele>72.6</ele>
      </trkpt>
      <trkpt lat="35.531356" lon="129.271508">
        <ele>72.4</ele>
      </trkpt>
      <trkpt lat="35.531343" lon="129.271455">
        <ele>72.3</ele>
      </trkpt>
      <trkpt lat="35.531330" lon="129.271402">
        <ele>72.2</ele>
      </trkpt>
      <trkpt lat="35.531317" lon="129.271349">
        <ele>72.1</ele>
      </trkpt>
      <trkpt lat="35.531305" lon="129.271296">
        <ele>72.0</ele>
      </trkpt>
      <trkpt lat="35.531292" lon="129.271243">
        <ele>71.9</ele>
      </trkpt>
      <trkpt lat="35.531282" lon="129.271201">
        <ele>72.0</ele>
      </trkpt>
      <trkpt lat="35.531269" lon="129.271148">
        <ele>72.0</ele>
      </trkpt>
      <trkpt lat="35.531257" lon="129.271095">
        <ele>71.9</ele>
      </trkpt>
      <trkpt lat="35.531244" lon="129.271042">
        <ele>71.9</ele>
      </trkpt>
      <trkpt lat="35.531231" lon="129.270989">
        <ele>71.9</ele>
      </trkpt>
      <trkpt lat="35.531219" lon="129.270936">
        <ele>71.8</ele>
      </trkpt>
      <trkpt lat="35.531206" lon="129.270883">
        <ele>71.8</ele>
      </trkpt>
      <trkpt lat="35.531193" lon="129.270830">
        <ele>71.7</ele>
      </trkpt>
      <trkpt lat="35.531180" lon="129.270777">
        <ele>71.5</ele>
      </trkpt>
      <trkpt lat="35.531167" lon="129.270724">
        <ele>71.3</ele>
      </trkpt>
      <trkpt lat="35.531154" lon="129.270671">
        <ele>71.1</ele>
      </trkpt>
      <trkpt lat="35.531141" lon="129.270618">
        <ele>70.9</ele>
      </trkpt>
      <trkpt lat="35.531128" lon="129.270566">
        <ele>70.7</ele>
      </trkpt>
      <trkpt lat="35.531115" lon="129.270513">
        <ele>70.5</ele>
      </trkpt>
      <trkpt lat="35.531102" lon="129.270460">
        <ele>70.3</ele>
      </trkpt>
      <trkpt lat="35.531089" lon="129.270407">
        <ele>70.0</ele>
      </trkpt>
      <trkpt lat="35.531076" lon="129.270354">
        <ele>69.8</ele>
      </trkpt>
      <trkpt lat="35.531063" lon="129.270301">
        <ele>69.6</ele>
      </trkpt>
      <trkpt lat="35.531050" lon="129.270248">
        <ele>69.4</ele>
      </trkpt>
      <trkpt lat="35.531037" lon="129.270195">
        <ele>69.2</ele>
      </trkpt>
      <trkpt lat="35.531024" lon="129.270142">
        <ele>69.0</ele>
      </trkpt>
      <trkpt lat="35.531020" lon="129.270088">
        <ele>68.7</ele>
      </trkpt>
      <trkpt lat="35.531016" lon="129.270032">
        <ele>68.5</ele>
      </trkpt>
      <trkpt lat="35.531017" lon="129.269978">
        <ele>68.2</ele>
      </trkpt>
      <trkpt lat="35.531025" lon="129.269923">
        <ele>68.1</ele>
      </trkpt>
      <trkpt lat="35.531041" lon="129.269872">
        <ele>67.8</ele>
      </trkpt>
      <trkpt lat="35.531062" lon="129.269824">
        <ele>67.6</ele>
      </trkpt>
      <trkpt lat="35.531091" lon="129.269782">
        <ele>67.4</ele>
      </trkpt>
      <trkpt lat="35.531123" lon="129.269743">
        <ele>67.1</ele>
      </trkpt>
      <trkpt lat="35.531155" lon="129.269704">
        <ele>66.7</ele>
      </trkpt>
      <trkpt lat="35.531192" lon="129.269672">
        <ele>66.2</ele>
      </trkpt>
      <trkpt lat="35.531230" lon="129.269644">
        <ele>65.7</ele>
      </trkpt>
      <trkpt lat="35.531269" lon="129.269616">
        <ele>65.2</ele>
      </trkpt>
      <trkpt lat="35.531308" lon="129.269588">
        <ele>64.6</ele>
      </trkpt>
      <trkpt lat="35.531347" lon="129.269560">
        <ele>64.1</ele>
      </trkpt>
      <trkpt lat="35.531388" lon="129.269539">
        <ele>63.6</ele>
      </trkpt>
      <trkpt lat="35.531430" lon="129.269519">
        <ele>63.0</ele>
      </trkpt>
      <trkpt lat="35.531472" lon="129.269499">
        <ele>62.5</ele>
      </trkpt>
      <trkpt lat="35.531514" lon="129.269480">
        <ele>61.9</ele>
      </trkpt>
      <trkpt lat="35.531556" lon="129.269460">
        <ele>61.3</ele>
      </trkpt>
      <trkpt lat="35.531599" lon="129.269442">
        <ele>60.9</ele>
      </trkpt>
      <trkpt lat="35.531642" lon="129.269426">
        <ele>60.5</ele>
      </trkpt>
      <trkpt lat="35.531685" lon="129.269411">
        <ele>60.2</ele>
      </trkpt>
      <trkpt lat="35.531728" lon="129.269395">
        <ele>59.9</ele>
      </trkpt>
      <trkpt lat="35.531771" lon="129.269379">
        <ele>59.5</ele>
      </trkpt>
      <trkpt lat="35.531814" lon="129.269364">
        <ele>59.2</ele>
      </trkpt>
      <trkpt lat="35.531857" lon="129.269349">
        <ele>58.9</ele>
      </trkpt>
      <trkpt lat="35.531901" lon="129.269334">
        <ele>58.7</ele>
      </trkpt>
      <trkpt lat="35.531944" lon="129.269319">
        <ele>58.4</ele>
      </trkpt>
      <trkpt lat="35.531987" lon="129.269304">
        <ele>58.1</ele>
      </trkpt>
      <trkpt lat="35.532031" lon="129.269289">
        <ele>57.8</ele>
      </trkpt>
      <trkpt lat="35.532074" lon="129.269274">
        <ele>57.5</ele>
      </trkpt>
      <trkpt lat="35.532117" lon="129.269259">
        <ele>57.2</ele>
      </trkpt>
      <trkpt lat="35.532160" lon="129.269244">
        <ele>57.0</ele>
      </trkpt>
      <trkpt lat="35.532204" lon="129.269229">
        <ele>56.7</ele>
      </trkpt>
      <trkpt lat="35.532247" lon="129.269214">
        <ele>56.4</ele>
      </trkpt>
      <trkpt lat="35.532290" lon="129.269199">
        <ele>56.1</ele>
      </trkpt>
      <trkpt lat="35.532334" lon="129.269184">
        <ele>55.8</ele>
      </trkpt>
      <trkpt lat="35.532362" lon="129.269181">
        <ele>55.5</ele>
      </trkpt>
      <trkpt lat="35.532407" lon="129.269181">
        <ele>55.4</ele>
      </trkpt>
      <trkpt lat="35.532452" lon="129.269180">
        <ele>55.3</ele>
      </trkpt>
      <trkpt lat="35.532496" lon="129.269183">
        <ele>55.2</ele>
      </trkpt>
      <trkpt lat="35.532541" lon="129.269187">
        <ele>55.1</ele>
      </trkpt>
      <trkpt lat="35.532586" lon="129.269190">
        <ele>55.0</ele>
      </trkpt>
      <trkpt lat="35.532631" lon="129.269194">
        <ele>54.8</ele>
      </trkpt>
      <trkpt lat="35.532676" lon="129.269200">
        <ele>54.7</ele>
      </trkpt>
      <trkpt lat="35.532720" lon="129.269207">
        <ele>54.6</ele>
      </trkpt>
      <trkpt lat="35.532765" lon="129.269215">
        <ele>54.5</ele>
      </trkpt>
      <trkpt lat="35.532809" lon="129.269222">
        <ele>54.4</ele>
      </trkpt>
      <trkpt lat="35.532854" lon="129.269230">
        <ele>54.3</ele>
      </trkpt>
      <trkpt lat="35.532899" lon="129.269237">
        <ele>54.2</ele>
      </trkpt>
      <trkpt lat="35.532943" lon="129.269244">
        <ele>54.1</ele>
      </trkpt>
      <trkpt lat="35.532988" lon="129.269248">
        <ele>53.9</ele>
      </trkpt>
      <trkpt lat="35.533033" lon="129.269247">
        <ele>53.7</ele>
      </trkpt>
      <trkpt lat="35.533078" lon="129.269245">
        <ele>53.5</ele>
      </trkpt>
      <trkpt lat="35.533122" lon="129.269235">
        <ele>53.3</ele>
      </trkpt>
      <trkpt lat="35.533166" lon="129.269223">
        <ele>53.0</ele>
      </trkpt>
      <trkpt lat="35.533209" lon="129.269209">
        <ele>52.7</ele>
      </trkpt>
      <trkpt lat="35.533251" lon="129.269191">
        <ele>52.3</ele>
      </trkpt>
      <trkpt lat="35.533294" lon="129.269171">
        <ele>52.0</ele>
      </trkpt>
      <trkpt lat="35.533334" lon="129.269146">
        <ele>52.0</ele>
      </trkpt>
      <trkpt lat="35.533374" lon="129.269121">
        <ele>52.0</ele>
      </trkpt>
      <trkpt lat="35.533412" lon="129.269092">
        <ele>52.2</ele>
      </trkpt>
      <trkpt lat="35.533450" lon="129.269062">
        <ele>52.5</ele>
      </trkpt>
      <trkpt lat="35.533485" lon="129.269028">
        <ele>52.5</ele>
      </trkpt>
      <trkpt lat="35.533519" lon="129.268992">
        <ele>52.5</ele>
      </trkpt>
      <trkpt lat="35.533551" lon="129.268953">
        <ele>52.5</ele>
      </trkpt>
      <trkpt lat="35.533581" lon="129.268912">
        <ele>52.5</ele>
      </trkpt>
      <trkpt lat="35.533608" lon="129.268868">
        <ele>52.5</ele>
      </trkpt>
      <trkpt lat="35.533631" lon="129.268821">
        <ele>52.4</ele>
      </trkpt>
      <trkpt lat="35.533652" lon="129.268772">
        <ele>52.2</ele>
      </trkpt>
      <trkpt lat="35.533670" lon="129.268721">
        <ele>51.9</ele>
      </trkpt>
      <trkpt lat="35.533684" lon="129.268684">
        <ele>51.8</ele>
      </trkpt>
      <trkpt lat="35.533697" lon="129.268631">
        <ele>51.6</ele>
      </trkpt>
      <trkpt lat="35.533708" lon="129.268578">
        <ele>51.3</ele>
      </trkpt>
      <trkpt lat="35.533716" lon="129.268524">
        <ele>51.0</ele>
      </trkpt>
      <trkpt lat="35.533722" lon="129.268469">
        <ele>50.6</ele>
      </trkpt>
      <trkpt lat="35.533729" lon="129.268414">
        <ele>50.3</ele>
      </trkpt>
      <trkpt lat="35.533735" lon="129.268360">
        <ele>49.9</ele>
      </trkpt>
      <trkpt lat="35.533738" lon="129.268305">
        <ele>49.7</ele>
      </trkpt>
      <trkpt lat="35.533738" lon="129.268249">
        <ele>49.4</ele>
      </trkpt>
      <trkpt lat="35.533738" lon="129.268194">
        <ele>49.2</ele>
      </trkpt>
      <trkpt lat="35.533739" lon="129.268139">
        <ele>48.9</ele>
      </trkpt>
      <trkpt lat="35.533739" lon="129.268084">
        <ele>48.7</ele>
      </trkpt>
      <trkpt lat="35.533739" lon="129.268028">
        <ele>48.5</ele>
      </trkpt>
      <trkpt lat="35.533739" lon="129.267973">
        <ele>48.2</ele>
      </trkpt>
      <trkpt lat="35.533739" lon="129.267918">
        <ele>48.0</ele>
      </trkpt>
      <trkpt lat="35.533739" lon="129.267863">
        <ele>47.8</ele>
      </trkpt>
      <trkpt lat="35.533739" lon="129.267807">
        <ele>47.5</ele>
      </trkpt>
      <trkpt lat="35.533740" lon="129.267752">
        <ele>47.3</ele>
      </trkpt>
      <trkpt lat="35.533740" lon="129.267697">
        <ele>47.0</ele>
      </trkpt>
      <trkpt lat="35.533740" lon="129.267642">
        <ele>46.8</ele>
      </trkpt>
      <trkpt lat="35.533740" lon="129.267586">
        <ele>46.6</ele>
      </trkpt>
      <trkpt lat="35.533740" lon="129.267531">
        <ele>46.3</ele>
      </trkpt>
      <trkpt lat="35.533740" lon="129.267476">
        <ele>46.1</ele>
      </trkpt>
      <trkpt lat="35.533740" lon="129.267421">
        <ele>45.9</ele>
      </trkpt>
      <trkpt lat="35.533741" lon="129.267365">
        <ele>45.6</ele>
      </trkpt>
      <trkpt lat="35.533741" lon="129.267310">
        <ele>45.4</ele>
      </trkpt>
      <trkpt lat="35.533741" lon="129.267255">
        <ele>45.1</ele>
      </trkpt>
      <trkpt lat="35.533741" lon="129.267199">
        <ele>44.9</ele>
      </trkpt>
      <trkpt lat="35.533741" lon="129.267144">
        <ele>44.7</ele>
      </trkpt>
      <trkpt lat="35.533741" lon="129.267089">
        <ele>44.4</ele>
      </trkpt>
      <trkpt lat="35.533741" lon="129.267034">
        <ele>44.2</ele>
      </trkpt>
      <trkpt lat="35.533742" lon="129.266978">
        <ele>44.0</ele>
      </trkpt>
      <trkpt lat="35.533742" lon="129.266923">
        <ele>43.7</ele>
      </trkpt>
      <trkpt lat="35.533742" lon="129.266868">
        <ele>43.5</ele>
      </trkpt>
      <trkpt lat="35.533742" lon="129.266813">
        <ele>43.2</ele>
      </trkpt>
      <trkpt lat="35.533742" lon="129.266757">
        <ele>43.0</ele>
      </trkpt>
      <trkpt lat="35.533742" lon="129.266702">
        <ele>42.8</ele>
      </trkpt>
      <trkpt lat="35.533742" lon="129.266647">
        <ele>42.5</ele>
      </trkpt>
      <trkpt lat="35.533743" lon="129.266592">
        <ele>42.3</ele>
      </trkpt>
      <trkpt lat="35.533743" lon="129.266536">
        <ele>42.1</ele>
      </trkpt>
      <trkpt lat="35.533743" lon="129.266481">
        <ele>41.8</ele>
      </trkpt>
      <trkpt lat="35.533743" lon="129.266426">
        <ele>41.6</ele>
      </trkpt>
      <trkpt lat="35.533743" lon="129.266371">
        <ele>41.3</ele>
      </trkpt>
      <trkpt lat="35.533743" lon="129.266315">
        <ele>41.1</ele>
      </trkpt>
      <trkpt lat="35.533743" lon="129.266260">
        <ele>40.9</ele>
      </trkpt>
      <trkpt lat="35.533744" lon="129.266205">
        <ele>40.6</ele>
      </trkpt>
      <trkpt lat="35.533744" lon="129.266150">
        <ele>40.4</ele>
      </trkpt>
      <trkpt lat="35.533744" lon="129.266094">
        <ele>40.2</ele>
      </trkpt>
      <trkpt lat="35.533744" lon="129.266039">
        <ele>39.9</ele>
      </trkpt>
      <trkpt lat="35.533743" lon="129.265984">
        <ele>39.7</ele>
      </trkpt>
      <trkpt lat="35.533742" lon="129.265929">
        <ele>39.4</ele>
      </trkpt>
      <trkpt lat="35.533741" lon="129.265873">
        <ele>39.1</ele>
      </trkpt>
      <trkpt lat="35.533740" lon="129.265818">
        <ele>38.9</ele>
      </trkpt>
      <trkpt lat="35.533739" lon="129.265763">
        <ele>38.6</ele>
      </trkpt>
      <trkpt lat="35.533734" lon="129.265708">
        <ele>38.4</ele>
      </trkpt>
      <trkpt lat="35.533727" lon="129.265654">
        <ele>38.1</ele>
      </trkpt>
      <trkpt lat="35.533719" lon="129.265599">
        <ele>37.9</ele>
      </trkpt>
      <trkpt lat="35.533705" lon="129.265547">
        <ele>37.7</ele>
      </trkpt>
      <trkpt lat="35.533688" lon="129.265496">
        <ele>37.5</ele>
      </trkpt>
      <trkpt lat="35.533671" lon="129.265447">
        <ele>37.3</ele>
      </trkpt>
      <trkpt lat="35.533678" lon="129.265502">
        <ele>37.7</ele>
      </trkpt>
      <trkpt lat="35.533674" lon="129.265473">
        <ele>37.4</ele>
      </trkpt>
      <trkpt lat="35.533659" lon="129.265422">
        <ele>37.2</ele>
      </trkpt>
      <trkpt lat="35.533634" lon="129.265376">
        <ele>37.1</ele>
      </trkpt>
      <trkpt lat="35.533610" lon="129.265330">
        <ele>37.0</ele>
      </trkpt>
      <trkpt lat="35.533578" lon="129.265291">
        <ele>36.9</ele>
      </trkpt>
      <trkpt lat="35.533545" lon="129.265253">
        <ele>36.9</ele>
      </trkpt>
      <trkpt lat="35.533511" lon="129.265218">
        <ele>36.8</ele>
      </trkpt>
      <trkpt lat="35.533473" lon="129.265188">
        <ele>36.7</ele>
      </trkpt>
      <trkpt lat="35.533436" lon="129.265157">
        <ele>36.6</ele>
      </trkpt>
      <trkpt lat="35.533399" lon="129.265126">
        <ele>36.5</ele>
      </trkpt>
      <trkpt lat="35.533363" lon="129.265093">
        <ele>36.5</ele>
      </trkpt>
      <trkpt lat="35.533327" lon="129.265060">
        <ele>36.5</ele>
      </trkpt>
      <trkpt lat="35.533291" lon="129.265026">
        <ele>36.6</ele>
      </trkpt>
      <trkpt lat="35.533257" lon="129.264990">
        <ele>36.9</ele>
      </trkpt>
      <trkpt lat="35.533223" lon="129.264954">
        <ele>37.2</ele>
      </trkpt>
      <trkpt lat="35.533189" lon="129.264917">
        <ele>37.5</ele>
      </trkpt>
      <trkpt lat="35.533157" lon="129.264878">
        <ele>37.9</ele>
      </trkpt>
      <trkpt lat="35.533126" lon="129.264839">
        <ele>38.2</ele>
      </trkpt>
      <trkpt lat="35.533094" lon="129.264800">
        <ele>38.5</ele>
      </trkpt>
      <trkpt lat="35.533062" lon="129.264761">
        <ele>38.8</ele>
      </trkpt>
      <trkpt lat="35.533030" lon="129.264722">
        <ele>39.1</ele>
      </trkpt>
      <trkpt lat="35.532999" lon="129.264682">
        <ele>39.4</ele>
      </trkpt>
      <trkpt lat="35.532968" lon="129.264643">
        <ele>39.6</ele>
      </trkpt>
      <trkpt lat="35.532936" lon="129.264603">
        <ele>39.9</ele>
      </trkpt>
      <trkpt lat="35.532905" lon="129.264564">
        <ele>40.2</ele>
      </trkpt>
      <trkpt lat="35.532873" lon="129.264524">
        <ele>40.4</ele>
      </trkpt>
      <trkpt lat="35.532844" lon="129.264482">
        <ele>40.7</ele>
      </trkpt>
      <trkpt lat="35.532815" lon="129.264440">
        <ele>41.0</ele>
      </trkpt>
      <trkpt lat="35.532786" lon="129.264398">
        <ele>41.2</ele>
      </trkpt>
      <trkpt lat="35.532757" lon="129.264356">
        <ele>41.5</ele>
      </trkpt>
      <trkpt lat="35.532730" lon="129.264311">
        <ele>41.7</ele>
      </trkpt>
      <trkpt lat="35.532704" lon="129.264266">
        <ele>41.9</ele>
      </trkpt>
      <trkpt lat="35.532677" lon="129.264222">
        <ele>42.2</ele>
      </trkpt>
      <trkpt lat="35.532652" lon="129.264176">
        <ele>42.4</ele>
      </trkpt>
      <trkpt lat="35.532627" lon="129.264130">
        <ele>42.7</ele>
      </trkpt>
      <trkpt lat="35.532603" lon="129.264083">
        <ele>43.0</ele>
      </trkpt>
      <trkpt lat="35.532579" lon="129.264037">
        <ele>43.3</ele>
      </trkpt>
      <trkpt lat="35.532554" lon="129.263990">
        <ele>43.6</ele>
      </trkpt>
      <trkpt lat="35.532531" lon="129.263943">
        <ele>43.9</ele>
      </trkpt>
      <trkpt lat="35.532510" lon="129.263894">
        <ele>44.2</ele>
      </trkpt>
      <trkpt lat="35.532489" lon="129.263846">
        <ele>44.5</ele>
      </trkpt>
      <trkpt lat="35.532467" lon="129.263797">
        <ele>44.7</ele>
      </trkpt>
      <trkpt lat="35.532448" lon="129.263747">
        <ele>45.0</ele>
      </trkpt>
      <trkpt lat="35.532429" lon="129.263697">
        <ele>45.4</ele>
      </trkpt>
      <trkpt lat="35.532411" lon="129.263647">
        <ele>45.7</ele>
      </trkpt>
      <trkpt lat="35.532393" lon="129.263596">
        <ele>46.1</ele>
      </trkpt>
      <trkpt lat="35.532375" lon="129.263545">
        <ele>46.4</ele>
      </trkpt>
      <trkpt lat="35.532359" lon="129.263493">
        <ele>46.6</ele>
      </trkpt>
      <trkpt lat="35.532344" lon="129.263442">
        <ele>46.9</ele>
      </trkpt>
      <trkpt lat="35.532328" lon="129.263390">
        <ele>47.1</ele>
      </trkpt>
      <trkpt lat="35.532312" lon="129.263338">
        <ele>47.4</ele>
      </trkpt>
      <trkpt lat="35.532296" lon="129.263287">
        <ele>47.6</ele>
      </trkpt>
      <trkpt lat="35.532280" lon="129.263235">
        <ele>47.9</ele>
      </trkpt>
      <trkpt lat="35.532267" lon="129.263182">
        <ele>48.1</ele>
      </trkpt>
      <trkpt lat="35.532257" lon="129.263128">
        <ele>48.2</ele>
      </trkpt>
      <trkpt lat="35.532248" lon="129.263074">
        <ele>48.3</ele>
      </trkpt>
      <trkpt lat="35.532238" lon="129.263020">
        <ele>48.4</ele>
      </trkpt>
      <trkpt lat="35.532228" lon="129.262966">
        <ele>48.5</ele>
      </trkpt>
      <trkpt lat="35.532218" lon="129.262913">
        <ele>48.6</ele>
      </trkpt>
      <trkpt lat="35.532208" lon="129.262859">
        <ele>48.7</ele>
      </trkpt>
      <trkpt lat="35.532198" lon="129.262805">
        <ele>48.8</ele>
      </trkpt>
      <trkpt lat="35.532192" lon="129.262750">
        <ele>48.8</ele>
      </trkpt>
      <trkpt lat="35.532185" lon="129.262695">
        <ele>48.8</ele>
      </trkpt>
      <trkpt lat="35.532179" lon="129.262641">
        <ele>48.8</ele>
      </trkpt>
      <trkpt lat="35.532173" lon="129.262586">
        <ele>48.8</ele>
      </trkpt>
      <trkpt lat="35.532168" lon="129.262531">
        <ele>48.8</ele>
      </trkpt>
      <trkpt lat="35.532164" lon="129.262476">
        <ele>48.8</ele>
      </trkpt>
      <trkpt lat="35.532159" lon="129.262421">
        <ele>48.8</ele>
      </trkpt>
      <trkpt lat="35.532155" lon="129.262366">
        <ele>48.7</ele>
      </trkpt>
      <trkpt lat="35.532151" lon="129.262311">
        <ele>48.7</ele>
      </trkpt>
      <trkpt lat="35.532146" lon="129.262256">
        <ele>48.7</ele>
      </trkpt>
      <trkpt lat="35.532142" lon="129.262201">
        <ele>48.7</ele>
      </trkpt>
      <trkpt lat="35.532137" lon="129.262146">
        <ele>48.7</ele>
      </trkpt>
      <trkpt lat="35.532133" lon="129.262091">
        <ele>48.7</ele>
      </trkpt>
      <trkpt lat="35.532129" lon="129.262036">
        <ele>48.6</ele>
      </trkpt>
      <trkpt lat="35.532124" lon="129.261981">
        <ele>48.6</ele>
      </trkpt>
      <trkpt lat="35.532120" lon="129.261926">
        <ele>48.6</ele>
      </trkpt>
      <trkpt lat="35.532115" lon="129.261871">
        <ele>48.6</ele>
      </trkpt>
      <trkpt lat="35.532111" lon="129.261816">
        <ele>48.6</ele>
      </trkpt>
      <trkpt lat="35.532107" lon="129.261761">
        <ele>48.6</ele>
      </trkpt>
      <trkpt lat="35.532102" lon="129.261706">
        <ele>48.5</ele>
      </trkpt>
      <trkpt lat="35.532098" lon="129.261651">
        <ele>48.5</ele>
      </trkpt>
      <trkpt lat="35.532093" lon="129.261596">
        <ele>48.5</ele>
      </trkpt>
      <trkpt lat="35.532089" lon="129.261541">
        <ele>48.5</ele>
      </trkpt>
      <trkpt lat="35.532086" lon="129.261486">
        <ele>48.6</ele>
      </trkpt>
      <trkpt lat="35.532083" lon="129.261431">
        <ele>48.6</ele>
      </trkpt>
      <trkpt lat="35.532080" lon="129.261376">
        <ele>48.7</ele>
      </trkpt>
      <trkpt lat="35.532077" lon="129.261321">
        <ele>48.8</ele>
      </trkpt>
      <trkpt lat="35.532074" lon="129.261266">
        <ele>48.8</ele>
      </trkpt>
      <trkpt lat="35.532072" lon="129.261210">
        <ele>48.9</ele>
      </trkpt>
      <trkpt lat="35.532070" lon="129.261155">
        <ele>48.9</ele>
      </trkpt>
      <trkpt lat="35.532069" lon="129.261100">
        <ele>49.0</ele>
      </trkpt>
      <trkpt lat="35.532067" lon="129.261045">
        <ele>49.5</ele>
      </trkpt>
      <trkpt lat="35.532066" lon="129.260989">
        <ele>50.2</ele>
      </trkpt>
      <trkpt lat="35.532060" lon="129.260941">
        <ele>50.8</ele>
      </trkpt>
      <trkpt lat="35.532064" lon="129.260912">
        <ele>49.4</ele>
      </trkpt>
      <trkpt lat="35.532064" lon="129.260857">
        <ele>49.5</ele>
      </trkpt>
      <trkpt lat="35.532063" lon="129.260802">
        <ele>49.7</ele>
      </trkpt>
      <trkpt lat="35.532062" lon="129.260746">
        <ele>49.8</ele>
      </trkpt>
      <trkpt lat="35.532061" lon="129.260691">
        <ele>50.0</ele>
      </trkpt>
      <trkpt lat="35.532060" lon="129.260636">
        <ele>50.1</ele>
      </trkpt>
      <trkpt lat="35.532059" lon="129.260581">
        <ele>50.3</ele>
      </trkpt>
      <trkpt lat="35.532058" lon="129.260525">
        <ele>50.4</ele>
      </trkpt>
      <trkpt lat="35.532057" lon="129.260470">
        <ele>50.6</ele>
      </trkpt>
      <trkpt lat="35.532056" lon="129.260415">
        <ele>50.7</ele>
      </trkpt>
      <trkpt lat="35.532055" lon="129.260360">
        <ele>50.9</ele>
      </trkpt>
      <trkpt lat="35.532056" lon="129.260304">
        <ele>51.1</ele>
      </trkpt>
      <trkpt lat="35.532056" lon="129.260249">
        <ele>51.3</ele>
      </trkpt>
      <trkpt lat="35.532056" lon="129.260194">
        <ele>51.5</ele>
      </trkpt>
      <trkpt lat="35.532057" lon="129.260139">
        <ele>51.7</ele>
      </trkpt>
      <trkpt lat="35.532057" lon="129.260083">
        <ele>51.9</ele>
      </trkpt>
      <trkpt lat="35.532057" lon="129.260028">
        <ele>52.1</ele>
      </trkpt>
      <trkpt lat="35.532058" lon="129.259973">
        <ele>52.3</ele>
      </trkpt>
      <trkpt lat="35.532058" lon="129.259918">
        <ele>52.5</ele>
      </trkpt>
      <trkpt lat="35.532059" lon="129.259862">
        <ele>52.7</ele>
      </trkpt>
      <trkpt lat="35.532059" lon="129.259807">
        <ele>52.9</ele>
      </trkpt>
      <trkpt lat="35.532059" lon="129.259752">
        <ele>53.2</ele>
      </trkpt>
      <trkpt lat="35.532059" lon="129.259697">
        <ele>53.5</ele>
      </trkpt>
      <trkpt lat="35.532060" lon="129.259641">
        <ele>53.8</ele>
      </trkpt>
      <trkpt lat="35.532060" lon="129.259586">
        <ele>54.1</ele>
      </trkpt>
      <trkpt lat="35.532060" lon="129.259531">
        <ele>54.3</ele>
      </trkpt>
      <trkpt lat="35.532060" lon="129.259476">
        <ele>54.4</ele>
      </trkpt>
      <trkpt lat="35.532060" lon="129.259420">
        <ele>54.4</ele>
      </trkpt>
      <trkpt lat="35.532060" lon="129.259365">
        <ele>54.5</ele>
      </trkpt>
      <trkpt lat="35.532061" lon="129.259310">
        <ele>54.6</ele>
      </trkpt>
      <trkpt lat="35.532061" lon="129.259255">
        <ele>54.6</ele>
      </trkpt>
      <trkpt lat="35.532061" lon="129.259199">
        <ele>54.7</ele>
      </trkpt>
      <trkpt lat="35.532061" lon="129.259144">
        <ele>54.7</ele>
      </trkpt>
      <trkpt lat="35.532061" lon="129.259089">
        <ele>54.8</ele>
      </trkpt>
      <trkpt lat="35.532061" lon="129.259034">
        <ele>54.9</ele>
      </trkpt>
      <trkpt lat="35.532061" lon="129.258978">
        <ele>54.9</ele>
      </trkpt>
      <trkpt lat="35.532062" lon="129.258923">
        <ele>55.0</ele>
      </trkpt>
      <trkpt lat="35.532062" lon="129.258868">
        <ele>55.0</ele>
      </trkpt>
      <trkpt lat="35.532062" lon="129.258813">
        <ele>55.1</ele>
      </trkpt>
      <trkpt lat="35.532062" lon="129.258757">
        <ele>55.2</ele>
      </trkpt>
      <trkpt lat="35.532062" lon="129.258702">
        <ele>55.2</ele>
      </trkpt>
      <trkpt lat="35.532062" lon="129.258647">
        <ele>55.3</ele>
      </trkpt>
      <trkpt lat="35.532062" lon="129.258592">
        <ele>55.3</ele>
      </trkpt>
      <trkpt lat="35.532062" lon="129.258536">
        <ele>55.4</ele>
      </trkpt>
      <trkpt lat="35.532063" lon="129.258481">
        <ele>55.5</ele>
      </trkpt>
      <trkpt lat="35.532063" lon="129.258426">
        <ele>55.5</ele>
      </trkpt>
      <trkpt lat="35.532063" lon="129.258370">
        <ele>55.6</ele>
      </trkpt>
      <trkpt lat="35.532063" lon="129.258315">
        <ele>55.6</ele>
      </trkpt>
      <trkpt lat="35.532063" lon="129.258260">
        <ele>55.7</ele>
      </trkpt>
      <trkpt lat="35.532063" lon="129.258205">
        <ele>55.8</ele>
      </trkpt>
      <trkpt lat="35.532063" lon="129.258149">
        <ele>55.8</ele>
      </trkpt>
      <trkpt lat="35.532063" lon="129.258094">
        <ele>55.9</ele>
      </trkpt>
      <trkpt lat="35.532064" lon="129.258039">
        <ele>55.9</ele>
      </trkpt>
      <trkpt lat="35.532064" lon="129.257984">
        <ele>56.0</ele>
      </trkpt>
      <trkpt lat="35.532064" lon="129.257928">
        <ele>56.1</ele>
      </trkpt>
      <trkpt lat="35.532064" lon="129.257873">
        <ele>56.1</ele>
      </trkpt>
      <trkpt lat="35.532064" lon="129.257818">
        <ele>56.2</ele>
      </trkpt>
      <trkpt lat="35.532064" lon="129.257763">
        <ele>56.2</ele>
      </trkpt>
      <trkpt lat="35.532064" lon="129.257707">
        <ele>56.3</ele>
      </trkpt>
      <trkpt lat="35.532065" lon="129.257652">
        <ele>56.3</ele>
      </trkpt>
      <trkpt lat="35.532065" lon="129.257597">
        <ele>56.4</ele>
      </trkpt>
      <trkpt lat="35.532065" lon="129.257542">
        <ele>56.5</ele>
      </trkpt>
      <trkpt lat="35.532065" lon="129.257486">
        <ele>56.5</ele>
      </trkpt>
      <trkpt lat="35.532065" lon="129.257431">
        <ele>56.6</ele>
      </trkpt>
      <trkpt lat="35.532065" lon="129.257376">
        <ele>56.6</ele>
      </trkpt>
      <trkpt lat="35.532065" lon="129.257321">
        <ele>56.7</ele>
      </trkpt>
      <trkpt lat="35.532065" lon="129.257265">
        <ele>56.8</ele>
      </trkpt>
      <trkpt lat="35.532066" lon="129.257210">
        <ele>56.8</ele>
      </trkpt>
      <trkpt lat="35.532066" lon="129.257155">
        <ele>56.9</ele>
      </trkpt>
      <trkpt lat="35.532066" lon="129.257100">
        <ele>56.9</ele>
      </trkpt>
      <trkpt lat="35.532066" lon="129.257044">
        <ele>57.0</ele>
      </trkpt>
      <trkpt lat="35.532067" lon="129.256989">
        <ele>56.7</ele>
      </trkpt>
      <trkpt lat="35.532068" lon="129.256934">
        <ele>56.5</ele>
      </trkpt>
      <trkpt lat="35.532069" lon="129.256879">
        <ele>56.2</ele>
      </trkpt>
      <trkpt lat="35.532070" lon="129.256823">
        <ele>56.0</ele>
      </trkpt>
      <trkpt lat="35.532071" lon="129.256768">
        <ele>55.7</ele>
      </trkpt>
      <trkpt lat="35.532072" lon="129.256713">
        <ele>55.5</ele>
      </trkpt>
      <trkpt lat="35.532073" lon="129.256658">
        <ele>55.2</ele>
      </trkpt>
      <trkpt lat="35.532074" lon="129.256602">
        <ele>55.0</ele>
      </trkpt>
      <trkpt lat="35.532075" lon="129.256547">
        <ele>54.7</ele>
      </trkpt>
      <trkpt lat="35.532076" lon="129.256492">
        <ele>54.5</ele>
      </trkpt>
      <trkpt lat="35.532077" lon="129.256437">
        <ele>54.2</ele>
      </trkpt>
      <trkpt lat="35.532078" lon="129.256381">
        <ele>53.9</ele>
      </trkpt>
      <trkpt lat="35.532079" lon="129.256326">
        <ele>53.7</ele>
      </trkpt>
      <trkpt lat="35.532080" lon="129.256271">
        <ele>53.4</ele>
      </trkpt>
      <trkpt lat="35.532081" lon="129.256216">
        <ele>53.2</ele>
      </trkpt>
      <trkpt lat="35.532082" lon="129.256161">
        <ele>52.9</ele>
      </trkpt>
      <trkpt lat="35.532083" lon="129.256105">
        <ele>52.7</ele>
      </trkpt>
      <trkpt lat="35.532084" lon="129.256050">
        <ele>52.4</ele>
      </trkpt>
      <trkpt lat="35.532085" lon="129.255995">
        <ele>52.2</ele>
      </trkpt>
      <trkpt lat="35.532083" lon="129.255940">
        <ele>51.9</ele>
      </trkpt>
      <trkpt lat="35.532073" lon="129.255886">
        <ele>51.6</ele>
      </trkpt>
      <trkpt lat="35.532064" lon="129.255832">
        <ele>51.4</ele>
      </trkpt>
      <trkpt lat="35.532054" lon="129.255778">
        <ele>51.1</ele>
      </trkpt>
      <trkpt lat="35.532039" lon="129.255726">
        <ele>51.0</ele>
      </trkpt>
      <trkpt lat="35.532018" lon="129.255678">
        <ele>50.9</ele>
      </trkpt>
      <trkpt lat="35.531992" lon="129.255633">
        <ele>50.8</ele>
      </trkpt>
      <trkpt lat="35.531959" lon="129.255595">
        <ele>50.4</ele>
      </trkpt>
      <trkpt lat="35.531921" lon="129.255567">
        <ele>50.0</ele>
      </trkpt>
      <trkpt lat="35.531880" lon="129.255544">
        <ele>49.5</ele>
      </trkpt>
      <trkpt lat="35.531837" lon="129.255529">
        <ele>49.1</ele>
      </trkpt>
      <trkpt lat="35.531793" lon="129.255527">
        <ele>48.6</ele>
      </trkpt>
      <trkpt lat="35.531748" lon="129.255534">
        <ele>48.1</ele>
      </trkpt>
      <trkpt lat="35.531705" lon="129.255549">
        <ele>47.7</ele>
      </trkpt>
      <trkpt lat="35.531664" lon="129.255570">
        <ele>47.4</ele>
      </trkpt>
      <trkpt lat="35.531625" lon="129.255599">
        <ele>47.9</ele>
      </trkpt>
      <trkpt lat="35.531612" lon="129.255609">
        <ele>47.8</ele>
      </trkpt>
      <trkpt lat="35.531585" lon="129.255650">
        <ele>48.0</ele>
      </trkpt>
      <trkpt lat="35.531567" lon="129.255701">
        <ele>48.1</ele>
      </trkpt>
      <trkpt lat="35.531549" lon="129.255752">
        <ele>48.2</ele>
      </trkpt>
      <trkpt lat="35.531532" lon="129.255802">
        <ele>48.2</ele>
      </trkpt>
      <trkpt lat="35.531514" lon="129.255853">
        <ele>48.3</ele>
      </trkpt>
      <trkpt lat="35.531492" lon="129.255902">
        <ele>48.6</ele>
      </trkpt>
      <trkpt lat="35.531470" lon="129.255950">
        <ele>48.9</ele>
      </trkpt>
      <trkpt lat="35.531448" lon="129.255998">
        <ele>49.2</ele>
      </trkpt>
      <trkpt lat="35.531426" lon="129.256046">
        <ele>49.5</ele>
      </trkpt>
      <trkpt lat="35.531404" lon="129.256094">
        <ele>49.8</ele>
      </trkpt>
      <trkpt lat="35.531380" lon="129.256141">
        <ele>49.8</ele>
      </trkpt>
      <trkpt lat="35.531355" lon="129.256187">
        <ele>49.9</ele>
      </trkpt>
      <trkpt lat="35.531331" lon="129.256234">
        <ele>49.9</ele>
      </trkpt>
      <trkpt lat="35.531307" lon="129.256280">
        <ele>50.0</ele>
      </trkpt>
      <trkpt lat="35.531281" lon="129.256326">
        <ele>50.0</ele>
      </trkpt>
      <trkpt lat="35.531253" lon="129.256369">
        <ele>49.9</ele>
      </trkpt>
      <trkpt lat="35.531225" lon="129.256412">
        <ele>49.8</ele>
      </trkpt>
      <trkpt lat="35.531196" lon="129.256454">
        <ele>49.6</ele>
      </trkpt>
      <trkpt lat="35.531168" lon="129.256497">
        <ele>49.5</ele>
      </trkpt>
      <trkpt lat="35.531137" lon="129.256537">
        <ele>49.3</ele>
      </trkpt>
      <trkpt lat="35.531105" lon="129.256576">
        <ele>49.0</ele>
      </trkpt>
      <trkpt lat="35.531073" lon="129.256615">
        <ele>48.8</ele>
      </trkpt>
      <trkpt lat="35.531041" lon="129.256654">
        <ele>48.5</ele>
      </trkpt>
      <trkpt lat="35.531008" lon="129.256692">
        <ele>48.3</ele>
      </trkpt>
      <trkpt lat="35.530974" lon="129.256727">
        <ele>48.2</ele>
      </trkpt>
      <trkpt lat="35.530939" lon="129.256763">
        <ele>48.0</ele>
      </trkpt>
      <trkpt lat="35.530905" lon="129.256798">
        <ele>47.9</ele>
      </trkpt>
      <trkpt lat="35.530870" lon="129.256834">
        <ele>47.8</ele>
      </trkpt>
      <trkpt lat="35.530836" lon="129.256869">
        <ele>47.7</ele>
      </trkpt>
      <trkpt lat="35.530801" lon="129.256904">
        <ele>47.6</ele>
      </trkpt>
      <trkpt lat="35.530767" lon="129.256940">
        <ele>47.5</ele>
      </trkpt>
      <trkpt lat="35.530732" lon="129.256975">
        <ele>47.4</ele>
      </trkpt>
      <trkpt lat="35.530698" lon="129.257011">
        <ele>47.3</ele>
      </trkpt>
      <trkpt lat="35.530663" lon="129.257046">
        <ele>47.2</ele>
      </trkpt>
      <trkpt lat="35.530629" lon="129.257082">
        <ele>47.1</ele>
      </trkpt>
      <trkpt lat="35.530594" lon="129.257117">
        <ele>46.9</ele>
      </trkpt>
      <trkpt lat="35.530560" lon="129.257152">
        <ele>46.8</ele>
      </trkpt>
      <trkpt lat="35.530525" lon="129.257188">
        <ele>46.7</ele>
      </trkpt>
      <trkpt lat="35.530491" lon="129.257223">
        <ele>46.6</ele>
      </trkpt>
      <trkpt lat="35.530456" lon="129.257259">
        <ele>46.5</ele>
      </trkpt>
      <trkpt lat="35.530422" lon="129.257294">
        <ele>46.4</ele>
      </trkpt>
      <trkpt lat="35.530387" lon="129.257330">
        <ele>46.3</ele>
      </trkpt>
      <trkpt lat="35.530353" lon="129.257365">
        <ele>46.2</ele>
      </trkpt>
      <trkpt lat="35.530318" lon="129.257401">
        <ele>46.1</ele>
      </trkpt>
      <trkpt lat="35.530284" lon="129.257436">
        <ele>46.0</ele>
      </trkpt>
      <trkpt lat="35.530249" lon="129.257471">
        <ele>45.9</ele>
      </trkpt>
      <trkpt lat="35.530215" lon="129.257507">
        <ele>45.7</ele>
      </trkpt>
      <trkpt lat="35.530180" lon="129.257542">
        <ele>45.6</ele>
      </trkpt>
      <trkpt lat="35.530146" lon="129.257578">
        <ele>45.5</ele>
      </trkpt>
      <trkpt lat="35.530111" lon="129.257613">
        <ele>45.4</ele>
      </trkpt>
      <trkpt lat="35.530077" lon="129.257649">
        <ele>45.3</ele>
      </trkpt>
      <trkpt lat="35.530042" lon="129.257684">
        <ele>45.2</ele>
      </trkpt>
      <trkpt lat="35.530008" lon="129.257719">
        <ele>45.1</ele>
      </trkpt>
      <trkpt lat="35.529973" lon="129.257755">
        <ele>45.0</ele>
      </trkpt>
      <trkpt lat="35.529940" lon="129.257791">
        <ele>45.0</ele>
      </trkpt>
      <trkpt lat="35.529906" lon="129.257827">
        <ele>45.0</ele>
      </trkpt>
      <trkpt lat="35.529872" lon="129.257864">
        <ele>45.0</ele>
      </trkpt>
      <trkpt lat="35.529838" lon="129.257900">
        <ele>45.0</ele>
      </trkpt>
      <trkpt lat="35.529804" lon="129.257936">
        <ele>44.9</ele>
      </trkpt>
      <trkpt lat="35.529770" lon="129.257972">
        <ele>44.9</ele>
      </trkpt>
      <trkpt lat="35.529736" lon="129.258009">
        <ele>44.9</ele>
      </trkpt>
      <trkpt lat="35.529702" lon="129.258045">
        <ele>44.9</ele>
      </trkpt>
      <trkpt lat="35.529668" lon="129.258081">
        <ele>44.9</ele>
      </trkpt>
      <trkpt lat="35.529634" lon="129.258117">
        <ele>44.9</ele>
      </trkpt>
      <trkpt lat="35.529600" lon="129.258154">
        <ele>44.9</ele>
      </trkpt>
      <trkpt lat="35.529566" lon="129.258190">
        <ele>44.9</ele>
      </trkpt>
      <trkpt lat="35.529532" lon="129.258226">
        <ele>44.9</ele>
      </trkpt>
      <trkpt lat="35.529498" lon="129.258262">
        <ele>44.8</ele>
      </trkpt>
      <trkpt lat="35.529464" lon="129.258299">
        <ele>44.8</ele>
      </trkpt>
      <trkpt lat="35.529430" lon="129.258335">
        <ele>44.8</ele>
      </trkpt>
      <trkpt lat="35.529396" lon="129.258371">
        <ele>44.8</ele>
      </trkpt>
      <trkpt lat="35.529363" lon="129.258408">
        <ele>44.7</ele>
      </trkpt>
      <trkpt lat="35.529329" lon="129.258444">
        <ele>44.5</ele>
      </trkpt>
      <trkpt lat="35.529296" lon="129.258481">
        <ele>44.3</ele>
      </trkpt>
      <trkpt lat="35.529262" lon="129.258518">
        <ele>44.1</ele>
      </trkpt>
      <trkpt lat="35.529228" lon="129.258555">
        <ele>43.8</ele>
      </trkpt>
      <trkpt lat="35.529195" lon="129.258592">
        <ele>43.6</ele>
      </trkpt>
      <trkpt lat="35.529161" lon="129.258628">
        <ele>43.4</ele>
      </trkpt>
      <trkpt lat="35.529128" lon="129.258665">
        <ele>43.2</ele>
      </trkpt>
      <trkpt lat="35.529094" lon="129.258702">
        <ele>43.0</ele>
      </trkpt>
      <trkpt lat="35.529061" lon="129.258739">
        <ele>42.8</ele>
      </trkpt>
      <trkpt lat="35.529027" lon="129.258775">
        <ele>42.5</ele>
      </trkpt>
      <trkpt lat="35.528994" lon="129.258812">
        <ele>42.3</ele>
      </trkpt>
      <trkpt lat="35.528960" lon="129.258849">
        <ele>42.1</ele>
      </trkpt>
      <trkpt lat="35.528927" lon="129.258886">
        <ele>41.9</ele>
      </trkpt>
      <trkpt lat="35.528893" lon="129.258923">
        <ele>41.7</ele>
      </trkpt>
      <trkpt lat="35.528858" lon="129.258958">
        <ele>41.4</ele>
      </trkpt>
      <trkpt lat="35.528821" lon="129.258988">
        <ele>41.0</ele>
      </trkpt>
      <trkpt lat="35.528784" lon="129.259019">
        <ele>40.6</ele>
      </trkpt>
      <trkpt lat="35.528746" lon="129.259050">
        <ele>40.1</ele>
      </trkpt>
      <trkpt lat="35.528709" lon="129.259080">
        <ele>39.7</ele>
      </trkpt>
      <trkpt lat="35.528671" lon="129.259111">
        <ele>39.3</ele>
      </trkpt>
      <trkpt lat="35.528634" lon="129.259142">
        <ele>38.9</ele>
      </trkpt>
      <trkpt lat="35.528596" lon="129.259172">
        <ele>38.5</ele>
      </trkpt>
      <trkpt lat="35.528559" lon="129.259203">
        <ele>38.1</ele>
      </trkpt>
      <trkpt lat="35.528522" lon="129.259233">
        <ele>37.7</ele>
      </trkpt>
      <trkpt lat="35.528484" lon="129.259264">
        <ele>37.2</ele>
      </trkpt>
      <trkpt lat="35.528447" lon="129.259295">
        <ele>36.8</ele>
      </trkpt>
      <trkpt lat="35.528408" lon="129.259323">
        <ele>36.5</ele>
      </trkpt>
      <trkpt lat="35.528366" lon="129.259342">
        <ele>36.3</ele>
      </trkpt>
      <trkpt lat="35.528324" lon="129.259361">
        <ele>36.1</ele>
      </trkpt>
      <trkpt lat="35.528282" lon="129.259380">
        <ele>35.9</ele>
      </trkpt>
      <trkpt lat="35.528239" lon="129.259398">
        <ele>35.7</ele>
      </trkpt>
      <trkpt lat="35.528196" lon="129.259411">
        <ele>35.4</ele>
      </trkpt>
      <trkpt lat="35.528151" lon="129.259414">
        <ele>35.3</ele>
      </trkpt>
      <trkpt lat="35.528106" lon="129.259417">
        <ele>35.1</ele>
      </trkpt>
      <trkpt lat="35.528061" lon="129.259421">
        <ele>34.9</ele>
      </trkpt>
      <trkpt lat="35.528016" lon="129.259424">
        <ele>34.7</ele>
      </trkpt>
      <trkpt lat="35.527971" lon="129.259427">
        <ele>34.6</ele>
      </trkpt>
      <trkpt lat="35.527926" lon="129.259430">
        <ele>34.4</ele>
      </trkpt>
      <trkpt lat="35.527882" lon="129.259433">
        <ele>34.2</ele>
      </trkpt>
      <trkpt lat="35.527837" lon="129.259437">
        <ele>34.0</ele>
      </trkpt>
      <trkpt lat="35.527792" lon="129.259440">
        <ele>33.9</ele>
      </trkpt>
      <trkpt lat="35.527747" lon="129.259443">
        <ele>33.7</ele>
      </trkpt>
      <trkpt lat="35.527702" lon="129.259446">
        <ele>33.5</ele>
      </trkpt>
      <trkpt lat="35.527657" lon="129.259449">
        <ele>33.3</ele>
      </trkpt>
      <trkpt lat="35.527615" lon="129.259466">
        <ele>33.2</ele>
      </trkpt>
      <trkpt lat="35.527572" lon="129.259485">
        <ele>33.0</ele>
      </trkpt>
      <trkpt lat="35.527530" lon="129.259504">
        <ele>32.9</ele>
      </trkpt>
      <trkpt lat="35.527488" lon="129.259524">
        <ele>32.7</ele>
      </trkpt>
      <trkpt lat="35.527446" lon="129.259543">
        <ele>32.6</ele>
      </trkpt>
      <trkpt lat="35.527410" lon="129.259574">
        <ele>32.5</ele>
      </trkpt>
      <trkpt lat="35.527378" lon="129.259613">
        <ele>32.6</ele>
      </trkpt>
      <trkpt lat="35.527346" lon="129.259652">
        <ele>32.6</ele>
      </trkpt>
      <trkpt lat="35.527314" lon="129.259691">
        <ele>32.6</ele>
      </trkpt>
      <trkpt lat="35.527283" lon="129.259730">
        <ele>32.7</ele>
      </trkpt>
      <trkpt lat="35.527251" lon="129.259769">
        <ele>32.7</ele>
      </trkpt>
      <trkpt lat="35.527219" lon="129.259808">
        <ele>32.7</ele>
      </trkpt>
      <trkpt lat="35.527187" lon="129.259847">
        <ele>32.8</ele>
      </trkpt>
      <trkpt lat="35.527155" lon="129.259886">
        <ele>32.8</ele>
      </trkpt>
      <trkpt lat="35.527123" lon="129.259925">
        <ele>32.8</ele>
      </trkpt>
      <trkpt lat="35.527091" lon="129.259964">
        <ele>32.9</ele>
      </trkpt>
      <trkpt lat="35.527059" lon="129.260003">
        <ele>32.9</ele>
      </trkpt>
      <trkpt lat="35.527028" lon="129.260042">
        <ele>32.9</ele>
      </trkpt>
      <trkpt lat="35.526996" lon="129.260081">
        <ele>33.0</ele>
      </trkpt>
      <trkpt lat="35.526963" lon="129.260118">
        <ele>33.1</ele>
      </trkpt>
      <trkpt lat="35.526929" lon="129.260154">
        <ele>33.3</ele>
      </trkpt>
      <trkpt lat="35.526894" lon="129.260190">
        <ele>33.5</ele>
      </trkpt>
      <trkpt lat="35.526860" lon="129.260226">
        <ele>33.7</ele>
      </trkpt>
      <trkpt lat="35.526826" lon="129.260262">
        <ele>33.9</ele>
      </trkpt>
      <trkpt lat="35.526790" lon="129.260291">
        <ele>33.8</ele>
      </trkpt>
      <trkpt lat="35.526756" lon="129.260296">
        <ele>33.8</ele>
      </trkpt>
      <trkpt lat="35.526711" lon="129.260302">
        <ele>33.6</ele>
      </trkpt>
      <trkpt lat="35.526666" lon="129.260307">
        <ele>33.5</ele>
      </trkpt>
      <trkpt lat="35.526622" lon="129.260313">
        <ele>33.4</ele>
      </trkpt>
      <trkpt lat="35.526577" lon="129.260319">
        <ele>33.3</ele>
      </trkpt>
      <trkpt lat="35.526532" lon="129.260325">
        <ele>33.2</ele>
      </trkpt>
      <trkpt lat="35.526488" lon="129.260331">
        <ele>33.1</ele>
      </trkpt>
      <trkpt lat="35.526443" lon="129.260337">
        <ele>33.0</ele>
      </trkpt>
      <trkpt lat="35.526398" lon="129.260342">
        <ele>32.9</ele>
      </trkpt>
      <trkpt lat="35.526353" lon="129.260348">
        <ele>32.8</ele>
      </trkpt>
      <trkpt lat="35.526309" lon="129.260347">
        <ele>32.7</ele>
      </trkpt>
      <trkpt lat="35.526264" lon="129.260343">
        <ele>32.4</ele>
      </trkpt>
      <trkpt lat="35.526219" lon="129.260338">
        <ele>32.2</ele>
      </trkpt>
      <trkpt lat="35.526174" lon="129.260334">
        <ele>32.0</ele>
      </trkpt>
      <trkpt lat="35.526129" lon="129.260330">
        <ele>31.8</ele>
      </trkpt>
      <trkpt lat="35.526085" lon="129.260336">
        <ele>31.6</ele>
      </trkpt>
      <trkpt lat="35.526040" lon="129.260342">
        <ele>31.5</ele>
      </trkpt>
      <trkpt lat="35.525995" lon="129.260348">
        <ele>31.4</ele>
      </trkpt>
      <trkpt lat="35.525951" lon="129.260358">
        <ele>31.3</ele>
      </trkpt>
      <trkpt lat="35.525907" lon="129.260369">
        <ele>31.2</ele>
      </trkpt>
      <trkpt lat="35.525863" lon="129.260380">
        <ele>31.2</ele>
      </trkpt>
      <trkpt lat="35.525819" lon="129.260392">
        <ele>31.1</ele>
      </trkpt>
      <trkpt lat="35.525775" lon="129.260403">
        <ele>31.1</ele>
      </trkpt>
      <trkpt lat="35.525731" lon="129.260414">
        <ele>31.1</ele>
      </trkpt>
      <trkpt lat="35.525687" lon="129.260426">
        <ele>31.0</ele>
      </trkpt>
      <trkpt lat="35.525643" lon="129.260438">
        <ele>30.9</ele>
      </trkpt>
      <trkpt lat="35.525599" lon="129.260450">
        <ele>30.9</ele>
      </trkpt>
      <trkpt lat="35.525555" lon="129.260463">
        <ele>30.8</ele>
      </trkpt>
      <trkpt lat="35.525512" lon="129.260475">
        <ele>30.7</ele>
      </trkpt>
      <trkpt lat="35.525468" lon="129.260488">
        <ele>30.6</ele>
      </trkpt>
      <trkpt lat="35.525424" lon="129.260500">
        <ele>30.5</ele>
      </trkpt>
      <trkpt lat="35.525380" lon="129.260513">
        <ele>30.4</ele>
      </trkpt>
      <trkpt lat="35.525336" lon="129.260525">
        <ele>30.3</ele>
      </trkpt>
      <trkpt lat="35.525293" lon="129.260538">
        <ele>30.2</ele>
      </trkpt>
      <trkpt lat="35.525249" lon="129.260551">
        <ele>30.1</ele>
      </trkpt>
      <trkpt lat="35.525205" lon="129.260564">
        <ele>29.9</ele>
      </trkpt>
      <trkpt lat="35.525162" lon="129.260577">
        <ele>29.7</ele>
      </trkpt>
      <trkpt lat="35.525118" lon="129.260590">
        <ele>29.6</ele>
      </trkpt>
      <trkpt lat="35.525074" lon="129.260603">
        <ele>29.4</ele>
      </trkpt>
      <trkpt lat="35.525030" lon="129.260616">
        <ele>29.3</ele>
      </trkpt>
      <trkpt lat="35.524987" lon="129.260629">
        <ele>29.1</ele>
      </trkpt>
      <trkpt lat="35.524943" lon="129.260643">
        <ele>29.0</ele>
      </trkpt>
      <trkpt lat="35.524901" lon="129.260661">
        <ele>29.0</ele>
      </trkpt>
      <trkpt lat="35.524858" lon="129.260678">
        <ele>29.0</ele>
      </trkpt>
      <trkpt lat="35.524818" lon="129.260701">
        <ele>29.0</ele>
      </trkpt>
      <trkpt lat="35.524781" lon="129.260733">
        <ele>29.0</ele>
      </trkpt>
      <trkpt lat="35.524744" lon="129.260765">
        <ele>28.9</ele>
      </trkpt>
      <trkpt lat="35.524708" lon="129.260798">
        <ele>28.9</ele>
      </trkpt>
      <trkpt lat="35.524671" lon="129.260830">
        <ele>28.9</ele>
      </trkpt>
      <trkpt lat="35.524635" lon="129.260862">
        <ele>28.8</ele>
      </trkpt>
      <trkpt lat="35.524598" lon="129.260894">
        <ele>28.8</ele>
      </trkpt>
      <trkpt lat="35.524561" lon="129.260924">
        <ele>28.8</ele>
      </trkpt>
      <trkpt lat="35.524522" lon="129.260953">
        <ele>28.7</ele>
      </trkpt>
      <trkpt lat="35.524484" lon="129.260982">
        <ele>28.6</ele>
      </trkpt>
      <trkpt lat="35.524446" lon="129.261011">
        <ele>28.5</ele>
      </trkpt>
      <trkpt lat="35.524407" lon="129.261040">
        <ele>28.4</ele>
      </trkpt>
      <trkpt lat="35.524369" lon="129.261068">
        <ele>28.4</ele>
      </trkpt>
      <trkpt lat="35.524331" lon="129.261099">
        <ele>28.3</ele>
      </trkpt>
      <trkpt lat="35.524296" lon="129.261133">
        <ele>28.2</ele>
      </trkpt>
      <trkpt lat="35.524260" lon="129.261167">
        <ele>28.1</ele>
      </trkpt>
      <trkpt lat="35.524225" lon="129.261201">
        <ele>27.9</ele>
      </trkpt>
      <trkpt lat="35.524189" lon="129.261235">
        <ele>27.8</ele>
      </trkpt>
      <trkpt lat="35.524154" lon="129.261269">
        <ele>27.7</ele>
      </trkpt>
      <trkpt lat="35.524119" lon="129.261303">
        <ele>27.6</ele>
      </trkpt>
      <trkpt lat="35.524083" lon="129.261337">
        <ele>27.5</ele>
      </trkpt>
      <trkpt lat="35.524050" lon="129.261374">
        <ele>27.6</ele>
      </trkpt>
      <trkpt lat="35.524017" lon="129.261412">
        <ele>27.6</ele>
      </trkpt>
      <trkpt lat="35.523984" lon="129.261449">
        <ele>27.7</ele>
      </trkpt>
      <trkpt lat="35.523951" lon="129.261486">
        <ele>27.8</ele>
      </trkpt>
      <trkpt lat="35.523918" lon="129.261524">
        <ele>27.8</ele>
      </trkpt>
      <trkpt lat="35.523885" lon="129.261561">
        <ele>27.9</ele>
      </trkpt>
      <trkpt lat="35.523852" lon="129.261599">
        <ele>28.0</ele>
      </trkpt>
      <trkpt lat="35.523819" lon="129.261636">
        <ele>28.0</ele>
      </trkpt>
      <trkpt lat="35.523786" lon="129.261674">
        <ele>28.1</ele>
      </trkpt>
      <trkpt lat="35.523753" lon="129.261711">
        <ele>28.2</ele>
      </trkpt>
      <trkpt lat="35.523720" lon="129.261749">
        <ele>28.2</ele>
      </trkpt>
      <trkpt lat="35.523686" lon="129.261786">
        <ele>28.3</ele>
      </trkpt>
      <trkpt lat="35.523651" lon="129.261820">
        <ele>28.2</ele>
      </trkpt>
      <trkpt lat="35.523616" lon="129.261855">
        <ele>28.2</ele>
      </trkpt>
      <trkpt lat="35.523581" lon="129.261890">
        <ele>28.2</ele>
      </trkpt>
      <trkpt lat="35.523546" lon="129.261925">
        <ele>28.1</ele>
      </trkpt>
      <trkpt lat="35.523511" lon="129.261959">
        <ele>28.1</ele>
      </trkpt>
      <trkpt lat="35.523476" lon="129.261994">
        <ele>28.0</ele>
      </trkpt>
      <trkpt lat="35.523442" lon="129.262029">
        <ele>27.9</ele>
      </trkpt>
      <trkpt lat="35.523407" lon="129.262065">
        <ele>27.8</ele>
      </trkpt>
      <trkpt lat="35.523373" lon="129.262100">
        <ele>27.7</ele>
      </trkpt>
      <trkpt lat="35.523339" lon="129.262136">
        <ele>27.6</ele>
      </trkpt>
      <trkpt lat="35.523304" lon="129.262172">
        <ele>27.5</ele>
      </trkpt>
      <trkpt lat="35.523270" lon="129.262207">
        <ele>27.4</ele>
      </trkpt>
      <trkpt lat="35.523235" lon="129.262242">
        <ele>27.3</ele>
      </trkpt>
      <trkpt lat="35.523197" lon="129.262273">
        <ele>27.2</ele>
      </trkpt>
      <trkpt lat="35.523160" lon="129.262304">
        <ele>27.1</ele>
      </trkpt>
      <trkpt lat="35.523123" lon="129.262334">
        <ele>27.0</ele>
      </trkpt>
      <trkpt lat="35.523089" lon="129.262371">
        <ele>27.0</ele>
      </trkpt>
      <trkpt lat="35.523060" lon="129.262412">
        <ele>26.9</ele>
      </trkpt>
      <trkpt lat="35.523031" lon="129.262454">
        <ele>26.9</ele>
      </trkpt>
      <trkpt lat="35.523001" lon="129.262496">
        <ele>26.8</ele>
      </trkpt>
      <trkpt lat="35.522972" lon="129.262538">
        <ele>26.8</ele>
      </trkpt>
      <trkpt lat="35.522942" lon="129.262580">
        <ele>26.8</ele>
      </trkpt>
      <trkpt lat="35.522913" lon="129.262621">
        <ele>26.7</ele>
      </trkpt>
      <trkpt lat="35.522883" lon="129.262663">
        <ele>26.7</ele>
      </trkpt>
      <trkpt lat="35.522854" lon="129.262705">
        <ele>26.6</ele>
      </trkpt>
      <trkpt lat="35.522825" lon="129.262747">
        <ele>26.6</ele>
      </trkpt>
      <trkpt lat="35.522795" lon="129.262788">
        <ele>26.5</ele>
      </trkpt>
      <trkpt lat="35.522763" lon="129.262827">
        <ele>26.4</ele>
      </trkpt>
      <trkpt lat="35.522729" lon="129.262863">
        <ele>26.3</ele>
      </trkpt>
      <trkpt lat="35.522695" lon="129.262899">
        <ele>26.2</ele>
      </trkpt>
      <trkpt lat="35.522661" lon="129.262935">
        <ele>26.1</ele>
      </trkpt>
      <trkpt lat="35.522627" lon="129.262971">
        <ele>26.0</ele>
      </trkpt>
      <trkpt lat="35.522593" lon="129.263007">
        <ele>25.8</ele>
      </trkpt>
      <trkpt lat="35.522554" lon="129.263033">
        <ele>25.9</ele>
      </trkpt>
      <trkpt lat="35.522512" lon="129.263053">
        <ele>26.0</ele>
      </trkpt>
      <trkpt lat="35.522470" lon="129.263074">
        <ele>26.2</ele>
      </trkpt>
      <trkpt lat="35.522428" lon="129.263094">
        <ele>26.3</ele>
      </trkpt>
      <trkpt lat="35.522386" lon="129.263115">
        <ele>26.4</ele>
      </trkpt>
      <trkpt lat="35.522345" lon="129.263135">
        <ele>26.6</ele>
      </trkpt>
      <trkpt lat="35.522303" lon="129.263155">
        <ele>26.7</ele>
      </trkpt>
      <trkpt lat="35.522261" lon="129.263176">
        <ele>26.9</ele>
      </trkpt>
      <trkpt lat="35.522219" lon="129.263196">
        <ele>27.0</ele>
      </trkpt>
      <trkpt lat="35.522178" lon="129.263217">
        <ele>27.1</ele>
      </trkpt>
      <trkpt lat="35.522136" lon="129.263237">
        <ele>27.3</ele>
      </trkpt>
      <trkpt lat="35.522096" lon="129.263263">
        <ele>27.4</ele>
      </trkpt>
      <trkpt lat="35.522056" lon="129.263289">
        <ele>27.6</ele>
      </trkpt>
      <trkpt lat="35.522017" lon="129.263315">
        <ele>27.8</ele>
      </trkpt>
      <trkpt lat="35.521980" lon="129.263347">
        <ele>28.0</ele>
      </trkpt>
      <trkpt lat="35.521943" lon="129.263379">
        <ele>28.3</ele>
      </trkpt>
      <trkpt lat="35.521912" lon="129.263417">
        <ele>28.6</ele>
      </trkpt>
      <trkpt lat="35.521889" lon="129.263465">
        <ele>29.0</ele>
      </trkpt>
      <trkpt lat="35.521866" lon="129.263512">
        <ele>29.3</ele>
      </trkpt>
      <trkpt lat="35.521843" lon="129.263560">
        <ele>29.6</ele>
      </trkpt>
      <trkpt lat="35.521820" lon="129.263607">
        <ele>30.0</ele>
      </trkpt>
      <trkpt lat="35.521799" lon="129.263656">
        <ele>30.3</ele>
      </trkpt>
      <trkpt lat="35.521776" lon="129.263685">
        <ele>30.5</ele>
      </trkpt>
      <trkpt lat="35.521764" lon="129.263682">
        <ele>27.8</ele>
      </trkpt>
      <trkpt lat="35.521790" lon="129.263708">
        <ele>23.0</ele>
      </trkpt>
      <trkpt lat="35.521790" lon="129.263763">
        <ele>23.0</ele>
      </trkpt>
      <trkpt lat="35.521790" lon="129.263819">
        <ele>23.0</ele>
      </trkpt>
      <trkpt lat="35.521791" lon="129.263874">
        <ele>23.0</ele>
      </trkpt>
      <trkpt lat="35.521802" lon="129.263927">
        <ele>23.0</ele>
      </trkpt>
      <trkpt lat="35.521813" lon="129.263981">
        <ele>23.0</ele>
      </trkpt>
      <trkpt lat="35.521824" lon="129.264034">
        <ele>23.0</ele>
      </trkpt>
      <trkpt lat="35.521835" lon="129.264088">
        <ele>23.0</ele>
      </trkpt>
      <trkpt lat="35.521851" lon="129.264139">
        <ele>23.1</ele>
      </trkpt>
      <trkpt lat="35.521870" lon="129.264189">
        <ele>23.3</ele>
      </trkpt>
      <trkpt lat="35.521889" lon="129.264239">
        <ele>23.4</ele>
      </trkpt>
      <trkpt lat="35.521908" lon="129.264290">
        <ele>23.6</ele>
      </trkpt>
      <trkpt lat="35.521927" lon="129.264340">
        <ele>23.8</ele>
      </trkpt>
      <trkpt lat="35.521946" lon="129.264390">
        <ele>24.0</ele>
      </trkpt>
      <trkpt lat="35.521962" lon="129.264441">
        <ele>24.0</ele>
      </trkpt>
      <trkpt lat="35.521977" lon="129.264494">
        <ele>24.0</ele>
      </trkpt>
      <trkpt lat="35.521992" lon="129.264546">
        <ele>24.0</ele>
      </trkpt>
      <trkpt lat="35.522007" lon="129.264598">
        <ele>24.0</ele>
      </trkpt>
      <trkpt lat="35.522024" lon="129.264649">
        <ele>23.9</ele>
      </trkpt>
      <trkpt lat="35.522042" lon="129.264699">
        <ele>23.8</ele>
      </trkpt>
      <trkpt lat="35.522061" lon="129.264749">
        <ele>23.7</ele>
      </trkpt>
      <trkpt lat="35.522079" lon="129.264800">
        <ele>23.7</ele>
      </trkpt>
      <trkpt lat="35.522097" lon="129.264850">
        <ele>23.6</ele>
      </trkpt>
      <trkpt lat="35.522116" lon="129.264901">
        <ele>23.5</ele>
      </trkpt>
      <trkpt lat="35.522134" lon="129.264951">
        <ele>23.4</ele>
      </trkpt>
      <trkpt lat="35.522152" lon="129.265002">
        <ele>23.3</ele>
      </trkpt>
      <trkpt lat="35.522171" lon="129.265052">
        <ele>23.2</ele>
      </trkpt>
      <trkpt lat="35.522189" lon="129.265103">
        <ele>23.1</ele>
      </trkpt>
      <trkpt lat="35.522207" lon="129.265153">
        <ele>23.0</ele>
      </trkpt>
      <trkpt lat="35.522233" lon="129.265198">
        <ele>23.0</ele>
      </trkpt>
      <trkpt lat="35.522261" lon="129.265242">
        <ele>23.0</ele>
      </trkpt>
      <trkpt lat="35.522288" lon="129.265286">
        <ele>23.0</ele>
      </trkpt>
      <trkpt lat="35.522304" lon="129.265332">
        <ele>23.0</ele>
      </trkpt>
      <trkpt lat="35.522289" lon="129.265384">
        <ele>22.9</ele>
      </trkpt>
      <trkpt lat="35.522274" lon="129.265436">
        <ele>22.8</ele>
      </trkpt>
      <trkpt lat="35.522259" lon="129.265488">
        <ele>22.7</ele>
      </trkpt>
      <trkpt lat="35.522244" lon="129.265540">
        <ele>22.6</ele>
      </trkpt>
      <trkpt lat="35.522229" lon="129.265593">
        <ele>22.5</ele>
      </trkpt>
      <trkpt lat="35.522214" lon="129.265645">
        <ele>22.4</ele>
      </trkpt>
      <trkpt lat="35.522199" lon="129.265697">
        <ele>22.3</ele>
      </trkpt>
      <trkpt lat="35.522184" lon="129.265749">
        <ele>22.2</ele>
      </trkpt>
      <trkpt lat="35.522169" lon="129.265801">
        <ele>22.1</ele>
      </trkpt>
      <trkpt lat="35.522154" lon="129.265853">
        <ele>22.0</ele>
      </trkpt>
      <trkpt lat="35.522131" lon="129.265900">
        <ele>21.9</ele>
      </trkpt>
      <trkpt lat="35.522109" lon="129.265948">
        <ele>21.9</ele>
      </trkpt>
      <trkpt lat="35.522086" lon="129.265996">
        <ele>21.8</ele>
      </trkpt>
      <trkpt lat="35.522063" lon="129.266044">
        <ele>21.8</ele>
      </trkpt>
      <trkpt lat="35.522041" lon="129.266091">
        <ele>21.7</ele>
      </trkpt>
      <trkpt lat="35.522018" lon="129.266139">
        <ele>21.7</ele>
      </trkpt>
      <trkpt lat="35.521996" lon="129.266187">
        <ele>21.6</ele>
      </trkpt>
      <trkpt lat="35.521973" lon="129.266235">
        <ele>21.6</ele>
      </trkpt>
      <trkpt lat="35.521950" lon="129.266283">
        <ele>21.5</ele>
      </trkpt>
      <trkpt lat="35.521928" lon="129.266330">
        <ele>21.4</ele>
      </trkpt>
      <trkpt lat="35.521905" lon="129.266378">
        <ele>21.4</ele>
      </trkpt>
      <trkpt lat="35.521883" lon="129.266426">
        <ele>21.3</ele>
      </trkpt>
      <trkpt lat="35.521860" lon="129.266474">
        <ele>21.3</ele>
      </trkpt>
      <trkpt lat="35.521837" lon="129.266521">
        <ele>21.2</ele>
      </trkpt>
      <trkpt lat="35.521815" lon="129.266569">
        <ele>21.2</ele>
      </trkpt>
      <trkpt lat="35.521792" lon="129.266617">
        <ele>21.1</ele>
      </trkpt>
      <trkpt lat="35.521770" lon="129.266665">
        <ele>21.1</ele>
      </trkpt>
      <trkpt lat="35.521747" lon="129.266712">
        <ele>21.0</ele>
      </trkpt>
      <trkpt lat="35.521723" lon="129.266760">
        <ele>21.0</ele>
      </trkpt>
      <trkpt lat="35.521700" lon="129.266807">
        <ele>21.0</ele>
      </trkpt>
      <trkpt lat="35.521677" lon="129.266854">
        <ele>21.0</ele>
      </trkpt>
      <trkpt lat="35.521653" lon="129.266901">
        <ele>21.0</ele>
      </trkpt>
      <trkpt lat="35.521630" lon="129.266948">
        <ele>21.0</ele>
      </trkpt>
      <trkpt lat="35.521606" lon="129.266995">
        <ele>21.0</ele>
      </trkpt>
      <trkpt lat="35.521583" lon="129.267042">
        <ele>21.0</ele>
      </trkpt>
      <trkpt lat="35.521559" lon="129.267090">
        <ele>21.0</ele>
      </trkpt>
      <trkpt lat="35.521536" lon="129.267137">
        <ele>21.0</ele>
      </trkpt>
      <trkpt lat="35.521513" lon="129.267184">
        <ele>21.0</ele>
      </trkpt>
      <trkpt lat="35.521489" lon="129.267231">
        <ele>21.0</ele>
      </trkpt>
      <trkpt lat="35.521466" lon="129.267278">
        <ele>21.0</ele>
      </trkpt>
      <trkpt lat="35.521442" lon="129.267325">
        <ele>21.0</ele>
      </trkpt>
      <trkpt lat="35.521419" lon="129.267373">
        <ele>21.0</ele>
      </trkpt>
      <trkpt lat="35.521395" lon="129.267420">
        <ele>21.0</ele>
      </trkpt>
      <trkpt lat="35.521372" lon="129.267467">
        <ele>21.0</ele>
      </trkpt>
      <trkpt lat="35.521349" lon="129.267514">
        <ele>21.0</ele>
      </trkpt>
      <trkpt lat="35.521325" lon="129.267561">
        <ele>21.0</ele>
      </trkpt>
      <trkpt lat="35.521302" lon="129.267608">
        <ele>21.0</ele>
      </trkpt>
      <trkpt lat="35.521278" lon="129.267656">
        <ele>21.0</ele>
      </trkpt>
      <trkpt lat="35.521255" lon="129.267703">
        <ele>21.0</ele>
      </trkpt>
      <trkpt lat="35.521232" lon="129.267750">
        <ele>21.0</ele>
      </trkpt>
      <trkpt lat="35.521208" lon="129.267797">
        <ele>21.0</ele>
      </trkpt>
      <trkpt lat="35.521185" lon="129.267844">
        <ele>21.0</ele>
      </trkpt>
      <trkpt lat="35.521161" lon="129.267891">
        <ele>21.0</ele>
      </trkpt>
      <trkpt lat="35.521138" lon="129.267938">
        <ele>21.0</ele>
      </trkpt>
      <trkpt lat="35.521114" lon="129.267986">
        <ele>21.0</ele>
      </trkpt>
      <trkpt lat="35.521091" lon="129.268033">
        <ele>21.0</ele>
      </trkpt>
      <trkpt lat="35.521066" lon="129.268079">
        <ele>21.0</ele>
      </trkpt>
      <trkpt lat="35.521037" lon="129.268120">
        <ele>20.9</ele>
      </trkpt>
      <trkpt lat="35.521007" lon="129.268162">
        <ele>20.8</ele>
      </trkpt>
      <trkpt lat="35.520977" lon="129.268203">
        <ele>20.6</ele>
      </trkpt>
      <trkpt lat="35.520947" lon="129.268244">
        <ele>20.5</ele>
      </trkpt>
      <trkpt lat="35.520917" lon="129.268286">
        <ele>20.4</ele>
      </trkpt>
      <trkpt lat="35.520888" lon="129.268327">
        <ele>20.3</ele>
      </trkpt>
      <trkpt lat="35.520858" lon="129.268369">
        <ele>20.2</ele>
      </trkpt>
      <trkpt lat="35.520828" lon="129.268410">
        <ele>20.1</ele>
      </trkpt>
      <trkpt lat="35.520797" lon="129.268448">
        <ele>20.0</ele>
      </trkpt>
      <trkpt lat="35.520754" lon="129.268468">
        <ele>20.0</ele>
      </trkpt>
      <trkpt lat="35.520712" lon="129.268487">
        <ele>20.0</ele>
      </trkpt>
      <trkpt lat="35.520670" lon="129.268506">
        <ele>20.0</ele>
      </trkpt>
      <trkpt lat="35.520628" lon="129.268526">
        <ele>20.0</ele>
      </trkpt>
      <trkpt lat="35.520586" lon="129.268546">
        <ele>20.0</ele>
      </trkpt>
      <trkpt lat="35.520544" lon="129.268566">
        <ele>20.0</ele>
      </trkpt>
      <trkpt lat="35.520502" lon="129.268586">
        <ele>20.0</ele>
      </trkpt>
      <trkpt lat="35.520460" lon="129.268606">
        <ele>20.0</ele>
      </trkpt>
      <trkpt lat="35.520419" lon="129.268626">
        <ele>20.0</ele>
      </trkpt>
      <trkpt lat="35.520377" lon="129.268646">
        <ele>20.0</ele>
      </trkpt>
      <trkpt lat="35.520335" lon="129.268666">
        <ele>20.0</ele>
      </trkpt>
      <trkpt lat="35.520293" lon="129.268686">
        <ele>20.0</ele>
      </trkpt>
      <trkpt lat="35.520251" lon="129.268706">
        <ele>20.0</ele>
      </trkpt>
      <trkpt lat="35.520209" lon="129.268726">
        <ele>20.0</ele>
      </trkpt>
      <trkpt lat="35.520168" lon="129.268747">
        <ele>20.2</ele>
      </trkpt>
      <trkpt lat="35.520126" lon="129.268769">
        <ele>20.3</ele>
      </trkpt>
      <trkpt lat="35.520085" lon="129.268791">
        <ele>20.5</ele>
      </trkpt>
      <trkpt lat="35.520044" lon="129.268814">
        <ele>20.7</ele>
      </trkpt>
      <trkpt lat="35.520003" lon="129.268836">
        <ele>20.9</ele>
      </trkpt>
      <trkpt lat="35.519961" lon="129.268858">
        <ele>21.1</ele>
      </trkpt>
      <trkpt lat="35.519920" lon="129.268880">
        <ele>21.3</ele>
      </trkpt>
      <trkpt lat="35.519879" lon="129.268902">
        <ele>21.5</ele>
      </trkpt>
      <trkpt lat="35.519838" lon="129.268924">
        <ele>21.7</ele>
      </trkpt>
      <trkpt lat="35.519797" lon="129.268946">
        <ele>21.9</ele>
      </trkpt>
      <trkpt lat="35.519755" lon="129.268966">
        <ele>22.0</ele>
      </trkpt>
      <trkpt lat="35.519712" lon="129.268984">
        <ele>22.0</ele>
      </trkpt>
      <trkpt lat="35.519669" lon="129.269001">
        <ele>22.0</ele>
      </trkpt>
      <trkpt lat="35.519627" lon="129.269019">
        <ele>22.0</ele>
      </trkpt>
      <trkpt lat="35.519584" lon="129.269036">
        <ele>22.0</ele>
      </trkpt>
      <trkpt lat="35.519541" lon="129.269053">
        <ele>22.0</ele>
      </trkpt>
      <trkpt lat="35.519499" lon="129.269071">
        <ele>22.0</ele>
      </trkpt>
      <trkpt lat="35.519456" lon="129.269088">
        <ele>22.0</ele>
      </trkpt>
      <trkpt lat="35.519413" lon="129.269106">
        <ele>22.0</ele>
      </trkpt>
      <trkpt lat="35.519371" lon="129.269123">
        <ele>22.0</ele>
      </trkpt>
      <trkpt lat="35.519328" lon="129.269141">
        <ele>22.0</ele>
      </trkpt>
      <trkpt lat="35.519286" lon="129.269161">
        <ele>21.7</ele>
      </trkpt>
      <trkpt lat="35.519245" lon="129.269182">
        <ele>21.4</ele>
      </trkpt>
      <trkpt lat="35.519203" lon="129.269202">
        <ele>21.2</ele>
      </trkpt>
      <trkpt lat="35.519161" lon="129.269223">
        <ele>20.9</ele>
      </trkpt>
      <trkpt lat="35.519119" lon="129.269243">
        <ele>20.6</ele>
      </trkpt>
      <trkpt lat="35.519077" lon="129.269263">
        <ele>20.3</ele>
      </trkpt>
      <trkpt lat="35.519036" lon="129.269284">
        <ele>20.0</ele>
      </trkpt>
      <trkpt lat="35.518994" lon="129.269304">
        <ele>19.8</ele>
      </trkpt>
      <trkpt lat="35.518952" lon="129.269325">
        <ele>19.5</ele>
      </trkpt>
      <trkpt lat="35.518910" lon="129.269345">
        <ele>19.2</ele>
      </trkpt>
      <trkpt lat="35.518869" lon="129.269367">
        <ele>19.0</ele>
      </trkpt>
      <trkpt lat="35.518828" lon="129.269391">
        <ele>19.0</ele>
      </trkpt>
      <trkpt lat="35.518788" lon="129.269415">
        <ele>19.0</ele>
      </trkpt>
      <trkpt lat="35.518747" lon="129.269439">
        <ele>19.0</ele>
      </trkpt>
      <trkpt lat="35.518707" lon="129.269463">
        <ele>19.0</ele>
      </trkpt>
      <trkpt lat="35.518667" lon="129.269487">
        <ele>19.0</ele>
      </trkpt>
      <trkpt lat="35.518626" lon="129.269511">
        <ele>19.0</ele>
      </trkpt>
      <trkpt lat="35.518586" lon="129.269535">
        <ele>19.0</ele>
      </trkpt>
      <trkpt lat="35.518547" lon="129.269563">
        <ele>19.0</ele>
      </trkpt>
      <trkpt lat="35.518511" lon="129.269597">
        <ele>19.1</ele>
      </trkpt>
      <trkpt lat="35.518475" lon="129.269629">
        <ele>19.4</ele>
      </trkpt>
      <trkpt lat="35.518439" lon="129.269661">
        <ele>19.7</ele>
      </trkpt>
      <trkpt lat="35.518402" lon="129.269694">
        <ele>19.9</ele>
      </trkpt>
      <trkpt lat="35.518366" lon="129.269726">
        <ele>20.2</ele>
      </trkpt>
      <trkpt lat="35.518330" lon="129.269759">
        <ele>20.4</ele>
      </trkpt>
      <trkpt lat="35.518293" lon="129.269791">
        <ele>20.7</ele>
      </trkpt>
      <trkpt lat="35.518257" lon="129.269824">
        <ele>21.0</ele>
      </trkpt>
      <trkpt lat="35.518222" lon="129.269859">
        <ele>20.7</ele>
      </trkpt>
      <trkpt lat="35.518188" lon="129.269895">
        <ele>20.4</ele>
      </trkpt>
      <trkpt lat="35.518154" lon="129.269931">
        <ele>20.1</ele>
      </trkpt>
      <trkpt lat="35.518120" lon="129.269967">
        <ele>19.8</ele>
      </trkpt>
      <trkpt lat="35.518086" lon="129.270003">
        <ele>19.5</ele>
      </trkpt>
      <trkpt lat="35.518052" lon="129.270039">
        <ele>19.2</ele>
      </trkpt>
      <trkpt lat="35.518018" lon="129.270075">
        <ele>18.9</ele>
      </trkpt>
      <trkpt lat="35.517983" lon="129.270111">
        <ele>18.6</ele>
      </trkpt>
      <trkpt lat="35.517949" lon="129.270147">
        <ele>18.3</ele>
      </trkpt>
      <trkpt lat="35.517916" lon="129.270177">
        <ele>18.0</ele>
      </trkpt>
      <trkpt lat="35.517886" lon="129.270135">
        <ele>18.0</ele>
      </trkpt>
      <trkpt lat="35.517903" lon="129.270158">
        <ele>18.0</ele>
      </trkpt>
      <trkpt lat="35.517901" lon="129.270197">
        <ele>18.0</ele>
      </trkpt>
      <trkpt lat="35.517867" lon="129.270233">
        <ele>18.0</ele>
      </trkpt>
      <trkpt lat="35.517832" lon="129.270268">
        <ele>18.0</ele>
      </trkpt>
      <trkpt lat="35.517797" lon="129.270303">
        <ele>18.0</ele>
      </trkpt>
      <trkpt lat="35.517762" lon="129.270338">
        <ele>18.0</ele>
      </trkpt>
      <trkpt lat="35.517728" lon="129.270372">
        <ele>18.0</ele>
      </trkpt>
      <trkpt lat="35.517693" lon="129.270407">
        <ele>18.0</ele>
      </trkpt>
      <trkpt lat="35.517660" lon="129.270445">
        <ele>18.0</ele>
      </trkpt>
      <trkpt lat="35.517627" lon="129.270483">
        <ele>18.0</ele>
      </trkpt>
      <trkpt lat="35.517595" lon="129.270522">
        <ele>18.0</ele>
      </trkpt>
      <trkpt lat="35.517564" lon="129.270561">
        <ele>18.5</ele>
      </trkpt>
      <trkpt lat="35.517533" lon="129.270601">
        <ele>19.4</ele>
      </trkpt>
      <trkpt lat="35.517502" lon="129.270642">
        <ele>20.3</ele>
      </trkpt>
      <trkpt lat="35.517471" lon="129.270682">
        <ele>20.9</ele>
      </trkpt>
      <trkpt lat="35.517441" lon="129.270723">
        <ele>20.7</ele>
      </trkpt>
      <trkpt lat="35.517411" lon="129.270763">
        <ele>20.5</ele>
      </trkpt>
      <trkpt lat="35.517380" lon="129.270804">
        <ele>20.2</ele>
      </trkpt>
      <trkpt lat="35.517350" lon="129.270845">
        <ele>20.0</ele>
      </trkpt>
      <trkpt lat="35.517320" lon="129.270886">
        <ele>19.8</ele>
      </trkpt>
      <trkpt lat="35.517289" lon="129.270927">
        <ele>19.5</ele>
      </trkpt>
      <trkpt lat="35.517259" lon="129.270968">
        <ele>19.3</ele>
      </trkpt>
      <trkpt lat="35.517229" lon="129.271008">
        <ele>19.1</ele>
      </trkpt>
      <trkpt lat="35.517197" lon="129.271047">
        <ele>19.0</ele>
      </trkpt>
      <trkpt lat="35.517164" lon="129.271085">
        <ele>19.0</ele>
      </trkpt>
      <trkpt lat="35.517131" lon="129.271123">
        <ele>19.0</ele>
      </trkpt>
      <trkpt lat="35.517098" lon="129.271160">
        <ele>19.0</ele>
      </trkpt>
      <trkpt lat="35.517062" lon="129.271193">
        <ele>19.0</ele>
      </trkpt>
      <trkpt lat="35.517025" lon="129.271224">
        <ele>19.0</ele>
      </trkpt>
      <trkpt lat="35.516987" lon="129.271255">
        <ele>19.0</ele>
      </trkpt>
      <trkpt lat="35.516950" lon="129.271285">
        <ele>19.0</ele>
      </trkpt>
      <trkpt lat="35.516912" lon="129.271315">
        <ele>19.0</ele>
      </trkpt>
      <trkpt lat="35.516873" lon="129.271342">
        <ele>19.0</ele>
      </trkpt>
      <trkpt lat="35.516831" lon="129.271363">
        <ele>19.0</ele>
      </trkpt>
      <trkpt lat="35.516789" lon="129.271383">
        <ele>19.0</ele>
      </trkpt>
      <trkpt lat="35.516747" lon="129.271402">
        <ele>19.0</ele>
      </trkpt>
      <trkpt lat="35.516705" lon="129.271420">
        <ele>19.2</ele>
      </trkpt>
      <trkpt lat="35.516662" lon="129.271436">
        <ele>19.5</ele>
      </trkpt>
      <trkpt lat="35.516619" lon="129.271453">
        <ele>19.9</ele>
      </trkpt>
      <trkpt lat="35.516575" lon="129.271464">
        <ele>20.0</ele>
      </trkpt>
      <trkpt lat="35.516530" lon="129.271471">
        <ele>20.0</ele>
      </trkpt>
      <trkpt lat="35.516486" lon="129.271478">
        <ele>20.0</ele>
      </trkpt>
      <trkpt lat="35.516444" lon="129.271495">
        <ele>20.0</ele>
      </trkpt>
      <trkpt lat="35.516403" lon="129.271519">
        <ele>20.0</ele>
      </trkpt>
      <trkpt lat="35.516362" lon="129.271542">
        <ele>20.0</ele>
      </trkpt>
      <trkpt lat="35.516322" lon="129.271566">
        <ele>20.0</ele>
      </trkpt>
      <trkpt lat="35.516281" lon="129.271589">
        <ele>20.0</ele>
      </trkpt>
      <trkpt lat="35.516241" lon="129.271614">
        <ele>19.8</ele>
      </trkpt>
      <trkpt lat="35.516201" lon="129.271639">
        <ele>19.7</ele>
      </trkpt>
      <trkpt lat="35.516161" lon="129.271665">
        <ele>19.5</ele>
      </trkpt>
      <trkpt lat="35.516121" lon="129.271690">
        <ele>19.3</ele>
      </trkpt>
      <trkpt lat="35.516081" lon="129.271715">
        <ele>19.2</ele>
      </trkpt>
      <trkpt lat="35.516041" lon="129.271740">
        <ele>19.0</ele>
      </trkpt>
      <trkpt lat="35.516000" lon="129.271765">
        <ele>18.8</ele>
      </trkpt>
      <trkpt lat="35.515960" lon="129.271790">
        <ele>18.7</ele>
      </trkpt>
      <trkpt lat="35.515920" lon="129.271815">
        <ele>18.5</ele>
      </trkpt>
      <trkpt lat="35.515880" lon="129.271840">
        <ele>18.3</ele>
      </trkpt>
      <trkpt lat="35.515840" lon="129.271865">
        <ele>18.2</ele>
      </trkpt>
      <trkpt lat="35.515800" lon="129.271890">
        <ele>18.0</ele>
      </trkpt>
      <trkpt lat="35.515760" lon="129.271915">
        <ele>17.8</ele>
      </trkpt>
      <trkpt lat="35.515720" lon="129.271940">
        <ele>17.7</ele>
      </trkpt>
      <trkpt lat="35.515680" lon="129.271965">
        <ele>17.5</ele>
      </trkpt>
      <trkpt lat="35.515640" lon="129.271990">
        <ele>17.3</ele>
      </trkpt>
      <trkpt lat="35.515600" lon="129.272015">
        <ele>17.2</ele>
      </trkpt>
      <trkpt lat="35.515560" lon="129.272040">
        <ele>17.0</ele>
      </trkpt>
      <trkpt lat="35.515520" lon="129.272067">
        <ele>17.0</ele>
      </trkpt>
      <trkpt lat="35.515481" lon="129.272093">
        <ele>17.0</ele>
      </trkpt>
      <trkpt lat="35.515441" lon="129.272119">
        <ele>17.0</ele>
      </trkpt>
      <trkpt lat="35.515401" lon="129.272146">
        <ele>17.0</ele>
      </trkpt>
      <trkpt lat="35.515362" lon="129.272172">
        <ele>17.0</ele>
      </trkpt>
      <trkpt lat="35.515322" lon="129.272198">
        <ele>17.0</ele>
      </trkpt>
      <trkpt lat="35.515283" lon="129.272225">
        <ele>17.0</ele>
      </trkpt>
      <trkpt lat="35.515243" lon="129.272251">
        <ele>17.0</ele>
      </trkpt>
      <trkpt lat="35.515204" lon="129.272277">
        <ele>17.0</ele>
      </trkpt>
      <trkpt lat="35.515164" lon="129.272304">
        <ele>17.0</ele>
      </trkpt>
      <trkpt lat="35.515125" lon="129.272330">
        <ele>17.0</ele>
      </trkpt>
      <trkpt lat="35.515085" lon="129.272356">
        <ele>17.0</ele>
      </trkpt>
      <trkpt lat="35.515046" lon="129.272383">
        <ele>17.0</ele>
      </trkpt>
      <trkpt lat="35.515006" lon="129.272409">
        <ele>17.0</ele>
      </trkpt>
      <trkpt lat="35.514967" lon="129.272436">
        <ele>17.0</ele>
      </trkpt>
      <trkpt lat="35.514924" lon="129.272451">
        <ele>17.0</ele>
      </trkpt>
      <trkpt lat="35.514880" lon="129.272464">
        <ele>17.0</ele>
      </trkpt>
      <trkpt lat="35.514836" lon="129.272473">
        <ele>17.2</ele>
      </trkpt>
      <trkpt lat="35.514791" lon="129.272480">
        <ele>17.5</ele>
      </trkpt>
      <trkpt lat="35.514747" lon="129.272486">
        <ele>17.8</ele>
      </trkpt>
      <trkpt lat="35.514702" lon="129.272485">
        <ele>17.9</ele>
      </trkpt>
      <trkpt lat="35.514658" lon="129.272472">
        <ele>17.6</ele>
      </trkpt>
      <trkpt lat="35.514615" lon="129.272460">
        <ele>17.2</ele>
      </trkpt>
      <trkpt lat="35.514571" lon="129.272447">
        <ele>17.0</ele>
      </trkpt>
      <trkpt lat="35.514528" lon="129.272433">
        <ele>17.0</ele>
      </trkpt>
      <trkpt lat="35.514484" lon="129.272418">
        <ele>17.0</ele>
      </trkpt>
      <trkpt lat="35.514441" lon="129.272404">
        <ele>17.0</ele>
      </trkpt>
      <trkpt lat="35.514397" lon="129.272389">
        <ele>17.0</ele>
      </trkpt>
      <trkpt lat="35.514354" lon="129.272375">
        <ele>17.0</ele>
      </trkpt>
      <trkpt lat="35.514311" lon="129.272360">
        <ele>17.0</ele>
      </trkpt>
      <trkpt lat="35.514267" lon="129.272346">
        <ele>17.0</ele>
      </trkpt>
      <trkpt lat="35.514224" lon="129.272331">
        <ele>17.0</ele>
      </trkpt>
      <trkpt lat="35.514179" lon="129.272323">
        <ele>17.1</ele>
      </trkpt>
      <trkpt lat="35.514135" lon="129.272316">
        <ele>17.3</ele>
      </trkpt>
      <trkpt lat="35.514090" lon="129.272309">
        <ele>17.4</ele>
      </trkpt>
      <trkpt lat="35.514046" lon="129.272302">
        <ele>17.6</ele>
      </trkpt>
      <trkpt lat="35.514001" lon="129.272294">
        <ele>17.7</ele>
      </trkpt>
      <trkpt lat="35.513956" lon="129.272287">
        <ele>17.9</ele>
      </trkpt>
      <trkpt lat="35.513912" lon="129.272282">
        <ele>18.0</ele>
      </trkpt>
      <trkpt lat="35.513867" lon="129.272288">
        <ele>18.0</ele>
      </trkpt>
      <trkpt lat="35.513824" lon="129.272302">
        <ele>18.0</ele>
      </trkpt>
      <trkpt lat="35.513784" lon="129.272326">
        <ele>18.0</ele>
      </trkpt>
      <trkpt lat="35.513749" lon="129.272361">
        <ele>18.0</ele>
      </trkpt>
      <trkpt lat="35.513714" lon="129.272396">
        <ele>18.0</ele>
      </trkpt>
      <trkpt lat="35.513679" lon="129.272431">
        <ele>18.0</ele>
      </trkpt>
      <trkpt lat="35.513644" lon="129.272466">
        <ele>18.0</ele>
      </trkpt>
      <trkpt lat="35.513613" lon="129.272505">
        <ele>18.1</ele>
      </trkpt>
      <trkpt lat="35.513583" lon="129.272546">
        <ele>18.2</ele>
      </trkpt>
      <trkpt lat="35.513552" lon="129.272587">
        <ele>18.3</ele>
      </trkpt>
      <trkpt lat="35.513522" lon="129.272627">
        <ele>18.4</ele>
      </trkpt>
      <trkpt lat="35.513492" lon="129.272668">
        <ele>18.5</ele>
      </trkpt>
      <trkpt lat="35.513461" lon="129.272709">
        <ele>18.6</ele>
      </trkpt>
      <trkpt lat="35.513431" lon="129.272749">
        <ele>18.7</ele>
      </trkpt>
      <trkpt lat="35.513400" lon="129.272790">
        <ele>18.8</ele>
      </trkpt>
      <trkpt lat="35.513370" lon="129.272831">
        <ele>18.9</ele>
      </trkpt>
      <trkpt lat="35.513339" lon="129.272871">
        <ele>19.0</ele>
      </trkpt>
      <trkpt lat="35.513309" lon="129.272913">
        <ele>17.4</ele>
      </trkpt>
      <trkpt lat="35.513278" lon="129.272952">
        <ele>16.0</ele>
      </trkpt>
      <trkpt lat="35.513244" lon="129.272988">
        <ele>16.0</ele>
      </trkpt>
      <trkpt lat="35.513207" lon="129.273019">
        <ele>16.0</ele>
      </trkpt>
      <trkpt lat="35.513167" lon="129.273044">
        <ele>16.0</ele>
      </trkpt>
      <trkpt lat="35.513126" lon="129.273066">
        <ele>16.0</ele>
      </trkpt>
      <trkpt lat="35.513084" lon="129.273085">
        <ele>16.0</ele>
      </trkpt>
      <trkpt lat="35.513040" lon="129.273099">
        <ele>16.0</ele>
      </trkpt>
      <trkpt lat="35.512996" lon="129.273109">
        <ele>16.0</ele>
      </trkpt>
      <trkpt lat="35.512951" lon="129.273111">
        <ele>16.0</ele>
      </trkpt>
      <trkpt lat="35.512907" lon="129.273108">
        <ele>16.0</ele>
      </trkpt>
      <trkpt lat="35.512862" lon="129.273100">
        <ele>16.0</ele>
      </trkpt>
      <trkpt lat="35.512818" lon="129.273091">
        <ele>16.0</ele>
      </trkpt>
      <trkpt lat="35.512774" lon="129.273080">
        <ele>16.0</ele>
      </trkpt>
      <trkpt lat="35.512730" lon="129.273069">
        <ele>16.0</ele>
      </trkpt>
      <trkpt lat="35.512686" lon="129.273058">
        <ele>16.0</ele>
      </trkpt>
      <trkpt lat="35.512641" lon="129.273051">
        <ele>16.0</ele>
      </trkpt>
      <trkpt lat="35.512596" lon="129.273045">
        <ele>16.0</ele>
      </trkpt>
      <trkpt lat="35.512552" lon="129.273039">
        <ele>16.0</ele>
      </trkpt>
      <trkpt lat="35.512507" lon="129.273033">
        <ele>16.0</ele>
      </trkpt>
      <trkpt lat="35.512462" lon="129.273030">
        <ele>16.0</ele>
      </trkpt>
      <trkpt lat="35.512417" lon="129.273030">
        <ele>16.0</ele>
      </trkpt>
      <trkpt lat="35.512372" lon="129.273031">
        <ele>16.0</ele>
      </trkpt>
      <trkpt lat="35.512327" lon="129.273031">
        <ele>16.0</ele>
      </trkpt>
      <trkpt lat="35.512282" lon="129.273034">
        <ele>16.0</ele>
      </trkpt>
      <trkpt lat="35.512237" lon="129.273037">
        <ele>16.0</ele>
      </trkpt>
      <trkpt lat="35.512192" lon="129.273040">
        <ele>16.0</ele>
      </trkpt>
      <trkpt lat="35.512148" lon="129.273043">
        <ele>16.0</ele>
      </trkpt>
      <trkpt lat="35.512103" lon="129.273047">
        <ele>16.0</ele>
      </trkpt>
      <trkpt lat="35.512058" lon="129.273051">
        <ele>16.0</ele>
      </trkpt>
      <trkpt lat="35.512013" lon="129.273055">
        <ele>16.0</ele>
      </trkpt>
      <trkpt lat="35.511968" lon="129.273059">
        <ele>16.0</ele>
      </trkpt>
      <trkpt lat="35.511923" lon="129.273064">
        <ele>16.0</ele>
      </trkpt>
      <trkpt lat="35.511879" lon="129.273068">
        <ele>16.0</ele>
      </trkpt>
      <trkpt lat="35.511834" lon="129.273074">
        <ele>15.9</ele>
      </trkpt>
      <trkpt lat="35.511789" lon="129.273083">
        <ele>15.7</ele>
      </trkpt>
      <trkpt lat="35.511745" lon="129.273091">
        <ele>15.6</ele>
      </trkpt>
      <trkpt lat="35.511701" lon="129.273100">
        <ele>15.4</ele>
      </trkpt>
      <trkpt lat="35.511656" lon="129.273109">
        <ele>15.2</ele>
      </trkpt>
      <trkpt lat="35.511612" lon="129.273117">
        <ele>15.1</ele>
      </trkpt>
      <trkpt lat="35.511568" lon="129.273129">
        <ele>15.0</ele>
      </trkpt>
      <trkpt lat="35.511524" lon="129.273142">
        <ele>15.0</ele>
      </trkpt>
      <trkpt lat="35.511481" lon="129.273155">
        <ele>15.0</ele>
      </trkpt>
      <trkpt lat="35.511437" lon="129.273168">
        <ele>15.0</ele>
      </trkpt>
      <trkpt lat="35.511393" lon="129.273182">
        <ele>15.0</ele>
      </trkpt>
      <trkpt lat="35.511350" lon="129.273198">
        <ele>15.0</ele>
      </trkpt>
      <trkpt lat="35.511307" lon="129.273215">
        <ele>15.0</ele>
      </trkpt>
      <trkpt lat="35.511265" lon="129.273232">
        <ele>15.0</ele>
      </trkpt>
      <trkpt lat="35.511222" lon="129.273249">
        <ele>15.0</ele>
      </trkpt>
      <trkpt lat="35.511180" lon="129.273270">
        <ele>15.0</ele>
      </trkpt>
      <trkpt lat="35.511140" lon="129.273293">
        <ele>15.0</ele>
      </trkpt>
      <trkpt lat="35.511099" lon="129.273317">
        <ele>15.1</ele>
      </trkpt>
      <trkpt lat="35.511061" lon="129.273346">
        <ele>15.5</ele>
      </trkpt>
      <trkpt lat="35.511022" lon="129.273374">
        <ele>15.9</ele>
      </trkpt>
      <trkpt lat="35.510988" lon="129.273410">
        <ele>16.0</ele>
      </trkpt>
      <trkpt lat="35.510954" lon="129.273447">
        <ele>16.0</ele>
      </trkpt>
      <trkpt lat="35.510925" lon="129.273488">
        <ele>16.0</ele>
      </trkpt>
      <trkpt lat="35.510896" lon="129.273530">
        <ele>16.0</ele>
      </trkpt>
      <trkpt lat="35.510867" lon="129.273573">
        <ele>16.0</ele>
      </trkpt>
      <trkpt lat="35.510839" lon="129.273616">
        <ele>16.0</ele>
      </trkpt>
      <trkpt lat="35.510819" lon="129.273666">
        <ele>16.4</ele>
      </trkpt>
      <trkpt lat="35.510800" lon="129.273715">
        <ele>16.7</ele>
      </trkpt>
      <trkpt lat="35.510780" lon="129.273765">
        <ele>17.1</ele>
      </trkpt>
      <trkpt lat="35.510760" lon="129.273814">
        <ele>17.4</ele>
      </trkpt>
      <trkpt lat="35.510740" lon="129.273864">
        <ele>17.8</ele>
      </trkpt>
      <trkpt lat="35.510720" lon="129.273914">
        <ele>18.1</ele>
      </trkpt>
      <trkpt lat="35.510701" lon="129.273963">
        <ele>18.5</ele>
      </trkpt>
      <trkpt lat="35.510681" lon="129.274013">
        <ele>18.8</ele>
      </trkpt>
      <trkpt lat="35.510660" lon="129.274062">
        <ele>18.9</ele>
      </trkpt>
      <trkpt lat="35.510639" lon="129.274111">
        <ele>18.6</ele>
      </trkpt>
      <trkpt lat="35.510618" lon="129.274159">
        <ele>18.2</ele>
      </trkpt>
      <trkpt lat="35.510597" lon="129.274208">
        <ele>17.9</ele>
      </trkpt>
      <trkpt lat="35.510576" lon="129.274257">
        <ele>17.6</ele>
      </trkpt>
      <trkpt lat="35.510555" lon="129.274306">
        <ele>17.3</ele>
      </trkpt>
      <trkpt lat="35.510533" lon="129.274354">
        <ele>17.0</ele>
      </trkpt>
      <trkpt lat="35.510512" lon="129.274403">
        <ele>16.7</ele>
      </trkpt>
      <trkpt lat="35.510491" lon="129.274452">
        <ele>16.4</ele>
      </trkpt>
      <trkpt lat="35.510470" lon="129.274501">
        <ele>16.1</ele>
      </trkpt>
      <trkpt lat="35.510449" lon="129.274549">
        <ele>15.8</ele>
      </trkpt>
      <trkpt lat="35.510428" lon="129.274598">
        <ele>15.5</ele>
      </trkpt>
      <trkpt lat="35.510406" lon="129.274647">
        <ele>15.2</ele>
      </trkpt>
      <trkpt lat="35.510386" lon="129.274696">
        <ele>15.0</ele>
      </trkpt>
      <trkpt lat="35.510367" lon="129.274746">
        <ele>15.0</ele>
      </trkpt>
      <trkpt lat="35.510347" lon="129.274796">
        <ele>15.0</ele>
      </trkpt>
      <trkpt lat="35.510328" lon="129.274846">
        <ele>15.0</ele>
      </trkpt>
      <trkpt lat="35.510308" lon="129.274895">
        <ele>15.0</ele>
      </trkpt>
      <trkpt lat="35.510289" lon="129.274945">
        <ele>15.0</ele>
      </trkpt>
      <trkpt lat="35.510270" lon="129.274995">
        <ele>15.0</ele>
      </trkpt>
      <trkpt lat="35.510250" lon="129.275045">
        <ele>15.0</ele>
      </trkpt>
      <trkpt lat="35.510231" lon="129.275095">
        <ele>15.0</ele>
      </trkpt>
      <trkpt lat="35.510211" lon="129.275145">
        <ele>15.0</ele>
      </trkpt>
      <trkpt lat="35.510192" lon="129.275194">
        <ele>15.0</ele>
      </trkpt>
      <trkpt lat="35.510173" lon="129.275244">
        <ele>15.0</ele>
      </trkpt>
      <trkpt lat="35.510166" lon="129.275251">
        <ele>17.9</ele>
      </trkpt>
      <trkpt lat="35.510151" lon="129.275300">
        <ele>18.5</ele>
      </trkpt>
      <trkpt lat="35.510132" lon="129.275350">
        <ele>18.3</ele>
      </trkpt>
      <trkpt lat="35.510113" lon="129.275399">
        <ele>18.2</ele>
      </trkpt>
      <trkpt lat="35.510093" lon="129.275449">
        <ele>18.1</ele>
      </trkpt>
      <trkpt lat="35.510074" lon="129.275499">
        <ele>18.0</ele>
      </trkpt>
      <trkpt lat="35.510056" lon="129.275550">
        <ele>17.9</ele>
      </trkpt>
      <trkpt lat="35.510037" lon="129.275600">
        <ele>17.8</ele>
      </trkpt>
      <trkpt lat="35.510019" lon="129.275650">
        <ele>17.8</ele>
      </trkpt>
      <trkpt lat="35.510000" lon="129.275701">
        <ele>17.8</ele>
      </trkpt>
      <trkpt lat="35.509982" lon="129.275751">
        <ele>17.8</ele>
      </trkpt>
      <trkpt lat="35.509962" lon="129.275800">
        <ele>18.0</ele>
      </trkpt>
      <trkpt lat="35.509939" lon="129.275848">
        <ele>18.4</ele>
      </trkpt>
      <trkpt lat="35.509917" lon="129.275896">
        <ele>18.8</ele>
      </trkpt>
      <trkpt lat="35.509895" lon="129.275944">
        <ele>19.2</ele>
      </trkpt>
      <trkpt lat="35.509873" lon="129.275992">
        <ele>19.6</ele>
      </trkpt>
      <trkpt lat="35.509850" lon="129.276040">
        <ele>20.0</ele>
      </trkpt>
      <trkpt lat="35.509827" lon="129.276087">
        <ele>20.2</ele>
      </trkpt>
      <trkpt lat="35.509803" lon="129.276134">
        <ele>20.5</ele>
      </trkpt>
      <trkpt lat="35.509780" lon="129.276182">
        <ele>20.7</ele>
      </trkpt>
      <trkpt lat="35.509756" lon="129.276229">
        <ele>21.0</ele>
      </trkpt>
      <trkpt lat="35.509733" lon="129.276276">
        <ele>21.2</ele>
      </trkpt>
      <trkpt lat="35.509709" lon="129.276323">
        <ele>21.5</ele>
      </trkpt>
      <trkpt lat="35.509684" lon="129.276369">
        <ele>21.5</ele>
      </trkpt>
      <trkpt lat="35.509659" lon="129.276415">
        <ele>21.5</ele>
      </trkpt>
      <trkpt lat="35.509634" lon="129.276461">
        <ele>21.6</ele>
      </trkpt>
      <trkpt lat="35.509609" lon="129.276507">
        <ele>21.6</ele>
      </trkpt>
      <trkpt lat="35.509584" lon="129.276552">
        <ele>21.6</ele>
      </trkpt>
      <trkpt lat="35.509559" lon="129.276598">
        <ele>21.6</ele>
      </trkpt>
      <trkpt lat="35.509534" lon="129.276644">
        <ele>21.7</ele>
      </trkpt>
      <trkpt lat="35.509509" lon="129.276690">
        <ele>21.7</ele>
      </trkpt>
      <trkpt lat="35.509484" lon="129.276736">
        <ele>21.7</ele>
      </trkpt>
      <trkpt lat="35.509459" lon="129.276782">
        <ele>21.7</ele>
      </trkpt>
      <trkpt lat="35.509434" lon="129.276828">
        <ele>21.8</ele>
      </trkpt>
      <trkpt lat="35.509409" lon="129.276874">
        <ele>21.8</ele>
      </trkpt>
      <trkpt lat="35.509384" lon="129.276920">
        <ele>21.8</ele>
      </trkpt>
      <trkpt lat="35.509361" lon="129.276967">
        <ele>21.7</ele>
      </trkpt>
      <trkpt lat="35.509338" lon="129.277015">
        <ele>21.5</ele>
      </trkpt>
      <trkpt lat="35.509315" lon="129.277062">
        <ele>21.3</ele>
      </trkpt>
      <trkpt lat="35.509293" lon="129.277110">
        <ele>21.2</ele>
      </trkpt>
      <trkpt lat="35.509270" lon="129.277157">
        <ele>21.0</ele>
      </trkpt>
      <trkpt lat="35.509247" lon="129.277205">
        <ele>20.9</ele>
      </trkpt>
      <trkpt lat="35.509226" lon="129.277254">
        <ele>20.7</ele>
      </trkpt>
      <trkpt lat="35.509205" lon="129.277303">
        <ele>20.4</ele>
      </trkpt>
      <trkpt lat="35.509185" lon="129.277352">
        <ele>20.2</ele>
      </trkpt>
      <trkpt lat="35.509164" lon="129.277401">
        <ele>20.0</ele>
      </trkpt>
      <trkpt lat="35.509144" lon="129.277450">
        <ele>19.8</ele>
      </trkpt>
      <trkpt lat="35.509123" lon="129.277499">
        <ele>19.6</ele>
      </trkpt>
      <trkpt lat="35.509104" lon="129.277550">
        <ele>19.5</ele>
      </trkpt>
      <trkpt lat="35.509086" lon="129.277600">
        <ele>19.6</ele>
      </trkpt>
      <trkpt lat="35.509069" lon="129.277651">
        <ele>19.7</ele>
      </trkpt>
      <trkpt lat="35.509051" lon="129.277702">
        <ele>19.7</ele>
      </trkpt>
      <trkpt lat="35.509033" lon="129.277752">
        <ele>19.8</ele>
      </trkpt>
      <trkpt lat="35.509017" lon="129.277804">
        <ele>19.7</ele>
      </trkpt>
      <trkpt lat="35.509002" lon="129.277856">
        <ele>19.6</ele>
      </trkpt>
      <trkpt lat="35.508986" lon="129.277908">
        <ele>19.5</ele>
      </trkpt>
      <trkpt lat="35.508971" lon="129.277960">
        <ele>19.4</ele>
      </trkpt>
      <trkpt lat="35.508956" lon="129.278012">
        <ele>19.3</ele>
      </trkpt>
      <trkpt lat="35.508940" lon="129.278064">
        <ele>19.1</ele>
      </trkpt>
      <trkpt lat="35.508925" lon="129.278116">
        <ele>19.0</ele>
      </trkpt>
      <trkpt lat="35.508910" lon="129.278168">
        <ele>18.9</ele>
      </trkpt>
      <trkpt lat="35.508894" lon="129.278219">
        <ele>18.8</ele>
      </trkpt>
      <trkpt lat="35.508880" lon="129.278272">
        <ele>18.6</ele>
      </trkpt>
      <trkpt lat="35.508866" lon="129.278324">
        <ele>18.4</ele>
      </trkpt>
      <trkpt lat="35.508851" lon="129.278376">
        <ele>18.2</ele>
      </trkpt>
      <trkpt lat="35.508837" lon="129.278429">
        <ele>18.0</ele>
      </trkpt>
      <trkpt lat="35.508823" lon="129.278481">
        <ele>17.8</ele>
      </trkpt>
      <trkpt lat="35.508808" lon="129.278534">
        <ele>17.6</ele>
      </trkpt>
      <trkpt lat="35.508794" lon="129.278586">
        <ele>17.4</ele>
      </trkpt>
      <trkpt lat="35.508780" lon="129.278638">
        <ele>17.1</ele>
      </trkpt>
      <trkpt lat="35.508765" lon="129.278691">
        <ele>16.9</ele>
      </trkpt>
      <trkpt lat="35.508751" lon="129.278743">
        <ele>16.7</ele>
      </trkpt>
      <trkpt lat="35.508737" lon="129.278795">
        <ele>16.5</ele>
      </trkpt>
      <trkpt lat="35.508722" lon="129.278848">
        <ele>16.3</ele>
      </trkpt>
      <trkpt lat="35.508708" lon="129.278900">
        <ele>16.1</ele>
      </trkpt>
      <trkpt lat="35.508693" lon="129.278952">
        <ele>16.0</ele>
      </trkpt>
      <trkpt lat="35.508678" lon="129.279004">
        <ele>15.9</ele>
      </trkpt>
      <trkpt lat="35.508664" lon="129.279057">
        <ele>15.9</ele>
      </trkpt>
      <trkpt lat="35.508649" lon="129.279109">
        <ele>15.8</ele>
      </trkpt>
      <trkpt lat="35.508634" lon="129.279161">
        <ele>15.8</ele>
      </trkpt>
      <trkpt lat="35.508619" lon="129.279213">
        <ele>15.7</ele>
      </trkpt>
      <trkpt lat="35.508604" lon="129.279265">
        <ele>15.7</ele>
      </trkpt>
      <trkpt lat="35.508589" lon="129.279317">
        <ele>15.6</ele>
      </trkpt>
      <trkpt lat="35.508575" lon="129.279369">
        <ele>15.6</ele>
      </trkpt>
      <trkpt lat="35.508560" lon="129.279422">
        <ele>15.5</ele>
      </trkpt>
      <trkpt lat="35.508545" lon="129.279474">
        <ele>15.5</ele>
      </trkpt>
      <trkpt lat="35.508530" lon="129.279526">
        <ele>15.4</ele>
      </trkpt>
      <trkpt lat="35.508515" lon="129.279578">
        <ele>15.4</ele>
      </trkpt>
      <trkpt lat="35.508501" lon="129.279630">
        <ele>15.3</ele>
      </trkpt>
      <trkpt lat="35.508486" lon="129.279682">
        <ele>15.3</ele>
      </trkpt>
      <trkpt lat="35.508471" lon="129.279735">
        <ele>15.2</ele>
      </trkpt>
      <trkpt lat="35.508456" lon="129.279787">
        <ele>15.2</ele>
      </trkpt>
      <trkpt lat="35.508441" lon="129.279839">
        <ele>15.1</ele>
      </trkpt>
      <trkpt lat="35.508426" lon="129.279891">
        <ele>15.1</ele>
      </trkpt>
      <trkpt lat="35.508412" lon="129.279943">
        <ele>15.0</ele>
      </trkpt>
      <trkpt lat="35.508397" lon="129.279995">
        <ele>15.0</ele>
      </trkpt>
      <trkpt lat="35.508380" lon="129.280047">
        <ele>14.9</ele>
      </trkpt>
      <trkpt lat="35.508363" lon="129.280098">
        <ele>14.8</ele>
      </trkpt>
      <trkpt lat="35.508346" lon="129.280149">
        <ele>14.7</ele>
      </trkpt>
      <trkpt lat="35.508330" lon="129.280200">
        <ele>14.6</ele>
      </trkpt>
      <trkpt lat="35.508313" lon="129.280252">
        <ele>14.5</ele>
      </trkpt>
      <trkpt lat="35.508295" lon="129.280302">
        <ele>14.5</ele>
      </trkpt>
      <trkpt lat="35.508275" lon="129.280351">
        <ele>14.4</ele>
      </trkpt>
      <trkpt lat="35.508255" lon="129.280401">
        <ele>14.4</ele>
      </trkpt>
      <trkpt lat="35.508235" lon="129.280451">
        <ele>14.4</ele>
      </trkpt>
      <trkpt lat="35.508215" lon="129.280500">
        <ele>14.3</ele>
      </trkpt>
      <trkpt lat="35.508194" lon="129.280549">
        <ele>14.3</ele>
      </trkpt>
      <trkpt lat="35.508170" lon="129.280595">
        <ele>14.3</ele>
      </trkpt>
      <trkpt lat="35.508145" lon="129.280641">
        <ele>14.3</ele>
      </trkpt>
      <trkpt lat="35.508120" lon="129.280688">
        <ele>14.3</ele>
      </trkpt>
      <trkpt lat="35.508096" lon="129.280734">
        <ele>14.3</ele>
      </trkpt>
      <trkpt lat="35.508071" lon="129.280780">
        <ele>14.3</ele>
      </trkpt>
      <trkpt lat="35.508046" lon="129.280826">
        <ele>14.3</ele>
      </trkpt>
      <trkpt lat="35.508020" lon="129.280871">
        <ele>14.3</ele>
      </trkpt>
      <trkpt lat="35.507993" lon="129.280916">
        <ele>14.4</ele>
      </trkpt>
      <trkpt lat="35.507967" lon="129.280960">
        <ele>14.4</ele>
      </trkpt>
      <trkpt lat="35.507941" lon="129.281005">
        <ele>14.5</ele>
      </trkpt>
      <trkpt lat="35.507913" lon="129.281049">
        <ele>14.5</ele>
      </trkpt>
      <trkpt lat="35.507885" lon="129.281091">
        <ele>14.6</ele>
      </trkpt>
      <trkpt lat="35.507856" lon="129.281134">
        <ele>14.6</ele>
      </trkpt>
      <trkpt lat="35.507827" lon="129.281177">
        <ele>14.7</ele>
      </trkpt>
      <trkpt lat="35.507799" lon="129.281219">
        <ele>14.8</ele>
      </trkpt>
      <trkpt lat="35.507768" lon="129.281259">
        <ele>14.8</ele>
      </trkpt>
      <trkpt lat="35.507735" lon="129.281297">
        <ele>14.8</ele>
      </trkpt>
      <trkpt lat="35.507702" lon="129.281335">
        <ele>14.8</ele>
      </trkpt>
      <trkpt lat="35.507670" lon="129.281373">
        <ele>14.8</ele>
      </trkpt>
      <trkpt lat="35.507637" lon="129.281410">
        <ele>14.8</ele>
      </trkpt>
      <trkpt lat="35.507603" lon="129.281447">
        <ele>14.8</ele>
      </trkpt>
      <trkpt lat="35.507569" lon="129.281483">
        <ele>14.9</ele>
      </trkpt>
      <trkpt lat="35.507535" lon="129.281519">
        <ele>14.9</ele>
      </trkpt>
      <trkpt lat="35.507501" lon="129.281555">
        <ele>14.9</ele>
      </trkpt>
      <trkpt lat="35.507467" lon="129.281591">
        <ele>15.0</ele>
      </trkpt>
      <trkpt lat="35.507431" lon="129.281625">
        <ele>15.0</ele>
      </trkpt>
      <trkpt lat="35.507394" lon="129.281655">
        <ele>15.1</ele>
      </trkpt>
      <trkpt lat="35.507356" lon="129.281686">
        <ele>15.3</ele>
      </trkpt>
      <trkpt lat="35.507318" lon="129.281716">
        <ele>15.4</ele>
      </trkpt>
      <trkpt lat="35.507281" lon="129.281746">
        <ele>15.5</ele>
      </trkpt>
      <trkpt lat="35.507242" lon="129.281774">
        <ele>15.5</ele>
      </trkpt>
      <trkpt lat="35.507204" lon="129.281803">
        <ele>15.4</ele>
      </trkpt>
      <trkpt lat="35.507165" lon="129.281831">
        <ele>15.4</ele>
      </trkpt>
      <trkpt lat="35.507126" lon="129.281859">
        <ele>15.4</ele>
      </trkpt>
      <trkpt lat="35.507088" lon="129.281888">
        <ele>15.3</ele>
      </trkpt>
      <trkpt lat="35.507049" lon="129.281916">
        <ele>15.3</ele>
      </trkpt>
      <trkpt lat="35.507011" lon="129.281944">
        <ele>15.3</ele>
      </trkpt>
      <trkpt lat="35.506972" lon="129.281972">
        <ele>15.2</ele>
      </trkpt>
      <trkpt lat="35.506933" lon="129.282001">
        <ele>15.2</ele>
      </trkpt>
      <trkpt lat="35.506895" lon="129.282029">
        <ele>15.2</ele>
      </trkpt>
      <trkpt lat="35.506856" lon="129.282057">
        <ele>15.1</ele>
      </trkpt>
      <trkpt lat="35.506817" lon="129.282085">
        <ele>15.1</ele>
      </trkpt>
      <trkpt lat="35.506779" lon="129.282114">
        <ele>15.1</ele>
      </trkpt>
      <trkpt lat="35.506740" lon="129.282142">
        <ele>15.0</ele>
      </trkpt>
      <trkpt lat="35.506701" lon="129.282170">
        <ele>15.0</ele>
      </trkpt>
      <trkpt lat="35.506664" lon="129.282201">
        <ele>14.9</ele>
      </trkpt>
      <trkpt lat="35.506627" lon="129.282233">
        <ele>14.9</ele>
      </trkpt>
      <trkpt lat="35.506591" lon="129.282265">
        <ele>14.8</ele>
      </trkpt>
      <trkpt lat="35.506555" lon="129.282298">
        <ele>14.7</ele>
      </trkpt>
      <trkpt lat="35.506520" lon="129.282333">
        <ele>14.6</ele>
      </trkpt>
      <trkpt lat="35.506485" lon="129.282367">
        <ele>14.5</ele>
      </trkpt>
      <trkpt lat="35.506450" lon="129.282402">
        <ele>14.4</ele>
      </trkpt>
      <trkpt lat="35.506415" lon="129.282437">
        <ele>14.2</ele>
      </trkpt>
      <trkpt lat="35.506380" lon="129.282472">
        <ele>14.1</ele>
      </trkpt>
      <trkpt lat="35.506346" lon="129.282507">
        <ele>14.0</ele>
      </trkpt>
      <trkpt lat="35.506311" lon="129.282542">
        <ele>13.9</ele>
      </trkpt>
      <trkpt lat="35.506276" lon="129.282577">
        <ele>13.8</ele>
      </trkpt>
      <trkpt lat="35.506243" lon="129.282614">
        <ele>13.8</ele>
      </trkpt>
      <trkpt lat="35.506210" lon="129.282652">
        <ele>13.8</ele>
      </trkpt>
      <trkpt lat="35.506177" lon="129.282690">
        <ele>13.7</ele>
      </trkpt>
      <trkpt lat="35.506145" lon="129.282728">
        <ele>13.6</ele>
      </trkpt>
      <trkpt lat="35.506112" lon="129.282766">
        <ele>13.5</ele>
      </trkpt>
      <trkpt lat="35.506080" lon="129.282804">
        <ele>13.3</ele>
      </trkpt>
      <trkpt lat="35.506047" lon="129.282842">
        <ele>13.3</ele>
      </trkpt>
      <trkpt lat="35.506015" lon="129.282881">
        <ele>13.2</ele>
      </trkpt>
      <trkpt lat="35.505982" lon="129.282919">
        <ele>13.2</ele>
      </trkpt>
      <trkpt lat="35.505950" lon="129.282957">
        <ele>13.1</ele>
      </trkpt>
      <trkpt lat="35.505917" lon="129.282995">
        <ele>13.1</ele>
      </trkpt>
      <trkpt lat="35.505885" lon="129.283033">
        <ele>13.1</ele>
      </trkpt>
      <trkpt lat="35.505852" lon="129.283072">
        <ele>13.0</ele>
      </trkpt>
      <trkpt lat="35.505819" lon="129.283109">
        <ele>13.0</ele>
      </trkpt>
      <trkpt lat="35.505785" lon="129.283145">
        <ele>13.1</ele>
      </trkpt>
      <trkpt lat="35.505751" lon="129.283182">
        <ele>13.1</ele>
      </trkpt>
      <trkpt lat="35.505717" lon="129.283218">
        <ele>13.2</ele>
      </trkpt>
      <trkpt lat="35.505684" lon="129.283254">
        <ele>13.3</ele>
      </trkpt>
      <trkpt lat="35.505650" lon="129.283291">
        <ele>13.3</ele>
      </trkpt>
      <trkpt lat="35.505616" lon="129.283327">
        <ele>13.4</ele>
      </trkpt>
      <trkpt lat="35.505582" lon="129.283364">
        <ele>13.4</ele>
      </trkpt>
      <trkpt lat="35.505548" lon="129.283400">
        <ele>13.5</ele>
      </trkpt>
      <trkpt lat="35.505515" lon="129.283438">
        <ele>13.5</ele>
      </trkpt>
      <trkpt lat="35.505483" lon="129.283477">
        <ele>13.5</ele>
      </trkpt>
      <trkpt lat="35.505451" lon="129.283515">
        <ele>13.5</ele>
      </trkpt>
      <trkpt lat="35.505420" lon="129.283554">
        <ele>13.5</ele>
      </trkpt>
      <trkpt lat="35.505388" lon="129.283593">
        <ele>13.5</ele>
      </trkpt>
      <trkpt lat="35.505356" lon="129.283632">
        <ele>13.5</ele>
      </trkpt>
      <trkpt lat="35.505324" lon="129.283671">
        <ele>13.5</ele>
      </trkpt>
      <trkpt lat="35.505292" lon="129.283709">
        <ele>13.5</ele>
      </trkpt>
      <trkpt lat="35.505260" lon="129.283748">
        <ele>13.5</ele>
      </trkpt>
      <trkpt lat="35.505228" lon="129.283787">
        <ele>13.5</ele>
      </trkpt>
      <trkpt lat="35.505196" lon="129.283826">
        <ele>13.5</ele>
      </trkpt>
      <trkpt lat="35.505164" lon="129.283865">
        <ele>13.5</ele>
      </trkpt>
      <trkpt lat="35.505132" lon="129.283904">
        <ele>13.5</ele>
      </trkpt>
      <trkpt lat="35.505099" lon="129.283942">
        <ele>13.5</ele>
      </trkpt>
      <trkpt lat="35.505066" lon="129.283980">
        <ele>13.6</ele>
      </trkpt>
      <trkpt lat="35.505033" lon="129.284017">
        <ele>13.7</ele>
      </trkpt>
      <trkpt lat="35.505000" lon="129.284055">
        <ele>13.8</ele>
      </trkpt>
      <trkpt lat="35.504967" lon="129.284092">
        <ele>13.9</ele>
      </trkpt>
      <trkpt lat="35.504934" lon="129.284130">
        <ele>14.0</ele>
      </trkpt>
      <trkpt lat="35.504901" lon="129.284167">
        <ele>14.1</ele>
      </trkpt>
      <trkpt lat="35.504868" lon="129.284205">
        <ele>14.2</ele>
      </trkpt>
      <trkpt lat="35.504835" lon="129.284242">
        <ele>14.3</ele>
      </trkpt>
      <trkpt lat="35.504804" lon="129.284282">
        <ele>14.4</ele>
      </trkpt>
      <trkpt lat="35.504774" lon="129.284323">
        <ele>14.5</ele>
      </trkpt>
      <trkpt lat="35.504744" lon="129.284364">
        <ele>14.6</ele>
      </trkpt>
      <trkpt lat="35.504714" lon="129.284405">
        <ele>14.8</ele>
      </trkpt>
      <trkpt lat="35.504684" lon="129.284446">
        <ele>14.9</ele>
      </trkpt>
      <trkpt lat="35.504654" lon="129.284487">
        <ele>15.1</ele>
      </trkpt>
      <trkpt lat="35.504623" lon="129.284528">
        <ele>15.2</ele>
      </trkpt>
      <trkpt lat="35.504594" lon="129.284570">
        <ele>15.3</ele>
      </trkpt>
      <trkpt lat="35.504568" lon="129.284615">
        <ele>15.2</ele>
      </trkpt>
      <trkpt lat="35.504542" lon="129.284660">
        <ele>15.1</ele>
      </trkpt>
      <trkpt lat="35.504516" lon="129.284705">
        <ele>15.1</ele>
      </trkpt>
      <trkpt lat="35.504490" lon="129.284750">
        <ele>15.0</ele>
      </trkpt>
      <trkpt lat="35.504464" lon="129.284795">
        <ele>14.9</ele>
      </trkpt>
      <trkpt lat="35.504438" lon="129.284841">
        <ele>14.9</ele>
      </trkpt>
      <trkpt lat="35.504413" lon="129.284886">
        <ele>14.8</ele>
      </trkpt>
      <trkpt lat="35.504393" lon="129.284935">
        <ele>14.7</ele>
      </trkpt>
      <trkpt lat="35.504374" lon="129.284986">
        <ele>14.6</ele>
      </trkpt>
      <trkpt lat="35.504356" lon="129.285036">
        <ele>14.6</ele>
      </trkpt>
      <trkpt lat="35.504337" lon="129.285086">
        <ele>14.5</ele>
      </trkpt>
      <trkpt lat="35.504318" lon="129.285136">
        <ele>14.4</ele>
      </trkpt>
      <trkpt lat="35.504299" lon="129.285186">
        <ele>14.3</ele>
      </trkpt>
      <trkpt lat="35.504274" lon="129.285232">
        <ele>14.3</ele>
      </trkpt>
      <trkpt lat="35.504246" lon="129.285274">
        <ele>14.3</ele>
      </trkpt>
      <trkpt lat="35.504211" lon="129.285309">
        <ele>14.1</ele>
      </trkpt>
      <trkpt lat="35.504176" lon="129.285344">
        <ele>13.9</ele>
      </trkpt>
      <trkpt lat="35.504141" lon="129.285378">
        <ele>13.8</ele>
      </trkpt>
      <trkpt lat="35.504104" lon="129.285410">
        <ele>13.8</ele>
      </trkpt>
      <trkpt lat="35.504067" lon="129.285442">
        <ele>13.8</ele>
      </trkpt>
      <trkpt lat="35.504030" lon="129.285474">
        <ele>13.8</ele>
      </trkpt>
      <trkpt lat="35.503994" lon="129.285506">
        <ele>13.8</ele>
      </trkpt>
      <trkpt lat="35.503959" lon="129.285541">
        <ele>13.8</ele>
      </trkpt>
      <trkpt lat="35.503922" lon="129.285571">
        <ele>13.9</ele>
      </trkpt>
      <trkpt lat="35.503881" lon="129.285595">
        <ele>14.0</ele>
      </trkpt>
      <trkpt lat="35.503841" lon="129.285618">
        <ele>14.2</ele>
      </trkpt>
      <trkpt lat="35.503800" lon="129.285642">
        <ele>14.3</ele>
      </trkpt>
      <trkpt lat="35.503759" lon="129.285666">
        <ele>14.5</ele>
      </trkpt>
      <trkpt lat="35.503719" lon="129.285690">
        <ele>14.7</ele>
      </trkpt>
      <trkpt lat="35.503678" lon="129.285714">
        <ele>14.8</ele>
      </trkpt>
      <trkpt lat="35.503638" lon="129.285738">
        <ele>15.0</ele>
      </trkpt>
      <trkpt lat="35.503597" lon="129.285762">
        <ele>15.1</ele>
      </trkpt>
      <trkpt lat="35.503557" lon="129.285785">
        <ele>15.3</ele>
      </trkpt>
      <trkpt lat="35.503516" lon="129.285809">
        <ele>15.5</ele>
      </trkpt>
      <trkpt lat="35.503476" lon="129.285833">
        <ele>15.6</ele>
      </trkpt>
      <trkpt lat="35.503435" lon="129.285857">
        <ele>15.8</ele>
      </trkpt>
      <trkpt lat="35.503394" lon="129.285881">
        <ele>15.9</ele>
      </trkpt>
      <trkpt lat="35.503354" lon="129.285905">
        <ele>16.1</ele>
      </trkpt>
      <trkpt lat="35.503313" lon="129.285929">
        <ele>16.3</ele>
      </trkpt>
      <trkpt lat="35.503273" lon="129.285952">
        <ele>16.4</ele>
      </trkpt>
      <trkpt lat="35.503232" lon="129.285976">
        <ele>16.6</ele>
      </trkpt>
      <trkpt lat="35.503192" lon="129.286000">
        <ele>16.7</ele>
      </trkpt>
      <trkpt lat="35.503151" lon="129.286024">
        <ele>16.9</ele>
      </trkpt>
      <trkpt lat="35.503111" lon="129.286048">
        <ele>17.1</ele>
      </trkpt>
      <trkpt lat="35.503070" lon="129.286072">
        <ele>17.2</ele>
      </trkpt>
      <trkpt lat="35.503029" lon="129.286096">
        <ele>17.4</ele>
      </trkpt>
      <trkpt lat="35.502989" lon="129.286119">
        <ele>17.5</ele>
      </trkpt>
      <trkpt lat="35.502948" lon="129.286143">
        <ele>17.7</ele>
      </trkpt>
      <trkpt lat="35.502908" lon="129.286167">
        <ele>17.8</ele>
      </trkpt>
      <trkpt lat="35.502867" lon="129.286191">
        <ele>18.0</ele>
      </trkpt>
      <trkpt lat="35.502827" lon="129.286215">
        <ele>18.2</ele>
      </trkpt>
      <trkpt lat="35.502786" lon="129.286239">
        <ele>18.3</ele>
      </trkpt>
      <trkpt lat="35.502746" lon="129.286263">
        <ele>18.5</ele>
      </trkpt>
      <trkpt lat="35.502705" lon="129.286286">
        <ele>18.6</ele>
      </trkpt>
      <trkpt lat="35.502664" lon="129.286310">
        <ele>18.8</ele>
      </trkpt>
      <trkpt lat="35.502624" lon="129.286334">
        <ele>19.0</ele>
      </trkpt>
      <trkpt lat="35.502583" lon="129.286358">
        <ele>19.1</ele>
      </trkpt>
      <trkpt lat="35.502543" lon="129.286382">
        <ele>19.3</ele>
      </trkpt>
      <trkpt lat="35.502502" lon="129.286406">
        <ele>19.4</ele>
      </trkpt>
      <trkpt lat="35.502462" lon="129.286430">
        <ele>19.6</ele>
      </trkpt>
      <trkpt lat="35.502421" lon="129.286453">
        <ele>19.8</ele>
      </trkpt>
      <trkpt lat="35.502379" lon="129.286473">
        <ele>19.7</ele>
      </trkpt>
      <trkpt lat="35.502337" lon="129.286490">
        <ele>19.5</ele>
      </trkpt>
      <trkpt lat="35.502292" lon="129.286493">
        <ele>19.3</ele>
      </trkpt>
      <trkpt lat="35.502247" lon="129.286496">
        <ele>19.1</ele>
      </trkpt>
      <trkpt lat="35.502202" lon="129.286499">
        <ele>18.9</ele>
      </trkpt>
      <trkpt lat="35.502157" lon="129.286500">
        <ele>18.6</ele>
      </trkpt>
      <trkpt lat="35.502112" lon="129.286500">
        <ele>18.3</ele>
      </trkpt>
      <trkpt lat="35.502067" lon="129.286500">
        <ele>18.0</ele>
      </trkpt>
      <trkpt lat="35.502022" lon="129.286495">
        <ele>17.7</ele>
      </trkpt>
      <trkpt lat="35.501977" lon="129.286491">
        <ele>17.5</ele>
      </trkpt>
      <trkpt lat="35.501932" lon="129.286487">
        <ele>17.2</ele>
      </trkpt>
      <trkpt lat="35.501888" lon="129.286483">
        <ele>17.0</ele>
      </trkpt>
      <trkpt lat="35.501843" lon="129.286482">
        <ele>16.7</ele>
      </trkpt>
      <trkpt lat="35.501798" lon="129.286489">
        <ele>16.5</ele>
      </trkpt>
      <trkpt lat="35.501754" lon="129.286495">
        <ele>16.3</ele>
      </trkpt>
      <trkpt lat="35.501709" lon="129.286502">
        <ele>16.1</ele>
      </trkpt>
      <trkpt lat="35.501664" lon="129.286508">
        <ele>15.9</ele>
      </trkpt>
      <trkpt lat="35.501620" lon="129.286514">
        <ele>15.7</ele>
      </trkpt>
      <trkpt lat="35.501575" lon="129.286522">
        <ele>15.5</ele>
      </trkpt>
      <trkpt lat="35.501532" lon="129.286538">
        <ele>15.4</ele>
      </trkpt>
      <trkpt lat="35.501489" lon="129.286555">
        <ele>15.4</ele>
      </trkpt>
      <trkpt lat="35.501446" lon="129.286572">
        <ele>15.2</ele>
      </trkpt>
      <trkpt lat="35.501419" lon="129.286582">
        <ele>14.9</ele>
      </trkpt>
      <trkpt lat="35.501453" lon="129.286557">
        <ele>15.3</ele>
      </trkpt>
      <trkpt lat="35.501466" lon="129.286505">
        <ele>15.1</ele>
      </trkpt>
      <trkpt lat="35.501477" lon="129.286451">
        <ele>14.8</ele>
      </trkpt>
      <trkpt lat="35.501487" lon="129.286397">
        <ele>14.5</ele>
      </trkpt>
      <trkpt lat="35.501497" lon="129.286343">
        <ele>14.2</ele>
      </trkpt>
      <trkpt lat="35.501507" lon="129.286289">
        <ele>14.0</ele>
      </trkpt>
      <trkpt lat="35.501517" lon="129.286235">
        <ele>13.7</ele>
      </trkpt>
      <trkpt lat="35.501527" lon="129.286182">
        <ele>13.4</ele>
      </trkpt>
      <trkpt lat="35.501537" lon="129.286128">
        <ele>13.0</ele>
      </trkpt>
      <trkpt lat="35.501543" lon="129.286073">
        <ele>12.8</ele>
      </trkpt>
      <trkpt lat="35.501549" lon="129.286018">
        <ele>12.8</ele>
      </trkpt>
      <trkpt lat="35.501554" lon="129.285963">
        <ele>12.7</ele>
      </trkpt>
      <trkpt lat="35.501559" lon="129.285909">
        <ele>12.7</ele>
      </trkpt>
      <trkpt lat="35.501564" lon="129.285854">
        <ele>12.7</ele>
      </trkpt>
      <trkpt lat="35.501569" lon="129.285799">
        <ele>12.7</ele>
      </trkpt>
      <trkpt lat="35.501574" lon="129.285744">
        <ele>12.7</ele>
      </trkpt>
      <trkpt lat="35.501580" lon="129.285689">
        <ele>12.7</ele>
      </trkpt>
      <trkpt lat="35.501585" lon="129.285634">
        <ele>12.6</ele>
      </trkpt>
      <trkpt lat="35.501590" lon="129.285579">
        <ele>12.6</ele>
      </trkpt>
      <trkpt lat="35.501595" lon="129.285524">
        <ele>12.6</ele>
      </trkpt>
      <trkpt lat="35.501600" lon="129.285470">
        <ele>12.6</ele>
      </trkpt>
      <trkpt lat="35.501605" lon="129.285415">
        <ele>12.6</ele>
      </trkpt>
      <trkpt lat="35.501611" lon="129.285360">
        <ele>12.5</ele>
      </trkpt>
      <trkpt lat="35.501616" lon="129.285305">
        <ele>12.5</ele>
      </trkpt>
      <trkpt lat="35.501616" lon="129.285251">
        <ele>12.5</ele>
      </trkpt>
      <trkpt lat="35.501595" lon="129.285203">
        <ele>12.7</ele>
      </trkpt>
      <trkpt lat="35.501571" lon="129.285156">
        <ele>12.9</ele>
      </trkpt>
      <trkpt lat="35.501542" lon="129.285114">
        <ele>13.1</ele>
      </trkpt>
      <trkpt lat="35.501513" lon="129.285072">
        <ele>13.3</ele>
      </trkpt>
      <trkpt lat="35.501484" lon="129.285029">
        <ele>13.5</ele>
      </trkpt>
      <trkpt lat="35.501455" lon="129.284987">
        <ele>13.8</ele>
      </trkpt>
      <trkpt lat="35.501423" lon="129.284948">
        <ele>14.1</ele>
      </trkpt>
      <trkpt lat="35.501395" lon="129.284906">
        <ele>14.4</ele>
      </trkpt>
      <trkpt lat="35.501376" lon="129.284856">
        <ele>14.5</ele>
      </trkpt>
      <trkpt lat="35.501358" lon="129.284805">
        <ele>14.7</ele>
      </trkpt>
      <trkpt lat="35.501339" lon="129.284755">
        <ele>14.9</ele>
      </trkpt>
      <trkpt lat="35.501325" lon="129.284703">
        <ele>15.1</ele>
      </trkpt>
      <trkpt lat="35.501314" lon="129.284650">
        <ele>15.4</ele>
      </trkpt>
      <trkpt lat="35.501308" lon="129.284595">
        <ele>15.6</ele>
      </trkpt>
      <trkpt lat="35.501304" lon="129.284540">
        <ele>15.8</ele>
      </trkpt>
      <trkpt lat="35.501300" lon="129.284485">
        <ele>15.9</ele>
      </trkpt>
      <trkpt lat="35.501296" lon="129.284430">
        <ele>16.1</ele>
      </trkpt>
      <trkpt lat="35.501292" lon="129.284375">
        <ele>16.3</ele>
      </trkpt>
      <trkpt lat="35.501288" lon="129.284320">
        <ele>16.5</ele>
      </trkpt>
      <trkpt lat="35.501284" lon="129.284265">
        <ele>16.6</ele>
      </trkpt>
      <trkpt lat="35.501280" lon="129.284210">
        <ele>16.8</ele>
      </trkpt>
      <trkpt lat="35.501273" lon="129.284155">
        <ele>17.2</ele>
      </trkpt>
      <trkpt lat="35.501266" lon="129.284101">
        <ele>17.7</ele>
      </trkpt>
      <trkpt lat="35.501259" lon="129.284046">
        <ele>18.1</ele>
      </trkpt>
      <trkpt lat="35.501252" lon="129.283992">
        <ele>18.6</ele>
      </trkpt>
      <trkpt lat="35.501245" lon="129.283937">
        <ele>19.0</ele>
      </trkpt>
      <trkpt lat="35.501232" lon="129.283886">
        <ele>19.4</ele>
      </trkpt>
      <trkpt lat="35.501206" lon="129.283840">
        <ele>19.7</ele>
      </trkpt>
      <trkpt lat="35.501180" lon="129.283795">
        <ele>20.0</ele>
      </trkpt>
      <trkpt lat="35.501154" lon="129.283750">
        <ele>20.4</ele>
      </trkpt>
      <trkpt lat="35.501128" lon="129.283705">
        <ele>20.7</ele>
      </trkpt>
      <trkpt lat="35.501103" lon="129.283660">
        <ele>21.0</ele>
      </trkpt>
      <trkpt lat="35.501077" lon="129.283614">
        <ele>21.3</ele>
      </trkpt>
      <trkpt lat="35.501051" lon="129.283569">
        <ele>21.7</ele>
      </trkpt>
      <trkpt lat="35.501025" lon="129.283524">
        <ele>22.0</ele>
      </trkpt>
      <trkpt lat="35.500999" lon="129.283479">
        <ele>22.3</ele>
      </trkpt>
      <trkpt lat="35.500976" lon="129.283432">
        <ele>22.6</ele>
      </trkpt>
      <trkpt lat="35.500952" lon="129.283384">
        <ele>22.9</ele>
      </trkpt>
      <trkpt lat="35.500929" lon="129.283337">
        <ele>23.2</ele>
      </trkpt>
      <trkpt lat="35.500905" lon="129.283290">
        <ele>23.4</ele>
      </trkpt>
      <trkpt lat="35.500877" lon="129.283247">
        <ele>23.8</ele>
      </trkpt>
      <trkpt lat="35.500849" lon="129.283205">
        <ele>24.3</ele>
      </trkpt>
      <trkpt lat="35.500820" lon="129.283162">
        <ele>24.7</ele>
      </trkpt>
      <trkpt lat="35.500791" lon="129.283120">
        <ele>25.2</ele>
      </trkpt>
      <trkpt lat="35.500764" lon="129.283076">
        <ele>25.7</ele>
      </trkpt>
      <trkpt lat="35.500744" lon="129.283027">
        <ele>26.4</ele>
      </trkpt>
      <trkpt lat="35.500724" lon="129.282977">
        <ele>27.0</ele>
      </trkpt>
      <trkpt lat="35.500703" lon="129.282928">
        <ele>27.7</ele>
      </trkpt>
      <trkpt lat="35.500712" lon="129.282876">
        <ele>28.1</ele>
      </trkpt>
      <trkpt lat="35.500726" lon="129.282824">
        <ele>28.4</ele>
      </trkpt>
      <trkpt lat="35.500740" lon="129.282771">
        <ele>28.8</ele>
      </trkpt>
      <trkpt lat="35.500754" lon="129.282719">
        <ele>29.1</ele>
      </trkpt>
      <trkpt lat="35.500768" lon="129.282666">
        <ele>29.5</ele>
      </trkpt>
      <trkpt lat="35.500783" lon="129.282615">
        <ele>29.8</ele>
      </trkpt>
      <trkpt lat="35.500811" lon="129.282571">
        <ele>30.2</ele>
      </trkpt>
      <trkpt lat="35.500839" lon="129.282528">
        <ele>30.6</ele>
      </trkpt>
      <trkpt lat="35.500866" lon="129.282484">
        <ele>31.0</ele>
      </trkpt>
      <trkpt lat="35.500894" lon="129.282441">
        <ele>31.4</ele>
      </trkpt>
      <trkpt lat="35.500921" lon="129.282397">
        <ele>31.8</ele>
      </trkpt>
      <trkpt lat="35.500944" lon="129.282349">
        <ele>32.5</ele>
      </trkpt>
      <trkpt lat="35.500967" lon="129.282301">
        <ele>33.2</ele>
      </trkpt>
      <trkpt lat="35.500989" lon="129.282253">
        <ele>33.9</ele>
      </trkpt>
      <trkpt lat="35.501012" lon="129.282206">
        <ele>34.6</ele>
      </trkpt>
      <trkpt lat="35.501034" lon="129.282158">
        <ele>35.3</ele>
      </trkpt>
      <trkpt lat="35.501057" lon="129.282110">
        <ele>36.0</ele>
      </trkpt>
      <trkpt lat="35.501079" lon="129.282062">
        <ele>36.7</ele>
      </trkpt>
      <trkpt lat="35.501109" lon="129.282021">
        <ele>37.3</ele>
      </trkpt>
      <trkpt lat="35.501142" lon="129.281985">
        <ele>37.9</ele>
      </trkpt>
      <trkpt lat="35.501161" lon="129.281935">
        <ele>38.5</ele>
      </trkpt>
      <trkpt lat="35.501185" lon="129.281890">
        <ele>39.1</ele>
      </trkpt>
      <trkpt lat="35.501200" lon="129.281841">
        <ele>39.6</ele>
      </trkpt>
      <trkpt lat="35.501200" lon="129.281786">
        <ele>40.0</ele>
      </trkpt>
      <trkpt lat="35.501193" lon="129.281731">
        <ele>40.5</ele>
      </trkpt>
      <trkpt lat="35.501184" lon="129.281678">
        <ele>43.5</ele>
      </trkpt>
      <trkpt lat="35.501149" lon="129.281676">
        <ele>45.3</ele>
      </trkpt>
      <trkpt lat="35.501169" lon="129.281668">
        <ele>42.1</ele>
      </trkpt>
      <trkpt lat="35.501170" lon="129.281624">
        <ele>41.5</ele>
      </trkpt>
      <trkpt lat="35.501156" lon="129.281572">
        <ele>42.1</ele>
      </trkpt>
      <trkpt lat="35.501142" lon="129.281519">
        <ele>42.8</ele>
      </trkpt>
      <trkpt lat="35.501128" lon="129.281466">
        <ele>43.5</ele>
      </trkpt>
      <trkpt lat="35.501115" lon="129.281414">
        <ele>44.1</ele>
      </trkpt>
      <trkpt lat="35.501101" lon="129.281361">
        <ele>44.8</ele>
      </trkpt>
      <trkpt lat="35.501086" lon="129.281309">
        <ele>45.4</ele>
      </trkpt>
      <trkpt lat="35.501068" lon="129.281259">
        <ele>45.9</ele>
      </trkpt>
      <trkpt lat="35.501049" lon="129.281208">
        <ele>46.4</ele>
      </trkpt>
      <trkpt lat="35.501031" lon="129.281158">
        <ele>46.9</ele>
      </trkpt>
      <trkpt lat="35.501013" lon="129.281107">
        <ele>47.4</ele>
      </trkpt>
      <trkpt lat="35.500994" lon="129.281057">
        <ele>47.8</ele>
      </trkpt>
      <trkpt lat="35.500976" lon="129.281007">
        <ele>48.3</ele>
      </trkpt>
      <trkpt lat="35.500962" lon="129.280954">
        <ele>48.8</ele>
      </trkpt>
      <trkpt lat="35.500950" lon="129.280901">
        <ele>49.2</ele>
      </trkpt>
      <trkpt lat="35.500937" lon="129.280848">
        <ele>49.6</ele>
      </trkpt>
      <trkpt lat="35.500925" lon="129.280795">
        <ele>50.0</ele>
      </trkpt>
      <trkpt lat="35.500913" lon="129.280742">
        <ele>50.4</ele>
      </trkpt>
      <trkpt lat="35.500886" lon="129.280699">
        <ele>50.3</ele>
      </trkpt>
      <trkpt lat="35.500855" lon="129.280659">
        <ele>50.1</ele>
      </trkpt>
      <trkpt lat="35.500827" lon="129.280616">
        <ele>50.1</ele>
      </trkpt>
      <trkpt lat="35.500801" lon="129.280570">
        <ele>50.4</ele>
      </trkpt>
      <trkpt lat="35.500768" lon="129.280535">
        <ele>50.4</ele>
      </trkpt>
      <trkpt lat="35.500729" lon="129.280509">
        <ele>50.2</ele>
      </trkpt>
      <trkpt lat="35.500689" lon="129.280483">
        <ele>50.1</ele>
      </trkpt>
      <trkpt lat="35.500650" lon="129.280456">
        <ele>49.9</ele>
      </trkpt>
      <trkpt lat="35.500610" lon="129.280430">
        <ele>49.7</ele>
      </trkpt>
      <trkpt lat="35.500571" lon="129.280404">
        <ele>49.5</ele>
      </trkpt>
      <trkpt lat="35.500531" lon="129.280377">
        <ele>49.3</ele>
      </trkpt>
      <trkpt lat="35.500491" lon="129.280352">
        <ele>49.0</ele>
      </trkpt>
      <trkpt lat="35.500451" lon="129.280328">
        <ele>48.5</ele>
      </trkpt>
      <trkpt lat="35.500411" lon="129.280303">
        <ele>48.1</ele>
      </trkpt>
      <trkpt lat="35.500370" lon="129.280278">
        <ele>47.6</ele>
      </trkpt>
      <trkpt lat="35.500330" lon="129.280253">
        <ele>47.1</ele>
      </trkpt>
      <trkpt lat="35.500292" lon="129.280224">
        <ele>46.4</ele>
      </trkpt>
      <trkpt lat="35.500254" lon="129.280195">
        <ele>45.6</ele>
      </trkpt>
      <trkpt lat="35.500218" lon="129.280162">
        <ele>44.7</ele>
      </trkpt>
      <trkpt lat="35.500182" lon="129.280129">
        <ele>43.8</ele>
      </trkpt>
      <trkpt lat="35.500146" lon="129.280095">
        <ele>42.9</ele>
      </trkpt>
      <trkpt lat="35.500117" lon="129.280053">
        <ele>41.9</ele>
      </trkpt>
      <trkpt lat="35.500093" lon="129.280008">
        <ele>40.9</ele>
      </trkpt>
      <trkpt lat="35.500076" lon="129.279957">
        <ele>39.9</ele>
      </trkpt>
      <trkpt lat="35.500059" lon="129.279906">
        <ele>38.9</ele>
      </trkpt>
      <trkpt lat="35.500041" lon="129.279854">
        <ele>38.0</ele>
      </trkpt>
      <trkpt lat="35.500021" lon="129.279806">
        <ele>37.0</ele>
      </trkpt>
      <trkpt lat="35.499994" lon="129.279761">
        <ele>36.2</ele>
      </trkpt>
      <trkpt lat="35.499967" lon="129.279717">
        <ele>35.3</ele>
      </trkpt>
      <trkpt lat="35.499940" lon="129.279673">
        <ele>34.4</ele>
      </trkpt>
      <trkpt lat="35.499916" lon="129.279627">
        <ele>33.6</ele>
      </trkpt>
      <trkpt lat="35.499902" lon="129.279575">
        <ele>32.8</ele>
      </trkpt>
      <trkpt lat="35.499887" lon="129.279522">
        <ele>32.1</ele>
      </trkpt>
      <trkpt lat="35.499872" lon="129.279470">
        <ele>31.3</ele>
      </trkpt>
      <trkpt lat="35.499857" lon="129.279418">
        <ele>30.5</ele>
      </trkpt>
      <trkpt lat="35.499843" lon="129.279366">
        <ele>29.7</ele>
      </trkpt>
      <trkpt lat="35.499828" lon="129.279314">
        <ele>29.0</ele>
      </trkpt>
      <trkpt lat="35.499823" lon="129.279259">
        <ele>28.5</ele>
      </trkpt>
      <trkpt lat="35.499820" lon="129.279204">
        <ele>28.1</ele>
      </trkpt>
      <trkpt lat="35.499817" lon="129.279149">
        <ele>27.7</ele>
      </trkpt>
      <trkpt lat="35.499814" lon="129.279094">
        <ele>27.3</ele>
      </trkpt>
      <trkpt lat="35.499818" lon="129.279040">
        <ele>27.0</ele>
      </trkpt>
      <trkpt lat="35.499836" lon="129.278989">
        <ele>26.9</ele>
      </trkpt>
      <trkpt lat="35.499853" lon="129.278938">
        <ele>26.9</ele>
      </trkpt>
      <trkpt lat="35.499870" lon="129.278887">
        <ele>26.8</ele>
      </trkpt>
      <trkpt lat="35.499888" lon="129.278837">
        <ele>26.7</ele>
      </trkpt>
      <trkpt lat="35.499908" lon="129.278787">
        <ele>26.6</ele>
      </trkpt>
      <trkpt lat="35.499927" lon="129.278737">
        <ele>26.4</ele>
      </trkpt>
      <trkpt lat="35.499946" lon="129.278687">
        <ele>26.2</ele>
      </trkpt>
      <trkpt lat="35.499965" lon="129.278637">
        <ele>26.1</ele>
      </trkpt>
      <trkpt lat="35.499985" lon="129.278587">
        <ele>25.9</ele>
      </trkpt>
      <trkpt lat="35.500004" lon="129.278537">
        <ele>25.7</ele>
      </trkpt>
      <trkpt lat="35.500023" lon="129.278487">
        <ele>25.6</ele>
      </trkpt>
      <trkpt lat="35.500038" lon="129.278436">
        <ele>25.5</ele>
      </trkpt>
      <trkpt lat="35.500049" lon="129.278382">
        <ele>25.5</ele>
      </trkpt>
      <trkpt lat="35.500059" lon="129.278328">
        <ele>25.6</ele>
      </trkpt>
      <trkpt lat="35.500070" lon="129.278275">
        <ele>25.6</ele>
      </trkpt>
      <trkpt lat="35.500081" lon="129.278221">
        <ele>25.6</ele>
      </trkpt>
      <trkpt lat="35.500091" lon="129.278167">
        <ele>25.7</ele>
      </trkpt>
      <trkpt lat="35.500102" lon="129.278114">
        <ele>25.7</ele>
      </trkpt>
      <trkpt lat="35.500112" lon="129.278060">
        <ele>25.7</ele>
      </trkpt>
      <trkpt lat="35.500123" lon="129.278006">
        <ele>25.8</ele>
      </trkpt>
      <trkpt lat="35.500134" lon="129.277953">
        <ele>25.8</ele>
      </trkpt>
      <trkpt lat="35.500147" lon="129.277900">
        <ele>25.9</ele>
      </trkpt>
      <trkpt lat="35.500164" lon="129.277849">
        <ele>26.0</ele>
      </trkpt>
      <trkpt lat="35.500180" lon="129.277797">
        <ele>26.1</ele>
      </trkpt>
      <trkpt lat="35.500197" lon="129.277746">
        <ele>26.2</ele>
      </trkpt>
      <trkpt lat="35.500214" lon="129.277695">
        <ele>26.3</ele>
      </trkpt>
      <trkpt lat="35.500230" lon="129.277644">
        <ele>26.4</ele>
      </trkpt>
      <trkpt lat="35.500245" lon="129.277592">
        <ele>26.5</ele>
      </trkpt>
      <trkpt lat="35.500256" lon="129.277538">
        <ele>26.6</ele>
      </trkpt>
      <trkpt lat="35.500267" lon="129.277484">
        <ele>26.6</ele>
      </trkpt>
      <trkpt lat="35.500278" lon="129.277431">
        <ele>26.6</ele>
      </trkpt>
      <trkpt lat="35.500289" lon="129.277377">
        <ele>26.7</ele>
      </trkpt>
      <trkpt lat="35.500300" lon="129.277324">
        <ele>26.7</ele>
      </trkpt>
      <trkpt lat="35.500311" lon="129.277270">
        <ele>26.8</ele>
      </trkpt>
      <trkpt lat="35.500317" lon="129.277219">
        <ele>26.8</ele>
      </trkpt>
      <trkpt lat="35.500287" lon="129.277198">
        <ele>26.8</ele>
      </trkpt>
      <trkpt lat="35.500325" lon="129.277205">
        <ele>26.8</ele>
      </trkpt>
      <trkpt lat="35.500340" lon="129.277153">
        <ele>26.9</ele>
      </trkpt>
      <trkpt lat="35.500355" lon="129.277101">
        <ele>26.9</ele>
      </trkpt>
      <trkpt lat="35.500370" lon="129.277049">
        <ele>27.0</ele>
      </trkpt>
      <trkpt lat="35.500387" lon="129.276998">
        <ele>27.0</ele>
      </trkpt>
      <trkpt lat="35.500410" lon="129.276951">
        <ele>27.0</ele>
      </trkpt>
      <trkpt lat="35.500434" lon="129.276904">
        <ele>27.0</ele>
      </trkpt>
      <trkpt lat="35.500463" lon="129.276862">
        <ele>27.1</ele>
      </trkpt>
      <trkpt lat="35.500494" lon="129.276822">
        <ele>27.2</ele>
      </trkpt>
      <trkpt lat="35.500525" lon="129.276783">
        <ele>27.4</ele>
      </trkpt>
      <trkpt lat="35.500556" lon="129.276743">
        <ele>27.5</ele>
      </trkpt>
      <trkpt lat="35.500584" lon="129.276699">
        <ele>27.6</ele>
      </trkpt>
      <trkpt lat="35.500611" lon="129.276655">
        <ele>27.6</ele>
      </trkpt>
      <trkpt lat="35.500639" lon="129.276612">
        <ele>27.7</ele>
      </trkpt>
      <trkpt lat="35.500666" lon="129.276568">
        <ele>27.8</ele>
      </trkpt>
      <trkpt lat="35.500689" lon="129.276520">
        <ele>27.7</ele>
      </trkpt>
      <trkpt lat="35.500707" lon="129.276470">
        <ele>27.5</ele>
      </trkpt>
      <trkpt lat="35.500725" lon="129.276419">
        <ele>27.4</ele>
      </trkpt>
      <trkpt lat="35.500743" lon="129.276368">
        <ele>27.2</ele>
      </trkpt>
      <trkpt lat="35.500761" lon="129.276318">
        <ele>27.1</ele>
      </trkpt>
      <trkpt lat="35.500779" lon="129.276267">
        <ele>26.9</ele>
      </trkpt>
      <trkpt lat="35.500797" lon="129.276217">
        <ele>26.7</ele>
      </trkpt>
      <trkpt lat="35.500815" lon="129.276166">
        <ele>26.6</ele>
      </trkpt>
      <trkpt lat="35.500833" lon="129.276115">
        <ele>26.4</ele>
      </trkpt>
      <trkpt lat="35.500852" lon="129.276066">
        <ele>26.3</ele>
      </trkpt>
      <trkpt lat="35.500876" lon="129.276019">
        <ele>26.3</ele>
      </trkpt>
      <trkpt lat="35.500899" lon="129.275972">
        <ele>26.3</ele>
      </trkpt>
      <trkpt lat="35.500923" lon="129.275925">
        <ele>26.3</ele>
      </trkpt>
      <trkpt lat="35.500946" lon="129.275877">
        <ele>26.3</ele>
      </trkpt>
      <trkpt lat="35.500978" lon="129.275838">
        <ele>26.5</ele>
      </trkpt>
      <trkpt lat="35.501009" lon="129.275799">
        <ele>26.7</ele>
      </trkpt>
      <trkpt lat="35.501045" lon="129.275766">
        <ele>27.0</ele>
      </trkpt>
      <trkpt lat="35.501084" lon="129.275738">
        <ele>27.3</ele>
      </trkpt>
      <trkpt lat="35.501122" lon="129.275710">
        <ele>27.6</ele>
      </trkpt>
      <trkpt lat="35.501161" lon="129.275681">
        <ele>27.9</ele>
      </trkpt>
      <trkpt lat="35.501198" lon="129.275651">
        <ele>28.1</ele>
      </trkpt>
      <trkpt lat="35.501235" lon="129.275618">
        <ele>28.3</ele>
      </trkpt>
      <trkpt lat="35.501268" lon="129.275582">
        <ele>28.5</ele>
      </trkpt>
      <trkpt lat="35.501295" lon="129.275538">
        <ele>28.6</ele>
      </trkpt>
      <trkpt lat="35.501321" lon="129.275493">
        <ele>28.8</ele>
      </trkpt>
      <trkpt lat="35.501342" lon="129.275444">
        <ele>28.7</ele>
      </trkpt>
      <trkpt lat="35.501359" lon="129.275393">
        <ele>28.5</ele>
      </trkpt>
      <trkpt lat="35.501376" lon="129.275342">
        <ele>28.4</ele>
      </trkpt>
      <trkpt lat="35.501393" lon="129.275291">
        <ele>28.2</ele>
      </trkpt>
      <trkpt lat="35.501410" lon="129.275240">
        <ele>28.1</ele>
      </trkpt>
      <trkpt lat="35.501431" lon="129.275192">
        <ele>28.0</ele>
      </trkpt>
      <trkpt lat="35.501459" lon="129.275149">
        <ele>27.9</ele>
      </trkpt>
      <trkpt lat="35.501487" lon="129.275106">
        <ele>27.8</ele>
      </trkpt>
      <trkpt lat="35.501522" lon="129.275071">
        <ele>27.8</ele>
      </trkpt>
      <trkpt lat="35.501558" lon="129.275037">
        <ele>27.9</ele>
      </trkpt>
      <trkpt lat="35.501593" lon="129.275003">
        <ele>27.9</ele>
      </trkpt>
      <trkpt lat="35.501629" lon="129.274969">
        <ele>27.9</ele>
      </trkpt>
      <trkpt lat="35.501664" lon="129.274935">
        <ele>28.0</ele>
      </trkpt>
      <trkpt lat="35.501699" lon="129.274901">
        <ele>28.0</ele>
      </trkpt>
      <trkpt lat="35.501730" lon="129.274862">
        <ele>28.1</ele>
      </trkpt>
      <trkpt lat="35.501754" lon="129.274815">
        <ele>28.2</ele>
      </trkpt>
      <trkpt lat="35.501774" lon="129.274766">
        <ele>28.3</ele>
      </trkpt>
      <trkpt lat="35.501786" lon="129.274713">
        <ele>28.1</ele>
      </trkpt>
      <trkpt lat="35.501798" lon="129.274660">
        <ele>28.0</ele>
      </trkpt>
      <trkpt lat="35.501809" lon="129.274606">
        <ele>27.9</ele>
      </trkpt>
      <trkpt lat="35.501825" lon="129.274555">
        <ele>27.8</ele>
      </trkpt>
      <trkpt lat="35.501847" lon="129.274507">
        <ele>27.8</ele>
      </trkpt>
      <trkpt lat="35.501870" lon="129.274459">
        <ele>27.8</ele>
      </trkpt>
      <trkpt lat="35.501891" lon="129.274411">
        <ele>27.8</ele>
      </trkpt>
      <trkpt lat="35.501906" lon="129.274358">
        <ele>27.6</ele>
      </trkpt>
      <trkpt lat="35.501920" lon="129.274306">
        <ele>27.5</ele>
      </trkpt>
      <trkpt lat="35.501934" lon="129.274254">
        <ele>27.4</ele>
      </trkpt>
      <trkpt lat="35.501944" lon="129.274200">
        <ele>27.3</ele>
      </trkpt>
      <trkpt lat="35.501951" lon="129.274146">
        <ele>27.3</ele>
      </trkpt>
      <trkpt lat="35.501958" lon="129.274091">
        <ele>27.3</ele>
      </trkpt>
      <trkpt lat="35.501971" lon="129.274039">
        <ele>27.4</ele>
      </trkpt>
      <trkpt lat="35.501996" lon="129.273993">
        <ele>27.7</ele>
      </trkpt>
      <trkpt lat="35.502021" lon="129.273947">
        <ele>28.0</ele>
      </trkpt>
      <trkpt lat="35.502046" lon="129.273901">
        <ele>28.3</ele>
      </trkpt>
      <trkpt lat="35.502076" lon="129.273860">
        <ele>28.6</ele>
      </trkpt>
      <trkpt lat="35.502106" lon="129.273819">
        <ele>28.9</ele>
      </trkpt>
      <trkpt lat="35.502136" lon="129.273778">
        <ele>29.2</ele>
      </trkpt>
      <trkpt lat="35.502166" lon="129.273736">
        <ele>29.6</ele>
      </trkpt>
      <trkpt lat="35.502196" lon="129.273695">
        <ele>29.9</ele>
      </trkpt>
      <trkpt lat="35.502226" lon="129.273654">
        <ele>30.2</ele>
      </trkpt>
      <trkpt lat="35.502256" lon="129.273613">
        <ele>30.6</ele>
      </trkpt>
      <trkpt lat="35.502284" lon="129.273570">
        <ele>30.9</ele>
      </trkpt>
      <trkpt lat="35.502313" lon="129.273527">
        <ele>31.2</ele>
      </trkpt>
      <trkpt lat="35.502341" lon="129.273485">
        <ele>31.5</ele>
      </trkpt>
      <trkpt lat="35.502370" lon="129.273442">
        <ele>31.8</ele>
      </trkpt>
      <trkpt lat="35.502395" lon="129.273396">
        <ele>31.9</ele>
      </trkpt>
      <trkpt lat="35.502419" lon="129.273350">
        <ele>31.9</ele>
      </trkpt>
      <trkpt lat="35.502444" lon="129.273303">
        <ele>32.0</ele>
      </trkpt>
      <trkpt lat="35.502466" lon="129.273256">
        <ele>32.0</ele>
      </trkpt>
      <trkpt lat="35.502485" lon="129.273206">
        <ele>31.9</ele>
      </trkpt>
      <trkpt lat="35.502504" lon="129.273155">
        <ele>31.8</ele>
      </trkpt>
      <trkpt lat="35.502523" lon="129.273105">
        <ele>31.7</ele>
      </trkpt>
      <trkpt lat="35.502541" lon="129.273055">
        <ele>31.6</ele>
      </trkpt>
      <trkpt lat="35.502560" lon="129.273005">
        <ele>31.5</ele>
      </trkpt>
      <trkpt lat="35.502579" lon="129.272955">
        <ele>31.5</ele>
      </trkpt>
      <trkpt lat="35.502598" lon="129.272905">
        <ele>31.4</ele>
      </trkpt>
      <trkpt lat="35.502617" lon="129.272855">
        <ele>31.3</ele>
      </trkpt>
      <trkpt lat="35.502636" lon="129.272805">
        <ele>31.2</ele>
      </trkpt>
      <trkpt lat="35.502655" lon="129.272754">
        <ele>31.1</ele>
      </trkpt>
      <trkpt lat="35.502674" lon="129.272704">
        <ele>31.0</ele>
      </trkpt>
      <trkpt lat="35.502693" lon="129.272654">
        <ele>31.0</ele>
      </trkpt>
      <trkpt lat="35.502712" lon="129.272604">
        <ele>30.9</ele>
      </trkpt>
      <trkpt lat="35.502729" lon="129.272553">
        <ele>30.8</ele>
      </trkpt>
      <trkpt lat="35.502741" lon="129.272500">
        <ele>30.5</ele>
      </trkpt>
      <trkpt lat="35.502752" lon="129.272447">
        <ele>30.3</ele>
      </trkpt>
      <trkpt lat="35.502764" lon="129.272393">
        <ele>30.1</ele>
      </trkpt>
      <trkpt lat="35.502775" lon="129.272340">
        <ele>29.8</ele>
      </trkpt>
      <trkpt lat="35.502784" lon="129.272286">
        <ele>29.7</ele>
      </trkpt>
      <trkpt lat="35.502792" lon="129.272231">
        <ele>29.5</ele>
      </trkpt>
      <trkpt lat="35.502800" lon="129.272177">
        <ele>29.3</ele>
      </trkpt>
      <trkpt lat="35.502816" lon="129.272125">
        <ele>29.0</ele>
      </trkpt>
      <trkpt lat="35.502832" lon="129.272074">
        <ele>28.8</ele>
      </trkpt>
      <trkpt lat="35.502848" lon="129.272022">
        <ele>28.5</ele>
      </trkpt>
      <trkpt lat="35.502865" lon="129.271971">
        <ele>28.2</ele>
      </trkpt>
      <trkpt lat="35.502881" lon="129.271919">
        <ele>27.9</ele>
      </trkpt>
      <trkpt lat="35.502897" lon="129.271868">
        <ele>27.7</ele>
      </trkpt>
      <trkpt lat="35.502920" lon="129.271822">
        <ele>27.4</ele>
      </trkpt>
      <trkpt lat="35.502952" lon="129.271783">
        <ele>27.0</ele>
      </trkpt>
      <trkpt lat="35.502987" lon="129.271751">
        <ele>26.7</ele>
      </trkpt>
      <trkpt lat="35.503029" lon="129.271730">
        <ele>26.6</ele>
      </trkpt>
      <trkpt lat="35.503072" lon="129.271716">
        <ele>26.4</ele>
      </trkpt>
      <trkpt lat="35.503117" lon="129.271707">
        <ele>26.3</ele>
      </trkpt>
      <trkpt lat="35.503161" lon="129.271698">
        <ele>26.2</ele>
      </trkpt>
      <trkpt lat="35.503206" lon="129.271689">
        <ele>26.1</ele>
      </trkpt>
      <trkpt lat="35.503250" lon="129.271680">
        <ele>26.0</ele>
      </trkpt>
      <trkpt lat="35.503293" lon="129.271665">
        <ele>26.1</ele>
      </trkpt>
      <trkpt lat="35.503334" lon="129.271644">
        <ele>26.2</ele>
      </trkpt>
      <trkpt lat="35.503376" lon="129.271623">
        <ele>26.4</ele>
      </trkpt>
      <trkpt lat="35.503417" lon="129.271602">
        <ele>26.5</ele>
      </trkpt>
      <trkpt lat="35.503454" lon="129.271569">
        <ele>26.7</ele>
      </trkpt>
      <trkpt lat="35.503490" lon="129.271537">
        <ele>26.9</ele>
      </trkpt>
      <trkpt lat="35.503527" lon="129.271504">
        <ele>27.1</ele>
      </trkpt>
      <trkpt lat="35.503563" lon="129.271472">
        <ele>27.3</ele>
      </trkpt>
      <trkpt lat="35.503599" lon="129.271439">
        <ele>27.4</ele>
      </trkpt>
      <trkpt lat="35.503636" lon="129.271407">
        <ele>27.5</ele>
      </trkpt>
      <trkpt lat="35.503672" lon="129.271374">
        <ele>27.6</ele>
      </trkpt>
      <trkpt lat="35.503709" lon="129.271342">
        <ele>27.7</ele>
      </trkpt>
      <trkpt lat="35.503745" lon="129.271310">
        <ele>27.7</ele>
      </trkpt>
      <trkpt lat="35.503779" lon="129.271274">
        <ele>27.8</ele>
      </trkpt>
      <trkpt lat="35.503811" lon="129.271235">
        <ele>27.8</ele>
      </trkpt>
      <trkpt lat="35.503842" lon="129.271195">
        <ele>27.8</ele>
      </trkpt>
      <trkpt lat="35.503873" lon="129.271155">
        <ele>27.8</ele>
      </trkpt>
      <trkpt lat="35.503898" lon="129.271109">
        <ele>27.7</ele>
      </trkpt>
      <trkpt lat="35.503920" lon="129.271062">
        <ele>27.6</ele>
      </trkpt>
      <trkpt lat="35.503943" lon="129.271014">
        <ele>27.5</ele>
      </trkpt>
      <trkpt lat="35.503957" lon="129.270961">
        <ele>27.5</ele>
      </trkpt>
      <trkpt lat="35.503970" lon="129.270908">
        <ele>27.5</ele>
      </trkpt>
      <trkpt lat="35.503982" lon="129.270855">
        <ele>27.5</ele>
      </trkpt>
      <trkpt lat="35.503995" lon="129.270803">
        <ele>27.5</ele>
      </trkpt>
      <trkpt lat="35.504008" lon="129.270750">
        <ele>27.5</ele>
      </trkpt>
      <trkpt lat="35.504021" lon="129.270697">
        <ele>27.5</ele>
      </trkpt>
      <trkpt lat="35.504033" lon="129.270644">
        <ele>27.5</ele>
      </trkpt>
      <trkpt lat="35.504046" lon="129.270591">
        <ele>27.5</ele>
      </trkpt>
      <trkpt lat="35.504060" lon="129.270538">
        <ele>27.5</ele>
      </trkpt>
      <trkpt lat="35.504081" lon="129.270490">
        <ele>27.5</ele>
      </trkpt>
      <trkpt lat="35.504105" lon="129.270443">
        <ele>27.5</ele>
      </trkpt>
      <trkpt lat="35.504137" lon="129.270404">
        <ele>27.5</ele>
      </trkpt>
      <trkpt lat="35.504168" lon="129.270364">
        <ele>27.5</ele>
      </trkpt>
      <trkpt lat="35.504199" lon="129.270324">
        <ele>27.5</ele>
      </trkpt>
      <trkpt lat="35.504231" lon="129.270285">
        <ele>27.5</ele>
      </trkpt>
      <trkpt lat="35.504262" lon="129.270245">
        <ele>27.5</ele>
      </trkpt>
      <trkpt lat="35.504293" lon="129.270205">
        <ele>27.5</ele>
      </trkpt>
      <trkpt lat="35.504324" lon="129.270165">
        <ele>27.5</ele>
      </trkpt>
      <trkpt lat="35.504356" lon="129.270126">
        <ele>27.5</ele>
      </trkpt>
      <trkpt lat="35.504387" lon="129.270086">
        <ele>27.5</ele>
      </trkpt>
      <trkpt lat="35.504412" lon="129.270040">
        <ele>27.6</ele>
      </trkpt>
      <trkpt lat="35.504437" lon="129.269994">
        <ele>27.7</ele>
      </trkpt>
      <trkpt lat="35.504461" lon="129.269948">
        <ele>27.7</ele>
      </trkpt>
      <trkpt lat="35.504485" lon="129.269901">
        <ele>27.8</ele>
      </trkpt>
      <trkpt lat="35.504503" lon="129.269851">
        <ele>27.9</ele>
      </trkpt>
      <trkpt lat="35.504521" lon="129.269800">
        <ele>28.1</ele>
      </trkpt>
      <trkpt lat="35.504540" lon="129.269750">
        <ele>28.2</ele>
      </trkpt>
      <trkpt lat="35.504558" lon="129.269699">
        <ele>28.3</ele>
      </trkpt>
      <trkpt lat="35.504576" lon="129.269649">
        <ele>28.4</ele>
      </trkpt>
      <trkpt lat="35.504594" lon="129.269598">
        <ele>28.6</ele>
      </trkpt>
      <trkpt lat="35.504613" lon="129.269548">
        <ele>28.7</ele>
      </trkpt>
      <trkpt lat="35.504631" lon="129.269497">
        <ele>28.8</ele>
      </trkpt>
      <trkpt lat="35.504649" lon="129.269447">
        <ele>28.9</ele>
      </trkpt>
      <trkpt lat="35.504667" lon="129.269396">
        <ele>29.1</ele>
      </trkpt>
      <trkpt lat="35.504686" lon="129.269346">
        <ele>29.2</ele>
      </trkpt>
      <trkpt lat="35.504704" lon="129.269295">
        <ele>29.3</ele>
      </trkpt>
      <trkpt lat="35.504725" lon="129.269246">
        <ele>29.3</ele>
      </trkpt>
      <trkpt lat="35.504745" lon="129.269197">
        <ele>29.3</ele>
      </trkpt>
      <trkpt lat="35.504781" lon="129.269164">
        <ele>29.3</ele>
      </trkpt>
      <trkpt lat="35.504804" lon="129.269145">
        <ele>29.3</ele>
      </trkpt>
      <trkpt lat="35.504846" lon="129.269128">
        <ele>29.2</ele>
      </trkpt>
      <trkpt lat="35.504891" lon="129.269119">
        <ele>29.1</ele>
      </trkpt>
      <trkpt lat="35.504935" lon="129.269117">
        <ele>29.1</ele>
      </trkpt>
      <trkpt lat="35.504980" lon="129.269120">
        <ele>29.2</ele>
      </trkpt>
      <trkpt lat="35.505025" lon="129.269123">
        <ele>29.3</ele>
      </trkpt>
      <trkpt lat="35.505070" lon="129.269127">
        <ele>29.4</ele>
      </trkpt>
      <trkpt lat="35.505115" lon="129.269130">
        <ele>29.5</ele>
      </trkpt>
      <trkpt lat="35.505160" lon="129.269133">
        <ele>29.6</ele>
      </trkpt>
      <trkpt lat="35.505205" lon="129.269136">
        <ele>29.7</ele>
      </trkpt>
      <trkpt lat="35.505249" lon="129.269139">
        <ele>29.8</ele>
      </trkpt>
      <trkpt lat="35.505294" lon="129.269139">
        <ele>30.1</ele>
      </trkpt>
      <trkpt lat="35.505339" lon="129.269139">
        <ele>30.4</ele>
      </trkpt>
      <trkpt lat="35.505384" lon="129.269139">
        <ele>30.7</ele>
      </trkpt>
      <trkpt lat="35.505426" lon="129.269122">
        <ele>31.1</ele>
      </trkpt>
      <trkpt lat="35.505468" lon="129.269100">
        <ele>31.4</ele>
      </trkpt>
      <trkpt lat="35.505508" lon="129.269077">
        <ele>31.8</ele>
      </trkpt>
      <trkpt lat="35.505545" lon="129.269045">
        <ele>31.9</ele>
      </trkpt>
      <trkpt lat="35.505582" lon="129.269013">
        <ele>32.1</ele>
      </trkpt>
      <trkpt lat="35.505618" lon="129.268980">
        <ele>32.2</ele>
      </trkpt>
      <trkpt lat="35.505653" lon="129.268946">
        <ele>32.3</ele>
      </trkpt>
      <trkpt lat="35.505685" lon="129.268907">
        <ele>32.2</ele>
      </trkpt>
      <trkpt lat="35.505716" lon="129.268867">
        <ele>32.1</ele>
      </trkpt>
      <trkpt lat="35.505747" lon="129.268827">
        <ele>32.1</ele>
      </trkpt>
      <trkpt lat="35.505778" lon="129.268787">
        <ele>32.0</ele>
      </trkpt>
      <trkpt lat="35.505800" lon="129.268739">
        <ele>31.9</ele>
      </trkpt>
      <trkpt lat="35.505820" lon="129.268690">
        <ele>31.9</ele>
      </trkpt>
      <trkpt lat="35.505839" lon="129.268640">
        <ele>31.8</ele>
      </trkpt>
      <trkpt lat="35.505859" lon="129.268590">
        <ele>31.7</ele>
      </trkpt>
      <trkpt lat="35.505878" lon="129.268540">
        <ele>31.7</ele>
      </trkpt>
      <trkpt lat="35.505898" lon="129.268491">
        <ele>31.6</ele>
      </trkpt>
      <trkpt lat="35.505917" lon="129.268441">
        <ele>31.5</ele>
      </trkpt>
      <trkpt lat="35.505937" lon="129.268391">
        <ele>31.5</ele>
      </trkpt>
      <trkpt lat="35.505956" lon="129.268341">
        <ele>31.4</ele>
      </trkpt>
      <trkpt lat="35.505976" lon="129.268292">
        <ele>31.3</ele>
      </trkpt>
      <trkpt lat="35.505999" lon="129.268245">
        <ele>31.5</ele>
      </trkpt>
      <trkpt lat="35.506024" lon="129.268199">
        <ele>31.8</ele>
      </trkpt>
      <trkpt lat="35.506050" lon="129.268154">
        <ele>32.0</ele>
      </trkpt>
      <trkpt lat="35.506087" lon="129.268122">
        <ele>32.1</ele>
      </trkpt>
      <trkpt lat="35.506124" lon="129.268091">
        <ele>32.2</ele>
      </trkpt>
      <trkpt lat="35.506161" lon="129.268060">
        <ele>32.3</ele>
      </trkpt>
      <trkpt lat="35.506198" lon="129.268028">
        <ele>32.4</ele>
      </trkpt>
      <trkpt lat="35.506235" lon="129.267997">
        <ele>32.5</ele>
      </trkpt>
      <trkpt lat="35.506272" lon="129.267965">
        <ele>32.6</ele>
      </trkpt>
      <trkpt lat="35.506309" lon="129.267934">
        <ele>32.7</ele>
      </trkpt>
      <trkpt lat="35.506342" lon="129.267898">
        <ele>32.8</ele>
      </trkpt>
      <trkpt lat="35.506365" lon="129.267850">
        <ele>32.6</ele>
      </trkpt>
      <trkpt lat="35.506388" lon="129.267803">
        <ele>32.4</ele>
      </trkpt>
      <trkpt lat="35.506409" lon="129.267755">
        <ele>32.3</ele>
      </trkpt>
      <trkpt lat="35.506422" lon="129.267702">
        <ele>32.1</ele>
      </trkpt>
      <trkpt lat="35.506435" lon="129.267649">
        <ele>31.9</ele>
      </trkpt>
      <trkpt lat="35.506448" lon="129.267596">
        <ele>31.7</ele>
      </trkpt>
      <trkpt lat="35.506461" lon="129.267543">
        <ele>31.5</ele>
      </trkpt>
      <trkpt lat="35.506473" lon="129.267490">
        <ele>31.3</ele>
      </trkpt>
      <trkpt lat="35.506486" lon="129.267437">
        <ele>31.1</ele>
      </trkpt>
      <trkpt lat="35.506499" lon="129.267384">
        <ele>30.9</ele>
      </trkpt>
      <trkpt lat="35.506515" lon="129.267333">
        <ele>30.8</ele>
      </trkpt>
      <trkpt lat="35.506537" lon="129.267284">
        <ele>30.7</ele>
      </trkpt>
      <trkpt lat="35.506558" lon="129.267236">
        <ele>30.6</ele>
      </trkpt>
      <trkpt lat="35.506580" lon="129.267187">
        <ele>30.6</ele>
      </trkpt>
      <trkpt lat="35.506603" lon="129.267141">
        <ele>30.5</ele>
      </trkpt>
      <trkpt lat="35.506633" lon="129.267100">
        <ele>30.6</ele>
      </trkpt>
      <trkpt lat="35.506663" lon="129.267058">
        <ele>30.7</ele>
      </trkpt>
      <trkpt lat="35.506693" lon="129.267017">
        <ele>30.8</ele>
      </trkpt>
      <trkpt lat="35.506723" lon="129.266976">
        <ele>30.9</ele>
      </trkpt>
      <trkpt lat="35.506753" lon="129.266935">
        <ele>31.1</ele>
      </trkpt>
      <trkpt lat="35.506783" lon="129.266894">
        <ele>31.2</ele>
      </trkpt>
      <trkpt lat="35.506813" lon="129.266852">
        <ele>31.4</ele>
      </trkpt>
      <trkpt lat="35.506843" lon="129.266811">
        <ele>31.5</ele>
      </trkpt>
      <trkpt lat="35.506873" lon="129.266770">
        <ele>31.6</ele>
      </trkpt>
      <trkpt lat="35.506903" lon="129.266729">
        <ele>31.8</ele>
      </trkpt>
      <trkpt lat="35.506933" lon="129.266688">
        <ele>31.9</ele>
      </trkpt>
      <trkpt lat="35.506966" lon="129.266651">
        <ele>32.1</ele>
      </trkpt>
      <trkpt lat="35.507006" lon="129.266626">
        <ele>32.3</ele>
      </trkpt>
      <trkpt lat="35.507046" lon="129.266601">
        <ele>32.5</ele>
      </trkpt>
      <trkpt lat="35.507086" lon="129.266575">
        <ele>32.6</ele>
      </trkpt>
      <trkpt lat="35.507126" lon="129.266549">
        <ele>32.7</ele>
      </trkpt>
      <trkpt lat="35.507165" lon="129.266524">
        <ele>32.8</ele>
      </trkpt>
      <trkpt lat="35.507205" lon="129.266498">
        <ele>32.9</ele>
      </trkpt>
      <trkpt lat="35.507245" lon="129.266472">
        <ele>33.0</ele>
      </trkpt>
      <trkpt lat="35.507285" lon="129.266447">
        <ele>33.1</ele>
      </trkpt>
      <trkpt lat="35.507325" lon="129.266421">
        <ele>33.2</ele>
      </trkpt>
      <trkpt lat="35.507364" lon="129.266395">
        <ele>33.3</ele>
      </trkpt>
      <trkpt lat="35.507401" lon="129.266363">
        <ele>33.3</ele>
      </trkpt>
      <trkpt lat="35.507437" lon="129.266330">
        <ele>33.3</ele>
      </trkpt>
      <trkpt lat="35.507472" lon="129.266296">
        <ele>33.4</ele>
      </trkpt>
      <trkpt lat="35.507508" lon="129.266263">
        <ele>33.4</ele>
      </trkpt>
      <trkpt lat="35.507544" lon="129.266229">
        <ele>33.4</ele>
      </trkpt>
      <trkpt lat="35.507580" lon="129.266196">
        <ele>33.5</ele>
      </trkpt>
      <trkpt lat="35.507616" lon="129.266162">
        <ele>33.5</ele>
      </trkpt>
      <trkpt lat="35.507651" lon="129.266129">
        <ele>33.5</ele>
      </trkpt>
      <trkpt lat="35.507684" lon="129.266090">
        <ele>33.5</ele>
      </trkpt>
      <trkpt lat="35.507716" lon="129.266052">
        <ele>33.4</ele>
      </trkpt>
      <trkpt lat="35.507748" lon="129.266014">
        <ele>33.4</ele>
      </trkpt>
      <trkpt lat="35.507781" lon="129.265976">
        <ele>33.3</ele>
      </trkpt>
      <trkpt lat="35.507817" lon="129.265945">
        <ele>33.3</ele>
      </trkpt>
      <trkpt lat="35.507860" lon="129.265927">
        <ele>33.3</ele>
      </trkpt>
      <trkpt lat="35.507902" lon="129.265909">
        <ele>33.3</ele>
      </trkpt>
      <trkpt lat="35.507946" lon="129.265898">
        <ele>33.4</ele>
      </trkpt>
      <trkpt lat="35.507991" lon="129.265897">
        <ele>33.5</ele>
      </trkpt>
      <trkpt lat="35.508036" lon="129.265896">
        <ele>33.7</ele>
      </trkpt>
      <trkpt lat="35.508081" lon="129.265895">
        <ele>33.8</ele>
      </trkpt>
      <trkpt lat="35.508126" lon="129.265894">
        <ele>34.0</ele>
      </trkpt>
      <trkpt lat="35.508171" lon="129.265893">
        <ele>34.1</ele>
      </trkpt>
      <trkpt lat="35.508216" lon="129.265891">
        <ele>34.3</ele>
      </trkpt>
      <trkpt lat="35.508259" lon="129.265880">
        <ele>34.4</ele>
      </trkpt>
      <trkpt lat="35.508302" lon="129.265864">
        <ele>34.5</ele>
      </trkpt>
      <trkpt lat="35.508346" lon="129.265849">
        <ele>34.6</ele>
      </trkpt>
      <trkpt lat="35.508389" lon="129.265833">
        <ele>34.8</ele>
      </trkpt>
      <trkpt lat="35.508426" lon="129.265804">
        <ele>35.2</ele>
      </trkpt>
      <trkpt lat="35.508463" lon="129.265771">
        <ele>35.6</ele>
      </trkpt>
      <trkpt lat="35.508499" lon="129.265739">
        <ele>36.0</ele>
      </trkpt>
      <trkpt lat="35.508536" lon="129.265707">
        <ele>36.5</ele>
      </trkpt>
      <trkpt lat="35.508572" lon="129.265674">
        <ele>36.9</ele>
      </trkpt>
      <trkpt lat="35.508606" lon="129.265637">
        <ele>37.2</ele>
      </trkpt>
      <trkpt lat="35.508638" lon="129.265600">
        <ele>37.4</ele>
      </trkpt>
      <trkpt lat="35.508671" lon="129.265562">
        <ele>37.6</ele>
      </trkpt>
      <trkpt lat="35.508704" lon="129.265524">
        <ele>37.9</ele>
      </trkpt>
      <trkpt lat="35.508734" lon="129.265483">
        <ele>38.0</ele>
      </trkpt>
      <trkpt lat="35.508760" lon="129.265439">
        <ele>37.9</ele>
      </trkpt>
      <trkpt lat="35.508787" lon="129.265394">
        <ele>37.9</ele>
      </trkpt>
      <trkpt lat="35.508813" lon="129.265349">
        <ele>37.9</ele>
      </trkpt>
      <trkpt lat="35.508840" lon="129.265305">
        <ele>37.8</ele>
      </trkpt>
      <trkpt lat="35.508866" lon="129.265260">
        <ele>37.8</ele>
      </trkpt>
      <trkpt lat="35.508893" lon="129.265215">
        <ele>37.8</ele>
      </trkpt>
      <trkpt lat="35.508919" lon="129.265171">
        <ele>37.7</ele>
      </trkpt>
      <trkpt lat="35.508945" lon="129.265126">
        <ele>37.7</ele>
      </trkpt>
      <trkpt lat="35.508972" lon="129.265081">
        <ele>37.6</ele>
      </trkpt>
      <trkpt lat="35.508998" lon="129.265036">
        <ele>37.6</ele>
      </trkpt>
      <trkpt lat="35.509025" lon="129.264992">
        <ele>37.6</ele>
      </trkpt>
      <trkpt lat="35.509051" lon="129.264947">
        <ele>37.5</ele>
      </trkpt>
      <trkpt lat="35.509079" lon="129.264904">
        <ele>37.5</ele>
      </trkpt>
      <trkpt lat="35.509117" lon="129.264875">
        <ele>38.0</ele>
      </trkpt>
      <trkpt lat="35.509156" lon="129.264847">
        <ele>38.5</ele>
      </trkpt>
      <trkpt lat="35.509194" lon="129.264818">
        <ele>39.0</ele>
      </trkpt>
      <trkpt lat="35.509233" lon="129.264790">
        <ele>39.5</ele>
      </trkpt>
      <trkpt lat="35.509271" lon="129.264761">
        <ele>40.0</ele>
      </trkpt>
      <trkpt lat="35.509310" lon="129.264733">
        <ele>40.7</ele>
      </trkpt>
      <trkpt lat="35.509347" lon="129.264703">
        <ele>41.4</ele>
      </trkpt>
      <trkpt lat="35.509380" lon="129.264665">
        <ele>41.9</ele>
      </trkpt>
      <trkpt lat="35.509413" lon="129.264627">
        <ele>42.4</ele>
      </trkpt>
      <trkpt lat="35.509446" lon="129.264589">
        <ele>43.0</ele>
      </trkpt>
      <trkpt lat="35.509475" lon="129.264548">
        <ele>43.4</ele>
      </trkpt>
      <trkpt lat="35.509499" lon="129.264501">
        <ele>43.7</ele>
      </trkpt>
      <trkpt lat="35.509523" lon="129.264454">
        <ele>44.0</ele>
      </trkpt>
      <trkpt lat="35.509547" lon="129.264407">
        <ele>44.3</ele>
      </trkpt>
      <trkpt lat="35.509572" lon="129.264362">
        <ele>44.6</ele>
      </trkpt>
      <trkpt lat="35.509604" lon="129.264323">
        <ele>44.9</ele>
      </trkpt>
      <trkpt lat="35.509635" lon="129.264284">
        <ele>45.2</ele>
      </trkpt>
      <trkpt lat="35.509667" lon="129.264244">
        <ele>45.5</ele>
      </trkpt>
      <trkpt lat="35.509699" lon="129.264205">
        <ele>45.8</ele>
      </trkpt>
      <trkpt lat="35.509730" lon="129.264166">
        <ele>46.1</ele>
      </trkpt>
      <trkpt lat="35.509762" lon="129.264127">
        <ele>46.4</ele>
      </trkpt>
      <trkpt lat="35.509788" lon="129.264088">
        <ele>46.5</ele>
      </trkpt>
      <trkpt lat="35.509811" lon="129.264041">
        <ele>46.5</ele>
      </trkpt>
      <trkpt lat="35.509834" lon="129.263993">
        <ele>46.5</ele>
      </trkpt>
      <trkpt lat="35.509852" lon="129.263943">
        <ele>46.3</ele>
      </trkpt>
      <trkpt lat="35.509865" lon="129.263890">
        <ele>46.0</ele>
      </trkpt>
      <trkpt lat="35.509878" lon="129.263837">
        <ele>45.6</ele>
      </trkpt>
      <trkpt lat="35.509890" lon="129.263784">
        <ele>45.3</ele>
      </trkpt>
      <trkpt lat="35.509903" lon="129.263731">
        <ele>44.9</ele>
      </trkpt>
      <trkpt lat="35.509916" lon="129.263678">
        <ele>44.6</ele>
      </trkpt>
      <trkpt lat="35.509929" lon="129.263625">
        <ele>44.2</ele>
      </trkpt>
      <trkpt lat="35.509942" lon="129.263572">
        <ele>43.9</ele>
      </trkpt>
      <trkpt lat="35.509954" lon="129.263519">
        <ele>43.5</ele>
      </trkpt>
      <trkpt lat="35.509967" lon="129.263466">
        <ele>43.2</ele>
      </trkpt>
      <trkpt lat="35.509980" lon="129.263413">
        <ele>42.8</ele>
      </trkpt>
      <trkpt lat="35.509993" lon="129.263360">
        <ele>42.5</ele>
      </trkpt>
      <trkpt lat="35.510006" lon="129.263307">
        <ele>42.1</ele>
      </trkpt>
      <trkpt lat="35.510028" lon="129.263260">
        <ele>42.2</ele>
      </trkpt>
      <trkpt lat="35.510056" lon="129.263218">
        <ele>42.7</ele>
      </trkpt>
      <trkpt lat="35.510085" lon="129.263175">
        <ele>43.1</ele>
      </trkpt>
      <trkpt lat="35.510114" lon="129.263133">
        <ele>43.5</ele>
      </trkpt>
      <trkpt lat="35.510142" lon="129.263090">
        <ele>43.9</ele>
      </trkpt>
      <trkpt lat="35.510171" lon="129.263048">
        <ele>44.3</ele>
      </trkpt>
      <trkpt lat="35.510195" lon="129.263001">
        <ele>44.3</ele>
      </trkpt>
      <trkpt lat="35.510220" lon="129.262955">
        <ele>44.3</ele>
      </trkpt>
      <trkpt lat="35.510245" lon="129.262909">
        <ele>44.4</ele>
      </trkpt>
      <trkpt lat="35.510270" lon="129.262863">
        <ele>44.4</ele>
      </trkpt>
      <trkpt lat="35.510294" lon="129.262817">
        <ele>44.4</ele>
      </trkpt>
      <trkpt lat="35.510319" lon="129.262771">
        <ele>44.4</ele>
      </trkpt>
      <trkpt lat="35.510344" lon="129.262724">
        <ele>44.4</ele>
      </trkpt>
      <trkpt lat="35.510368" lon="129.262678">
        <ele>44.5</ele>
      </trkpt>
      <trkpt lat="35.510393" lon="129.262632">
        <ele>44.5</ele>
      </trkpt>
      <trkpt lat="35.510414" lon="129.262584">
        <ele>44.5</ele>
      </trkpt>
      <trkpt lat="35.510429" lon="129.262532">
        <ele>44.3</ele>
      </trkpt>
      <trkpt lat="35.510444" lon="129.262480">
        <ele>44.2</ele>
      </trkpt>
      <trkpt lat="35.510459" lon="129.262427">
        <ele>44.1</ele>
      </trkpt>
      <trkpt lat="35.510474" lon="129.262375">
        <ele>43.9</ele>
      </trkpt>
      <trkpt lat="35.510488" lon="129.262323">
        <ele>43.8</ele>
      </trkpt>
      <trkpt lat="35.510497" lon="129.262269">
        <ele>43.6</ele>
      </trkpt>
      <trkpt lat="35.510505" lon="129.262214">
        <ele>43.5</ele>
      </trkpt>
      <trkpt lat="35.510513" lon="129.262160">
        <ele>43.3</ele>
      </trkpt>
      <trkpt lat="35.510521" lon="129.262106">
        <ele>43.1</ele>
      </trkpt>
      <trkpt lat="35.510531" lon="129.262053">
        <ele>43.0</ele>
      </trkpt>
      <trkpt lat="35.510562" lon="129.262013">
        <ele>42.7</ele>
      </trkpt>
      <trkpt lat="35.510593" lon="129.261972">
        <ele>42.4</ele>
      </trkpt>
      <trkpt lat="35.510624" lon="129.261932">
        <ele>42.1</ele>
      </trkpt>
      <trkpt lat="35.510654" lon="129.261892">
        <ele>41.8</ele>
      </trkpt>
      <trkpt lat="35.510685" lon="129.261851">
        <ele>41.5</ele>
      </trkpt>
      <trkpt lat="35.510716" lon="129.261811">
        <ele>41.1</ele>
      </trkpt>
      <trkpt lat="35.510747" lon="129.261771">
        <ele>40.8</ele>
      </trkpt>
      <trkpt lat="35.510777" lon="129.261731">
        <ele>40.5</ele>
      </trkpt>
      <trkpt lat="35.510808" lon="129.261690">
        <ele>40.2</ele>
      </trkpt>
      <trkpt lat="35.510837" lon="129.261648">
        <ele>40.1</ele>
      </trkpt>
      <trkpt lat="35.510861" lon="129.261601">
        <ele>40.6</ele>
      </trkpt>
      <trkpt lat="35.510884" lon="129.261554">
        <ele>41.1</ele>
      </trkpt>
      <trkpt lat="35.510907" lon="129.261507">
        <ele>41.6</ele>
      </trkpt>
      <trkpt lat="35.510931" lon="129.261460">
        <ele>42.0</ele>
      </trkpt>
      <trkpt lat="35.510954" lon="129.261412">
        <ele>42.5</ele>
      </trkpt>
      <trkpt lat="35.510972" lon="129.261362">
        <ele>42.8</ele>
      </trkpt>
      <trkpt lat="35.510990" lon="129.261311">
        <ele>43.1</ele>
      </trkpt>
      <trkpt lat="35.511009" lon="129.261261">
        <ele>43.4</ele>
      </trkpt>
      <trkpt lat="35.511020" lon="129.261208">
        <ele>43.5</ele>
      </trkpt>
      <trkpt lat="35.511024" lon="129.261153">
        <ele>43.6</ele>
      </trkpt>
      <trkpt lat="35.511028" lon="129.261098">
        <ele>43.7</ele>
      </trkpt>
      <trkpt lat="35.511029" lon="129.261043">
        <ele>43.7</ele>
      </trkpt>
      <trkpt lat="35.511024" lon="129.260988">
        <ele>43.6</ele>
      </trkpt>
      <trkpt lat="35.511019" lon="129.260933">
        <ele>43.5</ele>
      </trkpt>
      <trkpt lat="35.511014" lon="129.260879">
        <ele>43.3</ele>
      </trkpt>
      <trkpt lat="35.510998" lon="129.260827">
        <ele>43.2</ele>
      </trkpt>
      <trkpt lat="35.510981" lon="129.260776">
        <ele>43.0</ele>
      </trkpt>
      <trkpt lat="35.510973" lon="129.260722">
        <ele>43.1</ele>
      </trkpt>
      <trkpt lat="35.510969" lon="129.260667">
        <ele>43.2</ele>
      </trkpt>
      <trkpt lat="35.510965" lon="129.260612">
        <ele>43.3</ele>
      </trkpt>
      <trkpt lat="35.510976" lon="129.260560">
        <ele>43.6</ele>
      </trkpt>
      <trkpt lat="35.510994" lon="129.260510">
        <ele>44.0</ele>
      </trkpt>
      <trkpt lat="35.511013" lon="129.260460">
        <ele>44.4</ele>
      </trkpt>
      <trkpt lat="35.511039" lon="129.260415">
        <ele>44.7</ele>
      </trkpt>
      <trkpt lat="35.511065" lon="129.260369">
        <ele>45.1</ele>
      </trkpt>
      <trkpt lat="35.511091" lon="129.260324">
        <ele>45.4</ele>
      </trkpt>
      <trkpt lat="35.511113" lon="129.260276">
        <ele>45.7</ele>
      </trkpt>
      <trkpt lat="35.511134" lon="129.260227">
        <ele>46.0</ele>
      </trkpt>
      <trkpt lat="35.511155" lon="129.260178">
        <ele>46.3</ele>
      </trkpt>
      <trkpt lat="35.511174" lon="129.260129">
        <ele>46.6</ele>
      </trkpt>
      <trkpt lat="35.511190" lon="129.260077">
        <ele>46.8</ele>
      </trkpt>
      <trkpt lat="35.511206" lon="129.260025">
        <ele>47.1</ele>
      </trkpt>
      <trkpt lat="35.511222" lon="129.259974">
        <ele>47.3</ele>
      </trkpt>
      <trkpt lat="35.511238" lon="129.259922">
        <ele>47.6</ele>
      </trkpt>
      <trkpt lat="35.511253" lon="129.259870">
        <ele>47.9</ele>
      </trkpt>
      <trkpt lat="35.511263" lon="129.259817">
        <ele>48.1</ele>
      </trkpt>
      <trkpt lat="35.511265" lon="129.259762">
        <ele>48.2</ele>
      </trkpt>
      <trkpt lat="35.511266" lon="129.259707">
        <ele>48.4</ele>
      </trkpt>
      <trkpt lat="35.511268" lon="129.259651">
        <ele>48.5</ele>
      </trkpt>
      <trkpt lat="35.511270" lon="129.259596">
        <ele>48.6</ele>
      </trkpt>
      <trkpt lat="35.511272" lon="129.259541">
        <ele>48.8</ele>
      </trkpt>
      <trkpt lat="35.511274" lon="129.259486">
        <ele>48.9</ele>
      </trkpt>
      <trkpt lat="35.511276" lon="129.259431">
        <ele>49.1</ele>
      </trkpt>
      <trkpt lat="35.511277" lon="129.259375">
        <ele>49.2</ele>
      </trkpt>
      <trkpt lat="35.511279" lon="129.259320">
        <ele>49.4</ele>
      </trkpt>
      <trkpt lat="35.511281" lon="129.259265">
        <ele>49.5</ele>
      </trkpt>
      <trkpt lat="35.511283" lon="129.259210">
        <ele>49.7</ele>
      </trkpt>
      <trkpt lat="35.511285" lon="129.259155">
        <ele>49.8</ele>
      </trkpt>
      <trkpt lat="35.511286" lon="129.259099">
        <ele>50.0</ele>
      </trkpt>
      <trkpt lat="35.511289" lon="129.259044">
        <ele>50.1</ele>
      </trkpt>
      <trkpt lat="35.511293" lon="129.258989">
        <ele>50.2</ele>
      </trkpt>
      <trkpt lat="35.511296" lon="129.258934">
        <ele>50.3</ele>
      </trkpt>
      <trkpt lat="35.511299" lon="129.258879">
        <ele>50.5</ele>
      </trkpt>
      <trkpt lat="35.511302" lon="129.258824">
        <ele>50.6</ele>
      </trkpt>
      <trkpt lat="35.511305" lon="129.258769">
        <ele>50.7</ele>
      </trkpt>
      <trkpt lat="35.511309" lon="129.258714">
        <ele>50.9</ele>
      </trkpt>
      <trkpt lat="35.511312" lon="129.258659">
        <ele>51.0</ele>
      </trkpt>
      <trkpt lat="35.511315" lon="129.258603">
        <ele>51.1</ele>
      </trkpt>
      <trkpt lat="35.511318" lon="129.258548">
        <ele>51.2</ele>
      </trkpt>
      <trkpt lat="35.511322" lon="129.258493">
        <ele>51.4</ele>
      </trkpt>
      <trkpt lat="35.511325" lon="129.258438">
        <ele>51.5</ele>
      </trkpt>
      <trkpt lat="35.511328" lon="129.258383">
        <ele>51.6</ele>
      </trkpt>
      <trkpt lat="35.511331" lon="129.258328">
        <ele>51.7</ele>
      </trkpt>
      <trkpt lat="35.511339" lon="129.258274">
        <ele>51.9</ele>
      </trkpt>
      <trkpt lat="35.511350" lon="129.258220">
        <ele>52.0</ele>
      </trkpt>
      <trkpt lat="35.511361" lon="129.258167">
        <ele>52.2</ele>
      </trkpt>
      <trkpt lat="35.511373" lon="129.258113">
        <ele>52.3</ele>
      </trkpt>
      <trkpt lat="35.511384" lon="129.258060">
        <ele>52.5</ele>
      </trkpt>
      <trkpt lat="35.511395" lon="129.258006">
        <ele>52.6</ele>
      </trkpt>
      <trkpt lat="35.511407" lon="129.257953">
        <ele>52.7</ele>
      </trkpt>
      <trkpt lat="35.511422" lon="129.257901">
        <ele>52.8</ele>
      </trkpt>
      <trkpt lat="35.511439" lon="129.257850">
        <ele>52.8</ele>
      </trkpt>
      <trkpt lat="35.511457" lon="129.257799">
        <ele>52.9</ele>
      </trkpt>
      <trkpt lat="35.511474" lon="129.257748">
        <ele>52.9</ele>
      </trkpt>
      <trkpt lat="35.511492" lon="129.257697">
        <ele>52.9</ele>
      </trkpt>
      <trkpt lat="35.511509" lon="129.257646">
        <ele>53.0</ele>
      </trkpt>
      <trkpt lat="35.511526" lon="129.257596">
        <ele>53.0</ele>
      </trkpt>
      <trkpt lat="35.511545" lon="129.257545">
        <ele>53.1</ele>
      </trkpt>
      <trkpt lat="35.511564" lon="129.257495">
        <ele>53.3</ele>
      </trkpt>
      <trkpt lat="35.511583" lon="129.257445">
        <ele>53.5</ele>
      </trkpt>
      <trkpt lat="35.511602" lon="129.257395">
        <ele>53.6</ele>
      </trkpt>
      <trkpt lat="35.511621" lon="129.257345">
        <ele>53.8</ele>
      </trkpt>
      <trkpt lat="35.511640" lon="129.257295">
        <ele>53.9</ele>
      </trkpt>
      <trkpt lat="35.511659" lon="129.257245">
        <ele>54.1</ele>
      </trkpt>
      <trkpt lat="35.511677" lon="129.257194">
        <ele>54.2</ele>
      </trkpt>
      <trkpt lat="35.511696" lon="129.257144">
        <ele>54.4</ele>
      </trkpt>
      <trkpt lat="35.511715" lon="129.257094">
        <ele>54.5</ele>
      </trkpt>
      <trkpt lat="35.511734" lon="129.257044">
        <ele>54.7</ele>
      </trkpt>
      <trkpt lat="35.511753" lon="129.256994">
        <ele>54.8</ele>
      </trkpt>
      <trkpt lat="35.511772" lon="129.256944">
        <ele>55.0</ele>
      </trkpt>
      <trkpt lat="35.511796" lon="129.256897">
        <ele>55.1</ele>
      </trkpt>
      <trkpt lat="35.511820" lon="129.256851">
        <ele>55.3</ele>
      </trkpt>
      <trkpt lat="35.511845" lon="129.256804">
        <ele>55.4</ele>
      </trkpt>
      <trkpt lat="35.511869" lon="129.256758">
        <ele>55.6</ele>
      </trkpt>
      <trkpt lat="35.511894" lon="129.256712">
        <ele>55.7</ele>
      </trkpt>
      <trkpt lat="35.511918" lon="129.256665">
        <ele>55.9</ele>
      </trkpt>
      <trkpt lat="35.511945" lon="129.256636">
        <ele>56.0</ele>
      </trkpt>
      <trkpt lat="35.511950" lon="129.256605">
        <ele>55.3</ele>
      </trkpt>
      <trkpt lat="35.511974" lon="129.256559">
        <ele>55.4</ele>
      </trkpt>
      <trkpt lat="35.511999" lon="129.256512">
        <ele>55.4</ele>
      </trkpt>
      <trkpt lat="35.512023" lon="129.256466">
        <ele>55.4</ele>
      </trkpt>
      <trkpt lat="35.512047" lon="129.256420">
        <ele>55.5</ele>
      </trkpt>
      <trkpt lat="35.512072" lon="129.256373">
        <ele>55.5</ele>
      </trkpt>
      <trkpt lat="35.512096" lon="129.256327">
        <ele>55.5</ele>
      </trkpt>
      <trkpt lat="35.512121" lon="129.256280">
        <ele>55.6</ele>
      </trkpt>
      <trkpt lat="35.512145" lon="129.256234">
        <ele>55.6</ele>
      </trkpt>
      <trkpt lat="35.512170" lon="129.256188">
        <ele>55.6</ele>
      </trkpt>
      <trkpt lat="35.512194" lon="129.256141">
        <ele>55.7</ele>
      </trkpt>
      <trkpt lat="35.512219" lon="129.256095">
        <ele>55.7</ele>
      </trkpt>
      <trkpt lat="35.512243" lon="129.256049">
        <ele>55.8</ele>
      </trkpt>
      <trkpt lat="35.512267" lon="129.256002">
        <ele>55.8</ele>
      </trkpt>
      <trkpt lat="35.512292" lon="129.255956">
        <ele>55.8</ele>
      </trkpt>
      <trkpt lat="35.512316" lon="129.255909">
        <ele>55.9</ele>
      </trkpt>
      <trkpt lat="35.512341" lon="129.255863">
        <ele>55.9</ele>
      </trkpt>
      <trkpt lat="35.512365" lon="129.255817">
        <ele>55.9</ele>
      </trkpt>
      <trkpt lat="35.512390" lon="129.255770">
        <ele>56.0</ele>
      </trkpt>
      <trkpt lat="35.512414" lon="129.255724">
        <ele>56.0</ele>
      </trkpt>
      <trkpt lat="35.512438" lon="129.255677">
        <ele>56.2</ele>
      </trkpt>
      <trkpt lat="35.512462" lon="129.255631">
        <ele>56.4</ele>
      </trkpt>
      <trkpt lat="35.512486" lon="129.255584">
        <ele>56.6</ele>
      </trkpt>
      <trkpt lat="35.512510" lon="129.255537">
        <ele>56.8</ele>
      </trkpt>
      <trkpt lat="35.512534" lon="129.255491">
        <ele>57.0</ele>
      </trkpt>
      <trkpt lat="35.512558" lon="129.255444">
        <ele>57.2</ele>
      </trkpt>
      <trkpt lat="35.512582" lon="129.255397">
        <ele>57.5</ele>
      </trkpt>
      <trkpt lat="35.512606" lon="129.255351">
        <ele>57.7</ele>
      </trkpt>
      <trkpt lat="35.512630" lon="129.255304">
        <ele>57.9</ele>
      </trkpt>
      <trkpt lat="35.512654" lon="129.255257">
        <ele>58.1</ele>
      </trkpt>
      <trkpt lat="35.512679" lon="129.255210">
        <ele>58.3</ele>
      </trkpt>
      <trkpt lat="35.512703" lon="129.255164">
        <ele>58.5</ele>
      </trkpt>
      <trkpt lat="35.512727" lon="129.255117">
        <ele>58.7</ele>
      </trkpt>
      <trkpt lat="35.512751" lon="129.255070">
        <ele>58.9</ele>
      </trkpt>
      <trkpt lat="35.512775" lon="129.255024">
        <ele>59.1</ele>
      </trkpt>
      <trkpt lat="35.512799" lon="129.254977">
        <ele>59.3</ele>
      </trkpt>
      <trkpt lat="35.512823" lon="129.254930">
        <ele>59.5</ele>
      </trkpt>
      <trkpt lat="35.512833" lon="129.254886">
        <ele>57.5</ele>
      </trkpt>
      <trkpt lat="35.512848" lon="129.254872">
        <ele>59.3</ele>
      </trkpt>
      <trkpt lat="35.512869" lon="129.254824">
        <ele>59.1</ele>
      </trkpt>
      <trkpt lat="35.512890" lon="129.254775">
        <ele>59.0</ele>
      </trkpt>
      <trkpt lat="35.512911" lon="129.254726">
        <ele>58.9</ele>
      </trkpt>
      <trkpt lat="35.512932" lon="129.254678">
        <ele>58.7</ele>
      </trkpt>
      <trkpt lat="35.512953" lon="129.254629">
        <ele>58.6</ele>
      </trkpt>
      <trkpt lat="35.512975" lon="129.254580">
        <ele>58.5</ele>
      </trkpt>
      <trkpt lat="35.512996" lon="129.254531">
        <ele>58.4</ele>
      </trkpt>
      <trkpt lat="35.513017" lon="129.254483">
        <ele>58.2</ele>
      </trkpt>
      <trkpt lat="35.513038" lon="129.254434">
        <ele>58.1</ele>
      </trkpt>
      <trkpt lat="35.513059" lon="129.254385">
        <ele>58.0</ele>
      </trkpt>
      <trkpt lat="35.513080" lon="129.254336">
        <ele>57.8</ele>
      </trkpt>
      <trkpt lat="35.513101" lon="129.254288">
        <ele>57.7</ele>
      </trkpt>
      <trkpt lat="35.513123" lon="129.254239">
        <ele>57.6</ele>
      </trkpt>
      <trkpt lat="35.513121" lon="129.254199">
        <ele>57.5</ele>
      </trkpt>
      <trkpt lat="35.513140" lon="129.254200">
        <ele>57.5</ele>
      </trkpt>
      <trkpt lat="35.513152" lon="129.254147">
        <ele>56.9</ele>
      </trkpt>
      <trkpt lat="35.513164" lon="129.254094">
        <ele>56.3</ele>
      </trkpt>
      <trkpt lat="35.513175" lon="129.254040">
        <ele>55.7</ele>
      </trkpt>
      <trkpt lat="35.513186" lon="129.253987">
        <ele>55.1</ele>
      </trkpt>
      <trkpt lat="35.513196" lon="129.253935">
        <ele>54.5</ele>
      </trkpt>
      <trkpt lat="35.513176" lon="129.253929">
        <ele>55.2</ele>
      </trkpt>
      <trkpt lat="35.513191" lon="129.253963">
        <ele>56.4</ele>
      </trkpt>
      <trkpt lat="35.513180" lon="129.254017">
        <ele>56.7</ele>
      </trkpt>
      <trkpt lat="35.513169" lon="129.254070">
        <ele>56.9</ele>
      </trkpt>
      <trkpt lat="35.513157" lon="129.254124">
        <ele>57.2</ele>
      </trkpt>
      <trkpt lat="35.513146" lon="129.254177">
        <ele>57.4</ele>
      </trkpt>
      <trkpt lat="35.513128" lon="129.254228">
        <ele>57.6</ele>
      </trkpt>
      <trkpt lat="35.513107" lon="129.254276">
        <ele>57.7</ele>
      </trkpt>
      <trkpt lat="35.513086" lon="129.254325">
        <ele>57.9</ele>
      </trkpt>
      <trkpt lat="35.513065" lon="129.254374">
        <ele>58.0</ele>
      </trkpt>
      <trkpt lat="35.513044" lon="129.254422">
        <ele>58.1</ele>
      </trkpt>
      <trkpt lat="35.513022" lon="129.254471">
        <ele>58.3</ele>
      </trkpt>
      <trkpt lat="35.513001" lon="129.254520">
        <ele>58.4</ele>
      </trkpt>
      <trkpt lat="35.512980" lon="129.254569">
        <ele>58.5</ele>
      </trkpt>
      <trkpt lat="35.512959" lon="129.254617">
        <ele>58.7</ele>
      </trkpt>
      <trkpt lat="35.512938" lon="129.254666">
        <ele>58.8</ele>
      </trkpt>
      <trkpt lat="35.512917" lon="129.254715">
        <ele>58.9</ele>
      </trkpt>
      <trkpt lat="35.512895" lon="129.254764">
        <ele>59.1</ele>
      </trkpt>
      <trkpt lat="35.512874" lon="129.254812">
        <ele>59.2</ele>
      </trkpt>
      <trkpt lat="35.512853" lon="129.254861">
        <ele>59.3</ele>
      </trkpt>
      <trkpt lat="35.512832" lon="129.254910">
        <ele>59.5</ele>
      </trkpt>
      <trkpt lat="35.512809" lon="129.254957">
        <ele>59.4</ele>
      </trkpt>
      <trkpt lat="35.512785" lon="129.255004">
        <ele>59.2</ele>
      </trkpt>
      <trkpt lat="35.512761" lon="129.255051">
        <ele>59.0</ele>
      </trkpt>
      <trkpt lat="35.512737" lon="129.255097">
        <ele>58.8</ele>
      </trkpt>
      <trkpt lat="35.512713" lon="129.255144">
        <ele>58.6</ele>
      </trkpt>
      <trkpt lat="35.512689" lon="129.255191">
        <ele>58.4</ele>
      </trkpt>
      <trkpt lat="35.512665" lon="129.255237">
        <ele>58.1</ele>
      </trkpt>
      <trkpt lat="35.512641" lon="129.255284">
        <ele>57.9</ele>
      </trkpt>
      <trkpt lat="35.512617" lon="129.255331">
        <ele>57.7</ele>
      </trkpt>
      <trkpt lat="35.512593" lon="129.255377">
        <ele>57.5</ele>
      </trkpt>
      <trkpt lat="35.512569" lon="129.255424">
        <ele>57.3</ele>
      </trkpt>
      <trkpt lat="35.512544" lon="129.255471">
        <ele>57.1</ele>
      </trkpt>
      <trkpt lat="35.512520" lon="129.255518">
        <ele>56.9</ele>
      </trkpt>
      <trkpt lat="35.512496" lon="129.255564">
        <ele>56.7</ele>
      </trkpt>
      <trkpt lat="35.512472" lon="129.255611">
        <ele>56.5</ele>
      </trkpt>
      <trkpt lat="35.512448" lon="129.255658">
        <ele>56.3</ele>
      </trkpt>
      <trkpt lat="35.512424" lon="129.255704">
        <ele>56.1</ele>
      </trkpt>
      <trkpt lat="35.512400" lon="129.255751">
        <ele>56.0</ele>
      </trkpt>
      <trkpt lat="35.512376" lon="129.255797">
        <ele>55.9</ele>
      </trkpt>
      <trkpt lat="35.512351" lon="129.255844">
        <ele>55.9</ele>
      </trkpt>
      <trkpt lat="35.512327" lon="129.255890">
        <ele>55.9</ele>
      </trkpt>
      <trkpt lat="35.512302" lon="129.255936">
        <ele>55.8</ele>
      </trkpt>
      <trkpt lat="35.512278" lon="129.255983">
        <ele>55.8</ele>
      </trkpt>
      <trkpt lat="35.512253" lon="129.256029">
        <ele>55.8</ele>
      </trkpt>
      <trkpt lat="35.512229" lon="129.256075">
        <ele>55.7</ele>
      </trkpt>
      <trkpt lat="35.512205" lon="129.256122">
        <ele>55.7</ele>
      </trkpt>
      <trkpt lat="35.512180" lon="129.256168">
        <ele>55.6</ele>
      </trkpt>
      <trkpt lat="35.512156" lon="129.256215">
        <ele>55.6</ele>
      </trkpt>
      <trkpt lat="35.512131" lon="129.256261">
        <ele>55.6</ele>
      </trkpt>
      <trkpt lat="35.512107" lon="129.256307">
        <ele>55.5</ele>
      </trkpt>
      <trkpt lat="35.512082" lon="129.256354">
        <ele>55.5</ele>
      </trkpt>
      <trkpt lat="35.512058" lon="129.256400">
        <ele>55.4</ele>
      </trkpt>
      <trkpt lat="35.512034" lon="129.256446">
        <ele>55.4</ele>
      </trkpt>
      <trkpt lat="35.512009" lon="129.256493">
        <ele>55.4</ele>
      </trkpt>
      <trkpt lat="35.511985" lon="129.256539">
        <ele>55.3</ele>
      </trkpt>
      <trkpt lat="35.511960" lon="129.256586">
        <ele>55.3</ele>
      </trkpt>
      <trkpt lat="35.511936" lon="129.256632">
        <ele>55.3</ele>
      </trkpt>
      <trkpt lat="35.511911" lon="129.256678">
        <ele>55.2</ele>
      </trkpt>
      <trkpt lat="35.511887" lon="129.256725">
        <ele>55.2</ele>
      </trkpt>
      <trkpt lat="35.511863" lon="129.256771">
        <ele>55.1</ele>
      </trkpt>
      <trkpt lat="35.511838" lon="129.256817">
        <ele>55.1</ele>
      </trkpt>
      <trkpt lat="35.511814" lon="129.256864">
        <ele>55.1</ele>
      </trkpt>
      <trkpt lat="35.511789" lon="129.256910">
        <ele>55.0</ele>
      </trkpt>
      <trkpt lat="35.511766" lon="129.256958">
        <ele>55.0</ele>
      </trkpt>
      <trkpt lat="35.511748" lon="129.257008">
        <ele>54.8</ele>
      </trkpt>
      <trkpt lat="35.511729" lon="129.257058">
        <ele>54.6</ele>
      </trkpt>
      <trkpt lat="35.511710" lon="129.257108">
        <ele>54.5</ele>
      </trkpt>
      <trkpt lat="35.511691" lon="129.257158">
        <ele>54.3</ele>
      </trkpt>
      <trkpt lat="35.511672" lon="129.257208">
        <ele>54.2</ele>
      </trkpt>
      <trkpt lat="35.511653" lon="129.257259">
        <ele>54.0</ele>
      </trkpt>
      <trkpt lat="35.511634" lon="129.257309">
        <ele>53.9</ele>
      </trkpt>
      <trkpt lat="35.511616" lon="129.257359">
        <ele>53.7</ele>
      </trkpt>
      <trkpt lat="35.511597" lon="129.257409">
        <ele>53.6</ele>
      </trkpt>
      <trkpt lat="35.511578" lon="129.257459">
        <ele>53.4</ele>
      </trkpt>
      <trkpt lat="35.511559" lon="129.257509">
        <ele>53.3</ele>
      </trkpt>
      <trkpt lat="35.511540" lon="129.257559">
        <ele>53.1</ele>
      </trkpt>
      <trkpt lat="35.511522" lon="129.257610">
        <ele>53.0</ele>
      </trkpt>
      <trkpt lat="35.511504" lon="129.257660">
        <ele>52.9</ele>
      </trkpt>
      <trkpt lat="35.511486" lon="129.257711">
        <ele>52.8</ele>
      </trkpt>
      <trkpt lat="35.511462" lon="129.257743">
        <ele>52.8</ele>
      </trkpt>
      <trkpt lat="35.511467" lon="129.257746">
        <ele>52.8</ele>
      </trkpt>
      <trkpt lat="35.511458" lon="129.257792">
        <ele>52.8</ele>
      </trkpt>
      <trkpt lat="35.511441" lon="129.257843">
        <ele>52.8</ele>
      </trkpt>
      <trkpt lat="35.511424" lon="129.257894">
        <ele>52.8</ele>
      </trkpt>
      <trkpt lat="35.511408" lon="129.257946">
        <ele>52.8</ele>
      </trkpt>
      <trkpt lat="35.511397" lon="129.257999">
        <ele>52.6</ele>
      </trkpt>
      <trkpt lat="35.511385" lon="129.258053">
        <ele>52.5</ele>
      </trkpt>
      <trkpt lat="35.511374" lon="129.258106">
        <ele>52.3</ele>
      </trkpt>
      <trkpt lat="35.511363" lon="129.258160">
        <ele>52.2</ele>
      </trkpt>
      <trkpt lat="35.511352" lon="129.258213">
        <ele>52.0</ele>
      </trkpt>
      <trkpt lat="35.511340" lon="129.258267">
        <ele>51.9</ele>
      </trkpt>
      <trkpt lat="35.511332" lon="129.258321">
        <ele>51.8</ele>
      </trkpt>
      <trkpt lat="35.511329" lon="129.258376">
        <ele>51.6</ele>
      </trkpt>
      <trkpt lat="35.511325" lon="129.258431">
        <ele>51.5</ele>
      </trkpt>
      <trkpt lat="35.511322" lon="129.258486">
        <ele>51.4</ele>
      </trkpt>
      <trkpt lat="35.511319" lon="129.258541">
        <ele>51.2</ele>
      </trkpt>
      <trkpt lat="35.511316" lon="129.258596">
        <ele>51.1</ele>
      </trkpt>
      <trkpt lat="35.511312" lon="129.258651">
        <ele>51.0</ele>
      </trkpt>
      <trkpt lat="35.511309" lon="129.258706">
        <ele>50.9</ele>
      </trkpt>
      <trkpt lat="35.511306" lon="129.258761">
        <ele>50.7</ele>
      </trkpt>
      <trkpt lat="35.511303" lon="129.258816">
        <ele>50.6</ele>
      </trkpt>
      <trkpt lat="35.511299" lon="129.258872">
        <ele>50.5</ele>
      </trkpt>
      <trkpt lat="35.511296" lon="129.258927">
        <ele>50.4</ele>
      </trkpt>
      <trkpt lat="35.511293" lon="129.258982">
        <ele>50.2</ele>
      </trkpt>
      <trkpt lat="35.511290" lon="129.259037">
        <ele>50.1</ele>
      </trkpt>
      <trkpt lat="35.511287" lon="129.259092">
        <ele>50.0</ele>
      </trkpt>
      <trkpt lat="35.511285" lon="129.259147">
        <ele>49.8</ele>
      </trkpt>
      <trkpt lat="35.511283" lon="129.259202">
        <ele>49.7</ele>
      </trkpt>
      <trkpt lat="35.511281" lon="129.259258">
        <ele>49.5</ele>
      </trkpt>
      <trkpt lat="35.511279" lon="129.259313">
        <ele>49.4</ele>
      </trkpt>
      <trkpt lat="35.511278" lon="129.259368">
        <ele>49.2</ele>
      </trkpt>
      <trkpt lat="35.511276" lon="129.259423">
        <ele>49.1</ele>
      </trkpt>
      <trkpt lat="35.511274" lon="129.259478">
        <ele>49.0</ele>
      </trkpt>
      <trkpt lat="35.511272" lon="129.259534">
        <ele>48.8</ele>
      </trkpt>
      <trkpt lat="35.511270" lon="129.259589">
        <ele>48.7</ele>
      </trkpt>
      <trkpt lat="35.511269" lon="129.259644">
        <ele>48.5</ele>
      </trkpt>
      <trkpt lat="35.511267" lon="129.259699">
        <ele>48.4</ele>
      </trkpt>
      <trkpt lat="35.511265" lon="129.259754">
        <ele>48.2</ele>
      </trkpt>
      <trkpt lat="35.511263" lon="129.259809">
        <ele>48.1</ele>
      </trkpt>
      <trkpt lat="35.511256" lon="129.259863">
        <ele>47.9</ele>
      </trkpt>
      <trkpt lat="35.511240" lon="129.259915">
        <ele>47.6</ele>
      </trkpt>
      <trkpt lat="35.511224" lon="129.259967">
        <ele>47.4</ele>
      </trkpt>
      <trkpt lat="35.511208" lon="129.260018">
        <ele>47.1</ele>
      </trkpt>
      <trkpt lat="35.511192" lon="129.260070">
        <ele>46.9</ele>
      </trkpt>
      <trkpt lat="35.511176" lon="129.260122">
        <ele>46.6</ele>
      </trkpt>
      <trkpt lat="35.511158" lon="129.260172">
        <ele>46.3</ele>
      </trkpt>
      <trkpt lat="35.511137" lon="129.260221">
        <ele>46.0</ele>
      </trkpt>
      <trkpt lat="35.511116" lon="129.260270">
        <ele>45.8</ele>
      </trkpt>
      <trkpt lat="35.511095" lon="129.260318">
        <ele>45.5</ele>
      </trkpt>
      <trkpt lat="35.511069" lon="129.260363">
        <ele>45.1</ele>
      </trkpt>
      <trkpt lat="35.511043" lon="129.260409">
        <ele>44.8</ele>
      </trkpt>
      <trkpt lat="35.511017" lon="129.260454">
        <ele>44.4</ele>
      </trkpt>
      <trkpt lat="35.510997" lon="129.260503">
        <ele>44.0</ele>
      </trkpt>
      <trkpt lat="35.510979" lon="129.260554">
        <ele>43.6</ele>
      </trkpt>
      <trkpt lat="35.510957" lon="129.260593">
        <ele>43.3</ele>
      </trkpt>
      <trkpt lat="35.510965" lon="129.260613">
        <ele>43.3</ele>
      </trkpt>
      <trkpt lat="35.510969" lon="129.260668">
        <ele>43.2</ele>
      </trkpt>
      <trkpt lat="35.510973" lon="129.260723">
        <ele>43.1</ele>
      </trkpt>
      <trkpt lat="35.510981" lon="129.260777">
        <ele>43.0</ele>
      </trkpt>
      <trkpt lat="35.510998" lon="129.260828">
        <ele>43.2</ele>
      </trkpt>
      <trkpt lat="35.511014" lon="129.260879">
        <ele>43.3</ele>
      </trkpt>
      <trkpt lat="35.511019" lon="129.260934">
        <ele>43.5</ele>
      </trkpt>
      <trkpt lat="35.511024" lon="129.260989">
        <ele>43.6</ele>
      </trkpt>
      <trkpt lat="35.511029" lon="129.261044">
        <ele>43.7</ele>
      </trkpt>
      <trkpt lat="35.511028" lon="129.261099">
        <ele>43.7</ele>
      </trkpt>
      <trkpt lat="35.511024" lon="129.261154">
        <ele>43.6</ele>
      </trkpt>
      <trkpt lat="35.511020" lon="129.261209">
        <ele>43.5</ele>
      </trkpt>
      <trkpt lat="35.511009" lon="129.261261">
        <ele>43.4</ele>
      </trkpt>
      <trkpt lat="35.510990" lon="129.261312">
        <ele>43.1</ele>
      </trkpt>
      <trkpt lat="35.510972" lon="129.261362">
        <ele>42.8</ele>
      </trkpt>
      <trkpt lat="35.510954" lon="129.261413">
        <ele>42.5</ele>
      </trkpt>
      <trkpt lat="35.510930" lon="129.261460">
        <ele>42.0</ele>
      </trkpt>
      <trkpt lat="35.510907" lon="129.261507">
        <ele>41.5</ele>
      </trkpt>
      <trkpt lat="35.510884" lon="129.261554">
        <ele>41.1</ele>
      </trkpt>
      <trkpt lat="35.510860" lon="129.261602">
        <ele>40.6</ele>
      </trkpt>
      <trkpt lat="35.510837" lon="129.261649">
        <ele>40.1</ele>
      </trkpt>
      <trkpt lat="35.510808" lon="129.261691">
        <ele>40.2</ele>
      </trkpt>
      <trkpt lat="35.510777" lon="129.261731">
        <ele>40.5</ele>
      </trkpt>
      <trkpt lat="35.510746" lon="129.261771">
        <ele>40.8</ele>
      </trkpt>
      <trkpt lat="35.510716" lon="129.261811">
        <ele>41.1</ele>
      </trkpt>
      <trkpt lat="35.510685" lon="129.261852">
        <ele>41.5</ele>
      </trkpt>
      <trkpt lat="35.510654" lon="129.261892">
        <ele>41.8</ele>
      </trkpt>
      <trkpt lat="35.510623" lon="129.261932">
        <ele>42.1</ele>
      </trkpt>
      <trkpt lat="35.510592" lon="129.261973">
        <ele>42.4</ele>
      </trkpt>
      <trkpt lat="35.510562" lon="129.262013">
        <ele>42.7</ele>
      </trkpt>
      <trkpt lat="35.510531" lon="129.262053">
        <ele>43.0</ele>
      </trkpt>
      <trkpt lat="35.510521" lon="129.262106">
        <ele>43.1</ele>
      </trkpt>
      <trkpt lat="35.510513" lon="129.262160">
        <ele>43.3</ele>
      </trkpt>
      <trkpt lat="35.510505" lon="129.262215">
        <ele>43.5</ele>
      </trkpt>
      <trkpt lat="35.510496" lon="129.262269">
        <ele>43.6</ele>
      </trkpt>
      <trkpt lat="35.510488" lon="129.262323">
        <ele>43.8</ele>
      </trkpt>
      <trkpt lat="35.510474" lon="129.262376">
        <ele>43.9</ele>
      </trkpt>
      <trkpt lat="35.510459" lon="129.262428">
        <ele>44.1</ele>
      </trkpt>
      <trkpt lat="35.510444" lon="129.262480">
        <ele>44.2</ele>
      </trkpt>
      <trkpt lat="35.510429" lon="129.262532">
        <ele>44.3</ele>
      </trkpt>
      <trkpt lat="35.510414" lon="129.262584">
        <ele>44.5</ele>
      </trkpt>
      <trkpt lat="35.510393" lon="129.262632">
        <ele>44.5</ele>
      </trkpt>
      <trkpt lat="35.510368" lon="129.262679">
        <ele>44.5</ele>
      </trkpt>
      <trkpt lat="35.510343" lon="129.262725">
        <ele>44.4</ele>
      </trkpt>
      <trkpt lat="35.510319" lon="129.262771">
        <ele>44.4</ele>
      </trkpt>
      <trkpt lat="35.510294" lon="129.262817">
        <ele>44.4</ele>
      </trkpt>
      <trkpt lat="35.510269" lon="129.262863">
        <ele>44.4</ele>
      </trkpt>
      <trkpt lat="35.510245" lon="129.262909">
        <ele>44.4</ele>
      </trkpt>
      <trkpt lat="35.510220" lon="129.262956">
        <ele>44.3</ele>
      </trkpt>
      <trkpt lat="35.510195" lon="129.263002">
        <ele>44.3</ele>
      </trkpt>
      <trkpt lat="35.510171" lon="129.263048">
        <ele>44.3</ele>
      </trkpt>
      <trkpt lat="35.510142" lon="129.263091">
        <ele>43.9</ele>
      </trkpt>
      <trkpt lat="35.510113" lon="129.263133">
        <ele>43.5</ele>
      </trkpt>
      <trkpt lat="35.510085" lon="129.263176">
        <ele>43.1</ele>
      </trkpt>
      <trkpt lat="35.510056" lon="129.263218">
        <ele>42.7</ele>
      </trkpt>
      <trkpt lat="35.510027" lon="129.263261">
        <ele>42.2</ele>
      </trkpt>
      <trkpt lat="35.510005" lon="129.263308">
        <ele>42.2</ele>
      </trkpt>
      <trkpt lat="35.509993" lon="129.263361">
        <ele>42.6</ele>
      </trkpt>
      <trkpt lat="35.509980" lon="129.263414">
        <ele>43.0</ele>
      </trkpt>
      <trkpt lat="35.509967" lon="129.263467">
        <ele>43.4</ele>
      </trkpt>
      <trkpt lat="35.509954" lon="129.263520">
        <ele>43.8</ele>
      </trkpt>
      <trkpt lat="35.509941" lon="129.263573">
        <ele>44.2</ele>
      </trkpt>
      <trkpt lat="35.509929" lon="129.263625">
        <ele>44.6</ele>
      </trkpt>
      <trkpt lat="35.509916" lon="129.263678">
        <ele>45.0</ele>
      </trkpt>
      <trkpt lat="35.509903" lon="129.263731">
        <ele>45.4</ele>
      </trkpt>
      <trkpt lat="35.509890" lon="129.263784">
        <ele>45.8</ele>
      </trkpt>
      <trkpt lat="35.509877" lon="129.263837">
        <ele>46.2</ele>
      </trkpt>
      <trkpt lat="35.509856" lon="129.263872">
        <ele>46.5</ele>
      </trkpt>
      <trkpt lat="35.509860" lon="129.263909">
        <ele>46.1</ele>
      </trkpt>
      <trkpt lat="35.509847" lon="129.263962">
        <ele>46.5</ele>
      </trkpt>
      <trkpt lat="35.509826" lon="129.264011">
        <ele>46.5</ele>
      </trkpt>
      <trkpt lat="35.509803" lon="129.264058">
        <ele>46.5</ele>
      </trkpt>
      <trkpt lat="35.509780" lon="129.264106">
        <ele>46.5</ele>
      </trkpt>
      <trkpt lat="35.509748" lon="129.264145">
        <ele>46.2</ele>
      </trkpt>
      <trkpt lat="35.509717" lon="129.264184">
        <ele>45.9</ele>
      </trkpt>
      <trkpt lat="35.509685" lon="129.264223">
        <ele>45.6</ele>
      </trkpt>
      <trkpt lat="35.509653" lon="129.264262">
        <ele>45.3</ele>
      </trkpt>
      <trkpt lat="35.509621" lon="129.264301">
        <ele>45.0</ele>
      </trkpt>
      <trkpt lat="35.509590" lon="129.264341">
        <ele>44.7</ele>
      </trkpt>
      <trkpt lat="35.509560" lon="129.264381">
        <ele>44.4</ele>
      </trkpt>
      <trkpt lat="35.509536" lon="129.264428">
        <ele>44.1</ele>
      </trkpt>
      <trkpt lat="35.509512" lon="129.264475">
        <ele>43.9</ele>
      </trkpt>
      <trkpt lat="35.509488" lon="129.264522">
        <ele>43.6</ele>
      </trkpt>
      <trkpt lat="35.509464" lon="129.264568">
        <ele>43.3</ele>
      </trkpt>
      <trkpt lat="35.509431" lon="129.264606">
        <ele>42.7</ele>
      </trkpt>
      <trkpt lat="35.509398" lon="129.264644">
        <ele>42.2</ele>
      </trkpt>
      <trkpt lat="35.509366" lon="129.264682">
        <ele>41.7</ele>
      </trkpt>
      <trkpt lat="35.509331" lon="129.264717">
        <ele>41.1</ele>
      </trkpt>
      <trkpt lat="35.509293" lon="129.264745">
        <ele>40.4</ele>
      </trkpt>
      <trkpt lat="35.509254" lon="129.264774">
        <ele>39.7</ele>
      </trkpt>
      <trkpt lat="35.509216" lon="129.264802">
        <ele>39.3</ele>
      </trkpt>
      <trkpt lat="35.509177" lon="129.264831">
        <ele>38.8</ele>
      </trkpt>
      <trkpt lat="35.509139" lon="129.264860">
        <ele>38.3</ele>
      </trkpt>
      <trkpt lat="35.509100" lon="129.264888">
        <ele>37.8</ele>
      </trkpt>
      <trkpt lat="35.509066" lon="129.264922">
        <ele>37.5</ele>
      </trkpt>
      <trkpt lat="35.509039" lon="129.264967">
        <ele>37.6</ele>
      </trkpt>
      <trkpt lat="35.509013" lon="129.265012">
        <ele>37.6</ele>
      </trkpt>
      <trkpt lat="35.508987" lon="129.265056">
        <ele>37.6</ele>
      </trkpt>
      <trkpt lat="35.508960" lon="129.265101">
        <ele>37.7</ele>
      </trkpt>
      <trkpt lat="35.508934" lon="129.265146">
        <ele>37.7</ele>
      </trkpt>
      <trkpt lat="35.508907" lon="129.265190">
        <ele>37.7</ele>
      </trkpt>
      <trkpt lat="35.508881" lon="129.265235">
        <ele>37.8</ele>
      </trkpt>
      <trkpt lat="35.508854" lon="129.265280">
        <ele>37.8</ele>
      </trkpt>
      <trkpt lat="35.508828" lon="129.265324">
        <ele>37.8</ele>
      </trkpt>
      <trkpt lat="35.508801" lon="129.265369">
        <ele>37.9</ele>
      </trkpt>
      <trkpt lat="35.508775" lon="129.265414">
        <ele>37.9</ele>
      </trkpt>
      <trkpt lat="35.508749" lon="129.265458">
        <ele>38.0</ele>
      </trkpt>
      <trkpt lat="35.508722" lon="129.265503">
        <ele>38.0</ele>
      </trkpt>
      <trkpt lat="35.508689" lon="129.265541">
        <ele>37.8</ele>
      </trkpt>
      <trkpt lat="35.508657" lon="129.265579">
        <ele>37.5</ele>
      </trkpt>
      <trkpt lat="35.508624" lon="129.265617">
        <ele>37.3</ele>
      </trkpt>
      <trkpt lat="35.508591" lon="129.265654">
        <ele>37.1</ele>
      </trkpt>
      <trkpt lat="35.508556" lon="129.265689">
        <ele>36.7</ele>
      </trkpt>
      <trkpt lat="35.508519" lon="129.265721">
        <ele>36.3</ele>
      </trkpt>
      <trkpt lat="35.508483" lon="129.265753">
        <ele>35.8</ele>
      </trkpt>
      <trkpt lat="35.508447" lon="129.265786">
        <ele>35.4</ele>
      </trkpt>
      <trkpt lat="35.508410" lon="129.265818">
        <ele>35.0</ele>
      </trkpt>
      <trkpt lat="35.508369" lon="129.265840">
        <ele>34.7</ele>
      </trkpt>
      <trkpt lat="35.508326" lon="129.265856">
        <ele>34.6</ele>
      </trkpt>
      <trkpt lat="35.508283" lon="129.265871">
        <ele>34.5</ele>
      </trkpt>
      <trkpt lat="35.508240" lon="129.265887">
        <ele>34.3</ele>
      </trkpt>
      <trkpt lat="35.508196" lon="129.265892">
        <ele>34.2</ele>
      </trkpt>
      <trkpt lat="35.508151" lon="129.265893">
        <ele>34.0</ele>
      </trkpt>
      <trkpt lat="35.508106" lon="129.265894">
        <ele>33.9</ele>
      </trkpt>
      <trkpt lat="35.508061" lon="129.265895">
        <ele>33.7</ele>
      </trkpt>
      <trkpt lat="35.508016" lon="129.265897">
        <ele>33.6</ele>
      </trkpt>
      <trkpt lat="35.507971" lon="129.265898">
        <ele>33.4</ele>
      </trkpt>
      <trkpt lat="35.507926" lon="129.265899">
        <ele>33.3</ele>
      </trkpt>
      <trkpt lat="35.507883" lon="129.265917">
        <ele>33.3</ele>
      </trkpt>
      <trkpt lat="35.507841" lon="129.265935">
        <ele>33.3</ele>
      </trkpt>
      <trkpt lat="35.507799" lon="129.265954">
        <ele>33.3</ele>
      </trkpt>
      <trkpt lat="35.507766" lon="129.265993">
        <ele>33.3</ele>
      </trkpt>
      <trkpt lat="35.507734" lon="129.266031">
        <ele>33.4</ele>
      </trkpt>
      <trkpt lat="35.507702" lon="129.266069">
        <ele>33.4</ele>
      </trkpt>
      <trkpt lat="35.507669" lon="129.266107">
        <ele>33.5</ele>
      </trkpt>
      <trkpt lat="35.507635" lon="129.266144">
        <ele>33.5</ele>
      </trkpt>
      <trkpt lat="35.507600" lon="129.266177">
        <ele>33.5</ele>
      </trkpt>
      <trkpt lat="35.507564" lon="129.266211">
        <ele>33.4</ele>
      </trkpt>
      <trkpt lat="35.507528" lon="129.266244">
        <ele>33.4</ele>
      </trkpt>
      <trkpt lat="35.507492" lon="129.266278">
        <ele>33.4</ele>
      </trkpt>
      <trkpt lat="35.507456" lon="129.266311">
        <ele>33.4</ele>
      </trkpt>
      <trkpt lat="35.507421" lon="129.266345">
        <ele>33.3</ele>
      </trkpt>
      <trkpt lat="35.507385" lon="129.266378">
        <ele>33.3</ele>
      </trkpt>
      <trkpt lat="35.507347" lon="129.266406">
        <ele>33.1</ele>
      </trkpt>
      <trkpt lat="35.507307" lon="129.266432">
        <ele>32.6</ele>
      </trkpt>
      <trkpt lat="35.507276" lon="129.266452">
        <ele>33.0</ele>
      </trkpt>
      <trkpt lat="35.507236" lon="129.266477">
        <ele>32.9</ele>
      </trkpt>
      <trkpt lat="35.507196" lon="129.266503">
        <ele>32.8</ele>
      </trkpt>
      <trkpt lat="35.507156" lon="129.266529">
        <ele>32.7</ele>
      </trkpt>
      <trkpt lat="35.507117" lon="129.266555">
        <ele>32.6</ele>
      </trkpt>
      <trkpt lat="35.507077" lon="129.266581">
        <ele>32.6</ele>
      </trkpt>
      <trkpt lat="35.507037" lon="129.266606">
        <ele>32.5</ele>
      </trkpt>
      <trkpt lat="35.506997" lon="129.266632">
        <ele>32.2</ele>
      </trkpt>
      <trkpt lat="35.506957" lon="129.266657">
        <ele>32.0</ele>
      </trkpt>
      <trkpt lat="35.506926" lon="129.266697">
        <ele>31.9</ele>
      </trkpt>
      <trkpt lat="35.506896" lon="129.266738">
        <ele>31.7</ele>
      </trkpt>
      <trkpt lat="35.506866" lon="129.266779">
        <ele>31.6</ele>
      </trkpt>
      <trkpt lat="35.506836" lon="129.266820">
        <ele>31.5</ele>
      </trkpt>
      <trkpt lat="35.506807" lon="129.266862">
        <ele>31.3</ele>
      </trkpt>
      <trkpt lat="35.506777" lon="129.266903">
        <ele>31.2</ele>
      </trkpt>
      <trkpt lat="35.506747" lon="129.266944">
        <ele>31.1</ele>
      </trkpt>
      <trkpt lat="35.506717" lon="129.266985">
        <ele>30.9</ele>
      </trkpt>
      <trkpt lat="35.506687" lon="129.267026">
        <ele>30.8</ele>
      </trkpt>
      <trkpt lat="35.506657" lon="129.267068">
        <ele>30.7</ele>
      </trkpt>
      <trkpt lat="35.506627" lon="129.267109">
        <ele>30.6</ele>
      </trkpt>
      <trkpt lat="35.506597" lon="129.267150">
        <ele>30.5</ele>
      </trkpt>
      <trkpt lat="35.506575" lon="129.267198">
        <ele>30.6</ele>
      </trkpt>
      <trkpt lat="35.506553" lon="129.267247">
        <ele>30.6</ele>
      </trkpt>
      <trkpt lat="35.506532" lon="129.267295">
        <ele>30.7</ele>
      </trkpt>
      <trkpt lat="35.506510" lon="129.267344">
        <ele>30.8</ele>
      </trkpt>
      <trkpt lat="35.506496" lon="129.267396">
        <ele>31.0</ele>
      </trkpt>
      <trkpt lat="35.506483" lon="129.267449">
        <ele>31.2</ele>
      </trkpt>
      <trkpt lat="35.506471" lon="129.267502">
        <ele>31.4</ele>
      </trkpt>
      <trkpt lat="35.506458" lon="129.267555">
        <ele>31.5</ele>
      </trkpt>
      <trkpt lat="35.506445" lon="129.267608">
        <ele>31.7</ele>
      </trkpt>
      <trkpt lat="35.506432" lon="129.267661">
        <ele>31.9</ele>
      </trkpt>
      <trkpt lat="35.506419" lon="129.267714">
        <ele>32.1</ele>
      </trkpt>
      <trkpt lat="35.506406" lon="129.267766">
        <ele>32.3</ele>
      </trkpt>
      <trkpt lat="35.506383" lon="129.267814">
        <ele>32.5</ele>
      </trkpt>
      <trkpt lat="35.506360" lon="129.267861">
        <ele>32.6</ele>
      </trkpt>
      <trkpt lat="35.506337" lon="129.267908">
        <ele>32.8</ele>
      </trkpt>
      <trkpt lat="35.506301" lon="129.267941">
        <ele>32.7</ele>
      </trkpt>
      <trkpt lat="35.506264" lon="129.267972">
        <ele>32.6</ele>
      </trkpt>
      <trkpt lat="35.506227" lon="129.268004">
        <ele>32.5</ele>
      </trkpt>
      <trkpt lat="35.506190" lon="129.268035">
        <ele>32.4</ele>
      </trkpt>
      <trkpt lat="35.506153" lon="129.268066">
        <ele>32.3</ele>
      </trkpt>
      <trkpt lat="35.506116" lon="129.268098">
        <ele>32.2</ele>
      </trkpt>
      <trkpt lat="35.506079" lon="129.268129">
        <ele>32.1</ele>
      </trkpt>
      <trkpt lat="35.506043" lon="129.268163">
        <ele>32.0</ele>
      </trkpt>
      <trkpt lat="35.506018" lon="129.268209">
        <ele>31.7</ele>
      </trkpt>
      <trkpt lat="35.505994" lon="129.268255">
        <ele>31.4</ele>
      </trkpt>
      <trkpt lat="35.505971" lon="129.268303">
        <ele>31.3</ele>
      </trkpt>
      <trkpt lat="35.505952" lon="129.268352">
        <ele>31.4</ele>
      </trkpt>
      <trkpt lat="35.505932" lon="129.268402">
        <ele>31.5</ele>
      </trkpt>
      <trkpt lat="35.505913" lon="129.268452">
        <ele>31.5</ele>
      </trkpt>
      <trkpt lat="35.505893" lon="129.268502">
        <ele>31.6</ele>
      </trkpt>
      <trkpt lat="35.505874" lon="129.268551">
        <ele>31.7</ele>
      </trkpt>
      <trkpt lat="35.505854" lon="129.268601">
        <ele>31.8</ele>
      </trkpt>
      <trkpt lat="35.505835" lon="129.268651">
        <ele>31.8</ele>
      </trkpt>
      <trkpt lat="35.505815" lon="129.268701">
        <ele>31.9</ele>
      </trkpt>
      <trkpt lat="35.505796" lon="129.268750">
        <ele>32.0</ele>
      </trkpt>
      <trkpt lat="35.505771" lon="129.268796">
        <ele>32.0</ele>
      </trkpt>
      <trkpt lat="35.505740" lon="129.268836">
        <ele>32.1</ele>
      </trkpt>
      <trkpt lat="35.505709" lon="129.268876">
        <ele>32.2</ele>
      </trkpt>
      <trkpt lat="35.505678" lon="129.268915">
        <ele>32.2</ele>
      </trkpt>
      <trkpt lat="35.505647" lon="129.268955">
        <ele>32.3</ele>
      </trkpt>
      <trkpt lat="35.505610" lon="129.268988">
        <ele>32.2</ele>
      </trkpt>
      <trkpt lat="35.505573" lon="129.269020">
        <ele>32.0</ele>
      </trkpt>
      <trkpt lat="35.505537" lon="129.269052">
        <ele>31.9</ele>
      </trkpt>
      <trkpt lat="35.505499" lon="129.269082">
        <ele>31.7</ele>
      </trkpt>
      <trkpt lat="35.505458" lon="129.269104">
        <ele>31.4</ele>
      </trkpt>
      <trkpt lat="35.505417" lon="129.269127">
        <ele>31.0</ele>
      </trkpt>
      <trkpt lat="35.505374" lon="129.269139">
        <ele>30.7</ele>
      </trkpt>
      <trkpt lat="35.505329" lon="129.269139">
        <ele>30.4</ele>
      </trkpt>
      <trkpt lat="35.505284" lon="129.269139">
        <ele>30.1</ele>
      </trkpt>
      <trkpt lat="35.505240" lon="129.269139">
        <ele>29.8</ele>
      </trkpt>
      <trkpt lat="35.505195" lon="129.269136">
        <ele>29.7</ele>
      </trkpt>
      <trkpt lat="35.505150" lon="129.269132">
        <ele>29.6</ele>
      </trkpt>
      <trkpt lat="35.505105" lon="129.269129">
        <ele>29.5</ele>
      </trkpt>
      <trkpt lat="35.505060" lon="129.269126">
        <ele>29.4</ele>
      </trkpt>
      <trkpt lat="35.505015" lon="129.269123">
        <ele>29.3</ele>
      </trkpt>
      <trkpt lat="35.504970" lon="129.269119">
        <ele>29.1</ele>
      </trkpt>
      <trkpt lat="35.504925" lon="129.269116">
        <ele>29.0</ele>
      </trkpt>
      <trkpt lat="35.504881" lon="129.269121">
        <ele>29.1</ele>
      </trkpt>
      <trkpt lat="35.504836" lon="129.269131">
        <ele>29.2</ele>
      </trkpt>
      <trkpt lat="35.504796" lon="129.269152">
        <ele>29.3</ele>
      </trkpt>
      <trkpt lat="35.504760" lon="129.269184">
        <ele>29.3</ele>
      </trkpt>
      <trkpt lat="35.504733" lon="129.269227">
        <ele>29.3</ele>
      </trkpt>
      <trkpt lat="35.504712" lon="129.269276">
        <ele>29.3</ele>
      </trkpt>
      <trkpt lat="35.504693" lon="129.269326">
        <ele>29.2</ele>
      </trkpt>
      <trkpt lat="35.504675" lon="129.269376">
        <ele>29.1</ele>
      </trkpt>
      <trkpt lat="35.504656" lon="129.269427">
        <ele>29.0</ele>
      </trkpt>
      <trkpt lat="35.504638" lon="129.269477">
        <ele>28.8</ele>
      </trkpt>
      <trkpt lat="35.504620" lon="129.269528">
        <ele>28.7</ele>
      </trkpt>
      <trkpt lat="35.504601" lon="129.269578">
        <ele>28.6</ele>
      </trkpt>
      <trkpt lat="35.504583" lon="129.269628">
        <ele>28.4</ele>
      </trkpt>
      <trkpt lat="35.504565" lon="129.269679">
        <ele>28.3</ele>
      </trkpt>
      <trkpt lat="35.504547" lon="129.269729">
        <ele>28.2</ele>
      </trkpt>
      <trkpt lat="35.504528" lon="129.269780">
        <ele>28.1</ele>
      </trkpt>
      <trkpt lat="35.504510" lon="129.269830">
        <ele>27.9</ele>
      </trkpt>
      <trkpt lat="35.504493" lon="129.269880">
        <ele>27.8</ele>
      </trkpt>
      <trkpt lat="35.504489" lon="129.269889">
        <ele>27.8</ele>
      </trkpt>
      <trkpt lat="35.504467" lon="129.269937">
        <ele>27.8</ele>
      </trkpt>
      <trkpt lat="35.504442" lon="129.269983">
        <ele>27.7</ele>
      </trkpt>
      <trkpt lat="35.504418" lon="129.270029">
        <ele>27.6</ele>
      </trkpt>
      <trkpt lat="35.504393" lon="129.270075">
        <ele>27.5</ele>
      </trkpt>
      <trkpt lat="35.504363" lon="129.270116">
        <ele>27.5</ele>
      </trkpt>
      <trkpt lat="35.504332" lon="129.270156">
        <ele>27.5</ele>
      </trkpt>
      <trkpt lat="35.504300" lon="129.270196">
        <ele>27.5</ele>
      </trkpt>
      <trkpt lat="35.504269" lon="129.270235">
        <ele>27.5</ele>
      </trkpt>
      <trkpt lat="35.504238" lon="129.270275">
        <ele>27.5</ele>
      </trkpt>
      <trkpt lat="35.504207" lon="129.270315">
        <ele>27.5</ele>
      </trkpt>
      <trkpt lat="35.504175" lon="129.270355">
        <ele>27.5</ele>
      </trkpt>
      <trkpt lat="35.504144" lon="129.270394">
        <ele>27.5</ele>
      </trkpt>
      <trkpt lat="35.504113" lon="129.270434">
        <ele>27.5</ele>
      </trkpt>
      <trkpt lat="35.504087" lon="129.270478">
        <ele>27.5</ele>
      </trkpt>
      <trkpt lat="35.504065" lon="129.270527">
        <ele>27.5</ele>
      </trkpt>
      <trkpt lat="35.504049" lon="129.270578">
        <ele>27.5</ele>
      </trkpt>
      <trkpt lat="35.504037" lon="129.270631">
        <ele>27.5</ele>
      </trkpt>
      <trkpt lat="35.504024" lon="129.270684">
        <ele>27.5</ele>
      </trkpt>
      <trkpt lat="35.504011" lon="129.270737">
        <ele>27.5</ele>
      </trkpt>
      <trkpt lat="35.503998" lon="129.270790">
        <ele>27.5</ele>
      </trkpt>
      <trkpt lat="35.503985" lon="129.270843">
        <ele>27.5</ele>
      </trkpt>
      <trkpt lat="35.503973" lon="129.270896">
        <ele>27.5</ele>
      </trkpt>
      <trkpt lat="35.503960" lon="129.270949">
        <ele>27.5</ele>
      </trkpt>
      <trkpt lat="35.503947" lon="129.271002">
        <ele>27.5</ele>
      </trkpt>
      <trkpt lat="35.503926" lon="129.271050">
        <ele>27.6</ele>
      </trkpt>
      <trkpt lat="35.503903" lon="129.271098">
        <ele>27.7</ele>
      </trkpt>
      <trkpt lat="35.503880" lon="129.271145">
        <ele>27.8</ele>
      </trkpt>
      <trkpt lat="35.503849" lon="129.271185">
        <ele>27.8</ele>
      </trkpt>
      <trkpt lat="35.503818" lon="129.271225">
        <ele>27.8</ele>
      </trkpt>
      <trkpt lat="35.503787" lon="129.271265">
        <ele>27.8</ele>
      </trkpt>
      <trkpt lat="35.503754" lon="129.271302">
        <ele>27.8</ele>
      </trkpt>
      <trkpt lat="35.503717" lon="129.271334">
        <ele>27.7</ele>
      </trkpt>
      <trkpt lat="35.503681" lon="129.271367">
        <ele>27.6</ele>
      </trkpt>
      <trkpt lat="35.503644" lon="129.271399">
        <ele>27.5</ele>
      </trkpt>
      <trkpt lat="35.503608" lon="129.271431">
        <ele>27.4</ele>
      </trkpt>
      <trkpt lat="35.503572" lon="129.271464">
        <ele>27.3</ele>
      </trkpt>
      <trkpt lat="35.503535" lon="129.271496">
        <ele>27.2</ele>
      </trkpt>
      <trkpt lat="35.503499" lon="129.271529">
        <ele>27.0</ele>
      </trkpt>
      <trkpt lat="35.503463" lon="129.271561">
        <ele>26.8</ele>
      </trkpt>
      <trkpt lat="35.503426" lon="129.271594">
        <ele>26.6</ele>
      </trkpt>
      <trkpt lat="35.503386" lon="129.271618">
        <ele>26.4</ele>
      </trkpt>
      <trkpt lat="35.503344" lon="129.271639">
        <ele>26.3</ele>
      </trkpt>
      <trkpt lat="35.503303" lon="129.271660">
        <ele>26.1</ele>
      </trkpt>
      <trkpt lat="35.503260" lon="129.271678">
        <ele>26.0</ele>
      </trkpt>
      <trkpt lat="35.503216" lon="129.271687">
        <ele>26.1</ele>
      </trkpt>
      <trkpt lat="35.503172" lon="129.271696">
        <ele>26.2</ele>
      </trkpt>
      <trkpt lat="35.503127" lon="129.271705">
        <ele>26.3</ele>
      </trkpt>
      <trkpt lat="35.503083" lon="129.271714">
        <ele>26.4</ele>
      </trkpt>
      <trkpt lat="35.503039" lon="129.271725">
        <ele>26.5</ele>
      </trkpt>
      <trkpt lat="35.502997" lon="129.271746">
        <ele>26.7</ele>
      </trkpt>
      <trkpt lat="35.502960" lon="129.271773">
        <ele>26.9</ele>
      </trkpt>
      <trkpt lat="35.502928" lon="129.271812">
        <ele>27.3</ele>
      </trkpt>
      <trkpt lat="35.502901" lon="129.271855">
        <ele>27.6</ele>
      </trkpt>
      <trkpt lat="35.502885" lon="129.271907">
        <ele>27.9</ele>
      </trkpt>
      <trkpt lat="35.502868" lon="129.271958">
        <ele>28.1</ele>
      </trkpt>
      <trkpt lat="35.502852" lon="129.272010">
        <ele>28.4</ele>
      </trkpt>
      <trkpt lat="35.502836" lon="129.272061">
        <ele>28.7</ele>
      </trkpt>
      <trkpt lat="35.502820" lon="129.272113">
        <ele>29.0</ele>
      </trkpt>
      <trkpt lat="35.502804" lon="129.272165">
        <ele>29.2</ele>
      </trkpt>
      <trkpt lat="35.502794" lon="129.272218">
        <ele>29.4</ele>
      </trkpt>
      <trkpt lat="35.502786" lon="129.272273">
        <ele>29.6</ele>
      </trkpt>
      <trkpt lat="35.502778" lon="129.272327">
        <ele>29.8</ele>
      </trkpt>
      <trkpt lat="35.502766" lon="129.272380">
        <ele>30.0</ele>
      </trkpt>
      <trkpt lat="35.502755" lon="129.272434">
        <ele>30.2</ele>
      </trkpt>
      <trkpt lat="35.502743" lon="129.272487">
        <ele>30.5</ele>
      </trkpt>
      <trkpt lat="35.502732" lon="129.272541">
        <ele>30.7</ele>
      </trkpt>
      <trkpt lat="35.502716" lon="129.272592">
        <ele>30.8</ele>
      </trkpt>
      <trkpt lat="35.502697" lon="129.272642">
        <ele>30.9</ele>
      </trkpt>
      <trkpt lat="35.502678" lon="129.272692">
        <ele>31.0</ele>
      </trkpt>
      <trkpt lat="35.502659" lon="129.272742">
        <ele>31.1</ele>
      </trkpt>
      <trkpt lat="35.502640" lon="129.272793">
        <ele>31.2</ele>
      </trkpt>
      <trkpt lat="35.502622" lon="129.272843">
        <ele>31.3</ele>
      </trkpt>
      <trkpt lat="35.502603" lon="129.272893">
        <ele>31.4</ele>
      </trkpt>
      <trkpt lat="35.502584" lon="129.272943">
        <ele>31.4</ele>
      </trkpt>
      <trkpt lat="35.502565" lon="129.272993">
        <ele>31.5</ele>
      </trkpt>
      <trkpt lat="35.502546" lon="129.273043">
        <ele>31.6</ele>
      </trkpt>
      <trkpt lat="35.502527" lon="129.273093">
        <ele>31.7</ele>
      </trkpt>
      <trkpt lat="35.502508" lon="129.273143">
        <ele>31.8</ele>
      </trkpt>
      <trkpt lat="35.502489" lon="129.273194">
        <ele>31.9</ele>
      </trkpt>
      <trkpt lat="35.502470" lon="129.273244">
        <ele>31.9</ele>
      </trkpt>
      <trkpt lat="35.502449" lon="129.273292">
        <ele>32.0</ele>
      </trkpt>
      <trkpt lat="35.502425" lon="129.273339">
        <ele>31.9</ele>
      </trkpt>
      <trkpt lat="35.502400" lon="129.273385">
        <ele>31.9</ele>
      </trkpt>
      <trkpt lat="35.502376" lon="129.273431">
        <ele>31.8</ele>
      </trkpt>
      <trkpt lat="35.502348" lon="129.273475">
        <ele>31.5</ele>
      </trkpt>
      <trkpt lat="35.502320" lon="129.273517">
        <ele>31.2</ele>
      </trkpt>
      <trkpt lat="35.502291" lon="129.273560">
        <ele>30.9</ele>
      </trkpt>
      <trkpt lat="35.502263" lon="129.273603">
        <ele>30.6</ele>
      </trkpt>
      <trkpt lat="35.502233" lon="129.273644">
        <ele>30.3</ele>
      </trkpt>
      <trkpt lat="35.502203" lon="129.273686">
        <ele>30.0</ele>
      </trkpt>
      <trkpt lat="35.502173" lon="129.273727">
        <ele>29.7</ele>
      </trkpt>
      <trkpt lat="35.502143" lon="129.273768">
        <ele>29.3</ele>
      </trkpt>
      <trkpt lat="35.502113" lon="129.273809">
        <ele>29.0</ele>
      </trkpt>
      <trkpt lat="35.502083" lon="129.273850">
        <ele>28.7</ele>
      </trkpt>
      <trkpt lat="35.502053" lon="129.273891">
        <ele>28.3</ele>
      </trkpt>
      <trkpt lat="35.502027" lon="129.273936">
        <ele>28.0</ele>
      </trkpt>
      <trkpt lat="35.502002" lon="129.273982">
        <ele>27.8</ele>
      </trkpt>
      <trkpt lat="35.501977" lon="129.274028">
        <ele>27.5</ele>
      </trkpt>
      <trkpt lat="35.501960" lon="129.274078">
        <ele>27.3</ele>
      </trkpt>
      <trkpt lat="35.501953" lon="129.274132">
        <ele>27.3</ele>
      </trkpt>
      <trkpt lat="35.501946" lon="129.274187">
        <ele>27.3</ele>
      </trkpt>
      <trkpt lat="35.501938" lon="129.274241">
        <ele>27.3</ele>
      </trkpt>
      <trkpt lat="35.501923" lon="129.274294">
        <ele>27.5</ele>
      </trkpt>
      <trkpt lat="35.501909" lon="129.274346">
        <ele>27.6</ele>
      </trkpt>
      <trkpt lat="35.501895" lon="129.274398">
        <ele>27.8</ele>
      </trkpt>
      <trkpt lat="35.501875" lon="129.274448">
        <ele>27.8</ele>
      </trkpt>
      <trkpt lat="35.501853" lon="129.274495">
        <ele>27.8</ele>
      </trkpt>
      <trkpt lat="35.501830" lon="129.274543">
        <ele>27.8</ele>
      </trkpt>
      <trkpt lat="35.501812" lon="129.274593">
        <ele>27.9</ele>
      </trkpt>
      <trkpt lat="35.501800" lon="129.274647">
        <ele>28.0</ele>
      </trkpt>
      <trkpt lat="35.501789" lon="129.274700">
        <ele>28.1</ele>
      </trkpt>
      <trkpt lat="35.501777" lon="129.274753">
        <ele>28.2</ele>
      </trkpt>
      <trkpt lat="35.501760" lon="129.274804">
        <ele>28.2</ele>
      </trkpt>
      <trkpt lat="35.501736" lon="129.274851">
        <ele>28.1</ele>
      </trkpt>
      <trkpt lat="35.501709" lon="129.274892">
        <ele>27.8</ele>
      </trkpt>
      <trkpt lat="35.501687" lon="129.274911">
        <ele>27.8</ele>
      </trkpt>
      <trkpt lat="35.501652" lon="129.274945">
        <ele>27.8</ele>
      </trkpt>
      <trkpt lat="35.501616" lon="129.274980">
        <ele>27.8</ele>
      </trkpt>
      <trkpt lat="35.501581" lon="129.275014">
        <ele>27.8</ele>
      </trkpt>
      <trkpt lat="35.501546" lon="129.275048">
        <ele>27.8</ele>
      </trkpt>
      <trkpt lat="35.501511" lon="129.275082">
        <ele>27.8</ele>
      </trkpt>
      <trkpt lat="35.501478" lon="129.275120">
        <ele>27.8</ele>
      </trkpt>
      <trkpt lat="35.501450" lon="129.275163">
        <ele>27.9</ele>
      </trkpt>
      <trkpt lat="35.501422" lon="129.275206">
        <ele>28.0</ele>
      </trkpt>
      <trkpt lat="35.501404" lon="129.275257">
        <ele>28.1</ele>
      </trkpt>
      <trkpt lat="35.501387" lon="129.275308">
        <ele>28.3</ele>
      </trkpt>
      <trkpt lat="35.501370" lon="129.275359">
        <ele>28.4</ele>
      </trkpt>
      <trkpt lat="35.501353" lon="129.275410">
        <ele>28.6</ele>
      </trkpt>
      <trkpt lat="35.501336" lon="129.275461">
        <ele>28.8</ele>
      </trkpt>
      <trkpt lat="35.501313" lon="129.275508">
        <ele>28.7</ele>
      </trkpt>
      <trkpt lat="35.501286" lon="129.275553">
        <ele>28.6</ele>
      </trkpt>
      <trkpt lat="35.501259" lon="129.275597">
        <ele>28.5</ele>
      </trkpt>
      <trkpt lat="35.501223" lon="129.275629">
        <ele>28.3</ele>
      </trkpt>
      <trkpt lat="35.501186" lon="129.275662">
        <ele>28.1</ele>
      </trkpt>
      <trkpt lat="35.501148" lon="129.275691">
        <ele>27.8</ele>
      </trkpt>
      <trkpt lat="35.501110" lon="129.275719">
        <ele>27.5</ele>
      </trkpt>
      <trkpt lat="35.501071" lon="129.275747">
        <ele>27.2</ele>
      </trkpt>
      <trkpt lat="35.501032" lon="129.275775">
        <ele>26.9</ele>
      </trkpt>
      <trkpt lat="35.500999" lon="129.275812">
        <ele>26.6</ele>
      </trkpt>
      <trkpt lat="35.500967" lon="129.275851">
        <ele>26.4</ele>
      </trkpt>
      <trkpt lat="35.500938" lon="129.275893">
        <ele>26.3</ele>
      </trkpt>
      <trkpt lat="35.500915" lon="129.275940">
        <ele>26.3</ele>
      </trkpt>
      <trkpt lat="35.500892" lon="129.275987">
        <ele>26.3</ele>
      </trkpt>
      <trkpt lat="35.500868" lon="129.276034">
        <ele>26.3</ele>
      </trkpt>
      <trkpt lat="35.500845" lon="129.276082">
        <ele>26.3</ele>
      </trkpt>
      <trkpt lat="35.500827" lon="129.276132">
        <ele>26.5</ele>
      </trkpt>
      <trkpt lat="35.500809" lon="129.276183">
        <ele>26.6</ele>
      </trkpt>
      <trkpt lat="35.500791" lon="129.276233">
        <ele>26.8</ele>
      </trkpt>
      <trkpt lat="35.500773" lon="129.276284">
        <ele>26.9</ele>
      </trkpt>
      <trkpt lat="35.500755" lon="129.276335">
        <ele>27.1</ele>
      </trkpt>
      <trkpt lat="35.500737" lon="129.276385">
        <ele>27.3</ele>
      </trkpt>
      <trkpt lat="35.500719" lon="129.276436">
        <ele>27.4</ele>
      </trkpt>
      <trkpt lat="35.500701" lon="129.276486">
        <ele>27.6</ele>
      </trkpt>
      <trkpt lat="35.500683" lon="129.276537">
        <ele>27.8</ele>
      </trkpt>
      <trkpt lat="35.500657" lon="129.276582">
        <ele>27.7</ele>
      </trkpt>
      <trkpt lat="35.500630" lon="129.276626">
        <ele>27.7</ele>
      </trkpt>
      <trkpt lat="35.500602" lon="129.276670">
        <ele>27.6</ele>
      </trkpt>
      <trkpt lat="35.500575" lon="129.276714">
        <ele>27.5</ele>
      </trkpt>
      <trkpt lat="35.500546" lon="129.276756">
        <ele>27.4</ele>
      </trkpt>
      <trkpt lat="35.500515" lon="129.276796">
        <ele>27.3</ele>
      </trkpt>
      <trkpt lat="35.500484" lon="129.276836">
        <ele>27.2</ele>
      </trkpt>
      <trkpt lat="35.500453" lon="129.276876">
        <ele>27.1</ele>
      </trkpt>
      <trkpt lat="35.500426" lon="129.276920">
        <ele>27.0</ele>
      </trkpt>
      <trkpt lat="35.500403" lon="129.276967">
        <ele>27.0</ele>
      </trkpt>
      <trkpt lat="35.500380" lon="129.277014">
        <ele>27.0</ele>
      </trkpt>
      <trkpt lat="35.500365" lon="129.277066">
        <ele>26.9</ele>
      </trkpt>
      <trkpt lat="35.500350" lon="129.277119">
        <ele>26.9</ele>
      </trkpt>
      <trkpt lat="35.500335" lon="129.277171">
        <ele>26.8</ele>
      </trkpt>
      <trkpt lat="35.500321" lon="129.277223">
        <ele>26.8</ele>
      </trkpt>
      <trkpt lat="35.500310" lon="129.277277">
        <ele>26.8</ele>
      </trkpt>
      <trkpt lat="35.500299" lon="129.277330">
        <ele>26.7</ele>
      </trkpt>
      <trkpt lat="35.500288" lon="129.277384">
        <ele>26.7</ele>
      </trkpt>
      <trkpt lat="35.500277" lon="129.277437">
        <ele>26.6</ele>
      </trkpt>
      <trkpt lat="35.500266" lon="129.277491">
        <ele>26.6</ele>
      </trkpt>
      <trkpt lat="35.500255" lon="129.277544">
        <ele>26.5</ele>
      </trkpt>
      <trkpt lat="35.500244" lon="129.277598">
        <ele>26.5</ele>
      </trkpt>
      <trkpt lat="35.500228" lon="129.277650">
        <ele>26.4</ele>
      </trkpt>
      <trkpt lat="35.500212" lon="129.277701">
        <ele>26.3</ele>
      </trkpt>
      <trkpt lat="35.500195" lon="129.277752">
        <ele>26.2</ele>
      </trkpt>
      <trkpt lat="35.500178" lon="129.277804">
        <ele>26.1</ele>
      </trkpt>
      <trkpt lat="35.500162" lon="129.277855">
        <ele>26.0</ele>
      </trkpt>
      <trkpt lat="35.500145" lon="129.277906">
        <ele>25.8</ele>
      </trkpt>
      <trkpt lat="35.500132" lon="129.277959">
        <ele>25.8</ele>
      </trkpt>
      <trkpt lat="35.500122" lon="129.278013">
        <ele>25.8</ele>
      </trkpt>
      <trkpt lat="35.500111" lon="129.278066">
        <ele>25.7</ele>
      </trkpt>
      <trkpt lat="35.500101" lon="129.278120">
        <ele>25.7</ele>
      </trkpt>
      <trkpt lat="35.500090" lon="129.278174">
        <ele>25.7</ele>
      </trkpt>
      <trkpt lat="35.500079" lon="129.278227">
        <ele>25.6</ele>
      </trkpt>
      <trkpt lat="35.500069" lon="129.278281">
        <ele>25.6</ele>
      </trkpt>
      <trkpt lat="35.500058" lon="129.278335">
        <ele>25.6</ele>
      </trkpt>
      <trkpt lat="35.500048" lon="129.278388">
        <ele>25.5</ele>
      </trkpt>
      <trkpt lat="35.500037" lon="129.278442">
        <ele>25.5</ele>
      </trkpt>
      <trkpt lat="35.500021" lon="129.278493">
        <ele>25.6</ele>
      </trkpt>
      <trkpt lat="35.500002" lon="129.278543">
        <ele>25.8</ele>
      </trkpt>
      <trkpt lat="35.499982" lon="129.278593">
        <ele>25.9</ele>
      </trkpt>
      <trkpt lat="35.499963" lon="129.278643">
        <ele>26.1</ele>
      </trkpt>
      <trkpt lat="35.499944" lon="129.278693">
        <ele>26.2</ele>
      </trkpt>
      <trkpt lat="35.499925" lon="129.278743">
        <ele>26.4</ele>
      </trkpt>
      <trkpt lat="35.499905" lon="129.278793">
        <ele>26.6</ele>
      </trkpt>
      <trkpt lat="35.499886" lon="129.278843">
        <ele>26.7</ele>
      </trkpt>
      <trkpt lat="35.499868" lon="129.278893">
        <ele>26.8</ele>
      </trkpt>
      <trkpt lat="35.499851" lon="129.278944">
        <ele>26.9</ele>
      </trkpt>
      <trkpt lat="35.499833" lon="129.278995">
        <ele>26.9</ele>
      </trkpt>
      <trkpt lat="35.499817" lon="129.279043">
        <ele>26.8</ele>
      </trkpt>
      <trkpt lat="35.499814" lon="129.279097">
        <ele>27.3</ele>
      </trkpt>
      <trkpt lat="35.499817" lon="129.279152">
        <ele>27.7</ele>
      </trkpt>
      <trkpt lat="35.499820" lon="129.279207">
        <ele>28.1</ele>
      </trkpt>
      <trkpt lat="35.499823" lon="129.279262">
        <ele>28.5</ele>
      </trkpt>
      <trkpt lat="35.499829" lon="129.279317">
        <ele>29.0</ele>
      </trkpt>
      <trkpt lat="35.499844" lon="129.279369">
        <ele>29.8</ele>
      </trkpt>
      <trkpt lat="35.499858" lon="129.279421">
        <ele>30.6</ele>
      </trkpt>
      <trkpt lat="35.499873" lon="129.279473">
        <ele>31.3</ele>
      </trkpt>
      <trkpt lat="35.499888" lon="129.279525">
        <ele>32.1</ele>
      </trkpt>
      <trkpt lat="35.499902" lon="129.279578">
        <ele>32.9</ele>
      </trkpt>
      <trkpt lat="35.499917" lon="129.279630">
        <ele>33.6</ele>
      </trkpt>
      <trkpt lat="35.499942" lon="129.279676">
        <ele>34.5</ele>
      </trkpt>
      <trkpt lat="35.499969" lon="129.279720">
        <ele>35.4</ele>
      </trkpt>
      <trkpt lat="35.499996" lon="129.279764">
        <ele>36.2</ele>
      </trkpt>
      <trkpt lat="35.500023" lon="129.279808">
        <ele>37.1</ele>
      </trkpt>
      <trkpt lat="35.500042" lon="129.279857">
        <ele>38.0</ele>
      </trkpt>
      <trkpt lat="35.500059" lon="129.279908">
        <ele>39.0</ele>
      </trkpt>
      <trkpt lat="35.500077" lon="129.279960">
        <ele>40.0</ele>
      </trkpt>
      <trkpt lat="35.500094" lon="129.280011">
        <ele>40.9</ele>
      </trkpt>
      <trkpt lat="35.500118" lon="129.280056">
        <ele>41.9</ele>
      </trkpt>
      <trkpt lat="35.500148" lon="129.280097">
        <ele>42.9</ele>
      </trkpt>
      <trkpt lat="35.500184" lon="129.280131">
        <ele>43.9</ele>
      </trkpt>
      <trkpt lat="35.500220" lon="129.280164">
        <ele>44.8</ele>
      </trkpt>
      <trkpt lat="35.500256" lon="129.280196">
        <ele>45.7</ele>
      </trkpt>
      <trkpt lat="35.500294" lon="129.280226">
        <ele>46.4</ele>
      </trkpt>
      <trkpt lat="35.500333" lon="129.280254">
        <ele>47.2</ele>
      </trkpt>
      <trkpt lat="35.500373" lon="129.280280">
        <ele>47.7</ele>
      </trkpt>
      <trkpt lat="35.500413" lon="129.280304">
        <ele>48.1</ele>
      </trkpt>
      <trkpt lat="35.500453" lon="129.280329">
        <ele>48.6</ele>
      </trkpt>
      <trkpt lat="35.500493" lon="129.280354">
        <ele>49.0</ele>
      </trkpt>
      <trkpt lat="35.500533" lon="129.280379">
        <ele>49.4</ele>
      </trkpt>
      <trkpt lat="35.500573" lon="129.280405">
        <ele>49.5</ele>
      </trkpt>
      <trkpt lat="35.500612" lon="129.280432">
        <ele>49.7</ele>
      </trkpt>
      <trkpt lat="35.500652" lon="129.280458">
        <ele>49.9</ele>
      </trkpt>
      <trkpt lat="35.500691" lon="129.280484">
        <ele>50.1</ele>
      </trkpt>
      <trkpt lat="35.500731" lon="129.280511">
        <ele>50.2</ele>
      </trkpt>
      <trkpt lat="35.500770" lon="129.280537">
        <ele>50.4</ele>
      </trkpt>
      <trkpt lat="35.500803" lon="129.280573">
        <ele>50.4</ele>
      </trkpt>
      <trkpt lat="35.500828" lon="129.280619">
        <ele>50.1</ele>
      </trkpt>
      <trkpt lat="35.500857" lon="129.280661">
        <ele>50.1</ele>
      </trkpt>
      <trkpt lat="35.500888" lon="129.280701">
        <ele>50.3</ele>
      </trkpt>
      <trkpt lat="35.500913" lon="129.280745">
        <ele>50.4</ele>
      </trkpt>
      <trkpt lat="35.500926" lon="129.280798">
        <ele>50.0</ele>
      </trkpt>
      <trkpt lat="35.500938" lon="129.280851">
        <ele>49.6</ele>
      </trkpt>
      <trkpt lat="35.500950" lon="129.280904">
        <ele>49.2</ele>
      </trkpt>
      <trkpt lat="35.500962" lon="129.280957">
        <ele>48.8</ele>
      </trkpt>
      <trkpt lat="35.500977" lon="129.281009">
        <ele>48.3</ele>
      </trkpt>
      <trkpt lat="35.500995" lon="129.281060">
        <ele>47.8</ele>
      </trkpt>
      <trkpt lat="35.501014" lon="129.281110">
        <ele>47.3</ele>
      </trkpt>
      <trkpt lat="35.501032" lon="129.281161">
        <ele>46.8</ele>
      </trkpt>
      <trkpt lat="35.501050" lon="129.281211">
        <ele>46.4</ele>
      </trkpt>
      <trkpt lat="35.501069" lon="129.281262">
        <ele>45.9</ele>
      </trkpt>
      <trkpt lat="35.501087" lon="129.281312">
        <ele>45.4</ele>
      </trkpt>
      <trkpt lat="35.501102" lon="129.281364">
        <ele>44.8</ele>
      </trkpt>
      <trkpt lat="35.501115" lon="129.281417">
        <ele>44.2</ele>
      </trkpt>
      <trkpt lat="35.501129" lon="129.281469">
        <ele>43.5</ele>
      </trkpt>
      <trkpt lat="35.501143" lon="129.281522">
        <ele>42.9</ele>
      </trkpt>
      <trkpt lat="35.501157" lon="129.281575">
        <ele>42.3</ele>
      </trkpt>
      <trkpt lat="35.501171" lon="129.281627">
        <ele>41.7</ele>
      </trkpt>
      <trkpt lat="35.501185" lon="129.281680">
        <ele>41.0</ele>
      </trkpt>
      <trkpt lat="35.501194" lon="129.281734">
        <ele>40.5</ele>
      </trkpt>
      <trkpt lat="35.501200" lon="129.281788">
        <ele>40.0</ele>
      </trkpt>
      <trkpt lat="35.501200" lon="129.281843">
        <ele>39.5</ele>
      </trkpt>
      <trkpt lat="35.501184" lon="129.281891">
        <ele>39.0</ele>
      </trkpt>
      <trkpt lat="35.501160" lon="129.281937">
        <ele>38.5</ele>
      </trkpt>
      <trkpt lat="35.501141" lon="129.281987">
        <ele>37.8</ele>
      </trkpt>
      <trkpt lat="35.501107" lon="129.282023">
        <ele>37.3</ele>
      </trkpt>
      <trkpt lat="35.501079" lon="129.282064">
        <ele>36.7</ele>
      </trkpt>
      <trkpt lat="35.501056" lon="129.282112">
        <ele>36.0</ele>
      </trkpt>
      <trkpt lat="35.501033" lon="129.282160">
        <ele>35.3</ele>
      </trkpt>
      <trkpt lat="35.501011" lon="129.282208">
        <ele>34.6</ele>
      </trkpt>
      <trkpt lat="35.500988" lon="129.282255">
        <ele>33.9</ele>
      </trkpt>
      <trkpt lat="35.500966" lon="129.282303">
        <ele>33.2</ele>
      </trkpt>
      <trkpt lat="35.500943" lon="129.282351">
        <ele>32.5</ele>
      </trkpt>
      <trkpt lat="35.500921" lon="129.282399">
        <ele>31.8</ele>
      </trkpt>
      <trkpt lat="35.500893" lon="129.282442">
        <ele>31.4</ele>
      </trkpt>
      <trkpt lat="35.500865" lon="129.282486">
        <ele>31.0</ele>
      </trkpt>
      <trkpt lat="35.500838" lon="129.282529">
        <ele>30.6</ele>
      </trkpt>
      <trkpt lat="35.500810" lon="129.282573">
        <ele>30.2</ele>
      </trkpt>
      <trkpt lat="35.500782" lon="129.282616">
        <ele>29.8</ele>
      </trkpt>
      <trkpt lat="35.500767" lon="129.282668">
        <ele>29.5</ele>
      </trkpt>
      <trkpt lat="35.500753" lon="129.282720">
        <ele>29.1</ele>
      </trkpt>
      <trkpt lat="35.500739" lon="129.282773">
        <ele>28.7</ele>
      </trkpt>
      <trkpt lat="35.500724" lon="129.282825">
        <ele>28.3</ele>
      </trkpt>
      <trkpt lat="35.500710" lon="129.282878">
        <ele>28.0</ele>
      </trkpt>
      <trkpt lat="35.500701" lon="129.282916">
        <ele>27.8</ele>
      </trkpt>
      <trkpt lat="35.500719" lon="129.282965">
        <ele>27.2</ele>
      </trkpt>
      <trkpt lat="35.500739" lon="129.283015">
        <ele>26.5</ele>
      </trkpt>
      <trkpt lat="35.500759" lon="129.283064">
        <ele>25.9</ele>
      </trkpt>
      <trkpt lat="35.500784" lon="129.283110">
        <ele>25.3</ele>
      </trkpt>
      <trkpt lat="35.500813" lon="129.283152">
        <ele>24.8</ele>
      </trkpt>
      <trkpt lat="35.500842" lon="129.283195">
        <ele>24.4</ele>
      </trkpt>
      <trkpt lat="35.500870" lon="129.283237">
        <ele>24.0</ele>
      </trkpt>
      <trkpt lat="35.500899" lon="129.283279">
        <ele>23.5</ele>
      </trkpt>
      <trkpt lat="35.500923" lon="129.283326">
        <ele>23.2</ele>
      </trkpt>
      <trkpt lat="35.500947" lon="129.283373">
        <ele>22.9</ele>
      </trkpt>
      <trkpt lat="35.500970" lon="129.283420">
        <ele>22.7</ele>
      </trkpt>
      <trkpt lat="35.500994" lon="129.283467">
        <ele>22.4</ele>
      </trkpt>
      <trkpt lat="35.501019" lon="129.283513">
        <ele>22.1</ele>
      </trkpt>
      <trkpt lat="35.501045" lon="129.283558">
        <ele>21.7</ele>
      </trkpt>
      <trkpt lat="35.501071" lon="129.283603">
        <ele>21.4</ele>
      </trkpt>
      <trkpt lat="35.501096" lon="129.283649">
        <ele>21.1</ele>
      </trkpt>
      <trkpt lat="35.501122" lon="129.283694">
        <ele>20.8</ele>
      </trkpt>
      <trkpt lat="35.501148" lon="129.283739">
        <ele>20.4</ele>
      </trkpt>
      <trkpt lat="35.501174" lon="129.283784">
        <ele>20.1</ele>
      </trkpt>
      <trkpt lat="35.501200" lon="129.283830">
        <ele>19.8</ele>
      </trkpt>
      <trkpt lat="35.501226" lon="129.283875">
        <ele>19.5</ele>
      </trkpt>
      <trkpt lat="35.501243" lon="129.283924">
        <ele>19.1</ele>
      </trkpt>
      <trkpt lat="35.501250" lon="129.283979">
        <ele>18.7</ele>
      </trkpt>
      <trkpt lat="35.501257" lon="129.284033">
        <ele>18.2</ele>
      </trkpt>
      <trkpt lat="35.501264" lon="129.284088">
        <ele>17.8</ele>
      </trkpt>
      <trkpt lat="35.501271" lon="129.284142">
        <ele>17.3</ele>
      </trkpt>
      <trkpt lat="35.501278" lon="129.284197">
        <ele>16.9</ele>
      </trkpt>
      <trkpt lat="35.501283" lon="129.284252">
        <ele>16.7</ele>
      </trkpt>
      <trkpt lat="35.501287" lon="129.284307">
        <ele>16.5</ele>
      </trkpt>
      <trkpt lat="35.501291" lon="129.284362">
        <ele>16.3</ele>
      </trkpt>
      <trkpt lat="35.501295" lon="129.284417">
        <ele>16.2</ele>
      </trkpt>
      <trkpt lat="35.501299" lon="129.284472">
        <ele>16.0</ele>
      </trkpt>
      <trkpt lat="35.501303" lon="129.284527">
        <ele>15.8</ele>
      </trkpt>
      <trkpt lat="35.501307" lon="129.284582">
        <ele>15.6</ele>
      </trkpt>
      <trkpt lat="35.501311" lon="129.284637">
        <ele>15.5</ele>
      </trkpt>
      <trkpt lat="35.501322" lon="129.284690">
        <ele>15.2</ele>
      </trkpt>
      <trkpt lat="35.501335" lon="129.284743">
        <ele>15.0</ele>
      </trkpt>
      <trkpt lat="35.501353" lon="129.284793">
        <ele>14.8</ele>
      </trkpt>
      <trkpt lat="35.501372" lon="129.284844">
        <ele>14.6</ele>
      </trkpt>
      <trkpt lat="35.501390" lon="129.284894">
        <ele>14.4</ele>
      </trkpt>
      <trkpt lat="35.501416" lon="129.284939">
        <ele>14.1</ele>
      </trkpt>
      <trkpt lat="35.501448" lon="129.284977">
        <ele>13.8</ele>
      </trkpt>
      <trkpt lat="35.501477" lon="129.285019">
        <ele>13.6</ele>
      </trkpt>
      <trkpt lat="35.501506" lon="129.285062">
        <ele>13.4</ele>
      </trkpt>
      <trkpt lat="35.501535" lon="129.285104">
        <ele>13.1</ele>
      </trkpt>
      <trkpt lat="35.501564" lon="129.285146">
        <ele>12.9</ele>
      </trkpt>
      <trkpt lat="35.501589" lon="129.285191">
        <ele>12.7</ele>
      </trkpt>
      <trkpt lat="35.501611" lon="129.285240">
        <ele>12.6</ele>
      </trkpt>
      <trkpt lat="35.501617" lon="129.285292">
        <ele>12.5</ele>
      </trkpt>
      <trkpt lat="35.501612" lon="129.285347">
        <ele>12.5</ele>
      </trkpt>
      <trkpt lat="35.501607" lon="129.285402">
        <ele>12.5</ele>
      </trkpt>
      <trkpt lat="35.501602" lon="129.285456">
        <ele>12.6</ele>
      </trkpt>
      <trkpt lat="35.501596" lon="129.285511">
        <ele>12.6</ele>
      </trkpt>
      <trkpt lat="35.501591" lon="129.285566">
        <ele>12.6</ele>
      </trkpt>
      <trkpt lat="35.501586" lon="129.285621">
        <ele>12.6</ele>
      </trkpt>
      <trkpt lat="35.501581" lon="129.285676">
        <ele>12.6</ele>
      </trkpt>
      <trkpt lat="35.501576" lon="129.285731">
        <ele>12.7</ele>
      </trkpt>
      <trkpt lat="35.501571" lon="129.285786">
        <ele>12.7</ele>
      </trkpt>
      <trkpt lat="35.501565" lon="129.285841">
        <ele>12.7</ele>
      </trkpt>
      <trkpt lat="35.501560" lon="129.285895">
        <ele>12.7</ele>
      </trkpt>
      <trkpt lat="35.501555" lon="129.285950">
        <ele>12.7</ele>
      </trkpt>
      <trkpt lat="35.501550" lon="129.286005">
        <ele>12.8</ele>
      </trkpt>
      <trkpt lat="35.501545" lon="129.286060">
        <ele>12.8</ele>
      </trkpt>
      <trkpt lat="35.501539" lon="129.286115">
        <ele>12.8</ele>
      </trkpt>
      <trkpt lat="35.501529" lon="129.286169">
        <ele>13.3</ele>
      </trkpt>
      <trkpt lat="35.501519" lon="129.286223">
        <ele>13.6</ele>
      </trkpt>
      <trkpt lat="35.501509" lon="129.286276">
        <ele>13.9</ele>
      </trkpt>
      <trkpt lat="35.501499" lon="129.286330">
        <ele>14.2</ele>
      </trkpt>
      <trkpt lat="35.501490" lon="129.286384">
        <ele>14.5</ele>
      </trkpt>
      <trkpt lat="35.501480" lon="129.286438">
        <ele>14.7</ele>
      </trkpt>
      <trkpt lat="35.501470" lon="129.286492">
        <ele>15.0</ele>
      </trkpt>
      <trkpt lat="35.501456" lon="129.286545">
        <ele>15.2</ele>
      </trkpt>
      <trkpt lat="35.501442" lon="129.286587">
        <ele>14.5</ele>
      </trkpt>
      <trkpt lat="35.501459" lon="129.286566">
        <ele>15.3</ele>
      </trkpt>
      <trkpt lat="35.501502" lon="129.286550">
        <ele>15.4</ele>
      </trkpt>
      <trkpt lat="35.501545" lon="129.286533">
        <ele>15.4</ele>
      </trkpt>
      <trkpt lat="35.501588" lon="129.286519">
        <ele>15.5</ele>
      </trkpt>
      <trkpt lat="35.501633" lon="129.286512">
        <ele>15.7</ele>
      </trkpt>
      <trkpt lat="35.501678" lon="129.286506">
        <ele>16.0</ele>
      </trkpt>
      <trkpt lat="35.501722" lon="129.286500">
        <ele>16.2</ele>
      </trkpt>
      <trkpt lat="35.501767" lon="129.286493">
        <ele>16.4</ele>
      </trkpt>
      <trkpt lat="35.501811" lon="129.286487">
        <ele>16.6</ele>
      </trkpt>
      <trkpt lat="35.501856" lon="129.286481">
        <ele>16.8</ele>
      </trkpt>
      <trkpt lat="35.501901" lon="129.286484">
        <ele>17.0</ele>
      </trkpt>
      <trkpt lat="35.501946" lon="129.286488">
        <ele>17.3</ele>
      </trkpt>
      <trkpt lat="35.501991" lon="129.286492">
        <ele>17.5</ele>
      </trkpt>
      <trkpt lat="35.502035" lon="129.286497">
        <ele>17.8</ele>
      </trkpt>
      <trkpt lat="35.502080" lon="129.286500">
        <ele>18.1</ele>
      </trkpt>
      <trkpt lat="35.502125" lon="129.286500">
        <ele>18.4</ele>
      </trkpt>
      <trkpt lat="35.502170" lon="129.286500">
        <ele>18.7</ele>
      </trkpt>
      <trkpt lat="35.502215" lon="129.286498">
        <ele>19.0</ele>
      </trkpt>
      <trkpt lat="35.502260" lon="129.286495">
        <ele>19.2</ele>
      </trkpt>
      <trkpt lat="35.502305" lon="129.286492">
        <ele>19.3</ele>
      </trkpt>
      <trkpt lat="35.502349" lon="129.286486">
        <ele>19.5</ele>
      </trkpt>
      <trkpt lat="35.502392" lon="129.286468">
        <ele>19.7</ele>
      </trkpt>
      <trkpt lat="35.502433" lon="129.286446">
        <ele>19.7</ele>
      </trkpt>
      <trkpt lat="35.502474" lon="129.286422">
        <ele>19.5</ele>
      </trkpt>
      <trkpt lat="35.502514" lon="129.286399">
        <ele>19.4</ele>
      </trkpt>
      <trkpt lat="35.502555" lon="129.286375">
        <ele>19.2</ele>
      </trkpt>
      <trkpt lat="35.502595" lon="129.286351">
        <ele>19.1</ele>
      </trkpt>
      <trkpt lat="35.502636" lon="129.286327">
        <ele>18.9</ele>
      </trkpt>
      <trkpt lat="35.502677" lon="129.286303">
        <ele>18.8</ele>
      </trkpt>
      <trkpt lat="35.502717" lon="129.286279">
        <ele>18.6</ele>
      </trkpt>
      <trkpt lat="35.502758" lon="129.286256">
        <ele>18.4</ele>
      </trkpt>
      <trkpt lat="35.502798" lon="129.286232">
        <ele>18.3</ele>
      </trkpt>
      <trkpt lat="35.502839" lon="129.286208">
        <ele>18.1</ele>
      </trkpt>
      <trkpt lat="35.502879" lon="129.286184">
        <ele>18.0</ele>
      </trkpt>
      <trkpt lat="35.502920" lon="129.286160">
        <ele>17.8</ele>
      </trkpt>
      <trkpt lat="35.502960" lon="129.286136">
        <ele>17.6</ele>
      </trkpt>
      <trkpt lat="35.503001" lon="129.286112">
        <ele>17.5</ele>
      </trkpt>
      <trkpt lat="35.503042" lon="129.286089">
        <ele>17.3</ele>
      </trkpt>
      <trkpt lat="35.503082" lon="129.286065">
        <ele>17.2</ele>
      </trkpt>
      <trkpt lat="35.503123" lon="129.286041">
        <ele>17.0</ele>
      </trkpt>
      <trkpt lat="35.503163" lon="129.286017">
        <ele>16.8</ele>
      </trkpt>
      <trkpt lat="35.503204" lon="129.285993">
        <ele>16.7</ele>
      </trkpt>
      <trkpt lat="35.503244" lon="129.285969">
        <ele>16.5</ele>
      </trkpt>
      <trkpt lat="35.503285" lon="129.285945">
        <ele>16.4</ele>
      </trkpt>
      <trkpt lat="35.503325" lon="129.285922">
        <ele>16.2</ele>
      </trkpt>
      <trkpt lat="35.503366" lon="129.285898">
        <ele>16.1</ele>
      </trkpt>
      <trkpt lat="35.503407" lon="129.285874">
        <ele>15.9</ele>
      </trkpt>
      <trkpt lat="35.503447" lon="129.285850">
        <ele>15.7</ele>
      </trkpt>
      <trkpt lat="35.503488" lon="129.285826">
        <ele>15.6</ele>
      </trkpt>
      <trkpt lat="35.503528" lon="129.285802">
        <ele>15.4</ele>
      </trkpt>
      <trkpt lat="35.503569" lon="129.285778">
        <ele>15.3</ele>
      </trkpt>
      <trkpt lat="35.503609" lon="129.285755">
        <ele>15.1</ele>
      </trkpt>
      <trkpt lat="35.503650" lon="129.285731">
        <ele>14.9</ele>
      </trkpt>
      <trkpt lat="35.503690" lon="129.285707">
        <ele>14.8</ele>
      </trkpt>
      <trkpt lat="35.503731" lon="129.285683">
        <ele>14.6</ele>
      </trkpt>
      <trkpt lat="35.503772" lon="129.285659">
        <ele>14.5</ele>
      </trkpt>
      <trkpt lat="35.503812" lon="129.285635">
        <ele>14.3</ele>
      </trkpt>
      <trkpt lat="35.503853" lon="129.285611">
        <ele>14.1</ele>
      </trkpt>
      <trkpt lat="35.503893" lon="129.285588">
        <ele>14.0</ele>
      </trkpt>
      <trkpt lat="35.503934" lon="129.285564">
        <ele>13.8</ele>
      </trkpt>
      <trkpt lat="35.503970" lon="129.285530">
        <ele>13.8</ele>
      </trkpt>
      <trkpt lat="35.504005" lon="129.285496">
        <ele>13.8</ele>
      </trkpt>
      <trkpt lat="35.504041" lon="129.285464">
        <ele>13.8</ele>
      </trkpt>
      <trkpt lat="35.504078" lon="129.285432">
        <ele>13.8</ele>
      </trkpt>
      <trkpt lat="35.504115" lon="129.285400">
        <ele>13.8</ele>
      </trkpt>
      <trkpt lat="35.504152" lon="129.285368">
        <ele>13.8</ele>
      </trkpt>
      <trkpt lat="35.504186" lon="129.285334">
        <ele>14.0</ele>
      </trkpt>
      <trkpt lat="35.504221" lon="129.285299">
        <ele>14.2</ele>
      </trkpt>
      <trkpt lat="35.504255" lon="129.285262">
        <ele>14.3</ele>
      </trkpt>
      <trkpt lat="35.504283" lon="129.285219">
        <ele>14.3</ele>
      </trkpt>
      <trkpt lat="35.504305" lon="129.285171">
        <ele>14.4</ele>
      </trkpt>
      <trkpt lat="35.504324" lon="129.285121">
        <ele>14.5</ele>
      </trkpt>
      <trkpt lat="35.504342" lon="129.285071">
        <ele>14.6</ele>
      </trkpt>
      <trkpt lat="35.504361" lon="129.285021">
        <ele>14.7</ele>
      </trkpt>
      <trkpt lat="35.504380" lon="129.284970">
        <ele>14.8</ele>
      </trkpt>
      <trkpt lat="35.504377" lon="129.284946">
        <ele>14.7</ele>
      </trkpt>
      <trkpt lat="35.504402" lon="129.284912">
        <ele>14.7</ele>
      </trkpt>
      <trkpt lat="35.504424" lon="129.284865">
        <ele>14.8</ele>
      </trkpt>
      <trkpt lat="35.504450" lon="129.284820">
        <ele>14.9</ele>
      </trkpt>
      <trkpt lat="35.504476" lon="129.284775">
        <ele>15.0</ele>
      </trkpt>
      <trkpt lat="35.504502" lon="129.284730">
        <ele>15.0</ele>
      </trkpt>
      <trkpt lat="35.504528" lon="129.284685">
        <ele>15.1</ele>
      </trkpt>
      <trkpt lat="35.504554" lon="129.284640">
        <ele>15.2</ele>
      </trkpt>
      <trkpt lat="35.504580" lon="129.284594">
        <ele>15.2</ele>
      </trkpt>
      <trkpt lat="35.504607" lon="129.284550">
        <ele>15.3</ele>
      </trkpt>
      <trkpt lat="35.504637" lon="129.284509">
        <ele>15.1</ele>
      </trkpt>
      <trkpt lat="35.504667" lon="129.284468">
        <ele>15.0</ele>
      </trkpt>
      <trkpt lat="35.504697" lon="129.284427">
        <ele>14.9</ele>
      </trkpt>
      <trkpt lat="35.504727" lon="129.284386">
        <ele>14.7</ele>
      </trkpt>
      <trkpt lat="35.504758" lon="129.284345">
        <ele>14.6</ele>
      </trkpt>
      <trkpt lat="35.504788" lon="129.284304">
        <ele>14.4</ele>
      </trkpt>
      <trkpt lat="35.504818" lon="129.284263">
        <ele>14.3</ele>
      </trkpt>
      <trkpt lat="35.504851" lon="129.284225">
        <ele>14.2</ele>
      </trkpt>
      <trkpt lat="35.504884" lon="129.284188">
        <ele>14.1</ele>
      </trkpt>
      <trkpt lat="35.504917" lon="129.284150">
        <ele>14.0</ele>
      </trkpt>
      <trkpt lat="35.504949" lon="129.284113">
        <ele>13.9</ele>
      </trkpt>
      <trkpt lat="35.504982" lon="129.284075">
        <ele>13.9</ele>
      </trkpt>
      <trkpt lat="35.505015" lon="129.284038">
        <ele>13.8</ele>
      </trkpt>
      <trkpt lat="35.505048" lon="129.284000">
        <ele>13.7</ele>
      </trkpt>
      <trkpt lat="35.505081" lon="129.283963">
        <ele>13.6</ele>
      </trkpt>
      <trkpt lat="35.505114" lon="129.283925">
        <ele>13.5</ele>
      </trkpt>
      <trkpt lat="35.505146" lon="129.283886">
        <ele>13.5</ele>
      </trkpt>
      <trkpt lat="35.505178" lon="129.283847">
        <ele>13.5</ele>
      </trkpt>
      <trkpt lat="35.505210" lon="129.283808">
        <ele>13.5</ele>
      </trkpt>
      <trkpt lat="35.505242" lon="129.283769">
        <ele>13.5</ele>
      </trkpt>
      <trkpt lat="35.505274" lon="129.283731">
        <ele>13.5</ele>
      </trkpt>
      <trkpt lat="35.505306" lon="129.283692">
        <ele>13.5</ele>
      </trkpt>
      <trkpt lat="35.505338" lon="129.283653">
        <ele>13.5</ele>
      </trkpt>
      <trkpt lat="35.505370" lon="129.283614">
        <ele>13.5</ele>
      </trkpt>
      <trkpt lat="35.505402" lon="129.283575">
        <ele>13.5</ele>
      </trkpt>
      <trkpt lat="35.505434" lon="129.283536">
        <ele>13.5</ele>
      </trkpt>
      <trkpt lat="35.505466" lon="129.283498">
        <ele>13.5</ele>
      </trkpt>
      <trkpt lat="35.505498" lon="129.283459">
        <ele>13.5</ele>
      </trkpt>
      <trkpt lat="35.505530" lon="129.283420">
        <ele>13.5</ele>
      </trkpt>
      <trkpt lat="35.505564" lon="129.283384">
        <ele>13.4</ele>
      </trkpt>
      <trkpt lat="35.505598" lon="129.283347">
        <ele>13.4</ele>
      </trkpt>
      <trkpt lat="35.505631" lon="129.283311">
        <ele>13.3</ele>
      </trkpt>
      <trkpt lat="35.505665" lon="129.283274">
        <ele>13.3</ele>
      </trkpt>
      <trkpt lat="35.505699" lon="129.283238">
        <ele>13.2</ele>
      </trkpt>
      <trkpt lat="35.505733" lon="129.283201">
        <ele>13.2</ele>
      </trkpt>
      <trkpt lat="35.505767" lon="129.283165">
        <ele>13.1</ele>
      </trkpt>
      <trkpt lat="35.505800" lon="129.283129">
        <ele>13.1</ele>
      </trkpt>
      <trkpt lat="35.505834" lon="129.283092">
        <ele>13.0</ele>
      </trkpt>
      <trkpt lat="35.505867" lon="129.283054">
        <ele>13.0</ele>
      </trkpt>
      <trkpt lat="35.505899" lon="129.283016">
        <ele>13.1</ele>
      </trkpt>
      <trkpt lat="35.505932" lon="129.282978">
        <ele>13.1</ele>
      </trkpt>
      <trkpt lat="35.505964" lon="129.282940">
        <ele>13.2</ele>
      </trkpt>
      <trkpt lat="35.505997" lon="129.282901">
        <ele>13.2</ele>
      </trkpt>
      <trkpt lat="35.506029" lon="129.282863">
        <ele>13.2</ele>
      </trkpt>
      <trkpt lat="35.506062" lon="129.282825">
        <ele>13.3</ele>
      </trkpt>
      <trkpt lat="35.506094" lon="129.282787">
        <ele>13.4</ele>
      </trkpt>
      <trkpt lat="35.506127" lon="129.282749">
        <ele>13.5</ele>
      </trkpt>
      <trkpt lat="35.506160" lon="129.282711">
        <ele>13.6</ele>
      </trkpt>
      <trkpt lat="35.506192" lon="129.282673">
        <ele>13.8</ele>
      </trkpt>
      <trkpt lat="35.506225" lon="129.282635">
        <ele>13.8</ele>
      </trkpt>
      <trkpt lat="35.506257" lon="129.282597">
        <ele>13.8</ele>
      </trkpt>
      <trkpt lat="35.506292" lon="129.282561">
        <ele>13.9</ele>
      </trkpt>
      <trkpt lat="35.506327" lon="129.282526">
        <ele>13.9</ele>
      </trkpt>
      <trkpt lat="35.506361" lon="129.282491">
        <ele>14.0</ele>
      </trkpt>
      <trkpt lat="35.506396" lon="129.282456">
        <ele>14.2</ele>
      </trkpt>
      <trkpt lat="35.506431" lon="129.282421">
        <ele>14.3</ele>
      </trkpt>
      <trkpt lat="35.506466" lon="129.282386">
        <ele>14.4</ele>
      </trkpt>
      <trkpt lat="35.506501" lon="129.282352">
        <ele>14.5</ele>
      </trkpt>
      <trkpt lat="35.506536" lon="129.282317">
        <ele>14.7</ele>
      </trkpt>
      <trkpt lat="35.506571" lon="129.282282">
        <ele>14.8</ele>
      </trkpt>
      <trkpt lat="35.506607" lon="129.282250">
        <ele>14.9</ele>
      </trkpt>
      <trkpt lat="35.506644" lon="129.282219">
        <ele>14.9</ele>
      </trkpt>
      <trkpt lat="35.506681" lon="129.282187">
        <ele>15.0</ele>
      </trkpt>
      <trkpt lat="35.506719" lon="129.282157">
        <ele>15.0</ele>
      </trkpt>
      <trkpt lat="35.506758" lon="129.282129">
        <ele>15.1</ele>
      </trkpt>
      <trkpt lat="35.506796" lon="129.282101">
        <ele>15.1</ele>
      </trkpt>
      <trkpt lat="35.506835" lon="129.282073">
        <ele>15.1</ele>
      </trkpt>
      <trkpt lat="35.506874" lon="129.282044">
        <ele>15.2</ele>
      </trkpt>
      <trkpt lat="35.506912" lon="129.282016">
        <ele>15.2</ele>
      </trkpt>
      <trkpt lat="35.506951" lon="129.281988">
        <ele>15.2</ele>
      </trkpt>
      <trkpt lat="35.506989" lon="129.281959">
        <ele>15.3</ele>
      </trkpt>
      <trkpt lat="35.507028" lon="129.281931">
        <ele>15.3</ele>
      </trkpt>
      <trkpt lat="35.507067" lon="129.281903">
        <ele>15.3</ele>
      </trkpt>
      <trkpt lat="35.507105" lon="129.281875">
        <ele>15.4</ele>
      </trkpt>
      <trkpt lat="35.507144" lon="129.281846">
        <ele>15.4</ele>
      </trkpt>
      <trkpt lat="35.507183" lon="129.281818">
        <ele>15.4</ele>
      </trkpt>
      <trkpt lat="35.507221" lon="129.281790">
        <ele>15.5</ele>
      </trkpt>
      <trkpt lat="35.507260" lon="129.281762">
        <ele>15.5</ele>
      </trkpt>
      <trkpt lat="35.507298" lon="129.281732">
        <ele>15.4</ele>
      </trkpt>
      <trkpt lat="35.507336" lon="129.281702">
        <ele>15.3</ele>
      </trkpt>
      <trkpt lat="35.507373" lon="129.281672">
        <ele>15.2</ele>
      </trkpt>
      <trkpt lat="35.507411" lon="129.281642">
        <ele>15.1</ele>
      </trkpt>
      <trkpt lat="35.507448" lon="129.281611">
        <ele>15.0</ele>
      </trkpt>
      <trkpt lat="35.507482" lon="129.281575">
        <ele>15.0</ele>
      </trkpt>
      <trkpt lat="35.507516" lon="129.281539">
        <ele>14.9</ele>
      </trkpt>
      <trkpt lat="35.507551" lon="129.281503">
        <ele>14.9</ele>
      </trkpt>
      <trkpt lat="35.507585" lon="129.281467">
        <ele>14.8</ele>
      </trkpt>
      <trkpt lat="35.507619" lon="129.281431">
        <ele>14.8</ele>
      </trkpt>
      <trkpt lat="35.507652" lon="129.281393">
        <ele>14.8</ele>
      </trkpt>
      <trkpt lat="35.507684" lon="129.281355">
        <ele>14.8</ele>
      </trkpt>
      <trkpt lat="35.507717" lon="129.281318">
        <ele>14.8</ele>
      </trkpt>
      <trkpt lat="35.507750" lon="129.281280">
        <ele>14.8</ele>
      </trkpt>
      <trkpt lat="35.507783" lon="129.281242">
        <ele>14.8</ele>
      </trkpt>
      <trkpt lat="35.507812" lon="129.281200">
        <ele>14.7</ele>
      </trkpt>
      <trkpt lat="35.507840" lon="129.281157">
        <ele>14.7</ele>
      </trkpt>
      <trkpt lat="35.507869" lon="129.281115">
        <ele>14.6</ele>
      </trkpt>
      <trkpt lat="35.507898" lon="129.281072">
        <ele>14.6</ele>
      </trkpt>
      <trkpt lat="35.507926" lon="129.281029">
        <ele>14.5</ele>
      </trkpt>
      <trkpt lat="35.507953" lon="129.280985">
        <ele>14.5</ele>
      </trkpt>
      <trkpt lat="35.507979" lon="129.280940">
        <ele>14.4</ele>
      </trkpt>
      <trkpt lat="35.508005" lon="129.280895">
        <ele>14.4</ele>
      </trkpt>
      <trkpt lat="35.508032" lon="129.280851">
        <ele>14.3</ele>
      </trkpt>
      <trkpt lat="35.508058" lon="129.280805">
        <ele>14.3</ele>
      </trkpt>
      <trkpt lat="35.508082" lon="129.280759">
        <ele>14.3</ele>
      </trkpt>
      <trkpt lat="35.508107" lon="129.280713">
        <ele>14.3</ele>
      </trkpt>
      <trkpt lat="35.508132" lon="129.280667">
        <ele>14.3</ele>
      </trkpt>
      <trkpt lat="35.508156" lon="129.280620">
        <ele>14.3</ele>
      </trkpt>
      <trkpt lat="35.508181" lon="129.280574">
        <ele>14.3</ele>
      </trkpt>
      <trkpt lat="35.508204" lon="129.280527">
        <ele>14.3</ele>
      </trkpt>
      <trkpt lat="35.508224" lon="129.280477">
        <ele>14.3</ele>
      </trkpt>
      <trkpt lat="35.508244" lon="129.280428">
        <ele>14.4</ele>
      </trkpt>
      <trkpt lat="35.508264" lon="129.280378">
        <ele>14.4</ele>
      </trkpt>
      <trkpt lat="35.508284" lon="129.280329">
        <ele>14.5</ele>
      </trkpt>
      <trkpt lat="35.508304" lon="129.280279">
        <ele>14.5</ele>
      </trkpt>
      <trkpt lat="35.508321" lon="129.280228">
        <ele>14.6</ele>
      </trkpt>
      <trkpt lat="35.508337" lon="129.280177">
        <ele>14.7</ele>
      </trkpt>
      <trkpt lat="35.508354" lon="129.280126">
        <ele>14.8</ele>
      </trkpt>
      <trkpt lat="35.508371" lon="129.280074">
        <ele>14.9</ele>
      </trkpt>
      <trkpt lat="35.508388" lon="129.280023">
        <ele>14.9</ele>
      </trkpt>
      <trkpt lat="35.508404" lon="129.279972">
        <ele>15.0</ele>
      </trkpt>
      <trkpt lat="35.508418" lon="129.279919">
        <ele>15.1</ele>
      </trkpt>
      <trkpt lat="35.508433" lon="129.279867">
        <ele>15.1</ele>
      </trkpt>
      <trkpt lat="35.508448" lon="129.279815">
        <ele>15.2</ele>
      </trkpt>
      <trkpt lat="35.508463" lon="129.279763">
        <ele>15.2</ele>
      </trkpt>
      <trkpt lat="35.508478" lon="129.279711">
        <ele>15.3</ele>
      </trkpt>
      <trkpt lat="35.508492" lon="129.279659">
        <ele>15.3</ele>
      </trkpt>
      <trkpt lat="35.508507" lon="129.279606">
        <ele>15.4</ele>
      </trkpt>
      <trkpt lat="35.508522" lon="129.279554">
        <ele>15.4</ele>
      </trkpt>
      <trkpt lat="35.508537" lon="129.279502">
        <ele>15.5</ele>
      </trkpt>
      <trkpt lat="35.508552" lon="129.279450">
        <ele>15.5</ele>
      </trkpt>
      <trkpt lat="35.508567" lon="129.279398">
        <ele>15.6</ele>
      </trkpt>
      <trkpt lat="35.508581" lon="129.279346">
        <ele>15.6</ele>
      </trkpt>
      <trkpt lat="35.508596" lon="129.279294">
        <ele>15.7</ele>
      </trkpt>
      <trkpt lat="35.508611" lon="129.279241">
        <ele>15.7</ele>
      </trkpt>
      <trkpt lat="35.508626" lon="129.279189">
        <ele>15.8</ele>
      </trkpt>
      <trkpt lat="35.508641" lon="129.279137">
        <ele>15.8</ele>
      </trkpt>
      <trkpt lat="35.508656" lon="129.279085">
        <ele>15.8</ele>
      </trkpt>
      <trkpt lat="35.508670" lon="129.279033">
        <ele>15.9</ele>
      </trkpt>
      <trkpt lat="35.508685" lon="129.278981">
        <ele>15.9</ele>
      </trkpt>
      <trkpt lat="35.508700" lon="129.278929">
        <ele>16.0</ele>
      </trkpt>
      <trkpt lat="35.508714" lon="129.278876">
        <ele>16.2</ele>
      </trkpt>
      <trkpt lat="35.508729" lon="129.278824">
        <ele>16.4</ele>
      </trkpt>
      <trkpt lat="35.508743" lon="129.278771">
        <ele>16.6</ele>
      </trkpt>
      <trkpt lat="35.508757" lon="129.278719">
        <ele>16.8</ele>
      </trkpt>
      <trkpt lat="35.508772" lon="129.278667">
        <ele>17.0</ele>
      </trkpt>
      <trkpt lat="35.508786" lon="129.278614">
        <ele>17.2</ele>
      </trkpt>
      <trkpt lat="35.508800" lon="129.278562">
        <ele>17.4</ele>
      </trkpt>
      <trkpt lat="35.508815" lon="129.278510">
        <ele>17.7</ele>
      </trkpt>
      <trkpt lat="35.508829" lon="129.278457">
        <ele>17.9</ele>
      </trkpt>
      <trkpt lat="35.508843" lon="129.278405">
        <ele>18.1</ele>
      </trkpt>
      <trkpt lat="35.508858" lon="129.278353">
        <ele>18.3</ele>
      </trkpt>
      <trkpt lat="35.508872" lon="129.278300">
        <ele>18.5</ele>
      </trkpt>
      <trkpt lat="35.508886" lon="129.278248">
        <ele>18.7</ele>
      </trkpt>
      <trkpt lat="35.508901" lon="129.278196">
        <ele>18.9</ele>
      </trkpt>
      <trkpt lat="35.508917" lon="129.278144">
        <ele>19.0</ele>
      </trkpt>
      <trkpt lat="35.508932" lon="129.278092">
        <ele>19.1</ele>
      </trkpt>
      <trkpt lat="35.508947" lon="129.278040">
        <ele>19.2</ele>
      </trkpt>
      <trkpt lat="35.508963" lon="129.277988">
        <ele>19.3</ele>
      </trkpt>
      <trkpt lat="35.508978" lon="129.277936">
        <ele>19.4</ele>
      </trkpt>
      <trkpt lat="35.508993" lon="129.277884">
        <ele>19.5</ele>
      </trkpt>
      <trkpt lat="35.509009" lon="129.277832">
        <ele>19.6</ele>
      </trkpt>
      <trkpt lat="35.509024" lon="129.277780">
        <ele>19.7</ele>
      </trkpt>
      <trkpt lat="35.509041" lon="129.277729">
        <ele>19.8</ele>
      </trkpt>
      <trkpt lat="35.509059" lon="129.277679">
        <ele>19.7</ele>
      </trkpt>
      <trkpt lat="35.509077" lon="129.277628">
        <ele>19.6</ele>
      </trkpt>
      <trkpt lat="35.509095" lon="129.277577">
        <ele>19.6</ele>
      </trkpt>
      <trkpt lat="35.509113" lon="129.277527">
        <ele>19.5</ele>
      </trkpt>
      <trkpt lat="35.509132" lon="129.277477">
        <ele>19.7</ele>
      </trkpt>
      <trkpt lat="35.509153" lon="129.277428">
        <ele>19.9</ele>
      </trkpt>
      <trkpt lat="35.509173" lon="129.277379">
        <ele>20.1</ele>
      </trkpt>
      <trkpt lat="35.509194" lon="129.277330">
        <ele>20.3</ele>
      </trkpt>
      <trkpt lat="35.509214" lon="129.277280">
        <ele>20.5</ele>
      </trkpt>
      <trkpt lat="35.509235" lon="129.277231">
        <ele>20.8</ele>
      </trkpt>
      <trkpt lat="35.509257" lon="129.277183">
        <ele>20.9</ele>
      </trkpt>
      <trkpt lat="35.509280" lon="129.277136">
        <ele>21.1</ele>
      </trkpt>
      <trkpt lat="35.509303" lon="129.277088">
        <ele>21.3</ele>
      </trkpt>
      <trkpt lat="35.509326" lon="129.277040">
        <ele>21.4</ele>
      </trkpt>
      <trkpt lat="35.509349" lon="129.276993">
        <ele>21.6</ele>
      </trkpt>
      <trkpt lat="35.509371" lon="129.276945">
        <ele>21.7</ele>
      </trkpt>
      <trkpt lat="35.509395" lon="129.276899">
        <ele>21.8</ele>
      </trkpt>
      <trkpt lat="35.509420" lon="129.276853">
        <ele>21.8</ele>
      </trkpt>
      <trkpt lat="35.509445" lon="129.276807">
        <ele>21.7</ele>
      </trkpt>
      <trkpt lat="35.509470" lon="129.276761">
        <ele>21.7</ele>
      </trkpt>
      <trkpt lat="35.509495" lon="129.276715">
        <ele>21.7</ele>
      </trkpt>
      <trkpt lat="35.509521" lon="129.276669">
        <ele>21.6</ele>
      </trkpt>
      <trkpt lat="35.509546" lon="129.276623">
        <ele>21.6</ele>
      </trkpt>
      <trkpt lat="35.509571" lon="129.276577">
        <ele>21.6</ele>
      </trkpt>
      <trkpt lat="35.509596" lon="129.276531">
        <ele>21.5</ele>
      </trkpt>
      <trkpt lat="35.509621" lon="129.276486">
        <ele>21.5</ele>
      </trkpt>
      <trkpt lat="35.509619" lon="129.276446">
        <ele>21.5</ele>
      </trkpt>
      <trkpt lat="35.509648" lon="129.276435">
        <ele>21.5</ele>
      </trkpt>
      <trkpt lat="35.509673" lon="129.276389">
        <ele>21.5</ele>
      </trkpt>
      <trkpt lat="35.509698" lon="129.276343">
        <ele>21.5</ele>
      </trkpt>
      <trkpt lat="35.509722" lon="129.276296">
        <ele>21.3</ele>
      </trkpt>
      <trkpt lat="35.509746" lon="129.276249">
        <ele>21.1</ele>
      </trkpt>
      <trkpt lat="35.509769" lon="129.276202">
        <ele>20.8</ele>
      </trkpt>
      <trkpt lat="35.509793" lon="129.276155">
        <ele>20.6</ele>
      </trkpt>
      <trkpt lat="35.509816" lon="129.276108">
        <ele>20.3</ele>
      </trkpt>
      <trkpt lat="35.509840" lon="129.276061">
        <ele>20.1</ele>
      </trkpt>
      <trkpt lat="35.509863" lon="129.276013">
        <ele>19.8</ele>
      </trkpt>
      <trkpt lat="35.509885" lon="129.275965">
        <ele>19.4</ele>
      </trkpt>
      <trkpt lat="35.509907" lon="129.275917">
        <ele>19.0</ele>
      </trkpt>
      <trkpt lat="35.509930" lon="129.275869">
        <ele>18.6</ele>
      </trkpt>
      <trkpt lat="35.509952" lon="129.275821">
        <ele>18.2</ele>
      </trkpt>
      <trkpt lat="35.509974" lon="129.275773">
        <ele>17.8</ele>
      </trkpt>
      <trkpt lat="35.509992" lon="129.275723">
        <ele>17.8</ele>
      </trkpt>
      <trkpt lat="35.510011" lon="129.275672">
        <ele>17.8</ele>
      </trkpt>
      <trkpt lat="35.510029" lon="129.275622">
        <ele>17.8</ele>
      </trkpt>
      <trkpt lat="35.510047" lon="129.275572">
        <ele>17.8</ele>
      </trkpt>
      <trkpt lat="35.510066" lon="129.275521">
        <ele>17.9</ele>
      </trkpt>
      <trkpt lat="35.510085" lon="129.275471">
        <ele>18.0</ele>
      </trkpt>
      <trkpt lat="35.510104" lon="129.275421">
        <ele>18.1</ele>
      </trkpt>
      <trkpt lat="35.510123" lon="129.275371">
        <ele>18.3</ele>
      </trkpt>
      <trkpt lat="35.510143" lon="129.275322">
        <ele>18.4</ele>
      </trkpt>
      <trkpt lat="35.510162" lon="129.275272">
        <ele>18.5</ele>
      </trkpt>
      <trkpt lat="35.510182" lon="129.275222">
        <ele>18.5</ele>
      </trkpt>
      <trkpt lat="35.510201" lon="129.275172">
        <ele>18.5</ele>
      </trkpt>
      <trkpt lat="35.510220" lon="129.275122">
        <ele>18.5</ele>
      </trkpt>
      <trkpt lat="35.510239" lon="129.275072">
        <ele>18.5</ele>
      </trkpt>
      <trkpt lat="35.510259" lon="129.275022">
        <ele>18.8</ele>
      </trkpt>
      <trkpt lat="35.510278" lon="129.274973">
        <ele>19.1</ele>
      </trkpt>
      <trkpt lat="35.510298" lon="129.274923">
        <ele>19.4</ele>
      </trkpt>
      <trkpt lat="35.510317" lon="129.274873">
        <ele>19.7</ele>
      </trkpt>
      <trkpt lat="35.510337" lon="129.274823">
        <ele>20.0</ele>
      </trkpt>
      <trkpt lat="35.510356" lon="129.274773">
        <ele>20.4</ele>
      </trkpt>
      <trkpt lat="35.510375" lon="129.274723">
        <ele>20.7</ele>
      </trkpt>
      <trkpt lat="35.510395" lon="129.274674">
        <ele>21.0</ele>
      </trkpt>
      <trkpt lat="35.510416" lon="129.274625">
        <ele>21.1</ele>
      </trkpt>
      <trkpt lat="35.510437" lon="129.274576">
        <ele>21.2</ele>
      </trkpt>
      <trkpt lat="35.510458" lon="129.274527">
        <ele>21.2</ele>
      </trkpt>
      <trkpt lat="35.510479" lon="129.274479">
        <ele>21.3</ele>
      </trkpt>
      <trkpt lat="35.510501" lon="129.274430">
        <ele>21.4</ele>
      </trkpt>
      <trkpt lat="35.510522" lon="129.274381">
        <ele>21.5</ele>
      </trkpt>
      <trkpt lat="35.510543" lon="129.274332">
        <ele>21.5</ele>
      </trkpt>
      <trkpt lat="35.510564" lon="129.274284">
        <ele>21.6</ele>
      </trkpt>
      <trkpt lat="35.510585" lon="129.274235">
        <ele>21.7</ele>
      </trkpt>
      <trkpt lat="35.510606" lon="129.274186">
        <ele>21.8</ele>
      </trkpt>
      <trkpt lat="35.510628" lon="129.274137">
        <ele>21.8</ele>
      </trkpt>
      <trkpt lat="35.510649" lon="129.274089">
        <ele>21.9</ele>
      </trkpt>
      <trkpt lat="35.510670" lon="129.274040">
        <ele>22.0</ele>
      </trkpt>
      <trkpt lat="35.510690" lon="129.273990">
        <ele>21.8</ele>
      </trkpt>
      <trkpt lat="35.510710" lon="129.273941">
        <ele>21.7</ele>
      </trkpt>
      <trkpt lat="35.510729" lon="129.273891">
        <ele>21.5</ele>
      </trkpt>
      <trkpt lat="35.510749" lon="129.273842">
        <ele>21.3</ele>
      </trkpt>
      <trkpt lat="35.510769" lon="129.273792">
        <ele>21.1</ele>
      </trkpt>
      <trkpt lat="35.510789" lon="129.273742">
        <ele>21.0</ele>
      </trkpt>
      <trkpt lat="35.510809" lon="129.273693">
        <ele>20.8</ele>
      </trkpt>
      <trkpt lat="35.510828" lon="129.273643">
        <ele>20.6</ele>
      </trkpt>
      <trkpt lat="35.510851" lon="129.273596">
        <ele>20.5</ele>
      </trkpt>
      <trkpt lat="35.510880" lon="129.273554">
        <ele>20.6</ele>
      </trkpt>
      <trkpt lat="35.510909" lon="129.273511">
        <ele>20.7</ele>
      </trkpt>
      <trkpt lat="35.510938" lon="129.273469">
        <ele>20.8</ele>
      </trkpt>
      <trkpt lat="35.510970" lon="129.273430">
        <ele>20.8</ele>
      </trkpt>
      <trkpt lat="35.511003" lon="129.273393">
        <ele>20.8</ele>
      </trkpt>
      <trkpt lat="35.511039" lon="129.273361">
        <ele>20.8</ele>
      </trkpt>
      <trkpt lat="35.511078" lon="129.273333">
        <ele>20.8</ele>
      </trkpt>
      <trkpt lat="35.511117" lon="129.273306">
        <ele>20.8</ele>
      </trkpt>
      <trkpt lat="35.511158" lon="129.273283">
        <ele>20.8</ele>
      </trkpt>
      <trkpt lat="35.511199" lon="129.273260">
        <ele>20.8</ele>
      </trkpt>
      <trkpt lat="35.511241" lon="129.273241">
        <ele>20.6</ele>
      </trkpt>
      <trkpt lat="35.511284" lon="129.273224">
        <ele>20.4</ele>
      </trkpt>
      <trkpt lat="35.511327" lon="129.273207">
        <ele>20.2</ele>
      </trkpt>
      <trkpt lat="35.511369" lon="129.273190">
        <ele>20.0</ele>
      </trkpt>
      <trkpt lat="35.511413" lon="129.273176">
        <ele>19.7</ele>
      </trkpt>
      <trkpt lat="35.511457" lon="129.273163">
        <ele>19.4</ele>
      </trkpt>
      <trkpt lat="35.511500" lon="129.273149">
        <ele>19.1</ele>
      </trkpt>
      <trkpt lat="35.511544" lon="129.273136">
        <ele>18.7</ele>
      </trkpt>
      <trkpt lat="35.511588" lon="129.273123">
        <ele>18.4</ele>
      </trkpt>
      <trkpt lat="35.511632" lon="129.273113">
        <ele>18.2</ele>
      </trkpt>
      <trkpt lat="35.511676" lon="129.273105">
        <ele>18.1</ele>
      </trkpt>
      <trkpt lat="35.511721" lon="129.273096">
        <ele>17.9</ele>
      </trkpt>
      <trkpt lat="35.511765" lon="129.273088">
        <ele>17.8</ele>
      </trkpt>
      <trkpt lat="35.511809" lon="129.273079">
        <ele>17.6</ele>
      </trkpt>
      <trkpt lat="35.511854" lon="129.273070">
        <ele>17.5</ele>
      </trkpt>
      <trkpt lat="35.511899" lon="129.273066">
        <ele>17.5</ele>
      </trkpt>
      <trkpt lat="35.511944" lon="129.273063">
        <ele>17.5</ele>
      </trkpt>
      <trkpt lat="35.511988" lon="129.273059">
        <ele>17.5</ele>
      </trkpt>
      <trkpt lat="35.512033" lon="129.273055">
        <ele>17.5</ele>
      </trkpt>
      <trkpt lat="35.512078" lon="129.273052">
        <ele>17.5</ele>
      </trkpt>
      <trkpt lat="35.512123" lon="129.273048">
        <ele>17.5</ele>
      </trkpt>
      <trkpt lat="35.512168" lon="129.273044">
        <ele>17.5</ele>
      </trkpt>
      <trkpt lat="35.512213" lon="129.273041">
        <ele>17.5</ele>
      </trkpt>
      <trkpt lat="35.512258" lon="129.273037">
        <ele>17.5</ele>
      </trkpt>
      <trkpt lat="35.512303" lon="129.273033">
        <ele>17.5</ele>
      </trkpt>
      <trkpt lat="35.512347" lon="129.273031">
        <ele>17.5</ele>
      </trkpt>
      <trkpt lat="35.512392" lon="129.273031">
        <ele>17.5</ele>
      </trkpt>
      <trkpt lat="35.512437" lon="129.273030">
        <ele>17.5</ele>
      </trkpt>
      <trkpt lat="35.512482" lon="129.273030">
        <ele>17.5</ele>
      </trkpt>
      <trkpt lat="35.512527" lon="129.273036">
        <ele>17.8</ele>
      </trkpt>
      <trkpt lat="35.512572" lon="129.273042">
        <ele>18.1</ele>
      </trkpt>
      <trkpt lat="35.512616" lon="129.273048">
        <ele>18.4</ele>
      </trkpt>
      <trkpt lat="35.512661" lon="129.273053">
        <ele>18.7</ele>
      </trkpt>
      <trkpt lat="35.512705" lon="129.273063">
        <ele>19.1</ele>
      </trkpt>
      <trkpt lat="35.512750" lon="129.273074">
        <ele>19.5</ele>
      </trkpt>
      <trkpt lat="35.512794" lon="129.273085">
        <ele>19.9</ele>
      </trkpt>
      <trkpt lat="35.512838" lon="129.273096">
        <ele>20.3</ele>
      </trkpt>
      <trkpt lat="35.512882" lon="129.273104">
        <ele>20.8</ele>
      </trkpt>
      <trkpt lat="35.512927" lon="129.273111">
        <ele>21.2</ele>
      </trkpt>
      <trkpt lat="35.512972" lon="129.273110">
        <ele>21.6</ele>
      </trkpt>
      <trkpt lat="35.513016" lon="129.273106">
        <ele>21.9</ele>
      </trkpt>
      <trkpt lat="35.513060" lon="129.273094">
        <ele>22.2</ele>
      </trkpt>
      <trkpt lat="35.513103" lon="129.273077">
        <ele>22.4</ele>
      </trkpt>
      <trkpt lat="35.513145" lon="129.273058">
        <ele>22.5</ele>
      </trkpt>
      <trkpt lat="35.513185" lon="129.273033">
        <ele>22.5</ele>
      </trkpt>
      <trkpt lat="35.513225" lon="129.273007">
        <ele>22.5</ele>
      </trkpt>
      <trkpt lat="35.513260" lon="129.272972">
        <ele>22.4</ele>
      </trkpt>
      <trkpt lat="35.513293" lon="129.272935">
        <ele>22.3</ele>
      </trkpt>
      <trkpt lat="35.513323" lon="129.272894">
        <ele>22.1</ele>
      </trkpt>
      <trkpt lat="35.513353" lon="129.272853">
        <ele>21.8</ele>
      </trkpt>
      <trkpt lat="35.513384" lon="129.272812">
        <ele>21.5</ele>
      </trkpt>
      <trkpt lat="35.513414" lon="129.272772">
        <ele>21.2</ele>
      </trkpt>
      <trkpt lat="35.513444" lon="129.272731">
        <ele>20.9</ele>
      </trkpt>
      <trkpt lat="35.513475" lon="129.272690">
        <ele>20.6</ele>
      </trkpt>
      <trkpt lat="35.513505" lon="129.272650">
        <ele>20.3</ele>
      </trkpt>
      <trkpt lat="35.513536" lon="129.272609">
        <ele>20.0</ele>
      </trkpt>
      <trkpt lat="35.513566" lon="129.272568">
        <ele>19.7</ele>
      </trkpt>
      <trkpt lat="35.513597" lon="129.272528">
        <ele>19.4</ele>
      </trkpt>
      <trkpt lat="35.513627" lon="129.272487">
        <ele>19.1</ele>
      </trkpt>
      <trkpt lat="35.513660" lon="129.272450">
        <ele>19.0</ele>
      </trkpt>
      <trkpt lat="35.513695" lon="129.272415">
        <ele>19.1</ele>
      </trkpt>
      <trkpt lat="35.513730" lon="129.272380">
        <ele>19.2</ele>
      </trkpt>
      <trkpt lat="35.513765" lon="129.272345">
        <ele>19.2</ele>
      </trkpt>
      <trkpt lat="35.513801" lon="129.272314">
        <ele>19.4</ele>
      </trkpt>
      <trkpt lat="35.513842" lon="129.272292">
        <ele>19.5</ele>
      </trkpt>
      <trkpt lat="35.513887" lon="129.272286">
        <ele>19.5</ele>
      </trkpt>
      <trkpt lat="35.513931" lon="129.272283">
        <ele>19.5</ele>
      </trkpt>
      <trkpt lat="35.513976" lon="129.272290">
        <ele>19.7</ele>
      </trkpt>
      <trkpt lat="35.514020" lon="129.272297">
        <ele>19.8</ele>
      </trkpt>
      <trkpt lat="35.514065" lon="129.272305">
        <ele>20.0</ele>
      </trkpt>
      <trkpt lat="35.514110" lon="129.272312">
        <ele>20.1</ele>
      </trkpt>
      <trkpt lat="35.514154" lon="129.272319">
        <ele>20.3</ele>
      </trkpt>
      <trkpt lat="35.514199" lon="129.272327">
        <ele>20.4</ele>
      </trkpt>
      <trkpt lat="35.514243" lon="129.272338">
        <ele>20.5</ele>
      </trkpt>
      <trkpt lat="35.514286" lon="129.272352">
        <ele>20.5</ele>
      </trkpt>
      <trkpt lat="35.514329" lon="129.272366">
        <ele>20.4</ele>
      </trkpt>
      <trkpt lat="35.514373" lon="129.272381">
        <ele>20.4</ele>
      </trkpt>
      <trkpt lat="35.514416" lon="129.272395">
        <ele>20.4</ele>
      </trkpt>
      <trkpt lat="35.514460" lon="129.272410">
        <ele>20.4</ele>
      </trkpt>
      <trkpt lat="35.514503" lon="129.272424">
        <ele>20.3</ele>
      </trkpt>
      <trkpt lat="35.514546" lon="129.272439">
        <ele>20.3</ele>
      </trkpt>
      <trkpt lat="35.514590" lon="129.272453">
        <ele>20.3</ele>
      </trkpt>
      <trkpt lat="35.514634" lon="129.272465">
        <ele>20.3</ele>
      </trkpt>
      <trkpt lat="35.514677" lon="129.272478">
        <ele>20.3</ele>
      </trkpt>
      <trkpt lat="35.514721" lon="129.272490">
        <ele>20.3</ele>
      </trkpt>
      <trkpt lat="35.514766" lon="129.272483">
        <ele>20.2</ele>
      </trkpt>
      <trkpt lat="35.514811" lon="129.272477">
        <ele>20.1</ele>
      </trkpt>
      <trkpt lat="35.514855" lon="129.272471">
        <ele>20.0</ele>
      </trkpt>
      <trkpt lat="35.514899" lon="129.272458">
        <ele>19.9</ele>
      </trkpt>
      <trkpt lat="35.514943" lon="129.272445">
        <ele>19.8</ele>
      </trkpt>
      <trkpt lat="35.514984" lon="129.272424">
        <ele>19.7</ele>
      </trkpt>
      <trkpt lat="35.515023" lon="129.272398">
        <ele>19.7</ele>
      </trkpt>
      <trkpt lat="35.515063" lon="129.272371">
        <ele>19.6</ele>
      </trkpt>
      <trkpt lat="35.515102" lon="129.272345">
        <ele>19.5</ele>
      </trkpt>
      <trkpt lat="35.515142" lon="129.272319">
        <ele>19.4</ele>
      </trkpt>
      <trkpt lat="35.515182" lon="129.272292">
        <ele>19.3</ele>
      </trkpt>
      <trkpt lat="35.515221" lon="129.272266">
        <ele>19.2</ele>
      </trkpt>
      <trkpt lat="35.515261" lon="129.272240">
        <ele>19.1</ele>
      </trkpt>
      <trkpt lat="35.515300" lon="129.272213">
        <ele>19.1</ele>
      </trkpt>
      <trkpt lat="35.515340" lon="129.272187">
        <ele>19.0</ele>
      </trkpt>
      <trkpt lat="35.515379" lon="129.272161">
        <ele>18.9</ele>
      </trkpt>
      <trkpt lat="35.515419" lon="129.272134">
        <ele>18.8</ele>
      </trkpt>
      <trkpt lat="35.515458" lon="129.272108">
        <ele>18.7</ele>
      </trkpt>
      <trkpt lat="35.515498" lon="129.272082">
        <ele>18.6</ele>
      </trkpt>
      <trkpt lat="35.515537" lon="129.272055">
        <ele>18.5</ele>
      </trkpt>
      <trkpt lat="35.515577" lon="129.272029">
        <ele>18.5</ele>
      </trkpt>
      <trkpt lat="35.515617" lon="129.272004">
        <ele>18.6</ele>
      </trkpt>
      <trkpt lat="35.515657" lon="129.271979">
        <ele>18.6</ele>
      </trkpt>
      <trkpt lat="35.515697" lon="129.271954">
        <ele>18.7</ele>
      </trkpt>
      <trkpt lat="35.515737" lon="129.271929">
        <ele>18.7</ele>
      </trkpt>
      <trkpt lat="35.515777" lon="129.271904">
        <ele>18.8</ele>
      </trkpt>
      <trkpt lat="35.515817" lon="129.271879">
        <ele>18.9</ele>
      </trkpt>
      <trkpt lat="35.515858" lon="129.271854">
        <ele>18.9</ele>
      </trkpt>
      <trkpt lat="35.515898" lon="129.271829">
        <ele>19.0</ele>
      </trkpt>
      <trkpt lat="35.515938" lon="129.271804">
        <ele>19.0</ele>
      </trkpt>
      <trkpt lat="35.515978" lon="129.271779">
        <ele>19.1</ele>
      </trkpt>
      <trkpt lat="35.516018" lon="129.271754">
        <ele>19.1</ele>
      </trkpt>
      <trkpt lat="35.516058" lon="129.271729">
        <ele>19.2</ele>
      </trkpt>
      <trkpt lat="35.516098" lon="129.271704">
        <ele>19.2</ele>
      </trkpt>
      <trkpt lat="35.516138" lon="129.271679">
        <ele>19.3</ele>
      </trkpt>
      <trkpt lat="35.516178" lon="129.271654">
        <ele>19.4</ele>
      </trkpt>
      <trkpt lat="35.516218" lon="129.271629">
        <ele>19.4</ele>
      </trkpt>
      <trkpt lat="35.516258" lon="129.271604">
        <ele>19.5</ele>
      </trkpt>
      <trkpt lat="35.516299" lon="129.271579">
        <ele>19.5</ele>
      </trkpt>
      <trkpt lat="35.516339" lon="129.271556">
        <ele>19.7</ele>
      </trkpt>
      <trkpt lat="35.516380" lon="129.271532">
        <ele>19.8</ele>
      </trkpt>
      <trkpt lat="35.516421" lon="129.271509">
        <ele>19.9</ele>
      </trkpt>
      <trkpt lat="35.516461" lon="129.271485">
        <ele>20.0</ele>
      </trkpt>
      <trkpt lat="35.516505" lon="129.271475">
        <ele>20.0</ele>
      </trkpt>
      <trkpt lat="35.516550" lon="129.271468">
        <ele>20.0</ele>
      </trkpt>
      <trkpt lat="35.516594" lon="129.271461">
        <ele>20.0</ele>
      </trkpt>
      <trkpt lat="35.516638" lon="129.271446">
        <ele>20.1</ele>
      </trkpt>
      <trkpt lat="35.516680" lon="129.271429">
        <ele>20.2</ele>
      </trkpt>
      <trkpt lat="35.516723" lon="129.271413">
        <ele>20.3</ele>
      </trkpt>
      <trkpt lat="35.516766" lon="129.271394">
        <ele>20.3</ele>
      </trkpt>
      <trkpt lat="35.516808" lon="129.271374">
        <ele>20.3</ele>
      </trkpt>
      <trkpt lat="35.516850" lon="129.271355">
        <ele>20.3</ele>
      </trkpt>
      <trkpt lat="35.516890" lon="129.271330">
        <ele>20.3</ele>
      </trkpt>
      <trkpt lat="35.516929" lon="129.271303">
        <ele>20.3</ele>
      </trkpt>
      <trkpt lat="35.516966" lon="129.271272">
        <ele>20.2</ele>
      </trkpt>
      <trkpt lat="35.517004" lon="129.271241">
        <ele>20.2</ele>
      </trkpt>
      <trkpt lat="35.517041" lon="129.271210">
        <ele>20.1</ele>
      </trkpt>
      <trkpt lat="35.517078" lon="129.271180">
        <ele>20.0</ele>
      </trkpt>
      <trkpt lat="35.517113" lon="129.271144">
        <ele>20.0</ele>
      </trkpt>
      <trkpt lat="35.517145" lon="129.271106">
        <ele>19.9</ele>
      </trkpt>
      <trkpt lat="35.517178" lon="129.271068">
        <ele>19.9</ele>
      </trkpt>
      <trkpt lat="35.517211" lon="129.271031">
        <ele>19.8</ele>
      </trkpt>
      <trkpt lat="35.517242" lon="129.270991">
        <ele>19.8</ele>
      </trkpt>
      <trkpt lat="35.517272" lon="129.270950">
        <ele>19.8</ele>
      </trkpt>
      <trkpt lat="35.517302" lon="129.270909">
        <ele>19.9</ele>
      </trkpt>
      <trkpt lat="35.517333" lon="129.270868">
        <ele>19.9</ele>
      </trkpt>
      <trkpt lat="35.517363" lon="129.270827">
        <ele>19.9</ele>
      </trkpt>
      <trkpt lat="35.517393" lon="129.270787">
        <ele>19.9</ele>
      </trkpt>
      <trkpt lat="35.517424" lon="129.270746">
        <ele>20.0</ele>
      </trkpt>
      <trkpt lat="35.517454" lon="129.270705">
        <ele>20.0</ele>
      </trkpt>
      <trkpt lat="35.517485" lon="129.270664">
        <ele>20.0</ele>
      </trkpt>
      <trkpt lat="35.517516" lon="129.270625">
        <ele>20.1</ele>
      </trkpt>
      <trkpt lat="35.517548" lon="129.270586">
        <ele>20.3</ele>
      </trkpt>
      <trkpt lat="35.517579" lon="129.270546">
        <ele>20.4</ele>
      </trkpt>
      <trkpt lat="35.517611" lon="129.270507">
        <ele>20.5</ele>
      </trkpt>
      <trkpt lat="35.517642" lon="129.270467">
        <ele>20.6</ele>
      </trkpt>
      <trkpt lat="35.517674" lon="129.270428">
        <ele>20.8</ele>
      </trkpt>
      <trkpt lat="35.517708" lon="129.270392">
        <ele>20.8</ele>
      </trkpt>
      <trkpt lat="35.517743" lon="129.270357">
        <ele>20.9</ele>
      </trkpt>
      <trkpt lat="35.517778" lon="129.270322">
        <ele>20.9</ele>
      </trkpt>
      <trkpt lat="35.517812" lon="129.270288">
        <ele>20.9</ele>
      </trkpt>
      <trkpt lat="35.517847" lon="129.270253">
        <ele>21.0</ele>
      </trkpt>
      <trkpt lat="35.517882" lon="129.270217">
        <ele>21.0</ele>
      </trkpt>
      <trkpt lat="35.517916" lon="129.270181">
        <ele>21.1</ele>
      </trkpt>
      <trkpt lat="35.517950" lon="129.270146">
        <ele>21.1</ele>
      </trkpt>
      <trkpt lat="35.517984" lon="129.270110">
        <ele>21.2</ele>
      </trkpt>
      <trkpt lat="35.518019" lon="129.270074">
        <ele>21.2</ele>
      </trkpt>
      <trkpt lat="35.518053" lon="129.270038">
        <ele>21.2</ele>
      </trkpt>
      <trkpt lat="35.518087" lon="129.270002">
        <ele>21.3</ele>
      </trkpt>
      <trkpt lat="35.518121" lon="129.269966">
        <ele>21.3</ele>
      </trkpt>
      <trkpt lat="35.518155" lon="129.269930">
        <ele>21.4</ele>
      </trkpt>
      <trkpt lat="35.518189" lon="129.269894">
        <ele>21.4</ele>
      </trkpt>
      <trkpt lat="35.518223" lon="129.269858">
        <ele>21.5</ele>
      </trkpt>
      <trkpt lat="35.518258" lon="129.269823">
        <ele>21.5</ele>
      </trkpt>
      <trkpt lat="35.518294" lon="129.269790">
        <ele>21.6</ele>
      </trkpt>
      <trkpt lat="35.518331" lon="129.269757">
        <ele>21.6</ele>
      </trkpt>
      <trkpt lat="35.518367" lon="129.269725">
        <ele>21.7</ele>
      </trkpt>
      <trkpt lat="35.518403" lon="129.269692">
        <ele>21.7</ele>
      </trkpt>
      <trkpt lat="35.518439" lon="129.269659">
        <ele>21.8</ele>
      </trkpt>
      <trkpt lat="35.518475" lon="129.269626">
        <ele>21.9</ele>
      </trkpt>
      <trkpt lat="35.518512" lon="129.269594">
        <ele>21.9</ele>
      </trkpt>
      <trkpt lat="35.518548" lon="129.269561">
        <ele>22.0</ele>
      </trkpt>
      <trkpt lat="35.518587" lon="129.269534">
        <ele>21.9</ele>
      </trkpt>
      <trkpt lat="35.518627" lon="129.269510">
        <ele>21.9</ele>
      </trkpt>
      <trkpt lat="35.518668" lon="129.269486">
        <ele>21.8</ele>
      </trkpt>
      <trkpt lat="35.518708" lon="129.269462">
        <ele>21.7</ele>
      </trkpt>
      <trkpt lat="35.518749" lon="129.269438">
        <ele>21.6</ele>
      </trkpt>
      <trkpt lat="35.518789" lon="129.269414">
        <ele>21.5</ele>
      </trkpt>
      <trkpt lat="35.518830" lon="129.269390">
        <ele>21.4</ele>
      </trkpt>
      <trkpt lat="35.518870" lon="129.269366">
        <ele>21.3</ele>
      </trkpt>
      <trkpt lat="35.518912" lon="129.269344">
        <ele>21.2</ele>
      </trkpt>
      <trkpt lat="35.518954" lon="129.269324">
        <ele>21.1</ele>
      </trkpt>
      <trkpt lat="35.518995" lon="129.269304">
        <ele>21.0</ele>
      </trkpt>
      <trkpt lat="35.519037" lon="129.269283">
        <ele>20.8</ele>
      </trkpt>
      <trkpt lat="35.519079" lon="129.269263">
        <ele>20.7</ele>
      </trkpt>
      <trkpt lat="35.519121" lon="129.269242">
        <ele>20.6</ele>
      </trkpt>
      <trkpt lat="35.519162" lon="129.269222">
        <ele>20.5</ele>
      </trkpt>
      <trkpt lat="35.519204" lon="129.269201">
        <ele>20.4</ele>
      </trkpt>
      <trkpt lat="35.519246" lon="129.269181">
        <ele>20.2</ele>
      </trkpt>
      <trkpt lat="35.519288" lon="129.269161">
        <ele>20.1</ele>
      </trkpt>
      <trkpt lat="35.519330" lon="129.269140">
        <ele>20.0</ele>
      </trkpt>
      <trkpt lat="35.519372" lon="129.269123">
        <ele>20.1</ele>
      </trkpt>
      <trkpt lat="35.519415" lon="129.269105">
        <ele>20.2</ele>
      </trkpt>
      <trkpt lat="35.519458" lon="129.269088">
        <ele>20.2</ele>
      </trkpt>
      <trkpt lat="35.519500" lon="129.269070">
        <ele>20.3</ele>
      </trkpt>
      <trkpt lat="35.519543" lon="129.269053">
        <ele>20.4</ele>
      </trkpt>
      <trkpt lat="35.519586" lon="129.269035">
        <ele>20.5</ele>
      </trkpt>
      <trkpt lat="35.519628" lon="129.269018">
        <ele>20.5</ele>
      </trkpt>
      <trkpt lat="35.519671" lon="129.269001">
        <ele>20.6</ele>
      </trkpt>
      <trkpt lat="35.519714" lon="129.268983">
        <ele>20.7</ele>
      </trkpt>
      <trkpt lat="35.519756" lon="129.268966">
        <ele>20.8</ele>
      </trkpt>
      <trkpt lat="35.519798" lon="129.268945">
        <ele>20.8</ele>
      </trkpt>
      <trkpt lat="35.519839" lon="129.268923">
        <ele>20.8</ele>
      </trkpt>
      <trkpt lat="35.519880" lon="129.268901">
        <ele>20.9</ele>
      </trkpt>
      <trkpt lat="35.519922" lon="129.268879">
        <ele>20.9</ele>
      </trkpt>
      <trkpt lat="35.519963" lon="129.268857">
        <ele>20.9</ele>
      </trkpt>
      <trkpt lat="35.520004" lon="129.268835">
        <ele>20.9</ele>
      </trkpt>
      <trkpt lat="35.520045" lon="129.268813">
        <ele>20.9</ele>
      </trkpt>
      <trkpt lat="35.520087" lon="129.268791">
        <ele>20.9</ele>
      </trkpt>
      <trkpt lat="35.520128" lon="129.268769">
        <ele>21.0</ele>
      </trkpt>
      <trkpt lat="35.520169" lon="129.268747">
        <ele>21.0</ele>
      </trkpt>
      <trkpt lat="35.520210" lon="129.268725">
        <ele>21.0</ele>
      </trkpt>
      <trkpt lat="35.520252" lon="129.268705">
        <ele>21.1</ele>
      </trkpt>
      <trkpt lat="35.520294" lon="129.268685">
        <ele>21.1</ele>
      </trkpt>
      <trkpt lat="35.520336" lon="129.268666">
        <ele>21.2</ele>
      </trkpt>
      <trkpt lat="35.520378" lon="129.268646">
        <ele>21.2</ele>
      </trkpt>
      <trkpt lat="35.520420" lon="129.268626">
        <ele>21.3</ele>
      </trkpt>
      <trkpt lat="35.520462" lon="129.268606">
        <ele>21.3</ele>
      </trkpt>
      <trkpt lat="35.520504" lon="129.268586">
        <ele>21.4</ele>
      </trkpt>
      <trkpt lat="35.520546" lon="129.268567">
        <ele>21.5</ele>
      </trkpt>
      <trkpt lat="35.520588" lon="129.268547">
        <ele>21.5</ele>
      </trkpt>
      <trkpt lat="35.520630" lon="129.268527">
        <ele>21.6</ele>
      </trkpt>
      <trkpt lat="35.520672" lon="129.268507">
        <ele>21.6</ele>
      </trkpt>
      <trkpt lat="35.520714" lon="129.268487">
        <ele>21.7</ele>
      </trkpt>
      <trkpt lat="35.520756" lon="129.268468">
        <ele>21.7</ele>
      </trkpt>
      <trkpt lat="35.520798" lon="129.268448">
        <ele>21.8</ele>
      </trkpt>
      <trkpt lat="35.520829" lon="129.268408">
        <ele>21.9</ele>
      </trkpt>
      <trkpt lat="35.520859" lon="129.268367">
        <ele>21.9</ele>
      </trkpt>
      <trkpt lat="35.520889" lon="129.268326">
        <ele>22.0</ele>
      </trkpt>
      <trkpt lat="35.520918" lon="129.268284">
        <ele>22.0</ele>
      </trkpt>
      <trkpt lat="35.520948" lon="129.268243">
        <ele>22.1</ele>
      </trkpt>
      <trkpt lat="35.520978" lon="129.268202">
        <ele>22.1</ele>
      </trkpt>
      <trkpt lat="35.521008" lon="129.268160">
        <ele>22.2</ele>
      </trkpt>
      <trkpt lat="35.521038" lon="129.268119">
        <ele>22.2</ele>
      </trkpt>
      <trkpt lat="35.521067" lon="129.268077">
        <ele>22.3</ele>
      </trkpt>
      <trkpt lat="35.521092" lon="129.268031">
        <ele>22.5</ele>
      </trkpt>
      <trkpt lat="35.521115" lon="129.267984">
        <ele>22.8</ele>
      </trkpt>
      <trkpt lat="35.521138" lon="129.267937">
        <ele>23.1</ele>
      </trkpt>
      <trkpt lat="35.521162" lon="129.267889">
        <ele>23.4</ele>
      </trkpt>
      <trkpt lat="35.521182" lon="129.267848">
        <ele>22.3</ele>
      </trkpt>
      <trkpt lat="35.521206" lon="129.267801">
        <ele>22.4</ele>
      </trkpt>
      <trkpt lat="35.521229" lon="129.267753">
        <ele>22.4</ele>
      </trkpt>
      <trkpt lat="35.521252" lon="129.267706">
        <ele>22.5</ele>
      </trkpt>
      <trkpt lat="35.521276" lon="129.267659">
        <ele>22.5</ele>
      </trkpt>
      <trkpt lat="35.521299" lon="129.267612">
        <ele>22.6</ele>
      </trkpt>
      <trkpt lat="35.521323" lon="129.267565">
        <ele>22.6</ele>
      </trkpt>
      <trkpt lat="35.521346" lon="129.267518">
        <ele>22.7</ele>
      </trkpt>
      <trkpt lat="35.521370" lon="129.267471">
        <ele>22.7</ele>
      </trkpt>
      <trkpt lat="35.521393" lon="129.267423">
        <ele>22.8</ele>
      </trkpt>
      <trkpt lat="35.521417" lon="129.267376">
        <ele>22.8</ele>
      </trkpt>
      <trkpt lat="35.521440" lon="129.267329">
        <ele>22.9</ele>
      </trkpt>
      <trkpt lat="35.521464" lon="129.267282">
        <ele>22.9</ele>
      </trkpt>
      <trkpt lat="35.521487" lon="129.267235">
        <ele>23.0</ele>
      </trkpt>
      <trkpt lat="35.521510" lon="129.267188">
        <ele>23.0</ele>
      </trkpt>
      <trkpt lat="35.521534" lon="129.267141">
        <ele>23.1</ele>
      </trkpt>
      <trkpt lat="35.521557" lon="129.267093">
        <ele>23.1</ele>
      </trkpt>
      <trkpt lat="35.521581" lon="129.267046">
        <ele>23.1</ele>
      </trkpt>
      <trkpt lat="35.521604" lon="129.266999">
        <ele>23.2</ele>
      </trkpt>
      <trkpt lat="35.521628" lon="129.266952">
        <ele>23.2</ele>
      </trkpt>
      <trkpt lat="35.521651" lon="129.266905">
        <ele>23.3</ele>
      </trkpt>
      <trkpt lat="35.521675" lon="129.266858">
        <ele>23.3</ele>
      </trkpt>
      <trkpt lat="35.521698" lon="129.266811">
        <ele>23.4</ele>
      </trkpt>
      <trkpt lat="35.521721" lon="129.266763">
        <ele>23.4</ele>
      </trkpt>
      <trkpt lat="35.521745" lon="129.266716">
        <ele>23.5</ele>
      </trkpt>
      <trkpt lat="35.521768" lon="129.266669">
        <ele>23.5</ele>
      </trkpt>
      <trkpt lat="35.521790" lon="129.266621">
        <ele>23.5</ele>
      </trkpt>
      <trkpt lat="35.521813" lon="129.266573">
        <ele>23.5</ele>
      </trkpt>
      <trkpt lat="35.521835" lon="129.266525">
        <ele>23.6</ele>
      </trkpt>
      <trkpt lat="35.521858" lon="129.266478">
        <ele>23.6</ele>
      </trkpt>
      <trkpt lat="35.521881" lon="129.266430">
        <ele>23.6</ele>
      </trkpt>
      <trkpt lat="35.521903" lon="129.266382">
        <ele>23.6</ele>
      </trkpt>
      <trkpt lat="35.521926" lon="129.266334">
        <ele>23.6</ele>
      </trkpt>
      <trkpt lat="35.521948" lon="129.266287">
        <ele>23.6</ele>
      </trkpt>
      <trkpt lat="35.521971" lon="129.266239">
        <ele>23.7</ele>
      </trkpt>
      <trkpt lat="35.521994" lon="129.266191">
        <ele>23.7</ele>
      </trkpt>
      <trkpt lat="35.522016" lon="129.266143">
        <ele>23.7</ele>
      </trkpt>
      <trkpt lat="35.522039" lon="129.266095">
        <ele>23.7</ele>
      </trkpt>
      <trkpt lat="35.522061" lon="129.266048">
        <ele>23.7</ele>
      </trkpt>
      <trkpt lat="35.522084" lon="129.266000">
        <ele>23.7</ele>
      </trkpt>
      <trkpt lat="35.522107" lon="129.265952">
        <ele>23.8</ele>
      </trkpt>
      <trkpt lat="35.522129" lon="129.265904">
        <ele>23.8</ele>
      </trkpt>
      <trkpt lat="35.522152" lon="129.265857">
        <ele>23.8</ele>
      </trkpt>
      <trkpt lat="35.522168" lon="129.265805">
        <ele>23.8</ele>
      </trkpt>
      <trkpt lat="35.522183" lon="129.265753">
        <ele>23.8</ele>
      </trkpt>
      <trkpt lat="35.522198" lon="129.265701">
        <ele>23.9</ele>
      </trkpt>
      <trkpt lat="35.522213" lon="129.265649">
        <ele>23.9</ele>
      </trkpt>
      <trkpt lat="35.522228" lon="129.265597">
        <ele>23.9</ele>
      </trkpt>
      <trkpt lat="35.522243" lon="129.265545">
        <ele>23.9</ele>
      </trkpt>
      <trkpt lat="35.522258" lon="129.265493">
        <ele>23.9</ele>
      </trkpt>
      <trkpt lat="35.522273" lon="129.265441">
        <ele>24.0</ele>
      </trkpt>
      <trkpt lat="35.522288" lon="129.265389">
        <ele>24.0</ele>
      </trkpt>
      <trkpt lat="35.522303" lon="129.265336">
        <ele>24.0</ele>
      </trkpt>
      <trkpt lat="35.522290" lon="129.265290">
        <ele>24.4</ele>
      </trkpt>
      <trkpt lat="35.522261" lon="129.265268">
        <ele>24.8</ele>
      </trkpt>
      <trkpt lat="35.522232" lon="129.265294">
        <ele>24.8</ele>
      </trkpt>
      <trkpt lat="35.522268" lon="129.265261">
        <ele>24.3</ele>
      </trkpt>
      <trkpt lat="35.522246" lon="129.265218">
        <ele>24.5</ele>
      </trkpt>
      <trkpt lat="35.522219" lon="129.265174">
        <ele>24.7</ele>
      </trkpt>
      <trkpt lat="35.522197" lon="129.265125">
        <ele>25.0</ele>
      </trkpt>
      <trkpt lat="35.522179" lon="129.265075">
        <ele>25.3</ele>
      </trkpt>
      <trkpt lat="35.522161" lon="129.265025">
        <ele>25.6</ele>
      </trkpt>
      <trkpt lat="35.522142" lon="129.264974">
        <ele>25.9</ele>
      </trkpt>
      <trkpt lat="35.522124" lon="129.264924">
        <ele>26.2</ele>
      </trkpt>
      <trkpt lat="35.522106" lon="129.264873">
        <ele>26.5</ele>
      </trkpt>
      <trkpt lat="35.522087" lon="129.264823">
        <ele>26.8</ele>
      </trkpt>
      <trkpt lat="35.522069" lon="129.264772">
        <ele>27.1</ele>
      </trkpt>
      <trkpt lat="35.522051" lon="129.264722">
        <ele>27.3</ele>
      </trkpt>
      <trkpt lat="35.522032" lon="129.264671">
        <ele>27.6</ele>
      </trkpt>
      <trkpt lat="35.522014" lon="129.264621">
        <ele>27.9</ele>
      </trkpt>
      <trkpt lat="35.521998" lon="129.264569">
        <ele>28.3</ele>
      </trkpt>
      <trkpt lat="35.521983" lon="129.264517">
        <ele>28.7</ele>
      </trkpt>
      <trkpt lat="35.521969" lon="129.264465">
        <ele>29.0</ele>
      </trkpt>
      <trkpt lat="35.521954" lon="129.264413">
        <ele>29.4</ele>
      </trkpt>
      <trkpt lat="35.521936" lon="129.264362">
        <ele>29.8</ele>
      </trkpt>
      <trkpt lat="35.521917" lon="129.264312">
        <ele>30.1</ele>
      </trkpt>
      <trkpt lat="35.521898" lon="129.264262">
        <ele>30.5</ele>
      </trkpt>
      <trkpt lat="35.521879" lon="129.264212">
        <ele>30.8</ele>
      </trkpt>
      <trkpt lat="35.521860" lon="129.264162">
        <ele>31.1</ele>
      </trkpt>
      <trkpt lat="35.521841" lon="129.264112">
        <ele>31.5</ele>
      </trkpt>
      <trkpt lat="35.521829" lon="129.264059">
        <ele>31.5</ele>
      </trkpt>
      <trkpt lat="35.521818" lon="129.264005">
        <ele>31.4</ele>
      </trkpt>
      <trkpt lat="35.521807" lon="129.263951">
        <ele>31.4</ele>
      </trkpt>
      <trkpt lat="35.521796" lon="129.263898">
        <ele>31.3</ele>
      </trkpt>
      <trkpt lat="35.521790" lon="129.263844">
        <ele>31.2</ele>
      </trkpt>
      <trkpt lat="35.521790" lon="129.263788">
        <ele>30.9</ele>
      </trkpt>
      <trkpt lat="35.521790" lon="129.263733">
        <ele>30.6</ele>
      </trkpt>
      <trkpt lat="35.521795" lon="129.263678">
        <ele>30.4</ele>
      </trkpt>
      <trkpt lat="35.521811" lon="129.263627">
        <ele>30.1</ele>
      </trkpt>
      <trkpt lat="35.521834" lon="129.263580">
        <ele>29.8</ele>
      </trkpt>
      <trkpt lat="35.521856" lon="129.263532">
        <ele>29.5</ele>
      </trkpt>
      <trkpt lat="35.521879" lon="129.263485">
        <ele>29.1</ele>
      </trkpt>
      <trkpt lat="35.521902" lon="129.263437">
        <ele>28.8</ele>
      </trkpt>
      <trkpt lat="35.521928" lon="129.263393">
        <ele>28.4</ele>
      </trkpt>
      <trkpt lat="35.521964" lon="129.263360">
        <ele>28.2</ele>
      </trkpt>
      <trkpt lat="35.522001" lon="129.263328">
        <ele>27.9</ele>
      </trkpt>
      <trkpt lat="35.522040" lon="129.263300">
        <ele>27.7</ele>
      </trkpt>
      <trkpt lat="35.522079" lon="129.263274">
        <ele>27.5</ele>
      </trkpt>
      <trkpt lat="35.522119" lon="129.263248">
        <ele>27.3</ele>
      </trkpt>
      <trkpt lat="35.522160" lon="129.263225">
        <ele>27.2</ele>
      </trkpt>
      <trkpt lat="35.522202" lon="129.263205">
        <ele>27.1</ele>
      </trkpt>
      <trkpt lat="35.522243" lon="129.263185">
        <ele>26.9</ele>
      </trkpt>
      <trkpt lat="35.522285" lon="129.263164">
        <ele>26.8</ele>
      </trkpt>
      <trkpt lat="35.522327" lon="129.263144">
        <ele>26.6</ele>
      </trkpt>
      <trkpt lat="35.522369" lon="129.263123">
        <ele>26.5</ele>
      </trkpt>
      <trkpt lat="35.522410" lon="129.263103">
        <ele>26.4</ele>
      </trkpt>
      <trkpt lat="35.522452" lon="129.263082">
        <ele>26.2</ele>
      </trkpt>
      <trkpt lat="35.522494" lon="129.263062">
        <ele>26.1</ele>
      </trkpt>
      <trkpt lat="35.522536" lon="129.263042">
        <ele>25.9</ele>
      </trkpt>
      <trkpt lat="35.522578" lon="129.263021">
        <ele>25.8</ele>
      </trkpt>
      <trkpt lat="35.522612" lon="129.262986">
        <ele>25.9</ele>
      </trkpt>
      <trkpt lat="35.522646" lon="129.262950">
        <ele>26.0</ele>
      </trkpt>
      <trkpt lat="35.522681" lon="129.262914">
        <ele>26.2</ele>
      </trkpt>
      <trkpt lat="35.522715" lon="129.262878">
        <ele>26.3</ele>
      </trkpt>
      <trkpt lat="35.522749" lon="129.262843">
        <ele>26.4</ele>
      </trkpt>
      <trkpt lat="35.522783" lon="129.262806">
        <ele>26.5</ele>
      </trkpt>
      <trkpt lat="35.522812" lon="129.262764">
        <ele>26.5</ele>
      </trkpt>
      <trkpt lat="35.522842" lon="129.262723">
        <ele>26.6</ele>
      </trkpt>
      <trkpt lat="35.522871" lon="129.262681">
        <ele>26.6</ele>
      </trkpt>
      <trkpt lat="35.522900" lon="129.262639">
        <ele>26.7</ele>
      </trkpt>
      <trkpt lat="35.522930" lon="129.262597">
        <ele>26.7</ele>
      </trkpt>
      <trkpt lat="35.522959" lon="129.262555">
        <ele>26.8</ele>
      </trkpt>
      <trkpt lat="35.522989" lon="129.262514">
        <ele>26.8</ele>
      </trkpt>
      <trkpt lat="35.523018" lon="129.262472">
        <ele>26.9</ele>
      </trkpt>
      <trkpt lat="35.523048" lon="129.262430">
        <ele>26.9</ele>
      </trkpt>
      <trkpt lat="35.523077" lon="129.262388">
        <ele>27.0</ele>
      </trkpt>
      <trkpt lat="35.523107" lon="129.262347">
        <ele>27.0</ele>
      </trkpt>
      <trkpt lat="35.523144" lon="129.262317">
        <ele>27.1</ele>
      </trkpt>
      <trkpt lat="35.523182" lon="129.262286">
        <ele>27.2</ele>
      </trkpt>
      <trkpt lat="35.523219" lon="129.262255">
        <ele>27.2</ele>
      </trkpt>
      <trkpt lat="35.523255" lon="129.262222">
        <ele>27.3</ele>
      </trkpt>
      <trkpt lat="35.523290" lon="129.262187">
        <ele>27.4</ele>
      </trkpt>
      <trkpt lat="35.523324" lon="129.262151">
        <ele>27.6</ele>
      </trkpt>
      <trkpt lat="35.523358" lon="129.262116">
        <ele>27.7</ele>
      </trkpt>
      <trkpt lat="35.523393" lon="129.262080">
        <ele>27.8</ele>
      </trkpt>
      <trkpt lat="35.523427" lon="129.262044">
        <ele>27.9</ele>
      </trkpt>
      <trkpt lat="35.523461" lon="129.262009">
        <ele>28.0</ele>
      </trkpt>
      <trkpt lat="35.523496" lon="129.261974">
        <ele>28.1</ele>
      </trkpt>
      <trkpt lat="35.523531" lon="129.261939">
        <ele>28.1</ele>
      </trkpt>
      <trkpt lat="35.523566" lon="129.261904">
        <ele>28.2</ele>
      </trkpt>
      <trkpt lat="35.523601" lon="129.261869">
        <ele>28.2</ele>
      </trkpt>
      <trkpt lat="35.523636" lon="129.261834">
        <ele>28.3</ele>
      </trkpt>
      <trkpt lat="35.523666" lon="129.261805">
        <ele>28.1</ele>
      </trkpt>
      <trkpt lat="35.523701" lon="129.261770">
        <ele>28.3</ele>
      </trkpt>
      <trkpt lat="35.523734" lon="129.261733">
        <ele>28.2</ele>
      </trkpt>
      <trkpt lat="35.523767" lon="129.261696">
        <ele>28.1</ele>
      </trkpt>
      <trkpt lat="35.523800" lon="129.261658">
        <ele>28.1</ele>
      </trkpt>
      <trkpt lat="35.523833" lon="129.261621">
        <ele>28.0</ele>
      </trkpt>
      <trkpt lat="35.523866" lon="129.261583">
        <ele>27.9</ele>
      </trkpt>
      <trkpt lat="35.523899" lon="129.261546">
        <ele>27.9</ele>
      </trkpt>
      <trkpt lat="35.523932" lon="129.261508">
        <ele>27.8</ele>
      </trkpt>
      <trkpt lat="35.523965" lon="129.261471">
        <ele>27.7</ele>
      </trkpt>
      <trkpt lat="35.523998" lon="129.261433">
        <ele>27.7</ele>
      </trkpt>
      <trkpt lat="35.524031" lon="129.261396">
        <ele>27.6</ele>
      </trkpt>
      <trkpt lat="35.524064" lon="129.261358">
        <ele>27.5</ele>
      </trkpt>
      <trkpt lat="35.524098" lon="129.261322">
        <ele>27.6</ele>
      </trkpt>
      <trkpt lat="35.524134" lon="129.261288">
        <ele>27.7</ele>
      </trkpt>
      <trkpt lat="35.524169" lon="129.261254">
        <ele>27.8</ele>
      </trkpt>
      <trkpt lat="35.524204" lon="129.261220">
        <ele>27.9</ele>
      </trkpt>
      <trkpt lat="35.524240" lon="129.261186">
        <ele>28.0</ele>
      </trkpt>
      <trkpt lat="35.524275" lon="129.261152">
        <ele>28.1</ele>
      </trkpt>
      <trkpt lat="35.524311" lon="129.261118">
        <ele>28.2</ele>
      </trkpt>
      <trkpt lat="35.524347" lon="129.261085">
        <ele>28.3</ele>
      </trkpt>
      <trkpt lat="35.524385" lon="129.261056">
        <ele>28.4</ele>
      </trkpt>
      <trkpt lat="35.524423" lon="129.261027">
        <ele>28.5</ele>
      </trkpt>
      <trkpt lat="35.524462" lon="129.260999">
        <ele>28.6</ele>
      </trkpt>
      <trkpt lat="35.524500" lon="129.260970">
        <ele>28.6</ele>
      </trkpt>
      <trkpt lat="35.524539" lon="129.260941">
        <ele>28.7</ele>
      </trkpt>
      <trkpt lat="35.524577" lon="129.260912">
        <ele>28.8</ele>
      </trkpt>
      <trkpt lat="35.524614" lon="129.260880">
        <ele>28.8</ele>
      </trkpt>
      <trkpt lat="35.524650" lon="129.260848">
        <ele>28.9</ele>
      </trkpt>
      <trkpt lat="35.524687" lon="129.260816">
        <ele>28.9</ele>
      </trkpt>
      <trkpt lat="35.524723" lon="129.260784">
        <ele>28.9</ele>
      </trkpt>
      <trkpt lat="35.524760" lon="129.260752">
        <ele>28.9</ele>
      </trkpt>
      <trkpt lat="35.524796" lon="129.260720">
        <ele>29.0</ele>
      </trkpt>
      <trkpt lat="35.524833" lon="129.260689">
        <ele>29.0</ele>
      </trkpt>
      <trkpt lat="35.524876" lon="129.260671">
        <ele>29.0</ele>
      </trkpt>
      <trkpt lat="35.524919" lon="129.260653">
        <ele>29.0</ele>
      </trkpt>
      <trkpt lat="35.524962" lon="129.260637">
        <ele>29.0</ele>
      </trkpt>
      <trkpt lat="35.525005" lon="129.260624">
        <ele>29.2</ele>
      </trkpt>
      <trkpt lat="35.525049" lon="129.260611">
        <ele>29.3</ele>
      </trkpt>
      <trkpt lat="35.525093" lon="129.260598">
        <ele>29.5</ele>
      </trkpt>
      <trkpt lat="35.525136" lon="129.260585">
        <ele>29.7</ele>
      </trkpt>
      <trkpt lat="35.525180" lon="129.260572">
        <ele>29.8</ele>
      </trkpt>
      <trkpt lat="35.525224" lon="129.260559">
        <ele>30.0</ele>
      </trkpt>
      <trkpt lat="35.525267" lon="129.260546">
        <ele>30.1</ele>
      </trkpt>
      <trkpt lat="35.525311" lon="129.260533">
        <ele>30.3</ele>
      </trkpt>
      <trkpt lat="35.525355" lon="129.260520">
        <ele>30.4</ele>
      </trkpt>
      <trkpt lat="35.525399" lon="129.260507">
        <ele>30.5</ele>
      </trkpt>
      <trkpt lat="35.525443" lon="129.260495">
        <ele>30.5</ele>
      </trkpt>
      <trkpt lat="35.525486" lon="129.260482">
        <ele>30.6</ele>
      </trkpt>
      <trkpt lat="35.525530" lon="129.260470">
        <ele>30.7</ele>
      </trkpt>
      <trkpt lat="35.525574" lon="129.260457">
        <ele>30.8</ele>
      </trkpt>
      <trkpt lat="35.525618" lon="129.260445">
        <ele>30.9</ele>
      </trkpt>
      <trkpt lat="35.525662" lon="129.260432">
        <ele>31.0</ele>
      </trkpt>
      <trkpt lat="35.525706" lon="129.260421">
        <ele>31.0</ele>
      </trkpt>
      <trkpt lat="35.525750" lon="129.260409">
        <ele>31.1</ele>
      </trkpt>
      <trkpt lat="35.525794" lon="129.260398">
        <ele>31.1</ele>
      </trkpt>
      <trkpt lat="35.525838" lon="129.260387">
        <ele>31.2</ele>
      </trkpt>
      <trkpt lat="35.525882" lon="129.260375">
        <ele>31.2</ele>
      </trkpt>
      <trkpt lat="35.525926" lon="129.260364">
        <ele>31.2</ele>
      </trkpt>
      <trkpt lat="35.525970" lon="129.260353">
        <ele>31.3</ele>
      </trkpt>
      <trkpt lat="35.526014" lon="129.260345">
        <ele>31.4</ele>
      </trkpt>
      <trkpt lat="35.526059" lon="129.260339">
        <ele>31.6</ele>
      </trkpt>
      <trkpt lat="35.526103" lon="129.260334">
        <ele>31.7</ele>
      </trkpt>
      <trkpt lat="35.526148" lon="129.260332">
        <ele>31.9</ele>
      </trkpt>
      <trkpt lat="35.526193" lon="129.260336">
        <ele>32.1</ele>
      </trkpt>
      <trkpt lat="35.526238" lon="129.260340">
        <ele>32.3</ele>
      </trkpt>
      <trkpt lat="35.526283" lon="129.260345">
        <ele>32.5</ele>
      </trkpt>
      <trkpt lat="35.526328" lon="129.260349">
        <ele>32.7</ele>
      </trkpt>
      <trkpt lat="35.526372" lon="129.260346">
        <ele>32.9</ele>
      </trkpt>
      <trkpt lat="35.526417" lon="129.260340">
        <ele>33.0</ele>
      </trkpt>
      <trkpt lat="35.526462" lon="129.260334">
        <ele>33.1</ele>
      </trkpt>
      <trkpt lat="35.526506" lon="129.260328">
        <ele>33.2</ele>
      </trkpt>
      <trkpt lat="35.526551" lon="129.260322">
        <ele>33.3</ele>
      </trkpt>
      <trkpt lat="35.526596" lon="129.260317">
        <ele>33.4</ele>
      </trkpt>
      <trkpt lat="35.526641" lon="129.260311">
        <ele>33.5</ele>
      </trkpt>
      <trkpt lat="35.526685" lon="129.260305">
        <ele>33.6</ele>
      </trkpt>
      <trkpt lat="35.526730" lon="129.260299">
        <ele>33.7</ele>
      </trkpt>
      <trkpt lat="35.526775" lon="129.260293">
        <ele>33.9</ele>
      </trkpt>
      <trkpt lat="35.526815" lon="129.260274">
        <ele>33.9</ele>
      </trkpt>
      <trkpt lat="35.526849" lon="129.260238">
        <ele>33.7</ele>
      </trkpt>
      <trkpt lat="35.526883" lon="129.260202">
        <ele>33.5</ele>
      </trkpt>
      <trkpt lat="35.526917" lon="129.260166">
        <ele>33.3</ele>
      </trkpt>
      <trkpt lat="35.526951" lon="129.260130">
        <ele>33.2</ele>
      </trkpt>
      <trkpt lat="35.526985" lon="129.260094">
        <ele>33.0</ele>
      </trkpt>
      <trkpt lat="35.527017" lon="129.260055">
        <ele>33.0</ele>
      </trkpt>
      <trkpt lat="35.527049" lon="129.260016">
        <ele>32.9</ele>
      </trkpt>
      <trkpt lat="35.527081" lon="129.259977">
        <ele>32.9</ele>
      </trkpt>
      <trkpt lat="35.527113" lon="129.259938">
        <ele>32.9</ele>
      </trkpt>
      <trkpt lat="35.527144" lon="129.259899">
        <ele>32.8</ele>
      </trkpt>
      <trkpt lat="35.527176" lon="129.259860">
        <ele>32.8</ele>
      </trkpt>
      <trkpt lat="35.527208" lon="129.259821">
        <ele>32.7</ele>
      </trkpt>
      <trkpt lat="35.527240" lon="129.259782">
        <ele>32.7</ele>
      </trkpt>
      <trkpt lat="35.527272" lon="129.259743">
        <ele>32.7</ele>
      </trkpt>
      <trkpt lat="35.527304" lon="129.259704">
        <ele>32.6</ele>
      </trkpt>
      <trkpt lat="35.527336" lon="129.259665">
        <ele>32.6</ele>
      </trkpt>
      <trkpt lat="35.527368" lon="129.259626">
        <ele>32.6</ele>
      </trkpt>
      <trkpt lat="35.527399" lon="129.259587">
        <ele>32.5</ele>
      </trkpt>
      <trkpt lat="35.527432" lon="129.259549">
        <ele>32.5</ele>
      </trkpt>
      <trkpt lat="35.527474" lon="129.259530">
        <ele>32.7</ele>
      </trkpt>
      <trkpt lat="35.527516" lon="129.259511">
        <ele>32.8</ele>
      </trkpt>
      <trkpt lat="35.527558" lon="129.259492">
        <ele>33.0</ele>
      </trkpt>
      <trkpt lat="35.527600" lon="129.259473">
        <ele>33.1</ele>
      </trkpt>
      <trkpt lat="35.527643" lon="129.259453">
        <ele>33.3</ele>
      </trkpt>
      <trkpt lat="35.527687" lon="129.259447">
        <ele>33.4</ele>
      </trkpt>
      <trkpt lat="35.527732" lon="129.259444">
        <ele>33.6</ele>
      </trkpt>
      <trkpt lat="35.527777" lon="129.259441">
        <ele>33.8</ele>
      </trkpt>
      <trkpt lat="35.527822" lon="129.259438">
        <ele>34.0</ele>
      </trkpt>
      <trkpt lat="35.527867" lon="129.259435">
        <ele>34.2</ele>
      </trkpt>
      <trkpt lat="35.527912" lon="129.259431">
        <ele>34.3</ele>
      </trkpt>
      <trkpt lat="35.527956" lon="129.259428">
        <ele>34.5</ele>
      </trkpt>
      <trkpt lat="35.528001" lon="129.259425">
        <ele>34.7</ele>
      </trkpt>
      <trkpt lat="35.528046" lon="129.259422">
        <ele>34.9</ele>
      </trkpt>
      <trkpt lat="35.528091" lon="129.259418">
        <ele>35.0</ele>
      </trkpt>
      <trkpt lat="35.528136" lon="129.259415">
        <ele>35.2</ele>
      </trkpt>
      <trkpt lat="35.528181" lon="129.259412">
        <ele>35.4</ele>
      </trkpt>
      <trkpt lat="35.528225" lon="129.259404">
        <ele>35.6</ele>
      </trkpt>
      <trkpt lat="35.528268" lon="129.259387">
        <ele>35.8</ele>
      </trkpt>
      <trkpt lat="35.528310" lon="129.259367">
        <ele>36.0</ele>
      </trkpt>
      <trkpt lat="35.528352" lon="129.259348">
        <ele>36.2</ele>
      </trkpt>
      <trkpt lat="35.528394" lon="129.259329">
        <ele>36.4</ele>
      </trkpt>
      <trkpt lat="35.528434" lon="129.259305">
        <ele>38.7</ele>
      </trkpt>
      <trkpt lat="35.528446" lon="129.259268">
        <ele>41.4</ele>
      </trkpt>
      <trkpt lat="35.528479" lon="129.259267">
        <ele>37.1</ele>
      </trkpt>
      <trkpt lat="35.528516" lon="129.259237">
        <ele>37.5</ele>
      </trkpt>
      <trkpt lat="35.528554" lon="129.259206">
        <ele>37.9</ele>
      </trkpt>
      <trkpt lat="35.528591" lon="129.259176">
        <ele>38.3</ele>
      </trkpt>
      <trkpt lat="35.528629" lon="129.259145">
        <ele>38.8</ele>
      </trkpt>
      <trkpt lat="35.528666" lon="129.259115">
        <ele>39.2</ele>
      </trkpt>
      <trkpt lat="35.528704" lon="129.259084">
        <ele>39.6</ele>
      </trkpt>
      <trkpt lat="35.528741" lon="129.259053">
        <ele>40.1</ele>
      </trkpt>
      <trkpt lat="35.528779" lon="129.259023">
        <ele>40.5</ele>
      </trkpt>
      <trkpt lat="35.528816" lon="129.258992">
        <ele>40.9</ele>
      </trkpt>
      <trkpt lat="35.528854" lon="129.258962">
        <ele>41.3</ele>
      </trkpt>
      <trkpt lat="35.528889" lon="129.258927">
        <ele>41.6</ele>
      </trkpt>
      <trkpt lat="35.528922" lon="129.258891">
        <ele>41.9</ele>
      </trkpt>
      <trkpt lat="35.528956" lon="129.258854">
        <ele>42.1</ele>
      </trkpt>
      <trkpt lat="35.528989" lon="129.258817">
        <ele>42.3</ele>
      </trkpt>
      <trkpt lat="35.529023" lon="129.258780">
        <ele>42.5</ele>
      </trkpt>
      <trkpt lat="35.529056" lon="129.258743">
        <ele>42.7</ele>
      </trkpt>
      <trkpt lat="35.529090" lon="129.258707">
        <ele>42.9</ele>
      </trkpt>
      <trkpt lat="35.529123" lon="129.258670">
        <ele>43.2</ele>
      </trkpt>
      <trkpt lat="35.529157" lon="129.258633">
        <ele>43.4</ele>
      </trkpt>
      <trkpt lat="35.529191" lon="129.258596">
        <ele>43.6</ele>
      </trkpt>
      <trkpt lat="35.529224" lon="129.258560">
        <ele>43.8</ele>
      </trkpt>
      <trkpt lat="35.529258" lon="129.258523">
        <ele>44.0</ele>
      </trkpt>
      <trkpt lat="35.529291" lon="129.258486">
        <ele>44.2</ele>
      </trkpt>
      <trkpt lat="35.529325" lon="129.258449">
        <ele>44.5</ele>
      </trkpt>
      <trkpt lat="35.529358" lon="129.258412">
        <ele>44.7</ele>
      </trkpt>
      <trkpt lat="35.529392" lon="129.258376">
        <ele>44.8</ele>
      </trkpt>
      <trkpt lat="35.529426" lon="129.258340">
        <ele>44.8</ele>
      </trkpt>
      <trkpt lat="35.529460" lon="129.258303">
        <ele>44.8</ele>
      </trkpt>
      <trkpt lat="35.529494" lon="129.258267">
        <ele>44.8</ele>
      </trkpt>
      <trkpt lat="35.529528" lon="129.258231">
        <ele>44.9</ele>
      </trkpt>
      <trkpt lat="35.529562" lon="129.258195">
        <ele>44.9</ele>
      </trkpt>
      <trkpt lat="35.529596" lon="129.258158">
        <ele>44.9</ele>
      </trkpt>
      <trkpt lat="35.529630" lon="129.258122">
        <ele>44.9</ele>
      </trkpt>
      <trkpt lat="35.529664" lon="129.258086">
        <ele>44.9</ele>
      </trkpt>
      <trkpt lat="35.529698" lon="129.258050">
        <ele>44.9</ele>
      </trkpt>
      <trkpt lat="35.529731" lon="129.258013">
        <ele>44.9</ele>
      </trkpt>
      <trkpt lat="35.529765" lon="129.257977">
        <ele>44.9</ele>
      </trkpt>
      <trkpt lat="35.529799" lon="129.257941">
        <ele>44.9</ele>
      </trkpt>
      <trkpt lat="35.529833" lon="129.257905">
        <ele>45.0</ele>
      </trkpt>
      <trkpt lat="35.529867" lon="129.257868">
        <ele>45.0</ele>
      </trkpt>
      <trkpt lat="35.529901" lon="129.257832">
        <ele>45.0</ele>
      </trkpt>
      <trkpt lat="35.529935" lon="129.257796">
        <ele>45.0</ele>
      </trkpt>
      <trkpt lat="35.529969" lon="129.257760">
        <ele>45.0</ele>
      </trkpt>
      <trkpt lat="35.530003" lon="129.257724">
        <ele>45.1</ele>
      </trkpt>
      <trkpt lat="35.530038" lon="129.257689">
        <ele>45.2</ele>
      </trkpt>
      <trkpt lat="35.530072" lon="129.257653">
        <ele>45.3</ele>
      </trkpt>
      <trkpt lat="35.530107" lon="129.257618">
        <ele>45.4</ele>
      </trkpt>
      <trkpt lat="35.530141" lon="129.257582">
        <ele>45.5</ele>
      </trkpt>
      <trkpt lat="35.530176" lon="129.257547">
        <ele>45.6</ele>
      </trkpt>
      <trkpt lat="35.530210" lon="129.257511">
        <ele>45.7</ele>
      </trkpt>
      <trkpt lat="35.530245" lon="129.257476">
        <ele>45.8</ele>
      </trkpt>
      <trkpt lat="35.530279" lon="129.257441">
        <ele>45.9</ele>
      </trkpt>
      <trkpt lat="35.530314" lon="129.257405">
        <ele>46.1</ele>
      </trkpt>
      <trkpt lat="35.530348" lon="129.257370">
        <ele>46.2</ele>
      </trkpt>
      <trkpt lat="35.530383" lon="129.257334">
        <ele>46.3</ele>
      </trkpt>
      <trkpt lat="35.530417" lon="129.257299">
        <ele>46.4</ele>
      </trkpt>
      <trkpt lat="35.530452" lon="129.257263">
        <ele>46.5</ele>
      </trkpt>
      <trkpt lat="35.530486" lon="129.257228">
        <ele>46.6</ele>
      </trkpt>
      <trkpt lat="35.530521" lon="129.257193">
        <ele>46.7</ele>
      </trkpt>
      <trkpt lat="35.530555" lon="129.257157">
        <ele>46.8</ele>
      </trkpt>
      <trkpt lat="35.530590" lon="129.257122">
        <ele>46.9</ele>
      </trkpt>
      <trkpt lat="35.530624" lon="129.257086">
        <ele>47.0</ele>
      </trkpt>
      <trkpt lat="35.530659" lon="129.257051">
        <ele>47.2</ele>
      </trkpt>
      <trkpt lat="35.530693" lon="129.257015">
        <ele>47.3</ele>
      </trkpt>
      <trkpt lat="35.530728" lon="129.256980">
        <ele>47.4</ele>
      </trkpt>
      <trkpt lat="35.530762" lon="129.256945">
        <ele>47.5</ele>
      </trkpt>
      <trkpt lat="35.530797" lon="129.256909">
        <ele>47.6</ele>
      </trkpt>
      <trkpt lat="35.530831" lon="129.256874">
        <ele>47.7</ele>
      </trkpt>
      <trkpt lat="35.530866" lon="129.256838">
        <ele>47.8</ele>
      </trkpt>
      <trkpt lat="35.530900" lon="129.256803">
        <ele>47.9</ele>
      </trkpt>
      <trkpt lat="35.530935" lon="129.256767">
        <ele>48.0</ele>
      </trkpt>
      <trkpt lat="35.530969" lon="129.256732">
        <ele>48.1</ele>
      </trkpt>
      <trkpt lat="35.531004" lon="129.256696">
        <ele>48.2</ele>
      </trkpt>
      <trkpt lat="35.531037" lon="129.256659">
        <ele>48.4</ele>
      </trkpt>
      <trkpt lat="35.531069" lon="129.256620">
        <ele>48.7</ele>
      </trkpt>
      <trkpt lat="35.531101" lon="129.256581">
        <ele>49.0</ele>
      </trkpt>
      <trkpt lat="35.531133" lon="129.256543">
        <ele>49.3</ele>
      </trkpt>
      <trkpt lat="35.531164" lon="129.256503">
        <ele>49.5</ele>
      </trkpt>
      <trkpt lat="35.531193" lon="129.256460">
        <ele>49.6</ele>
      </trkpt>
      <trkpt lat="35.531221" lon="129.256417">
        <ele>49.7</ele>
      </trkpt>
      <trkpt lat="35.531249" lon="129.256374">
        <ele>49.9</ele>
      </trkpt>
      <trkpt lat="35.531278" lon="129.256331">
        <ele>50.0</ele>
      </trkpt>
      <trkpt lat="35.531304" lon="129.256286">
        <ele>50.0</ele>
      </trkpt>
      <trkpt lat="35.531328" lon="129.256240">
        <ele>49.9</ele>
      </trkpt>
      <trkpt lat="35.531352" lon="129.256193">
        <ele>49.9</ele>
      </trkpt>
      <trkpt lat="35.531376" lon="129.256147">
        <ele>49.8</ele>
      </trkpt>
      <trkpt lat="35.531401" lon="129.256100">
        <ele>49.8</ele>
      </trkpt>
      <trkpt lat="35.531423" lon="129.256052">
        <ele>49.5</ele>
      </trkpt>
      <trkpt lat="35.531445" lon="129.256004">
        <ele>49.2</ele>
      </trkpt>
      <trkpt lat="35.531467" lon="129.255956">
        <ele>48.9</ele>
      </trkpt>
      <trkpt lat="35.531489" lon="129.255908">
        <ele>48.6</ele>
      </trkpt>
      <trkpt lat="35.531511" lon="129.255860">
        <ele>48.3</ele>
      </trkpt>
      <trkpt lat="35.531529" lon="129.255809">
        <ele>48.2</ele>
      </trkpt>
      <trkpt lat="35.531547" lon="129.255758">
        <ele>48.2</ele>
      </trkpt>
      <trkpt lat="35.531565" lon="129.255708">
        <ele>48.1</ele>
      </trkpt>
      <trkpt lat="35.531583" lon="129.255657">
        <ele>48.0</ele>
      </trkpt>
      <trkpt lat="35.531607" lon="129.255613">
        <ele>47.9</ele>
      </trkpt>
      <trkpt lat="35.531645" lon="129.255584">
        <ele>47.6</ele>
      </trkpt>
      <trkpt lat="35.531685" lon="129.255558">
        <ele>47.4</ele>
      </trkpt>
      <trkpt lat="35.531727" lon="129.255540">
        <ele>47.9</ele>
      </trkpt>
      <trkpt lat="35.531771" lon="129.255530">
        <ele>48.4</ele>
      </trkpt>
      <trkpt lat="35.531816" lon="129.255525">
        <ele>48.9</ele>
      </trkpt>
      <trkpt lat="35.531860" lon="129.255534">
        <ele>49.3</ele>
      </trkpt>
      <trkpt lat="35.531901" lon="129.255556">
        <ele>49.7</ele>
      </trkpt>
      <trkpt lat="35.531942" lon="129.255579">
        <ele>50.2</ele>
      </trkpt>
      <trkpt lat="35.531976" lon="129.255614">
        <ele>50.6</ele>
      </trkpt>
      <trkpt lat="35.532006" lon="129.255656">
        <ele>50.9</ele>
      </trkpt>
      <trkpt lat="35.532030" lon="129.255702">
        <ele>51.0</ele>
      </trkpt>
      <trkpt lat="35.532041" lon="129.255722">
        <ele>51.0</ele>
      </trkpt>
      <trkpt lat="35.532053" lon="129.255771">
        <ele>51.1</ele>
      </trkpt>
      <trkpt lat="35.532063" lon="129.255825">
        <ele>51.3</ele>
      </trkpt>
      <trkpt lat="35.532072" lon="129.255879">
        <ele>51.6</ele>
      </trkpt>
      <trkpt lat="35.532082" lon="129.255933">
        <ele>51.9</ele>
      </trkpt>
      <trkpt lat="35.532085" lon="129.255988">
        <ele>52.1</ele>
      </trkpt>
      <trkpt lat="35.532084" lon="129.256043">
        <ele>52.4</ele>
      </trkpt>
      <trkpt lat="35.532083" lon="129.256098">
        <ele>52.7</ele>
      </trkpt>
      <trkpt lat="35.532082" lon="129.256154">
        <ele>52.9</ele>
      </trkpt>
      <trkpt lat="35.532081" lon="129.256209">
        <ele>53.2</ele>
      </trkpt>
      <trkpt lat="35.532080" lon="129.256264">
        <ele>53.4</ele>
      </trkpt>
      <trkpt lat="35.532079" lon="129.256319">
        <ele>53.7</ele>
      </trkpt>
      <trkpt lat="35.532078" lon="129.256375">
        <ele>53.9</ele>
      </trkpt>
      <trkpt lat="35.532077" lon="129.256430">
        <ele>54.2</ele>
      </trkpt>
      <trkpt lat="35.532076" lon="129.256485">
        <ele>54.4</ele>
      </trkpt>
      <trkpt lat="35.532075" lon="129.256540">
        <ele>54.7</ele>
      </trkpt>
      <trkpt lat="35.532074" lon="129.256596">
        <ele>54.9</ele>
      </trkpt>
      <trkpt lat="35.532073" lon="129.256651">
        <ele>55.2</ele>
      </trkpt>
      <trkpt lat="35.532072" lon="129.256706">
        <ele>55.4</ele>
      </trkpt>
      <trkpt lat="35.532071" lon="129.256761">
        <ele>55.7</ele>
      </trkpt>
      <trkpt lat="35.532070" lon="129.256817">
        <ele>55.9</ele>
      </trkpt>
      <trkpt lat="35.532069" lon="129.256872">
        <ele>56.2</ele>
      </trkpt>
      <trkpt lat="35.532068" lon="129.256927">
        <ele>56.4</ele>
      </trkpt>
      <trkpt lat="35.532067" lon="129.256982">
        <ele>56.7</ele>
      </trkpt>
      <trkpt lat="35.532066" lon="129.257037">
        <ele>56.9</ele>
      </trkpt>
      <trkpt lat="35.532066" lon="129.257093">
        <ele>57.0</ele>
      </trkpt>
      <trkpt lat="35.532066" lon="129.257148">
        <ele>56.9</ele>
      </trkpt>
      <trkpt lat="35.532066" lon="129.257203">
        <ele>56.8</ele>
      </trkpt>
      <trkpt lat="35.532065" lon="129.257259">
        <ele>56.8</ele>
      </trkpt>
      <trkpt lat="35.532065" lon="129.257314">
        <ele>56.7</ele>
      </trkpt>
      <trkpt lat="35.532065" lon="129.257369">
        <ele>56.6</ele>
      </trkpt>
      <trkpt lat="35.532065" lon="129.257424">
        <ele>56.6</ele>
      </trkpt>
      <trkpt lat="35.532065" lon="129.257480">
        <ele>56.5</ele>
      </trkpt>
      <trkpt lat="35.532065" lon="129.257535">
        <ele>56.5</ele>
      </trkpt>
      <trkpt lat="35.532065" lon="129.257590">
        <ele>56.4</ele>
      </trkpt>
      <trkpt lat="35.532065" lon="129.257645">
        <ele>56.3</ele>
      </trkpt>
      <trkpt lat="35.532064" lon="129.257701">
        <ele>56.3</ele>
      </trkpt>
      <trkpt lat="35.532064" lon="129.257756">
        <ele>56.2</ele>
      </trkpt>
      <trkpt lat="35.532064" lon="129.257811">
        <ele>56.2</ele>
      </trkpt>
      <trkpt lat="35.532064" lon="129.257866">
        <ele>56.1</ele>
      </trkpt>
      <trkpt lat="35.532064" lon="129.257922">
        <ele>56.0</ele>
      </trkpt>
      <trkpt lat="35.532064" lon="129.257977">
        <ele>56.0</ele>
      </trkpt>
      <trkpt lat="35.532064" lon="129.258032">
        <ele>55.9</ele>
      </trkpt>
      <trkpt lat="35.532063" lon="129.258087">
        <ele>55.9</ele>
      </trkpt>
      <trkpt lat="35.532063" lon="129.258143">
        <ele>55.8</ele>
      </trkpt>
      <trkpt lat="35.532063" lon="129.258198">
        <ele>55.7</ele>
      </trkpt>
      <trkpt lat="35.532063" lon="129.258253">
        <ele>55.7</ele>
      </trkpt>
      <trkpt lat="35.532063" lon="129.258308">
        <ele>55.6</ele>
      </trkpt>
      <trkpt lat="35.532063" lon="129.258364">
        <ele>55.5</ele>
      </trkpt>
      <trkpt lat="35.532063" lon="129.258419">
        <ele>55.5</ele>
      </trkpt>
      <trkpt lat="35.532062" lon="129.258474">
        <ele>55.4</ele>
      </trkpt>
      <trkpt lat="35.532062" lon="129.258529">
        <ele>55.4</ele>
      </trkpt>
      <trkpt lat="35.532062" lon="129.258585">
        <ele>55.3</ele>
      </trkpt>
      <trkpt lat="35.532062" lon="129.258640">
        <ele>55.2</ele>
      </trkpt>
      <trkpt lat="35.532062" lon="129.258695">
        <ele>55.2</ele>
      </trkpt>
      <trkpt lat="35.532062" lon="129.258750">
        <ele>55.1</ele>
      </trkpt>
      <trkpt lat="35.532062" lon="129.258806">
        <ele>55.1</ele>
      </trkpt>
      <trkpt lat="35.532062" lon="129.258861">
        <ele>55.0</ele>
      </trkpt>
      <trkpt lat="35.532061" lon="129.258916">
        <ele>54.9</ele>
      </trkpt>
      <trkpt lat="35.532061" lon="129.258971">
        <ele>54.9</ele>
      </trkpt>
      <trkpt lat="35.532061" lon="129.259027">
        <ele>54.8</ele>
      </trkpt>
      <trkpt lat="35.532061" lon="129.259082">
        <ele>54.7</ele>
      </trkpt>
      <trkpt lat="35.532061" lon="129.259137">
        <ele>54.7</ele>
      </trkpt>
      <trkpt lat="35.532061" lon="129.259192">
        <ele>54.6</ele>
      </trkpt>
      <trkpt lat="35.532061" lon="129.259248">
        <ele>54.6</ele>
      </trkpt>
      <trkpt lat="35.532060" lon="129.259303">
        <ele>54.5</ele>
      </trkpt>
      <trkpt lat="35.532060" lon="129.259358">
        <ele>54.4</ele>
      </trkpt>
      <trkpt lat="35.532060" lon="129.259413">
        <ele>54.4</ele>
      </trkpt>
      <trkpt lat="35.532060" lon="129.259469">
        <ele>54.3</ele>
      </trkpt>
      <trkpt lat="35.532060" lon="129.259523">
        <ele>54.3</ele>
      </trkpt>
      <trkpt lat="35.532060" lon="129.259578">
        <ele>54.2</ele>
      </trkpt>
      <trkpt lat="35.532060" lon="129.259634">
        <ele>53.9</ele>
      </trkpt>
      <trkpt lat="35.532059" lon="129.259689">
        <ele>53.6</ele>
      </trkpt>
      <trkpt lat="35.532059" lon="129.259744">
        <ele>53.3</ele>
      </trkpt>
      <trkpt lat="35.532059" lon="129.259799">
        <ele>53.0</ele>
      </trkpt>
      <trkpt lat="35.532059" lon="129.259855">
        <ele>52.8</ele>
      </trkpt>
      <trkpt lat="35.532058" lon="129.259910">
        <ele>52.6</ele>
      </trkpt>
      <trkpt lat="35.532058" lon="129.259965">
        <ele>52.4</ele>
      </trkpt>
      <trkpt lat="35.532057" lon="129.260020">
        <ele>52.1</ele>
      </trkpt>
      <trkpt lat="35.532057" lon="129.260076">
        <ele>51.9</ele>
      </trkpt>
      <trkpt lat="35.532057" lon="129.260131">
        <ele>51.7</ele>
      </trkpt>
      <trkpt lat="35.532056" lon="129.260186">
        <ele>51.5</ele>
      </trkpt>
      <trkpt lat="35.532056" lon="129.260241">
        <ele>51.3</ele>
      </trkpt>
      <trkpt lat="35.532056" lon="129.260297">
        <ele>51.1</ele>
      </trkpt>
      <trkpt lat="35.532055" lon="129.260352">
        <ele>50.9</ele>
      </trkpt>
      <trkpt lat="35.532055" lon="129.260407">
        <ele>50.7</ele>
      </trkpt>
      <trkpt lat="35.532056" lon="129.260462">
        <ele>50.6</ele>
      </trkpt>
      <trkpt lat="35.532058" lon="129.260518">
        <ele>50.5</ele>
      </trkpt>
      <trkpt lat="35.532059" lon="129.260573">
        <ele>50.3</ele>
      </trkpt>
      <trkpt lat="35.532060" lon="129.260628">
        <ele>50.2</ele>
      </trkpt>
      <trkpt lat="35.532061" lon="129.260683">
        <ele>50.0</ele>
      </trkpt>
      <trkpt lat="35.532062" lon="129.260739">
        <ele>49.9</ele>
      </trkpt>
      <trkpt lat="35.532063" lon="129.260794">
        <ele>49.7</ele>
      </trkpt>
      <trkpt lat="35.532064" lon="129.260849">
        <ele>49.6</ele>
      </trkpt>
      <trkpt lat="35.532065" lon="129.260904">
        <ele>49.5</ele>
      </trkpt>
      <trkpt lat="35.532066" lon="129.260960">
        <ele>49.3</ele>
      </trkpt>
      <trkpt lat="35.532067" lon="129.261015">
        <ele>49.2</ele>
      </trkpt>
      <trkpt lat="35.532068" lon="129.261070">
        <ele>49.0</ele>
      </trkpt>
      <trkpt lat="35.532069" lon="129.261125">
        <ele>49.0</ele>
      </trkpt>
      <trkpt lat="35.532071" lon="129.261180">
        <ele>48.9</ele>
      </trkpt>
      <trkpt lat="35.532073" lon="129.261236">
        <ele>48.9</ele>
      </trkpt>
      <trkpt lat="35.532075" lon="129.261291">
        <ele>48.8</ele>
      </trkpt>
      <trkpt lat="35.532078" lon="129.261346">
        <ele>48.7</ele>
      </trkpt>
      <trkpt lat="35.532081" lon="129.261401">
        <ele>48.7</ele>
      </trkpt>
      <trkpt lat="35.532084" lon="129.261456">
        <ele>48.6</ele>
      </trkpt>
      <trkpt lat="35.532088" lon="129.261511">
        <ele>48.5</ele>
      </trkpt>
      <trkpt lat="35.532091" lon="129.261566">
        <ele>48.5</ele>
      </trkpt>
      <trkpt lat="35.532095" lon="129.261621">
        <ele>48.5</ele>
      </trkpt>
      <trkpt lat="35.532100" lon="129.261676">
        <ele>48.5</ele>
      </trkpt>
      <trkpt lat="35.532104" lon="129.261731">
        <ele>48.6</ele>
      </trkpt>
      <trkpt lat="35.532109" lon="129.261786">
        <ele>48.6</ele>
      </trkpt>
      <trkpt lat="35.532113" lon="129.261841">
        <ele>48.6</ele>
      </trkpt>
      <trkpt lat="35.532117" lon="129.261896">
        <ele>48.6</ele>
      </trkpt>
      <trkpt lat="35.532122" lon="129.261951">
        <ele>48.6</ele>
      </trkpt>
      <trkpt lat="35.532126" lon="129.262006">
        <ele>48.6</ele>
      </trkpt>
      <trkpt lat="35.532131" lon="129.262061">
        <ele>48.6</ele>
      </trkpt>
      <trkpt lat="35.532135" lon="129.262116">
        <ele>48.7</ele>
      </trkpt>
      <trkpt lat="35.532139" lon="129.262171">
        <ele>48.7</ele>
      </trkpt>
      <trkpt lat="35.532144" lon="129.262226">
        <ele>48.7</ele>
      </trkpt>
      <trkpt lat="35.532148" lon="129.262281">
        <ele>48.7</ele>
      </trkpt>
      <trkpt lat="35.532153" lon="129.262336">
        <ele>48.7</ele>
      </trkpt>
      <trkpt lat="35.532157" lon="129.262391">
        <ele>48.7</ele>
      </trkpt>
      <trkpt lat="35.532161" lon="129.262446">
        <ele>48.8</ele>
      </trkpt>
      <trkpt lat="35.532166" lon="129.262501">
        <ele>48.8</ele>
      </trkpt>
      <trkpt lat="35.532170" lon="129.262556">
        <ele>48.8</ele>
      </trkpt>
      <trkpt lat="35.532176" lon="129.262611">
        <ele>48.8</ele>
      </trkpt>
      <trkpt lat="35.532182" lon="129.262666">
        <ele>48.8</ele>
      </trkpt>
      <trkpt lat="35.532188" lon="129.262721">
        <ele>48.8</ele>
      </trkpt>
      <trkpt lat="35.532194" lon="129.262775">
        <ele>48.8</ele>
      </trkpt>
      <trkpt lat="35.532203" lon="129.262830">
        <ele>48.7</ele>
      </trkpt>
      <trkpt lat="35.532213" lon="129.262883">
        <ele>48.6</ele>
      </trkpt>
      <trkpt lat="35.532222" lon="129.262937">
        <ele>48.4</ele>
      </trkpt>
      <trkpt lat="35.532232" lon="129.262991">
        <ele>48.3</ele>
      </trkpt>
      <trkpt lat="35.532242" lon="129.263045">
        <ele>48.1</ele>
      </trkpt>
      <trkpt lat="35.532242" lon="129.263087">
        <ele>48.0</ele>
      </trkpt>
      <trkpt lat="35.532257" lon="129.263129">
        <ele>48.0</ele>
      </trkpt>
      <trkpt lat="35.532267" lon="129.263183">
        <ele>48.0</ele>
      </trkpt>
      <trkpt lat="35.532280" lon="129.263235">
        <ele>47.9</ele>
      </trkpt>
      <trkpt lat="35.532296" lon="129.263287">
        <ele>47.6</ele>
      </trkpt>
      <trkpt lat="35.532312" lon="129.263339">
        <ele>47.4</ele>
      </trkpt>
      <trkpt lat="35.532328" lon="129.263391">
        <ele>47.1</ele>
      </trkpt>
      <trkpt lat="35.532344" lon="129.263442">
        <ele>46.9</ele>
      </trkpt>
      <trkpt lat="35.532360" lon="129.263494">
        <ele>46.6</ele>
      </trkpt>
      <trkpt lat="35.532375" lon="129.263546">
        <ele>46.4</ele>
      </trkpt>
      <trkpt lat="35.532393" lon="129.263597">
        <ele>46.1</ele>
      </trkpt>
      <trkpt lat="35.532411" lon="129.263647">
        <ele>45.7</ele>
      </trkpt>
      <trkpt lat="35.532430" lon="129.263698">
        <ele>45.4</ele>
      </trkpt>
      <trkpt lat="35.532448" lon="129.263748">
        <ele>45.0</ele>
      </trkpt>
      <trkpt lat="35.532467" lon="129.263798">
        <ele>44.7</ele>
      </trkpt>
      <trkpt lat="35.532489" lon="129.263846">
        <ele>44.4</ele>
      </trkpt>
      <trkpt lat="35.532510" lon="129.263895">
        <ele>44.2</ele>
      </trkpt>
      <trkpt lat="35.532532" lon="129.263944">
        <ele>43.9</ele>
      </trkpt>
      <trkpt lat="35.532555" lon="129.263991">
        <ele>43.6</ele>
      </trkpt>
      <trkpt lat="35.532579" lon="129.264037">
        <ele>43.3</ele>
      </trkpt>
      <trkpt lat="35.532603" lon="129.264084">
        <ele>43.0</ele>
      </trkpt>
      <trkpt lat="35.532628" lon="129.264130">
        <ele>42.7</ele>
      </trkpt>
      <trkpt lat="35.532652" lon="129.264177">
        <ele>42.4</ele>
      </trkpt>
      <trkpt lat="35.532678" lon="129.264222">
        <ele>42.2</ele>
      </trkpt>
      <trkpt lat="35.532704" lon="129.264267">
        <ele>41.9</ele>
      </trkpt>
      <trkpt lat="35.532730" lon="129.264312">
        <ele>41.7</ele>
      </trkpt>
      <trkpt lat="35.532757" lon="129.264356">
        <ele>41.5</ele>
      </trkpt>
      <trkpt lat="35.532786" lon="129.264398">
        <ele>41.2</ele>
      </trkpt>
      <trkpt lat="35.532815" lon="129.264441">
        <ele>41.0</ele>
      </trkpt>
      <trkpt lat="35.532844" lon="129.264483">
        <ele>40.7</ele>
      </trkpt>
      <trkpt lat="35.532874" lon="129.264524">
        <ele>40.4</ele>
      </trkpt>
      <trkpt lat="35.532905" lon="129.264564">
        <ele>40.2</ele>
      </trkpt>
      <trkpt lat="35.532936" lon="129.264603">
        <ele>39.9</ele>
      </trkpt>
      <trkpt lat="35.532968" lon="129.264643">
        <ele>39.6</ele>
      </trkpt>
      <trkpt lat="35.532999" lon="129.264682">
        <ele>39.4</ele>
      </trkpt>
      <trkpt lat="35.533031" lon="129.264722">
        <ele>39.1</ele>
      </trkpt>
      <trkpt lat="35.533062" lon="129.264761">
        <ele>38.8</ele>
      </trkpt>
      <trkpt lat="35.533094" lon="129.264800">
        <ele>38.5</ele>
      </trkpt>
      <trkpt lat="35.533126" lon="129.264839">
        <ele>38.2</ele>
      </trkpt>
      <trkpt lat="35.533158" lon="129.264878">
        <ele>37.9</ele>
      </trkpt>
      <trkpt lat="35.533190" lon="129.264918">
        <ele>37.5</ele>
      </trkpt>
      <trkpt lat="35.533223" lon="129.264954">
        <ele>37.2</ele>
      </trkpt>
      <trkpt lat="35.533257" lon="129.264990">
        <ele>36.9</ele>
      </trkpt>
      <trkpt lat="35.533292" lon="129.265026">
        <ele>36.6</ele>
      </trkpt>
      <trkpt lat="35.533327" lon="129.265060">
        <ele>36.5</ele>
      </trkpt>
      <trkpt lat="35.533363" lon="129.265093">
        <ele>36.5</ele>
      </trkpt>
      <trkpt lat="35.533399" lon="129.265126">
        <ele>36.5</ele>
      </trkpt>
      <trkpt lat="35.533436" lon="129.265158">
        <ele>36.6</ele>
      </trkpt>
      <trkpt lat="35.533474" lon="129.265188">
        <ele>36.7</ele>
      </trkpt>
      <trkpt lat="35.533511" lon="129.265218">
        <ele>36.8</ele>
      </trkpt>
      <trkpt lat="35.533546" lon="129.265254">
        <ele>36.9</ele>
      </trkpt>
      <trkpt lat="35.533579" lon="129.265291">
        <ele>36.9</ele>
      </trkpt>
      <trkpt lat="35.533610" lon="129.265330">
        <ele>37.0</ele>
      </trkpt>
      <trkpt lat="35.533635" lon="129.265376">
        <ele>37.1</ele>
      </trkpt>
      <trkpt lat="35.533659" lon="129.265423">
        <ele>37.2</ele>
      </trkpt>
      <trkpt lat="35.533675" lon="129.265473">
        <ele>37.5</ele>
      </trkpt>
      <trkpt lat="35.533671" lon="129.265511">
        <ele>37.7</ele>
      </trkpt>
      <trkpt lat="35.533684" lon="129.265552">
        <ele>37.8</ele>
      </trkpt>
      <trkpt lat="35.533685" lon="129.265607">
        <ele>38.1</ele>
      </trkpt>
      <trkpt lat="35.533687" lon="129.265662">
        <ele>38.4</ele>
      </trkpt>
      <trkpt lat="35.533686" lon="129.265718">
        <ele>38.6</ele>
      </trkpt>
      <trkpt lat="35.533684" lon="129.265773">
        <ele>38.9</ele>
      </trkpt>
      <trkpt lat="35.533683" lon="129.265828">
        <ele>39.2</ele>
      </trkpt>
      <trkpt lat="35.533681" lon="129.265883">
        <ele>39.4</ele>
      </trkpt>
      <trkpt lat="35.533680" lon="129.265939">
        <ele>39.7</ele>
      </trkpt>
      <trkpt lat="35.533678" lon="129.265994">
        <ele>39.9</ele>
      </trkpt>
      <trkpt lat="35.533676" lon="129.266049">
        <ele>40.2</ele>
      </trkpt>
      <trkpt lat="35.533675" lon="129.266104">
        <ele>40.4</ele>
      </trkpt>
      <trkpt lat="35.533673" lon="129.266159">
        <ele>40.7</ele>
      </trkpt>
      <trkpt lat="35.533671" lon="129.266215">
        <ele>40.9</ele>
      </trkpt>
      <trkpt lat="35.533670" lon="129.266270">
        <ele>41.2</ele>
      </trkpt>
      <trkpt lat="35.533668" lon="129.266325">
        <ele>41.4</ele>
      </trkpt>
      <trkpt lat="35.533667" lon="129.266380">
        <ele>41.7</ele>
      </trkpt>
      <trkpt lat="35.533666" lon="129.266436">
        <ele>41.9</ele>
      </trkpt>
      <trkpt lat="35.533666" lon="129.266491">
        <ele>42.2</ele>
      </trkpt>
      <trkpt lat="35.533666" lon="129.266546">
        <ele>42.4</ele>
      </trkpt>
      <trkpt lat="35.533665" lon="129.266601">
        <ele>42.6</ele>
      </trkpt>
      <trkpt lat="35.533665" lon="129.266657">
        <ele>42.9</ele>
      </trkpt>
      <trkpt lat="35.533665" lon="129.266712">
        <ele>43.1</ele>
      </trkpt>
      <trkpt lat="35.533665" lon="129.266767">
        <ele>43.3</ele>
      </trkpt>
      <trkpt lat="35.533665" lon="129.266822">
        <ele>43.6</ele>
      </trkpt>
      <trkpt lat="35.533665" lon="129.266878">
        <ele>43.8</ele>
      </trkpt>
      <trkpt lat="35.533664" lon="129.266933">
        <ele>44.0</ele>
      </trkpt>
      <trkpt lat="35.533664" lon="129.266988">
        <ele>44.2</ele>
      </trkpt>
      <trkpt lat="35.533664" lon="129.267043">
        <ele>44.5</ele>
      </trkpt>
      <trkpt lat="35.533664" lon="129.267099">
        <ele>44.7</ele>
      </trkpt>
      <trkpt lat="35.533664" lon="129.267154">
        <ele>44.9</ele>
      </trkpt>
      <trkpt lat="35.533663" lon="129.267209">
        <ele>45.2</ele>
      </trkpt>
      <trkpt lat="35.533663" lon="129.267264">
        <ele>45.4</ele>
      </trkpt>
      <trkpt lat="35.533663" lon="129.267320">
        <ele>45.6</ele>
      </trkpt>
      <trkpt lat="35.533663" lon="129.267375">
        <ele>45.8</ele>
      </trkpt>
      <trkpt lat="35.533663" lon="129.267430">
        <ele>46.1</ele>
      </trkpt>
      <trkpt lat="35.533663" lon="129.267485">
        <ele>46.3</ele>
      </trkpt>
      <trkpt lat="35.533662" lon="129.267541">
        <ele>46.5</ele>
      </trkpt>
      <trkpt lat="35.533662" lon="129.267596">
        <ele>46.8</ele>
      </trkpt>
      <trkpt lat="35.533662" lon="129.267651">
        <ele>47.0</ele>
      </trkpt>
      <trkpt lat="35.533662" lon="129.267706">
        <ele>47.2</ele>
      </trkpt>
      <trkpt lat="35.533662" lon="129.267762">
        <ele>47.5</ele>
      </trkpt>
      <trkpt lat="35.533662" lon="129.267817">
        <ele>47.7</ele>
      </trkpt>
      <trkpt lat="35.533661" lon="129.267872">
        <ele>47.9</ele>
      </trkpt>
      <trkpt lat="35.533661" lon="129.267927">
        <ele>48.1</ele>
      </trkpt>
      <trkpt lat="35.533661" lon="129.267983">
        <ele>48.4</ele>
      </trkpt>
      <trkpt lat="35.533661" lon="129.268038">
        <ele>48.6</ele>
      </trkpt>
      <trkpt lat="35.533661" lon="129.268093">
        <ele>48.8</ele>
      </trkpt>
      <trkpt lat="35.533661" lon="129.268148">
        <ele>49.1</ele>
      </trkpt>
      <trkpt lat="35.533660" lon="129.268204">
        <ele>49.3</ele>
      </trkpt>
      <trkpt lat="35.533660" lon="129.268259">
        <ele>49.5</ele>
      </trkpt>
      <trkpt lat="35.533660" lon="129.268314">
        <ele>49.7</ele>
      </trkpt>
      <trkpt lat="35.533657" lon="129.268369">
        <ele>50.0</ele>
      </trkpt>
      <trkpt lat="35.533652" lon="129.268424">
        <ele>50.2</ele>
      </trkpt>
      <trkpt lat="35.533646" lon="129.268479">
        <ele>50.5</ele>
      </trkpt>
      <trkpt lat="35.533637" lon="129.268533">
        <ele>50.8</ele>
      </trkpt>
      <trkpt lat="35.533627" lon="129.268587">
        <ele>51.1</ele>
      </trkpt>
      <trkpt lat="35.533613" lon="129.268639">
        <ele>51.2</ele>
      </trkpt>
      <trkpt lat="35.533596" lon="129.268690">
        <ele>51.5</ele>
      </trkpt>
      <trkpt lat="35.533577" lon="129.268740">
        <ele>51.8</ele>
      </trkpt>
      <trkpt lat="35.533552" lon="129.268787">
        <ele>51.9</ele>
      </trkpt>
      <trkpt lat="35.533527" lon="129.268832">
        <ele>51.9</ele>
      </trkpt>
      <trkpt lat="35.533502" lon="129.268878">
        <ele>52.0</ele>
      </trkpt>
      <trkpt lat="35.533471" lon="129.268918">
        <ele>51.9</ele>
      </trkpt>
      <trkpt lat="35.533438" lon="129.268955">
        <ele>51.8</ele>
      </trkpt>
      <trkpt lat="35.533401" lon="129.268987">
        <ele>51.8</ele>
      </trkpt>
      <trkpt lat="35.533362" lon="129.269014">
        <ele>51.8</ele>
      </trkpt>
      <trkpt lat="35.533322" lon="129.269039">
        <ele>51.8</ele>
      </trkpt>
      <trkpt lat="35.533281" lon="129.269063">
        <ele>51.8</ele>
      </trkpt>
      <trkpt lat="35.533241" lon="129.269088">
        <ele>51.9</ele>
      </trkpt>
      <trkpt lat="35.533201" lon="129.269112">
        <ele>52.2</ele>
      </trkpt>
      <trkpt lat="35.533160" lon="129.269136">
        <ele>52.5</ele>
      </trkpt>
      <trkpt lat="35.533117" lon="129.269153">
        <ele>53.0</ele>
      </trkpt>
      <trkpt lat="35.533099" lon="129.269160">
        <ele>52.6</ele>
      </trkpt>
      <trkpt lat="35.533056" lon="129.269176">
        <ele>52.9</ele>
      </trkpt>
      <trkpt lat="35.533012" lon="129.269187">
        <ele>53.3</ele>
      </trkpt>
      <trkpt lat="35.532968" lon="129.269197">
        <ele>53.6</ele>
      </trkpt>
      <trkpt lat="35.532923" lon="129.269202">
        <ele>53.9</ele>
      </trkpt>
      <trkpt lat="35.532878" lon="129.269200">
        <ele>54.0</ele>
      </trkpt>
      <trkpt lat="35.532833" lon="129.269199">
        <ele>54.2</ele>
      </trkpt>
      <trkpt lat="35.532788" lon="129.269198">
        <ele>54.3</ele>
      </trkpt>
      <trkpt lat="35.532743" lon="129.269197">
        <ele>54.5</ele>
      </trkpt>
      <trkpt lat="35.532698" lon="129.269196">
        <ele>54.6</ele>
      </trkpt>
      <trkpt lat="35.532653" lon="129.269195">
        <ele>54.8</ele>
      </trkpt>
      <trkpt lat="35.532608" lon="129.269192">
        <ele>54.9</ele>
      </trkpt>
      <trkpt lat="35.532564" lon="129.269188">
        <ele>55.0</ele>
      </trkpt>
      <trkpt lat="35.532519" lon="129.269185">
        <ele>55.1</ele>
      </trkpt>
      <trkpt lat="35.532474" lon="129.269181">
        <ele>55.3</ele>
      </trkpt>
      <trkpt lat="35.532429" lon="129.269181">
        <ele>55.4</ele>
      </trkpt>
      <trkpt lat="35.532384" lon="129.269181">
        <ele>55.6</ele>
      </trkpt>
      <trkpt lat="35.532339" lon="129.269182">
        <ele>55.8</ele>
      </trkpt>
      <trkpt lat="35.532296" lon="129.269197">
        <ele>56.1</ele>
      </trkpt>
      <trkpt lat="35.532252" lon="129.269212">
        <ele>56.4</ele>
      </trkpt>
      <trkpt lat="35.532209" lon="129.269227">
        <ele>56.7</ele>
      </trkpt>
      <trkpt lat="35.532166" lon="129.269242">
        <ele>56.9</ele>
      </trkpt>
      <trkpt lat="35.532123" lon="129.269257">
        <ele>57.2</ele>
      </trkpt>
      <trkpt lat="35.532079" lon="129.269272">
        <ele>57.5</ele>
      </trkpt>
      <trkpt lat="35.532036" lon="129.269287">
        <ele>57.8</ele>
      </trkpt>
      <trkpt lat="35.531993" lon="129.269302">
        <ele>58.1</ele>
      </trkpt>
      <trkpt lat="35.531949" lon="129.269317">
        <ele>58.3</ele>
      </trkpt>
      <trkpt lat="35.531906" lon="129.269332">
        <ele>58.6</ele>
      </trkpt>
      <trkpt lat="35.531863" lon="129.269347">
        <ele>58.9</ele>
      </trkpt>
      <trkpt lat="35.531820" lon="129.269362">
        <ele>59.2</ele>
      </trkpt>
      <trkpt lat="35.531776" lon="129.269377">
        <ele>59.5</ele>
      </trkpt>
      <trkpt lat="35.531733" lon="129.269393">
        <ele>59.8</ele>
      </trkpt>
      <trkpt lat="35.531690" lon="129.269409">
        <ele>60.2</ele>
      </trkpt>
      <trkpt lat="35.531647" lon="129.269425">
        <ele>60.5</ele>
      </trkpt>
      <trkpt lat="35.531604" lon="129.269440">
        <ele>60.8</ele>
      </trkpt>
      <trkpt lat="35.531561" lon="129.269458">
        <ele>61.3</ele>
      </trkpt>
      <trkpt lat="35.531519" lon="129.269477">
        <ele>61.8</ele>
      </trkpt>
      <trkpt lat="35.531477" lon="129.269497">
        <ele>62.4</ele>
      </trkpt>
      <trkpt lat="35.531435" lon="129.269516">
        <ele>62.9</ele>
      </trkpt>
      <trkpt lat="35.531393" lon="129.269536">
        <ele>63.5</ele>
      </trkpt>
      <trkpt lat="35.531352" lon="129.269557">
        <ele>64.1</ele>
      </trkpt>
      <trkpt lat="35.531313" lon="129.269585">
        <ele>64.6</ele>
      </trkpt>
      <trkpt lat="35.531274" lon="129.269613">
        <ele>65.1</ele>
      </trkpt>
      <trkpt lat="35.531235" lon="129.269641">
        <ele>65.6</ele>
      </trkpt>
      <trkpt lat="35.531197" lon="129.269669">
        <ele>66.1</ele>
      </trkpt>
      <trkpt lat="35.531159" lon="129.269699">
        <ele>66.6</ele>
      </trkpt>
      <trkpt lat="35.531127" lon="129.269738">
        <ele>67.0</ele>
      </trkpt>
      <trkpt lat="35.531095" lon="129.269777">
        <ele>67.4</ele>
      </trkpt>
      <trkpt lat="35.531065" lon="129.269817">
        <ele>67.5</ele>
      </trkpt>
      <trkpt lat="35.531044" lon="129.269866">
        <ele>67.8</ele>
      </trkpt>
      <trkpt lat="35.531026" lon="129.269916">
        <ele>68.2</ele>
      </trkpt>
      <trkpt lat="35.531020" lon="129.269954">
        <ele>68.1</ele>
      </trkpt>
      <trkpt lat="35.531015" lon="129.270008">
        <ele>68.3</ele>
      </trkpt>
      <trkpt lat="35.531018" lon="129.270063">
        <ele>68.6</ele>
      </trkpt>
      <trkpt lat="35.531022" lon="129.270118">
        <ele>68.9</ele>
      </trkpt>
      <trkpt lat="35.531032" lon="129.270172">
        <ele>69.1</ele>
      </trkpt>
      <trkpt lat="35.531045" lon="129.270225">
        <ele>69.3</ele>
      </trkpt>
      <trkpt lat="35.531058" lon="129.270278">
        <ele>69.5</ele>
      </trkpt>
      <trkpt lat="35.531071" lon="129.270331">
        <ele>69.8</ele>
      </trkpt>
      <trkpt lat="35.531084" lon="129.270384">
        <ele>70.0</ele>
      </trkpt>
      <trkpt lat="35.531097" lon="129.270437">
        <ele>70.2</ele>
      </trkpt>
      <trkpt lat="35.531110" lon="129.270489">
        <ele>70.4</ele>
      </trkpt>
      <trkpt lat="35.531123" lon="129.270542">
        <ele>70.6</ele>
      </trkpt>
      <trkpt lat="35.531135" lon="129.270595">
        <ele>70.8</ele>
      </trkpt>
      <trkpt lat="35.531148" lon="129.270648">
        <ele>71.0</ele>
      </trkpt>
      <trkpt lat="35.531161" lon="129.270701">
        <ele>71.2</ele>
      </trkpt>
      <trkpt lat="35.531174" lon="129.270754">
        <ele>71.4</ele>
      </trkpt>
      <trkpt lat="35.531187" lon="129.270807">
        <ele>71.6</ele>
      </trkpt>
      <trkpt lat="35.531200" lon="129.270860">
        <ele>71.8</ele>
      </trkpt>
      <trkpt lat="35.531213" lon="129.270913">
        <ele>71.9</ele>
      </trkpt>
      <trkpt lat="35.531226" lon="129.270966">
        <ele>71.9</ele>
      </trkpt>
      <trkpt lat="35.531239" lon="129.271019">
        <ele>72.0</ele>
      </trkpt>
      <trkpt lat="35.531251" lon="129.271072">
        <ele>72.1</ele>
      </trkpt>
      <trkpt lat="35.531264" lon="129.271125">
        <ele>72.1</ele>
      </trkpt>
      <trkpt lat="35.531277" lon="129.271178">
        <ele>72.2</ele>
      </trkpt>
      <trkpt lat="35.531290" lon="129.271231">
        <ele>72.3</ele>
      </trkpt>
      <trkpt lat="35.531302" lon="129.271284">
        <ele>72.3</ele>
      </trkpt>
      <trkpt lat="35.531315" lon="129.271337">
        <ele>72.4</ele>
      </trkpt>
      <trkpt lat="35.531328" lon="129.271390">
        <ele>72.5</ele>
      </trkpt>
      <trkpt lat="35.531340" lon="129.271443">
        <ele>72.5</ele>
      </trkpt>
      <trkpt lat="35.531353" lon="129.271496">
        <ele>72.6</ele>
      </trkpt>
      <trkpt lat="35.531366" lon="129.271549">
        <ele>72.6</ele>
      </trkpt>
      <trkpt lat="35.531379" lon="129.271602">
        <ele>72.7</ele>
      </trkpt>
      <trkpt lat="35.531391" lon="129.271655">
        <ele>72.8</ele>
      </trkpt>
      <trkpt lat="35.531418" lon="129.271697">
        <ele>72.8</ele>
      </trkpt>
      <trkpt lat="35.531452" lon="129.271733">
        <ele>72.8</ele>
      </trkpt>
      <trkpt lat="35.531486" lon="129.271769">
        <ele>72.8</ele>
      </trkpt>
      <trkpt lat="35.531520" lon="129.271805">
        <ele>72.8</ele>
      </trkpt>
      <trkpt lat="35.531550" lon="129.271829">
        <ele>72.7</ele>
      </trkpt>
      <trkpt lat="35.531594" lon="129.271817">
        <ele>71.9</ele>
      </trkpt>
      <trkpt lat="35.531638" lon="129.271806">
        <ele>71.1</ele>
      </trkpt>
      <trkpt lat="35.531682" lon="129.271816">
        <ele>71.3</ele>
      </trkpt>
      <trkpt lat="35.531707" lon="129.271854">
        <ele>72.0</ele>
      </trkpt>
      <trkpt lat="35.531721" lon="129.271900">
        <ele>72.7</ele>
      </trkpt>
      <trkpt lat="35.531733" lon="129.271953">
        <ele>74.0</ele>
      </trkpt>
      <trkpt lat="35.531744" lon="129.272007">
        <ele>75.4</ele>
      </trkpt>
      <trkpt lat="35.531755" lon="129.272060">
        <ele>76.7</ele>
      </trkpt>
      <trkpt lat="35.531767" lon="129.272114">
        <ele>78.0</ele>
      </trkpt>
      <trkpt lat="35.531776" lon="129.272158">
        <ele>76.3</ele>
      </trkpt>
      <trkpt lat="35.531788" lon="129.272211">
        <ele>77.1</ele>
      </trkpt>
      <trkpt lat="35.531800" lon="129.272265">
        <ele>77.9</ele>
      </trkpt>
      <trkpt lat="35.531798" lon="129.272305">
        <ele>78.4</ele>
      </trkpt>
      <trkpt lat="35.531812" lon="129.272320">
        <ele>76.7</ele>
      </trkpt>
      <trkpt lat="35.531857" lon="129.272316">
        <ele>73.4</ele>
      </trkpt>
      <trkpt lat="35.531902" lon="129.272312">
        <ele>70.0</ele>
      </trkpt>
      <trkpt lat="35.531942" lon="129.272309">
        <ele>67.0</ele>
      </trkpt>
    </trkseg>
  </trk>
</gpx>